filepath,split,source_doc,class_index,class_name,bill_label,source,doc_category,collection,doc_name,page_no,upstream_file,sha256
data/raw/doclaynet_hard_negatives/doclaynet_train_06e1b7c19294b841ad15.png,train,doclaynet:NYSE_RGA_2003.pdf,2,structured_document,0,doclaynet,financial_reports,ann_reports_00_04_fancy,NYSE_RGA_2003.pdf,6,53c9e19e4bcef9fd485cee8ee6903a5bdaaae3b622e3507dbf174e7258e3153f.png,0822da8cba8be6eeadda3a5e28d3d1232e4a911253dbaddf7c759a4eb9844692
data/raw/doclaynet_hard_negatives/doclaynet_train_f37af97a383fdce35f7b.png,train,doclaynet:NYSE_ZBH_2003.pdf,2,structured_document,0,doclaynet,financial_reports,ann_reports_00_04_fancy,NYSE_ZBH_2003.pdf,50,ad204b60ae0efdec951f17135cdd0d077d3f256565b74c577ecc551c71c96fe1.png,2b2e06ce71c78e41f9bf3a0c64a4b012a7f73904563d14d81ad18f37eb0f5a0c
data/raw/doclaynet_hard_negatives/doclaynet_train_d5b5c0a216bec2515c45.png,train,doclaynet:0001558370-20-001334_20200225x10k.pdf,2,structured_document,0,doclaynet,financial_reports,sec_filings,0001558370-20-001334_20200225x10k.pdf,18,1a5b26b37832531567ec47d47bc0ae9d795d6e87db39ac6de0b21f9f81ec3c3f.png,4da960b27a6a7db3a1c916551b612a7fe8260253309ff221308a446e7b5199f9
data/raw/doclaynet_hard_negatives/doclaynet_train_ed8bfd47442e3577791d.png,train,doclaynet:NYSE_RDN_2001.pdf,2,structured_document,0,doclaynet,financial_reports,ann_reports_00_04_fancy,NYSE_RDN_2001.pdf,11,e9409e18fd4e15f9873aaa1a027695a844300a15ab338614cda8713f5f63c246.png,0a533b9b41826c4b8e749914c62c951c2d2f28c6c3f5ee7714246ec5568b1c28
data/raw/doclaynet_hard_negatives/doclaynet_train_f28d036e76be757ce925.png,train,doclaynet:NASDAQ_BRKS_2001.pdf,2,structured_document,0,doclaynet,financial_reports,ann_reports_00_04_fancy,NASDAQ_BRKS_2001.pdf,0,466ae11ad1ac9d9c12fdeec10edbc2bfb51d915ac24c625fc57018d75412d210.png,9d2391717ffd2b5c980d1ca16e8b432f422ddfeb899764c1e1d4a93da6e27b95
data/raw/doclaynet_hard_negatives/doclaynet_train_072ffbe49108b496056f.png,train,doclaynet:ASX_MLX_2011.pdf,2,structured_document,0,doclaynet,financial_reports,ann_reports_10_14_fancy,ASX_MLX_2011.pdf,81,1da3bf13d1850e6d7e939ee106b53f4b2157c799b289bc2ce065d4879dae7b2b.png,ac50f3b8a8d1ca2b487c60f52a3fbbd0333a432899d7db1a041a36ca0de56411
data/raw/doclaynet_hard_negatives/doclaynet_train_e3880bf4829ce54a4000.png,train,doclaynet:NYSE_EL_2003.pdf,2,structured_document,0,doclaynet,financial_reports,ann_reports_00_04_fancy,NYSE_EL_2003.pdf,14,ab5b916c20ea6149c9f2a3487e1bbb98665a195327938b57a0fa8ead9b2e26ca.png,9d26981ea6f539af7656da12546459cf842b39095fef1e2020f0bb7d2366b1d2
data/raw/doclaynet_hard_negatives/doclaynet_train_bdcf9db5855610b393da.png,train,doclaynet:ASX_AGK.AX_2011.pdf,2,structured_document,0,doclaynet,financial_reports,ann_reports_10_14_fancy,ASX_AGK.AX_2011.pdf,11,7adfdf7a297c84df8264147a3f2e160bdca6c7834a53f7060d176e172c0b9704.png,56b7999b822455fb12a55261ad5c0993d9866a3867df5d991ce88060dd7f861e
data/raw/doclaynet_hard_negatives/doclaynet_train_24f7cf85f93f128b1fb1.png,train,doclaynet:NYSE_CBK_2013.pdf,2,structured_document,0,doclaynet,financial_reports,ann_reports_10_14_fancy,NYSE_CBK_2013.pdf,5,1e41613270bbcaf892537b48b8981ffec01f764cb736b4c1fe2e929d2bb6e3f9.png,2d1f9f0a396de0295f7c6a7321c937d0fc07314feed4f17ee9b0cbb52f61c0f8
data/raw/doclaynet_hard_negatives/doclaynet_train_3c89afeaa8e05b6bc41e.png,train,doclaynet:0000014195-19-000027_20190827x10k.pdf,2,structured_document,0,doclaynet,financial_reports,sec_filings,0000014195-19-000027_20190827x10k.pdf,2,4145bcec981d74f69677f0e6d3d80466b7af89966e8ae5aee2ecec87eca698df.png,be2c47e441f0225ecdd93785cea4eff627975877a0bca5ff44c387cc46f5cf2b
data/raw/doclaynet_hard_negatives/doclaynet_train_993decb17258d42ddcee.png,train,doclaynet:NYSE_TCK_2012.pdf,2,structured_document,0,doclaynet,financial_reports,ann_reports_10_14_fancy,NYSE_TCK_2012.pdf,81,4fa98bdb41c1332638f5184f66cba273b3567187bd5ae495806f9ff4b980f3bc.png,1313dbe75fd0b04996081013d8c9885bc0c0b5e56b44fa11772af159ae07d6a2
data/raw/doclaynet_hard_negatives/doclaynet_train_3e3599d48c6bdd144b20.png,train,doclaynet:NASDAQ_WWD_2002.pdf,2,structured_document,0,doclaynet,financial_reports,ann_reports_00_04_fancy,NASDAQ_WWD_2002.pdf,45,ec38dbc3d12e0bc3c24838687cb01643ad43d61ff94e1c94f32e9a2890101c84.png,2f939b0deee9f79bbd55275f4cf0c90acf5a32830565a022606cbe14e2e40e2b
data/raw/doclaynet_hard_negatives/doclaynet_train_84424b9e15cc4c3fea13.png,train,doclaynet:NYSE_PNM_2003.pdf,2,structured_document,0,doclaynet,financial_reports,ann_reports_00_04_fancy,NYSE_PNM_2003.pdf,9,03b5704d4b5b1749e0dba2243c0020bb5f49b4fd7c65d38d72086c9acf78f0d6.png,72d15b163e257f37c38dd7f4f052cd7a7f4ebe0e6502128a0fb6cdf14bb1d79d
data/raw/doclaynet_hard_negatives/doclaynet_train_6545d27be4c0f24002a1.png,train,doclaynet:0000006951-19-000046_20191213x10k.pdf,2,structured_document,0,doclaynet,financial_reports,sec_filings,0000006951-19-000046_20191213x10k.pdf,52,af9d11bf97eaa1186c6653fd2e5a7ab859de842480678afc0ea210e4cfe6d25b.png,f3acb210f59ad6a3c7483a4334b5af2a4d87eda4eb50b6eed10d2ebd8dc76efa
data/raw/doclaynet_hard_negatives/doclaynet_train_80fcd303cae221713ca1.png,train,doclaynet:0000030625-19-000009_20190220x10k.pdf,2,structured_document,0,doclaynet,financial_reports,sec_filings,0000030625-19-000009_20190220x10k.pdf,105,9db06ab87fb9aafed75943ace9960d8db155ee64dc2b2c9897f446f27d7b236d.png,dbac84bc1bee261c61b134342413c4130427b42fe52907fa5cec5bed77fea57d
data/raw/doclaynet_hard_negatives/doclaynet_train_176eee06fe40b345e63d.png,train,doclaynet:NYSE_BRC_2003.pdf,2,structured_document,0,doclaynet,financial_reports,ann_reports_00_04_fancy,NYSE_BRC_2003.pdf,11,d2c402c42a27f21861de0eebf71d99e4b03910a46a68e63c63daa852bc830b08.png,021570b0598fbbfede05f2347e5b6548e535417584bb476ab69a560c50c578b4
data/raw/doclaynet_hard_negatives/doclaynet_train_f35ddcbbdaf8eb2ecc84.png,train,doclaynet:0000038009-21-000015_20210204x10k.pdf,2,structured_document,0,doclaynet,financial_reports,sec_filings,0000038009-21-000015_20210204x10k.pdf,72,ec57ef89e7295dced587ca2664c0475c92297d8459a56c638886c6e6a9fee026.png,2f34705927b4d73d965dfcd60a49e7c84e89be3b0701e979f775e23448574893
data/raw/doclaynet_hard_negatives/doclaynet_train_14f7c2709b7c3a1ea140.png,train,doclaynet:NASDAQ_CPIX_2014.pdf,2,structured_document,0,doclaynet,financial_reports,ann_reports_10_14_fancy,NASDAQ_CPIX_2014.pdf,8,79cc0f70b1c301327b5c2a4017a83d7110e9c7e79dd1db8b0c595acb14bb8d41.png,ce059fa49b571c920bcd506536bb4a53cd560d1479ef0702566e38e1c1ee1f71
data/raw/doclaynet_hard_negatives/doclaynet_train_5e2425f8c929ff9259e7.png,train,doclaynet:TSX_RSI_2013.pdf,2,structured_document,0,doclaynet,financial_reports,ann_reports_10_14_fancy,TSX_RSI_2013.pdf,32,b1072e959dd6c8d1d77c832c26a45117fab8d80501ac23f62d9d5b70786570ff.png,cbb6f660fa21a7ce5d24bd8c232d0ea338da1585e3acfe6a18b8b7090a9f21dc
data/raw/doclaynet_hard_negatives/doclaynet_train_a4fdbcee596d71348484.png,train,doclaynet:NYSE_CI_2012.pdf,2,structured_document,0,doclaynet,financial_reports,ann_reports_10_14_fancy,NYSE_CI_2012.pdf,77,82e0b2c59274e3a6135b2a5435a7f9061c28114ae4eea71862edc6e610949246.png,9504235af1cbbda0fa5c29fb1e5b091c0e1545770ee172ca882fb77319d4bd47
data/raw/doclaynet_hard_negatives/doclaynet_train_0b5e489a5efa9b5cb57a.png,train,doclaynet:NASDAQ_MAR_2001.pdf,2,structured_document,0,doclaynet,financial_reports,ann_reports_00_04_fancy,NASDAQ_MAR_2001.pdf,21,f58d5b044f9baea08814ab62d1b9524d86a39c18f068e155506525c9c85bea5f.png,5c53597fac8e4606fd8a649c6cf0bc1c905bd6c8a4116dbe1c20565332c349b1
data/raw/doclaynet_hard_negatives/doclaynet_train_8236ee7bb891035647e8.png,train,doclaynet:NYSE_STZ_2004.pdf,2,structured_document,0,doclaynet,financial_reports,ann_reports_00_04_fancy,NYSE_STZ_2004.pdf,66,d330b91c268ac2b930f037be5367d8d9174eda49139a2a78bed3f67b5d0ead84.png,2e644bd6c03ca38d4cfd0645ff20418c1c73288fb4f0a43a9d817c7b43dec13e
data/raw/doclaynet_hard_negatives/doclaynet_train_f5feaf7b074707a283cd.png,train,doclaynet:NASDAQ_MANH_2003.pdf,2,structured_document,0,doclaynet,financial_reports,ann_reports_00_04_fancy,NASDAQ_MANH_2003.pdf,15,59345e4d5cc60078239b2533654fcbadd004c056d7c30a4c06985cc2441505d0.png,5231ad15d65d0052004bb51a2c37c5a6896ce24302788bafc299d07b01cb2965
data/raw/doclaynet_hard_negatives/doclaynet_train_ec71af076675b221ef16.png,train,doclaynet:0000004281-20-000038_20200226x10k.pdf,2,structured_document,0,doclaynet,financial_reports,sec_filings,0000004281-20-000038_20200226x10k.pdf,22,dca46a095f8d7937752e6cfe0bbfff1f3356e0143cda5ead07292146e959084d.png,6d9d426e4beedf65a6006e53595e26882d6c639dbeaaa36d5dd3296794299984
data/raw/doclaynet_hard_negatives/doclaynet_train_49646913460bee16c9ea.png,train,doclaynet:TSX_AD_2013.pdf,2,structured_document,0,doclaynet,financial_reports,ann_reports_10_14_fancy,TSX_AD_2013.pdf,64,ccbdd92110dd86c8f0c4f029624c584a8ff5ed8e56b92c8e7737d79b03f030d1.png,aa7e111553621afa178d915f1986729a73adea87bc7f59659ce7d513fed31684
data/raw/doclaynet_hard_negatives/doclaynet_train_658042eb9d7b2323f884.png,train,doclaynet:NYSE_DOX_2013.pdf,2,structured_document,0,doclaynet,financial_reports,ann_reports_10_14_fancy,NYSE_DOX_2013.pdf,118,a3d92bc14f9aeddd13d7510cd983b689791eee906181963287b75cdea15adfc6.png,e0565d7d499836b2cec99584bf439e57dd3286d98805fb975f9f8f53c564ee4d
data/raw/doclaynet_hard_negatives/doclaynet_train_459c42b8032731cdfeee.png,train,doclaynet:NYSE_NYT_2014.pdf,2,structured_document,0,doclaynet,financial_reports,ann_reports_10_14_fancy,NYSE_NYT_2014.pdf,120,7b711de8e6a8fda5a4b80422b2b606d5484e97300b225ca8fa045addd1317e6d.png,610cd0b40f18498c0f8991e2309254748e83d59cb40685787b2ce171c47f8ac5
data/raw/doclaynet_hard_negatives/doclaynet_train_233555d9e09d52132ef7.png,train,doclaynet:NYSE_AGN_2003.pdf,2,structured_document,0,doclaynet,financial_reports,ann_reports_00_04_fancy,NYSE_AGN_2003.pdf,31,e564fdf60a7b3bebb56f5e807aa3488703a6cf6c5dcbffe71264209a8a41d1d9.png,299ec7b8ac7a5ae999cf2b5ecdf159d67752807a1777e8950ef247f042e4388c
data/raw/doclaynet_hard_negatives/doclaynet_train_776bf46fee2d94b2d6e9.png,train,doclaynet:NYSE_NNN_2013.pdf,2,structured_document,0,doclaynet,financial_reports,ann_reports_10_14_fancy,NYSE_NNN_2013.pdf,67,10366361cc86e882cf4b86313bb05d5965d8c5df71c51861ba4f6d5b8fdcf6c2.png,25f56e43beea76067a0b06dfa2cc6e8514a957b3b1e101ebcd20726c47e2931d
data/raw/doclaynet_hard_negatives/doclaynet_train_b6f2d3cd017d8f11575a.png,train,doclaynet:NASDAQ_DLGS_2012.pdf,2,structured_document,0,doclaynet,financial_reports,ann_reports_10_14_fancy,NASDAQ_DLGS_2012.pdf,31,90eaef9f1295313864738c911b05163a10264414169564176fa27b56866abd6f.png,2f83f6c77946ec551db8337ceb9999b8100220730365acb131c931ef3dd5c881
data/raw/doclaynet_hard_negatives/doclaynet_train_021448aca225a8222549.png,train,doclaynet:NYSE_MOG.A_2003.pdf,2,structured_document,0,doclaynet,financial_reports,ann_reports_00_04_fancy,NYSE_MOG.A_2003.pdf,13,3c22ad433543e1139a6d3b3cef239a9938365c66a7378d69ad6220ab51ea1ef3.png,f79baace69b79e6828e970f807aa0bf16d02cba84972c41c0a64aff298747fef
data/raw/doclaynet_hard_negatives/doclaynet_train_6bf541a213da5f1de49b.png,train,doclaynet:NYSE_HSC_2002.pdf,2,structured_document,0,doclaynet,financial_reports,ann_reports_00_04_fancy,NYSE_HSC_2002.pdf,6,d342811baa5f02d75fc5a39f4699c0ef159055a27d872d74364b6553d5b8ecda.png,0284e38cb3c1ebb75ed25073d0b53c407bb10c5f9ec05161b47979ef14ad63c1
data/raw/doclaynet_hard_negatives/doclaynet_train_eaba229079075879e34e.png,train,doclaynet:TSX_CDD_2010.pdf,2,structured_document,0,doclaynet,financial_reports,ann_reports_10_14_fancy,TSX_CDD_2010.pdf,11,8a2fba0a7e9a900bc9b9407b1f299b9017b9072d48c625cfdd2c9a15a6e3bdb1.png,866aa049c6292686736fa5b8b8ed4d9690fd8e3535b37621e4e404e4e9b07bdb
data/raw/doclaynet_hard_negatives/doclaynet_train_8e6014a5ce0e43b695e3.png,train,doclaynet:NYSE_ATI_2003.pdf,2,structured_document,0,doclaynet,financial_reports,ann_reports_00_04_fancy,NYSE_ATI_2003.pdf,11,f30fd555ee1baaa7ab33e5b28b616be7b9c8ea0430923452d5747017f169d259.png,3d3189a227d23bfa8761e78e15aecafb42e6ad9abaeca6379a9cfa8d7a587fb9
data/raw/doclaynet_hard_negatives/doclaynet_train_3421085362850886edff.png,train,doclaynet:NYSE_DY_2004.pdf,2,structured_document,0,doclaynet,financial_reports,ann_reports_00_04_fancy,NYSE_DY_2004.pdf,2,c2a3bc62e28112c47af19cbbc604b5688406aa5877d9f7204e2481fbf8294106.png,12566ed0ea3e4c68855369cb44b30e7833efacb5a9dca7af628021785f722696
data/raw/doclaynet_hard_negatives/doclaynet_train_6640ffac379cc2b5ed7f.png,train,doclaynet:ASX_SUL_2004.pdf,2,structured_document,0,doclaynet,financial_reports,ann_reports_00_04_fancy,ASX_SUL_2004.pdf,86,9d6935c5a2b3c29628cd854dbb1fe71baa8fe680cbb8788e10efd27468144238.png,9442d90658dc39ca15dcedfc60b7c74c041164f8080de1a60d620627c7bb50bc
data/raw/doclaynet_hard_negatives/doclaynet_train_a15aa1ca6cae93f14a9c.png,train,doclaynet:TSX_4503_2014.pdf,2,structured_document,0,doclaynet,financial_reports,ann_reports_10_14_fancy,TSX_4503_2014.pdf,138,513e3a272a2858c6e000344b18e628c30ab7575f0c172a904cd050c46656ffc2.png,309d02b972d15e6e6e69e6c7f38a294e9a44a95a8325ddf86449019ce2130153
data/raw/doclaynet_hard_negatives/doclaynet_train_d1cde0770e6218f8236f.png,train,doclaynet:OTC_TOSYY_2002.pdf,2,structured_document,0,doclaynet,financial_reports,ann_reports_00_04_fancy,OTC_TOSYY_2002.pdf,31,1d4b4020de9cc3212f90aee961c24c65c62dc8e08b10a569748778de34ec5b73.png,590136b9002a5c68097f32e0054095039f5bba2982627bfa63932d27c996b357
data/raw/doclaynet_hard_negatives/doclaynet_train_886349b35c17c66ca344.png,train,doclaynet:NYSE_FLO_2003.pdf,2,structured_document,0,doclaynet,financial_reports,ann_reports_00_04_fancy,NYSE_FLO_2003.pdf,14,09c1c7ed04c16a3569b63f84dde3c886985f082606d70dfbc3a6ca45f76b35b7.png,f2ec772647f9d2b3b96adeb768b206105995658a84e88c912ccb316f826f25c3
data/raw/doclaynet_hard_negatives/doclaynet_train_f99eb9c08d003e0a52fb.png,train,doclaynet:NYSE_BDC_2003.pdf,2,structured_document,0,doclaynet,financial_reports,ann_reports_00_04_fancy,NYSE_BDC_2003.pdf,2,a4759162fe25b9a24d6dc52cfa46d4a3d9b552ecb59689503379ef6ef5a5b413.png,5613457492998f5327e4e5729ae667174ab056d7e9370eab9377663115e56f92
data/raw/doclaynet_hard_negatives/doclaynet_train_a22e2a009e2e8c47ad4e.png,train,doclaynet:NYSE_TCB_2002.pdf,2,structured_document,0,doclaynet,financial_reports,ann_reports_00_04_fancy,NYSE_TCB_2002.pdf,38,1fe82d96407e655beb1b5769693d345073f874c9e832e63767f8be9bf0f00497.png,0db0ff2923732f416d26530f650cd02ce1f664f8085a969668891c69c15c7d12
data/raw/doclaynet_hard_negatives/doclaynet_train_049c392c415cf1d8cf04.png,train,doclaynet:NASDAQ_PCAR_2011.pdf,2,structured_document,0,doclaynet,financial_reports,ann_reports_10_14_fancy,NASDAQ_PCAR_2011.pdf,26,74589acc9b0d658910e22077eea831b39cb0ab10db849b175ca30b26173fb546.png,3d12569baecac6913ab45486e3db78daccdbb518b7a7fbbaec69505c9c40427c
data/raw/doclaynet_hard_negatives/doclaynet_train_e3d2ee914ca70beee66c.png,train,doclaynet:NASDAQ_DIOD_2004.pdf,2,structured_document,0,doclaynet,financial_reports,ann_reports_00_04_fancy,NASDAQ_DIOD_2004.pdf,25,c92bb45dc7bdedf75471a2a16c3eebb0f878464f87847f6c27cea5d6fd8e97f7.png,ab3743ffe70d2216e6b7fd9362307a4d77aec2356ed11842c672fcf5cfd23024
data/raw/doclaynet_hard_negatives/doclaynet_train_1a58f425b07b18935f7b.png,train,doclaynet:NASDAQ_UFPT_2014.pdf,2,structured_document,0,doclaynet,financial_reports,ann_reports_10_14_fancy,NASDAQ_UFPT_2014.pdf,11,20b3df822a41694abbef7e7ed54aa60a1f0b6d12894c67f39ee73a711a50cc02.png,2a5e36063e96fd6d776055e4817ecaa872a49930c48d5ff2f6939e7ca8fad12d
data/raw/doclaynet_hard_negatives/doclaynet_train_33e5a57bd8e6e8dad4c8.png,train,doclaynet:NYSE_BXP_2001.pdf,2,structured_document,0,doclaynet,financial_reports,ann_reports_00_04_fancy,NYSE_BXP_2001.pdf,6,6b6805906c5e017b56b9fd50edafb36e4f662a378ad29563b8584a0d88cb5fc0.png,aff8173f8fd5b4ea6096f8cd54b11f8459c113e1306213041b48e34078cb2d87
data/raw/doclaynet_hard_negatives/doclaynet_train_330b2553a888069f9152.png,train,doclaynet:NYSE_JEC_2002.pdf,2,structured_document,0,doclaynet,financial_reports,ann_reports_00_04_fancy,NYSE_JEC_2002.pdf,23,7f83d8da46b4b2591c08a121b02a1a40889040e0de7120885513b69bfa9d39bd.png,2f8d55853c4fd464e9df950d6ea38134937893ef2799f69fde6dc94155775b55
data/raw/doclaynet_hard_negatives/doclaynet_train_5587c67e91399e67a5c5.png,train,doclaynet:TSX-V_MMY_2011.pdf,2,structured_document,0,doclaynet,financial_reports,ann_reports_10_14_fancy,TSX-V_MMY_2011.pdf,4,47c70a1a9bba0e3551e385eee48abba7aadb26e311aa742a7c41805f04d0f449.png,15585bfbb39b98fa38b512118c010b4f22cf9b491e3224629a9f7b4604d6a7f7
data/raw/doclaynet_hard_negatives/doclaynet_train_3fc9945ad17a2dbda48e.png,train,doclaynet:NASDAQ_CAKE_2003.pdf,2,structured_document,0,doclaynet,financial_reports,ann_reports_00_04_fancy,NASDAQ_CAKE_2003.pdf,0,c0aa34838f5614f257bb855f06741d35a3e4795d50f7f5de17151251b250ba73.png,90ea7bb95af03cae3208e6e462a18ee539df3f2ad250e17773cf4e5a4dc40f47
data/raw/doclaynet_hard_negatives/doclaynet_train_2d83a4c4ae534f849e8b.png,train,doclaynet:NYSE_FCF_2001.pdf,2,structured_document,0,doclaynet,financial_reports,ann_reports_00_04_fancy,NYSE_FCF_2001.pdf,29,4126b3568ae5d9098b3979cbb712b9f57c806a60130ba656eb22502c7d305d18.png,33a12587517e6d51be7a4ef225e4405f4519700005b3d464f3f32e2df6a4a1c0
data/raw/doclaynet_hard_negatives/doclaynet_train_3a4305c018caf9d4e5c9.png,train,doclaynet:NYSE_JONE_2013.pdf,2,structured_document,0,doclaynet,financial_reports,ann_reports_10_14_fancy,NYSE_JONE_2013.pdf,8,88001c92b461f11268854f9824b239aae839af626cc3fb826313c0dda2777a61.png,608e6a7d46dee481a9f0fc72adb67dc95136fe1483ea605ea04dd2369f3c69fd
data/raw/doclaynet_hard_negatives/doclaynet_train_61ba872be150b50175b8.png,train,doclaynet:ASX_RSG_2004.pdf,2,structured_document,0,doclaynet,financial_reports,ann_reports_00_04_fancy,ASX_RSG_2004.pdf,23,f53b38cafcc9a2a37ae1bc7533ca79a9b4216bb5f15bd0784ea40f37068f6e28.png,d5387e33928e1a14059fa289c98ae8c871874483313d85320fbe4de0086ccdb1
data/raw/doclaynet_hard_negatives/doclaynet_train_12f057ce3ebe877ebbd2.png,train,doclaynet:NYSE_FC_2000.pdf,2,structured_document,0,doclaynet,financial_reports,ann_reports_00_04_fancy,NYSE_FC_2000.pdf,62,60ef02919924e60a6b27adb5eac6cb5ad3b6b12010bbcc2e0b02858dd63a1895.png,fed8c8f042bb4d174ceda87e6357a2944ae02c08f9fec8dbe858fead207831d1
data/raw/doclaynet_hard_negatives/doclaynet_train_c9f49eeb4a3f34f23875.png,train,doclaynet:NYSE_DLR_2010.pdf,2,structured_document,0,doclaynet,financial_reports,ann_reports_10_14_fancy,NYSE_DLR_2010.pdf,2,fc65daee6826b32ae06e17a2c28aceea25f2a6ba625f0a0589f71e9a56dda622.png,cbec519cc8894c545086cd1b3230bf59a075978f417112d5833c89e256a706e4
data/raw/doclaynet_hard_negatives/doclaynet_train_02c90e0db55c90b95870.png,train,doclaynet:NYSE_MEI_2012.pdf,2,structured_document,0,doclaynet,financial_reports,ann_reports_10_14_fancy,NYSE_MEI_2012.pdf,4,32a208508009a1bf08c980327e5713a9915ba8a967ed836f93e22fc54cf93317.png,c0b85f91712e3064a48641226905ad14519ed0b3743fbd578294fe4c62187a07
data/raw/doclaynet_hard_negatives/doclaynet_train_9cf9c6b0beeeb889d062.png,train,doclaynet:0000008670-20-000032_20200805x10k.pdf,2,structured_document,0,doclaynet,financial_reports,sec_filings,0000008670-20-000032_20200805x10k.pdf,54,4a5a814df20d7099560e8a083c055488de25935e8018ebdd2ac8e305d2d68239.png,7897e7ee6341439276a736cd0408e476b5271a2c75dddaa2f7fbd5d39b011fe7
data/raw/doclaynet_hard_negatives/doclaynet_train_70e31f7571f6d68d8e40.png,train,doclaynet:TSX_TRP_2001.pdf,2,structured_document,0,doclaynet,financial_reports,ann_reports_00_04_fancy,TSX_TRP_2001.pdf,51,2ee9d9dea3aba6884edc0c03bca716916c0c4d046673dabde23e2c71de7db596.png,d321e7c3fad4eeaf4abf2cdd47d2a8bc92c59bf2ac6b284512fc7f01bd79c3eb
data/raw/doclaynet_hard_negatives/doclaynet_train_0abe96eea7423595858d.png,train,doclaynet:TSX_MRU-A_2014.pdf,2,structured_document,0,doclaynet,financial_reports,ann_reports_10_14_fancy,TSX_MRU-A_2014.pdf,83,59566228721a9441a621bc29f9f15df8dd53532e81365b401311b9fad94e8b35.png,b17a68bed0c40f19bf86409512d812e636e3dbfa4ed075b68aecbb5b87f0e29a
data/raw/doclaynet_hard_negatives/doclaynet_train_43b26752764362332c5a.png,train,doclaynet:NYSE_MKC_2004.pdf,2,structured_document,0,doclaynet,financial_reports,ann_reports_00_04_fancy,NYSE_MKC_2004.pdf,52,8412ed9b1bfbe8c75a7f07e023a66a99a5ebe84d6038a689c14de56b08da0ecf.png,43a02f27e20ff04f17b6b1a6d65b9659751853a3db47fc715efccdae83cc2842
data/raw/doclaynet_hard_negatives/doclaynet_train_4c9f2ce9ee7fbfb87c7a.png,train,doclaynet:NYSE_MYE_2001.pdf,2,structured_document,0,doclaynet,financial_reports,ann_reports_00_04_fancy,NYSE_MYE_2001.pdf,34,b5e3a9cd289527e44038f31dbf454a63500afb91ef636d271e1a87df303ec84e.png,73cb1fbac45cbd50a1c3d18067228309ab401f5128e425154869a0cc100cd4de
data/raw/doclaynet_hard_negatives/doclaynet_train_0f1cfff1cc6ed2984b0e.png,train,doclaynet:NYSE_LEE_2000.pdf,2,structured_document,0,doclaynet,financial_reports,ann_reports_00_04_fancy,NYSE_LEE_2000.pdf,12,b64870199edd9d2749ed29e00b7e2bac4968f148036a82191f12f4c915075130.png,5b451b16366e1818debd4e1888e626fbe5879a37d52fe3f6b83ed4d4e6803350
data/raw/doclaynet_hard_negatives/doclaynet_train_32851430a4ebef51ca3c.png,train,doclaynet:TSX_HR.UN_2010.pdf,2,structured_document,0,doclaynet,financial_reports,ann_reports_10_14_fancy,TSX_HR.UN_2010.pdf,39,f3ef0584a487410df4818b32392eccc8b96c0d389817b95aefffdfdb4c525bff.png,06b0263bea378cb9be0f56293947c50ac4e4dc014325a3ad9d976fb2d92b1425
data/raw/doclaynet_hard_negatives/doclaynet_train_8f6b438895174a0a182d.png,train,doclaynet:TSX_CUP_2011.pdf,2,structured_document,0,doclaynet,financial_reports,ann_reports_10_14_fancy,TSX_CUP_2011.pdf,32,606cb18079d6486df6610da77eae7395157e776cc77178d0b520b4d787571702.png,fe5db06d098952411483c3ec10636e6a0eb9a5a2a0b7f62de66a88dd78899bf3
data/raw/doclaynet_hard_negatives/doclaynet_train_4f4b3041271bd9dfde17.png,train,doclaynet:NYSE_NEE_2011.pdf,2,structured_document,0,doclaynet,financial_reports,ann_reports_10_14_fancy,NYSE_NEE_2011.pdf,4,1e71a5d90d587907f188e18dc375db986e52d5dce4e43da23c31e0243beaf78f.png,9a271df2d32a694efcf490ea48925214ae49a9488fbc253db53b78842a8c135f
data/raw/doclaynet_hard_negatives/doclaynet_train_e8ed244de4c11fa1b05a.png,train,doclaynet:AMEX_NGS_2011.pdf,2,structured_document,0,doclaynet,financial_reports,ann_reports_10_14_fancy,AMEX_NGS_2011.pdf,0,81966ed7101f0e731094074892086f72beffc55887f01d8bab06a55d48ad3867.png,66d1885b9b1de9465c734219602d91d4410e436c49cf90a58b54dc301ed3ab07
data/raw/doclaynet_hard_negatives/doclaynet_train_b156599a153048b3f507.png,train,doclaynet:NYSE_XEL_2011.pdf,2,structured_document,0,doclaynet,financial_reports,ann_reports_10_14_fancy,NYSE_XEL_2011.pdf,8,9b8948fc67b44200e515a73a09339dc4e21d3e0543306271a75d88845eaa877c.png,d942810b7be62ced3d2917edb6d43a2af391011ad876ae1cd6ed1cfd4dac1248
data/raw/doclaynet_hard_negatives/doclaynet_train_1419d9e38b41df0cf558.png,train,doclaynet:0000003570-19-000030_20190225x10k.pdf,2,structured_document,0,doclaynet,financial_reports,sec_filings,0000003570-19-000030_20190225x10k.pdf,71,8453e3b9324183a50ed549a05533c0a8de2eb8f84fed227d688c91b8bedafef8.png,18d0af6653859c9263d8244a717c8a5cd82abb1ce5126667f27dab8176141934
data/raw/doclaynet_hard_negatives/doclaynet_train_4c10a8fe2d82e555859a.png,train,doclaynet:NYSE_AA_2004.pdf,2,structured_document,0,doclaynet,financial_reports,ann_reports_00_04_fancy,NYSE_AA_2004.pdf,59,d8991f977a1acbce2e397786b675a6c55845a604b014ab207f4446b210ad5ec1.png,8c9d1e7dfc3179c31a8bbb71fddbdf4bef34beec040554fca2967157c339eba5
data/raw/doclaynet_hard_negatives/doclaynet_train_b66e05045e8f0251b3df.png,train,doclaynet:NYSE_CBZ_2001.pdf,2,structured_document,0,doclaynet,financial_reports,ann_reports_00_04_fancy,NYSE_CBZ_2001.pdf,6,bc5091a24e8d9b5d3dc8a946aa11009bc0b06d73d30a252dff39652795fdb333.png,05550b04fc6da4ff7e4d4c9433255a2bf6d99f1c2a1159e9074c21dd96989892
data/raw/doclaynet_hard_negatives/doclaynet_train_1bdaae64d6b5d9d2ffc5.png,train,doclaynet:NASDAQ_BNTC_2014.pdf,2,structured_document,0,doclaynet,financial_reports,ann_reports_10_14_fancy,NASDAQ_BNTC_2014.pdf,51,e7bf73e91b22d747b5d96c28bfa5be43089b2408bfb19fea36b3c7d85e824301.png,2d193b2e22a9e9ff86da4c81738fd89ad44f3d1d4a34bdaeb55a60dc3cbe00d4
data/raw/doclaynet_hard_negatives/doclaynet_train_3c16a15d8c1ce0daa64e.png,train,doclaynet:0000016918-19-000024_20190423x10k.pdf,2,structured_document,0,doclaynet,financial_reports,sec_filings,0000016918-19-000024_20190423x10k.pdf,90,6afe2dccf2cfe5be315fdbc7634fee052274de5600b39fcf79d961539723ae35.png,e4f5b7af9fe2c4c5d4bd2333dd75bd387f6b2a2a77038eaec5a374b2fce11a79
data/raw/doclaynet_hard_negatives/doclaynet_train_408c56bade31dacbeb3c.png,train,doclaynet:0000004904-21-000010_20210225x10k.pdf,2,structured_document,0,doclaynet,financial_reports,sec_filings,0000004904-21-000010_20210225x10k.pdf,241,dd1959de8d5b7ecc199d6fafa610e7aeb1319fe8e72ac5e837f1a55de0588ed1.png,f43b2359b9b206a97b7ee0a8419fd069f6dca74824dc5f0ccdc476257a45d9bb
data/raw/doclaynet_hard_negatives/doclaynet_train_b2b88d49e23dbb40717f.png,train,doclaynet:0000016875-20-000007_20200220x10k.pdf,2,structured_document,0,doclaynet,financial_reports,sec_filings,0000016875-20-000007_20200220x10k.pdf,72,e05282e7f53cd0dde5f9162ff86163083ec1c77332e7fe5c4b4305839d52f1d2.png,05689a90e80d5ad243f93184c0f0a0a955434efe9ec4b5c836202e0634449529
data/raw/doclaynet_hard_negatives/doclaynet_train_8f006b1f2ab0d79798ad.png,train,doclaynet:NYSE_CEC_2004.pdf,2,structured_document,0,doclaynet,financial_reports,ann_reports_00_04_fancy,NYSE_CEC_2004.pdf,2,a9554cfe3f15d077fd7bcd3edda1b549ca6572ad3959dfe1330b1f2ec43ad6d1.png,eee41b7fc26f63704087b2a31a94281a1dbfbd65864d7786a97432ac6af17544
data/raw/doclaynet_hard_negatives/doclaynet_train_d53ef47442c6a392997c.png,train,doclaynet:0000040533-21-000010_20210209x10k.pdf,2,structured_document,0,doclaynet,financial_reports,sec_filings,0000040533-21-000010_20210209x10k.pdf,29,df6f83a0bf9a2248a9740b2fdb7c245c7964b088b17deb3b1a9ee93b6f5e5fcd.png,bc01163a076e027e59ebbc6b79faa9321ae0d6920705af7a0b6972692c469e56
data/raw/doclaynet_hard_negatives/doclaynet_train_615484c0a85693d2737c.png,train,doclaynet:NYSE_TGT_2003.pdf,2,structured_document,0,doclaynet,financial_reports,ann_reports_00_04_fancy,NYSE_TGT_2003.pdf,17,5fa30d27b1b1b2d32ae337a3454e6315e09d5fbc6c8eb58f08aaac1e58f8ccef.png,3ce3f0fea95a8dc70d663ab0fee6e4f54c04da117599011d2f232e56664f7b3a
data/raw/doclaynet_hard_negatives/doclaynet_train_8f3974b7282bf2123920.png,train,doclaynet:NYSE_MET_2012.pdf,2,structured_document,0,doclaynet,financial_reports,ann_reports_10_14_fancy,NYSE_MET_2012.pdf,61,129fc83595cf568bae3af245d9e9ac4089fa2c9f75449f0be0f3130fc4624cb6.png,e9374b31581086c938b3ee857b08964b95bc7423abf7ccd4cfc19f749844d5da
data/raw/doclaynet_hard_negatives/doclaynet_train_03130ac78f0cc783b10b.png,train,doclaynet:TSX_BPF_2003.pdf,2,structured_document,0,doclaynet,financial_reports,ann_reports_00_04_fancy,TSX_BPF_2003.pdf,51,b35f756afcf4b09acf5e755a7a6c120b520cfba546330611b67cbdbd75d4b2e5.png,e35ea153b99a5dd5ae1c75bb435b30a8eee4803c6ee08efe9948674394aa7a16
data/raw/doclaynet_hard_negatives/doclaynet_train_f8e963766aec28144f5a.png,train,doclaynet:NYSE_SNA_2010.pdf,2,structured_document,0,doclaynet,financial_reports,ann_reports_10_14_fancy,NYSE_SNA_2010.pdf,7,bd76cd0b33b287f39d56cf62dbf966e17bf98f4ff7c0fa8ae8bfec9172a4205f.png,6fc35f17a23766fc813b7182770e86de22bbe6c1741b5f377d26e44ed78cd54a
data/raw/doclaynet_hard_negatives/doclaynet_train_48e37cbbf228ac91c3b8.png,train,doclaynet:0001558370-21-001489_20210223x10k.pdf,2,structured_document,0,doclaynet,financial_reports,sec_filings,0001558370-21-001489_20210223x10k.pdf,18,6a719bad6b95803b5af1735e9fbbea1141448ff485e0e154a5d8210cf91e5fd0.png,260585dcde67f74719009ccfafeafdc3772007485990f77867cdc8e2523c562d
data/raw/doclaynet_hard_negatives/doclaynet_train_a23a90e0f03cc3afa8d4.png,train,doclaynet:NASDAQ_CTSH_2014.pdf,2,structured_document,0,doclaynet,financial_reports,ann_reports_10_14_fancy,NASDAQ_CTSH_2014.pdf,7,49b1bfbd7564eee12277c64f78441c172cf2068fe3ab1900cb2a16d9daf51450.png,f7e571831ecfd876a025cc726dbdb150f867685baa93c1cc4bfadcbbb2739b36
data/raw/doclaynet_hard_negatives/doclaynet_train_43c2df2cf577f3a6b2d9.png,train,doclaynet:NYSE_SJM_2003.pdf,2,structured_document,0,doclaynet,financial_reports,ann_reports_00_04_fancy,NYSE_SJM_2003.pdf,37,7ecbfa1eeacaf15e94d4b6590ece9553f7e9454a07892052d545f27dde8ffb83.png,680c3e3e83e8e11047105ed9398c98b12e0b5cbcb5b7e3a58c56dce5d372e4e6
data/raw/doclaynet_hard_negatives/doclaynet_train_08d2844a6e720255de69.png,train,doclaynet:NASDAQ_LARK_2012.pdf,2,structured_document,0,doclaynet,financial_reports,ann_reports_10_14_fancy,NASDAQ_LARK_2012.pdf,70,41affecc80e700358f28b455cd3859fa284a283dbf1aac2d9f54c533199ae6a3.png,db8e2445cd73b60da9e1ed9c4bbef339c57c9e089411a5b9d471a5a311a4810f
data/raw/doclaynet_hard_negatives/doclaynet_train_73d023a4ce5b5ec08009.png,train,doclaynet:0000029989-21-000004_20210218x10k.pdf,2,structured_document,0,doclaynet,financial_reports,sec_filings,0000029989-21-000004_20210218x10k.pdf,66,dad00e0cc4c2b6e73b4c2ea816c10b06d25c9c618763fd57a2e44e363b2b66a3.png,c123f838cc237d7763e50d6ded837fb2a4128d51aeb764f3f19d0862bf1fb638
data/raw/doclaynet_hard_negatives/doclaynet_train_f09519e2ee2a69a31ded.png,train,doclaynet:NYSE_TKR_2011.pdf,2,structured_document,0,doclaynet,financial_reports,ann_reports_10_14_fancy,NYSE_TKR_2011.pdf,38,345b9067e791ceddc7e845ba694d0a91fefe66b46b56a96197f40698a73b3781.png,cf733d0ffe8c85282e354639ae8e4f3047936f12a908cd4211af609d539869bc
data/raw/doclaynet_hard_negatives/doclaynet_train_24edb3c615666c0ac0ef.png,train,doclaynet:NASDAQ_CALB_2011.pdf,2,structured_document,0,doclaynet,financial_reports,ann_reports_10_14_fancy,NASDAQ_CALB_2011.pdf,32,9705816549e3225bff6f8db9fce8fdf18d9a74b980896d317c0d12da718094f2.png,dfd50a1a2052809a360c388782e198bf3be1c1b8446dc44a75ba8af3dd778be4
data/raw/doclaynet_hard_negatives/doclaynet_train_a5c7c5b23edd5eebf4e5.png,train,doclaynet:0000025475-20-000048_20200305x10k.pdf,2,structured_document,0,doclaynet,financial_reports,sec_filings,0000025475-20-000048_20200305x10k.pdf,19,4d852feca4175cfa4a5f3cf67e47be26f84d2c2b2f7b3877725191f7a6b57906.png,e4bdb0d523aa85fbce672caa5164cb4bee60257dbc22a21ab3871118ce920d48
data/raw/doclaynet_hard_negatives/doclaynet_train_09187c7130c756370bb6.png,train,doclaynet:0000004904-19-000009_20190221x10k.pdf,2,structured_document,0,doclaynet,financial_reports,sec_filings,0000004904-19-000009_20190221x10k.pdf,83,56e0bd85f82cbb93dc856550055c57c65c1beaa3efc175f17f807a0c097aec28.png,90f903e37dbd6ed1c5e6f06826675d66ec7330419cd5cb39abedc1d33d927003
data/raw/doclaynet_hard_negatives/doclaynet_train_53cc1384bff50e8b8180.png,train,doclaynet:OTC_JSGRY_2010.pdf,2,structured_document,0,doclaynet,financial_reports,ann_reports_10_14_fancy,OTC_JSGRY_2010.pdf,23,f48e8685f75fb19fcd46e40b7206ece380416ac0b0baf8a2835060d1b045aa12.png,eab3ea1abd0e146cdc4463276a2381197cb122f3d2e9c3778b731547edbf07ee
data/raw/doclaynet_hard_negatives/doclaynet_train_c65cfc305d54daecd2dc.png,train,doclaynet:NASDAQ_CAC_2002.pdf,2,structured_document,0,doclaynet,financial_reports,ann_reports_00_04_fancy,NASDAQ_CAC_2002.pdf,18,19b28e172055fe870a06957cc4bebca28cbfd081c47dc6de921bd73fe332aa07.png,6f0d461c4352eff6636cfdcb6ee853d5dc5b0baaae9857ea9b1ac5fbb4b3860b
data/raw/doclaynet_hard_negatives/doclaynet_train_59560665a1663e63159b.png,train,doclaynet:OTC_TOSYY_2003.pdf,2,structured_document,0,doclaynet,financial_reports,ann_reports_00_04_fancy,OTC_TOSYY_2003.pdf,20,f9f9314d72a792c56e738f9583d5e6f6e00224cc741709dd53c2840f0d36f861.png,3e648a1221d06ff95ca1e3ecc48ad22385e084e16b87b90858c0540e34f6c922
data/raw/doclaynet_hard_negatives/doclaynet_train_e72ee54b9eb4c22600ed.png,train,doclaynet:OTC_FJTSF_2004.pdf,2,structured_document,0,doclaynet,financial_reports,ann_reports_00_04_fancy,OTC_FJTSF_2004.pdf,48,5eb16f37c150ce40b466a55de882e430648186a87dcbd143612ed27a51971d90.png,7ed887d692599593bf1f096d1d8adf18c61e9b310f2c59f94704a8c9f5c00097
data/raw/doclaynet_hard_negatives/doclaynet_train_7f55b997d15964074986.png,train,doclaynet:NYSE_HP_2004.pdf,2,structured_document,0,doclaynet,financial_reports,ann_reports_00_04_fancy,NYSE_HP_2004.pdf,29,a4ef01033b4f891909235ac45ea13794a39840f8f5fc447dfbf990c580d0a9a5.png,710812078f4c49f81a95b41259e670fb19fefe52c3b6d450db9b320b6bf0cd75
data/raw/doclaynet_hard_negatives/doclaynet_train_d78bdbf236d6b76a48e0.png,train,doclaynet:NYSE_NUS_2000.pdf,2,structured_document,0,doclaynet,financial_reports,ann_reports_00_04_fancy,NYSE_NUS_2000.pdf,14,4e193fd0979b8b76ca2b91a1a45c3923774bf781b9df260d9b71112cc0eff897.png,c1bb582c4e6c859a4a17352df52a556a0bfb5ee0f730013bff2cb17443d2a81d
data/raw/doclaynet_hard_negatives/doclaynet_train_f4caae96bf3aa5251530.png,train,doclaynet:NASDAQ_ASTE_2002.pdf,2,structured_document,0,doclaynet,financial_reports,ann_reports_00_04_fancy,NASDAQ_ASTE_2002.pdf,28,9ccad4f5581f94607e4e00cb2919aaa8418d6e4024f97b855f452841f25260ec.png,399084177fb3002c3ab9ae09451a1de17922263baa1030be7451ca1520127d19
data/raw/doclaynet_hard_negatives/doclaynet_train_2fd805eb5f67ff0aadbb.png,train,doclaynet:NYSE_FCX_2004.pdf,2,structured_document,0,doclaynet,financial_reports,ann_reports_00_04_fancy,NYSE_FCX_2004.pdf,76,3189ed4b8792fddeb2f8151f973864bf48bffecef19ade4bcb5a041ac35bc843.png,253261ac489f64fe74d7f288b22207687eb314cf583726756b72c1e1b9232a41
data/raw/doclaynet_hard_negatives/doclaynet_train_245a3067878d0640e7c9.png,train,doclaynet:NYSE_IP_2014.pdf,2,structured_document,0,doclaynet,financial_reports,ann_reports_10_14_fancy,NYSE_IP_2014.pdf,14,f1ed91739e8302fc14e89b9d6c7cc7aa89dc44ec8204ad5baf749bf38ba44235.png,e33263e62653976dc819bf516d176e24f9af3f0ff87a8feaef36e905c48bc62e
data/raw/doclaynet_hard_negatives/doclaynet_train_6c118b790a5bc1953c29.png,train,doclaynet:NYSE_CHS_2004.pdf,2,structured_document,0,doclaynet,financial_reports,ann_reports_00_04_fancy,NYSE_CHS_2004.pdf,0,6c2b60b47d0f6b912ae0b3e49be6f00b54f3d307abdace2ba5f4827a970ebf77.png,d86c31737d379abc6598c66669766a52b85090a4da9bed5f20b78862fd79edcc
data/raw/doclaynet_hard_negatives/doclaynet_train_0f31360a60c6d7633d31.png,train,doclaynet:0000021175-19-000022_20190213x10k.pdf,2,structured_document,0,doclaynet,financial_reports,sec_filings,0000021175-19-000022_20190213x10k.pdf,74,15dd07d15edcf469c7ec1326dbd537aa038b87975e11514e093c363585c6e66c.png,fb3a49b7fe0808bf16db4976ca60717c51b0dc068222ed11929bf0d3282b19f4
data/raw/doclaynet_hard_negatives/doclaynet_train_aab76905d94f5c5037c1.png,train,doclaynet:TSX_CIX_2012.pdf,2,structured_document,0,doclaynet,financial_reports,ann_reports_10_14_fancy,TSX_CIX_2012.pdf,45,9f61760301dcc345113dc9fec4e91699693911c454bc64151453700cb878e74e.png,04413fffb5b115682109050cf2d0a217faa7496dab4ee2f61c336d949ee5a3f9
data/raw/doclaynet_hard_negatives/doclaynet_train_706f2baa2b2f84ec58ba.png,train,doclaynet:NYSE_SRI_2001.pdf,2,structured_document,0,doclaynet,financial_reports,ann_reports_00_04_fancy,NYSE_SRI_2001.pdf,3,e41fccb5345bcdbc804c68c50d6dbe993b4dd37002526d0abbadf7ded7c6e517.png,09b281497f06d4010e7f91bd562470a504b483f15fe57162b22d5afb168206b8
data/raw/doclaynet_hard_negatives/doclaynet_train_4f3ff5b7b65a384efdfb.png,train,doclaynet:TSX-V_CMD.V_2012.pdf,2,structured_document,0,doclaynet,financial_reports,ann_reports_10_14_fancy,TSX-V_CMD.V_2012.pdf,1,ef339be24d0837d704c90a4ffb8110f0c7245b3b6cf2f76748eef226eec67953.png,af85c05950a731093336803e7a019d8a37266ce89aaefbf65a0d97119a45f9da
data/raw/doclaynet_hard_negatives/doclaynet_train_f8d52bcd9cd14c3842fc.png,train,doclaynet:TSX_FCR_2003.pdf,2,structured_document,0,doclaynet,financial_reports,ann_reports_00_04_fancy,TSX_FCR_2003.pdf,52,5dd41d458a59d864f673001dc01a24183647efc664ff2019cb2dff5c3f53051b.png,e609013320da7d47382e8708d27b843d2b041f4dc1486b5044be4ddd3e6f6f94
data/raw/doclaynet_hard_negatives/doclaynet_train_e955279facfcb59bd37d.png,train,doclaynet:NYSE_JNJ_2010.pdf,2,structured_document,0,doclaynet,financial_reports,ann_reports_10_14_fancy,NYSE_JNJ_2010.pdf,78,3199ddb9204d5f4c62a701b5895e4eee9cc96ce422b4830722f14989f9fad38f.png,4688a99aa6ee81cbca50486bd5778f5cf63e7609502181ac79e1b9abe4f1aef3
data/raw/doclaynet_hard_negatives/doclaynet_train_0a67c84e34b25d6f3e1f.png,train,doclaynet:0000021175-20-000017_20200211x10k.pdf,2,structured_document,0,doclaynet,financial_reports,sec_filings,0000021175-20-000017_20200211x10k.pdf,132,610116e22da6a2dc1ca7ea982174751db49d25539365f808eb4a19d42fab08fc.png,0c4bcc939b1ca290b65c5f7f5de675e407c73b6f6e8405373e91a147dafee4e2
data/raw/doclaynet_hard_negatives/doclaynet_train_b5e855bdbc09a5360ebb.png,train,doclaynet:AMEX_NBR_2002.pdf,2,structured_document,0,doclaynet,financial_reports,ann_reports_00_04_fancy,AMEX_NBR_2002.pdf,12,f9a2f2852dcbf514c22aa365938cd137968f4c61c8d847754867b6ad830bf304.png,3b094ac9339de66849fd636365410793475a6d35f434ddd0d4222f93981fba8d
data/raw/doclaynet_hard_negatives/doclaynet_train_4fa9c392a0bacd7a2016.png,train,doclaynet:TSX_CSE_2013.pdf,2,structured_document,0,doclaynet,financial_reports,ann_reports_10_14_fancy,TSX_CSE_2013.pdf,25,75dbedc7abd0c8646f6d3eff843f7ef7d1c8a05cba66fa30ecd22720d2413d59.png,da2f2f2dd263cdfda2431133f8ab34fa65acbf6578880693d2a160d8716c7e68
data/raw/doclaynet_hard_negatives/doclaynet_train_2edf6070dab5692a36f0.png,train,doclaynet:0000006281-20-000156_20201124x10k.pdf,2,structured_document,0,doclaynet,financial_reports,sec_filings,0000006281-20-000156_20201124x10k.pdf,14,fe35c1c8d0f86e19d35e9578012ef9ac5d2d9c9e2930328d15291f1fdc488ca3.png,c5ade4b0d504b527399953056fad62632453820b303942055b42bf58e089b286
data/raw/doclaynet_hard_negatives/doclaynet_train_1c25b53fc0a379f51225.png,train,doclaynet:0000009346-20-000006_20200305x10k.pdf,2,structured_document,0,doclaynet,financial_reports,sec_filings,0000009346-20-000006_20200305x10k.pdf,83,fc8865b58a3b866dc3261d33915dcc43176ecbcebedd9f7fd369255d5f54dd4c.png,fd988aefcbef22a1a3187472e5358e3ad7879410bf74ebb98a5c778dc1e46fc4
data/raw/doclaynet_hard_negatives/doclaynet_train_36454fe6359c68c546df.png,train,doclaynet:NYSE_DCI_2001.pdf,2,structured_document,0,doclaynet,financial_reports,ann_reports_00_04_fancy,NYSE_DCI_2001.pdf,9,d2d3310895388997e3182d5615d5f5837b240c86d07dbad49991053dee87f55c.png,b888343c34020610b9abef885566cfdd3c7668bdf1d694d1896518d03822b4f2
data/raw/doclaynet_hard_negatives/doclaynet_train_dedc5021ee0002dedfd3.png,train,doclaynet:0000038725-21-000044_20210224x10k.pdf,2,structured_document,0,doclaynet,financial_reports,sec_filings,0000038725-21-000044_20210224x10k.pdf,17,7994215852f74ade1b3c393d374eaddc9a0a6097b0f58dc26f4f0e847ded5841.png,81a02782d3a513687902316d98c1404db66afaa99715bc6b7012f35a3119bc73
data/raw/doclaynet_hard_negatives/doclaynet_train_c4fbb4569756ef88987a.png,train,doclaynet:0000010254-20-000038_20200311x10k.pdf,2,structured_document,0,doclaynet,financial_reports,sec_filings,0000010254-20-000038_20200311x10k.pdf,20,1b76d426d735b89aaa8a8a67ad99947171a6c76baade5e41e81c45042cda15a7.png,8ba71f8c6ef45bb2a430705db6e754f246b3754a78e5559d440b0f0b33eaee48
data/raw/doclaynet_hard_negatives/doclaynet_train_5d8b585ec243db2c41f2.png,train,doclaynet:NYSE_AZO_2003.pdf,2,structured_document,0,doclaynet,financial_reports,ann_reports_00_04_fancy,NYSE_AZO_2003.pdf,10,09f4355c83ee53a5e9f83aa5bc623fe38b9f21e176d2a97a283188a4711cef0a.png,126addbad99b8cd9e60c5ef0309b1037c970655a32ac3e4474b8eaea68ce6a0f
data/raw/doclaynet_hard_negatives/doclaynet_train_4aaf8a07f6782e76a1d4.png,train,doclaynet:NYSE_APH_2004.pdf,2,structured_document,0,doclaynet,financial_reports,ann_reports_00_04_fancy,NYSE_APH_2004.pdf,25,a0b6545a94183c832fe0679e5ad3ebd814974fd9c987bf299508046b91775aac.png,13697220dd222e4459380a58055ca8412cd80066b3b84e59b05042448c483d7a
data/raw/doclaynet_hard_negatives/doclaynet_train_1df6fa21d4308243289c.png,train,doclaynet:NYSE_FCF_2002.pdf,2,structured_document,0,doclaynet,financial_reports,ann_reports_00_04_fancy,NYSE_FCF_2002.pdf,43,523d3ce4a28b7e54afa4587873ad6b38753bb6a26a870a44e7d83651cd865e51.png,3fca94b447f2be124dfa938cb5f9724317e59c8eb2b2d74849e521fddd913641
data/raw/doclaynet_hard_negatives/doclaynet_train_a0be355f92bd7c65c3f0.png,train,doclaynet:NYSE_GL_2002.pdf,2,structured_document,0,doclaynet,financial_reports,ann_reports_00_04_fancy,NYSE_GL_2002.pdf,12,5f35c9b17d78cbeb2efe9254a67ce49b9c5325ff701df452b3e2613f87394f94.png,93ab4d6b272e11bb09989fa6145ee1ef32b02db071eca547c20e6fe6347f3947
data/raw/doclaynet_hard_negatives/doclaynet_train_b4ce5a5cd7831dd0ce4d.png,train,doclaynet:TSX_CJR_2000.pdf,2,structured_document,0,doclaynet,financial_reports,ann_reports_00_04_fancy,TSX_CJR_2000.pdf,74,138f9e5cd751482bf6c0f5eb2c764b18f93211d7361328ed7f42c586810c902a.png,e7c29cbff22cb4a15bb3930f3d52c5ca6d2b50c61951f83e72c0eada3a4cf191
data/raw/doclaynet_hard_negatives/doclaynet_train_1f4392b2f92eeaca114e.png,train,doclaynet:0000013239-21-000005_20210310x10k.pdf,2,structured_document,0,doclaynet,financial_reports,sec_filings,0000013239-21-000005_20210310x10k.pdf,123,4e545d07a828df2d2c81a898274ff10b5cfeb221f3945e0fa6aab7f34dd9593d.png,0ceee978915fb255cebcef8ca3164510888054fb37de4ab13d7c8adc435b3d07
data/raw/doclaynet_hard_negatives/doclaynet_train_d875f94545e7f7722f55.png,train,doclaynet:ASX_AGK.AX_2012.pdf,2,structured_document,0,doclaynet,financial_reports,ann_reports_10_14_fancy,ASX_AGK.AX_2012.pdf,104,8f19171b1e0cad55bbe124aa44e3fa0801ba23c34c423c5f8ed803511c19cfd9.png,2b9df38e2ce81a753d27c994ee099048502a96c4db78386a1f478e19c1779232
data/raw/doclaynet_hard_negatives/doclaynet_train_269370444c1102802f06.png,train,doclaynet:ASX_FXJ_2013.pdf,2,structured_document,0,doclaynet,financial_reports,ann_reports_10_14_fancy,ASX_FXJ_2013.pdf,59,93525f25a5fc195ed0336e554916728e60c1ea8730d6c4ce34c51f0f425e44c9.png,61be715a1cfe0c9c66bf9b4f50427e9623a92f938661a03f9eed866bb4ce5ca9
data/raw/doclaynet_hard_negatives/doclaynet_train_5ca87e86996b0ebf0d15.png,train,doclaynet:TSX_DIV_2014.pdf,2,structured_document,0,doclaynet,financial_reports,ann_reports_10_14_fancy,TSX_DIV_2014.pdf,0,ff3885cf787983ac54f2f31988617b5617c184c0403c66d47c99b6028db9151a.png,833290382cd41e6254635947a341f53554081843e45295d7c3822df77aa53bfb
data/raw/doclaynet_hard_negatives/doclaynet_train_2f3219c3c160bc849a49.png,train,doclaynet:NYSE_BFS_2004.pdf,2,structured_document,0,doclaynet,financial_reports,ann_reports_00_04_fancy,NYSE_BFS_2004.pdf,24,98d5e3bc3dca665f69b3a32125a3b01f60d026ecb518fa0069ace161bf4df01e.png,e6fbbba3447f45dde00f6ea25131a030a28450b6320f55aaae886115760d5700
data/raw/doclaynet_hard_negatives/doclaynet_train_4590c2d53a8618570a03.png,train,doclaynet:NYSE_ARE_2003.pdf,2,structured_document,0,doclaynet,financial_reports,ann_reports_00_04_fancy,NYSE_ARE_2003.pdf,53,2d021aa9257ca7b1fe1f0165222e49637fb4f197bcce191be31788b9ab01d030.png,7312e9843de7732dc9021d4b27c6ffbe0a598cc6cda9de6179ef766e1c8a3673
data/raw/doclaynet_hard_negatives/doclaynet_train_934fcbe686ba13388c1e.png,train,doclaynet:NASDAQ_CTSH_2004.pdf,2,structured_document,0,doclaynet,financial_reports,ann_reports_00_04_fancy,NASDAQ_CTSH_2004.pdf,18,545687c659256199c0f59bf2d905d913561f7e7653d432e901b246e4906c7b73.png,214eee905398e17ce50f37d333f3d11e8e9d434acb87a7317925f3e136fb61c6
data/raw/doclaynet_hard_negatives/doclaynet_train_2d65566211fbe13731d1.png,train,doclaynet:NYSE_IP_2004.pdf,2,structured_document,0,doclaynet,financial_reports,ann_reports_00_04_fancy,NYSE_IP_2004.pdf,86,4aa56dd125327f21ee958464fb95a83917e9338312b810a74f8a7408a62df953.png,e4c4fe071e894e9dd027f6064c30144560723a051ec51606786d7bd27314ac48
data/raw/doclaynet_hard_negatives/doclaynet_train_d426baa79d6eac459b1f.png,train,doclaynet:ASX_VRL_2014.pdf,2,structured_document,0,doclaynet,financial_reports,ann_reports_10_14_fancy,ASX_VRL_2014.pdf,14,87fabf94e3d970ad823c8dd45b8beb268d4c6f59319c083edf0ac284b9c08045.png,421768ad34ff85539ceb7ff1ddf5518260ee3257672d8913f35f8651be9fe2d1
data/raw/doclaynet_hard_negatives/doclaynet_train_df31f653cd477fe98cf7.png,train,doclaynet:0000024545-21-000004_20210211x10k.pdf,2,structured_document,0,doclaynet,financial_reports,sec_filings,0000024545-21-000004_20210211x10k.pdf,77,9409db87b53e6684cbdfaf00f4b091d2af29d42123d981d9100bda010469bbe7.png,c94ce65d9f7a65162857d1c659a328345b3f04d8a50d60d138421444f5cadc5e
data/raw/doclaynet_hard_negatives/doclaynet_train_1bad8726f218ab4cda90.png,train,doclaynet:0000033185-21-000025_20210225x10k.pdf,2,structured_document,0,doclaynet,financial_reports,sec_filings,0000033185-21-000025_20210225x10k.pdf,43,19f1564e91a52e0132f82ffcb31389701c34e70863c5f1ef61bd36a94ed04787.png,9e938c0a168b7548fa4ffd063035ebb5dca21eeba614d8c02dd3900bdd9d3e81
data/raw/doclaynet_hard_negatives/doclaynet_train_46711af5b0576d7d0f11.png,train,doclaynet:0000008858-20-000025_20200813x10k.pdf,2,structured_document,0,doclaynet,financial_reports,sec_filings,0000008858-20-000025_20200813x10k.pdf,54,1ba36b0aa84e989847f737dbdf77e72a27d12c17102d6304a89415c599adeb50.png,6db389a080c5390d28141798109ccc50916c19dad6d75990a771c4af23480817
data/raw/doclaynet_hard_negatives/doclaynet_train_4404e62df5e1df816d4f.png,train,doclaynet:0000003545-19-000143_20191205x10k.pdf,2,structured_document,0,doclaynet,financial_reports,sec_filings,0000003545-19-000143_20191205x10k.pdf,53,969c2bcc7368d3d078581fd484e3008caba7780f284338873d5c09510e77cc99.png,bcbb7391ce46cd8d562f68a6e1507eb3e4bb9b9814884b5d6eb2f4efd9c20a74
data/raw/doclaynet_hard_negatives/doclaynet_train_09d3b96ff6e27d430a72.png,train,doclaynet:NYSE_CWT_2002.pdf,2,structured_document,0,doclaynet,financial_reports,ann_reports_00_04_fancy,NYSE_CWT_2002.pdf,47,fe75dcd953124ba039ce280e2faced1523efa5a5485b09f16355e70cde0d849c.png,de2182533700a340bfef786ad0882d877be034c9a6ed3bdd9b6d2379414e9763
data/raw/doclaynet_hard_negatives/doclaynet_train_f8f8fef81b2201a09f0e.png,train,doclaynet:0000005513-21-000015_20210217x10k.pdf,2,structured_document,0,doclaynet,financial_reports,sec_filings,0000005513-21-000015_20210217x10k.pdf,23,ce1dd55a8b6ca25d940fd695db9ed493508c0543fe49705ddf2b5b326694b1eb.png,04eba2410c4b84e910695ebd3ed403f052f7e407425b6847486c9275c940f9fa
data/raw/doclaynet_hard_negatives/doclaynet_train_ff90e32e012101756e30.png,train,doclaynet:0000004281-19-000031_20190221x10k.pdf,2,structured_document,0,doclaynet,financial_reports,sec_filings,0000004281-19-000031_20190221x10k.pdf,100,3c0468ac28a02f8905e9c07e9982db4625f517ee645699ba76aa2e6b9a626caa.png,4f9a521463841c1c4ea7a7d6934a8f4b9038d12873ac4221bb724140bb5f63ae
data/raw/doclaynet_hard_negatives/doclaynet_train_85b913ab84bcd6bd652c.png,train,doclaynet:NYSE_BG_2004.pdf,2,structured_document,0,doclaynet,financial_reports,ann_reports_00_04_fancy,NYSE_BG_2004.pdf,14,20b7199414dfb700e89812484c8426567e77ab9b579e5fa4c06deeed34935274.png,4b776794e3657acc4a39a967b13e955de76368ea7ac7dfd162c268599f55fa13
data/raw/doclaynet_hard_negatives/doclaynet_train_140271a6bab76455da0b.png,train,doclaynet:NASDAQ_NXGN_2004.pdf,2,structured_document,0,doclaynet,financial_reports,ann_reports_00_04_fancy,NASDAQ_NXGN_2004.pdf,4,bf73a5b3449bfe87c027f935c5a0c67c27a93d8eacaccaf702ca8b85428879c2.png,e46ae004850eeb0d57c4ff37daf7c583b9897393339674248bbe00ec0eaafd07
data/raw/doclaynet_hard_negatives/doclaynet_train_94c73aa4fa8bb83e9d0b.png,train,doclaynet:TSX_AKT_2013.pdf,2,structured_document,0,doclaynet,financial_reports,ann_reports_10_14_fancy,TSX_AKT_2013.pdf,28,9b92e1d405baa339f01908f6a1c80ecf7fe7bc72725919c1993508eb6eda4286.png,cfc12c182a43c07650bd92193fd8422bbc240ceb67b0c05c4f48f352f75aeee5
data/raw/doclaynet_hard_negatives/doclaynet_train_ec1c69fbab744c7ec4b7.png,train,doclaynet:NASDAQ_HOFT_2012.pdf,2,structured_document,0,doclaynet,financial_reports,ann_reports_10_14_fancy,NASDAQ_HOFT_2012.pdf,5,b95e9bcaea1b03ccb4be937840cc3230db967724356240a89f5244f399203681.png,8fa540b2feea3e9c135462cc93930a219fc996152a27503d385128a94f2b2c53
data/raw/doclaynet_hard_negatives/doclaynet_train_2b05fb2051e38f8ffb6e.png,train,doclaynet:AMEX_TTNP_2001.pdf,2,structured_document,0,doclaynet,financial_reports,ann_reports_00_04_fancy,AMEX_TTNP_2001.pdf,18,451de155a9621171b47fcf65762d207ba1c085374176bf3a5d57cd663fb09c0a.png,48319b332c6f3d0cb257858865161f44a8531f3eaf87e3e668f9158543423714
data/raw/doclaynet_hard_negatives/doclaynet_train_8bbe70691d363fbf573c.png,train,doclaynet:0000010254-19-000038_20190312x10k.pdf,2,structured_document,0,doclaynet,financial_reports,sec_filings,0000010254-19-000038_20190312x10k.pdf,8,573bf6bdf19b402969f52a7cdd21dabea687c488e1932f5adc01dac62c15d3ac.png,a7d8c34b5c320cfef36d092ba1d3229779e4b30c513f926f4b12045d2601bed5
data/raw/doclaynet_hard_negatives/doclaynet_train_e0ecc7cc43be022f74d5.png,train,doclaynet:0000046080-21-000035_20210224x10k.pdf,2,structured_document,0,doclaynet,financial_reports,sec_filings,0000046080-21-000035_20210224x10k.pdf,18,9c73c560c81f219e3c45bb539d9e27fa55f19af93f9b5dd4367f52d3da79f5cb.png,033ddcac7909eab97b30692a971ec095f6d633f209d8cb2f00c1f072231c7498
data/raw/doclaynet_hard_negatives/doclaynet_train_ec7bf5620d9c3ebff1ac.png,train,doclaynet:NASDAQ_DXYN_2001.pdf,2,structured_document,0,doclaynet,financial_reports,ann_reports_00_04_fancy,NASDAQ_DXYN_2001.pdf,1,bb09bd5afb5a492c6249421d7f5662c3a26692f894a949369e38deaa4ec4ac6f.png,6c270da0a324ae926febc27a8ea17bf3aa50cc9b853400b131d3b178c467dd4f
data/raw/doclaynet_hard_negatives/doclaynet_train_58414e46de19ab9b9595.png,train,doclaynet:TSX_BMO_2002.pdf,2,structured_document,0,doclaynet,financial_reports,ann_reports_00_04_fancy,TSX_BMO_2002.pdf,44,ad3c8e092e0a1121abdc3afffeadc483f12afb34829563ca9f98d1a7aa5f4442.png,260d1a461907e539ee906bde316a6520b6c438be61f9a1ba26f270ff2f0a01f2
data/raw/doclaynet_hard_negatives/doclaynet_train_592fcb50e0d6981dc242.png,train,doclaynet:0000030625-20-000007_20200218x10k.pdf,2,structured_document,0,doclaynet,financial_reports,sec_filings,0000030625-20-000007_20200218x10k.pdf,64,b87ebd96db0df938020583fda4693795d9d54b55767b9ddf27b4b1d0d0a1bfce.png,d58fb159df39cf5628a6a444e4560f2e7f14512e7743bccea3f5ffc8cadb04dc
data/raw/doclaynet_hard_negatives/doclaynet_train_ee610a84afade7d72ce8.png,train,doclaynet:NASDAQ_AGYS_2003.pdf,2,structured_document,0,doclaynet,financial_reports,ann_reports_00_04_fancy,NASDAQ_AGYS_2003.pdf,71,b45402bd5b71f0588ac98aeb04e79ed6a9980e0e436d351c3287f8da1111d8f2.png,722a80f9e8916d4b027a1c38d579e8098c14d22bfad485c115c39f447e2d523d
data/raw/doclaynet_hard_negatives/doclaynet_train_bcebf91ddea4e441ca2e.png,train,doclaynet:NYSE_CYD_2013.pdf,2,structured_document,0,doclaynet,financial_reports,ann_reports_10_14_fancy,NYSE_CYD_2013.pdf,0,6c5dcecfe3b4fc4709e67a811dcb78e0aa3b146eadfaba06b63d0a739d8af5ee.png,89ebd906fedea287add84b412cfb4304b083da8833d0f6b9cf3aba90eea4e54a
data/raw/doclaynet_hard_negatives/doclaynet_train_d442641cfed09346168e.png,train,doclaynet:OTC_BRBS_2012.pdf,2,structured_document,0,doclaynet,financial_reports,ann_reports_10_14_fancy,OTC_BRBS_2012.pdf,27,3420ee9544c956b03f66e165e0f9b2304f6995909b436b1e2a28aad80447ef7f.png,b2bbe82d05c1280b876d8b2df2dc11193a86dccbee772916e38a68fba3465d7d
data/raw/doclaynet_hard_negatives/doclaynet_train_ea331bc9950deaaf8803.png,train,doclaynet:NYSE_FBC_2003.pdf,2,structured_document,0,doclaynet,financial_reports,ann_reports_00_04_fancy,NYSE_FBC_2003.pdf,21,5bddc1f584afc3919761285074c4853c7ea591096601d68293e768ad8eff56ab.png,f29bc4a909fe4d4a784f3190209964ecd213887245abc4847ca2c79c0132a056
data/raw/doclaynet_hard_negatives/doclaynet_train_293eb8c66e2b69b81df0.png,train,doclaynet:ASX_KAR_2011.pdf,2,structured_document,0,doclaynet,financial_reports,ann_reports_10_14_fancy,ASX_KAR_2011.pdf,3,a3ed0570544a7ba3ddc3909b5b0109b5c1af0cc822464b844e51176713aa1bc4.png,23e59ed9cd7953f5357365e8358c62c643a433d38e00f9c0bc21dd6601a0d218
data/raw/doclaynet_hard_negatives/doclaynet_train_e8bde821e2d69ba08b47.png,train,doclaynet:NASDAQ_DLTR_2004.pdf,2,structured_document,0,doclaynet,financial_reports,ann_reports_00_04_fancy,NASDAQ_DLTR_2004.pdf,27,e677d3402a89f266c105a47fd4ddbe5ee6eedbad6364c009a8e20123cd00f12c.png,f9f0b36cfe2e656cbd05d17cb76cec0d8221d0a4fd6adf6589535fd327d6a11e
data/raw/doclaynet_hard_negatives/doclaynet_train_943527157e8b97faf354.png,train,doclaynet:NYSE_CMI_2000.pdf,2,structured_document,0,doclaynet,financial_reports,ann_reports_00_04_fancy,NYSE_CMI_2000.pdf,9,b60e17aa2d8d273dbabc66c9d35ab8f8a59bd287a4b091aee59fae977de03b35.png,8fd2b98e6f4fefcf475504ee0eb58bada9a31fece96ddb2c5b5b9996c1a2e74a
data/raw/doclaynet_hard_negatives/doclaynet_train_9bf670d8a7584638551a.png,train,doclaynet:0000024545-20-000005_20200212x10k.pdf,2,structured_document,0,doclaynet,financial_reports,sec_filings,0000024545-20-000005_20200212x10k.pdf,2,57085cb130dfb2bf72931b271da3f727e479b3038f1a479055131ab0b910b9c7.png,c8c857c185efeae2d730225d9cc3a5906f935012a680ebb613be8a25f1ef1223
data/raw/doclaynet_hard_negatives/doclaynet_train_cc7210e5ff967bcb3253.png,train,doclaynet:NASDAQ_MIDD_2004.pdf,2,structured_document,0,doclaynet,financial_reports,ann_reports_00_04_fancy,NASDAQ_MIDD_2004.pdf,26,3dd0a5d062e9ee177626bcb25f7e462f5455b652d4611ac1e766d8506d4e7161.png,acd2b1a465734ec7aece478c9a08d442d08f97b4f9712e400341324d9330aa12
data/raw/doclaynet_hard_negatives/doclaynet_train_375e7e280bf3b516fa93.png,train,doclaynet:NYSE_USM_2003.pdf,2,structured_document,0,doclaynet,financial_reports,ann_reports_00_04_fancy,NYSE_USM_2003.pdf,2,4ca57fd1e4e957fbd635904601ce327affdbe9ec6b9da74ba1f16eb5145afd4f.png,b6678c25773850ef627ff473e4fee3b2ffb0c8890e77302f842335e7b8e86096
data/raw/doclaynet_hard_negatives/doclaynet_train_0362994ae61b1efe4a41.png,train,doclaynet:0000019617-19-000054_20190226x10k.pdf,2,structured_document,0,doclaynet,financial_reports,sec_filings,0000019617-19-000054_20190226x10k.pdf,54,f17f49399da9299b59603d301fb0814cdc424070eb3b8402ff41ca6531e32280.png,380d711f196fc26a8be6ebaf91eab946ede824e062146c232d52741aa0f5bfa9
data/raw/doclaynet_hard_negatives/doclaynet_train_31bf2e7df31b1def1a19.png,train,doclaynet:NASDAQ_CNBKA_2012.pdf,2,structured_document,0,doclaynet,financial_reports,ann_reports_10_14_fancy,NASDAQ_CNBKA_2012.pdf,5,85fa9fb3da15dc90b09484d4cded47cebb07cd59cc9e74da18c613d7211c4ccf.png,3e128f4580c3c66072c6888c225c0dc6f91f9a13af12330313ef44abf68be477
data/raw/doclaynet_hard_negatives/doclaynet_train_175b89e48dd4a3e69e39.png,train,doclaynet:0000014272-20-000082_20200224x10k.pdf,2,structured_document,0,doclaynet,financial_reports,sec_filings,0000014272-20-000082_20200224x10k.pdf,105,ad2091df0c9af1532e46137f46eb39d746c14d091156ef86ad3983e739ef61b5.png,ddac0a93ed5a7d2d149d8edcf5ce824aca1dde6f14a803a13b285621df883797
data/raw/doclaynet_hard_negatives/doclaynet_train_e70294b4e15d0f6ceb56.png,train,doclaynet:NASDAQ_ADTN_2002.pdf,2,structured_document,0,doclaynet,financial_reports,ann_reports_00_04_fancy,NASDAQ_ADTN_2002.pdf,7,4f8a98602848e216dcf7628d6007f4139fa2e6161083e5ed1ee27c29eb1bd4d3.png,071113e957076f4e68417f7063db8fad1576f8f1f6b65c2caa554f8161805247
data/raw/doclaynet_hard_negatives/doclaynet_train_003d0d1cfa8489511489.png,train,doclaynet:NYSE_CAH_2000.pdf,2,structured_document,0,doclaynet,financial_reports,ann_reports_00_04_fancy,NYSE_CAH_2000.pdf,5,4e13ba8828d63a43d9aa49da6095d6dbc5e75eb440fcd9902390227626f773ea.png,b24b225bb326ac605d49283776b90c1ef8ccefbea3535c8af09e9e5fac42f2fc
data/raw/doclaynet_hard_negatives/doclaynet_train_09b820c4488a7a2a31b4.png,train,doclaynet:NYSE_SPE_2010.pdf,2,structured_document,0,doclaynet,financial_reports,ann_reports_10_14_fancy,NYSE_SPE_2010.pdf,35,2db282c5e81e2850ee6f97734a7acd03f98ddf758eba39602c42a79bc02fcff2.png,6e93da4c289de63652a9aadc30ff941b708055a9a4884f678389c205e1a0712a
data/raw/doclaynet_hard_negatives/doclaynet_train_5c34c8581f1423e2d3b4.png,train,doclaynet:NYSE_ED_2003.pdf,2,structured_document,0,doclaynet,financial_reports,ann_reports_00_04_fancy,NYSE_ED_2003.pdf,59,6eba966088574c40cd80c6a7c83f08f1fcf3207bc85e35014822a0bff0334b28.png,2f4b733efde15eb6d62f76653ea09addaabee77ae0f65fdfaf387722a495e4e8
data/raw/doclaynet_hard_negatives/doclaynet_train_b01f79f7fb8143a0a9d2.png,train,doclaynet:NYSE_KIM_2011.pdf,2,structured_document,0,doclaynet,financial_reports,ann_reports_10_14_fancy,NYSE_KIM_2011.pdf,21,0c770a29163f6c424e2ff01700e6bb5b13e3c7b20accc590f5e44ee71c018b8a.png,f73da155bf2d34e054207ea45e1c888c20c35a36f94c59abea38dd43de9ce1c9
data/raw/doclaynet_hard_negatives/doclaynet_train_eabdef86e441b7deaf48.png,train,doclaynet:NASDAQ_STFC_2014.pdf,2,structured_document,0,doclaynet,financial_reports,ann_reports_10_14_fancy,NASDAQ_STFC_2014.pdf,5,b20053aca2d49e7cc0210ce99cf9f54758396947022909a5b8c5b06ef2795893.png,5ce409b8087525d3a4e2c764ba31616f58f9766fbfc720ad3636715583476cbf
data/raw/doclaynet_hard_negatives/doclaynet_train_2c7b61930c67b8f2aa64.png,train,doclaynet:NYSE_K_2003.pdf,2,structured_document,0,doclaynet,financial_reports,ann_reports_00_04_fancy,NYSE_K_2003.pdf,40,615bc8f99ea6a928a3fe0766feb3be4d692f92e553d9aaf3fff6930df22afbb3.png,4f817389270a771e71f1ec72b91bac71041ffa7060560b19a7a2ddf998c63cab
data/raw/doclaynet_hard_negatives/doclaynet_train_7fcaf0fafbcab3abb72f.png,train,doclaynet:NYSE_EW_2002.pdf,2,structured_document,0,doclaynet,financial_reports,ann_reports_00_04_fancy,NYSE_EW_2002.pdf,54,fae68047fed5c6e45c090e518d4c8f2aa8e17ef7e4f668536a1e511408e97c77.png,b004aa29a40dc51dab12ff221364a47e8c396b208a4f65481f8981e16d58e6d5
data/raw/doclaynet_hard_negatives/doclaynet_train_fa21a4bf7df92c16f520.png,train,doclaynet:NYSE_PSLV_2014.pdf,2,structured_document,0,doclaynet,financial_reports,ann_reports_10_14_fancy,NYSE_PSLV_2014.pdf,21,7e80f13ac1a1a6649b7354efc094b987983d04de977777247aa22e8f03eb9aa6.png,3fc55493ff57a540f6ad9f5bccbfd4ec2ff796fb9b0a97cd2148144ced7cc089
data/raw/doclaynet_hard_negatives/doclaynet_train_291176550c0a37c22259.png,train,doclaynet:NASDAQ_SCCO_2004.pdf,2,structured_document,0,doclaynet,financial_reports,ann_reports_00_04_fancy,NASDAQ_SCCO_2004.pdf,20,3474154cb2b949bdd061609865828fb0f8a4f3a4850b28bdf64823fc550c4d1f.png,bb725faec2fdf893624724d4ff035567d8a3517b43e3beb7821cfb974ef10af5
data/raw/doclaynet_hard_negatives/doclaynet_train_099d0cc2523dc2542f99.png,train,doclaynet:NASDAQ_VSEC_2003.pdf,2,structured_document,0,doclaynet,financial_reports,ann_reports_00_04_fancy,NASDAQ_VSEC_2003.pdf,3,96d24d6c02a6259015ef6e3809d16fedaeb5c8b1b447a95685ecef9afb86c353.png,ca0ad1984cf4d9ed88cd2b21d8f9b1a0b87ae81fe363275b40d2f5afb3c96afb
data/raw/doclaynet_hard_negatives/doclaynet_train_41aa42a9a9689ee63d32.png,train,doclaynet:NYSE_BFS_2002.pdf,2,structured_document,0,doclaynet,financial_reports,ann_reports_00_04_fancy,NYSE_BFS_2002.pdf,19,c133f2f053be9d117dcb90bc80e6ebdb01e8500fcd0ce640b86f7c28e1dadfa5.png,ccfcedec03cf0eaeb27add3fd448000cceb345ef218ed7a00e8679ea731ae4d7
data/raw/doclaynet_hard_negatives/doclaynet_train_811631ee047e338b86ed.png,train,doclaynet:0000025475-19-000048_20190225x10k.pdf,2,structured_document,0,doclaynet,financial_reports,sec_filings,0000025475-19-000048_20190225x10k.pdf,116,2193594ddcb57412bf74eb4350a212f85bd142e2a4358314d35e4e417b5b8036.png,910d63d874d9f55272e614d19518231004c5f5697f76ab5411a177100149d81b
data/raw/doclaynet_hard_negatives/doclaynet_train_1dc65c60d8d240463a03.png,train,doclaynet:NYSE_CIT_2002.pdf,2,structured_document,0,doclaynet,financial_reports,ann_reports_00_04_fancy,NYSE_CIT_2002.pdf,8,7b2d8cd27234b133d377967cf0bc8d6269cc3c639b7c8ee9f82e5d030a3f7dd2.png,bbc56310dbfd3aeceb22477f07afba5f8f86fa51242f7f1a4ad841d3ac05a788
data/raw/doclaynet_hard_negatives/doclaynet_train_f73e9b756ffa80f74f48.png,train,doclaynet:NYSE_GLW_2003.pdf,2,structured_document,0,doclaynet,financial_reports,ann_reports_00_04_fancy,NYSE_GLW_2003.pdf,10,4643aee3733724218bcf960b722e551606ae2b214b2ced61afa2ee8b2f180c9e.png,2854d984a3f5b2ea851fb8dba4a8d86103a3e48e8cc8357086ed100fd55ac632
data/raw/doclaynet_hard_negatives/doclaynet_train_0156cc2149d455d781e6.png,train,doclaynet:NYSE_DRQ_2002.pdf,2,structured_document,0,doclaynet,financial_reports,ann_reports_00_04_fancy,NYSE_DRQ_2002.pdf,6,0e28fda2b8632d41596fbebd882495e5a042ad577c24863e3c253eb8090efdd2.png,52870c19506e39bbf486d99488a3c5aeb894f598b9c3291319f011981743f313
data/raw/doclaynet_hard_negatives/doclaynet_train_c048da0e7e2518278e9b.png,train,doclaynet:NASDAQ_ADTN_2013.pdf,2,structured_document,0,doclaynet,financial_reports,ann_reports_10_14_fancy,NASDAQ_ADTN_2013.pdf,18,22d7285deab97e2587beab080494b72cf9eec8e191819bf7d0f9539d412765d9.png,ec4c7d1c61e8cd6e72f2ab82e21c04db070150528f654b8afa713609698446be
data/raw/doclaynet_hard_negatives/doclaynet_train_2f934d8152d76437ea86.png,train,doclaynet:ASX_IFL_2012.pdf,2,structured_document,0,doclaynet,financial_reports,ann_reports_10_14_fancy,ASX_IFL_2012.pdf,2,7b0b0716a9eb03b5638e8dcfcf49dbb1f6bb3526fe3d357c339762b27672abbb.png,9ae392472b5c3953bbf43683a1bc632618a08590e3f780d3ef59c58047e36efb
data/raw/doclaynet_hard_negatives/doclaynet_train_69a5cc2908aac4158db3.png,train,doclaynet:NASDAQ_PLCE_2001.pdf,2,structured_document,0,doclaynet,financial_reports,ann_reports_00_04_fancy,NASDAQ_PLCE_2001.pdf,41,2812f97b5a61f7978f8ac774d7d2545da32ecfd8238299cb137bbbec71101ff5.png,f1f6511fc71c66ca2bb2571cec216bcac1edf1ad0cd862514c53b1c1544b8c45
data/raw/doclaynet_hard_negatives/doclaynet_train_e596f1186383fa90890a.png,train,doclaynet:NYSE_HL_2012.pdf,2,structured_document,0,doclaynet,financial_reports,ann_reports_10_14_fancy,NYSE_HL_2012.pdf,38,197b31aab8f43085e4e91ffb6e272ff83b0dc6d6a95c7b29902f5214a215f4c1.png,c0e82e36737b76b12395d19f7bb1eec207d27be52ffa054bf5ae59b727faf6a2
data/raw/doclaynet_hard_negatives/doclaynet_train_e80a07ed75d8d4558ab9.png,train,doclaynet:0000007332-20-000017_20200227x10k.pdf,2,structured_document,0,doclaynet,financial_reports,sec_filings,0000007332-20-000017_20200227x10k.pdf,53,32148bbec78bb88bd80bc1bf3ee61661635cc188bc00d8f414130bc0a31d5845.png,cb329ca2b548db7beb0a3db6d0a2fc074de0c6138206d58c394f8807afa8077f
data/raw/doclaynet_hard_negatives/doclaynet_train_30aef94dcb41692c9c25.png,train,doclaynet:NYSE_ARE_2004.pdf,2,structured_document,0,doclaynet,financial_reports,ann_reports_00_04_fancy,NYSE_ARE_2004.pdf,17,9215c5f89adba6a9823a6bae8155d81ea8879b863f252ae29646901f001cc82d.png,e83b7942fa662c5ef7ba974accc9abacf6780f4fde13d28f9ce588d86c7a7ab1
data/raw/doclaynet_hard_negatives/doclaynet_train_c852413ac1d52ea70977.png,train,doclaynet:0000006201-19-000009_20190225x10k.pdf,2,structured_document,0,doclaynet,financial_reports,sec_filings,0000006201-19-000009_20190225x10k.pdf,52,28f5079d00713a9f9eaa175d86e9affbb913e76802cd3b721e456fa1269c9bf9.png,66b0f583df1e421c2b33dc25271eb9a4f389af22b7ca3c64c4598f9ca54c8387
data/raw/doclaynet_hard_negatives/doclaynet_train_7c415e3ae2fb93cbf28f.png,train,doclaynet:NYSE_COF_2003.pdf,2,structured_document,0,doclaynet,financial_reports,ann_reports_00_04_fancy,NYSE_COF_2003.pdf,5,2306da3c66c9fe963c9640f717ffa4e4164a058344251a7eaf02026e01bcdf51.png,dc760524da119d46b257346570d03aa2213167c5cf85bf96a67343e42ac57d46
data/raw/doclaynet_hard_negatives/doclaynet_train_2fd3a2781620901a2258.png,train,doclaynet:TSX_WTE.UN_2002.pdf,2,structured_document,0,doclaynet,financial_reports,ann_reports_00_04_fancy,TSX_WTE.UN_2002.pdf,6,d86def6199d89dca91f303294ca7623972ab4bdbc5175dfe1b53fb0b12da007b.png,1295e023854350107dc61e60e4ef58fc7beae06ed478500c92256df0014d2a67
data/raw/doclaynet_hard_negatives/doclaynet_train_9ceeef977367f6014b8f.png,train,doclaynet:NYSE_SPB_2010.pdf,2,structured_document,0,doclaynet,financial_reports,ann_reports_10_14_fancy,NYSE_SPB_2010.pdf,4,e91de822f267de35c7e42bc6478940152a4b7f36afa1506713166d43c2669882.png,ece22844e770a1dafdb675fdd11a5a20f0abedc1b51b8a1c9a3215cf9097057f
data/raw/doclaynet_hard_negatives/doclaynet_train_aee3bec39af4f070aede.png,train,doclaynet:NYSE_FMC_2010.pdf,2,structured_document,0,doclaynet,financial_reports,ann_reports_10_14_fancy,NYSE_FMC_2010.pdf,79,01d711236e95799738d1ce8eec61e37f96f2d1c91448192e8ed40a825b4a43fb.png,3da960db1ff990dc31561425ea0213e2c44ee145b04225416eb9bdceb1c40757
data/raw/doclaynet_hard_negatives/doclaynet_train_c1efaab9b36e15f53249.png,train,doclaynet:NASDAQ_LABL_2004.pdf,2,structured_document,0,doclaynet,financial_reports,ann_reports_00_04_fancy,NASDAQ_LABL_2004.pdf,4,3b8b8ee1a004d018b34eb39b38db22997b17fe5fcf50e55a9fb65a2cd10f148d.png,fff8ba9d446ca9c73319966b956227a3e87fe689a9635675ef584d03588e26ce
data/raw/doclaynet_hard_negatives/doclaynet_train_20cf0bd8810b8ccdb650.png,train,doclaynet:TSX-V_CZO_2012.pdf,2,structured_document,0,doclaynet,financial_reports,ann_reports_10_14_fancy,TSX-V_CZO_2012.pdf,51,e6295138895fc142953d3623fe28053d3b22021261d3077b2fbed9669aa4d55b.png,9b7e29dc8a750cee57a5ec3885a0497aad8a62d494290b915303195b135b36cd
data/raw/doclaynet_hard_negatives/doclaynet_train_94b4121bf4cc5f640cb7.png,train,doclaynet:ASX_MQA_2014.pdf,2,structured_document,0,doclaynet,financial_reports,ann_reports_10_14_fancy,ASX_MQA_2014.pdf,199,402848cf82a6bf722ad483b7fffe24689918bcec0bf7357eee1fcf21820e7fbc.png,8dcce02420ebf03046a3cf08ff62e6e7399cda3f7617e69a1fea1782eabd79d1
data/raw/doclaynet_hard_negatives/doclaynet_train_7a1205251b3e7b644334.png,train,doclaynet:NYSE_PBYI_2013.pdf,2,structured_document,0,doclaynet,financial_reports,ann_reports_10_14_fancy,NYSE_PBYI_2013.pdf,1,eb4792064ca6edae66d937e11e6ebed314b4dd5c265dbedad9470d37808a6f7d.png,99018eb91810bbd4be5a053fcbbd8b5c61c4b5c46aa7b9ce44c1270d9f7c3cdf
data/raw/doclaynet_hard_negatives/doclaynet_train_d27ea60346522c1d2c8e.png,train,doclaynet:NYSE_AZ_2003.pdf,2,structured_document,0,doclaynet,financial_reports,ann_reports_00_04_fancy,NYSE_AZ_2003.pdf,104,cc03a68284dbd2c51461bd4533dc37832c0c6e12bcf397c0e27374220965804f.png,c67ac4638d68f793d99bd3e599cef09f7b5e780a9df1defe3a7033f0848187ff
data/raw/doclaynet_hard_negatives/doclaynet_train_b3fab81d42614194e215.png,train,doclaynet:AMEX_PHX_2010.pdf,2,structured_document,0,doclaynet,financial_reports,ann_reports_10_14_fancy,AMEX_PHX_2010.pdf,11,840409c22a2a03db2afe8e621cb70a6d063e8e3962337d2dc985e656633da0a7.png,e45442eca588634ede28adf5eb24d569c7156517e1ad7ec87cd50e13a82ee240
data/raw/doclaynet_hard_negatives/doclaynet_train_d1c32afdbeea72473efd.png,train,doclaynet:NYSE_GIS_2010.pdf,2,structured_document,0,doclaynet,financial_reports,ann_reports_10_14_fancy,NYSE_GIS_2010.pdf,4,cd577ef7e144913cf011771e92df6d32e0468794bc7563cb5429967b35eb5604.png,80a4c178d9f2f54451d180e5dd8589f63d014e461c86e72cf0b0e2e65e625807
data/raw/doclaynet_hard_negatives/doclaynet_train_4a5a3fdbbadb5ea1662d.png,train,doclaynet:NYSE_DHR_2001.pdf,2,structured_document,0,doclaynet,financial_reports,ann_reports_00_04_fancy,NYSE_DHR_2001.pdf,6,5d2f201f94a753d8ee8e9c2ddbd3f3560cf35608a8e007818045d8c836ee647a.png,1dffb822042d18d6bc3ed44113ac5ac8da26906497bf642798b601fb8ca20f8e
data/raw/doclaynet_hard_negatives/doclaynet_train_44ac1a40331e756e0f08.png,train,doclaynet:NYSE_ANF_2002.pdf,2,structured_document,0,doclaynet,financial_reports,ann_reports_00_04_fancy,NYSE_ANF_2002.pdf,8,11925b893807a31850715789fee3ad2018b4eed8928482d5b4d69c693fd03898.png,67540d0a5d1e87fdd4f2f4f3d4ae3eaaade18aa0b874bc325dafdbda1b46e180
data/raw/doclaynet_hard_negatives/doclaynet_train_23b89ace5ad5c9d48981.png,train,doclaynet:OTC_CABJF_2001.pdf,2,structured_document,0,doclaynet,financial_reports,ann_reports_00_04_fancy,OTC_CABJF_2001.pdf,60,781749b78cadef8b48b9108d3e9f5397826b358903f2aef6d25f9aaa5367f9e0.png,9931a01cd968e20316e05e135f65d91b383d41868822aa554f9cfe17a457a194
data/raw/doclaynet_hard_negatives/doclaynet_train_047e340db034493babe0.png,train,doclaynet:NYSE_HSC_2003.pdf,2,structured_document,0,doclaynet,financial_reports,ann_reports_00_04_fancy,NYSE_HSC_2003.pdf,11,5ce74db9930606940a0c8c2c54555b2b0a343bf7739b47f8aa6123651855f9d0.png,da3844a848ddb64e50379dc6556bee476e6f344ffa5ebcbf92b932f74f9006d7
data/raw/doclaynet_hard_negatives/doclaynet_train_b55df81920acc290e3d7.png,train,doclaynet:NYSE_HIG_2004.pdf,2,structured_document,0,doclaynet,financial_reports,ann_reports_00_04_fancy,NYSE_HIG_2004.pdf,6,5c7abcc5ff8ae7873f8d3f908c7b76d821008d8b621ae902853dc90aa5df0876.png,0d142e159f36533f72e5c6f0cd7258ec8b96f205288f8ea89bacbc71de87ad48
data/raw/doclaynet_hard_negatives/doclaynet_train_fa8b8a2f1d0ee4b6d77b.png,train,doclaynet:NYSE_OII_2003.pdf,2,structured_document,0,doclaynet,financial_reports,ann_reports_00_04_fancy,NYSE_OII_2003.pdf,11,34e79988576b1a263a03388a49288ec0ac94ee0b1b3573a9dc43faf434417433.png,0ee5fea3e8b6252101b295bf1ad0aaa08da6e4e70f57cf7cb1b2ae7df2479540
data/raw/doclaynet_hard_negatives/doclaynet_train_463915a9f9fb77788aaf.png,train,doclaynet:NYSE_AEP_2004.pdf,2,structured_document,0,doclaynet,financial_reports,ann_reports_00_04_fancy,NYSE_AEP_2004.pdf,17,0d34b2574a696bde952c9225c304f67badd790c9368b88cb74e6252d9d72473f.png,cf4b6846f76241217124aaecfdb79ef337ababb00d9710462c2077b734a50e3c
data/raw/doclaynet_hard_negatives/doclaynet_train_0ddca1c8b9f0f3269185.png,train,doclaynet:NYSE_WMT_2001.pdf,2,structured_document,0,doclaynet,financial_reports,ann_reports_00_04_fancy,NYSE_WMT_2001.pdf,0,cdb2652bc0b529637dc95bcf9fd49d56634805b14c84d891ea10a01ebab870f3.png,b6792920a86387735cc77012fda7cd86ae978c2775e2e82b5ff46152490f0a13
data/raw/doclaynet_hard_negatives/doclaynet_train_7d22510097bc6c1c7ac1.png,train,doclaynet:NYSE_RTN_2003.pdf,2,structured_document,0,doclaynet,financial_reports,ann_reports_00_04_fancy,NYSE_RTN_2003.pdf,35,3fd82f62ff8b481033f097756a45e340c79bcc3ba661ce6e6d1b775188121b69.png,cc96086b7a5cd345387c1f9bdf98e1df1add3b0b57f45221f9a2afa9bd57f88c
data/raw/doclaynet_hard_negatives/doclaynet_train_b582ff57a49440d329e6.png,train,doclaynet:0000031978-20-000006_20200226x10k.pdf,2,structured_document,0,doclaynet,financial_reports,sec_filings,0000031978-20-000006_20200226x10k.pdf,115,63dac514df9d70d6ffa0914791411402886f68eb126c71d79cfc4a4d8d09d367.png,82348bc9a62987e4794ca334156a55a9a976dc021acf05a656b4efddeaffb925
data/raw/doclaynet_hard_negatives/doclaynet_train_7ee8c1a86bba2165e769.png,train,doclaynet:TSX_AD_2011.pdf,2,structured_document,0,doclaynet,financial_reports,ann_reports_10_14_fancy,TSX_AD_2011.pdf,6,95e281812d696c9e4bff9a66ece2b4df886d170b1516ef2c3d5a960f2ade71cb.png,892b6ace45ad1fc414f5cabf0423a6d401a1761c16bf9da5911ca18a1cc797aa
data/raw/doclaynet_hard_negatives/doclaynet_train_3cc3d524c726274082cb.png,train,doclaynet:NASDAQ_MGLN_2013.pdf,2,structured_document,0,doclaynet,financial_reports,ann_reports_10_14_fancy,NASDAQ_MGLN_2013.pdf,6,e4f860a9aaa73fb7fe1a18313ef62c865150ece4c7df920806c46ee934c562e1.png,9f7a23fb481e169834043b6c55d83d8cce27daa35011d240e388e0be896e642b
data/raw/doclaynet_hard_negatives/doclaynet_train_5a4eb9d6c6c8e3711344.png,train,doclaynet:NASDAQ_KCLI_2012.pdf,2,structured_document,0,doclaynet,financial_reports,ann_reports_10_14_fancy,NASDAQ_KCLI_2012.pdf,13,fe0ace78ab7bd9488cc7cc528389b8e795f41e661fc76ac6cae29efe46f69cb1.png,423168fdbc4677ba89ea4ee5d70f61bc7eef4158feaf2f166e79b47b945fa748
data/raw/doclaynet_hard_negatives/doclaynet_train_0d21ec2bdef165a4e15e.png,train,doclaynet:NYSE_CAPL_2012.pdf,2,structured_document,0,doclaynet,financial_reports,ann_reports_10_14_fancy,NYSE_CAPL_2012.pdf,6,0ef12bb0b20d5a29ad76ce0719daa5205b903a447cf1786a41ffd8483eae70f5.png,b9c107409a5b6676f4b460ec70b37cee6f6db2a51c174b5292ad610343e363be
data/raw/doclaynet_hard_negatives/doclaynet_train_d5b3de45166d0826c2ea.png,train,doclaynet:0000018498-20-000016_20200401x10k.pdf,2,structured_document,0,doclaynet,financial_reports,sec_filings,0000018498-20-000016_20200401x10k.pdf,28,99d0c3dba72a89b12b0bac7bf7dd391378c27054fcd5a0e7d850ca0e87702c8e.png,4bf22bb49cc4f968c6f295d7a9f86470ba0feab049f66bb5256a1027c3b1209f
data/raw/doclaynet_hard_negatives/doclaynet_train_bfb1ded53517f374efe2.png,train,doclaynet:TSX-V_TWR_2010.pdf,2,structured_document,0,doclaynet,financial_reports,ann_reports_10_14_fancy,TSX-V_TWR_2010.pdf,3,346d74244fe061701bbb2b6b8641cf3321fc99a83b9a799bb14878ac57d5d4e4.png,4b6d97e953f84e4e9f61996b7c790cdf57241e1087a4bd32b7f19da066c5a379
data/raw/doclaynet_hard_negatives/doclaynet_train_f536ae9299ca396df880.png,train,doclaynet:0000040888-21-000006_20210218x10k.pdf,2,structured_document,0,doclaynet,financial_reports,sec_filings,0000040888-21-000006_20210218x10k.pdf,46,b5551a4b857d8231ddecf3e575e01b516a2b69b90c3e7fa1e3b56459341f03d6.png,0b75ea1d9182b16eb139bb80d684cb2d2a8ac07adbe43e3554cd50474450f31e
data/raw/doclaynet_hard_negatives/doclaynet_train_da65581bc5e7cee227b8.png,train,doclaynet:NASDAQ_DCOM_2002.pdf,2,structured_document,0,doclaynet,financial_reports,ann_reports_00_04_fancy,NASDAQ_DCOM_2002.pdf,5,4eafde9db8e41edd6da484c97a080ea476ce3cd7445ff54892b4f2d0b101a4d6.png,6ce643742d5979db10fb83918f06c1e7396453140737d0e6aba26a12ef8c5a45
data/raw/doclaynet_hard_negatives/doclaynet_train_e1fa7776817236440363.png,train,doclaynet:0000013239-20-000006_20200303x10k.pdf,2,structured_document,0,doclaynet,financial_reports,sec_filings,0000013239-20-000006_20200303x10k.pdf,98,e9f195242fc5711118a59a7bf917ffe557ed5295561fc17778d66f3b224cc3e2.png,a8043c1b2cd5816a81d81b5e91fe9fb1be4aee36835b46029f88c461b9503378
data/raw/doclaynet_hard_negatives/doclaynet_train_01bea191ae7ddc3fc059.png,train,doclaynet:0000006281-19-000144_20191126x10k.pdf,2,structured_document,0,doclaynet,financial_reports,sec_filings,0000006281-19-000144_20191126x10k.pdf,70,f59c2142ede810c15e3274b08397d54bbf6ca7c45d382c194773c8a150defaa9.png,a35ede736a7ce737f8d95a7881ed2c54f2e4163f0e72fe1b1795c5293fb2041b
data/raw/doclaynet_hard_negatives/doclaynet_train_8679f5ec1b940fa1bb2e.png,train,doclaynet:NASDAQ_CMCO_2003.pdf,2,structured_document,0,doclaynet,financial_reports,ann_reports_00_04_fancy,NASDAQ_CMCO_2003.pdf,7,18d009e5094a37ad3c2cf27efb41220e2404a89c111f69b8290a86dcbd07eeff.png,299e49c282b3b159684021d98853399b09b9ce8141fe5c57e418c7acbe1a824f
data/raw/doclaynet_hard_negatives/doclaynet_train_8a8f4d61c864ea3f743e.png,train,doclaynet:NYSE_FBP_2001.pdf,2,structured_document,0,doclaynet,financial_reports,ann_reports_00_04_fancy,NYSE_FBP_2001.pdf,9,2c56764632653d3f5352453f6b14aee1fc1cdb2f775d548336e9d5bf315359c2.png,580c19920f7539776a04cec7472d3af43c4682cffeee3317d94ac40f4dd6d016
data/raw/doclaynet_hard_negatives/doclaynet_train_792f02c8a3177587ec9d.png,train,doclaynet:TSX_CPX_2012.pdf,2,structured_document,0,doclaynet,financial_reports,ann_reports_10_14_fancy,TSX_CPX_2012.pdf,98,6229a18c6e46fd81bf552da2e89174efde35102d37febd129f8bc42c8b7aa5ea.png,a12bb2dab0da8d76ea9f3cd74272a8d131c85c31c76eab706f998161257b849e
data/raw/doclaynet_hard_negatives/doclaynet_train_1d6e674b6c1a893df9e2.png,train,doclaynet:NYSE_CRK_2012.pdf,2,structured_document,0,doclaynet,financial_reports,ann_reports_10_14_fancy,NYSE_CRK_2012.pdf,1,d7b3d50c04b4ebfc58125a628bb09eed7b6690405494cd942201b7dbaf70991a.png,9560bc56ce7abc38c658a7dbecb6b94335e0f397c79dd61ca96ae337f2def9eb
data/raw/doclaynet_hard_negatives/doclaynet_train_28347fc703dfe2faacef.png,train,doclaynet:NYSE_KEY_2003.pdf,2,structured_document,0,doclaynet,financial_reports,ann_reports_00_04_fancy,NYSE_KEY_2003.pdf,29,67eee41479258e36d9733a81cf4c21df6586cf151ad7bf310a05eb9eb5208c44.png,064e6545773b011f9c69bf68c39baae662540e24740ffd22c198817942c6655d
data/raw/doclaynet_hard_negatives/doclaynet_train_213cce2a1b0d88d84674.png,train,doclaynet:NYSE_CPT_2004.pdf,2,structured_document,0,doclaynet,financial_reports,ann_reports_00_04_fancy,NYSE_CPT_2004.pdf,28,a9d08a3687c95d36c506debf3cbe547dc7cd0deb06827788357d8e48e784a2a8.png,ec15a35a3f8c0b07364aba08f515d28b9b01b508b1610a684c5df9c950115e0c
data/raw/doclaynet_hard_negatives/doclaynet_train_8a0dc9510879caafd37f.png,train,doclaynet:NASDAQ_BOKF_2001.pdf,2,structured_document,0,doclaynet,financial_reports,ann_reports_00_04_fancy,NASDAQ_BOKF_2001.pdf,36,87b02f5cf11960ef430f0ddef0d4f37e33ce7d811dd5d4c3294672554b9a7ce1.png,8c42d4ce79b3406d84891923fab77d552747b065f7f6eb3110c4a185c8ec7198
data/raw/doclaynet_hard_negatives/doclaynet_train_eaec97d9d3ebc5ff79f7.png,train,doclaynet:0000024090-19-000010_20190326x10k.pdf,2,structured_document,0,doclaynet,financial_reports,sec_filings,0000024090-19-000010_20190326x10k.pdf,94,92486b5db589e276d00851c653bcecdd538f45ee44fb33fef136d6a355c2688e.png,bb3b18518495c39d15d2146a31e0641e6949bbd91ae7a65ce543f41bc52b8e2c
data/raw/doclaynet_hard_negatives/doclaynet_train_9bf5c3bf74befe351b41.png,train,doclaynet:0000008858-19-000035_20190815x10k.pdf,2,structured_document,0,doclaynet,financial_reports,sec_filings,0000008858-19-000035_20190815x10k.pdf,36,5e8fb91d110fe336f23d1d671dcb3ac6eb6c6d860dd28e5959438d9ffdb545ff.png,55aac8c2af6bfe01c81bc3304ab6564fa479f8a7d605632d34f24a1c046ca6d5
data/raw/doclaynet_hard_negatives/doclaynet_train_e31c681dd08b4cbb00ff.png,train,doclaynet:0000034782-21-000036_20210218x10k.pdf,2,structured_document,0,doclaynet,financial_reports,sec_filings,0000034782-21-000036_20210218x10k.pdf,10,2e87ceaa2fb8bcd56501708cd46cde6520f972b97b698254f39ac61ee03acf8f.png,ae5c1eb0251b65ecc1b540358e1f03ebb4f1c7f6ec02a45de5e5257d1acdb52b
data/raw/doclaynet_hard_negatives/doclaynet_train_af4659f60dc347939d78.png,train,doclaynet:NYSE_SPG_2011.pdf,2,structured_document,0,doclaynet,financial_reports,ann_reports_10_14_fancy,NYSE_SPG_2011.pdf,46,f96cbdf6af10623abb2f66dd72f257b3ef9e40da7acd5ac7792f3365f93400f4.png,acb2e93c74b5cc1e1851b8773d4ef8b9ad9c207bb48db424c0df11567182f0fe
data/raw/doclaynet_hard_negatives/doclaynet_train_563f6c492911d684aa02.png,train,doclaynet:0000006201-20-000023_20200219x10k.pdf,2,structured_document,0,doclaynet,financial_reports,sec_filings,0000006201-20-000023_20200219x10k.pdf,82,18e34674b8e12cc67990cc4fc8e31fa76fa55a7070158529c2e5a93662701608.png,e6d736bed21d8912d677ed9f91d5a19fa2bc003aa1ded7821ebb10db180f9f21
data/raw/doclaynet_hard_negatives/doclaynet_train_cb3df894f42edbabf466.png,train,doclaynet:ASX_SBM_2004.pdf,2,structured_document,0,doclaynet,financial_reports,ann_reports_00_04_fancy,ASX_SBM_2004.pdf,36,0d03798b099ffc0a5b082dc54101466610f31d37a4332fb4b36b1d6f6e0d7802.png,d7d9e8aaae142e6a69258ac56d4c285207f8930abb4f8317421ba7427fca792b
data/raw/doclaynet_hard_negatives/doclaynet_train_d65e5c1036c005273192.png,train,doclaynet:TSX_WSP_2014.pdf,2,structured_document,0,doclaynet,financial_reports,ann_reports_10_14_fancy,TSX_WSP_2014.pdf,11,d90876eb6016395aacf678693d527f74fcd9097e4f330ee21dd605dd3d5bde7c.png,27df27ad1429f3ba3e1a741774c5ef14a9ed68ae27298a34277bcc2ec4484b97
data/raw/doclaynet_hard_negatives/doclaynet_train_74caed6350c0ed78402c.png,train,doclaynet:NASDAQ_ATVI_2004.pdf,2,structured_document,0,doclaynet,financial_reports,ann_reports_00_04_fancy,NASDAQ_ATVI_2004.pdf,26,f1bf176014463eb21802c6637243b8a805fe9ec063e32741af6d4cf761701663.png,002e519253cdb1603363b9bcb7f097ee94290d4cb46cc1fe4ba07cdbfaa3d14c
data/raw/doclaynet_hard_negatives/doclaynet_train_baa4d34f68806bece6c0.png,train,doclaynet:NYSE_EME_2001.pdf,2,structured_document,0,doclaynet,financial_reports,ann_reports_00_04_fancy,NYSE_EME_2001.pdf,3,1254b65aa5bb3cda895db1a4871e048aa107f99877c6a0c8a0f4d378f68dcb96.png,764e3ee1aaf34560d9d528e25597c815ef5fbedad0334f4b9c9f506b6f188d8d
data/raw/doclaynet_hard_negatives/doclaynet_train_830a015d9026e6c172dc.png,train,doclaynet:NYSE_CBZ_2000.pdf,2,structured_document,0,doclaynet,financial_reports,ann_reports_00_04_fancy,NYSE_CBZ_2000.pdf,1,2bc82612ab0c249b22771e612fcf25404f46349db0e0152495ac20020e6a86ca.png,c69cb3da1208c49227f41e9b280ad4ca865e2f7acbda9f4ceb7e22cecfbc6c55
data/raw/doclaynet_hard_negatives/doclaynet_train_66feede4950fe8000292.png,train,doclaynet:OTC_CRH.I_2012.pdf,2,structured_document,0,doclaynet,financial_reports,ann_reports_10_14_fancy,OTC_CRH.I_2012.pdf,9,77f6352cb93f920520bc2380badf4d47f11e4d05f66b91539c9bec2d2a979b55.png,ec1b1df96b7601c260c3aef33949c0343abd72c0a3ac3a5fcf155380b3739a58
data/raw/doclaynet_hard_negatives/doclaynet_train_754fa0eed55507526c12.png,train,doclaynet:NYSE_HI_2011.pdf,2,structured_document,0,doclaynet,financial_reports,ann_reports_10_14_fancy,NYSE_HI_2011.pdf,3,9321d2da4adf957b25331922429595c7114388bb4214a74f7cb1c08918bc7196.png,8a644fe7f29d0660ed0f163bb487bcbfa49e2daf039f50ee94cc1bafc8c7d453
data/raw/doclaynet_hard_negatives/doclaynet_train_d35610f92874db7a9ac9.png,train,doclaynet:NYSE_PBI_2004.pdf,2,structured_document,0,doclaynet,financial_reports,ann_reports_00_04_fancy,NYSE_PBI_2004.pdf,14,fc99f075c6057117578b6305918db508353294447a4194b3ceb03ca2bf225bf8.png,27903be8729dcda068daf2e127a2488937efa60766f579f0ccfeb2ca73ecc77d
data/raw/doclaynet_hard_negatives/doclaynet_train_1dba894d7d96da97a86b.png,train,doclaynet:0000029332-20-000012_20200312x10k.pdf,2,structured_document,0,doclaynet,financial_reports,sec_filings,0000029332-20-000012_20200312x10k.pdf,27,322705e2527b4b46fda1f05d372e84331ec9916c5811aecb5f626542846a3bf2.png,658fd09165f86ed5157aa772009b3a91bc86644622792f0a3818dccb9cc160f8
data/raw/doclaynet_hard_negatives/doclaynet_train_5fa1a03ddb738755f401.png,train,doclaynet:NASDAQ_BUSE_2001.pdf,2,structured_document,0,doclaynet,financial_reports,ann_reports_00_04_fancy,NASDAQ_BUSE_2001.pdf,11,4ec2f6284e218d6394413eb5206ddfd834834f6801f1bafc1fe43949ad44f143.png,39487da1518056b91f0354f06fafa115600780b5b43ad43bef6ee0aead479cd5
data/raw/doclaynet_hard_negatives/doclaynet_train_d9a18809fae443e30a20.png,train,doclaynet:NASDAQ_ERIE_2011.pdf,2,structured_document,0,doclaynet,financial_reports,ann_reports_10_14_fancy,NASDAQ_ERIE_2011.pdf,10,6798de1685c4a8f2ae39de9b7758fcb19271da52e0aba8588b1d31313c518c7e.png,ab53369205ac758d83338ab2024d842e6f96af60f5c0ec27cb01c50b042eddd7
data/raw/doclaynet_hard_negatives/doclaynet_train_02fdf99600472c007b7d.png,train,doclaynet:NASDAQ_CWCO_2000.pdf,2,structured_document,0,doclaynet,financial_reports,ann_reports_00_04_fancy,NASDAQ_CWCO_2000.pdf,12,06ee830e5147a66e0511507ec1b34f03753a184bfa7635ffcf784501a2888581.png,29857c372c348638ee58ecd2df40a0842be21b92d81483aecffd2eaa08d61a85
data/raw/doclaynet_hard_negatives/doclaynet_train_035ed4967bbeec577203.png,train,doclaynet:NYSE_DRQ_2014.pdf,2,structured_document,0,doclaynet,financial_reports,ann_reports_10_14_fancy,NYSE_DRQ_2014.pdf,23,725af5afdbb22c922485d3bb6183955f7b9263d6f5666de42dde998c4c67713e.png,5666938872398a6f588ffe0f76cf0a77e638ea0638c51575db361ec332348a2b
data/raw/doclaynet_hard_negatives/doclaynet_train_6cad0ab1b2ce83b26786.png,train,doclaynet:NYSE_BWA_2004.pdf,2,structured_document,0,doclaynet,financial_reports,ann_reports_00_04_fancy,NYSE_BWA_2004.pdf,3,96c2244b4f19a63d4c40735d06202841c71de62705c478d9f49ad2b2a283e94a.png,607051772df7ec3adf8a6fd6387ab0a9a3d42ec8f974b4a41319ac8ca2d4fcc6
data/raw/doclaynet_hard_negatives/doclaynet_train_459ee1a1fc659af64d9d.png,train,doclaynet:TSX_SAP_2003.pdf,2,structured_document,0,doclaynet,financial_reports,ann_reports_00_04_fancy,TSX_SAP_2003.pdf,24,b2d3299d266a6609920406a37ac9f8d72e5f030f869f1499719fa681ce3c9ce5.png,84dbfde7bd62cd880b1ecee4b9e0343234b6bea59949615b39beeeb61b2a4879
data/raw/doclaynet_hard_negatives/doclaynet_train_9f8e1541594f2dfe9f48.png,train,doclaynet:NYSE_B_2003.pdf,2,structured_document,0,doclaynet,financial_reports,ann_reports_00_04_fancy,NYSE_B_2003.pdf,1,74c9aba539fe8e474dc86c33caf95f64d78a51b04e10375f19705f425359f4e4.png,17ce39bdc8e9d22019ff0cc261fea518cc87dc73b6f0553c7d1822797b902568
data/raw/doclaynet_hard_negatives/doclaynet_train_3d808be04ead30a212ac.png,train,doclaynet:0000021510-20-000049_20201201x10k.pdf,2,structured_document,0,doclaynet,financial_reports,sec_filings,0000021510-20-000049_20201201x10k.pdf,110,57b4d1e35e6c272ae6362410312a29c7a31c6d9ad1ee787d527047943443de04.png,9822df2d07c56b372ad0dcc9c1e9a1b1ee843f487ea20fc37a6c5412310985cd
data/raw/doclaynet_hard_negatives/doclaynet_train_68c7b9f7d0214eff1fb3.png,train,doclaynet:NYSE_TDS_2001.pdf,2,structured_document,0,doclaynet,financial_reports,ann_reports_00_04_fancy,NYSE_TDS_2001.pdf,27,89cdd46df0bab498ed9de1b55bfc88625b26d253c9e5f992f352af7cf3ed9b2e.png,e53491ed23f24fcb53d07befbce40f073cead19fc7a44e462464dcdcb9863c36
data/raw/doclaynet_hard_negatives/doclaynet_train_704eb4697b2e71bc1376.png,train,doclaynet:ASX_KMD_2013.pdf,2,structured_document,0,doclaynet,financial_reports,ann_reports_10_14_fancy,ASX_KMD_2013.pdf,15,ad0243fcf8b7dd68e400a1cdce96f7a8ebf4d2a5cd08a7a01745fda664b5b64b.png,c5ba00a9fa9a7bdd61c34ee752d15c513074f2192bdc9d5897ba86340b74264b
data/raw/doclaynet_hard_negatives/doclaynet_train_869b7a40d07dac66e7e8.png,train,doclaynet:NYSE_DAN_2014.pdf,2,structured_document,0,doclaynet,financial_reports,ann_reports_10_14_fancy,NYSE_DAN_2014.pdf,100,383f237d0c0602dd35952d809679b7c5714a6c0547e26cc68c86f1a19f037784.png,b3c6411f4a48f731eb6ee6809c8d7f3af67dff7b77066b3ceffda654e0b4a710
data/raw/doclaynet_hard_negatives/doclaynet_train_7545312115f0542b1ca8.png,train,doclaynet:0000007332-21-000016_20210301x10k.pdf,2,structured_document,0,doclaynet,financial_reports,sec_filings,0000007332-21-000016_20210301x10k.pdf,104,c0b9da957586214b41b3cd68b06659d3107957c23cbbf541d0f2acb2223c2517.png,a0f3ffca1db0e5414c718e2384c201ca718f67772975bf2c891a1192925f9706
data/raw/doclaynet_hard_negatives/doclaynet_train_ab530558e8fe725fe7ed.png,train,doclaynet:0000005513-20-000027_20200218x10k.pdf,2,structured_document,0,doclaynet,financial_reports,sec_filings,0000005513-20-000027_20200218x10k.pdf,207,193005bea9544833a3173d95caa5d72de63d7583af7e952fede29a8cdd3d7b59.png,c0e068ad498acbaf897654cd657df4582b064ddd379202e6b3a43cf3f6aaeeec
data/raw/doclaynet_hard_negatives/doclaynet_train_9fc04e4b9e47a4057f8c.png,train,doclaynet:NASDAQ_HAIN_2004.pdf,2,structured_document,0,doclaynet,financial_reports,ann_reports_00_04_fancy,NASDAQ_HAIN_2004.pdf,14,27e9a9f531c593ac46afffe66b041772dca7c08a505f77ce8430c0efdaaa54d3.png,04fdc8dd508ec12e48542a3abdaa01de09a414868ec93a18e2622ec95b7a1f97
data/raw/doclaynet_hard_negatives/doclaynet_train_793a4acd2bad062972eb.png,train,doclaynet:NYSE_UTX_2002.pdf,2,structured_document,0,doclaynet,financial_reports,ann_reports_00_04_fancy,NYSE_UTX_2002.pdf,18,d1bdf4865de6b9f2efad8e1f28b23708a8f86ff13e823f0db18e08d8dd07de38.png,789870c073d41571f721c9f66557795bc8656b9a27f4654c73f84c71c900db08
data/raw/doclaynet_hard_negatives/doclaynet_train_8745e3c9e163d924271c.png,train,doclaynet:NASDAQ_ALSK_2004.pdf,2,structured_document,0,doclaynet,financial_reports,ann_reports_00_04_fancy,NASDAQ_ALSK_2004.pdf,1,eae61d0a920573081e2644d383b8bfec87fc09f0a31acbfc4a71c48cc33818c5.png,747195d52f4240507b1cd60aa1adb832ed8b1ff4d16782649bd6f144f96348cf
data/raw/doclaynet_hard_negatives/doclaynet_train_e509b5ab58f077fc900a.png,train,doclaynet:NYSE_EW_2001.pdf,2,structured_document,0,doclaynet,financial_reports,ann_reports_00_04_fancy,NYSE_EW_2001.pdf,19,b4010c64b5dfdf90ddd6a79748fdb0b9d75ef5d947e1046d5abdfc5150e90dc8.png,311a65bb2364ffb363da2a478298a9998b7e319f57ceff7ecbe9691032d25c7c
data/raw/doclaynet_hard_negatives/doclaynet_train_d521ca68b89fd051d7d5.png,train,doclaynet:NYSE_LMT_2011.pdf,2,structured_document,0,doclaynet,financial_reports,ann_reports_10_14_fancy,NYSE_LMT_2011.pdf,22,43cd081fe74f77b6762d640756c5c8febfb3acc287ebbacf7097d829af71792f.png,b9a9b147ecc1ae3828be118d24a601e7f5ff78febc6f1b7a31513706b5206895
data/raw/doclaynet_hard_negatives/doclaynet_train_04bfabdb8b59dc198602.png,train,doclaynet:TSX_H_2013.pdf,2,structured_document,0,doclaynet,financial_reports,ann_reports_10_14_fancy,TSX_H_2013.pdf,20,9fab67975d4a95112b16b759c9696bc970e2854d05eaf6b23477f395aeb34858.png,20b2daf4213fb81c60d2d0a79f36646fe59b701471215cf33e416b9bb38a332e
data/raw/doclaynet_hard_negatives/doclaynet_train_0d7fff1cffdae1bef922.png,train,doclaynet:NASDAQ_FRME_2003.pdf,2,structured_document,0,doclaynet,financial_reports,ann_reports_00_04_fancy,NASDAQ_FRME_2003.pdf,26,b444e6f1be558ad7c62b18bc6b5cdf0a306034c4678ee63e76373769a2f2fccd.png,8e93206ac9a398d15c2483992572faadc80270ea059aa974b725a8b39c33a37f
data/raw/doclaynet_hard_negatives/doclaynet_train_a616d41661f921776ff1.png,train,doclaynet:NASDAQ_CTSH_2002.pdf,2,structured_document,0,doclaynet,financial_reports,ann_reports_00_04_fancy,NASDAQ_CTSH_2002.pdf,33,265487b038d96e85354c2aadfe4133adf8364161aaa2ecc8f032e6e60e46074d.png,c3f92c90ccd44492638ac1900cd26f49bb463c6e41a7e99173ca07ca99983313
data/raw/doclaynet_hard_negatives/doclaynet_train_9c20948aa462818ccd35.png,train,doclaynet:NASDAQ_GOOD_2014.pdf,2,structured_document,0,doclaynet,financial_reports,ann_reports_10_14_fancy,NASDAQ_GOOD_2014.pdf,5,88b4d2b7eeee50a7e12bfa1e88887b3bb178298bcd9cef07f0175d547f5216d9.png,e4353cefaec350f01f78b6c44c7f9d8b616e6a878b09efcc7a6bcb0eff547c36
data/raw/doclaynet_hard_negatives/doclaynet_train_8590f1f060ce87c07d8c.png,train,doclaynet:NYSE_AEG_2003.pdf,2,structured_document,0,doclaynet,financial_reports,ann_reports_00_04_fancy,NYSE_AEG_2003.pdf,61,e9fbd28be1e0ac470ccecf32b8b177c75458fa667dbca4e52918b18c5188aae8.png,db8eae67778c35da2f936e8c8c30d7041d31a29b263ff3f0f4054c92a80f9697
data/raw/doclaynet_hard_negatives/doclaynet_train_62d86a6ae93c0b2b929a.png,train,doclaynet:NYSE_RDN_2012.pdf,2,structured_document,0,doclaynet,financial_reports,ann_reports_10_14_fancy,NYSE_RDN_2012.pdf,123,851620c9d4bec1a5e150d808701155439a3e94a9b7100bad704b59bc8edc997a.png,f632b20d4794344b49089ad8731863d33b328eec47165970aae1fcb5ae7cbc60
data/raw/doclaynet_hard_negatives/doclaynet_train_64f3edcc35748b080ccd.png,train,doclaynet:NASDAQ_POWL_2013.pdf,2,structured_document,0,doclaynet,financial_reports,ann_reports_10_14_fancy,NASDAQ_POWL_2013.pdf,4,5744444eb2029e1fe72006639372e11ed34dfbaa12f51cc825d692690aeb63a5.png,7f7d392d2e73d21b28a6ec21fe7dc92182a6359572d624ba147092d373293bb7
data/raw/doclaynet_hard_negatives/doclaynet_train_c619d6f0885c4547c48f.png,train,doclaynet:NASDAQ_TTMI_2003.pdf,2,structured_document,0,doclaynet,financial_reports,ann_reports_00_04_fancy,NASDAQ_TTMI_2003.pdf,9,69ab545e9d2c642d6b8560f3b8d482f8153191b7512dbfb359f4855448382bc5.png,3e58d8508ecba4b9c7ddbca7c132ea43ce59cea636df7cf66de5eefa87ac5b03
data/raw/doclaynet_hard_negatives/doclaynet_train_fc77823d178cf1ca4611.png,train,doclaynet:NYSE_STAG_2014.pdf,2,structured_document,0,doclaynet,financial_reports,ann_reports_10_14_fancy,NYSE_STAG_2014.pdf,4,2037410d938cf517a2bcb6f25bed5ba16c7adca3ca9e7f315f431b5eee21308b.png,091309bb20afd9d0eec425090b3ef90c124a6c3591ead9135121937036496111
data/raw/doclaynet_hard_negatives/doclaynet_train_0075bc0cd44734d05696.png,train,doclaynet:NYSE_MOV_2001.pdf,2,structured_document,0,doclaynet,financial_reports,ann_reports_00_04_fancy,NYSE_MOV_2001.pdf,20,e2b4fc26079429610265a9f45a277d174240a71d954d8599cce82651ddbc23ca.png,42d99ab16f0d3909b7943c736e0b17c9ae33b7834d7f0bdc561677ab6e53c262
data/raw/doclaynet_hard_negatives/doclaynet_train_397f3d6b9ff6f60da0ac.png,train,doclaynet:ASX_MIN_2014.pdf,2,structured_document,0,doclaynet,financial_reports,ann_reports_10_14_fancy,ASX_MIN_2014.pdf,82,c920cc76a6cdddf6416d4b68a569ad9661b1f42c166e93c1cf0d3eede6387424.png,601b298cf944515d976248528940ef98ce9a0c69e9022a24926439e8789f4b78
data/raw/doclaynet_hard_negatives/doclaynet_train_c1e1cfbde2fb1d5b069f.png,train,doclaynet:0000019617-21-000236_20210223x10k.pdf,2,structured_document,0,doclaynet,financial_reports,sec_filings,0000019617-21-000236_20210223x10k.pdf,234,fd2413ed7786bfc7107def690b6689245b1115800afde09c7da36596fe519f75.png,cc1e5b0f4b113a6d99a586f032914d152522f3edc44fb75de03ba15bb762a3c6
data/raw/doclaynet_hard_negatives/doclaynet_train_c8efbc625a45be485083.png,train,doclaynet:ASX_GNC_2001.pdf,2,structured_document,0,doclaynet,financial_reports,ann_reports_00_04_fancy,ASX_GNC_2001.pdf,4,393aa8a66a9afdd7e2b6ee9e90d96e39500fcf0fa90362f8ffe30b13f6f3547c.png,1f0538f9d00a8ad913818eeb7b7486353ed8a42c708b63513ba15e56b5f9615d
data/raw/doclaynet_hard_negatives/doclaynet_train_267fd3a5c26c4c345073.png,train,doclaynet:NASDAQ_ALGN_2002.pdf,2,structured_document,0,doclaynet,financial_reports,ann_reports_00_04_fancy,NASDAQ_ALGN_2002.pdf,9,331c61c67046bafb33c26cffd04e9c73dd7b595f8410cb11a89d7a0a2e1161a4.png,c86666ddda9304010cddf8c16336d29563c9befe6f8f518607ffc9d20a42eb15
data/raw/doclaynet_hard_negatives/doclaynet_train_50e2d1bf2c41fb471434.png,train,doclaynet:NASDAQ_NWPX_2000.pdf,2,structured_document,0,doclaynet,financial_reports,ann_reports_00_04_fancy,NASDAQ_NWPX_2000.pdf,3,43651791f8f8e284c0db6057f1b16f67acf4228b537180cc0a7806b39e993fca.png,f6d15a5c84aa08001944d3f991a572adbf97cfb0d01f7a81ffab21337edf4890
data/raw/doclaynet_hard_negatives/doclaynet_train_9fcae49db0839010f382.png,train,doclaynet:ASX_CDD_2010.pdf,2,structured_document,0,doclaynet,financial_reports,ann_reports_10_14_fancy,ASX_CDD_2010.pdf,34,189e61348bf736bc90523f27363baae754596c9e8c96b9ed1a040e833c5dd7b5.png,a867bf5ee72a3b807599124063abff075d7cc5040309d92a6a8693670dffd0d1
data/raw/doclaynet_hard_negatives/doclaynet_train_1a3c5577599cd94ba949.png,train,doclaynet:0000018230-21-000063_20210217x10k.pdf,2,structured_document,0,doclaynet,financial_reports,sec_filings,0000018230-21-000063_20210217x10k.pdf,31,3025ec57b11b6a03d47b8985f6b964c1712500a2d5a1403afd6513cc37b264db.png,2ae85903e3eff7d95c7a46b95cbc3dc9723e7efad4e4f1c27215a71130a3a8cd
data/raw/doclaynet_hard_negatives/doclaynet_train_ff4c7c9425f5a7479827.png,train,doclaynet:0000024090-21-000012_20210310x10k.pdf,2,structured_document,0,doclaynet,financial_reports,sec_filings,0000024090-21-000012_20210310x10k.pdf,52,404578f832beffe675f80e338168ee0bb3615a4fea102ae2ad3524ffee3b1447.png,0c6f279a8f65873028c17d8d97b5a53d8b57c3187916b1ac52b7f8e95a368b75
data/raw/doclaynet_hard_negatives/doclaynet_train_9fe8290878ef6c808dfb.png,train,doclaynet:ASX_KMD_2012.pdf,2,structured_document,0,doclaynet,financial_reports,ann_reports_10_14_fancy,ASX_KMD_2012.pdf,83,4dae305cb91e1b52e56f31de651afc776048968806174ebaac9f02dcd6c18738.png,ba20f187199f660c68edba492a351dff78f4653f2f6b9de26ef0ececc85f183d
data/raw/doclaynet_hard_negatives/doclaynet_train_d807330663b2a0dbd2b5.png,train,doclaynet:0000013239-19-000016_20190411x10k.pdf,2,structured_document,0,doclaynet,financial_reports,sec_filings,0000013239-19-000016_20190411x10k.pdf,74,53a5da154898e0712e7a356106446b59de988ba5a7c8a85101566dd7d647440b.png,3da8218a849c619b67c0ad6b23e96628a56056a911b7dcc10b886d36d3a73ebb
data/raw/doclaynet_hard_negatives/doclaynet_train_0b0479bbf9007cf37569.png,train,doclaynet:NYSE_BCE_2004.pdf,2,structured_document,0,doclaynet,financial_reports,ann_reports_00_04_fancy,NYSE_BCE_2004.pdf,0,8972ee60f48e9918d8c90c5a64b1bdfba7ab99cff73c0afbef8434ac9ac93058.png,b1d318629f1fd79d5ced49c2fd4c761661bfe201a4c1680d0cb9f8d5e914104d
data/raw/doclaynet_hard_negatives/doclaynet_train_d69684243d3477a649ac.png,train,doclaynet:0000021510-19-000034_20191126x10k.pdf,2,structured_document,0,doclaynet,financial_reports,sec_filings,0000021510-19-000034_20191126x10k.pdf,61,2863572a10a48a45cf745c5b6beb144ce1599decf058adcb35405992e1e33d9e.png,7000d7b48d3d22051e548c0ca84d1e71aa4fb84d5c00e56135e575e2fdf4d936
data/raw/doclaynet_hard_negatives/doclaynet_train_d4425c36411d394855e3.png,train,doclaynet:NYSE_TGI_2002.pdf,2,structured_document,0,doclaynet,financial_reports,ann_reports_00_04_fancy,NYSE_TGI_2002.pdf,11,4a05cb366c0e979172f227bdae87c4298b7d2a46f782b6375f951cf367334d74.png,8b4b54a37854c56eff6173780493af0a230ee8e5ccc8ca37a51fae2cc3bbc6a9
data/raw/doclaynet_hard_negatives/doclaynet_train_9c1e36120a0b14e86534.png,train,doclaynet:NYSE_HPQ_2000.pdf,2,structured_document,0,doclaynet,financial_reports,ann_reports_00_04_fancy,NYSE_HPQ_2000.pdf,63,813b1614910a62f2be7e6f02182aa91dec76c587b01838464f12aa00fea7bb1e.png,02de1662d95fe409584abd78c660b665d24655742c926e1a7bccd96e0ff69ded
data/raw/doclaynet_hard_negatives/doclaynet_train_8240a900f7a3bcd3100c.png,train,doclaynet:0000029332-19-000021_20190308x10k.pdf,2,structured_document,0,doclaynet,financial_reports,sec_filings,0000029332-19-000021_20190308x10k.pdf,20,46166f3500089c06887e73b45dcd444750c06a08c26c16f164cc8561ed0ed016.png,b221ad5475dcad1d28e7b78e1ffe1e6c2bdfcaf9f1d3d45aeea458b9e7dfad29
data/raw/doclaynet_hard_negatives/doclaynet_train_24ca60f3615a73431873.png,train,doclaynet:NYSE_COP_2014.pdf,2,structured_document,0,doclaynet,financial_reports,ann_reports_10_14_fancy,NYSE_COP_2014.pdf,2,648f1ec3db1daaf618f328c7b2adca6b49fde779aa222ec0e32c39d2a14078bd.png,3b8d8347bf240d1617610bcb3b0f88b82f4ee943f48ef4b9481080f4b62c5798
data/raw/doclaynet_hard_negatives/doclaynet_train_6678442fd874b39f0f62.png,train,doclaynet:NASDAQ_NATH_2004.pdf,2,structured_document,0,doclaynet,financial_reports,ann_reports_00_04_fancy,NASDAQ_NATH_2004.pdf,27,ca895342cd9bf66e8bbcdd3bb15ced120aab703f54251abd00a925ea3c21d91f.png,6f6de25937e345f507e649e63e7ffad9a3429fe69b2f276af1cb9aee34cd6c68
data/raw/doclaynet_hard_negatives/doclaynet_train_2379f497b442d46e28a9.png,train,doclaynet:NYSE_WCN_2004.pdf,2,structured_document,0,doclaynet,financial_reports,ann_reports_00_04_fancy,NYSE_WCN_2004.pdf,6,cde2f8cef5b863d3b51c5562ba275001ac49e926a973358ab4ebc9fbd0628c79.png,b08625c231d6178ce3db403e15d4b5d4e88d36a62b61baaf3c9dc380bc3a1c52
data/raw/doclaynet_hard_negatives/doclaynet_train_9052ac25b336f266773f.png,train,doclaynet:NYSE_CACI_2003.pdf,2,structured_document,0,doclaynet,financial_reports,ann_reports_00_04_fancy,NYSE_CACI_2003.pdf,1,b3f20967b1d9ed58a937c57aa02a0920cd1af8d6513554a92860564f3d0fc29f.png,c2f424560ab6bf7001437fe837d98a87f8368324202a305d7441b0d959382e51
data/raw/doclaynet_hard_negatives/doclaynet_train_2665fda4aee3f4cb7e5c.png,train,doclaynet:ASX_AAC_2013.pdf,2,structured_document,0,doclaynet,financial_reports,ann_reports_10_14_fancy,ASX_AAC_2013.pdf,115,33aaf877dfe6220ed2da3bd28233244403ee6b02e47c890b8d1fc2c698a279cd.png,e21c5b931710731602a0a6da79281bd40ab60a9c8605c4093918e991034bb3d0
data/raw/doclaynet_hard_negatives/doclaynet_train_5c2e5442958423a71e8b.png,train,doclaynet:TSX-V_ORO_2012.pdf,2,structured_document,0,doclaynet,financial_reports,ann_reports_10_14_fancy,TSX-V_ORO_2012.pdf,3,d669b3d84558c7611da08b227d85a0318b29c4725c160ea0d733c1b67251633a.png,a960cefd42a34868a5a91be434d9ecf68df15a19affb2b463db5c412fe7bbde0
data/raw/doclaynet_hard_negatives/doclaynet_train_d7aa7085d6242cf703b4.png,train,doclaynet:NYSE_TEL_2013.pdf,2,structured_document,0,doclaynet,financial_reports,ann_reports_10_14_fancy,NYSE_TEL_2013.pdf,11,1a4118b02d884421673123368a8eb3ef5aa9047fb3ee2dd60f6486702130acc4.png,40bb7dd3109e06d28c8d51166a28ec75c0ffe28ee21507937e6c859e0e4c21d1
data/raw/doclaynet_hard_negatives/doclaynet_train_2746acf8a0e61ac4feae.png,train,doclaynet:NYSE_BMY_2012.pdf,2,structured_document,0,doclaynet,financial_reports,ann_reports_10_14_fancy,NYSE_BMY_2012.pdf,45,9a708700a3f7ac73b160ca5b7a5fd3cd14a2a46c5fe9cb2b0c412e7295563e7b.png,284be8c362592cf8c81d6b12db58b546dc16374d0df8ba2a4ea35627978d762b
data/raw/doclaynet_hard_negatives/doclaynet_train_c1dc6c80c2d01baa80a9.png,train,doclaynet:NASDAQ_ACIW_2004.pdf,2,structured_document,0,doclaynet,financial_reports,ann_reports_00_04_fancy,NASDAQ_ACIW_2004.pdf,6,d655dce78aff890d639a1cf5f31d241f9de9cfba5b6343f21b1f0ca0e18b4da7.png,3f6009a93ca56de0c5393db2a54db52016bc31530b0479f178e3daff0653ce7e
data/raw/doclaynet_hard_negatives/doclaynet_train_786862e810482d951253.png,train,doclaynet:0000018498-19-000016_20190403x10k.pdf,2,structured_document,0,doclaynet,financial_reports,sec_filings,0000018498-19-000016_20190403x10k.pdf,21,759306d67d1a628e203fe46db6a1f52c4c34f694227900258b5bc39374ecf668.png,d6aaac41d8e8c9044e802c8910ae765f7cdb92064b8ad806f99c3a50e6ea4a73
data/raw/doclaynet_hard_negatives/doclaynet_train_1867553f8f7666bd9221.png,train,doclaynet:NYSE_CR_2012.pdf,2,structured_document,0,doclaynet,financial_reports,ann_reports_10_14_fancy,NYSE_CR_2012.pdf,68,3d4bbb5b818f898116dae2f2d2c77810264a8a5ca08b2b9f8d9cbedc2c63e364.png,608b16006d05192eb7223b67fbd46c4bdd2c79203b25a58506635d72b3cf53d5
data/raw/doclaynet_hard_negatives/doclaynet_train_4d174d04e38b0f7d4b45.png,train,doclaynet:NASDAQ_WASH_2002.pdf,2,structured_document,0,doclaynet,financial_reports,ann_reports_00_04_fancy,NASDAQ_WASH_2002.pdf,1,b9bf2d7eb61398113facfa47a07eb5fad203e7999967f0111f49612992903515.png,60371d20e0f7d20e592beae5b1038e6bde920328d9cda28dd23f0e9c049b793b
data/raw/doclaynet_hard_negatives/doclaynet_train_71afa60b9e9da81e5cc9.png,train,doclaynet:NYSE_COF_2002.pdf,2,structured_document,0,doclaynet,financial_reports,ann_reports_00_04_fancy,NYSE_COF_2002.pdf,55,0a7f3b0294e1d1f774afc5217cf0e817d5df3330272acde88405ebef7a01a3ce.png,e66114e23e0c9926cb3eaa40d678968848bf41af032dfdf520a7c04d334b45b8
data/raw/doclaynet_hard_negatives/doclaynet_train_3680e9118bd802c3cb53.png,train,doclaynet:NYSE_HSC_2014.pdf,2,structured_document,0,doclaynet,financial_reports,ann_reports_10_14_fancy,NYSE_HSC_2014.pdf,3,57771c5b107441a166577fecf12a9a3fc1152eb0da2043fddf86dc24bfe3df21.png,5d56bb7f1fc61f1aa5afa465b2065f123c41aa98490038fd40c7c08e5d52ac02
data/raw/doclaynet_hard_negatives/doclaynet_train_6514f19af0f30a13b66f.png,train,doclaynet:OTC_YRKB_2013.pdf,2,structured_document,0,doclaynet,financial_reports,ann_reports_10_14_fancy,OTC_YRKB_2013.pdf,16,715924b5edf415426ccde7840d08ce0d342428426bb9752474993da9583f4e89.png,1b6175798b9d23a047e224730b7c76070e13231e4cd0dac43a8637b98a24d558
data/raw/doclaynet_hard_negatives/doclaynet_train_12158c513891f96db6c4.png,train,doclaynet:NASDAQ_QUIK_2000.pdf,2,structured_document,0,doclaynet,financial_reports,ann_reports_00_04_fancy,NASDAQ_QUIK_2000.pdf,0,df739cd98ea7453451d208740bd4b308ae2d0cd7a14ee0448309367fbaa345ae.png,6e87886165edb32ac5b6b7274352d3eac58f5cee683270bb73aebe276fa8d311
data/raw/doclaynet_hard_negatives/doclaynet_train_d43210936ce75a5af785.png,train,doclaynet:NYSE_TSS_2010.pdf,2,structured_document,0,doclaynet,financial_reports,ann_reports_10_14_fancy,NYSE_TSS_2010.pdf,6,9029f95e0284d151d26fd94cd1414b397d5676a75af68c1142d7d4a39245ccc2.png,bdafe2f1321f54629d39124c34a485bdcead95f15b0a1b4e0dc7741c6b7c02fc
data/raw/doclaynet_hard_negatives/doclaynet_train_ea1a7eefa4e24779e715.png,train,doclaynet:0000004904-20-000007_20200220x10k.pdf,2,structured_document,0,doclaynet,financial_reports,sec_filings,0000004904-20-000007_20200220x10k.pdf,47,4c25241e9cbaf1408258691e70719114c6fbe016ce41bca8dcddfe36fb1cf2e5.png,b12b19ef92ff83a0ac7cbc4a5641425e20a7bea57eac755ef9c79c6ed522b779
data/raw/doclaynet_hard_negatives/doclaynet_train_e9b907b3b5b6be760b56.png,train,doclaynet:0000018230-19-000034_20190214x10k.pdf,2,structured_document,0,doclaynet,financial_reports,sec_filings,0000018230-19-000034_20190214x10k.pdf,35,219b01e8ef0c5902c80e0207be6b2ec009177b2efe735175a5fa11a50581e032.png,721185d7f1161ca11c68bd6daa3e5006b23e4ca0501510e8548ab2637bc9f37f
data/raw/doclaynet_hard_negatives/doclaynet_train_90476e0eb3843c2fadbe.png,train,doclaynet:NYSE_CLI_2002.pdf,2,structured_document,0,doclaynet,financial_reports,ann_reports_00_04_fancy,NYSE_CLI_2002.pdf,7,261b12592d85e756925402df27314f2f844378087406edd621ec2bab66c295fa.png,867196929fa215f7fe3fb6fbf0f0109c3ab183819b3c548e9303940fe0b8b3af
data/raw/doclaynet_hard_negatives/doclaynet_train_d4b8d91af69dc6e31032.png,train,doclaynet:NYSE_CFR_2002.pdf,2,structured_document,0,doclaynet,financial_reports,ann_reports_00_04_fancy,NYSE_CFR_2002.pdf,2,0d41ae593c441991cd7cc5c09e303d4159f17cbb4119e78e286e17d61b49d780.png,a16731975e2abd34102defaf6b228376346f3d562902814edeb1b49a71a2b2a9
data/raw/doclaynet_hard_negatives/doclaynet_train_34ab3ee818010c259faf.png,train,doclaynet:0000029989-20-000005_20200211x10k.pdf,2,structured_document,0,doclaynet,financial_reports,sec_filings,0000029989-20-000005_20200211x10k.pdf,14,c5d704bd542c1b7b37c3c561c58687af6fc3bf8f03a4a3988c4442c89aec0b5e.png,8e7923d87ecf9e4b84630017c3065eb7d740940eb4519fc96778504e21a4b95d
data/raw/doclaynet_hard_negatives/doclaynet_train_9f17d46a32d8010608f3.png,train,doclaynet:NASDAQ_ASBC_2011.pdf,2,structured_document,0,doclaynet,financial_reports,ann_reports_10_14_fancy,NASDAQ_ASBC_2011.pdf,6,d3d918625c3071d2b576e8ccd7acf37fade33a3de5188c442d12889bcf136597.png,db3d667c5d2c8730217eca60e1e7a44b229be3accecdb044157fe6c8f7415cfa
data/raw/doclaynet_hard_negatives/doclaynet_train_919c4750d44ae6ffae8b.png,train,doclaynet:NASDAQ_TMUS_2013.pdf,2,structured_document,0,doclaynet,financial_reports,ann_reports_10_14_fancy,NASDAQ_TMUS_2013.pdf,3,83e24ce887f9c64b5b88494cb6aa9864ee093d2f5800351b475ed96da30b70db.png,0325754e02c8ed1804dbac28c67fa035290c496147f01fe927b74a5f2d3db22b
data/raw/doclaynet_hard_negatives/doclaynet_train_d6f2da0c7a431e024703.png,train,doclaynet:NYSE_HES_2003.pdf,2,structured_document,0,doclaynet,financial_reports,ann_reports_00_04_fancy,NYSE_HES_2003.pdf,35,26aa6c8c9c4619a99170dc6d37fa48a84ff65321f77134ff0424a9c9c6081fae.png,5030b5f45889490fad63fb6d0140b4358d6bc2818f1b56f7c61a2a23cbcf2c42
data/raw/doclaynet_hard_negatives/doclaynet_train_0a05c16e7d5d0d6861de.png,train,doclaynet:NYSE_SPG_2003.pdf,2,structured_document,0,doclaynet,financial_reports,ann_reports_00_04_fancy,NYSE_SPG_2003.pdf,55,73a00e16d4cb65d0c1cfd81fdf3ae6dd49b7a6123101ef4bf91fabb948effada.png,33992314041325c3084b3ebfef6b6b18fe44f992419fe7340c93e70eead9ae34
data/raw/doclaynet_hard_negatives/doclaynet_train_ce01add91b5e36cd4e05.png,train,doclaynet:0000004281-21-000049_20210216x10k.pdf,2,structured_document,0,doclaynet,financial_reports,sec_filings,0000004281-21-000049_20210216x10k.pdf,64,e4b33688bc8e5fbf284bfc1ae32b99a4d108bb0c03f54198aff33ec0e335da5f.png,50786d4990ba117d5393d1d86292232b77f9a20faac0158176975fe8787bf383
data/raw/doclaynet_hard_negatives/doclaynet_train_18e91978614304643229.png,train,doclaynet:1001.2586.pdf,3,narrative_document,0,doclaynet,scientific_articles,arxiv_two_columns,1001.2586.pdf,1,6845b954319bc94b2ec3ca19ee89eeeb2fdf28b3059fe4691d6fda04ab4ff252.png,2f909ceed411a29eda6118c933f3c0355f122af0c6452e2ceb8ca10f28c13304
data/raw/doclaynet_hard_negatives/doclaynet_train_aba1791662588aa6d867.png,train,doclaynet:1001.0923.pdf,3,narrative_document,0,doclaynet,scientific_articles,arxiv_two_columns,1001.0923.pdf,10,7f244b2ddda68c5d894eeaa73380d8cd1e0be99c0825d9f480177e22c5da5531.png,179e62db21cca46cc8c5eef1e968bfd4522e883079d301e48f94cf0ebcbad414
data/raw/doclaynet_hard_negatives/doclaynet_train_1f7e51408ed8096c9b5e.png,train,doclaynet:1001.4057.pdf,3,narrative_document,0,doclaynet,scientific_articles,arxiv_mediumspaced,1001.4057.pdf,4,b21006c10151889cf76860276a510c5bece9e8d1d74ca27ec4604e9390cf9663.png,ae17a6ea7880a69ce144520422758dee12732f37df9b4ba6614e0d2e9a74c4ce
data/raw/doclaynet_hard_negatives/doclaynet_train_394db991331db9fe937b.png,train,doclaynet:1001.1158.pdf,3,narrative_document,0,doclaynet,scientific_articles,arxiv_two_columns,1001.1158.pdf,4,88db5abc2d731eee57ce7e85ddbcad00e241953ccfc456c9a6630b731a88eecb.png,345e31c5453c10a444543d10008d78a8aa8da1462a13f6bc558adcb1931ef72e
data/raw/doclaynet_hard_negatives/doclaynet_train_7a8bcaebdd28afbf3def.png,train,doclaynet:1002.2678.pdf,3,narrative_document,0,doclaynet,scientific_articles,arxiv_mediumspaced,1002.2678.pdf,13,23bc6303738cca6f0375e8f7a138c495f1543079ae9bda38c771ef9babc39694.png,e3e0a29203938800de35bf2609c49ec99c2f19fd8f2b406fa85e969e2af42e7e
data/raw/doclaynet_hard_negatives/doclaynet_train_3156ada0d9877f6d97a5.png,train,doclaynet:1001.2359.pdf,3,narrative_document,0,doclaynet,scientific_articles,arxiv_two_columns,1001.2359.pdf,5,85f04ba29552f48393c69c91fd6539f7403fbb0e71151cf2f450be71752e8458.png,bc9e8252f656192612e0cfb6e5e12415eac9ede5187e66308bc2f4a73763d006
data/raw/doclaynet_hard_negatives/doclaynet_train_0b8213a86f6d164f53b0.png,train,doclaynet:1001.1201.pdf,3,narrative_document,0,doclaynet,scientific_articles,arxiv_two_columns,1001.1201.pdf,4,d447dd79ed4ed243392990fe69aa1eb7278c578e55d36007520e75134e7025be.png,b1be620ff61112ba23a999aedd58c744f2f775d68bf0c18a4dd68b74f0253a0b
data/raw/doclaynet_hard_negatives/doclaynet_train_2349f919d5f48265a832.png,train,doclaynet:1001.0705.pdf,3,narrative_document,0,doclaynet,scientific_articles,arxiv_two_columns,1001.0705.pdf,2,287c80a76b67913affdc0dd956bdb49a85647ff775fc3e209736fba3847d9485.png,22122453c3fb1688de2fa9eec2758e961da1cc6546421524f5bf33ec8560facc
data/raw/doclaynet_hard_negatives/doclaynet_train_35b191d065ad730cba98.png,train,doclaynet:1001.1252.pdf,3,narrative_document,0,doclaynet,scientific_articles,arxiv_mediumspaced,1001.1252.pdf,6,5024ff062b32e90de174272a73fdbb36cc6eb3bd02db10b7d288515793ed3d39.png,09b850f2e634943030254a5ff40f3b4c43c24143339758c1918aba539f2a6523
data/raw/doclaynet_hard_negatives/doclaynet_train_6ad41573bd28fef7c406.png,train,doclaynet:1001.2369.pdf,3,narrative_document,0,doclaynet,scientific_articles,arxiv_two_columns,1001.2369.pdf,1,87c089878fc29bd58ab6968cb81a118720c9c0aeec18b69745ef5f99ae5513f3.png,4d5059bc49d9b05b33ab59036aa6ce35d7b8c8bd5bd7cc48f31df1a102bd44e4
data/raw/doclaynet_hard_negatives/doclaynet_train_52fd5c925a04c22fb924.png,train,doclaynet:1002.0371.pdf,3,narrative_document,0,doclaynet,scientific_articles,arxiv_mediumspaced,1002.0371.pdf,2,c26210c4cc3cbf350239251c5973b2e75bb722840e3359ce9e69d6cc08b25cfd.png,d75acb6359be3a755a29527f81cd6de2dd12af756684b97f213ecff9a1263774
data/raw/doclaynet_hard_negatives/doclaynet_train_85cc26faf5a038db1db4.png,train,doclaynet:1207.0473.pdf,3,narrative_document,0,doclaynet,scientific_articles,arxiv_doublespaced,1207.0473.pdf,10,1b7582dfd2b5d9b305d3161f606f5460bb2c837b224a0bbad695e8aa41109392.png,ada677d8652a37e3c0f7e03ef709d5a86ebaf22b641d44dd8faeb4bdecac2ece
data/raw/doclaynet_hard_negatives/doclaynet_train_744407828ca38f2649c1.png,train,doclaynet:1502.05152.pdf,3,narrative_document,0,doclaynet,scientific_articles,arxiv_doublespaced,1502.05152.pdf,0,2166cf9a3ffb607a86f6995050ef8bdad2f186d433e1a1eb2d8b6aa5c8b4f09d.png,16d6ecd2dffda56c4555e36ddd90db30d71d0c246dbeadb87ef17c9b70d599d4
data/raw/doclaynet_hard_negatives/doclaynet_train_b37d4daffd54a74b5d7c.png,train,doclaynet:1001.1723.pdf,3,narrative_document,0,doclaynet,scientific_articles,arxiv_two_columns,1001.1723.pdf,0,753869a256fd7022c1a47039a47d2b77520781218542896efb3a89600e6f22b6.png,3f148d45afa5871ee580586c58920ae3dad4c139422c49ee7cd95ae57b31aa2d
data/raw/doclaynet_hard_negatives/doclaynet_train_214f012ca2b144ac51ac.png,train,doclaynet:1002.0202.pdf,3,narrative_document,0,doclaynet,scientific_articles,arxiv_mediumspaced,1002.0202.pdf,6,62729a5bc2fffe873de6f4bda7d315a1ab5a6f12600b568a24544cc561868f7f.png,f736eb7627bc436d6fb5ccab3c09a5eee3ea32fd3691c1708ec58f005a714cab
data/raw/doclaynet_hard_negatives/doclaynet_train_6101c3d0e0ed94846b0a.png,train,doclaynet:1001.2783.pdf,3,narrative_document,0,doclaynet,scientific_articles,arxiv_two_columns,1001.2783.pdf,0,945d584678bf864b059b34f99ebde0b1d51d04d9ca549024691a0c6d362b4555.png,238cb471f909ab22c8bcef1ff16a1731e358adc3a9bfa293da455a8a8ef2c96f
data/raw/doclaynet_hard_negatives/doclaynet_train_986409af686fd4290286.png,train,doclaynet:1001.2995.pdf,3,narrative_document,0,doclaynet,scientific_articles,arxiv_two_columns,1001.2995.pdf,1,7bb225f5633f35e5b065ebef527817d9ad363657e746b11e0216392077516b9b.png,918dbcb438d0a3bd7a6d748096f3b3f942f680ed3ae6f0df1f8e6e87e3170274
data/raw/doclaynet_hard_negatives/doclaynet_train_e3491d43286d6f382bd4.png,train,doclaynet:1001.3198.pdf,3,narrative_document,0,doclaynet,scientific_articles,arxiv_two_columns,1001.3198.pdf,2,48ad6c0bde3ef445d5f3f21328f4fd827c70263d4f3cf74b3ed819304b5f81ce.png,54a1674fdef37f0be0ac05f94142629fc4b728bfc4ab64c59aa42721c140d604
data/raw/doclaynet_hard_negatives/doclaynet_train_05161ee6b3f0cd191bf7.png,train,doclaynet:1001.1240.pdf,3,narrative_document,0,doclaynet,scientific_articles,arxiv_two_columns,1001.1240.pdf,0,6527e480f99f525990dac7b445acc32f0a5bc32a8bc7c43bf13c01f6fdc1aebb.png,6ec2745ffa3d829afc368b7875c07d57ae87c5cdeeda65183a477307aaa8dbc9
data/raw/doclaynet_hard_negatives/doclaynet_train_adc6ba1fb6c1398b9944.png,train,doclaynet:1001.3224.pdf,3,narrative_document,0,doclaynet,scientific_articles,arxiv_two_columns,1001.3224.pdf,4,cd9b2f65dadf856b0532f4dce6bc460123cb6185f2c44691194fbfb886bf3611.png,22ce876835e518fe99ee9d7a84cd803f000c9af0d777514731153389db0ab90f
data/raw/doclaynet_hard_negatives/doclaynet_train_457182ae03622a1225de.png,train,doclaynet:1001.0575.pdf,3,narrative_document,0,doclaynet,scientific_articles,arxiv_two_columns,1001.0575.pdf,12,b7cfc92808526e15ceed66aba30aae7660f5769196bde46dbe0ef8923356aa80.png,29d8c62f16adaf22c7ef5cda623b29537f22c7116a3bcfb303e50544bff40af0
data/raw/doclaynet_hard_negatives/doclaynet_train_a3c29371cea131431715.png,train,doclaynet:1002.1344.pdf,3,narrative_document,0,doclaynet,scientific_articles,arxiv_mediumspaced,1002.1344.pdf,1,2b83b9a56cbb0a6f1978e8f3dcde0370b4bcf80c0cb40c1eb1f3a697a3106c8c.png,74c2c99c6aa2d1a17ab940c2686955312292c60ae7aa7c4b30c6de92512d7087
data/raw/doclaynet_hard_negatives/doclaynet_train_ed279189f8b5a94e449a.png,train,doclaynet:1704.06963.pdf,3,narrative_document,0,doclaynet,scientific_articles,arxiv_doublespaced,1704.06963.pdf,1,c96dc6df2cfea59128aa262634c36d79f14318828333aabe2bf533994f6db923.png,d2a2f0259814d9519d894c1610e6b3e0159f71977fda48a433ab4faab338a03d
data/raw/doclaynet_hard_negatives/doclaynet_train_d30b59f70ba2b3fc6595.png,train,doclaynet:1001.0163.pdf,3,narrative_document,0,doclaynet,scientific_articles,arxiv_two_columns,1001.0163.pdf,1,b4d01d78aff45c49a1c1fcd73d5a8b0906218ab89fdc44de81df6342100e4fe4.png,ab8aec79262e2f895f1b9bc832125c3866cff798f5e4732f344659f7b4ac4125
data/raw/doclaynet_hard_negatives/doclaynet_train_45aa78fb0d68cfc87b23.png,train,doclaynet:1002.2101.pdf,3,narrative_document,0,doclaynet,scientific_articles,arxiv_mediumspaced,1002.2101.pdf,2,17e1fd486354b8ad35b4add565d84d638dd41da2f441358284fedb77c1944dd5.png,2fa72e88d29e69a78061b95e9a061ede65f0c07163af31377b224f0c3f2979c9
data/raw/doclaynet_hard_negatives/doclaynet_train_d9ecef1f45561f597df2.png,train,doclaynet:1001.5285.pdf,3,narrative_document,0,doclaynet,scientific_articles,arxiv_mediumspaced,1001.5285.pdf,21,ac61f45f328af02837e35256123cd7ffcc35484a7954da10f623fabfdf2a8a51.png,20f653e7a376d9eb85a694d99e8239578aa1bc6e6eae93cdbc91cfc16ac86e84
data/raw/doclaynet_hard_negatives/doclaynet_train_5014567d174c23ecdc3e.png,train,doclaynet:1001.2626.pdf,3,narrative_document,0,doclaynet,scientific_articles,arxiv_two_columns,1001.2626.pdf,3,554bb7cdbc04d074b2f602abf45bc0a6eb6e5030b61e30e69a22ce253818e664.png,fded536e6b8234d13897e1c4b900a6a343997a29a8cf812f6e30911f5ff19e22
data/raw/doclaynet_hard_negatives/doclaynet_train_c80ca62849bd6e3f9b9f.png,train,doclaynet:1001.0621.pdf,3,narrative_document,0,doclaynet,scientific_articles,arxiv_two_columns,1001.0621.pdf,0,c53205d5b698d97ee7b03b4881ff410b36263a7a3342fd4164e6fb1572a9929d.png,e88610b4d86dc145d0f3ff0f75de85224f58ec7e752bc6c35fa1e076c3d96a99
data/raw/doclaynet_hard_negatives/doclaynet_train_f09242a6df48baff7ac8.png,train,doclaynet:1001.1000.pdf,3,narrative_document,0,doclaynet,scientific_articles,arxiv_two_columns,1001.1000.pdf,11,2a9fcc0c9333a63ddb7130bf51d6e87fe5981c9d8310dc4823e037ee030c1ba5.png,d7b6c065cb77d7a6e98a4c61d6e094664836be3b119b5af0f3f6a961a08f2d0f
data/raw/doclaynet_hard_negatives/doclaynet_train_bd1ecb0f994bc1a718c0.png,train,doclaynet:1001.0732.pdf,3,narrative_document,0,doclaynet,scientific_articles,arxiv_two_columns,1001.0732.pdf,13,24b4181cbf654c91a53318e139c1e75254bc91e3d18189e80572401062029482.png,289bac884824dcafa5608f9d8309fce6889a86825bec735911b666601d849667
data/raw/doclaynet_hard_negatives/doclaynet_train_d645020694cbe5b7e47d.png,train,doclaynet:1001.1142.pdf,3,narrative_document,0,doclaynet,scientific_articles,arxiv_mediumspaced,1001.1142.pdf,2,261353677e88e7aa18d067b19350c01bd0db3559f1047c89766d5a66c1c90008.png,2cf883cf444db3d3f7f424ff5f89c990b45d22fb8e627bac5cf8dedaf9f63f29
data/raw/doclaynet_hard_negatives/doclaynet_train_e5886347d3f315a6191a.png,train,doclaynet:1603.04196.pdf,3,narrative_document,0,doclaynet,scientific_articles,arxiv_doublespaced,1603.04196.pdf,8,fd0d955169df9305a0adec915fd445e103eadbe5055b7b9580c875feab6a3d7c.png,9d89796e8766f512799780acaa25c97c42cab57bb9825da421e99c682f5a8e96
data/raw/doclaynet_hard_negatives/doclaynet_train_45e5ea6b66c3c332de2c.png,train,doclaynet:1001.0712.pdf,3,narrative_document,0,doclaynet,scientific_articles,arxiv_mediumspaced,1001.0712.pdf,4,65c7beca0362902d9cae2cd5756cf7b371e15b273f6379ed4bd06c2dd5f13355.png,39fbe9583dcf24db16c4f9fc6b27673bfa95864a6eb2481782320bbdb459d4ba
data/raw/doclaynet_hard_negatives/doclaynet_train_6e1c9adc5df1025a4a82.png,train,doclaynet:1001.2482.pdf,3,narrative_document,0,doclaynet,scientific_articles,arxiv_two_columns,1001.2482.pdf,5,bee769b175f3048a073e68fd51a3448629cbda686f50c8dd3d2ec46a0a6bca6c.png,4d380450e5fdafc91e1180a78360713cf6c156c6fa5d13220cb5121fb1a283e8
data/raw/doclaynet_hard_negatives/doclaynet_train_05be9a418d30e6f528f7.png,train,doclaynet:1001.2733.pdf,3,narrative_document,0,doclaynet,scientific_articles,arxiv_two_columns,1001.2733.pdf,5,e2237a73644797d2ceb875d100d4300fff65e5bb8c17e97a1813531ffe28fc43.png,932c07eab74f167d70646847fdbec536bb10bf3d24f854dc3c7a5df800683019
data/raw/doclaynet_hard_negatives/doclaynet_train_53ef0391a2839b94d9c6.png,train,doclaynet:1001.1636.pdf,3,narrative_document,0,doclaynet,scientific_articles,arxiv_two_columns,1001.1636.pdf,5,2a75d31cde0d75851af0b2d108f9e045c161dd56b70e4332aa2e2ed259668d1c.png,bbe6dfb10d829841a1ad6e6b5d39402534a3e8eca7a691256ee4888092e01d85
data/raw/doclaynet_hard_negatives/doclaynet_train_253af428b407dfbdcedf.png,train,doclaynet:1001.1545.pdf,3,narrative_document,0,doclaynet,scientific_articles,arxiv_two_columns,1001.1545.pdf,4,fa685d4442083d76b6b581658373428f29cd59d8c1835cdbeb7e88c64bfcbea1.png,bd9933ef5fd422c68374fe9454130ea3ea23400c3a041f9d1184c42447c0a74d
data/raw/doclaynet_hard_negatives/doclaynet_train_b8f00a34033295df45c8.png,train,doclaynet:1002.1542.pdf,3,narrative_document,0,doclaynet,scientific_articles,arxiv_mediumspaced,1002.1542.pdf,6,26477c392e5cb9bfdbf5ecd2f922c987ae47fc1676e7740a8155540080035854.png,4a129b3b0f3405ba588ccfb7f58845f16a5538bf5be6b6ace2101787b2409b01
data/raw/doclaynet_hard_negatives/doclaynet_train_02ea0a47dccd46b36c9d.png,train,doclaynet:1001.2498.pdf,3,narrative_document,0,doclaynet,scientific_articles,arxiv_two_columns,1001.2498.pdf,4,31b4060caac2768d8d6a900de7b33109a35284aa7ea260be4414b75162a564da.png,022edf7c8e99dafd1d826a9d77da90fbd8ea29c961da80579f249d3d7ccbae3c
data/raw/doclaynet_hard_negatives/doclaynet_train_e04377f4213429e0fad4.png,train,doclaynet:1606.09095.pdf,3,narrative_document,0,doclaynet,scientific_articles,arxiv_doublespaced,1606.09095.pdf,12,a593bab9a740a82957ff0f561e0bf58ae206ad361b2236e703b75e4d75678441.png,4bfd941e7a0e562a46856e41ee0ea8acbf104b7f88957dada5574c71cd226691
data/raw/doclaynet_hard_negatives/doclaynet_train_d7707216affe6e9dc065.png,train,doclaynet:1001.1074.pdf,3,narrative_document,0,doclaynet,scientific_articles,arxiv_two_columns,1001.1074.pdf,3,f2395dfa4552bd2796609e0168c33f9e2168737a75d4128a6cac08e3366fd63a.png,2325ebd4cbb1fe6626b948da76d75688da4d32384becaa5de003abd0185619da
data/raw/doclaynet_hard_negatives/doclaynet_train_6ee030810eb9d7c72b77.png,train,doclaynet:1002.1323.pdf,3,narrative_document,0,doclaynet,scientific_articles,arxiv_mediumspaced,1002.1323.pdf,4,f1fb655d327dca2077da8a50c1cefc0d192834009bdc8eb6aff8ec0a90b5903d.png,8cfeecb247e5a5fd60a2de942f96f4a209253f8d8ff71cab7f29d60cd295b79b
data/raw/doclaynet_hard_negatives/doclaynet_train_3297846a35686381018f.png,train,doclaynet:1001.2711.pdf,3,narrative_document,0,doclaynet,scientific_articles,arxiv_mediumspaced,1001.2711.pdf,8,83b3288c0c8aad5ef56eacb525af5d507a2927c0871a5cb9b13c5087cb59335f.png,8dbb2504085eadb76db9065ff8ff3f22ed3bfd572d02d0e04aedcf1d40e4c692
data/raw/doclaynet_hard_negatives/doclaynet_train_382719d00f5e633894c3.png,train,doclaynet:1001.1488.pdf,3,narrative_document,0,doclaynet,scientific_articles,arxiv_mediumspaced,1001.1488.pdf,17,f6127e106767653d2ff28d41e6927a495af8b093e1f24ab847d9884229a1cdc4.png,30158845f13e415b59b63eecfa9e5583c3a55f997f5aee9a6d5d46947f49182b
data/raw/doclaynet_hard_negatives/doclaynet_train_1a5fa08d70eb486c5df9.png,train,doclaynet:1001.3055.pdf,3,narrative_document,0,doclaynet,scientific_articles,arxiv_two_columns,1001.3055.pdf,10,6751b773af0c64f02d16ccc2d7253860ece380e6f8f1dde3edeec8074c9c761a.png,519e218c8f0680d5c8bbaea2ede570450df2105a5d12c9ac482ed89e6e6b476d
data/raw/doclaynet_hard_negatives/doclaynet_train_bc9757212a571b1c88b3.png,train,doclaynet:1001.2804.pdf,3,narrative_document,0,doclaynet,scientific_articles,arxiv_two_columns,1001.2804.pdf,4,20cf90eeded2c3bbc285ad4fc7b11ff1b066ac694397d5f674feec3c28062b58.png,2484c1c1ee65251ffab33ae616243b930b85f1135b9bf158d3812b44a8313f73
data/raw/doclaynet_hard_negatives/doclaynet_train_299a0fa7fda47752430a.png,train,doclaynet:1001.1132.pdf,3,narrative_document,0,doclaynet,scientific_articles,arxiv_two_columns,1001.1132.pdf,22,3791303d982ace6f498a842e1a4fc48aca591de6ca1216798df6c9337af098de.png,1390ef38ea252a123e07d0d5f6a074242fdec654d2655ffbf1fa9a4bd57dfa4b
data/raw/doclaynet_hard_negatives/doclaynet_train_f7ca4e9d8300a7e9424a.png,train,doclaynet:1001.2591.pdf,3,narrative_document,0,doclaynet,scientific_articles,arxiv_two_columns,1001.2591.pdf,2,83c78ed9a71bc5b56e7748d097f0157ade16279539309b01881f9690fb028ae3.png,5c16ba9e3a0faa3a37da0725d20187b5afda6db3010849633e1a5f25df550231
data/raw/doclaynet_hard_negatives/doclaynet_train_8f587653973642745cf7.png,train,doclaynet:1108.3351.pdf,3,narrative_document,0,doclaynet,scientific_articles,arxiv_doublespaced,1108.3351.pdf,16,7269b9273a9289184935ec1a7a5a2ba1b5850c8dc5018a5dd195ad4297535027.png,73ecefbc1be41bfb358c40446294cc14617a457e4b06b7c83ad1f41c1bfb4501
data/raw/doclaynet_hard_negatives/doclaynet_train_ea425edc130d4ab0dc7b.png,train,doclaynet:1001.0836.pdf,3,narrative_document,0,doclaynet,scientific_articles,arxiv_two_columns,1001.0836.pdf,2,b4054d009154f1012cf454137bdb1397f88037300b4fac5aa88200c3e5eaeb8b.png,aa876971c87434e22d9adf106975000ab053845daaf18e9fa0aa25243e30c756
data/raw/doclaynet_hard_negatives/doclaynet_train_e5bc818d0dd273db21ab.png,train,doclaynet:1001.0059.pdf,3,narrative_document,0,doclaynet,scientific_articles,arxiv_two_columns,1001.0059.pdf,4,b7508cfbaa6ac3e79de7bd94c057d0171aac7eeb62a49354926e853de4b92261.png,6cef2526bc9f19b85e05910dc0771a8353ea387d128195305ec02cafa7ebcdea
data/raw/doclaynet_hard_negatives/doclaynet_train_bcf82bd8e5317ac2e1bc.png,train,doclaynet:1001.2745.pdf,3,narrative_document,0,doclaynet,scientific_articles,arxiv_two_columns,1001.2745.pdf,11,31f2d088aab87512b959ccddbf36debfa7f4b7f158ceebc01acc87d0445d8c61.png,58ee2b15edd1ea7d54d9c6a8c86d7aae4d55acb09af12b1728d1cd69a9ca2478
data/raw/doclaynet_hard_negatives/doclaynet_train_e8364ab6b6859c156b4e.png,train,doclaynet:1704.06780.pdf,3,narrative_document,0,doclaynet,scientific_articles,arxiv_doublespaced,1704.06780.pdf,19,64fc2ebc262bb2947caed1f039440fd71045fb94500ff914b2aad11986f01456.png,54000eee2d09882747f36d322ef4eef85afaf9f900f61e5e969cca5d6c4fadae
data/raw/doclaynet_hard_negatives/doclaynet_train_1bcf3074542ae4a1d9b1.png,train,doclaynet:1001.1818.pdf,3,narrative_document,0,doclaynet,scientific_articles,arxiv_two_columns,1001.1818.pdf,2,466328335d1b736040aef5f141cae4120c10392ca254c916efc8a5077a458b0d.png,85f180873dd29f88b5c0545dd3357aa7be554c9b65711fcc5136e4509207419d
data/raw/doclaynet_hard_negatives/doclaynet_train_f2b2226c24f52a31d302.png,train,doclaynet:1001.2485.pdf,3,narrative_document,0,doclaynet,scientific_articles,arxiv_two_columns,1001.2485.pdf,5,84ad0e9a38a579da38bbc8cc986356a707c0ae888f20171ed7826261ee484617.png,191a4a74653457d8d2cd5616b4a7ba795df4b51e5087e5a9fe9c0b97ed2694ee
data/raw/doclaynet_hard_negatives/doclaynet_train_867dedef460a362b1f37.png,train,doclaynet:1709.08791.pdf,3,narrative_document,0,doclaynet,scientific_articles,arxiv_doublespaced,1709.08791.pdf,9,734c67cb3a4b9718f6e715c67c4c03b933045f3eb0a0cd7b84be55da0f41f491.png,4c13911ea7febd287e1103d28c75e608e328527f514da5c8ac442211ba5fa8b7
data/raw/doclaynet_hard_negatives/doclaynet_train_e42ac09afe483fc6b88a.png,train,doclaynet:1001.0104.pdf,3,narrative_document,0,doclaynet,scientific_articles,arxiv_two_columns,1001.0104.pdf,0,67f2b050101ff425f3c0789c2c8823a95e4c54ec2ec3ca5ce7c91b9e29e13822.png,80be70a1cdce1f033964a5c4f1a0defa7a7f91aa57994d7c72e5575d668cbf28
data/raw/doclaynet_hard_negatives/doclaynet_train_9590183a9d49836c71a5.png,train,doclaynet:1001.0661.pdf,3,narrative_document,0,doclaynet,scientific_articles,arxiv_two_columns,1001.0661.pdf,13,91b5290c0a71313bdff6935b0b8402302462c7c95837a154f66d6ef4266131b7.png,dacb674078097797d5bb9b663337d0aeccf81837a4c34b04a42974b83ebd12f8
data/raw/doclaynet_hard_negatives/doclaynet_train_265439d42f84bed0b5b7.png,train,doclaynet:1001.3281.pdf,3,narrative_document,0,doclaynet,scientific_articles,arxiv_two_columns,1001.3281.pdf,6,1ea0165d1ebb2bb1cfd18b5c4a0fe239d008974672cf8558887d151165394c4c.png,2d3614e640f4625ba5e06a79b238ff8d771aeef268205cef7efb7b0c0ccc4ca1
data/raw/doclaynet_hard_negatives/doclaynet_train_6af6eb5b9ddb7a14c722.png,train,doclaynet:1001.2667.pdf,3,narrative_document,0,doclaynet,scientific_articles,arxiv_two_columns,1001.2667.pdf,0,2a957c7e3b13853a38a59342287ca8df2202510178a799545ed7e9fe829740b7.png,bd4f335d8606ce631ae603fe8d0ed2ea28169b12e3cc6defe792fd5bd52e14f9
data/raw/doclaynet_hard_negatives/doclaynet_train_4fb01b9de3b9ecbc57fa.png,train,doclaynet:1001.3032.pdf,3,narrative_document,0,doclaynet,scientific_articles,arxiv_mediumspaced,1001.3032.pdf,14,fa581b889962644bfd433377a36ee77faf2a86f9998e4d8deaed54ba62061956.png,21809d31666ac5ea107150fcb0525a3c1c0093582a24bc93342b35772cfc796d
data/raw/doclaynet_hard_negatives/doclaynet_train_064a1c32306dff757e79.png,train,doclaynet:1001.1543.pdf,3,narrative_document,0,doclaynet,scientific_articles,arxiv_two_columns,1001.1543.pdf,5,984292e39ccf62d9cd77ba63996c1bcbb57a8173e88fe4602d5ca8083f22b76d.png,5dab497d2b277be10174eab0dffe5e17a0feeb1548b8723c821152f67ce3215e
data/raw/doclaynet_hard_negatives/doclaynet_train_77cf306d7665787638fc.png,train,doclaynet:1001.2977.pdf,3,narrative_document,0,doclaynet,scientific_articles,arxiv_two_columns,1001.2977.pdf,17,49adecb2bf1d78cffc4a4d2c68b8ecd39ebc5a58faa82ec73b4041cc46eb0e80.png,329e076fd546c43490877e068c6fee7e22c8ce71b8fc151d1d5c3ffb0c4da448
data/raw/doclaynet_hard_negatives/doclaynet_train_d327fb882b188ec8e7b1.png,train,doclaynet:1001.1892.pdf,3,narrative_document,0,doclaynet,scientific_articles,arxiv_two_columns,1001.1892.pdf,0,6164c26a7eb5b8c5299cef195e48c4ea8e870493109333beb4f6900d175dea02.png,82b62ecac34c3a060b8ed8f5530a66851e38657b2e4f92f0db74f3065771af41
data/raw/doclaynet_hard_negatives/doclaynet_train_3f34b60d4be8a5749908.png,train,doclaynet:1001.1343.pdf,3,narrative_document,0,doclaynet,scientific_articles,arxiv_two_columns,1001.1343.pdf,4,23989c747f601ff2fca4549f3caa33ec646441cd8a70d81a3a3b9fdcdfccaec0.png,fb37546f3c9c97059581cf535cd42f2dd22dee09a7142a1093588cf2d033f8ab
data/raw/doclaynet_hard_negatives/doclaynet_train_faa53642c1514b975bd8.png,train,doclaynet:1001.0120.pdf,3,narrative_document,0,doclaynet,scientific_articles,arxiv_two_columns,1001.0120.pdf,6,1b14839cc8ab24845d3165796420803b6a2f30d4d56f40d98da6ffc487134663.png,648453d62ebdb1f2c0ff08710aed3fbf6ec79607fc71575a8274d74858d96d7a
data/raw/doclaynet_hard_negatives/doclaynet_train_62e2c37d5b115a79fd03.png,train,doclaynet:1001.2544.pdf,3,narrative_document,0,doclaynet,scientific_articles,arxiv_two_columns,1001.2544.pdf,2,7944a2b283661734078d1ca0325e854d0ce7d9c20863438696f611fb8eb3f50d.png,f40b8d0ec73e983d4c275e897178acfe3effcb2a50c066ab43bb62f3f0df4de2
data/raw/doclaynet_hard_negatives/doclaynet_train_44aff84553d68e9b2e62.png,train,doclaynet:1001.0170.pdf,3,narrative_document,0,doclaynet,scientific_articles,arxiv_two_columns,1001.0170.pdf,9,6246ae2cb6aecce8ad5e1c0ba5579c405858811fa29e5e44a64ae723a0da2788.png,86456c8291d5b59d198e8a62ef3351894be2e1d1878a52b160c6438f07e8a570
data/raw/doclaynet_hard_negatives/doclaynet_train_1082010aacd6076a6254.png,train,doclaynet:1001.4591.pdf,3,narrative_document,0,doclaynet,scientific_articles,arxiv_mediumspaced,1001.4591.pdf,15,a754cae25da17f553fbe6ddc06b037705b7d45678a407a99067ba83a316ba572.png,680b6afaa97420825f69aa081f778534ed9c22a92cc1017ce65ea528015d42fb
data/raw/doclaynet_hard_negatives/doclaynet_train_80ed271da79017ee6eef.png,train,doclaynet:1001.1006.pdf,3,narrative_document,0,doclaynet,scientific_articles,arxiv_two_columns,1001.1006.pdf,0,e287a1964544bb32b2ab31c64c6fabe26b55b202a055d910b220f7a0a1640241.png,d27f69ad3cd6b5f61c8940110688ac37212dd0cee07b520a9312096dbaf2184b
data/raw/doclaynet_hard_negatives/doclaynet_train_02f5aafe1231dfc1c2c5.png,train,doclaynet:1001.1574.pdf,3,narrative_document,0,doclaynet,scientific_articles,arxiv_two_columns,1001.1574.pdf,2,b2ba7e0890aa341b6c4fc9279cda3e2ae11c8f89661cc873bc2d9dfba99f73e5.png,85907bf265ab6f7a85cb2c516a24d7e4b3532a80659ed18df60dce47af2954ad
data/raw/doclaynet_hard_negatives/doclaynet_train_02699c8bdf9432f122e5.png,train,doclaynet:1001.0422.pdf,3,narrative_document,0,doclaynet,scientific_articles,arxiv_two_columns,1001.0422.pdf,4,ed5b6f7a5275650fabd054f64c1249acad16c4415c986864424066ee76572b92.png,50041958c3c86e27825163a889a85fd90246170a68d5f9aff6e4f5e521a01d6f
data/raw/doclaynet_hard_negatives/doclaynet_train_ea99c02997ddb0edeb8d.png,train,doclaynet:1001.1015.pdf,3,narrative_document,0,doclaynet,scientific_articles,arxiv_mediumspaced,1001.1015.pdf,13,1c71bddf8d9ab4230518d49a2c31a5f8048534250f44bf32fca52e65b4bc35dd.png,a4f3fc1dee370f11402dbc3624767ddc58ee376444121a56af59f351b3f4c56b
data/raw/doclaynet_hard_negatives/doclaynet_train_9e20394260fd35bfb7a2.png,train,doclaynet:1001.2881.pdf,3,narrative_document,0,doclaynet,scientific_articles,arxiv_two_columns,1001.2881.pdf,2,71cccc2c39a3848433094df6a94022225c382ead60829bec68b3e9c8a82dfa4e.png,2ca027222a1c75877bff4cbdd5039200b6318f12b13533ae5d1aa2db838e2de2
data/raw/doclaynet_hard_negatives/doclaynet_train_2691f5f3eef9fc89ee73.png,train,doclaynet:1111.3659.pdf,3,narrative_document,0,doclaynet,scientific_articles,arxiv_doublespaced,1111.3659.pdf,16,e56db87871a497a3b314c096ecdd52f91dc46b15140e78efb40d1353ccb56fcd.png,a7ee650874112a8078bd273d8b6f4597401d82e3d92fce623d86e48a88a0f254
data/raw/doclaynet_hard_negatives/doclaynet_train_20be7979909de5c76a77.png,train,doclaynet:1001.2630.pdf,3,narrative_document,0,doclaynet,scientific_articles,arxiv_two_columns,1001.2630.pdf,8,49c211546f4c7236a5fc3d4debc0ba09c34ab98742a2ec1fc4a96b7bbfc4c396.png,16934cd09b3f30d7d3e4d0a40097cb6f7823196f52c01f1c4f5f8fab64134452
data/raw/doclaynet_hard_negatives/doclaynet_train_15cfb8f50fdd5f185d7e.png,train,doclaynet:1001.2352.pdf,3,narrative_document,0,doclaynet,scientific_articles,arxiv_two_columns,1001.2352.pdf,2,a2112a6d372f7706e3938536c44f45b22246ac95cd6ad71a28ad988c7a64cd20.png,215a8a66c83a7b4e1602414110be90c4bba5f605ef36a0f3276756ec383d348b
data/raw/doclaynet_hard_negatives/doclaynet_train_809fb4607da20ee9add4.png,train,doclaynet:1509.01079.pdf,3,narrative_document,0,doclaynet,scientific_articles,arxiv_doublespaced,1509.01079.pdf,23,a0974ba27beb9d03b923a52d46e27e6263c42159ed3075427a18c8497b965aad.png,93e32987e3392d9562568a2729e2a8f2f74b4b419c9e716ca188300bac155b60
data/raw/doclaynet_hard_negatives/doclaynet_train_e72d0fbbab0476009d1b.png,train,doclaynet:1001.1647.pdf,3,narrative_document,0,doclaynet,scientific_articles,arxiv_two_columns,1001.1647.pdf,3,419af907e312eca1564cf08b035d2229c09f46b4dbc96954f30340306e83267b.png,ec2ab4b112e5251048fa1f9858c7449be8196086d6c82c95387412ae3e14efc2
data/raw/doclaynet_hard_negatives/doclaynet_train_cdccdaa9ae9290eba6b6.png,train,doclaynet:1001.0663.pdf,3,narrative_document,0,doclaynet,scientific_articles,arxiv_two_columns,1001.0663.pdf,2,bc21a051c537b8ebe9108057a5b2fe314f3ef47c1394ba47c024d836f1c98801.png,4dd988d61413e64cc66902e02eda60dd50d34dbe1c89cd21e7e60f6b526d3ee8
data/raw/doclaynet_hard_negatives/doclaynet_train_772dcc2e538e4e05cf6b.png,train,doclaynet:1001.0671.pdf,3,narrative_document,0,doclaynet,scientific_articles,arxiv_two_columns,1001.0671.pdf,1,22cb552bb7bbe42067cd301e4934076f697686df38d929a1ce0be7ce6f93fea3.png,4a892ce97fca3442e6e583e06af04f24283c05fbd5a95f8b55be8e06081445d6
data/raw/doclaynet_hard_negatives/doclaynet_train_e0f812f60bb5b82c00f4.png,train,doclaynet:1001.3323.pdf,3,narrative_document,0,doclaynet,scientific_articles,arxiv_mediumspaced,1001.3323.pdf,1,dc32e00479e67657f73f64c3f54bfcc73a457b8e1f6f9b15b924c96e3d17ca5e.png,c905c29e3daceadc80cda6e8b770ccd9677ba6b69daa161874ad157f882997d6
data/raw/doclaynet_hard_negatives/doclaynet_train_7e7f8f498fe72f3f965f.png,train,doclaynet:1001.3882.pdf,3,narrative_document,0,doclaynet,scientific_articles,arxiv_mediumspaced,1001.3882.pdf,4,4a9a21d1354d80b6f7083a0e8947a2aeae8d8354c568f9af4a1940dc0f88b013.png,f2456d23cb89f2b47e746ec55bf688dc178e0cf2ad155408c7e7d06b6a6de966
data/raw/doclaynet_hard_negatives/doclaynet_train_dfc5958accac9fce1a8e.png,train,doclaynet:1506.06795.pdf,3,narrative_document,0,doclaynet,scientific_articles,arxiv_doublespaced,1506.06795.pdf,21,db20887540186644acec613d0f501f360ce0c8ceae336be912010a6d49eeef10.png,033878d45e9d549aede858c94518ba3d7271110a7550b30d7aceb52b19cba549
data/raw/doclaynet_hard_negatives/doclaynet_train_cd347ed4ae46180811a3.png,train,doclaynet:1002.3850.pdf,3,narrative_document,0,doclaynet,scientific_articles,arxiv_mediumspaced,1002.3850.pdf,1,8b15bcfe7076346bba9f51492d4b8a5b0af1db669c315325afd7dc6a29d3ff35.png,7c26087f2225367b1112021ff616a06f752f89bb47eb2e5478929ed09d94795f
data/raw/doclaynet_hard_negatives/doclaynet_train_2ee23f6914d897952333.png,train,doclaynet:1001.1997.pdf,3,narrative_document,0,doclaynet,scientific_articles,arxiv_two_columns,1001.1997.pdf,1,92894f1f24ecda74345286641187da6f37a9e0fda671a8c57b688d56a7f37067.png,28ec0042d43215b432ad21a022f55c82cc6147dbb6b9e9e01e4d8454593fcab8
data/raw/doclaynet_hard_negatives/doclaynet_train_fa89c8042599f8d5a517.png,train,doclaynet:1002.2533.pdf,3,narrative_document,0,doclaynet,scientific_articles,arxiv_mediumspaced,1002.2533.pdf,12,6ca8104f1f7b5afda275abdec288e41ec7a782481871d7bd92c8c1ca2bf5cd8b.png,8f265ff5d5c0856c9c4e55c6fe374a158124c466a11ba43ba024af100fce85e3
data/raw/doclaynet_hard_negatives/doclaynet_train_d1ecf2d61e3c46540e7f.png,train,doclaynet:1001.3359.pdf,3,narrative_document,0,doclaynet,scientific_articles,arxiv_two_columns,1001.3359.pdf,0,50cbadf74d92eeb49c593392c208009f11ed080b1cbf9644f4d0aa2884eb875e.png,bbfb5d70d34c2bef632d8123e370f4438c1aba846255f2c074a9bf79b2172890
data/raw/doclaynet_hard_negatives/doclaynet_train_399ca33fd7b80d668310.png,train,doclaynet:1001.1411.pdf,3,narrative_document,0,doclaynet,scientific_articles,arxiv_two_columns,1001.1411.pdf,4,d5fb681aec0531e4787cf19c40816db4b392e3de901cf907cb1fba57796432c6.png,b266722ca1e925232948c5cdb2133a114409a482d5c9a22c8892459e55deb8fe
data/raw/doclaynet_hard_negatives/doclaynet_train_b2963f04b96a43842b22.png,train,doclaynet:1001.1243.pdf,3,narrative_document,0,doclaynet,scientific_articles,arxiv_mediumspaced,1001.1243.pdf,9,fd85703ce7ba25fc378d36c8470d1570ba9d7e6e0abaa242d0dfcc4701243347.png,77df1908e912764d9dc89e090164639ab092b60a6b91451916384bcacb044f55
data/raw/doclaynet_hard_negatives/doclaynet_train_4532b0c32ec832a6d506.png,train,doclaynet:1001.3311.pdf,3,narrative_document,0,doclaynet,scientific_articles,arxiv_mediumspaced,1001.3311.pdf,5,97a7b1ae40d7b7642a71c31dbefbe5b4984e586e977980d203818c8fe4e42c13.png,5cd2fa55abc245996daf55eb317958f019bd041e9bfdccd1be7ce5046d23fb52
data/raw/doclaynet_hard_negatives/doclaynet_train_daddab9edad31898da1b.png,train,doclaynet:1002.1730.pdf,3,narrative_document,0,doclaynet,scientific_articles,arxiv_mediumspaced,1002.1730.pdf,3,743b4243476d72c08fdef4196155d4eafbe21d26f93aa13c74c736a106059fd6.png,bd7e4a8c3ee38dbfb8406fb1d399e00c5242cb71ce00e6d5643c38c43be81f3a
data/raw/doclaynet_hard_negatives/doclaynet_train_77cf5a0edb23a2385ed8.png,train,doclaynet:1001.3405.pdf,3,narrative_document,0,doclaynet,scientific_articles,arxiv_two_columns,1001.3405.pdf,5,cb768d6c5b7734900b6b1596e29055e4c6515184e3a3772fe1e5950deaa4b923.png,0b98e58769f4d2b797afa35b4ca42845e99212e4dcac4f655205a94189fdd232
data/raw/doclaynet_hard_negatives/doclaynet_train_0a98a6bc31928606254c.png,train,doclaynet:1507.01980.pdf,3,narrative_document,0,doclaynet,scientific_articles,arxiv_doublespaced,1507.01980.pdf,28,fd6fb69798d172739306aab681abaf0c1c945de8dc1373724f6480761e1ce07b.png,15c268126ea6f7d98533c456a87b16a1c5ed3d275fc8345892465a820f110af7
data/raw/doclaynet_hard_negatives/doclaynet_train_57d242e63c40282b54e5.png,train,doclaynet:1001.3722.pdf,3,narrative_document,0,doclaynet,scientific_articles,arxiv_mediumspaced,1001.3722.pdf,6,4909eea1fd58ed2d0f82217f969a542fa16c7e506e453ce7d493f05dba124c39.png,f606f2078774f88c755b58eb2c9432d80ae0d7ca3f5db669d4588d9380c79c2a
data/raw/doclaynet_hard_negatives/doclaynet_train_531d9b7e0d3aa4e04844.png,train,doclaynet:1002.2002.pdf,3,narrative_document,0,doclaynet,scientific_articles,arxiv_mediumspaced,1002.2002.pdf,3,aa4397364761bf9652c9258781091e55afc23f505396ea5a8d09f0a0060dfacd.png,2b41e58355f8af0d40b114a69bfd14b2baa47b84a909ebc2f5b18ba7fd43bf4f
data/raw/doclaynet_hard_negatives/doclaynet_train_499d078a41a1d25f6705.png,train,doclaynet:1001.2444.pdf,3,narrative_document,0,doclaynet,scientific_articles,arxiv_two_columns,1001.2444.pdf,3,68f141d2ce8cd9ca70df4f8a1d768f35bf17fba5f46d2cd31587b6c8090ed64e.png,3f7cf3c8542b0e347d4bcd2bea2dd58f447fbc36803004d31e75503930dbf2e7
data/raw/doclaynet_hard_negatives/doclaynet_train_24265615fc06e812f4e0.png,train,doclaynet:1001.3012.pdf,3,narrative_document,0,doclaynet,scientific_articles,arxiv_two_columns,1001.3012.pdf,0,c2294fdc01b27b495c6f045e7c3a3b7329f898e1d75dd9502115d0426efbbdb6.png,1cc530c8e056a8f8e49e4bd7cb2872b2eb0abf3ad0e3405286f64232d14052ee
data/raw/doclaynet_hard_negatives/doclaynet_train_4e4593c712302332bd2b.png,train,doclaynet:1001.3403.pdf,3,narrative_document,0,doclaynet,scientific_articles,arxiv_two_columns,1001.3403.pdf,4,d2a8d38470215ddd3fc656c034f959072d9a4ad7a8e25e746a742a7b952006fa.png,ab1581f8d558890b6994275183d36aef46a73f068d99a48ae66ad8b6bcfa0e0e
data/raw/doclaynet_hard_negatives/doclaynet_train_54fa5bbfcabdf56d0334.png,train,doclaynet:1002.4705.pdf,3,narrative_document,0,doclaynet,scientific_articles,arxiv_mediumspaced,1002.4705.pdf,21,44fc6c61e51254b61350955b0d4847fa031b33ef068edf449ad3231ca08a3880.png,c12f40cd6ff35f08fb2df45340efd24a10a8e53ebf386960496ea582fc481a08
data/raw/doclaynet_hard_negatives/doclaynet_train_ba258546ce98da2a51c6.png,train,doclaynet:1001.1211.pdf,3,narrative_document,0,doclaynet,scientific_articles,arxiv_two_columns,1001.1211.pdf,1,0d9795fd7a050c600b0ccdd9d3d1b6ac4d866ee17d7a25376ce7979595f4559e.png,271859b3f567d2b88dd4c223251ea6e84b3919f932240d4cdffce94f3b7dc09a
data/raw/doclaynet_hard_negatives/doclaynet_train_225f456a82cba11755eb.png,train,doclaynet:1002.4764.pdf,3,narrative_document,0,doclaynet,scientific_articles,arxiv_mediumspaced,1002.4764.pdf,1,b404b613d421801e7e7604ab4b76aa6c67a4ac1b88f32eb7c3653f1f8de5bea4.png,df8545f9d4a694530ae5e9817708a942e09a2f11c7cc005a32dcb41c87822cc1
data/raw/doclaynet_hard_negatives/doclaynet_train_a52432f087c2f795371f.png,train,doclaynet:1001.1971.pdf,3,narrative_document,0,doclaynet,scientific_articles,arxiv_two_columns,1001.1971.pdf,3,71023a04db192f79cf0b0ea82bb12e2af3e2c78ed7186394daf6b799a43c48ad.png,fd5c6638a8e59350eca7acd3c379edaad8bab70257737aca0b94fc68a2b07dcb
data/raw/doclaynet_hard_negatives/doclaynet_train_dd157894852c1321a675.png,train,doclaynet:1001.2869.pdf,3,narrative_document,0,doclaynet,scientific_articles,arxiv_mediumspaced,1001.2869.pdf,11,3dc81fd8f4de2597fd0530b65b03aad0f4af7738161fb8d96022bd19c79610ff.png,7717a633a3d5e48915ef8bb9dd6efd288ab5eb91b9d5553fe92e7be70d21505b
data/raw/doclaynet_hard_negatives/doclaynet_train_8d70f4f875d45dbed7cd.png,train,doclaynet:1303.1435.pdf,3,narrative_document,0,doclaynet,scientific_articles,arxiv_doublespaced,1303.1435.pdf,22,5a381d14e8637f27a1eab40cdd009fef06ee4efba65724436fb6ad8cdec76e24.png,56d8989f5ebeed7b3130c4596a1450ac8a0f108c822eb03a4e4fc05032e866b1
data/raw/doclaynet_hard_negatives/doclaynet_train_f625b714dd5c10666b1a.png,train,doclaynet:1001.5438.pdf,3,narrative_document,0,doclaynet,scientific_articles,arxiv_mediumspaced,1001.5438.pdf,27,fde0477bf759804da2ba1d14c1af656fff0e5c8eaff635bec90b406a29700717.png,392483dc14eb7c41197ac067680b091b3acb64a6f8c731f0070220a40ecfeee8
data/raw/doclaynet_hard_negatives/doclaynet_train_5f6f32b3f14d2e3084d6.png,train,doclaynet:1001.2625.pdf,3,narrative_document,0,doclaynet,scientific_articles,arxiv_two_columns,1001.2625.pdf,9,cbe54b294104fe409e581bc0c3c2b78de9ac05f352cf2ac8e34fd7e9161678b8.png,859279db8e5cc3cbe9c84e845cdec68b2e0b4f4a190cfafaee84ac87565f7ef6
data/raw/doclaynet_hard_negatives/doclaynet_train_b4d4ae898f08a08e2b60.png,train,doclaynet:1001.2492.pdf,3,narrative_document,0,doclaynet,scientific_articles,arxiv_two_columns,1001.2492.pdf,2,f4581344a71f280c4c45f71c7e844bf9830dac316fac197eb113521fad3dba60.png,2d318507fe23cf1b24cda6e8781d88810ee748cbf3fb0ebc89c7738743751d02
data/raw/doclaynet_hard_negatives/doclaynet_train_d7bce9d12c9b8bc46798.png,train,doclaynet:1001.0067.pdf,3,narrative_document,0,doclaynet,scientific_articles,arxiv_two_columns,1001.0067.pdf,1,c74d22b31c7d6d811a5ef37a0ab633e28fd952fc33abf5b81fcfc9b46086cc3f.png,c57a8a41d21015e9b87ca179574e96d1389b7ebde2907d6ea369ba0d74c8988c
data/raw/doclaynet_hard_negatives/doclaynet_train_7b5fa974ee699d95e2b7.png,train,doclaynet:1709.03000.pdf,3,narrative_document,0,doclaynet,scientific_articles,arxiv_doublespaced,1709.03000.pdf,18,32be9cdc020bb7332e7bdfa903776b77c39ba7872201ab576216398a80905424.png,99c24ca62774a5ffa5945f7034817ab3af90d51bd1b4f147ac9013f99a625d21
data/raw/doclaynet_hard_negatives/doclaynet_train_2d36cce1edd74347a645.png,train,doclaynet:1002.3948.pdf,3,narrative_document,0,doclaynet,scientific_articles,arxiv_mediumspaced,1002.3948.pdf,29,8cf000feeb2a8a99b6e808cf4ddbc34977f15f7535bb3ba32563d11c18683229.png,7e6f99a1c241ff8905b7b322fb6b3a53f9d39cfedb6a32d0fd89ed7b57e29245
data/raw/doclaynet_hard_negatives/doclaynet_train_3b485e8208b6f5fdafd2.png,train,doclaynet:1002.0037.pdf,3,narrative_document,0,doclaynet,scientific_articles,arxiv_mediumspaced,1002.0037.pdf,3,bd4bcc5035760c5486c81fe7c9387c04d5362aa53d0184dae5d9871235849690.png,926aacf83575e657f3d74654a2e088d15d6209f1f34bd8f6049134953fc2628c
data/raw/doclaynet_hard_negatives/doclaynet_train_05f5e530d5b71c0603f5.png,train,doclaynet:1001.2505.pdf,3,narrative_document,0,doclaynet,scientific_articles,arxiv_two_columns,1001.2505.pdf,2,cb6ca3bc002ce06c15c496c2bd680b2c5e5346a954cae925bcfb7209fd4eee99.png,1b9e56cc4e67cef14cd429f653d3621b4133aecd63b74d876e690001551bbfbc
data/raw/doclaynet_hard_negatives/doclaynet_train_9d1d862738594ec39992.png,train,doclaynet:1001.0483.pdf,3,narrative_document,0,doclaynet,scientific_articles,arxiv_two_columns,1001.0483.pdf,2,63623ea55c5d474d4124d8ecdaf730c7461811fe1643bc6763c83bb8e5c76858.png,40684a8abd05df5068f3405b8978850736164fbc8479a3db6399a1019a841d4a
data/raw/doclaynet_hard_negatives/doclaynet_train_2164fe0eca7f274a0169.png,train,doclaynet:1001.1148.pdf,3,narrative_document,0,doclaynet,scientific_articles,arxiv_two_columns,1001.1148.pdf,3,22e44a9b45301f92e0012c24626fbdbcb16d7c559de2faa024f20a984041b29d.png,2c76d8404f479cb4ed7bc6d4235b2e505e0f08f2a18770909b3aec6a76b0144c
data/raw/doclaynet_hard_negatives/doclaynet_train_51eb0f4f77ba535bc65d.png,train,doclaynet:1001.2285.pdf,3,narrative_document,0,doclaynet,scientific_articles,arxiv_two_columns,1001.2285.pdf,2,fdee48e334496b0f6d2384a1bbab22b84b66f906da88e6a74e0c7c2450f87763.png,29628f1c8ba0fcbeaf69274e26edc0c2ed95ecbfb0aa39a2928f5eb75fa990f9
data/raw/doclaynet_hard_negatives/doclaynet_train_f72e49b90247136760d3.png,train,doclaynet:1001.1431.pdf,3,narrative_document,0,doclaynet,scientific_articles,arxiv_two_columns,1001.1431.pdf,5,9551a371f74eaf96cf819cc1a8bc395723bf30bb0ad429c6cb25a31b9eed6e50.png,56427a13646d43d2afe6f9f68b231104999f4d276ebe1801d6051c5dedab2301
data/raw/doclaynet_hard_negatives/doclaynet_train_0532a800faf9aa220e21.png,train,doclaynet:1509.07155.pdf,3,narrative_document,0,doclaynet,scientific_articles,arxiv_doublespaced,1509.07155.pdf,45,d8125ff0e37827f3a802b3138056b2bb3a0f79826ba86f3f9d669e97f83a9562.png,05b1ceb01753eeb70f7afc72c186541f70fd52384e0400aab8a165611bc8cecd
data/raw/doclaynet_hard_negatives/doclaynet_train_38fa81b709a0f9963f1b.png,train,doclaynet:1001.0660.pdf,3,narrative_document,0,doclaynet,scientific_articles,arxiv_two_columns,1001.0660.pdf,0,186e8e53b2484809a9efa09739e8ceca58649985c862177ff1c47114a067bfc1.png,af83f6e54140c80057443855dc1616ad7b719082d0cadd73313248c1e0956945
data/raw/doclaynet_hard_negatives/doclaynet_train_e84136f1426441893ae0.png,train,doclaynet:1001.4215.pdf,3,narrative_document,0,doclaynet,scientific_articles,arxiv_mediumspaced,1001.4215.pdf,11,603ac67984a9bd98f4fb8e63a9ddc3b67ad1ddbc9ec76bf850e34661825ce046.png,38e916982e06603c5dcb5282f16d32c9db3464abb5a552cc4ac2602a404efbf2
data/raw/doclaynet_hard_negatives/doclaynet_train_9c91c8ebd70ef0ebf989.png,train,doclaynet:1001.2695.pdf,3,narrative_document,0,doclaynet,scientific_articles,arxiv_two_columns,1001.2695.pdf,5,1c639f3efeaef58f184c05480b5061e414c33a706fbb6a6fd9bee101d11f5978.png,3b293480bc45a827457fc6a8ccbba9eb70791d35e70b567b52c2e7c1933688ad
data/raw/doclaynet_hard_negatives/doclaynet_train_c7901887753588be7e0d.png,train,doclaynet:1602.08634.pdf,3,narrative_document,0,doclaynet,scientific_articles,arxiv_doublespaced,1602.08634.pdf,19,2709d6d27077cf49e2d6928b35db066eda5ddeb27f4faa87a1e11492164223a8.png,b337892588cd3d47688be73c9bbc7a23464d309e590daac435901f9d9256bab7
data/raw/doclaynet_hard_negatives/doclaynet_train_6c4165d19e1d2061e703.png,train,doclaynet:1509.04425.pdf,3,narrative_document,0,doclaynet,scientific_articles,arxiv_doublespaced,1509.04425.pdf,22,80e002b4487e75c1e053275f15eccb99232aa096d4773c97ff01877fe08da4f1.png,ef5c5f2a366a10c5c3f777e36e619f0c26cabcd39b09beb53f192d0b52128435
data/raw/doclaynet_hard_negatives/doclaynet_train_42d61c5a759d5f5df24b.png,train,doclaynet:1001.0603.pdf,3,narrative_document,0,doclaynet,scientific_articles,arxiv_two_columns,1001.0603.pdf,2,412b2209f85d38b0bcc9a0376774ae3e10ded2b3d266719b0612665680e29d54.png,3ca7896258994a5babbab9cc8aa33898657000a83db5725d5e56f0c2a736ba69
data/raw/doclaynet_hard_negatives/doclaynet_train_3545f8196f86e7588eab.png,train,doclaynet:1001.1217.pdf,3,narrative_document,0,doclaynet,scientific_articles,arxiv_two_columns,1001.1217.pdf,0,e87d71fc80c0b822162d3014005cce47dbffc43ad9359fcb143c69db4b1e7663.png,d01a63e80fc8700d56d0b1b5293fe334895d26add215ae8ac0b5e86645ab49c3
data/raw/doclaynet_hard_negatives/doclaynet_train_dcf61052818fa151c853.png,train,doclaynet:1104.1585.pdf,3,narrative_document,0,doclaynet,scientific_articles,arxiv_doublespaced,1104.1585.pdf,12,a205e78e075ac3ae54a53a3f5a8a54e70869e3792861c5b392cabb2d56df923b.png,9657d2ae2b19e999810d5e572128bdfcd2fd4ac71d6c27ba94b938327d044f8d
data/raw/doclaynet_hard_negatives/doclaynet_train_143cfac148e31ae14cc9.png,train,doclaynet:1001.1205.pdf,3,narrative_document,0,doclaynet,scientific_articles,arxiv_mediumspaced,1001.1205.pdf,17,f02e00fb323c073c788bf3430ea5691b74bea32e4145272a78df6b9b66e813a0.png,fe3f969298747f377402600601dc00dce2b081b4ccae0cce86702614d7c642e8
data/raw/doclaynet_hard_negatives/doclaynet_train_2269d3f586b8c7659925.png,train,doclaynet:1001.0021.pdf,3,narrative_document,0,doclaynet,scientific_articles,arxiv_two_columns,1001.0021.pdf,1,15ac0a9e77672198153f9e5ae6ada7c0f80c195eda0825b1a5e4e1b2d00cf844.png,60adbae0cae41b1b548792e8d54f967cf3588cb044c2e84398f72b4752eb92a4
data/raw/doclaynet_hard_negatives/doclaynet_train_3cc12bfd1ccecad49552.png,train,doclaynet:1002.4327.pdf,3,narrative_document,0,doclaynet,scientific_articles,arxiv_mediumspaced,1002.4327.pdf,11,8b48103bb0c47d16165c052e8d4265112e6c047ecf12d72322ef4408a199aa3d.png,313bf46048fb2a77b6421a037fd0980cf1aa956c2b23e47ffa02c184dfee6624
data/raw/doclaynet_hard_negatives/doclaynet_train_0050d4cad6bdc15a0b03.png,train,doclaynet:1001.2493.pdf,3,narrative_document,0,doclaynet,scientific_articles,arxiv_two_columns,1001.2493.pdf,3,f299a42ddc8f99995007d057d91aeb2945340d5cd69be2e49c94636a82a710bf.png,4cfb6a0e9b2a714479f9b422f84956f727842ebc793307cddf0a14b6c11625eb
data/raw/doclaynet_hard_negatives/doclaynet_train_697f60e937da4ff0fb77.png,train,doclaynet:1001.1253.pdf,3,narrative_document,0,doclaynet,scientific_articles,arxiv_two_columns,1001.1253.pdf,1,6f2212dce872ee9e9a74045a5ad6dd37f461222d4185748d9f81193b8ecc0918.png,ec9f0f08fc806918497a44ff0700b48c5644b78a56beefacd420950694906928
data/raw/doclaynet_hard_negatives/doclaynet_train_2467d55785a8dadd5418.png,train,doclaynet:1001.2739.pdf,3,narrative_document,0,doclaynet,scientific_articles,arxiv_two_columns,1001.2739.pdf,7,87ec15bf28bd8facec8b97e386b4e2128527de4a05bafc2dcd66fe71f354edd2.png,1b986886a6a9287f6e922649aada3d768be4945f933862098189f8dd1cdb347a
data/raw/doclaynet_hard_negatives/doclaynet_train_768347214cba078ee9d1.png,train,doclaynet:1001.2557.pdf,3,narrative_document,0,doclaynet,scientific_articles,arxiv_two_columns,1001.2557.pdf,18,453fbec753f3c2060aea76324a1ccda16cbe4e741f958e1bb126824df0e45a26.png,b0db2bc64f001cd424bd275b2db521d546acaf17d420d1442b1259f22f07c8b4
data/raw/doclaynet_hard_negatives/doclaynet_train_3a60b3c673f2a37b7e57.png,train,doclaynet:1002.3753.pdf,3,narrative_document,0,doclaynet,scientific_articles,arxiv_mediumspaced,1002.3753.pdf,20,8c7162e01cf0b9576cba4d2b8b6bb9e232e1f50b88e124a2aee6e6d3e033eb53.png,ae8b8f4c32c734624172eabbe1c77cc1f384f58b42429e6814ac75bba1b80222
data/raw/doclaynet_hard_negatives/doclaynet_train_aa60ffa4ea8ff9f7660a.png,train,doclaynet:1001.2226.pdf,3,narrative_document,0,doclaynet,scientific_articles,arxiv_mediumspaced,1001.2226.pdf,12,d682be8f9089c73378ea8e3ed99c1a770a59973886befbc494dfdde933a1cf6a.png,392e358655c1c9db101a9dc7a769e84fb0c6c223eeb5153767c283b9755c02bd
data/raw/doclaynet_hard_negatives/doclaynet_train_502555afc9e3a283a051.png,train,doclaynet:1001.2738.pdf,3,narrative_document,0,doclaynet,scientific_articles,arxiv_two_columns,1001.2738.pdf,1,e55ee440c534313734e4a4b73edc0730bd409f3afd887573e9248f48ee7aaefc.png,634dff02b4912f69e1f57b1ab0946f7a67fcebb7b7305b0f9daf1e70dc99c489
data/raw/doclaynet_hard_negatives/doclaynet_train_ca46423b3d7e33bbc64f.png,train,doclaynet:1001.0400.pdf,3,narrative_document,0,doclaynet,scientific_articles,arxiv_mediumspaced,1001.0400.pdf,8,158f92d598d23a48a2baf8db432ad690c4c59958837f0272443349fd5635f39f.png,f640032ab797d2083c331fa2361d26ab9c8ed855b9878b9c3e871eb2ff7f9327
data/raw/doclaynet_hard_negatives/doclaynet_train_af415931439181818e8d.png,train,doclaynet:1001.2559.pdf,3,narrative_document,0,doclaynet,scientific_articles,arxiv_two_columns,1001.2559.pdf,4,644cc64edf98098334c175c3f1086547a276359c3d5708bb563bbbbbb52c39b4.png,f34ebf01421ae7dc98500bbb59f554b1b1973ae81fd64130e9b3e98d3d095fd4
data/raw/doclaynet_hard_negatives/doclaynet_train_5717e1f48149dad74451.png,train,doclaynet:1001.0583.pdf,3,narrative_document,0,doclaynet,scientific_articles,arxiv_mediumspaced,1001.0583.pdf,20,26ba9f9a1a12facc10ab74131a2114d2d8d565d81962c15d781316172fc26782.png,d08b8b9dbabb5b1ac29e2ce5541ecb21fab221156db5915830229a314ad1bd06
data/raw/doclaynet_hard_negatives/doclaynet_train_91d398abda485a6522f3.png,train,doclaynet:1001.0543.pdf,3,narrative_document,0,doclaynet,scientific_articles,arxiv_two_columns,1001.0543.pdf,1,477100f4c1f051d13a939143dcb1a03a4fbc40440293db711d5d931dad0f9d9d.png,2162600917905ac2c466c2166521b1648cd49afda72cc97452cde6b2772bf53f
data/raw/doclaynet_hard_negatives/doclaynet_train_01631a0bf3c9af8ada9a.png,train,doclaynet:1001.2798.pdf,3,narrative_document,0,doclaynet,scientific_articles,arxiv_two_columns,1001.2798.pdf,0,b4a8166d73f27a132161482b242441fadbe0e73638f51f1d20769f3467cc9b84.png,d13ba28d3501cc4a5bccc6480ebc7510d3ee8aab9c9e1410327f0c8ad679515f
data/raw/doclaynet_hard_negatives/doclaynet_train_6f1c470d4743bbb636f1.png,train,doclaynet:1001.0481.pdf,3,narrative_document,0,doclaynet,scientific_articles,arxiv_two_columns,1001.0481.pdf,0,4ebd8bebd1b2484a2ce495beddf4faae29aad431c6e6d0a824e8eae6c2b145f2.png,636cb949d64e2bcc486c3f1fa0a766cd5a968696336122a3fbc8ae5255e7363e
data/raw/doclaynet_hard_negatives/doclaynet_train_b56cd0e5aff53030ce94.png,train,doclaynet:1002.4284.pdf,3,narrative_document,0,doclaynet,scientific_articles,arxiv_mediumspaced,1002.4284.pdf,18,67ff4a04fdb6578ece901719039f63eae5a0e72cfa1f600785e632968c434d7c.png,f9a625fa6b89f385e4e1118a14eefc7c6e32d51c934411e0abcf76d2a77c48bd
data/raw/doclaynet_hard_negatives/doclaynet_train_575ad8e497062739f472.png,train,doclaynet:1001.1721.pdf,3,narrative_document,0,doclaynet,scientific_articles,arxiv_mediumspaced,1001.1721.pdf,0,9e6a77e1f0aad71e8c014e0ad3c80fb586b7c06a5fff97818e086cdf6f65404e.png,22033ec18b856d337da109dc3e581c0136fbf3b921ca6e93d0e04a5fb67da239
data/raw/doclaynet_hard_negatives/doclaynet_train_912298f4c5117be1e288.png,train,doclaynet:1001.0066.pdf,3,narrative_document,0,doclaynet,scientific_articles,arxiv_two_columns,1001.0066.pdf,1,a98483c8b494f4e83a4d7e6e275c173bb4475b550931a95dc636e4494e6dd4f5.png,365c246887a998c8e6aba1284ce44bf43173ce5f5bf07c5dff0d890364e8ceb1
data/raw/doclaynet_hard_negatives/doclaynet_train_39edbbfb4afe4056809b.png,train,doclaynet:1001.1765.pdf,3,narrative_document,0,doclaynet,scientific_articles,arxiv_two_columns,1001.1765.pdf,0,4ac8b039a109723d3713d5fdf67936ace6ebf1a2e1f0fe217b3139f4b22db5e9.png,10203bfdc6cb8d22fe943e41b6eb3b8ffb219f3003d240e14ab00814e2d83a7e
data/raw/doclaynet_hard_negatives/doclaynet_train_b44b6cb64dedbdf82c8c.png,train,doclaynet:1001.1790.pdf,3,narrative_document,0,doclaynet,scientific_articles,arxiv_two_columns,1001.1790.pdf,0,5ee8231a0ce87f3122e7bf900c85ae2175a63ca88af837429b1c4ea7a6dbcfa7.png,e71d5bc420a71aabfa8c21ffa1af0ce739dff09b146304429f1a8bdd175a1fff
data/raw/doclaynet_hard_negatives/doclaynet_train_5c59a1483842904b14a3.png,train,doclaynet:1209.4687.pdf,3,narrative_document,0,doclaynet,scientific_articles,arxiv_doublespaced,1209.4687.pdf,34,77641d9d5ba14d4506781862228cf1719954e3221c54bad2ae705eb8771ddb04.png,2724c81b4f5a6d1cb028a79f5bbbd5beb0af2b30b0bfb0a9ce6b717b3f60bd0f
data/raw/doclaynet_hard_negatives/doclaynet_train_23a688f8c87d756e09f5.png,train,doclaynet:1001.3408.pdf,3,narrative_document,0,doclaynet,scientific_articles,arxiv_mediumspaced,1001.3408.pdf,29,b0cb555ec224a37bfc2daf5ecb3706b5611c7cdb9ff0e97ee022073d173a1778.png,2314ee5df91b564fda4fa40f6d1e58b5a1b64d7301fcaf03a14f5ae44ef24fb3
data/raw/doclaynet_hard_negatives/doclaynet_train_24badd399d979ef3537f.png,train,doclaynet:1002.0920.pdf,3,narrative_document,0,doclaynet,scientific_articles,arxiv_mediumspaced,1002.0920.pdf,0,de4e37f5936d4cb3646621bd1d2caa2b32282a03fa50de347452117474ed89ae.png,0444510453bdf6a2631c9ee9e32eec71a8f5fe58a030cf76cd6707139c379d6f
data/raw/doclaynet_hard_negatives/doclaynet_train_286b595af6b3445fcba7.png,train,doclaynet:1002.0900.pdf,3,narrative_document,0,doclaynet,scientific_articles,arxiv_mediumspaced,1002.0900.pdf,9,c0feab661a707da4ed445c5ec6932d6c9ad008d54ebfb0630f8a434fba043b88.png,606b4bb0ee34737ac47274014b450f844f0ba3df17e0b45123d2dba530e38a35
data/raw/doclaynet_hard_negatives/doclaynet_train_5f3ffb3895b0a0a1b4bc.png,train,doclaynet:1001.1715.pdf,3,narrative_document,0,doclaynet,scientific_articles,arxiv_two_columns,1001.1715.pdf,3,9677acd9e402a894860632a74e7d221e17bc8628daff9b184f649e89af338646.png,896de493e7409d6cfeffbbc476cd6b40a9cea8340ce755611002850fab2f1823
data/raw/doclaynet_hard_negatives/doclaynet_train_7e630f07263d4c038c3b.png,train,doclaynet:1001.2894.pdf,3,narrative_document,0,doclaynet,scientific_articles,arxiv_two_columns,1001.2894.pdf,0,6dbac9ccd4fda59441e650e1145d4c83aea409d55cd259a9758004ab0a110cc5.png,5785a45ba1d1b383e339305fd24b66c1e965c8919077eb7936c817135ffce25f
data/raw/doclaynet_hard_negatives/doclaynet_train_fab31376570ccbda31a4.png,train,doclaynet:1001.1286.pdf,3,narrative_document,0,doclaynet,scientific_articles,arxiv_two_columns,1001.1286.pdf,10,c989a6c9b8a02f60539433ead214cefb10e45a2c374d4c76d30c758c39918516.png,31be2bc8a73564d8f4a9e1e685ad68250fd90ccfee8fe29aac14b64551d225a4
data/raw/doclaynet_hard_negatives/doclaynet_train_a0ec6558692bee6c3bf5.png,train,doclaynet:1002.3571.pdf,3,narrative_document,0,doclaynet,scientific_articles,arxiv_mediumspaced,1002.3571.pdf,13,4e4a09f219cbd277dd18b23fc7a867ed0e8eb6075b9821785e614d1f386f7fcb.png,7e0be6691cc6dbd81d5a97db22edd801f6690f9c241ed9c50beb1bf642bdcaea
data/raw/doclaynet_hard_negatives/doclaynet_train_aef9cabb608a205f6164.png,train,doclaynet:1107.5432.pdf,3,narrative_document,0,doclaynet,scientific_articles,arxiv_doublespaced,1107.5432.pdf,12,f6703439410fe630548e7868706691a4d38363ac2929adf926f5390541232aff.png,008e9915fd03a845b522145ea87510558aec65696f52bf6b94ab23fbdbabcf0e
data/raw/doclaynet_hard_negatives/doclaynet_train_f397e4ccd83e5c96022f.png,train,doclaynet:1001.3307.pdf,3,narrative_document,0,doclaynet,scientific_articles,arxiv_two_columns,1001.3307.pdf,3,7c350b13f22cd54d29503ad5eb8b988c9334dd0f44028aa1be4fafab0322591b.png,a097285514926b5238ed2685952020d1ecadb83d49131c92380faa3e7c462710
data/raw/doclaynet_hard_negatives/doclaynet_train_9f3f29069bcba67cce18.png,train,doclaynet:1001.1614.pdf,3,narrative_document,0,doclaynet,scientific_articles,arxiv_two_columns,1001.1614.pdf,2,2e6a03d51f02a17a3d81c86a6d8cc9cf0e3966254b95577fda7f08428e6f0fbe.png,f702bef25e7d429643459d95169f42de20cdb270ab59ce08901c47c7e148a89a
data/raw/doclaynet_hard_negatives/doclaynet_train_01417aa7da6f009adf03.png,train,doclaynet:1002.0462.pdf,3,narrative_document,0,doclaynet,scientific_articles,arxiv_mediumspaced,1002.0462.pdf,3,b4089ebe5c34e81e58e370e7566f635ba400209eaf9fb210352416985a9d0151.png,e0db9e926b995e8336cb3272c92fe176ddf6d2f2fac23d8261252b2c69014241
data/raw/doclaynet_hard_negatives/doclaynet_train_e53221a36741adbff044.png,train,doclaynet:1512.08750.pdf,3,narrative_document,0,doclaynet,scientific_articles,arxiv_doublespaced,1512.08750.pdf,15,a8f6e0818732ca4dc8f744e9b18dd64a531d2b37ef86ca3f0326e03f183f39d3.png,200fd2264f88f83d48128055fc064621593c4bb80ee2e86b4842e26cd8fd5164
data/raw/doclaynet_hard_negatives/doclaynet_train_1394c6f918c46292ec86.png,train,doclaynet:1001.1164.pdf,3,narrative_document,0,doclaynet,scientific_articles,arxiv_two_columns,1001.1164.pdf,30,33717ec4f26f9a6c3cd6e7c67f74233cf4f4067a2abfc8d85e10641a809cc691.png,26aa4be7483c3cc17c0d991424a6ec9182c7af9305ae75e10bace100969d3606
data/raw/doclaynet_hard_negatives/doclaynet_train_f19f905331217da85f73.png,train,doclaynet:1001.1337.pdf,3,narrative_document,0,doclaynet,scientific_articles,arxiv_two_columns,1001.1337.pdf,0,ecbd5cae9249cdc64f8a97274cde7add8a1476a90a9c93ded5e1199cdfb881fe.png,2b1b904d1476de124c5e81635511644099fa00b5b23b236ca005dc08670e50ba
data/raw/doclaynet_hard_negatives/doclaynet_train_d157d6c085f7632b1d70.png,train,doclaynet:1001.0517.pdf,3,narrative_document,0,doclaynet,scientific_articles,arxiv_mediumspaced,1001.0517.pdf,17,84d4c473ae22637c388b2abb368e5942126d1311073b628fe5e8b3f841359300.png,140b2d3eb9a13d3381fddf382a274c22024e57f0d435dab87dd299c4176c0336
data/raw/doclaynet_hard_negatives/doclaynet_train_dd46328390c067d457e6.png,train,doclaynet:1001.2531.pdf,3,narrative_document,0,doclaynet,scientific_articles,arxiv_mediumspaced,1001.2531.pdf,9,168ccee0486e7db9890ecc593a3ab3e7f4a3f259768da63a219e7fb7cbe7a721.png,74c9df964a42b5e96fd73b2872bb825aa44e98587b0b2a4d55c82e751483ae50
data/raw/doclaynet_hard_negatives/doclaynet_train_8e72b2c737073c584c5c.png,train,doclaynet:1001.2380.pdf,3,narrative_document,0,doclaynet,scientific_articles,arxiv_two_columns,1001.2380.pdf,1,ac4e3f9179ca072781383fab0ac1749e35d33bae1fc3d2442883eb83396e4982.png,ea76a131de966ce3d841487ab32ce9317bf0ad441458f694db4e37d26e9f5707
data/raw/doclaynet_hard_negatives/doclaynet_train_0d5e971a813f0847f8db.png,train,doclaynet:1001.0617.pdf,3,narrative_document,0,doclaynet,scientific_articles,arxiv_two_columns,1001.0617.pdf,0,c7e19e14a8a11e5b9a7f1425a8ef72dcf8471cb04bcb155308b79c6b2131e7c7.png,a40ab4a34354ba83be107cb9db086f0e5177b16692f3c48746cdd547d6b7a52e
data/raw/doclaynet_hard_negatives/doclaynet_train_3f148f93a3bc10373663.png,train,doclaynet:1001.3358.pdf,3,narrative_document,0,doclaynet,scientific_articles,arxiv_two_columns,1001.3358.pdf,1,f9db46db1441944ccb4c8b555f04891c0941a203aeca2c7ea87f5abeda909412.png,512fde0502ea5725fc65d549a465de8a3f6839d1f96a3093738c6ee9a7c15b7a
data/raw/doclaynet_hard_negatives/doclaynet_train_8d5e0532284d5bad8d36.png,train,doclaynet:1002.1141.pdf,3,narrative_document,0,doclaynet,scientific_articles,arxiv_mediumspaced,1002.1141.pdf,17,5dc0ac772cad0f20f5efbfbe6e42468c2040d47e64952993f7ca8dd36b2cf86f.png,46a42fc1717622345a8ae873cf137043deb9ad51d60d29d20792640aac474d3d
data/raw/doclaynet_hard_negatives/doclaynet_train_3391db668078f69ae15a.png,train,doclaynet:1001.2029.pdf,3,narrative_document,0,doclaynet,scientific_articles,arxiv_two_columns,1001.2029.pdf,4,44396b2a61eac689233726398f58e3da168512a09391f4ec3c6bd4c4ac27da08.png,963fb48447c5a79fac37fa574a90c21bc84eeb51b5c53cb6aa1aa212ccc00ae3
data/raw/doclaynet_hard_negatives/doclaynet_train_1d1c6c84570c446718de.png,train,doclaynet:1001.3169.pdf,3,narrative_document,0,doclaynet,scientific_articles,arxiv_two_columns,1001.3169.pdf,3,73e47aeaf6da83e8ca5f6f7da5eb6463cba3c674f575219b920e3a4465bb934e.png,e1035b112a55c340422343127655426a6ac2ab86e0523b4436289fa1ddaf6226
data/raw/doclaynet_hard_negatives/doclaynet_train_76e91e71d255eda2c276.png,train,doclaynet:1002.2484.pdf,3,narrative_document,0,doclaynet,scientific_articles,arxiv_mediumspaced,1002.2484.pdf,29,dcbcd6e5562d0e703d3ce020a37f06c4ebc3c407e6142ab1b2cd62aad46f4515.png,b1c756bb4d514fc0f16e35abc4bee80355c623bf55d9871460d94cbe7906ff0b
data/raw/doclaynet_hard_negatives/doclaynet_train_9e426da8812459f8b058.png,train,doclaynet:1001.2834.pdf,3,narrative_document,0,doclaynet,scientific_articles,arxiv_two_columns,1001.2834.pdf,10,ef899f509369731051e6cfa70b64f7978b421bb8a403c6c75912fa84627e0c5a.png,ecf3dc254168bda3aaa0a356cfaa3528dc421b29b2b4ac88d587c1bb4e5d3e51
data/raw/doclaynet_hard_negatives/doclaynet_train_47c21da46721df866175.png,train,doclaynet:1001.3339.pdf,3,narrative_document,0,doclaynet,scientific_articles,arxiv_two_columns,1001.3339.pdf,1,5047770064a9418351dc23477ed503509e879fa4d7599ea7df34c47d95e40f0e.png,b815033c92a35e174be23c176a7a1edcde92b5889338123fc6078ba7c1cb79a9
data/raw/doclaynet_hard_negatives/doclaynet_train_ff21bac9962456e0e095.png,train,doclaynet:1001.3087.pdf,3,narrative_document,0,doclaynet,scientific_articles,arxiv_two_columns,1001.3087.pdf,4,9e20150f2e37e24c02e25ccf7de63dce1f978f549704dea4da3c2409e0a025a0.png,82c6d3e3c9f4336e2cfa786b1ecddf2058cab42c56f37261cd39b1a655e26bcb
data/raw/doclaynet_hard_negatives/doclaynet_train_0e7a118c9a4f7a8b57dc.png,train,doclaynet:1001.5292.pdf,3,narrative_document,0,doclaynet,scientific_articles,arxiv_mediumspaced,1001.5292.pdf,12,db156769e7b8dce264166e6a08101490912c19765d655f28d49cf9361432f3b8.png,b2722997ff8fa1554d20180402bdb93f38484aad319f37a2052075b3f7d0cf20
data/raw/doclaynet_hard_negatives/doclaynet_train_d4c2d09365e9a23de37b.png,train,doclaynet:1001.2863.pdf,3,narrative_document,0,doclaynet,scientific_articles,arxiv_two_columns,1001.2863.pdf,9,17b5f17a4bae383a98bf1f2400f9be0ba30e9b50e40b873e88d190d1354f9278.png,35f155dae73ca62145c9ac1b2738bff60ba0c60fc54fac343cb39d89978d4132
data/raw/doclaynet_hard_negatives/doclaynet_train_87ed03d2869532a86e3b.png,train,doclaynet:1001.0528.pdf,3,narrative_document,0,doclaynet,scientific_articles,arxiv_two_columns,1001.0528.pdf,2,9c41bd6ae6f3816835f0099c161443f419f8d58e20d1d6e4d729f2c4017eccd1.png,f21e7337cc38a9500783e44debe0df457f3818a67ff31cc81d42b7d1fa70f84c
data/raw/doclaynet_hard_negatives/doclaynet_train_6cfda651ee9a635d386b.png,train,doclaynet:1002.0704.pdf,3,narrative_document,0,doclaynet,scientific_articles,arxiv_mediumspaced,1002.0704.pdf,0,f8eca8edb4e0af132be861d231463f0bf997119f8c70908c8ccc19bf48e913a4.png,21f270555384170f34fe6313de8f18d056fbb4b7325b3fb78cbf2710598acc2e
data/raw/doclaynet_hard_negatives/doclaynet_train_7fdd70f80a31ac85584a.png,train,doclaynet:1001.3146.pdf,3,narrative_document,0,doclaynet,scientific_articles,arxiv_two_columns,1001.3146.pdf,0,b531fddf5620ef50ef16679fe16855a3f59bb8c1c942da48a947398bfdaca588.png,e4125c3d6189b88fb5718330d1534d4e75453b9d709489a8611c1779589885d0
data/raw/doclaynet_hard_negatives/doclaynet_train_ad469d9810822ae47082.png,train,doclaynet:1510.04351.pdf,3,narrative_document,0,doclaynet,scientific_articles,arxiv_doublespaced,1510.04351.pdf,10,69c5807928fe5cfda1cfb8582b92f9f0470a8fe1238d966143354763f6c6bb05.png,f83533b1901ed1aa27381679f6c135d6a4cd08bfe68854052c74266b5842d2f8
data/raw/doclaynet_hard_negatives/doclaynet_train_f639c097e2d2d44643e8.png,train,doclaynet:1001.0833.pdf,3,narrative_document,0,doclaynet,scientific_articles,arxiv_two_columns,1001.0833.pdf,0,49d18e474cf98a531b93a722177d9ccb13ed4bbfab53ddadfb1e4e26920c7008.png,0c313b6bcf8c5e7bb991fef31ac0a22af8d87a00a042d6658764ff3348548f5d
data/raw/doclaynet_hard_negatives/doclaynet_train_5032198bb38ef2a8b33d.png,train,doclaynet:1001.0625.pdf,3,narrative_document,0,doclaynet,scientific_articles,arxiv_two_columns,1001.0625.pdf,0,871f6ab50064987b2c575390e7620a5733b5d939eb2c36ae2381f21941acaf5e.png,8e85094944da25eac8a4a35750e15f4678461b1e66e978b79062485df246109f
data/raw/doclaynet_hard_negatives/doclaynet_train_310eecd89e01beea3fe7.png,train,doclaynet:1001.3299.pdf,3,narrative_document,0,doclaynet,scientific_articles,arxiv_two_columns,1001.3299.pdf,2,159e87fe11a1dedab02649c181a2db3a4daae5eae10781784f5be036c6473c49.png,c103a664d2b13f771dbee8dd0363c1b915d6638966d386ffbdde1ff7a10ff1a3
data/raw/doclaynet_hard_negatives/doclaynet_train_4255fee82840d6ed83d0.png,train,doclaynet:1002.3119.pdf,3,narrative_document,0,doclaynet,scientific_articles,arxiv_mediumspaced,1002.3119.pdf,26,fa0cc38fa4c95bddfe5e281ae6edad26138dd70539c34e79b74a7b1dd4400103.png,9759f5ef204a7f053d18d8e3eef3209a5426987bace6acd73d1d46aa0795a9b4
data/raw/doclaynet_hard_negatives/doclaynet_train_21078d890dd3c6a73922.png,train,doclaynet:1001.2370.pdf,3,narrative_document,0,doclaynet,scientific_articles,arxiv_mediumspaced,1001.2370.pdf,6,c66db3427ce281e2de6f02c22b869871537ef3d4cf35e1c55b0d7ea457bedfa9.png,881d20413926f4d67f58818127b3c38c540b348f8e8808018f58adf8d61d742c
data/raw/doclaynet_hard_negatives/doclaynet_train_474fc185483a45aa0d11.png,train,doclaynet:1001.0205.pdf,3,narrative_document,0,doclaynet,scientific_articles,arxiv_two_columns,1001.0205.pdf,6,9400fd0134ca3853fca488974dd26d9e669b2607bed0c884f683b2e3621b0b38.png,760be8db820e3614d6f9d0dd7e85c6a3e5cbf541c3a71d7b068482fd3d95ca8e
data/raw/doclaynet_hard_negatives/doclaynet_train_4b2295c153ffa4f9e419.png,train,doclaynet:1002.4780.pdf,3,narrative_document,0,doclaynet,scientific_articles,arxiv_mediumspaced,1002.4780.pdf,12,4658387bb15b648cc97da0b50a28b26889fc3abfac0b258728a3228e488bce1d.png,9f6c5e2cc23007a7625447301ee182d84d9513a6ce501e20609b6dbeeb6b0a38
data/raw/doclaynet_hard_negatives/doclaynet_train_38f2ecce307c61c1d0c1.png,train,doclaynet:1001.0772.pdf,3,narrative_document,0,doclaynet,scientific_articles,arxiv_mediumspaced,1001.0772.pdf,12,3a29bb7e9e1e39bf8dc1179f18fce4a8ef41a4ac04f0713595aa97251391d629.png,c2ae19d79bdf3574c5225065a721dafc3c5f7aa9a94617ba7e76c9eb3817cd3f
data/raw/doclaynet_hard_negatives/doclaynet_train_bb33ef0aad800df900af.png,train,doclaynet:1001.3278.pdf,3,narrative_document,0,doclaynet,scientific_articles,arxiv_mediumspaced,1001.3278.pdf,2,6fa9516a600ea17890f1ab9ab21fb7abbf88e27af7997f82459da6feab450111.png,5b58667c9c389e77ffd5a3ae55fd10d1f4ed38ad19331cde5631efd86ee81b69
data/raw/doclaynet_hard_negatives/doclaynet_train_82185ef7f44ecc809901.png,train,doclaynet:1002.3617.pdf,3,narrative_document,0,doclaynet,scientific_articles,arxiv_mediumspaced,1002.3617.pdf,0,445654dbde69663e57ae22051bb7ae642c44da008a6dbd2db3a4cafdb610950c.png,a1a078f838dcfc0955b0e0a7369cf048c49365f71f10dce2a92d37c4ac421570
data/raw/doclaynet_hard_negatives/doclaynet_train_f9f721478a8c1f5416ad.png,train,doclaynet:1002.2736.pdf,3,narrative_document,0,doclaynet,scientific_articles,arxiv_mediumspaced,1002.2736.pdf,9,17a7897b25b24bc17207d791d72f89323291115f72acd1630c2a114a83eb4cbe.png,ebbe6715850642e2fed2a12883fc468796b759b18ff06a59b47c889a597ab6e4
data/raw/doclaynet_hard_negatives/doclaynet_train_323505d4ecd5cf79a538.png,train,doclaynet:1001.0867.pdf,3,narrative_document,0,doclaynet,scientific_articles,arxiv_two_columns,1001.0867.pdf,7,ae95b0f67d8bb3b6b9bfeadf86d08de4d6ce6034c1141b062cbf538734411a29.png,4f1e9d47aca5aba5cd94e5cf1f8152fd50468ecfb902911ece76d5d4583b8009
data/raw/doclaynet_hard_negatives/doclaynet_train_3deecb7c43074419f50b.png,train,doclaynet:1001.1258.pdf,3,narrative_document,0,doclaynet,scientific_articles,arxiv_mediumspaced,1001.1258.pdf,4,7fe36e2462f77fd8424116cf84810af151c2e1ef307d102dd4b2fb695bff551a.png,779b85216e33a82f628c92e6567359298ad3901ca1013096ef13aca46259492a
data/raw/doclaynet_hard_negatives/doclaynet_train_7f9e6580baa709025d5b.png,train,doclaynet:1001.1004.pdf,3,narrative_document,0,doclaynet,scientific_articles,arxiv_mediumspaced,1001.1004.pdf,6,b4850926b5126148cb2761fcd195c7b82126870e55abfaa5f6f53c333477e0d8.png,13b2651ca27c76ca5363817f4f42bb505db34d934a28ad4efc1d1e8848f5d8ec
data/raw/doclaynet_hard_negatives/doclaynet_train_c2c15a43369ae60b661b.png,train,doclaynet:1001.3669.pdf,3,narrative_document,0,doclaynet,scientific_articles,arxiv_mediumspaced,1001.3669.pdf,6,35688bfa749c9792dd08d7d2150bba7709e36b36ce4ea9aa5c752eea5ec4825a.png,8cdab0d4e7c0b3a33bfa87b6a5cc43ba6f3b1a473c31ef3d70b6213254f00bc7
data/raw/doclaynet_hard_negatives/doclaynet_train_8a799a86d0c665a8ca28.png,train,doclaynet:1001.5256.pdf,3,narrative_document,0,doclaynet,scientific_articles,arxiv_mediumspaced,1001.5256.pdf,35,e146fc67f4a8f99b01d9584b6f20f0b864f9b2033f63f806130e7cb1e20e8954.png,6067b3d62cb2d2723218eceee2fffbf031f1a6459c776327afd22f24b4c0b7a6
data/raw/doclaynet_hard_negatives/doclaynet_train_48b5fd14de56f9da5286.png,train,doclaynet:1001.2740.pdf,3,narrative_document,0,doclaynet,scientific_articles,arxiv_mediumspaced,1001.2740.pdf,16,dc4faa74975155313dd98433abeaeabe8fcba8786412e39a774940ed3876b70b.png,52f2c5b122708b264efb56da5161324176c23219189316aec968c6dfc1bc9231
data/raw/doclaynet_hard_negatives/doclaynet_train_8f54b3388f6392b75e81.png,train,doclaynet:1001.3131.pdf,3,narrative_document,0,doclaynet,scientific_articles,arxiv_two_columns,1001.3131.pdf,5,b49cb83cd29d556f83ec0e8ef59d73bc7a25ffdd0396ccc3f1b68745e1e52ce7.png,8e059db08b9a2178aeb19ab0e45eb372ae87ca0232a57d7f596d737fe9b6ca6e
data/raw/doclaynet_hard_negatives/doclaynet_train_9aae3cbb89397fa23d57.png,train,doclaynet:1001.3788.pdf,3,narrative_document,0,doclaynet,scientific_articles,arxiv_mediumspaced,1001.3788.pdf,1,ad1168dd85b59da49c6c96fb6a002e6447a84c6c960bcf2654818bfbc463ceb5.png,9699c30950b1d9d5f907b8f3be2f84078c8c1a526260e86f112ac64e65d5372e
data/raw/doclaynet_hard_negatives/doclaynet_train_83b8ef2dbc3e81e7d680.png,train,doclaynet:1001.1381.pdf,3,narrative_document,0,doclaynet,scientific_articles,arxiv_two_columns,1001.1381.pdf,4,cf3629fb78d96fe197b5d907ea09cb63edcb83347ab9ed6b028fe1c81e8c3c70.png,db6207d51fccf9498f347067757b811ce8d357248a6cfbfd524d64dd16dc84c5
data/raw/doclaynet_hard_negatives/doclaynet_train_31e9560912a078359796.png,train,doclaynet:1303.6598.pdf,3,narrative_document,0,doclaynet,scientific_articles,arxiv_doublespaced,1303.6598.pdf,16,80fd51c8a5bb441c781fa62064fd546c5ba7e456aeac260b1af83c870b2fb65c.png,4263ca379c1011783a2e133601f24da4f888065d59b0bd408ee87d8eea52364b
data/raw/doclaynet_hard_negatives/doclaynet_train_06b011d3fdd6ab58cabc.png,train,doclaynet:1610.05982.pdf,3,narrative_document,0,doclaynet,scientific_articles,arxiv_doublespaced,1610.05982.pdf,22,72aff59f6c984bdb530aadd893f4acefacf785070f14c788df72de89feda4190.png,3d08205a182c6aded6231a7a6783827bc0c5903e58ba4f1903f5ddc6afe629df
data/raw/doclaynet_hard_negatives/doclaynet_train_29bf1f2d35ce4e46ba8f.png,train,doclaynet:1001.1513.pdf,3,narrative_document,0,doclaynet,scientific_articles,arxiv_mediumspaced,1001.1513.pdf,1,fd3534b53c7f20f71ad52c8828a1e69f1c21b2f19941fb408a5d29c79fd5b7cf.png,a59210b3125dfa4008e98068f0718ff4fdbb481e7fa8c8e38dcbdc9bcdd8083f
data/raw/doclaynet_hard_negatives/doclaynet_train_054e7a23e5cab2c8689f.png,train,doclaynet:1001.2558.pdf,3,narrative_document,0,doclaynet,scientific_articles,arxiv_two_columns,1001.2558.pdf,2,e495856183aa2b72c1abc3f3783b792e4afaaebf95161ad3c81eb8ae8aa785ed.png,fe8a34e411b3a7ebdc84f918515aa0735cee416936e4d9a3057910d31cc0b6be
data/raw/doclaynet_hard_negatives/doclaynet_train_383e6750492ebd1243b7.png,train,doclaynet:1001.1669.pdf,3,narrative_document,0,doclaynet,scientific_articles,arxiv_two_columns,1001.1669.pdf,2,4ef3c9bbc97b046aa1c67dccbaedcb66765895219c3a9881cf5bb57eb5891cae.png,48819ef34252c566b309ee1c0c749d18608e7a730f501e57805615906386fe90
data/raw/doclaynet_hard_negatives/doclaynet_train_fe19f3a5fdf4db8353b2.png,train,doclaynet:1510.04195.pdf,3,narrative_document,0,doclaynet,scientific_articles,arxiv_doublespaced,1510.04195.pdf,24,e1bcca5852ae721c4499da2865a9c15f374aeef204d00b613cf71d3d65409d4f.png,14e6d19e24d070262ec4f249f42e55402cba980ac785268b501bde359a3677ea
data/raw/doclaynet_hard_negatives/doclaynet_train_119c8f35691bdc52b141.png,train,doclaynet:1001.1415.pdf,3,narrative_document,0,doclaynet,scientific_articles,arxiv_two_columns,1001.1415.pdf,4,f8a7b92b473be9f62364a2945619d62f9c958b9f9365de8e7c36917166a21ef7.png,ae05991936517813fa6f5abd0798483adde59ec90790625061cc9a0e4bb07c00
data/raw/doclaynet_hard_negatives/doclaynet_train_a0b1aa1dedad31a3f574.png,train,doclaynet:1001.1796.pdf,3,narrative_document,0,doclaynet,scientific_articles,arxiv_two_columns,1001.1796.pdf,0,47c456968a666b347c9f3c745d60142facdc0341712771f0c77e2f2639ddb492.png,2c7d72cf1426c485e03b6cf82a40b9994378392cf17a88eadc408165d6b30cf1
data/raw/doclaynet_hard_negatives/doclaynet_train_bb049ede8238e5b3d48a.png,train,doclaynet:1001.0565.pdf,3,narrative_document,0,doclaynet,scientific_articles,arxiv_two_columns,1001.0565.pdf,2,1d4d6fdc2053e45f0888815a9527ce8744bdedc9f8262f3f824f49b25a715a7e.png,155c388be17a033f56fa42df9dc11c25fc63181f2b5861dc347518e733bcf110
data/raw/doclaynet_hard_negatives/doclaynet_train_2506c728ceca198ab48b.png,train,doclaynet:1002.3781.pdf,3,narrative_document,0,doclaynet,scientific_articles,arxiv_mediumspaced,1002.3781.pdf,5,e55efd3fae4457009e25b2413af52f9864117a7ff7cfdfb42bcbf2f7711d437a.png,7a4780e9aa71b12678c14ca67fd4c72b80d2933df354e016f1acc35ad28479a7
data/raw/doclaynet_hard_negatives/doclaynet_train_7e4820d906ec233b8580.png,train,doclaynet:1001.1302.pdf,3,narrative_document,0,doclaynet,scientific_articles,arxiv_two_columns,1001.1302.pdf,2,78d2cbe728076916bbc5918e3d9b8b1153d60261de284e87a70909c95f074c60.png,605401625cffcff46aad849fd1f26e8bac8e6e6489cc290b7a3e089212010e9e
data/raw/doclaynet_hard_negatives/doclaynet_train_1148e16993a7418d20db.png,train,doclaynet:1001.0944.pdf,3,narrative_document,0,doclaynet,scientific_articles,arxiv_two_columns,1001.0944.pdf,1,8801eea1e9c117c12b4040b82b2176dc8bf53e1834f9e5a8d492e749415d6d19.png,773a4c74f5fd31ce2ec82ad18973f9d5a7253b06a02edcfb755836733cbc38dd
data/raw/doclaynet_hard_negatives/doclaynet_train_220fb03c44cca80ae387.png,train,doclaynet:1002.2805.pdf,3,narrative_document,0,doclaynet,scientific_articles,arxiv_mediumspaced,1002.2805.pdf,4,94182cc0554df3213a6ce8c06d1da9ed857d49083ab56e699426aadec06d73ad.png,5678a832a69f23fa31a602d3a803cf484fe5c164d22e2dba7f209d63cbb4269e
data/raw/doclaynet_hard_negatives/doclaynet_train_08ebf4d53e2a187f337f.png,train,doclaynet:1605.08928.pdf,3,narrative_document,0,doclaynet,scientific_articles,arxiv_doublespaced,1605.08928.pdf,3,9bd657c43330896cc52c39576de48380903ddb5e9f3afacfb62575bb1f532484.png,b19f34b5936e2a580f68bae4d83e147f13db1054217ef7140e148353acb41f53
data/raw/doclaynet_hard_negatives/doclaynet_train_e522f731738d39d012bf.png,train,doclaynet:1001.2321.pdf,3,narrative_document,0,doclaynet,scientific_articles,arxiv_two_columns,1001.2321.pdf,8,ca72bd5dc9704d54d6ad2703643718f00750d95b8bce6d88a118dd32f84f827a.png,978819f0586ef9c36679ed2afd040d5feeb4b48bb34604d83323156a8307e386
data/raw/doclaynet_hard_negatives/doclaynet_train_08205473e177217af4da.png,train,doclaynet:1001.0670.pdf,3,narrative_document,0,doclaynet,scientific_articles,arxiv_two_columns,1001.0670.pdf,5,5c66f90460f61c08228a15e2a12708a370f65a6cfe95d3a7729655fc963295c3.png,830c3018e8389e6289a790e0ac4fe6bb5162f7a01fd4b3fa7a9ad2e46f5e695a
data/raw/doclaynet_hard_negatives/doclaynet_train_a54df75582f404ced9ae.png,train,doclaynet:1001.3121.pdf,3,narrative_document,0,doclaynet,scientific_articles,arxiv_two_columns,1001.3121.pdf,1,c4ae76074ce83950a7bd24fabc0f019183a2b36f4fb4e7349c43b9bfbb12a4a5.png,26959f6143caf80114a44f02d61a1dbfbc9ef12ad6ac67a40e3a703dedcd03cc
data/raw/doclaynet_hard_negatives/doclaynet_train_f9e0fc9eba4e8b9567d7.png,train,doclaynet:1703.03472.pdf,3,narrative_document,0,doclaynet,scientific_articles,arxiv_doublespaced,1703.03472.pdf,8,e41a1d07f9493397af3238ed17043a93d0d58b06f0dbeeb492c6e5a8c28e066f.png,7eec3ea959a826828fcec7a52924dec411a762091998eb509d74c33bc302e087
data/raw/doclaynet_hard_negatives/doclaynet_train_2916abc133691700630f.png,train,doclaynet:1001.1295.pdf,3,narrative_document,0,doclaynet,scientific_articles,arxiv_two_columns,1001.1295.pdf,2,2701111b92ee9d1c8b4cf74856fcd79e2c4462635377704545eed65af5fe6722.png,1fd8c6d8e1a5c81c2902884306de0bf23229b87df3e0a09e15a8e157cb961036
data/raw/doclaynet_hard_negatives/doclaynet_train_74e4c0d33d42cc336f9a.png,train,doclaynet:1002.3584.pdf,3,narrative_document,0,doclaynet,scientific_articles,arxiv_mediumspaced,1002.3584.pdf,1,4ee886c874de90e8c00ebb06c914307ab6887fa6c4bd395669a78285944a4874.png,b009cd8256f57fe6e9c323976383c904234dcb19d103023b4c18bcce0ee101cb
data/raw/doclaynet_hard_negatives/doclaynet_train_3f976c2659ec97ceb509.png,train,doclaynet:1001.4825.pdf,3,narrative_document,0,doclaynet,scientific_articles,arxiv_mediumspaced,1001.4825.pdf,41,c9114ae1f9b0e3dfe9cd3871dfa0538ceee4f95c5a0434f79dde1b256112d3e1.png,00fd1ba194e26e1e9780436826ff0dc9a6ab3823816841014772a455e3f0f731
data/raw/doclaynet_hard_negatives/doclaynet_train_becc449eee976fcb6640.png,train,doclaynet:1001.2497.pdf,3,narrative_document,0,doclaynet,scientific_articles,arxiv_two_columns,1001.2497.pdf,3,2648e26cc26ed29072d9109e223fb4ecc9e7ef3b60a7e2364cb47bcd5555dfb8.png,1962041a3645cdd27d2c10557c0376cc72a8b7709bf1c4e5e06ea6347bc28641
data/raw/doclaynet_hard_negatives/doclaynet_train_28eab3f17440317b889a.png,train,doclaynet:1001.2350.pdf,3,narrative_document,0,doclaynet,scientific_articles,arxiv_two_columns,1001.2350.pdf,3,b3d47e4fb8dac44c3820e622cc45b62fb4d39335370dd725a80dd34d1add11f3.png,d05a3ce4f60b446eee0379755d004c8816b5895b259a5819bf9e9eecc8eaf44c
data/raw/doclaynet_hard_negatives/doclaynet_train_13d40fcaca262047177e.png,train,doclaynet:1001.0846.pdf,3,narrative_document,0,doclaynet,scientific_articles,arxiv_mediumspaced,1001.0846.pdf,3,add1ac173205a959dcb52d1ebe4092c72cf201f78c255f816f39307f67f25b9a.png,67733d07f92880500ff668c79cf324c7e3c644dcbfbb6e7aade7091100f66dce
data/raw/doclaynet_hard_negatives/doclaynet_train_25156eec52da3415db1b.png,train,doclaynet:1001.3232.pdf,3,narrative_document,0,doclaynet,scientific_articles,arxiv_two_columns,1001.3232.pdf,5,b3f94860254ee015fbe0e99f874025aca568aa09ed3a564f4fc41d41d1439911.png,aea38ac3cf9886ebacf929fd564695aabbb48797da6bac2d86e1668dc63de66b
data/raw/doclaynet_hard_negatives/doclaynet_train_f1b1fe238fef86f55a31.png,train,doclaynet:1002.3009.pdf,3,narrative_document,0,doclaynet,scientific_articles,arxiv_mediumspaced,1002.3009.pdf,5,bdf65a6a12f9726890384e2dcd4cd458d8b99456ece8d35d503ee0fe06021a20.png,8de269aac4e05efe49e8f1e892d15866b43b3cf31d2459aa55ba65800282472f
data/raw/doclaynet_hard_negatives/doclaynet_train_b90004923fb76b45eee6.png,train,doclaynet:1002.2541.pdf,3,narrative_document,0,doclaynet,scientific_articles,arxiv_mediumspaced,1002.2541.pdf,2,b08a19ebf0add140e42c269e328401101d60633da7a1d7341b81b2a548af2e43.png,957adb0576a0174680b73a64e399b7f89d79f99bf43102e50fac9e8180bc6cde
data/raw/doclaynet_hard_negatives/doclaynet_train_4d683511c7a6d5bc3d11.png,train,doclaynet:1002.2509.pdf,3,narrative_document,0,doclaynet,scientific_articles,arxiv_mediumspaced,1002.2509.pdf,3,8a9771ab9033660293094643edc2b09116e49fbe4e37fc47624768ddf6918941.png,62e5cdf623a9f1d652cf45498ecfa41614eabdbb7f06a08f0d72993da21656cf
data/raw/doclaynet_hard_negatives/doclaynet_train_7de015cacc7cf22980c8.png,train,doclaynet:1001.3170.pdf,3,narrative_document,0,doclaynet,scientific_articles,arxiv_two_columns,1001.3170.pdf,8,cedd5d22f1fc57f96ecbeaa15afa4ecdb9e28674710a4937292668c05d8159fa.png,c4b8201a3de86c8b62c6751bab2d36ffd6b696750acc7274bd5876970e6b449e
data/raw/doclaynet_hard_negatives/doclaynet_train_70c4ed8ee9c429e28f7a.png,train,doclaynet:1002.0775.pdf,3,narrative_document,0,doclaynet,scientific_articles,arxiv_mediumspaced,1002.0775.pdf,12,a854bc31b63b0f96e389700a083de0718cf1f48202b61c9c8df2f541ceb7d048.png,f9f89f54838a2a9b2dab6859b1c5817aedeeb53e11c2f1bca6604e289e431158
data/raw/doclaynet_hard_negatives/doclaynet_train_d024a79e4b5b4e140f76.png,train,doclaynet:1001.3089.pdf,3,narrative_document,0,doclaynet,scientific_articles,arxiv_two_columns,1001.3089.pdf,4,382132d24bbc7bc7be372ffb901eb805026c149504bc5c2abefc2e7916bd85a5.png,32fb865a94d06f48c5a7d9ef575e2a8f58949af63396f90fbc317ab05f799e63
data/raw/doclaynet_hard_negatives/doclaynet_train_95c616907ffbc1f4eb3b.png,train,doclaynet:1001.2351.pdf,3,narrative_document,0,doclaynet,scientific_articles,arxiv_mediumspaced,1001.2351.pdf,1,f64f6558ac3d6baff449a4bf8b91b47a3178b1439f10a1cd1cd6bf11e29e425c.png,163eba355cab7911cf2b64a7e5800117e4b474244227713f7b96eb11b8bf7fa1
data/raw/doclaynet_hard_negatives/doclaynet_train_bd40ca2eb15dec985dae.png,train,doclaynet:1001.1222.pdf,3,narrative_document,0,doclaynet,scientific_articles,arxiv_two_columns,1001.1222.pdf,2,c0c4875c6f37ac5929c418104735d8dbec622138d2a6e5d0950380e834e7700a.png,6f265f283379f2218e64a38c796be0a06bfb282f0ed39dd6b3a7dade0065ce94
data/raw/doclaynet_hard_negatives/doclaynet_train_5efea37cb596233fdc6e.png,train,doclaynet:1610.02218.pdf,3,narrative_document,0,doclaynet,scientific_articles,arxiv_doublespaced,1610.02218.pdf,5,1821742313a816dee5e9b288d71a79cbb1a99459b418fa716a317b2ae83591a8.png,55c826791a7e02fbaec2301c6be54082bd089a371809116fbaf39a2fa9301f78
data/raw/doclaynet_hard_negatives/doclaynet_train_55f5bb2aeed67db13407.png,train,doclaynet:1305.4421.pdf,3,narrative_document,0,doclaynet,scientific_articles,arxiv_doublespaced,1305.4421.pdf,0,566985f2d6b8a495e228fd7aaf525e834a56fc8a304bdb63294adfee2e306623.png,e1f0c28f19eadd2bd8c465574e75b665d9ecdacaa04d4e7a3ea6b9e081c9c477
data/raw/doclaynet_hard_negatives/doclaynet_train_494337f1d199fb541cb6.png,train,doclaynet:1001.0284.pdf,3,narrative_document,0,doclaynet,scientific_articles,arxiv_mediumspaced,1001.0284.pdf,7,fa5f3bc5bf43d8d8a65b56b40d59de868ea66c0319ee0c2d1c6a7c5b2b2ae381.png,362765524e582d43cd0f209daeef85d37164f3f9ab5059befff6aecfb7f2156b
data/raw/doclaynet_hard_negatives/doclaynet_train_325cbba3829dd91d16fd.png,train,doclaynet:1002.1708.pdf,3,narrative_document,0,doclaynet,scientific_articles,arxiv_mediumspaced,1002.1708.pdf,29,b65e5c66b6c97154ed02a66c2411525d029c8971f3645dbf477c6667915a343f.png,88836f8c8ffe4bd4442ae25d2b0ae43f7471a550f0182ed61b57c8c6e658a432
data/raw/doclaynet_hard_negatives/doclaynet_train_64b3a8813741a4c1e7ba.png,train,doclaynet:1002.2851.pdf,3,narrative_document,0,doclaynet,scientific_articles,arxiv_mediumspaced,1002.2851.pdf,2,88929cfb085c4b19543737f6534bc311ac9b2cfd7a20456dee6a1fdf4af01527.png,63caa49653927f7b7186568bb30f12bf199748768ba8a4029410e431d7dfc440
data/raw/doclaynet_hard_negatives/doclaynet_train_eb936954d128b97a8743.png,train,doclaynet:1002.1789.pdf,3,narrative_document,0,doclaynet,scientific_articles,arxiv_mediumspaced,1002.1789.pdf,32,fe8b35a74956a568f9781b17b9e280ee69584e57382a0bb26a994a6364a0ac00.png,6071f79cdf9267e9c7258008c2b7a8fa4944e373c4aab5cce194e07f4e08cc6d
data/raw/doclaynet_hard_negatives/doclaynet_train_8fb13d5609e38916b4d4.png,train,doclaynet:1001.4756.pdf,3,narrative_document,0,doclaynet,scientific_articles,arxiv_mediumspaced,1001.4756.pdf,3,4ea8b700f7d5e9253c3d7d6ade16d8f9afda6ee742256bd312ec1d9f5bde60ca.png,de64bfc72f6a3db3941a626d171db130ece950f84099ce6bedf1d55c94efdb20
data/raw/doclaynet_hard_negatives/doclaynet_train_c5f058ff3ec4231674af.png,train,doclaynet:1001.1397.pdf,3,narrative_document,0,doclaynet,scientific_articles,arxiv_two_columns,1001.1397.pdf,6,d24d7c2df7266fa6cbd0493bfab65ee8f35cd3d01116e4ee5d9d10f060220d8a.png,60581475e6e5a2a1ea6dfadac462b072a3a7ba91851ac72061cd61e5a965e885
data/raw/doclaynet_hard_negatives/doclaynet_train_51f2f76c3bd588bdc2c0.png,train,doclaynet:1710.10295.pdf,3,narrative_document,0,doclaynet,scientific_articles,arxiv_doublespaced,1710.10295.pdf,42,b80d0b14facaeda17df719b36fd3161d956ae08bf603fc954857868fffdd1af2.png,c724623ee27b0142fa9faf903b2c41b91c1d6cd9247c9932f32d875eb4e84533
data/raw/doclaynet_hard_negatives/doclaynet_train_6e981f2d94a4708e1277.png,train,doclaynet:1001.0092.pdf,3,narrative_document,0,doclaynet,scientific_articles,arxiv_mediumspaced,1001.0092.pdf,18,853287e8d114d1d767e58ab636f00716fa6938a2789237c2e959c8f22b3129b4.png,f85554fd2e3ff7bc81ad7f2d2c25409ec7a721375db00d5ecb34bb6307f2b02e
data/raw/doclaynet_hard_negatives/doclaynet_train_5f6f7642372672aed47a.png,train,doclaynet:1001.0301.pdf,3,narrative_document,0,doclaynet,scientific_articles,arxiv_two_columns,1001.0301.pdf,3,80fc49122aa07b0d9949649fa7f90332feb46d9ba83579512137d0e641ad59c8.png,0012cc5fdf5873e2ec054f0a86b6b303f5f5496db32fa44a2c75e14ad9c51ab2
data/raw/doclaynet_hard_negatives/doclaynet_train_78e103b4d25445731dab.png,train,doclaynet:1001.4409.pdf,3,narrative_document,0,doclaynet,scientific_articles,arxiv_mediumspaced,1001.4409.pdf,5,a5fee17af171a468cad68658ea84377154e7719197e04663c27a0b6090c6e320.png,5524ba9d94b77fd305020d353e2213d585e43b3664cc9c3f226e97a5254c21f4
data/raw/doclaynet_hard_negatives/doclaynet_train_f34376956965cb39a49e.png,train,doclaynet:1001.3247.pdf,3,narrative_document,0,doclaynet,scientific_articles,arxiv_mediumspaced,1001.3247.pdf,5,cc438acda32c0693a5f28b439eff45bd19541e76c5a64a87061ca52cf3ad35b6.png,4e2f51dca9d90f9acc4d49642816634d19be7a360d44d9c95413dc22ff7f7707
data/raw/doclaynet_hard_negatives/doclaynet_train_0ecbed1bba9e8d77e04c.png,train,doclaynet:1002.0273.pdf,3,narrative_document,0,doclaynet,scientific_articles,arxiv_mediumspaced,1002.0273.pdf,7,4672c4983c94a03421bad212a5b7e0a810eb50dd41f7da6d6aa5995722ec7416.png,2aceb69796fb0722af48bf220847bb861618b0507f66ea19f02d9c6089d61de1
data/raw/doclaynet_hard_negatives/doclaynet_train_e77b86e31e119df0494d.png,train,doclaynet:0711.3765.pdf,3,narrative_document,0,doclaynet,scientific_articles,arxiv_doublespaced,0711.3765.pdf,29,4346c02257b32629d6ceed68b6b35d36828243c5c983f1edfc99348c80609ea5.png,3887b20b5b53a76ca39ffd004603e02050804e84ea5291fe1d23b91a2db8ddf7
data/raw/doclaynet_hard_negatives/doclaynet_train_28cfa2a1401cc2d83f74.png,train,doclaynet:1001.2573.pdf,3,narrative_document,0,doclaynet,scientific_articles,arxiv_two_columns,1001.2573.pdf,1,97128ba29f5b76b0922689b0969e62407565d13899f822d899cd1271b8cbd894.png,20c69b3107b6be6717c9871b62fae2e8624890a02850d3283865b95d8ac8c07f
data/raw/doclaynet_hard_negatives/doclaynet_train_989fbc12d9d3e6968cbf.png,train,doclaynet:1001.3314.pdf,3,narrative_document,0,doclaynet,scientific_articles,arxiv_two_columns,1001.3314.pdf,2,cc6ef9913d5148777e6ac7406974d8fe4efb64580976e7ac8bed5b7647123d87.png,8a8cd9159a161368be6faeb53998cb1906faeea3b25b671f02cfe5d90ac746a0
data/raw/doclaynet_hard_negatives/doclaynet_train_cadae9e77da7abc06559.png,train,doclaynet:1001.0306.pdf,3,narrative_document,0,doclaynet,scientific_articles,arxiv_two_columns,1001.0306.pdf,3,5c9f4bed9b58a4ec574e9fb1f88347607a4bf6fa8085d54df44d43c6908c8ab4.png,024e0496d10d09cc01ccfcefc0bf61bcec3c414c5de8a446e36665f494c72728
data/raw/doclaynet_hard_negatives/doclaynet_train_19f5408dd06034ce0d0c.png,train,doclaynet:1001.0159.pdf,3,narrative_document,0,doclaynet,scientific_articles,arxiv_two_columns,1001.0159.pdf,9,f3db71ae61bea7675ab3b90cc6930488219f337c4139795c422957cafdcfed40.png,ac1f08a4ba0534badc98f083d9418bf086f07ed80295598d87d7a2132c39d7bf
data/raw/doclaynet_hard_negatives/doclaynet_train_f14195420c516041b6fc.png,train,doclaynet:1001.0986.pdf,3,narrative_document,0,doclaynet,scientific_articles,arxiv_two_columns,1001.0986.pdf,2,37117e49e98810707f21712d7a47dfecfe1b06eb34b98b79088b47a271eecd72.png,a313f09f5a3012adf91e8442ab9d390f41b5e884d86e7349a79b21ee0c475dd4
data/raw/doclaynet_hard_negatives/doclaynet_train_2c9950ccc60060060175.png,train,doclaynet:1001.1900.pdf,3,narrative_document,0,doclaynet,scientific_articles,arxiv_two_columns,1001.1900.pdf,5,1801c880361c2eb7f69731e667d908912437cada39b9b0646ab1df4c1761ba0c.png,17055a85257e4ac5d42f00205a2d9e53338d14f042f465ee23334a2258bb4008
data/raw/doclaynet_hard_negatives/doclaynet_train_03643216ee0dd1e2b1e7.png,train,doclaynet:1002.0884.pdf,3,narrative_document,0,doclaynet,scientific_articles,arxiv_mediumspaced,1002.0884.pdf,3,63f6ede13c854db3113e78e44bc6437a7e2494e0879e11a7a2e34e843d58ee27.png,1c0f6e1753070ca70e97657b84b6081488570e008a229367b064a2bde2554d0f
data/raw/doclaynet_hard_negatives/doclaynet_train_1b7b3fc44f134b34dc18.png,train,doclaynet:1001.1342.pdf,3,narrative_document,0,doclaynet,scientific_articles,arxiv_two_columns,1001.1342.pdf,5,eefd4c10e7c98c728b100bb2b96b72d984c74335de5bc3deea34b608d4730877.png,97756990a904aa8d150e4ec58d8ec821a3c13e142fef73d04977bffa1367d1c5
data/raw/doclaynet_hard_negatives/doclaynet_train_f979865f88cc9f4cf844.png,train,doclaynet:1002.2824.pdf,3,narrative_document,0,doclaynet,scientific_articles,arxiv_mediumspaced,1002.2824.pdf,8,3a51daf5339afeca6740240cb7251e358e20891103ca25d31d0d65bb4a197af3.png,1e648d773feee07e9e8fda58206e04e6a761daf7aaa8ab41b8db7482220e957f
data/raw/doclaynet_hard_negatives/doclaynet_train_30edf909557dcbfe07a4.png,train,doclaynet:1001.2741.pdf,3,narrative_document,0,doclaynet,scientific_articles,arxiv_two_columns,1001.2741.pdf,6,82d9a8f710311a7a30d40213c6719d11353e0afd3130508b39fa4cf76a785dd2.png,8c8daa661f1b817a22e208dabed176da844999419955661fd50d8bbebf35d235
data/raw/doclaynet_hard_negatives/doclaynet_train_8d9c60a15981bba53eca.png,train,doclaynet:1002.0812.pdf,3,narrative_document,0,doclaynet,scientific_articles,arxiv_mediumspaced,1002.0812.pdf,4,e9f17a7d35bdcafae12ac077ef5b319e35ed3165657b809248f1fbf5e3224b27.png,90bdca09588d8f22ff26ec4a9ea560b407dd0fe2830d98d0bbcfdd783a0eda67
data/raw/doclaynet_hard_negatives/doclaynet_train_d04f5b25b6879c7fddb0.png,train,doclaynet:1001.1410.pdf,3,narrative_document,0,doclaynet,scientific_articles,arxiv_two_columns,1001.1410.pdf,1,752681eaedcc816143d86d414c7f6f1aa8ec4a26ca837b14731f68a00e705647.png,1466b7219f8eaec5abdf4e5d91a0f3621b1d0fdaf872b2b4df646bd26a60fcea
data/raw/doclaynet_hard_negatives/doclaynet_train_956c3b455cd14a3e1e0d.png,train,doclaynet:1001.0805.pdf,3,narrative_document,0,doclaynet,scientific_articles,arxiv_two_columns,1001.0805.pdf,2,4fe33b285b5c7c1457f382c339eff08aaede68bfcad3d6666cace62a70a72ae0.png,28d8845d9c0c95162503f848c9ca5cdbc343f2c5b5314c59332f6997906f85ce
data/raw/doclaynet_hard_negatives/doclaynet_train_13eaf48fe92a00f23b10.png,train,doclaynet:1001.0474.pdf,3,narrative_document,0,doclaynet,scientific_articles,arxiv_two_columns,1001.0474.pdf,0,fa4424c991ae8acf1e9710bea108ea33e22d45c394b4e1db5af8d884af24f860.png,d2e3a9f54af42ea61fcd128f6bc604fb1e64e8e97a40ef44e0280e7eea87f75c
data/raw/doclaynet_hard_negatives/doclaynet_train_7c4692e2e25af2aa8a91.png,train,doclaynet:1001.1229.pdf,3,narrative_document,0,doclaynet,scientific_articles,arxiv_two_columns,1001.1229.pdf,1,8d525e4bd03d0e1441d71c46b6e4439bead1d1f8beeba25db63c1e0a522e04cb.png,be1b3bf964e378166e783f3b9858195e1bdde0794a967e92ff6fc4f5bec89c66
data/raw/doclaynet_hard_negatives/doclaynet_train_e4e8c05d656bd411f593.png,train,doclaynet:1001.3181.pdf,3,narrative_document,0,doclaynet,scientific_articles,arxiv_two_columns,1001.3181.pdf,12,ce0d9ec7a9769cb470b3c1f62fc54479c5e20096e3023e163699ae25e2659765.png,749489091314a0d74f7ba200d0b7e10b50884da4d7e2ddb47fd7bc0d37087f07
data/raw/doclaynet_hard_negatives/doclaynet_train_dbe2d757cc2e387a69a8.png,train,doclaynet:1001.4250.pdf,3,narrative_document,0,doclaynet,scientific_articles,arxiv_mediumspaced,1001.4250.pdf,16,cd62b840f91d5931c9644218c495c3dc35d2e44269f3f01ce0873e38efba570a.png,c15f0aca53c1694d72989192a56c232e795ae334a0c87610bc506df8e1687bd4
data/raw/doclaynet_hard_negatives/doclaynet_train_f1929f8b70e4fff56c15.png,train,doclaynet:1001.1906.pdf,3,narrative_document,0,doclaynet,scientific_articles,arxiv_two_columns,1001.1906.pdf,2,de05f1e1a9e65a40323ac3a2824bd64ac6b801912755fef641a75931fcfca2a7.png,fe41e1885af7f935cd33e50449c111d9febf4ad4313559a8682b69e7566820a4
data/raw/doclaynet_hard_negatives/doclaynet_train_a9eb0064d1bacb386741.png,train,doclaynet:1001.1751.pdf,3,narrative_document,0,doclaynet,scientific_articles,arxiv_two_columns,1001.1751.pdf,5,3bec3e6fdb3e8258713e3eb8c09e5a8c7800c4e1e6366e23c9ef71008393e6bc.png,dd81f7459aac3e34c35301f812727b5ac89eb493dbf7447fba7df59724a2e7c4
data/raw/doclaynet_hard_negatives/doclaynet_train_c00fcb6328ccc37443f5.png,train,doclaynet:1002.0743.pdf,3,narrative_document,0,doclaynet,scientific_articles,arxiv_mediumspaced,1002.0743.pdf,3,4a96379dd345d3c66265bda369ed6c2c50949695dfb4bea7c91cf42b87b238eb.png,607c99ab8c2842dad785b00153fee55e95ce2d4b03987bc9be78c2863c900a4e
data/raw/doclaynet_hard_negatives/doclaynet_train_0ea9780af33ba02cd583.png,train,doclaynet:1001.1263.pdf,3,narrative_document,0,doclaynet,scientific_articles,arxiv_two_columns,1001.1263.pdf,1,5333c50743db8be347c8c7153eab06dda90fe2eccd13d648623490028e998efa.png,282013efa9a10c6b2c9b9cc2ce09b7af74ee73fcee44fc1ebb1e5e92b625622d
data/raw/doclaynet_hard_negatives/doclaynet_train_44f89e1a498d3e5b7a62.png,train,doclaynet:1001.1332.pdf,3,narrative_document,0,doclaynet,scientific_articles,arxiv_two_columns,1001.1332.pdf,1,9968e082d3478731032853f607106ea852cf4865000ec59d972e7de81814456c.png,93a82580844ea2f45beebe78a9f0564737376dae38a6983f9fccbcb3f707d4af
data/raw/doclaynet_hard_negatives/doclaynet_train_6d7f30abecdfc6dd8a66.png,train,doclaynet:1001.2903.pdf,3,narrative_document,0,doclaynet,scientific_articles,arxiv_mediumspaced,1001.2903.pdf,4,c2b2b0896ba558d042f213361862cc75540236c421af78c14e09f4cdf74b61d2.png,dda153c561f54f370683fe5010e0132a9d5528490e1e2bb20e5239d8029db760
data/raw/doclaynet_hard_negatives/doclaynet_train_1be0238eb0b6778b8318.png,train,doclaynet:1002.0011.pdf,3,narrative_document,0,doclaynet,scientific_articles,arxiv_mediumspaced,1002.0011.pdf,29,1f6cd021c299195b7222657ac5e134dba892a963280843444bd5c163f1a0e6ae.png,5f22818bd06fb9f1b5cb140b2f4e3e7b65733b0dfa9594d0f575cdcce767539c
data/raw/doclaynet_hard_negatives/doclaynet_train_de5c0a1f750b0d3f48a7.png,train,doclaynet:1001.1163.pdf,3,narrative_document,0,doclaynet,scientific_articles,arxiv_mediumspaced,1001.1163.pdf,8,c8e7033002d30ceead0e40c7ff85fe3678fe8789a07b71e770e5d2f717ab505e.png,68dcf9d26dc22a3350624a8fbe39c4ec94194b8d49eee86a42d494b572c36683
data/raw/doclaynet_hard_negatives/doclaynet_train_60a5f5556facbcbe1817.png,train,doclaynet:1703.02266.pdf,3,narrative_document,0,doclaynet,scientific_articles,arxiv_doublespaced,1703.02266.pdf,0,bd5c638589910190c440cdc639396137ce598652e8e533c21ae32ffeb9634922.png,18a7e028b546654f5f16e1c1ea56e9cfc71dcaa030b2eb71743f3ec1f4fe28ae
data/raw/doclaynet_hard_negatives/doclaynet_train_b3a1edfcdbdd0e1733f4.png,train,doclaynet:1002.4579.pdf,3,narrative_document,0,doclaynet,scientific_articles,arxiv_mediumspaced,1002.4579.pdf,9,8ec4f18f88a5df1cc12ed983baa72bb1219e8b76b775d94251b8bef67e994cd3.png,0cdb3bcb7cf3dffa7a59ec6fb5b623b018e7d78509f6e08a028b729a2099e1ba
data/raw/doclaynet_hard_negatives/doclaynet_train_a961454885516cef839d.png,train,doclaynet:1002.0207.pdf,3,narrative_document,0,doclaynet,scientific_articles,arxiv_mediumspaced,1002.0207.pdf,9,5c0331914c2886d51d532186746d9dac33900301586075ce3d37c21b862a40d5.png,0cc4f78469a1511be0c65e5894ee82b8c3d3eae6dfad75fb4a9facbba0502a00
data/raw/doclaynet_hard_negatives/doclaynet_train_2f83fd9066722e701111.png,train,doclaynet:1001.1539.pdf,3,narrative_document,0,doclaynet,scientific_articles,arxiv_two_columns,1001.1539.pdf,10,d27b7b28229c28262c199efd35537769fd71e5c5df87483cf80eb934aaf29e06.png,fbe7961cf41e4d973b3656de4996533cc3ce053b787be8de5f0daefccec53c2a
data/raw/doclaynet_hard_negatives/doclaynet_train_04e5ff50f7596329d508.png,train,doclaynet:1001.3183.pdf,3,narrative_document,0,doclaynet,scientific_articles,arxiv_mediumspaced,1001.3183.pdf,6,42bd34cc2f5bbf4e3681c89cc31a4a72ee21f461f6a80fbeeefeaa7014a389d9.png,b60e251a986457c8f34a967244cdddf9f112a3bd3f1db01decddc5ce29142c0e
data/raw/doclaynet_hard_negatives/doclaynet_train_3b7912d537be7167be46.png,train,doclaynet:1001.1689.pdf,3,narrative_document,0,doclaynet,scientific_articles,arxiv_two_columns,1001.1689.pdf,3,8454e2c67431d565e896543707e29ebc723f0bb3ffa7d0813c4b6856d455650a.png,5df1dde57aa2db316018e92a79e47b4f5b84d928736d7b324577e20e90456239
data/raw/doclaynet_hard_negatives/doclaynet_train_af6483cf8887bd6c9863.png,train,doclaynet:1001.1771.pdf,3,narrative_document,0,doclaynet,scientific_articles,arxiv_two_columns,1001.1771.pdf,3,e96a0b11acec9fde6ba0e88142ed16ae557d847a39e0f6fed174d72ee031d853.png,24a129e420688a806a1e04951ea8d849c5dfaf54bbfb02840ecb6aa40098b48a
data/raw/doclaynet_hard_negatives/doclaynet_train_b212d312eb96b1f2799a.png,train,doclaynet:1001.1157.pdf,3,narrative_document,0,doclaynet,scientific_articles,arxiv_two_columns,1001.1157.pdf,1,7675bbb775afb37e3f8907b1b30030e70bfd861e56c6e4fbf65b17bbd4280bf2.png,36ed17abcfd177de39300d1aed7e0dfa745b9376d8f447dc27c03736733f3907
data/raw/doclaynet_hard_negatives/doclaynet_train_4537498028c74b8d20d7.png,train,doclaynet:1001.0060.pdf,3,narrative_document,0,doclaynet,scientific_articles,arxiv_doublespaced,1001.0060.pdf,10,b8ede0b76c6eab56bd1b75967655995b1bbddd4ffcfc90b18b94470ae2c05372.png,1fa6c6aa671a19b67d2d35a69d8bd7987e90de8aded2c0b53dcb85d086e975e6
data/raw/doclaynet_hard_negatives/doclaynet_train_e29cd8a47b2effb288a1.png,train,doclaynet:0806.2982.pdf,3,narrative_document,0,doclaynet,scientific_articles,arxiv_doublespaced,0806.2982.pdf,10,74c3256c001047f414fd8b9f3c89d9a7faf0d8a33e99874cd23a2aa62dc9e58b.png,b5e6058de0cd34ea22eb9ef7f504c67863dc3729199377c6d3eeed491e64bb71
data/raw/doclaynet_hard_negatives/doclaynet_train_f4d2e9c83995232317f5.png,train,doclaynet:1104.5538.pdf,3,narrative_document,0,doclaynet,scientific_articles,arxiv_doublespaced,1104.5538.pdf,6,eb37e343479bd288a5cb3b2985b8d07d898ae1bd85e1582f138dc845694cbb6b.png,8546ae21c101e94e56572d71e3924f08da1108a15daa36fba535d24b7c1bf150
data/raw/doclaynet_hard_negatives/doclaynet_train_f7c768e1fb2f7a7bd2a5.png,train,doclaynet:1001.1687.pdf,3,narrative_document,0,doclaynet,scientific_articles,arxiv_two_columns,1001.1687.pdf,0,5ecf4ff5ca26342126661008f889177b44b933f7de26e783357fdf445a3744df.png,b1bf3664cd9199f1e0b514780e7d40d979868902fac93d59f7b9abf22e952414
data/raw/doclaynet_hard_negatives/doclaynet_train_8a526139c551889ddcc5.png,train,doclaynet:1408.5954.pdf,3,narrative_document,0,doclaynet,scientific_articles,arxiv_doublespaced,1408.5954.pdf,41,87e6b30c9822202b37b0869770b67f3e6c7f21a749b95fcc03cc5d5564c13d2d.png,2825b08cc971783e47da1f2cd7b7e5127c1e384724f1d952f506d34e2ac22c17
data/raw/doclaynet_hard_negatives/doclaynet_train_4373c56ab99c150271e9.png,train,doclaynet:1001.3144.pdf,3,narrative_document,0,doclaynet,scientific_articles,arxiv_two_columns,1001.3144.pdf,7,97bf064747e03e3aeecfb7adbfccf422fafa0a0b354938cd4e1b02ed5992e2c6.png,29486f8deb740c699a4a4e637f78be1e93f9bb0f3fe60e22098ca054af7c9c9d
data/raw/doclaynet_hard_negatives/doclaynet_train_b31673ce90951562c621.png,train,doclaynet:1002.4748.pdf,3,narrative_document,0,doclaynet,scientific_articles,arxiv_doublespaced,1002.4748.pdf,6,dc360f7b9be8a4d46f1fba22438262f9535a71212849ad3d9dcf56f9ba7ee52d.png,f624f32769d19cd0e47f23456b1844cc2a3368bb54a62a0239f9f5eef774c10d
data/raw/doclaynet_hard_negatives/doclaynet_train_c9ae08c710da3c5349cd.png,train,doclaynet:1001.2225.pdf,3,narrative_document,0,doclaynet,scientific_articles,arxiv_two_columns,1001.2225.pdf,2,7772615ca5bfc077e66f300b19ac37d463236d90ef04a7295744ee9b51ffa528.png,b8a11d9ea961c5217c7a82ac5ec734f43d8343e86fff9682f662675f4d69105f
data/raw/doclaynet_hard_negatives/doclaynet_train_cab5ba54c0cecb94a638.png,train,doclaynet:1002.4460.pdf,3,narrative_document,0,doclaynet,scientific_articles,arxiv_mediumspaced,1002.4460.pdf,4,93e17da6526feb66211a294961d7d220a2784ace21bd169016dcc9caf2e50dd5.png,0f400aa60d12129b808482d60551e7a79b275a58e3b3aba861e86631f122764d
data/raw/doclaynet_hard_negatives/doclaynet_train_bc3d5fbef779470f5f82.png,train,doclaynet:1001.2918.pdf,3,narrative_document,0,doclaynet,scientific_articles,arxiv_two_columns,1001.2918.pdf,3,a3cdffa9f7079298e5645516bc8ed885bb541941f26e72c5127d78ab8ded472c.png,b3cd07cc3b24256ff044131089d8362e2df25a7e954799da7f02d49a58bce691
data/raw/doclaynet_hard_negatives/doclaynet_train_9973193defb38b7e4312.png,train,doclaynet:1705.03918.pdf,3,narrative_document,0,doclaynet,scientific_articles,arxiv_doublespaced,1705.03918.pdf,22,89a7beb0a6629cf66e6bd8f91248e74fa69b99741fa43c0ad0510ea1c7491ac4.png,39b8bc14ea61bd9dec7d9dec1382fd8a688887a4e09acc3fa9f5de09db42695e
data/raw/doclaynet_hard_negatives/doclaynet_train_b6184adf099c609204d9.png,train,doclaynet:1001.0536.pdf,3,narrative_document,0,doclaynet,scientific_articles,arxiv_two_columns,1001.0536.pdf,1,db2b391f01c5e39eb098e9b7935aaa9d39996d22cb69c82c25c5d11f81f35cce.png,e3c3c08aad42b0f826c8e7a1a9df6b9db58bbeb926f8c796e48036868bb3f945
data/raw/doclaynet_hard_negatives/doclaynet_train_6eafcefc256819c92bd1.png,train,doclaynet:1001.3370.pdf,3,narrative_document,0,doclaynet,scientific_articles,arxiv_two_columns,1001.3370.pdf,3,4bc353e2ea1d72861619e7b894989e0032543205be33e71afe97cb1dab774fd1.png,c837afe2197e9eec06db458b7084e33f264d9e7493b5aa5e4a44c2fee2c128db
data/raw/doclaynet_hard_negatives/doclaynet_train_7575e166c2702dab2dcb.png,train,doclaynet:1001.0123.pdf,3,narrative_document,0,doclaynet,scientific_articles,arxiv_two_columns,1001.0123.pdf,7,627d3d9b77ef9d7a6aaaf5bec04c5c52fde900691ab53b8c3e82b2469c068641.png,f62560ee00e25d9b03145e7e5ff9bb58b312cb7189a20ec17c7aad3cccf50fa1
data/raw/doclaynet_hard_negatives/doclaynet_train_39e820b69652b0bd0dae.png,train,doclaynet:1001.1203.pdf,3,narrative_document,0,doclaynet,scientific_articles,arxiv_two_columns,1001.1203.pdf,3,1413bf9ea9d7cdea7a81a2d31a3f74776f4b0adcb5a1dc8a2ee2d1fa6ebab4a0.png,b557935b13c600a0b975715fc41144ace590f10016b9a3d06dcab86064fb1909
data/raw/doclaynet_hard_negatives/doclaynet_train_2deb1503a67daf34668f.png,train,doclaynet:1001.0499.pdf,3,narrative_document,0,doclaynet,scientific_articles,arxiv_two_columns,1001.0499.pdf,3,bc0872776eb4e787c23b1c8dc3d33a62ca07caec6666e1bf41b83777b17351af.png,aca3417e4dd5f092d28e5874fa8857f6b6640624151afa8f147bec8ed1105d50
data/raw/doclaynet_hard_negatives/doclaynet_train_62e2e0d568ae87c6e2a8.png,train,doclaynet:1001.1910.pdf,3,narrative_document,0,doclaynet,scientific_articles,arxiv_two_columns,1001.1910.pdf,10,c36f9a15cff61cb292464b9d211f42b5d7795d08e90c0ca5b201c31906164ace.png,f2c3b1d2ab7f7564243dfc0d90f86fc942ccc130c992921f574d542b86bf99a0
data/raw/doclaynet_hard_negatives/doclaynet_train_d0730e7d92923b4f561a.png,train,doclaynet:1001.0741.pdf,3,narrative_document,0,doclaynet,scientific_articles,arxiv_two_columns,1001.0741.pdf,4,88ed4fbeb5b90e4af4eba6fb0320ad43598ad8358e55ff2c0dd9e776538973af.png,488ce094050085aabb996d5dbb5bd15f69dc672e455199ccb82cc5ed5087a9f2
data/raw/doclaynet_hard_negatives/doclaynet_train_f15408057619218780b3.png,train,doclaynet:1001.3264.pdf,3,narrative_document,0,doclaynet,scientific_articles,arxiv_two_columns,1001.3264.pdf,6,7132aeaf7a9e1e0e63f768020defdcf8d4fc67793943f5df91323c62e8b3ca5e.png,8c4e1ced95fe0ea1a627b82b06b8d14d02c3dfae76ac4e07353f0904b6f79296
data/raw/doclaynet_hard_negatives/doclaynet_train_41f539742979769885f5.png,train,doclaynet:FMStFV.pdf,3,narrative_document,0,doclaynet,laws_and_regulations,german_laws,FMStFV.pdf,4,9639cfec40f083632356d1da0fb00ccfdd1d11208dcdb8eade31e1200bd7a2c9.png,59d76778cecf60d2871e87d9f412cf53e7cd3607a70b1e5e0177155198bb3e03
data/raw/doclaynet_hard_negatives/doclaynet_train_46deed1b6cee9c1d9f67.png,train,doclaynet:uksi_20200416_en.pdf,3,narrative_document,0,doclaynet,laws_and_regulations,gb_laws,uksi_20200416_en.pdf,5,9f0946c3213fbc4437f3ce47755106b37c9d13d661b561a23cf30863081d53a9.png,d3392540e6a353e12c244107c8928e3b33f898ca3bd4417ec323b8247f7184a4
data/raw/doclaynet_hard_negatives/doclaynet_train_a59a545b70868391dcd6.png,train,doclaynet:PLAW-116publ37.pdf,3,narrative_document,0,doclaynet,laws_and_regulations,us_laws,PLAW-116publ37.pdf,7,a1c56e39fef50cad2e3a7574294854f47fccd4863a464c6d0eb8c183f900edfd.png,1bfb07bc555b81c9d1ff70a0ea1b70ebe47c4f637a3905b9c26c188bc50c97ba
data/raw/doclaynet_hard_negatives/doclaynet_train_6199c55b3efd1540062f.png,train,doclaynet:uksi_20210509_en.pdf,3,narrative_document,0,doclaynet,laws_and_regulations,gb_laws,uksi_20210509_en.pdf,1,672a2c9eca37b0277fff88b72dfc2511197793566683622019ef6bab86b23e72.png,b7b5714b4b044779b3b92a1afae46757ecff89b48dac00b3a78de0709da6abc0
data/raw/doclaynet_hard_negatives/doclaynet_train_809de4543b6217a353ef.png,train,doclaynet:FSAAKV.pdf,3,narrative_document,0,doclaynet,laws_and_regulations,german_laws,FSAAKV.pdf,0,f5d4acf8a5ad8fff6e495c43600ab42dfb2501e97ac7d44de1d87e763472c57f.png,f954655137a29a5b4bfc51cd02dd4d654376c0cc77c0bf3601e8c61cd686d1a0
data/raw/doclaynet_hard_negatives/doclaynet_train_ca09b8d936a701ac3ba7.png,train,doclaynet:FischVermNV_1993.pdf,3,narrative_document,0,doclaynet,laws_and_regulations,german_laws,FischVermNV_1993.pdf,0,6ebe47f680dd9e2251042545f159755877527fad4843c017cfd366e8fbe5c05a.png,723b82733dd536d850bbba35319473ab958a9370d8f1aaa51f7024e08b76ba84
data/raw/doclaynet_hard_negatives/doclaynet_train_ee4aa1033b1542862d45.png,train,doclaynet:uksi_20210554_en.pdf,3,narrative_document,0,doclaynet,laws_and_regulations,gb_laws,uksi_20210554_en.pdf,1,888b9cd97a62a40d1fab7f0b5d4167b09fdce99814ef6a9189e29b90290428ec.png,0364d78d0d9313ea59e4a8bc6562dd8b3fe4c7f15a3a6210449b8d431c6a0add
data/raw/doclaynet_hard_negatives/doclaynet_train_daa5b1312584f471f8db.png,train,doclaynet:Guidelines For Special Assistance To Kgalagadi District And Areas With Similar Agro-Climatic Conditions.pdf,3,narrative_document,0,doclaynet,laws_and_regulations,botswana_laws,Guidelines For Special Assistance To Kgalagadi District And Areas With Similar Agro-Climatic Conditions.pdf,1,6a5f5bb91f35176e2ce1f34850d00853988d715daf013db1cf5c1f0a31c8ee5d.png,a59145fda5414f3fba73a83e8b0328d484d6385b6ee993330f80956a7d07432b
data/raw/doclaynet_hard_negatives/doclaynet_train_fa3b16e85ed770a8d43f.png,train,doclaynet:PLAW-116publ32.pdf,3,narrative_document,0,doclaynet,laws_and_regulations,us_laws,PLAW-116publ32.pdf,0,b4aa49e8218d24301427fb7a2dd9ec70e5160861ac4c64c3b8b1dd79114993ef.png,8a5ce63f795726cfcdc0931a26ef821c2dbd838676d9b3a8176d5f2ec412f30e
data/raw/doclaynet_hard_negatives/doclaynet_train_54be2261295638c5fe51.png,train,doclaynet:uksi_20200185_en.pdf,3,narrative_document,0,doclaynet,laws_and_regulations,gb_laws,uksi_20200185_en.pdf,1,44d27af6ec84a8a199aa0e5439a45f7e80591bfa2063bedf23fcc158baa085d7.png,360189902ea3840fd1398ca7350877ab7291264ba7ce0acb940d73401c96159f
data/raw/doclaynet_hard_negatives/doclaynet_train_019b7fe53dc21b28eea1.png,train,doclaynet:uksi_20210597_en.pdf,3,narrative_document,0,doclaynet,laws_and_regulations,gb_laws,uksi_20210597_en.pdf,0,b1eb462a71d75480fa0cabe0b0309aa942fd5e0c53d12f6009b3a5baef92038e.png,320ed3f7ce1da9aec00f2ba5ece894c2083ce1ce15a8252925ef27aef57c0584
data/raw/doclaynet_hard_negatives/doclaynet_train_1378cf43f9d3076b2ca9.png,train,doclaynet:FIAusbV.pdf,3,narrative_document,0,doclaynet,laws_and_regulations,german_laws,FIAusbV.pdf,23,31cce267580ebe349129fdb4d73cacd42807d5d60aa395546a2f5acb0b84cdd5.png,473778a1a62bba356e6176aabfaa39151d884d1a83c682a7b4cebe23b292928f
data/raw/doclaynet_hard_negatives/doclaynet_train_39c3a8a455d56c7a2b43.png,train,doclaynet:uksi_20210539_en.pdf,3,narrative_document,0,doclaynet,laws_and_regulations,gb_laws,uksi_20210539_en.pdf,2,e289bc3cf1d5f6844540b38b6e3ba017bd95e387feb807f41ee553bd31afccce.png,0921d26013cf54b478c7b8ae6dd841bf12d668a97245fe090809f3dd6b7a61ba
data/raw/doclaynet_hard_negatives/doclaynet_train_ca2ef226e7a0ca78b83c.png,train,doclaynet:uksi_20210513_en.pdf,3,narrative_document,0,doclaynet,laws_and_regulations,gb_laws,uksi_20210513_en.pdf,6,294436fa848ec70333763381b8906b47845c6faa49b1684d8967b6282becc939.png,77d3651230a4e78aea101e67c4856c9a8b9b023acdf06d2ca120fa31c71d86db
data/raw/doclaynet_hard_negatives/doclaynet_train_f1ab9d38ce47d77dbdf7.png,train,doclaynet:uksi_20200147_en.pdf,3,narrative_document,0,doclaynet,laws_and_regulations,gb_laws,uksi_20200147_en.pdf,3,3de14389db6a9e8c9ce7ad4095d37f5fdd3d8572a7e235bd9a76bdbcfd09acb6.png,17372da0a35d417c76f3de507e8adbdd93538b2fd138cc4ea1d7bdf60e9658a9
data/raw/doclaynet_hard_negatives/doclaynet_train_ee3764c83b2f8824177a.png,train,doclaynet:REPORT ON SDG_0.pdf,3,narrative_document,0,doclaynet,laws_and_regulations,botswana_laws,REPORT ON SDG_0.pdf,6,3da6dea0dd016658c94011b2f262c556cf2779616304190223fa6545a8710540.png,cc7a4a2232715b00a2039a67e7f79d91df40fc3243f2e220f153f447622e71e3
data/raw/doclaynet_hard_negatives/doclaynet_train_57d60813056d47314525.png,train,doclaynet:FerReiseV_1985.pdf,3,narrative_document,0,doclaynet,laws_and_regulations,german_laws,FerReiseV_1985.pdf,2,4a24b02be9a8b24e90cb9da0b2d2546d4bc98263e8a1d64fd41ce46985dd0899.png,d99f03e4c6f1e5ca0dc70b78c531cffed830541696c956089221df81f12079d8
data/raw/doclaynet_hard_negatives/doclaynet_train_f7de774eb16badc99bda.png,train,doclaynet:FuAG.pdf,3,narrative_document,0,doclaynet,laws_and_regulations,german_laws,FuAG.pdf,1,f8401749094ca82968caaafa24a8cafad80dfd0ac3706a5452835da0fe524a4d.png,05ce29fc35d87810ba6217400e99234f87f17263b62d4089d08cb8a8eb51511c
data/raw/doclaynet_hard_negatives/doclaynet_train_2cbb70cd784f2ce10d0b.png,train,doclaynet:s49Bc000480302ja7.0_h29C40.pdf,3,narrative_document,0,doclaynet,laws_and_regulations,japanese_laws,s49Bc000480302ja7.0_h29C40.pdf,4,140dd72c06bd594efa3584663f8c1f8109c5b0cb7b4aeba80a96e3fb5dd1f817.png,583f51075d8eb3cc00bc6b86e10143a222e5f8daa42247b8fe45f257ca6e0d22
data/raw/doclaynet_hard_negatives/doclaynet_train_58fa390c07ced52b91d5.png,train,doclaynet:FAA-H-8083-32-AMT-Powerplant-Vol-2.pdf,3,narrative_document,0,doclaynet,laws_and_regulations,faa_regulations,FAA-H-8083-32-AMT-Powerplant-Vol-2.pdf,96,43886f81ac201b96bb762a6c5978d064f728a89d3afafed889d7274da832283c.png,3962b39f064ca080fe30065cdf32ea944f2a074c3edcaa1b010ba0c4a2315d1e
data/raw/doclaynet_hard_negatives/doclaynet_train_123e80af2d66061cb85d.png,train,doclaynet:FinVermStVtrG.pdf,3,narrative_document,0,doclaynet,laws_and_regulations,german_laws,FinVermStVtrG.pdf,0,886c61e81732a2a9c93cea96273150be8391b2ab2d712b51aff0da2c683e2d2f.png,48a7df8ac5511b73feccce814fc20702200105679be68c08b4e7c526ae77513a
data/raw/doclaynet_hard_negatives/doclaynet_train_c98f73a68a968fd1f32a.png,train,doclaynet:uksi_20210585_en.pdf,3,narrative_document,0,doclaynet,laws_and_regulations,gb_laws,uksi_20210585_en.pdf,3,b70d71471709ea83257197b57ef8a743ec18b9e74fc14570988b2e2b5410149f.png,22cf7e6fe9e6f123e2054d3ae730560872d5db43c701cc7ee6d8c45df96341c6
data/raw/doclaynet_hard_negatives/doclaynet_train_682582148df4fdfbc6ad.png,train,doclaynet:11_intinvt_1999_zhonghuarenmingongheguohetongfa_20150216_chl_cec.pdf,3,narrative_document,0,doclaynet,laws_and_regulations,chinese_laws,11_intinvt_1999_zhonghuarenmingongheguohetongfa_20150216_chl_cec.pdf,1,f9c5c849264af1eea1a869b01767f4058d224ba70e77e33e615c92be45a76277.png,f476cb2097b4f638d775478898501eccfe2eb0518351fdcd0d03542b413c3f2b
data/raw/doclaynet_hard_negatives/doclaynet_train_f44b95fe5f6dfebd58dd.png,train,doclaynet:FinDPrV.pdf,3,narrative_document,0,doclaynet,laws_and_regulations,german_laws,FinDPrV.pdf,12,d10f7c7ecb4e797c7f26185002770e306a9fa57806597cb3992fc667f29473e0.png,70be4f4d7d1244b01e39165b8b4d1d822dc334f4857526f62eda5dac2169f38c
data/raw/doclaynet_hard_negatives/doclaynet_train_fb42a25113b6e02f80a5.png,train,doclaynet:uksi_20210528_en.pdf,3,narrative_document,0,doclaynet,laws_and_regulations,gb_laws,uksi_20210528_en.pdf,5,63a96c1b48427f2e2cdc5a92f25c53bf24782e5aab7c28ab1ed8642615fe572b.png,734136d7b03d1550c61f7663e075230c55de3d11fee55828685f5d87da396db2
data/raw/doclaynet_hard_negatives/doclaynet_train_83d44d3fb6a587ce0159.png,train,doclaynet:FlGlasTechAusbV.pdf,3,narrative_document,0,doclaynet,laws_and_regulations,german_laws,FlGlasTechAusbV.pdf,5,4cd64e6589b1cddb27b5660631cf254a65968b338fd5ba5e8bb3553563f9e770.png,1cc2954db3956d2d16cc5c77550591a9a7eef362513f98da18117fd78b73a926
data/raw/doclaynet_hard_negatives/doclaynet_train_0424674b27f20794d997.png,train,doclaynet:FrSaftAusbV.pdf,3,narrative_document,0,doclaynet,laws_and_regulations,german_laws,FrSaftAusbV.pdf,2,cb9f362d8c8457575afc64e6e033cc5b0087dab21097dd9a0308de0ea4d6a499.png,87b443368f9a7d9a4900a246c740156020e403aa2977eb332608d86c213d8b4d
data/raw/doclaynet_hard_negatives/doclaynet_train_ae4653f02ddfed606d09.png,train,doclaynet:uksi_20200150_en.pdf,3,narrative_document,0,doclaynet,laws_and_regulations,gb_laws,uksi_20200150_en.pdf,11,6af62385ed4236ec2ec0bb4b3ab7c431330831e4c1f7ea7a00790bdb93bb5b1c.png,5da3810b755e7637b519f74546280e3910f5110e583348ff2693869e5622091b
data/raw/doclaynet_hard_negatives/doclaynet_train_fdd0fc2183e8429b067e.png,train,doclaynet:uksi_20200440_en.pdf,3,narrative_document,0,doclaynet,laws_and_regulations,gb_laws,uksi_20200440_en.pdf,0,6f63a1461de460d84c119ae8ad70172dce9ee4e8f97641da9169b341234795f5.png,90143b364a0b027438f1b85055e3b05794675fccef6720fbe1108f7fd39eb301
data/raw/doclaynet_hard_negatives/doclaynet_train_e2ef704d66af109d5592.png,train,doclaynet:ifh_addendum_b.pdf,3,narrative_document,0,doclaynet,laws_and_regulations,faa_regulations,ifh_addendum_b.pdf,0,987e76079d1b5c8a1b0478fc14a24ae37030c066b32ec458c6341cf398b30c17.png,83437b3d2cb8253384585e78fb71c579ab148577582269c35690ee37105a835f
data/raw/doclaynet_hard_negatives/doclaynet_train_7c1612d1e61df81cdd82.png,train,doclaynet:uksi_20200137_en.pdf,3,narrative_document,0,doclaynet,laws_and_regulations,gb_laws,uksi_20200137_en.pdf,1,d54ca356435f784b09fe0a8b51feafac9b6ca2ac8f738335f805e656f86910e8.png,373ab9b02699b8dc27642569615dff986e2e72ff82f4e655fd443743e6b705bc
data/raw/doclaynet_hard_negatives/doclaynet_train_46b73cb39e200059da5e.png,train,doclaynet:uksi_20200111_en.pdf,3,narrative_document,0,doclaynet,laws_and_regulations,gb_laws,uksi_20200111_en.pdf,0,4d26a390a87f60080f9be20cccd50cac85906d9ca6074bd8b5b323fb8607a397.png,fcac4b6bf33004dca094d815e407ae3d85937403d9d10df5028755d6514fc852
data/raw/doclaynet_hard_negatives/doclaynet_train_7637abcb0b9a9dc47ddb.png,train,doclaynet:9_l_2004_zhonghuarenmingongheguoxianfaxiuzhengan2004_20160121_chl_co.pdf,3,narrative_document,0,doclaynet,laws_and_regulations,chinese_laws,9_l_2004_zhonghuarenmingongheguoxianfaxiuzhengan2004_20160121_chl_co.pdf,4,74253b10e68ffb3a1b362d1770aba3c98b1d5a7b4dbbeb8f7ebb53eb4c162c3b.png,11243320dfb6b429148e90c37f7e9fdfc7a75adf42e30706ad432a18c92b79b6
data/raw/doclaynet_hard_negatives/doclaynet_train_2bb649ae2d9aacd6f704.png,train,doclaynet:FischDNKVtrG.pdf,3,narrative_document,0,doclaynet,laws_and_regulations,german_laws,FischDNKVtrG.pdf,0,97437e48cfe9f479587bc02f7c4e6444df94fd0ad4895dd8d502c6ef97833877.png,a0ebbec558a5b2eac2cf526ce0d37f969184e23b60f29743205459dc7ef2ead0
data/raw/doclaynet_hard_negatives/doclaynet_train_ee9ffebc0f7859c09dbd.png,train,doclaynet:FKeramAusbV.pdf,3,narrative_document,0,doclaynet,laws_and_regulations,german_laws,FKeramAusbV.pdf,0,431464a0208d7b5bb2d6b080911dcc28ad942314b913a6d11531fccd9abc5477.png,84c0fcc20c5f17e0d303c5f82eaaeec9d6856421ffd5bdb56fd04ba0f5b70ead
data/raw/doclaynet_hard_negatives/doclaynet_train_4eaefa7cfac7ef691325.png,train,doclaynet:PLAW-117publ4.pdf,3,narrative_document,0,doclaynet,laws_and_regulations,us_laws,PLAW-117publ4.pdf,1,7a6583f4c52a9e59e97b733de3445c7456f86a5bbf67e45e071e00b6539c655c.png,f9842c69ea3b4203b6c0ad1ee57f59a5310e1940ce9aa48640a77a1bf3c635e4
data/raw/doclaynet_hard_negatives/doclaynet_train_9f63ba401e214e9d3192.png,train,doclaynet:agri-standard.pdf,3,narrative_document,0,doclaynet,laws_and_regulations,japanese_laws,agri-standard.pdf,11,9043e65a76cf658d8d8fdaf04f2378eb78e5471cbd9309a28111f54ff545e4e4.png,89b9320657fdbea1c825ef18fe8635592de206fa5aff69379348553d2731d3e5
data/raw/doclaynet_hard_negatives/doclaynet_train_63ba153241f86e029e03.png,train,doclaynet:uksi_20200460_en.pdf,3,narrative_document,0,doclaynet,laws_and_regulations,gb_laws,uksi_20200460_en.pdf,5,7441c86ff3ca7eb15483f75e7b3e1019e66c4678ba38d9499c778efe5881fa70.png,77d3651230a4e78aea101e67c4856c9a8b9b023acdf06d2ca120fa31c71d86db
data/raw/doclaynet_hard_negatives/doclaynet_train_7333ccc4fa8a41d367da.png,train,doclaynet:PLAW-117publ11.pdf,3,narrative_document,0,doclaynet,laws_and_regulations,us_laws,PLAW-117publ11.pdf,1,ce7f089e5ffdac14f6ad1082f1b992ee5c0e23856bb0ae038d3d1a4f7c74563f.png,b00e5541f6701d6726d5ee88419bc492e5a21332f9c9633d1c683edea531732f
data/raw/doclaynet_hard_negatives/doclaynet_train_56d11ebe58f946372643.png,train,doclaynet:FrSaftErfrischGetrTeeV.pdf,3,narrative_document,0,doclaynet,laws_and_regulations,german_laws,FrSaftErfrischGetrTeeV.pdf,3,9d6fd6dbcb04a34c6a37025ed4d6472889c0a43b7f3b91df2ffa16ad2b1fc10e.png,33110a786e243682577bcf98537029c9f63724ca666d836f2d11f9539ac51f26
data/raw/doclaynet_hard_negatives/doclaynet_train_56483201b1e957e4dd69.png,train,doclaynet:uksi_20200165_en.pdf,3,narrative_document,0,doclaynet,laws_and_regulations,gb_laws,uksi_20200165_en.pdf,2,16e8f8e08c9ad83f113af56771506365624296f78549c408947df6ae9fd712da.png,f32a6d6341bd499b1e06b14218ccd61ff0602edc69eb1368f8b43b20172ab546
data/raw/doclaynet_hard_negatives/doclaynet_train_a16714feb3defb07e7a4.png,train,doclaynet:FlechtwAusbV.pdf,3,narrative_document,0,doclaynet,laws_and_regulations,german_laws,FlechtwAusbV.pdf,11,2e85f4d3ef52451764f9f9516b271907b7cd3e9ce10a9d46b9b9858dfa521e8f.png,e3b1c20ae2f328c4f5e61f5e3270756a4cde991e63b27181e572c1dde924ecbf
data/raw/doclaynet_hard_negatives/doclaynet_train_b8c01d75f1f9c6771c2f.png,train,doclaynet:FahrmAusbV.pdf,3,narrative_document,0,doclaynet,laws_and_regulations,german_laws,FahrmAusbV.pdf,4,3edd3aa05bf757753b04ff3e60f9b753fc8ba0e37f3795ec312e0572ad8ebb4e.png,91fcdf0d0c48f690cdd3482c0322b8f51e2e2f0d360ae645182c5707c2c2beb1
data/raw/doclaynet_hard_negatives/doclaynet_train_57a2752fe30da5f62cef.png,train,doclaynet:uksi_20210559_en.pdf,3,narrative_document,0,doclaynet,laws_and_regulations,gb_laws,uksi_20210559_en.pdf,0,d8920ba59be552b0a30fde5731b8a390fe976b7bffacec98e84480a4501e7cf4.png,70a083e50443c3121c14cfc155f1cf2433a5f4cbcce56dce98b6cf02b100d290
data/raw/doclaynet_hard_negatives/doclaynet_train_249947feecf175dfd77f.png,train,doclaynet:FahrlG2018DV.pdf,3,narrative_document,0,doclaynet,laws_and_regulations,german_laws,FahrlG2018DV.pdf,10,aeaf0dc32092ffdf0cbb6b378c2fc99fdd32ff4c242322e4da6c740fff7b370a.png,d545085b8433f956225a8a793bc1023c6fcba0b54fb37f7f6c582f741930ee95
data/raw/doclaynet_hard_negatives/doclaynet_train_94ab2e23c9e6a863b7d8.png,train,doclaynet:FSMusterzulV.pdf,3,narrative_document,0,doclaynet,laws_and_regulations,german_laws,FSMusterzulV.pdf,2,d2a22825de4e979ac4b19acf672a20bf68e2c1472972ba6cd755ed82fb716b77.png,4b8ace6fd484b0417c15b488fce4d87b6157da278217c43cec59b7a890cadb96
data/raw/doclaynet_hard_negatives/doclaynet_train_11f234879b2eaaba8703.png,train,doclaynet:uksi_20200179_en.pdf,3,narrative_document,0,doclaynet,laws_and_regulations,gb_laws,uksi_20200179_en.pdf,0,dbc64a2f8d66134ff0176ad61b116d4db7f296a0d4db11834ce7f02791bf4b12.png,ad0f9919a0f8fe0a92493b6f5d4ee2fe88e196a954ae0df2517f244d28fdfec6
data/raw/doclaynet_hard_negatives/doclaynet_train_44c6719fcfd843bc3986.png,train,doclaynet:uksi_20210556_en.pdf,3,narrative_document,0,doclaynet,laws_and_regulations,gb_laws,uksi_20210556_en.pdf,0,fe120ca18d8efeb99610ba8636860475d6199a5bff811b687b17581ebbe54f56.png,edf735523d87a444cb2937935b8b3138204a19f3b09c4015693a1caee9e838a3
data/raw/doclaynet_hard_negatives/doclaynet_train_bd1cec32f74e3a1d6a14.png,train,doclaynet:FVerkWBV.pdf,3,narrative_document,0,doclaynet,laws_and_regulations,german_laws,FVerkWBV.pdf,0,7fe8a9c1a2006250cc237a529e70ece8718a9f2beeed218663c4f8cb9554b77a.png,562d66ad58272501df4c5082aae287be62b907c8ed78d5fd9d3def3edafc6707
data/raw/doclaynet_hard_negatives/doclaynet_train_658ba707848d2fba0f72.png,train,doclaynet:h15Coi00050102je14.0_r01O5.pdf,3,narrative_document,0,doclaynet,laws_and_regulations,japanese_laws,h15Coi00050102je14.0_r01O5.pdf,6,14aa89712a318f1e0ab654a45751607ba6f47a19bbd48d90b7ca1203df56f277.png,9032da1a9ef5737d27241d06d1fa58cfb6c03ffdd9faaccaaecccff830487be5
data/raw/doclaynet_hard_negatives/doclaynet_train_ba97d0b4566bad9cd53a.png,train,doclaynet:FeV.pdf,3,narrative_document,0,doclaynet,laws_and_regulations,german_laws,FeV.pdf,150,abd54de7fbe75506a0f4921d8cf6e1b2d8c181baf3bcaec2359b06495f6d6c7b.png,c7007f46cdae821d8bf61e05bbc1acd4e2f8ef858d0ec3b17161a49b225ef372
data/raw/doclaynet_hard_negatives/doclaynet_train_a8f9221da3b48fd6d697.png,train,doclaynet:FinDASa.pdf,3,narrative_document,0,doclaynet,laws_and_regulations,german_laws,FinDASa.pdf,0,d76c2baa825646f581e45e4d59c49fd6a6bd07b6e7bf377e772fc6ffeaaf8077.png,8e196b7134e1dbe515804fad2995bd58c1545e6adebe8618c2f5c1ffb17e2143
data/raw/doclaynet_hard_negatives/doclaynet_train_925de5fcaca56423515a.png,train,doclaynet:FoVZV.pdf,3,narrative_document,0,doclaynet,laws_and_regulations,german_laws,FoVZV.pdf,2,8a948a2aa17fa91cebef91cdf662be6d828d23c00e1459e0a136ac846e63456e.png,3b335fc50125df0918a98b4661fc835b964ddd2059e0aa126ed7b7a930a76fe6
data/raw/doclaynet_hard_negatives/doclaynet_train_fab36fba17efa7f9ffbd.png,train,doclaynet:0001202105190027.pdf,3,narrative_document,0,doclaynet,laws_and_regulations,russian_laws,0001202105190027.pdf,14,314d2b4a86d41b44ede21b20ac9bb4be614d5133fc8fbd3ce057f73a1e2901c3.png,90ed5cd1308ffdb2e660a74d0f0cb39c51776cf7c36d68760d165ab247888fc8
data/raw/doclaynet_hard_negatives/doclaynet_train_49b0efcc5de51fc48a5e.png,train,doclaynet:FachbPrV.pdf,3,narrative_document,0,doclaynet,laws_and_regulations,german_laws,FachbPrV.pdf,1,71d0cd480ccdedfa393eae9690fbbcc730ce40edf73528d536c3ed87da531920.png,b3c2dfd102d676da032c7fb567ed6f497e8ce5d5135e05cd0edd7f9943fc8a25
data/raw/doclaynet_hard_negatives/doclaynet_train_3f0bf08bdb07f7a6b7a7.png,train,doclaynet:FeuerschStG.pdf,3,narrative_document,0,doclaynet,laws_and_regulations,german_laws,FeuerschStG.pdf,4,8807a57310c973f7182f2f64b3cfc8b64e100c253ea44a854c0e98bddfd081d1.png,99b6a52bc189b650f0ea26d4b96f79f21bba83ca04a552854bb01bf8cf27990e
data/raw/doclaynet_hard_negatives/doclaynet_train_49846748cc5e531cd7c2.png,train,doclaynet:FideiAuflAufhG.pdf,3,narrative_document,0,doclaynet,laws_and_regulations,german_laws,FideiAuflAufhG.pdf,0,05ad10e65da6eed88ce6cbb6746d33b3ff01b5059fbb71bb981a855ff2c8cc25.png,b4709ca06d298fe2825480ab8eab24a546012ad08806e2be3eed80c9b6e8f705
data/raw/doclaynet_hard_negatives/doclaynet_train_f60e230e5f46ae18db6b.png,train,doclaynet:FeV2010AusnV_2.pdf,3,narrative_document,0,doclaynet,laws_and_regulations,german_laws,FeV2010AusnV_2.pdf,0,350b62c945e1b354d66302f488b884e452b2fe0cce48018fd142cfe4c196c258.png,8784191077e523eb4c98c23ef9262a5692704a5d15889792d484cff379110231
data/raw/doclaynet_hard_negatives/doclaynet_train_a9e47efae258f0fe7d14.png,train,doclaynet:FSPersAV.pdf,3,narrative_document,0,doclaynet,laws_and_regulations,german_laws,FSPersAV.pdf,38,982111b04c1e40ced958134cf3501e4f9636007adaeeb95dcfb1912c47f29784.png,ae56e5046d875ed1e5f3445867713d32ce43eb5387a42b7af1d3c8ebcb7bac30
data/raw/doclaynet_hard_negatives/doclaynet_train_7e5b8fbdd0284fcb5292.png,train,doclaynet:uksi_20210526_en.pdf,3,narrative_document,0,doclaynet,laws_and_regulations,gb_laws,uksi_20210526_en.pdf,0,ce01e384c39f4b65a4c8dadb1b0da37da8b13fe343ae41b1321ff9bff139bcc3.png,5aa2f571ccef713c99ee5a8a711dfef2f26639ee4690f65af77c832a1446324c
data/raw/doclaynet_hard_negatives/doclaynet_train_56929b8dfd3bd124faac.png,train,doclaynet:FAG.pdf,3,narrative_document,0,doclaynet,laws_and_regulations,german_laws,FAG.pdf,0,b2960e021e55b05dda8d160d1733b00d71ec5bf4c92ae1621c6882e8c54f6055.png,6e3fd4c21c0dc33e098b3fabddc4f781c5e14e22fee7f4b306fb2ed5496bf0e3
data/raw/doclaynet_hard_negatives/doclaynet_train_882c6ea83dc297a710d4.png,train,doclaynet:h15Coi00050102ja14.0_r01O5.pdf,3,narrative_document,0,doclaynet,laws_and_regulations,japanese_laws,h15Coi00050102ja14.0_r01O5.pdf,0,7670ad7ef97e848a3b134cf19d11a405b365f3e41dce8af8efcfb4346897027e.png,efb27af7a3d55381a6c3699818c33b6f086e8e35732304eb687a470d9902a93e
data/raw/doclaynet_hard_negatives/doclaynet_train_b6d012a23a0106159470.png,train,doclaynet:FlUUG.pdf,3,narrative_document,0,doclaynet,laws_and_regulations,german_laws,FlUUG.pdf,13,9f6f870d37a3f0f6806ccabd977c6adeef41473415602fecdeeb62810f95cd75.png,8ec831dc951a5845efe8a6a79362caf87bc7c2ecc41964d9fcb3b7f1ddce8bea
data/raw/doclaynet_hard_negatives/doclaynet_train_a10cf581a1966a9b1879.png,train,doclaynet:PLAW-116publ44.pdf,3,narrative_document,0,doclaynet,laws_and_regulations,us_laws,PLAW-116publ44.pdf,0,a414a317b8d6c9ebc7da02e8eb0fd49cfcebced47e37fd81b6da0e9981a93298.png,c2d30748d4d3aa743de6f01c8fbadfec151a67105d64756046c8ab1c7a476198
data/raw/doclaynet_hard_negatives/doclaynet_train_f0a19926428864729adf.png,train,doclaynet:uksi_20200101_en.pdf,3,narrative_document,0,doclaynet,laws_and_regulations,gb_laws,uksi_20200101_en.pdf,0,09b206c03362d3b7ff76d8b0b71a28129ff050632af7f7321594643dac342ae4.png,bd51c094df49453812c7994676d09bba82fd227d54e296e31d7675e7ede6a1b9
data/raw/doclaynet_hard_negatives/doclaynet_train_fc26f9b0c6506d7bc837.png,train,doclaynet:uksi_20210563_en.pdf,3,narrative_document,0,doclaynet,laws_and_regulations,gb_laws,uksi_20210563_en.pdf,0,96f7468d02151abf292cb219f758d1a32f82ee98ff5b049be9f9f6e4871280ad.png,82b32f79ea4c451612fd0cca2de25d9a9d1a56c6c0779a4343a236af1b6dc114
data/raw/doclaynet_hard_negatives/doclaynet_train_fbb752129c777bd0bb18.png,train,doclaynet:PLAW-117publ10.pdf,3,narrative_document,0,doclaynet,laws_and_regulations,us_laws,PLAW-117publ10.pdf,0,8128be179bd5fa57db472ed3d6d5c07541d55290de7c487f38356d43107180f1.png,65c1cbc74a7be54bfe9a3219a4e78a194a7d9d361ffd2a0bc83368824836d6b8
data/raw/doclaynet_hard_negatives/doclaynet_train_1e41c07449e729b3217d.png,train,doclaynet:PLAW-116publ48.pdf,3,narrative_document,0,doclaynet,laws_and_regulations,us_laws,PLAW-116publ48.pdf,0,a296682268944c70d7b30259ecab29b85dd0df70e130f5e4952a402c7ae20eaf.png,264c07635bde24285ec8b92c31947d09fa6a810f977bb739d1e90a491d9a8941
data/raw/doclaynet_hard_negatives/doclaynet_train_98534e8ff35411670be3.png,train,doclaynet:uksi_20210515_en.pdf,3,narrative_document,0,doclaynet,laws_and_regulations,gb_laws,uksi_20210515_en.pdf,0,18d4ba3da8dcc941a6029b58d486cb5374294edee607f2f1d7a75c97c9bbda91.png,3f34dc2836458ed892aa788393dd771b470d62e807fd9e761a53c36cb35bbd16
data/raw/doclaynet_hard_negatives/doclaynet_train_92cc699703a1b9a1f5b0.png,train,doclaynet:FischBeihV.pdf,3,narrative_document,0,doclaynet,laws_and_regulations,german_laws,FischBeihV.pdf,0,7d03f33522a272bfe147b8172203e1dd8b7f128f4d37058e15fc981f796b765b.png,5714cfb9b112a4c74e0173968109b5d7240ea0efcaf76293778b6a23610cac88
data/raw/doclaynet_hard_negatives/doclaynet_train_af59851d64f51d7a1142.png,train,doclaynet:uksi_20210596_en.pdf,3,narrative_document,0,doclaynet,laws_and_regulations,gb_laws,uksi_20210596_en.pdf,5,f6c0c07f2e7f426b824429b77241c27f4c93eb10d100a0fc7b451e670a7721fb.png,77d3651230a4e78aea101e67c4856c9a8b9b023acdf06d2ca120fa31c71d86db
data/raw/doclaynet_hard_negatives/doclaynet_train_9e68ff080676998c5617.png,train,doclaynet:FPfZG.pdf,3,narrative_document,0,doclaynet,laws_and_regulations,german_laws,FPfZG.pdf,3,f6157a6fc96631a13d9e27b0e8f23a22158f9da2de6dd9565692eb37bfff1fb4.png,ad0af34b64ba51a0445cdcfdfe33d6a6e006d63a5d0907b3bac3c8503b5b029d
data/raw/doclaynet_hard_negatives/doclaynet_train_679dc35e139c1d902422.png,train,doclaynet:FernUSG.pdf,3,narrative_document,0,doclaynet,laws_and_regulations,german_laws,FernUSG.pdf,0,2377e30b28002c177c0fea5ae1e1b08b6329aa0bc7318cf2078578e87eb83df9.png,e2eeb964e0fee40dfa961fdabde7bb1254a6f11622715c3f72271812a0bb1332
data/raw/doclaynet_hard_negatives/doclaynet_train_dfe35af0097af0a4e902.png,train,doclaynet:uksi_20200115_en.pdf,3,narrative_document,0,doclaynet,laws_and_regulations,gb_laws,uksi_20200115_en.pdf,3,c4b7238bd42b699de276f2d8ca35c2c3a1c2b90f182ba50d2ccdbe9fc2881271.png,210f362b898174588c9e360da05f8c42fa75af241eaa000cf76492629aa6901e
data/raw/doclaynet_hard_negatives/doclaynet_train_9e0066ca7fca6d711b7e.png,train,doclaynet:PLAW-116publ50.pdf,3,narrative_document,0,doclaynet,laws_and_regulations,us_laws,PLAW-116publ50.pdf,0,509f7397bb1e36799f3cc7bfc723ea99c6bccb89aacda491d3564b9ef3517df6.png,0be51178bd565eaf1606aae849248144f07b549f487da31bf0d65d81f9bc506c
data/raw/doclaynet_hard_negatives/doclaynet_train_c7d64070594595f07590.png,train,doclaynet:uksi_20210590_en.pdf,3,narrative_document,0,doclaynet,laws_and_regulations,gb_laws,uksi_20210590_en.pdf,1,180f0682731fbf0a1aa53cc13da05054a4164e41ae247ab7b91d3b7ec29d0282.png,93745d2ccd565b1edcc61c9c1a33f8a9e95be0e6b5cf4542cbd2400c380007e9
data/raw/doclaynet_hard_negatives/doclaynet_train_2cbadef39759adda9c69.png,train,doclaynet:mc4_technical_manual.pdf,3,narrative_document,0,doclaynet,laws_and_regulations,faa_regulations,mc4_technical_manual.pdf,382,1c31a6454a60cff48339c7f7f357e9e8c8dacc8eabc22e1f07a8eccf6d0cef13.png,e5e4d271a590e521b46bb092704150bf7633a316dac17c3ed36acabfdf27310f
data/raw/doclaynet_hard_negatives/doclaynet_train_338745ab1155164fbf93.png,train,doclaynet:FrHfHbgAufhG.pdf,3,narrative_document,0,doclaynet,laws_and_regulations,german_laws,FrHfHbgAufhG.pdf,0,055e59b906bb794b644dc6d99b83cb76d16041ed4e83719c681a0e376dbc3614.png,d42591114047e6ec9bbc39371794a2bba29277db391ec70b9cc8c392d02ba765
data/raw/doclaynet_hard_negatives/doclaynet_train_eb8fd5fc2c5f1bca2365.png,train,doclaynet:uksi_20200494_en.pdf,3,narrative_document,0,doclaynet,laws_and_regulations,gb_laws,uksi_20200494_en.pdf,2,4cfd33305b8902b061ffeba03f4438fdb0cc81975f289e8b1600799182534c58.png,47e28c770fd0fd889590d7503330fdda18ab81cba6494c3fdb80e9e6f8c8ce4c
data/raw/doclaynet_hard_negatives/doclaynet_train_de5996d88117442e3c60.png,train,doclaynet:FinDASaV.pdf,3,narrative_document,0,doclaynet,laws_and_regulations,german_laws,FinDASaV.pdf,0,e3839c1902b1fff2d3a5b89345b4c29e245a3497545ef0df3caf4eb9d5b11f32.png,90f3c575c06c4328ac5613f051c47456440e84e20ff6cd1df062ebe6a98aac47
data/raw/doclaynet_hard_negatives/doclaynet_train_355e90bc254a0402181b.png,train,doclaynet:FamGKG.pdf,3,narrative_document,0,doclaynet,laws_and_regulations,german_laws,FamGKG.pdf,5,7ae6e6b76a0cdffc2144a68a7d1902ae58902fe0330ce307daeb4b7a0ee19aa7.png,bb754bc0d07d0568b6473a58074c2182b5fde00d41fb5849cd0b73135c3b6b7b
data/raw/doclaynet_hard_negatives/doclaynet_train_f0b81f56023770070b92.png,train,doclaynet:uksi_20210544_en.pdf,3,narrative_document,0,doclaynet,laws_and_regulations,gb_laws,uksi_20210544_en.pdf,0,e4014f68d8bfb82e05bdee434cc069a42cc730a394f5e489b766b2fa96dcc2ea.png,75b8014ba24ea3681734da1785230588e14f7aaaab4676dcdcd4893b4b7fe943
data/raw/doclaynet_hard_negatives/doclaynet_train_73ea1112b674bd2deb86.png,train,doclaynet:uksi_20210535_en.pdf,3,narrative_document,0,doclaynet,laws_and_regulations,gb_laws,uksi_20210535_en.pdf,0,499b7aecc414016f1f441a1a228fe926151f05ff9938360ac77b018bb465d46b.png,9b4f6f73638f79a0383a0cf4504fe220f3064e9063ca5c129d0e1cb98e806152
data/raw/doclaynet_hard_negatives/doclaynet_train_00368f395d65c3602e93.png,train,doclaynet:uksi_20200425_en.pdf,3,narrative_document,0,doclaynet,laws_and_regulations,gb_laws,uksi_20200425_en.pdf,0,ac41c3f3628925960ff4753ebcaf850962cc0356553edae241605111c94b050d.png,1b0da6eac03a80f5bffa6c5453db738ed7bc1414a586e6971d9e780da30da50c
data/raw/doclaynet_hard_negatives/doclaynet_train_1c15acb53c23ecd2a437.png,train,doclaynet:FAA-H-8083-15B.pdf,3,narrative_document,0,doclaynet,laws_and_regulations,faa_regulations,FAA-H-8083-15B.pdf,71,32a2ba0c1b79d698541892c6af629abef5831682a811ca604bfd851dcddae05a.png,e4233f28317e2d881905e8cb2747f96e30d91f262ec7ab6f4deeaa58a6ffc0d0
data/raw/doclaynet_hard_negatives/doclaynet_train_2c7afd60a14482d132ca.png,train,doclaynet:FinAusglG2011DV_2.pdf,3,narrative_document,0,doclaynet,laws_and_regulations,german_laws,FinAusglG2011DV_2.pdf,1,f6663d44206b07906836fe886813fb3de788cceafb9230963653e248eb0bd529.png,81fdc830301f591b486069f5d61dc46bef547e2a622b13a9d4bed404248c44cd
data/raw/doclaynet_hard_negatives/doclaynet_train_b45a43fa8e2c19403756.png,train,doclaynet:uksi_20210573_en.pdf,3,narrative_document,0,doclaynet,laws_and_regulations,gb_laws,uksi_20210573_en.pdf,2,307d580440ce5106626007d14042517bcf8768e716ed3a1e22a77abaf6830cfb.png,1b0b327225fe3569424f7f82aa9980a923f363aafa7c1474945fa4015dd06e51
data/raw/doclaynet_hard_negatives/doclaynet_train_7d016c7075b9ea65a871.png,train,doclaynet:PLAW-116publ39.pdf,3,narrative_document,0,doclaynet,laws_and_regulations,us_laws,PLAW-116publ39.pdf,0,1c722ca6fad6d4a326699edbb6c089e38b0f02c0230df71ea22e466ec8bdf978.png,bb0d3bf01989c408affbc39e6af7c71f24ba78fb6c5ae21346f409746f6470cc
data/raw/doclaynet_hard_negatives/doclaynet_train_628a6d106060ff7bb0d0.png,train,doclaynet:ssprocdscrp.pdf,3,narrative_document,0,doclaynet,laws_and_regulations,faa_regulations,ssprocdscrp.pdf,2,742731bc6c4b45b748133257bb8b6de767fffb7c4895c740f84e6937b4d81334.png,a2cd39645dd307943310d9061932b8c04a79387b963e315c3507a2ac51ba8945
data/raw/doclaynet_hard_negatives/doclaynet_train_85c93374da46410cd8f5.png,train,doclaynet:PLAW-116publ27.pdf,3,narrative_document,0,doclaynet,laws_and_regulations,us_laws,PLAW-116publ27.pdf,0,8b876b2c9b791320efbc490f55472a7cc7bd35dcd8b17348c5c71d4ef7894562.png,ee6421dc27c7172d86c4c0a7823c869e7c60b380ba5effbbd7e1d60e159b2b98
data/raw/doclaynet_hard_negatives/doclaynet_train_a72f76069299de1761ad.png,train,doclaynet:powered_parachute_handbook.pdf,3,narrative_document,0,doclaynet,laws_and_regulations,faa_regulations,powered_parachute_handbook.pdf,76,91f4b8d0d7ea70d43917a7546498c3048cdaa92178b7683b91a69069cf6ee272.png,a2df7c129db4937740642d13634ad598be699fec17ae6958cdbd749591e59394
data/raw/doclaynet_hard_negatives/doclaynet_train_6db3d016e40f9a51e51b.png,train,doclaynet:uksi_20200126_en.pdf,3,narrative_document,0,doclaynet,laws_and_regulations,gb_laws,uksi_20200126_en.pdf,1,cb8e7195819f429ff57244b4c98791d9629e97beae81fa5dff6248128e9caffd.png,aeaa5754eba1aa61217acaee3ce7665eb91dcde852044509823c100755d859f4
data/raw/doclaynet_hard_negatives/doclaynet_train_67fff5dad8ffd9790e96.png,train,doclaynet:uksi_20200448_en.pdf,3,narrative_document,0,doclaynet,laws_and_regulations,gb_laws,uksi_20200448_en.pdf,0,4b78c462a045857e4f932a2ec4c2fb0d621c47ffa5f6d794bc26e6fb335e4d18.png,99c800826f9088d3feddfa5f398d37eac23dd426482ea68569872195895694cf
data/raw/doclaynet_hard_negatives/doclaynet_train_a0306e99d30e0485138f.png,train,doclaynet:uksi_20200193_en.pdf,3,narrative_document,0,doclaynet,laws_and_regulations,gb_laws,uksi_20200193_en.pdf,3,65a4399091a7037f9abbac02956cc82a4c689c0cb0b3bda782f6d6e07079e1af.png,e3aedff22219e95f3501c605fd31b4954678ba05a322619500d5f8f873aa04a9
data/raw/doclaynet_hard_negatives/doclaynet_train_740267078cf89544c602.png,train,doclaynet:faa-h-8083-21.pdf,3,narrative_document,0,doclaynet,laws_and_regulations,faa_regulations,faa-h-8083-21.pdf,13,f50170786209ffa83a30f83ce5aa39d8ead597d8ff16e04e8883260df0c7871e.png,d04c493fc8cf7f857acc04335e33de306eb585890cda54b3ed1ed99d2807098a
data/raw/doclaynet_hard_negatives/doclaynet_train_14f4e81df735f42303b5.png,train,doclaynet:uksi_20200404_en.pdf,3,narrative_document,0,doclaynet,laws_and_regulations,gb_laws,uksi_20200404_en.pdf,0,dca4271a7a921d2c8ba49bc85be1729c208d3ff9f56e3e7a40df065c12fb8b14.png,c2a9bf490cb44c282ef0652b98ef89c3bf2970044ba963975f47f3adb3f5d699
data/raw/doclaynet_hard_negatives/doclaynet_train_c488f4488232530e7b63.png,train,doclaynet:PLAW-117publ12.pdf,3,narrative_document,0,doclaynet,laws_and_regulations,us_laws,PLAW-117publ12.pdf,0,5ae5791834033439c1b81c4dd9b1765522fcd160188f9eb9d42402f096deb706.png,c2dc600f15411b0d360df82c01b8e037b82e6d2ce3f28adc38c0db1709be4cee
data/raw/doclaynet_hard_negatives/doclaynet_train_9344bc55475d8fa93be3.png,train,doclaynet:uksi_20210521_en.pdf,3,narrative_document,0,doclaynet,laws_and_regulations,gb_laws,uksi_20210521_en.pdf,2,f6e8e07958333c18acabf061803d7402060feb9c2c44bb2e61a70d2e2634bb1e.png,77d3651230a4e78aea101e67c4856c9a8b9b023acdf06d2ca120fa31c71d86db
data/raw/doclaynet_hard_negatives/doclaynet_train_b242b0e1e32d457f16d4.png,train,doclaynet:uksi_20200145_en.pdf,3,narrative_document,0,doclaynet,laws_and_regulations,gb_laws,uksi_20200145_en.pdf,0,1f83cbf44aad32a212fa4c994d683ffd95c6a3e4d94d6b45082741d003ca8df2.png,dcdf14374ee2d13f5d8a93e5d6bdaa13f1a6d30bbb00662bb9ec3ee9f02eda06
data/raw/doclaynet_hard_negatives/doclaynet_train_633b72ba8307d9384877.png,train,doclaynet:FinRVV.pdf,3,narrative_document,0,doclaynet,laws_and_regulations,german_laws,FinRVV.pdf,0,293d7365d723695b1a0f61348db0e99cf6956f66d966ee201c5893a86b0b4ab4.png,f175f7001010103b774125b21478d27fcda00d55b39ca219539773c08771d2e8
data/raw/doclaynet_hard_negatives/doclaynet_train_42c78f850a323be69a73.png,train,doclaynet:FKAustG.pdf,3,narrative_document,0,doclaynet,laws_and_regulations,german_laws,FKAustG.pdf,12,ffcb0fe9f5f9de1a2196bec95b32eed7cf55c47f4d63e61c57a172c42a00bc2d.png,eb421e4e40463e6d16b3dcb5ff9888db23bc1a274f9c457a33b9b161601ef629
data/raw/doclaynet_hard_negatives/doclaynet_train_99e67ed58d9460a78808.png,train,doclaynet:FlugBelWertV.pdf,3,narrative_document,0,doclaynet,laws_and_regulations,german_laws,FlugBelWertV.pdf,0,fd64286470e40786ced2f36364aaddc56f40215591eb717ee690f21807437fae.png,8692a5eee6ccd66c686451b270ecfb85b90ebeaa4f6b8e2ebf59591cd9975d20
data/raw/doclaynet_hard_negatives/doclaynet_train_d3ba0f0c1037dd2223e1.png,train,doclaynet:uksi_20210514_en.pdf,3,narrative_document,0,doclaynet,laws_and_regulations,gb_laws,uksi_20210514_en.pdf,1,afe199ba6ce6c939f9a8f1c03b8a8fd69d642f8b3b0be28332028e5842b57e34.png,d3dd550a9b58cd85ce553ffeded08ee364b375a6287dd6011c13f2261691c3e1
data/raw/doclaynet_hard_negatives/doclaynet_train_a1b8ef56defff8ef2502.png,train,doclaynet:uksi_20210523_en.pdf,3,narrative_document,0,doclaynet,laws_and_regulations,gb_laws,uksi_20210523_en.pdf,0,d86e121e5c3105ecdc6021fd3c79dde762b6690ea9433dcbbef7a84ebfcd71c3.png,ef86924ee08fc77e7ff2165568673afa20f6af73abb4cb23be83a7099c7dfdda
data/raw/doclaynet_hard_negatives/doclaynet_train_68916baff354688894d5.png,train,doclaynet:FrHfGrDEGV_2.pdf,3,narrative_document,0,doclaynet,laws_and_regulations,german_laws,FrHfGrDEGV_2.pdf,0,24ed02f001347d73d3f6cb8a903be4c3badaf40e93546e1013e160c754b533c8.png,99945f3a058adab87543a8e166637995fc6cb62e196bbdad65bf9fa8b7c37c45
data/raw/doclaynet_hard_negatives/doclaynet_train_a337bf5c3287cfa86aed.png,train,doclaynet:FGG-RG.pdf,3,narrative_document,0,doclaynet,laws_and_regulations,german_laws,FGG-RG.pdf,0,9dd19cee6269de90ab1d1bbf93838d117b9d3770aa968ad7405263324891a274.png,c6f6fc19d8fc7acef6ec016213ba25064b62f85a467f96866fc7fb018cbfe857
data/raw/doclaynet_hard_negatives/doclaynet_train_afde209ac297c23ea715.png,train,doclaynet:uksi_20200401_en.pdf,3,narrative_document,0,doclaynet,laws_and_regulations,gb_laws,uksi_20200401_en.pdf,0,9ef5f159c6e3fb4182db0784aa2aa6be57c5d4193adb5cc4dfc58ecc4b615082.png,e7e0cf405a4eed298d16bd14a1456c36164c3aff865b0833c6c8863950df8de1
data/raw/doclaynet_hard_negatives/doclaynet_train_19d3a5c8657a198f250b.png,train,doclaynet:uksi_20200418_en.pdf,3,narrative_document,0,doclaynet,laws_and_regulations,gb_laws,uksi_20200418_en.pdf,0,977fa30aac8b8241bceee9ff5edb2432ce30dc08b69d0147460750fb859e370a.png,46f0e332722473287eafa49611dfa3b17ead45c0db35cbf1de9175ddea0914af
data/raw/doclaynet_hard_negatives/doclaynet_train_1bcf05dd43174a800416.png,train,doclaynet:s55Bc002600802en6.0_h30C332.pdf,3,narrative_document,0,doclaynet,laws_and_regulations,japanese_laws,s55Bc002600802en6.0_h30C332.pdf,52,fcc536e303ed721350221f90c906905a49948ed592c2a2db97ecc3f4d0f7696e.png,7558f7f8519118b0e6334a1c72f3a3f53a61edef7456461ea3665ae568d5d2ce
data/raw/doclaynet_hard_negatives/doclaynet_train_47e193421cd6a46fd746.png,train,doclaynet:risk_management_hb_change_1.pdf,3,narrative_document,0,doclaynet,laws_and_regulations,faa_regulations,risk_management_hb_change_1.pdf,92,47c4946c912d39e5eaa595ca4835623170123ef280080539bf3868d0469196c9.png,11ea15e73736922a45e68b6850b3887a85e48c212a3312adaba1083b1ecf0c89
data/raw/doclaynet_hard_negatives/doclaynet_train_ae793eb7c129c950eddc.png,train,doclaynet:uksi_20200472_en.pdf,3,narrative_document,0,doclaynet,laws_and_regulations,gb_laws,uksi_20200472_en.pdf,1,b8c27297e6cdc111f438974d79c62a03a0aefbee497371be7ae7cc4230323fad.png,f2a70c14dd27906621ca2339b7c98676ef8f0b5a246718d6310c273a646bdb7d
data/raw/doclaynet_hard_negatives/doclaynet_train_c1bed44e146289fdc28f.png,train,doclaynet:FMVtr_1982.pdf,3,narrative_document,0,doclaynet,laws_and_regulations,german_laws,FMVtr_1982.pdf,0,643e07ba59c354547b0c9d7baaeb6fe9fa20e6d76ccb6d59b3997414f2ac92f5.png,b6023cdf0f4707313d1486dcd61d61ede55f2aecb18a71f9b3471b043b7ab094
data/raw/doclaynet_hard_negatives/doclaynet_train_a95425b01da475942341.png,train,doclaynet:PLAW-117publ7.pdf,3,narrative_document,0,doclaynet,laws_and_regulations,us_laws,PLAW-117publ7.pdf,0,2e53ef72461a4c1798ed2f1eeb75036e2fe8774161849a58f7ee0710297e8c51.png,7e48c4cbcd36748c1788e49c6057a5e636780aa42d93568a5d4653cd0d67f031
data/raw/doclaynet_hard_negatives/doclaynet_train_1d0619e137929c96188f.png,train,doclaynet:uksi_20210517_en.pdf,3,narrative_document,0,doclaynet,laws_and_regulations,gb_laws,uksi_20210517_en.pdf,0,494c2fc5c2ea65e8fa9a27f73428fd180b33a3b00e83ae82c2c5e172a3953bdb.png,2c80e6835283d4c5fca57a265c33aeb9acd2978dabde64601986f37c51a2511e
data/raw/doclaynet_hard_negatives/doclaynet_train_83439614e7d0a1b45bba.png,train,doclaynet:uksi_20200409_en.pdf,3,narrative_document,0,doclaynet,laws_and_regulations,gb_laws,uksi_20200409_en.pdf,1,c0f5b6402403a3f28e26d1688972c8caa29119e0972ade587cae9fd925e5c068.png,a4ce05493dc7b7a423f0bd0dc503ec69b191a8d792ebc673b56c9c2088050936
data/raw/doclaynet_hard_negatives/doclaynet_train_e56f09db6d4a2f49f3a7.png,train,doclaynet:uksi_20200134_en.pdf,3,narrative_document,0,doclaynet,laws_and_regulations,gb_laws,uksi_20200134_en.pdf,0,aa42f30b75363e47a272f66fe6bbab3de8646e74e36ccdfb1dd1834ca19dc4d1.png,87e006c669459af40af8e007c032216836d4d6056fc80588d6f6942070b084d8
data/raw/doclaynet_hard_negatives/doclaynet_train_ee0fa109a50928680ff6.png,train,doclaynet:uksi_20210553_en.pdf,3,narrative_document,0,doclaynet,laws_and_regulations,gb_laws,uksi_20210553_en.pdf,1,8ab93497012e1b17b387c34ee53f0554e876a0cfe036d8f4c3929c10846b5c2a.png,b35807a8320f60ce56ad0aa58ea5839371a0f5e6303788a6e08c017504508b81
data/raw/doclaynet_hard_negatives/doclaynet_train_cad16b285bc5f3ca42ec.png,train,doclaynet:FahrschAusbO_2012.pdf,3,narrative_document,0,doclaynet,laws_and_regulations,german_laws,FahrschAusbO_2012.pdf,26,5189c9bc5fd9a099743e6020405f91b102c7840d71a2d2493d0945920d6ca0f4.png,e2154c97c1024316ffa1eb70a0410b9cfcdbe39f0d29fa6cecddadb731dc6ba8
data/raw/doclaynet_hard_negatives/doclaynet_train_0a82939d09039bbde8b8.png,train,doclaynet:FachbauTischlPrV.pdf,3,narrative_document,0,doclaynet,laws_and_regulations,german_laws,FachbauTischlPrV.pdf,0,fa88af3a306b6d22411c24c648195026aeb71d0c7958c90cda5f2150ba09dff3.png,802e4de52c61ea44b92b2ad8eba972b93eb39ab4c017449c2182ed9ba0f03b62
data/raw/doclaynet_hard_negatives/doclaynet_train_baeaa390dcf577401702.png,train,doclaynet:PLAW-116publ26.pdf,3,narrative_document,0,doclaynet,laws_and_regulations,us_laws,PLAW-116publ26.pdf,9,a620afc2489d122befb66340b6920fedeac070a63b3a1837071d4dc7c0ac32af.png,abd1e9471125926d16d0a32b1dab35382f4ba64fc48d8a92ef4325e97a290681
data/raw/doclaynet_hard_negatives/doclaynet_train_1043d33e71976dd88767.png,train,doclaynet:uksi_20200156_en.pdf,3,narrative_document,0,doclaynet,laws_and_regulations,gb_laws,uksi_20200156_en.pdf,16,5d7d4aaf53af592d9433a6a70a2fb0686e2c7990ed9d2b58c2901920a606d10b.png,5d8d360fff5e1f64269fb2004cbfda2867fd1adfb237c33b0ed86c343a561bd7
data/raw/doclaynet_hard_negatives/doclaynet_train_3dbbbbce1afa783add06.png,train,doclaynet:CONTROL OF FOOT AND MOUTH_0.pdf,3,narrative_document,0,doclaynet,laws_and_regulations,botswana_laws,CONTROL OF FOOT AND MOUTH_0.pdf,26,e312a638735a8edaf84841b575d99c2babc764bc0cd1521f39e5bc8d885b9384.png,29acce9b9d4f44fee92ddcfd01da59667dc31f9f65da9655669278bd61e597c2
data/raw/doclaynet_hard_negatives/doclaynet_train_2dc6873744044bfbe246.png,train,doclaynet:ForstWiMeistPrV.pdf,3,narrative_document,0,doclaynet,laws_and_regulations,german_laws,ForstWiMeistPrV.pdf,2,4bbc9423216a1ea7e30a48b104c96a65013433050c80b2347d3767bda4dcdd8d.png,7f94c87494c0819b44d268fb648413d42c9233f4014bef19593c7dc87f5b1356
data/raw/doclaynet_hard_negatives/doclaynet_train_5dfb4a1983a0af3c8f07.png,train,doclaynet:uksi_20200480_en.pdf,3,narrative_document,0,doclaynet,laws_and_regulations,gb_laws,uksi_20200480_en.pdf,0,50cce83067d1e747eb97977ffb3c650314386393f5887fb442ed3c03f6979f80.png,660edcc08daef0f1b342ea8fe4d93c809b65a215dfe236fc0b321f5cb4b7bfb1
data/raw/doclaynet_hard_negatives/doclaynet_train_168c18180ef8c29d4da8.png,train,doclaynet:FeinOAusbV.pdf,3,narrative_document,0,doclaynet,laws_and_regulations,german_laws,FeinOAusbV.pdf,10,ea35ea63cab2279cdd185c3e81575c5780faf3cddecf3902d843f903bb58aa78.png,cc8b3568d4484d6dab06b98b7f72c71245364802a5e3072e33ef9d4bb005f763
data/raw/doclaynet_hard_negatives/doclaynet_train_0192d2489b6c5f88ba09.png,train,doclaynet:ForumRG.pdf,3,narrative_document,0,doclaynet,laws_and_regulations,german_laws,ForumRG.pdf,0,b73993bf64ba03f1f9b814df8c9a2f8dcf5284b749059e76209e4c8e9b7b886e.png,ce19562799d5cb3a091b913fd1a8b8273e62a505001133a7c847077fbf77a302
data/raw/doclaynet_hard_negatives/doclaynet_train_f38adb971cc237d52070.png,train,doclaynet:uksi_20210592_en.pdf,3,narrative_document,0,doclaynet,laws_and_regulations,gb_laws,uksi_20210592_en.pdf,5,c356ed51c209e304f57e95d17380a7d0e6f8e0d6220c66a21a30e23775e18340.png,b1f7e6995fe0a8bf709c5c3a44b07efb31ad3edaefab85fcabea5b1bbadd3e08
data/raw/doclaynet_hard_negatives/doclaynet_train_29e4b7e220ea0687109c.png,train,doclaynet:h15Coi00050102en14.0_r01O5.pdf,3,narrative_document,0,doclaynet,laws_and_regulations,japanese_laws,h15Coi00050102en14.0_r01O5.pdf,4,21bce257481813228af4626f95c20e1e1af3ac9ca64f713393b2b2f39efa8aa7.png,5273cdf89353c8a0b510069bfb97d7b4599cab70159eb6765b7e20b17a9e3527
data/raw/doclaynet_hard_negatives/doclaynet_train_4e04e93f9a742944faed.png,train,doclaynet:uksi_20210503_en.pdf,3,narrative_document,0,doclaynet,laws_and_regulations,gb_laws,uksi_20210503_en.pdf,0,a241ceb60d829d3f4fac2b91cb45ffe4033a5ad3ccdd44f4b5c126b2d08edb31.png,88a74850ce3859a307b90e044e03ec76ebc0718c3942a99730a67b8a92aa99de
data/raw/doclaynet_hard_negatives/doclaynet_train_336d8b0025325a37cadc.png,train,doclaynet:204_lbrrts_2002_anquanshengchanfa_20150303_chl_cec.pdf,3,narrative_document,0,doclaynet,laws_and_regulations,chinese_laws,204_lbrrts_2002_anquanshengchanfa_20150303_chl_cec.pdf,20,b1ae4e159fb1d13ae7b58d45ba2b418a814cd53a16302e58b23d8102a82a4daf.png,b803c2dd6098f9bb48243eae896ccecb4f5338ecb857ef3643bb01dbc0a44ecf
data/raw/doclaynet_hard_negatives/doclaynet_train_8ef790f9acbabf85ec52.png,train,doclaynet:FlugMechAusbV_2013.pdf,3,narrative_document,0,doclaynet,laws_and_regulations,german_laws,FlugMechAusbV_2013.pdf,47,e94c1474e56490ff0e5c3a183693e34c620a7682ee3c4ebd9c72d18bb1c093d0.png,823d02572de1759454e74cc78beb03ca8a79960214d16726934660facf1dc179
data/raw/doclaynet_hard_negatives/doclaynet_train_6fd60a213f56d495c712.png,train,doclaynet:faa-h-8083-23-1.pdf,3,narrative_document,0,doclaynet,laws_and_regulations,faa_regulations,faa-h-8083-23-1.pdf,12,1539f90811bedf79cde33c1be0be3647423577adf720583cba7211225a4b5add.png,bc044959caff2321e6c778d5a74422a67bbe70dec3b77f3475d827c484e1b262
data/raw/doclaynet_hard_negatives/doclaynet_train_0db18008de0b03de56c3.png,train,doclaynet:FAnpG.pdf,3,narrative_document,0,doclaynet,laws_and_regulations,german_laws,FAnpG.pdf,0,f6701f4148263a549b115a787ee40a082e5034b5898687535a78d544aa462fdd.png,d1208c84e48aca02a8c7b8b50d66344df2ff0fc3dd0bbad111397318bc922889
data/raw/doclaynet_hard_negatives/doclaynet_train_af41aa3a2c69b0545559.png,train,doclaynet:uksi_20200132_en.pdf,3,narrative_document,0,doclaynet,laws_and_regulations,gb_laws,uksi_20200132_en.pdf,2,88d1f9f0836fc45a596c97953c5aeda90ed28ebb3ffb5caef1187a68483f0f2c.png,1bc0ba023be58dfecf6cbe0afff37bc5f590407fe07cdb4d65dcb7a7b03d2b31
data/raw/doclaynet_hard_negatives/doclaynet_train_84565f8c3c52c5d0da69.png,train,doclaynet:uksi_20200194_en.pdf,3,narrative_document,0,doclaynet,laws_and_regulations,gb_laws,uksi_20200194_en.pdf,1,72f1068a4cce662b5230b15983c85f00879f4cbd2597ce98dc2dcec00ba701ef.png,9f2c83d4f293e4723ac049f0737bc76cfec0b0af4051c585adcb7f25e640d8a2
data/raw/doclaynet_hard_negatives/doclaynet_train_9f2cea9c2eb64636d756.png,train,doclaynet:s49Bc000480302je7.0_h29C40.pdf,3,narrative_document,0,doclaynet,laws_and_regulations,japanese_laws,s49Bc000480302je7.0_h29C40.pdf,4,e1a2b3b1f06a9a0b4a34f64b67bab6d4f3bd713a149c7396048efceb0f6099b8.png,01bb6e263bc97c8f5395c84b9635e6a6e6ac309b28519fbba7ed711a2ab56b76
data/raw/doclaynet_hard_negatives/doclaynet_train_c0037c65f5949f6d403b.png,train,doclaynet:FRG.pdf,3,narrative_document,0,doclaynet,laws_and_regulations,german_laws,FRG.pdf,22,d18d6f567d5496cdb2f8fed87897c9334ad157ebb03c925ad3ffe0239a01aeeb.png,aea8db56623d723ff786adf6b6c95f65bd079c3f2d563c26196d09f41bf2e2d5
data/raw/doclaynet_hard_negatives/doclaynet_train_916ed2ae950577b07735.png,train,doclaynet:FluSiGebVbg.pdf,3,narrative_document,0,doclaynet,laws_and_regulations,german_laws,FluSiGebVbg.pdf,0,efd1ad680807a25f1d29acd67bed7c9ff7da8be52cd55ae58a4c7ea96746cf24.png,9c3a3f3f2250d5b197030fc1e2bca16d515a4826873b17b3d0d1a2d1f052c9e0
data/raw/doclaynet_hard_negatives/doclaynet_train_ec3ba6542d576f9c9af4.png,train,doclaynet:uksi_20200463_en.pdf,3,narrative_document,0,doclaynet,laws_and_regulations,gb_laws,uksi_20200463_en.pdf,1,2f66526ce00c9ba357892f23950db5b34485c912696f0d438f405e0e65fd29c3.png,67d369fd53e712371d42a825095ead6765094f668c26e612b81de21d5af8df20
data/raw/doclaynet_hard_negatives/doclaynet_train_c9d93ed8a4b7d6425812.png,train,doclaynet:FinVermStVtr.pdf,3,narrative_document,0,doclaynet,laws_and_regulations,german_laws,FinVermStVtr.pdf,0,e30669b25f23db7c1ed2f15b1ccfffb40c5679b4211835e85a53f8c2b31e4716.png,886ffa30b74cdd83611e53cdcd3fae64996ebb4e8ee9b0f25ce838c19fc9498d
data/raw/doclaynet_hard_negatives/doclaynet_train_2309eb0ba266811d5718.png,train,doclaynet:uksi_20210530_en.pdf,3,narrative_document,0,doclaynet,laws_and_regulations,gb_laws,uksi_20210530_en.pdf,0,63dd419b309c08c9acd759580d68a59dcf3e799c832dc66639686e4f556c125c.png,e79eb2a664f4fd15792f771984fa19bb4d0179893975a79eaf4cdab7fe41a240
data/raw/doclaynet_hard_negatives/doclaynet_train_dc7a7e666d38515d93aa.png,train,doclaynet:FischRDV_1998.pdf,3,narrative_document,0,doclaynet,laws_and_regulations,german_laws,FischRDV_1998.pdf,5,9d8a2e29d423a6468f5f606ab898dd8bd6ab831ab31e871f0d716e436188ee2c.png,1699b99c295d35c3af9d9ed014652f62bdcc7122ed013e286938c7c262977215
data/raw/doclaynet_hard_negatives/doclaynet_train_d2a05807ca219471e710.png,train,doclaynet:s49Bc000480302en7.0_h29C40.pdf,3,narrative_document,0,doclaynet,laws_and_regulations,japanese_laws,s49Bc000480302en7.0_h29C40.pdf,7,2e687c787f163d0202ceda562c5cef5505459a66f5ea1172c45789e03a26475b.png,79152ae215ab0b4ddbfa819afccec98f21641d95bd224b9eecb102db659f71ec
data/raw/doclaynet_hard_negatives/doclaynet_train_926233b0cbe9ea24043b.png,train,doclaynet:h26Aa001030102en14.0_h30A95.pdf,3,narrative_document,0,doclaynet,laws_and_regulations,japanese_laws,h26Aa001030102en14.0_h30A95.pdf,11,c911a6eae4bad7771a2e0612ec057477500b979d6d71764ca86c7c5a6622dcc7.png,4789e5a7a7be5cb19398378ff7833db3c6a5ce8d5329fc5dc79b946156e3329a
data/raw/doclaynet_hard_negatives/doclaynet_train_c5dc5b2d724deb8d11ae.png,train,doclaynet:uksi_20210557_en.pdf,3,narrative_document,0,doclaynet,laws_and_regulations,gb_laws,uksi_20210557_en.pdf,13,2219e63517fc9d113f56cb07793b2883de31c85a7aa666a0e5e3f0227dee8f67.png,dab61818e66b911ee5900bdd4596fe3c348d5f06f547caf5056a007664f41782
data/raw/doclaynet_hard_negatives/doclaynet_train_0f82839ea5796c2f1b60.png,train,doclaynet:uksi_20210572_en.pdf,3,narrative_document,0,doclaynet,laws_and_regulations,gb_laws,uksi_20210572_en.pdf,3,6cc9ab9d525bdcd7e39875db58aa0af487df9061e7c11a755a1ce8854f698335.png,f72be7942fc5f8c8f3aa7962dafed7a7eba80b874b1e487788bc6ae7d3459b8c
data/raw/doclaynet_hard_negatives/doclaynet_train_c04fd881e5fcc4b81cef.png,train,doclaynet:uksi_20210548_en.pdf,3,narrative_document,0,doclaynet,laws_and_regulations,gb_laws,uksi_20210548_en.pdf,3,665ae0ebe6227ca08d40dfa2f93d318d8c746b3ff92c24540fdf9f945d0fc40c.png,caf671bc711205943f5dfe863d141366e6ec340891d19228610d772709e68c3e
data/raw/doclaynet_hard_negatives/doclaynet_train_84e6cc9f7a7809686edd.png,train,doclaynet:Air_Quality_Handbook_Appendices.pdf,3,narrative_document,0,doclaynet,laws_and_regulations,faa_regulations,Air_Quality_Handbook_Appendices.pdf,124,ecb05e827ab6e78e125eb25a13e0d139e1675b5e785e2c5f2d08889c0d17a5a0.png,92c776bb1797e74ddc3fdb4579804025f5c21ada16a5b937b42e56e9bd70f3c2
data/raw/doclaynet_hard_negatives/doclaynet_train_218f853309570a42a3dd.png,train,doclaynet:Friseur-MstrV.pdf,3,narrative_document,0,doclaynet,laws_and_regulations,german_laws,Friseur-MstrV.pdf,3,6bb2a96c4848fb21fee771ce62e8fd415aba6d82454feda885c8cfcc36d5dee2.png,280175362500469d03e570b485ab038fd7471bde5aa5da8a5812f1dc11aee183
data/raw/doclaynet_hard_negatives/doclaynet_train_a87edcfd819988a896f0.png,train,doclaynet:uksi_20200403_en.pdf,3,narrative_document,0,doclaynet,laws_and_regulations,gb_laws,uksi_20200403_en.pdf,0,13e61b342d5aef30bde90ae30d148b5f315148d71353e8a91a4aea4438541b37.png,dacbaba9aef1c3235a3b8516e73a823eabcf78053d50be1e4f0ff53ef8f0fc31
data/raw/doclaynet_hard_negatives/doclaynet_train_b82fb2513cb08e22f37d.png,train,doclaynet:uksi_20200151_en.pdf,3,narrative_document,0,doclaynet,laws_and_regulations,gb_laws,uksi_20200151_en.pdf,0,2274ad147c9c2909054ca903eac32832a281857de8689e98f2bfe36fbe5f2dff.png,671056be4b0b61bc738e4b51d68ed9e7798f9801231e4ef0be88b78de7825782
data/raw/doclaynet_hard_negatives/doclaynet_train_cbdb379d88702731e451.png,train,doclaynet:uksi_20200405_en.pdf,3,narrative_document,0,doclaynet,laws_and_regulations,gb_laws,uksi_20200405_en.pdf,0,d4e8c2f4d23d54923bbf364c42d8a77c86d19dba279812d421154d29bfb4751f.png,b2513567eab1df5941bf89c9d021abc8af152c787c2fbcca68f35d6189d765c6
data/raw/doclaynet_hard_negatives/doclaynet_train_4e8a91e886ac1885348d.png,train,doclaynet:PLAW-116publ23.pdf,3,narrative_document,0,doclaynet,laws_and_regulations,us_laws,PLAW-116publ23.pdf,0,49d97d228bf53cf3404bb9be7fe83fea161abbaaf30a1e3586a7182e54a77656.png,6b78b438e217231ad88cb74d75245b485a81dd959b4d5170c96e59f9d8ca9360
data/raw/doclaynet_hard_negatives/doclaynet_train_d30bfa5a8933e825e80e.png,train,doclaynet:FZulGAnwBek.pdf,3,narrative_document,0,doclaynet,laws_and_regulations,german_laws,FZulGAnwBek.pdf,0,4fccb40d307df52ddc84bc34198380d8aa24f4d6f7c38a7c1edb772d7e389613.png,53f2fdb0872a204d9b9d3526f080001f19e42c63a79fbdc792af335cbb29dd0d
data/raw/doclaynet_hard_negatives/doclaynet_train_5fd41f2ccd4874a8f914.png,train,doclaynet:uksi_20200490_en.pdf,3,narrative_document,0,doclaynet,laws_and_regulations,gb_laws,uksi_20200490_en.pdf,0,ab3afb3a6ca47866dfedabaef50dd8d6003f033934ea4b7af9c5cd828ffa9af7.png,1ebb7671e53e6929ea6ad290fad92f47537fa1f03222a991ae8a97b49594de73
data/raw/doclaynet_hard_negatives/doclaynet_train_5f26e63687b1d1ad9c22.png,train,doclaynet:FlG.pdf,3,narrative_document,0,doclaynet,laws_and_regulations,german_laws,FlG.pdf,0,43eedea68bc2d37dc7f2ea01892e99844d47304baea47d57b77611ded26e1f42.png,461252673a004328c59fa9b90bdb09574221ce07643ea46d21565b9df6e5c46d
data/raw/doclaynet_hard_negatives/doclaynet_train_adb6c01ca172af0f5861.png,train,doclaynet:FahrzIAAusbV.pdf,3,narrative_document,0,doclaynet,laws_and_regulations,german_laws,FahrzIAAusbV.pdf,5,7d4cba271f6a4220d74cd1769a5e7fab8cd0a851a739283215f3f7b732f72b09.png,3de514b9311d47389d731ebaab2671cf0a2b05047f875baaef567273d091079d
data/raw/doclaynet_hard_negatives/doclaynet_train_c5271090a930304144c9.png,train,doclaynet:uksi_20210541_en.pdf,3,narrative_document,0,doclaynet,laws_and_regulations,gb_laws,uksi_20210541_en.pdf,2,d2d0db41d20471e47f2c444519ce6c9a34eeac4e75d4c5ec252d4cb4dfe512b2.png,77d3651230a4e78aea101e67c4856c9a8b9b023acdf06d2ca120fa31c71d86db
data/raw/doclaynet_hard_negatives/doclaynet_train_ea940b20dff5c965b713.png,train,doclaynet:uksi_20200114_en.pdf,3,narrative_document,0,doclaynet,laws_and_regulations,gb_laws,uksi_20200114_en.pdf,87,300c73f2f94c4c0a46482c01a458c7554865d04c960050279de223e46f9e740d.png,7337a993e8a3a610a7e34cad2ed37d77fb53abd1bb3c3ac81598c7f672904c68
data/raw/doclaynet_hard_negatives/doclaynet_train_9bfee3d30b2c56d32ead.png,train,doclaynet:uksi_20210543_en.pdf,3,narrative_document,0,doclaynet,laws_and_regulations,gb_laws,uksi_20210543_en.pdf,2,3490a28637973b3c8b52fbe0e662909e2c5380f5cdd82c31de73069696b85c86.png,0b253c48e80423548818739c36d5c72ab8215caed96fe94921ec07fb802aaf4d
data/raw/doclaynet_hard_negatives/doclaynet_train_fa815ee199eefc80e73a.png,train,doclaynet:FinBerG_DDR.pdf,3,narrative_document,0,doclaynet,laws_and_regulations,german_laws,FinBerG_DDR.pdf,0,cf0aa01678da1a0dbf0fb3bbd94069dfa4653952de892a8a81141cb1d995365a.png,321fd0e60e620fd3d5f33d084d68219335b44413f71a1977aec61ec5497a8eb2
data/raw/doclaynet_hard_negatives/doclaynet_train_a7f68f2db17a4e83f569.png,train,doclaynet:uksi_20200436_en.pdf,3,narrative_document,0,doclaynet,laws_and_regulations,gb_laws,uksi_20200436_en.pdf,0,d3ca2eb6505cfb35ce3233a783a5e2d3504271c3966dce95a00d6f8900f600c4.png,c2fd1305d7e0b393f73c19f541485da26c53e3f1296d0ddc44fa5eb8907676a4
data/raw/doclaynet_hard_negatives/doclaynet_train_cb3bcb353bccaa2dea96.png,train,doclaynet:FMVtr_1965.pdf,3,narrative_document,0,doclaynet,laws_and_regulations,german_laws,FMVtr_1965.pdf,0,196a9263771c38cb3eb5abc6d2f1e13d8de910d5dd499cf2297c50c696c81985.png,bff951efa31adf11df949722c61202adf051c70873dc792a37c1d2a9d8c0b5c6
data/raw/doclaynet_hard_negatives/doclaynet_train_01aed2350c7b6d3e4d1f.png,train,doclaynet:FoVHgV.pdf,3,narrative_document,0,doclaynet,laws_and_regulations,german_laws,FoVHgV.pdf,1,a8d6cdb1b89b33d45fb935b8e30b28f34d35897d46f8b48ad2f0c72fc75ce6df.png,04e5a4aeb8219d43103b999d7ffe8fcf44e6c5a6a8829915de44720fd60ceb33
data/raw/doclaynet_hard_negatives/doclaynet_train_1206624cbe2d98e72e80.png,train,doclaynet:uksi_20210555_en.pdf,3,narrative_document,0,doclaynet,laws_and_regulations,gb_laws,uksi_20210555_en.pdf,0,1f0f1d967b46f830cd089ffc1eb008f6246c73828070e956b147308a34d9394f.png,ec9a1094a5f25eaeefe0636674c278dfc4cc01b7c3f09c891de1eeeb87fd124e
data/raw/doclaynet_hard_negatives/doclaynet_train_fd169e5d659ca28ce722.png,train,doclaynet:PLAW-116publ40.pdf,3,narrative_document,0,doclaynet,laws_and_regulations,us_laws,PLAW-116publ40.pdf,0,623b8caf42ac6093e638d6afada3824373136c2051ff83652dce85ed92d7fa27.png,4822bada143aef868fe0dee298e345aa8a3a741158deb59fb1de904ceb411e99
data/raw/doclaynet_hard_negatives/doclaynet_train_0dc4da5f92ffea569231.png,train,doclaynet:PLAW-117publ5.pdf,3,narrative_document,0,doclaynet,laws_and_regulations,us_laws,PLAW-117publ5.pdf,0,b4904b7176b5995ca55421abdbd28f695cbebee2adde627f4f595fde0bd75b59.png,8d2f4d4f9f85eef438092d567004746c2dfc72d795386b9d1df15a4d74b1f6fc
data/raw/doclaynet_hard_negatives/doclaynet_train_6c59b56df96b50fb46dd.png,train,doclaynet:FuttMV_1981.pdf,3,narrative_document,0,doclaynet,laws_and_regulations,german_laws,FuttMV_1981.pdf,8,6458513651c09b20aca71e659f26911799e6bc3905358cef246787b2693c4d2e.png,81a0068ebb6780dac125e40d0006f1d1bddb775c6d2b170fced5e15a5bfc960b
data/raw/doclaynet_hard_negatives/doclaynet_train_5fdc6c840a1d508969f4.png,train,doclaynet:FMVtr1965G.pdf,3,narrative_document,0,doclaynet,laws_and_regulations,german_laws,FMVtr1965G.pdf,0,22e9b14075612c87fafe285ca2da8bc392b76810a21d6b096f87566ae7cec634.png,9750232f5e12e7f0cebfac0231abcc720cf6cb41deca50e1d6f7825544b21ce7
data/raw/doclaynet_hard_negatives/doclaynet_train_fcbbd1b99d6a019ea828.png,train,doclaynet:uksi_20200168_en.pdf,3,narrative_document,0,doclaynet,laws_and_regulations,gb_laws,uksi_20200168_en.pdf,4,479a14fc7a4864972f50075f008a4cd03456f49de9b70ed0404dad2b953412f8.png,4db06ad09ad477acdff1800361fd2d46cd0c882364d8f948b020dbc46b6b9e36
data/raw/doclaynet_hard_negatives/doclaynet_train_43be40a5427f9c3e963c.png,train,doclaynet:uksi_20200408_en.pdf,3,narrative_document,0,doclaynet,laws_and_regulations,gb_laws,uksi_20200408_en.pdf,0,0e613c771a586f76f0ff05c1aaf5ae08469d7135720f2cb593ce3aa2c4ee9556.png,4d60a5e904caeda454b0bcff48093c423832d0fa95a4e75e6f053a02b2c77f89
data/raw/doclaynet_hard_negatives/doclaynet_train_390d5231b7c85097b2d5.png,train,doclaynet:FahrlG.pdf,3,narrative_document,0,doclaynet,laws_and_regulations,german_laws,FahrlG.pdf,11,cc743f6e143b7ad9c71399ce6934832f75854de4f14a09afa53c7afed7e1a5ee.png,c444ffc909d45ff47d4836355567ee7b43bc42603b8d373e6edeb171169f8c14
data/raw/doclaynet_hard_negatives/doclaynet_train_3867ef0d4e856d7159ad.png,train,doclaynet:uksi_20200139_en.pdf,3,narrative_document,0,doclaynet,laws_and_regulations,gb_laws,uksi_20200139_en.pdf,2,4fa9bc3df21a925d735c72e30442e7c16e9bdfcfd1ff7803c73c5bec9ad62af8.png,9636a7c7721d261d05120270e3a6262e12b08ae19eafbdb631e820c9e60adf2b
data/raw/doclaynet_hard_negatives/doclaynet_train_bcfe31e7edf1c35fe07b.png,train,doclaynet:PLAW-116publ47.pdf,3,narrative_document,0,doclaynet,laws_and_regulations,us_laws,PLAW-116publ47.pdf,0,0cb695a783ef91fd8cb57d9828c06e89b463f5cc20ac237c516c60e266610cac.png,10b851a283a1e9f334d575cc362cce8dd2445469ee46275de28e4e443d78b909
data/raw/doclaynet_hard_negatives/doclaynet_train_c1e25d71cc90b7bff1eb.png,train,doclaynet:uksi_20200464_en.pdf,3,narrative_document,0,doclaynet,laws_and_regulations,gb_laws,uksi_20200464_en.pdf,3,9aaa2dbafc725571fa23447cf683d7e66706c23edd1a5b588dfc0d31997c9b06.png,9b272ad6d47b40655f306dfa5509b2114f936605f2c5b8f6eb3707b4ee12ec06
data/raw/doclaynet_hard_negatives/doclaynet_train_f7ec0dcf2b8f1ac3caa4.png,train,doclaynet:PLAW-116publ33.pdf,3,narrative_document,0,doclaynet,laws_and_regulations,us_laws,PLAW-116publ33.pdf,1,2b2e389f77d3e6ab259f6fde5263b7a0d9a33f6d4327f81587819df893a0ccf8.png,54c51ff270580f57e003b223db68b778839fe8da0edd9a673176724477e285fb
data/raw/doclaynet_hard_negatives/doclaynet_train_313a90386cd8d8147f63.png,train,doclaynet:uksi_20210558_en.pdf,3,narrative_document,0,doclaynet,laws_and_regulations,gb_laws,uksi_20210558_en.pdf,1,4e9c8cfb0ca21b556431bf87eb5ba553c7f6675ce184d7fd2da5e33b45a5e497.png,492d7101ff276601c3e550596cd6064c63ce86b706d3323eb2ee94936176c10d
data/raw/doclaynet_hard_negatives/doclaynet_train_a306b5ed73db9df2f327.png,train,doclaynet:FischwAusbStEignV.pdf,3,narrative_document,0,doclaynet,laws_and_regulations,german_laws,FischwAusbStEignV.pdf,0,61e18d4b0c5b8181f25c83e617ada9623bff3d07860382c7a933cc2d24ea1c3c.png,01cf8321de55035149d7febc78692058ae5dba011d3345392add302ecef63560
data/raw/doclaynet_hard_negatives/doclaynet_train_9580107123c53bdc3bd9.png,train,doclaynet:uksi_20210531_en.pdf,3,narrative_document,0,doclaynet,laws_and_regulations,gb_laws,uksi_20210531_en.pdf,0,6db7552259be4e683166e0ee27d17cfeebe6bc0f6b40f85e1b2fe09f1d09ba45.png,9495d5d96e62b1c86d14759fe5ecd52fb08c8b8da732e78b6ac763a084891151
data/raw/doclaynet_hard_negatives/doclaynet_train_5dcca15563b52d77c34f.png,train,doclaynet:uksi_20200117_en.pdf,3,narrative_document,0,doclaynet,laws_and_regulations,gb_laws,uksi_20200117_en.pdf,1,b3ad0f30b85d13e7b7a8713d3787cac1b60f078a86544b05b101e1895bbc15e0.png,c2045ea9267f2e73ff0fa4c2e0b5dd4ebc740bc18936c3f21e95f78b2bdaef2b
data/raw/doclaynet_hard_negatives/doclaynet_train_9ec57dd25068cf92b508.png,train,doclaynet:FPersG.pdf,3,narrative_document,0,doclaynet,laws_and_regulations,german_laws,FPersG.pdf,0,54a82204c88bf9589317d6f3b5815ffdf5332618faafe6c4b43653b25e36468d.png,f6a369ded4dd20277c2322988ae1e9ac950d83c77a82976ff07066c5f912fe7f
data/raw/doclaynet_hard_negatives/doclaynet_train_1ecdbdf3605f61a9ed13.png,train,doclaynet:FAA-H-8083-5.pdf,3,narrative_document,0,doclaynet,laws_and_regulations,faa_regulations,FAA-H-8083-5.pdf,36,ecfe5961c5299401c1ed1afc85903be8be85f8440a9664b18946509bd660062c.png,eb6ccca564e9a862d8b6875295f241ae5ea7438cd175b26baeae667667cd913f
data/raw/doclaynet_hard_negatives/doclaynet_train_e0a87f26b5d2e498274c.png,train,doclaynet:FlGGebV.pdf,3,narrative_document,0,doclaynet,laws_and_regulations,german_laws,FlGGebV.pdf,0,b314da095f66667eb476672959523a4877047f5a8a560d912796e0d2babaeb5b.png,c06117f348cb51827151fce5114615e90a9af5d2a4c83c52d5da0ad43c48ba28
data/raw/doclaynet_hard_negatives/doclaynet_train_71cd7f1513da7115b3ea.png,train,doclaynet:uksi_20200456_en.pdf,3,narrative_document,0,doclaynet,laws_and_regulations,gb_laws,uksi_20200456_en.pdf,3,7528d75073284d9cad60320512418eee9e4e35146663df2ceebf0087bf2a7ffb.png,6c344b400d85f15e2d7dc2dbcc1bb26e5f49c41f7fd69a2e93ff063da4ba3f82
data/raw/doclaynet_hard_negatives/doclaynet_train_2afbc9314bcecd34d830.png,train,doclaynet:FAA-H-8083-1.pdf,3,narrative_document,0,doclaynet,laws_and_regulations,faa_regulations,FAA-H-8083-1.pdf,8,5610a73f9a51aa07b74570570a14101793bdb62d2cb1c9b0673a3f3c5e0ab46d.png,708413d5a0b757cd15946c6e33800c4ca55967f8f565a061f486f44e49e7ca1e
data/raw/doclaynet_hard_negatives/doclaynet_train_59c1505242159791d92d.png,train,doclaynet:balloon_flying_hb_addendum.pdf,3,narrative_document,0,doclaynet,laws_and_regulations,faa_regulations,balloon_flying_hb_addendum.pdf,0,435ffe7e82118467be98a5be2ad1ccbc224122c4f77de8ddd9d7b7669390ec43.png,ccf5fe3c2bbcb0080683ca48ec4c2b9d00fc4d7fd9b4f09a96065d71d09dd0ee
data/raw/doclaynet_hard_negatives/doclaynet_train_0798dbb21deb81b2c427.png,train,doclaynet:FHBLeistBV.pdf,3,narrative_document,0,doclaynet,laws_and_regulations,german_laws,FHBLeistBV.pdf,0,3fc231731d5f14c613c3d4cad77a163a82ca7ddba01d9dbc6a17ed864f1046fb.png,8b8dacdf07c53bb2bb6ff5cb6b9480134d5bc9af7624141fc8be6082ba576635
data/raw/doclaynet_hard_negatives/doclaynet_train_917c1bdb05d7a4303459.png,train,doclaynet:uksi_20210599_en.pdf,3,narrative_document,0,doclaynet,laws_and_regulations,gb_laws,uksi_20210599_en.pdf,0,f5827872765df773541f377d0cad2cc776aaab318fcaa59475e62a794564e0bc.png,6c6e6785a543ed49d62eee633dd4b6df6455f6a18aaccfe17a7980baf5d713c3
data/raw/doclaynet_hard_negatives/doclaynet_train_de88690b26f563a498be.png,train,doclaynet:FlugDaG.pdf,3,narrative_document,0,doclaynet,laws_and_regulations,german_laws,FlugDaG.pdf,7,2d2d0d5896a484fcd92b0fb50e29fbaeb0f6d5cca5feed4cbf93c685d56f15ea.png,4b3aa19ce5ff07dae3701b5650df27d59269cceb2fecc03adfcc700ceba632f3
data/raw/doclaynet_hard_negatives/doclaynet_train_85635846709e24607aa3.png,train,doclaynet:FZV.pdf,3,narrative_document,0,doclaynet,laws_and_regulations,german_laws,FZV.pdf,20,d2e4a881178a7927d811bad3695c3343da3a4eba4cf1e326e1f7be76c92df8ca.png,66de8c74d11a4202d9890929b1ed06921d3bc21cd78fa43d40fd63346230def3
data/raw/doclaynet_hard_negatives/doclaynet_train_f4b488c8e34774dabecf.png,train,doclaynet:FleiMstrV.pdf,3,narrative_document,0,doclaynet,laws_and_regulations,german_laws,FleiMstrV.pdf,0,a4a600de9a58c13e5f7272c41679634c6406d3dae402cabd9613f12994706096.png,ae8c95f0f5b791d31aec79cf65dfe73b33c4deca5896433714badd0b8f09c1e2
data/raw/doclaynet_hard_negatives/doclaynet_train_ad100d1a7de586b1c9fb.png,train,doclaynet:FinAusglG2015DV_2.pdf,3,narrative_document,0,doclaynet,laws_and_regulations,german_laws,FinAusglG2015DV_2.pdf,1,8fca68562286e6e827b96b4f85ed48f57a48d72578fa71cd6d226c2c8deb186d.png,40ba911740bb825c55e2bc8da31049b66ffb14c3621d4d1f912a36943951dc62
data/raw/doclaynet_hard_negatives/doclaynet_train_27963ee3e45cf819f5b4.png,train,doclaynet:uksi_20200130_en.pdf,3,narrative_document,0,doclaynet,laws_and_regulations,gb_laws,uksi_20200130_en.pdf,3,d47a7269480b183081579ec66b296705ac6c2e675d1cdfb218be052392398121.png,7a1bbc3ea901fa81f189e060c53826afd0c1d6a0d746c54f8f7d20b18a1af0ac
data/raw/doclaynet_hard_negatives/doclaynet_train_0cbbe1c7038aa28c7956.png,train,doclaynet:uksi_20200483_en.pdf,3,narrative_document,0,doclaynet,laws_and_regulations,gb_laws,uksi_20200483_en.pdf,0,f17ce59dca1512d116509a4d9e870db888b64efded05bffb9dcbd9334d93a1fe.png,4b5332cebdba08441f23b56864061088f6e45a586284543730e90c36a09611f7
data/raw/doclaynet_hard_negatives/doclaynet_train_d5ab08de55e09fed175b.png,train,doclaynet:FWiStatV.pdf,3,narrative_document,0,doclaynet,laws_and_regulations,german_laws,FWiStatV.pdf,0,85d5f8be76e19da95840a785ebb48fd7add8ae9cf1911a3b679a66a21e6bb0ca.png,723a4cc8cf27e76c9c64510dd17a3ba8533906721a1048be7dcc96106a0bd453
data/raw/doclaynet_hard_negatives/doclaynet_train_2e1f7ae3e0bc1d06ec5d.png,train,doclaynet:FPersV.pdf,3,narrative_document,0,doclaynet,laws_and_regulations,german_laws,FPersV.pdf,17,e0da15b37dfd2635251b892f7a3dc0f7cfe0e48c0db3ff73054d7cd11ee47b4c.png,8b609ca0c6a718d8aac944d1249f9cbab24177409f83416a5a5f3786191869ec
data/raw/doclaynet_hard_negatives/doclaynet_train_a3120db13741a930045a.png,train,doclaynet:PLAW-116publ45.pdf,3,narrative_document,0,doclaynet,laws_and_regulations,us_laws,PLAW-116publ45.pdf,0,13228359b5827b5868effdc31a45f8b4610f091eada2e545c23c239dc5d2be88.png,5a077a08c85605d401a67f52121a259e47b938b888aafc58a4f9528594fdabcb
data/raw/doclaynet_hard_negatives/doclaynet_train_483bee344a0f53c5e228.png,train,doclaynet:FlugElekAusbV_2013.pdf,3,narrative_document,0,doclaynet,laws_and_regulations,german_laws,FlugElekAusbV_2013.pdf,29,f43b33410b5d02e30048f74348c8797eb0cf5a5aa608fbf89a3cde699081e49f.png,d81863406da2e79dd1265b148aa518d4070e34d56d1b8a92f9779436b3c64ec5
data/raw/doclaynet_hard_negatives/doclaynet_train_ae53c72771fe3b46bdb5.png,train,doclaynet:airship_pilot_manual.pdf,3,narrative_document,0,doclaynet,laws_and_regulations,faa_regulations,airship_pilot_manual.pdf,6,97e81f7c603936b4f263b7bee5d9db997be3a53dbd7ecbb52ab6957c4a77220c.png,cf9c29d15e4727ce288d0a639d259c34d71177abe3d7fa7f4c9f6506107f2dc2
data/raw/doclaynet_hard_negatives/doclaynet_train_3508511447f8caf69dfa.png,train,doclaynet:FloristAusbV.pdf,3,narrative_document,0,doclaynet,laws_and_regulations,german_laws,FloristAusbV.pdf,8,447cbed0de3b90fb28ade1078d0552c0cc8f5555870d7e2b253d628fd96c7260.png,02b9ae3969f549227bbe62404618c4c083b72e761764cff113d48285a8b6b14a
data/raw/doclaynet_hard_negatives/doclaynet_train_93544b0c9c023dce9113.png,train,doclaynet:FS-AuftragsV.pdf,3,narrative_document,0,doclaynet,laws_and_regulations,german_laws,FS-AuftragsV.pdf,0,eca3d0e41fb28f41a5c93ecea9169a0de96854423a48f24f0a0a4918cc606eb7.png,dae9e94d7d5a24f03e06a09632288c1653c3485bf071933291e4eec74aee5258
data/raw/doclaynet_hard_negatives/doclaynet_train_fe4a13ac3eca92e1604f.png,train,doclaynet:FamNamV_WB_3.pdf,3,narrative_document,0,doclaynet,laws_and_regulations,german_laws,FamNamV_WB_3.pdf,0,fe7a1cc64ec5709ab82890e639a32fb39f623539cdbc4949cb48b321604af04a.png,e84070b858f4691eba2f18c33f83b99b842073766ef0bffa4b0502819f887dd5
data/raw/doclaynet_hard_negatives/doclaynet_train_368376906056f35a3c6b.png,train,doclaynet:FIDEVerzV.pdf,3,narrative_document,0,doclaynet,laws_and_regulations,german_laws,FIDEVerzV.pdf,0,c8b92daf638ca72e017253dc93f22786753bf751f0a3d55579abcb1f25204bdb.png,5dbecfbe22ee1604148ef927281d03cff5e3872463a913e9d05ecf08a1108fd4
data/raw/doclaynet_hard_negatives/doclaynet_train_a034d2d275c79fe86b52.png,train,doclaynet:uksi_20200116_en.pdf,3,narrative_document,0,doclaynet,laws_and_regulations,gb_laws,uksi_20200116_en.pdf,1,a8820e0143ba0582e4d252826e80cb64f3010d6d64f0fcdfe6514e81cedd0faf.png,e17db732be5bd75171c2fa893ddadc90cacccdda3cddb35c957b5301a1792e4a
data/raw/doclaynet_hard_negatives/doclaynet_train_43f38c03016258529dac.png,train,doclaynet:PLAW-116publ21.pdf,3,narrative_document,0,doclaynet,laws_and_regulations,us_laws,PLAW-116publ21.pdf,1,4d379096c03bf3918f4078fbb5a1f616bf1379a95d6e63f0bdc661e6448bc55b.png,d98705db3fbfa981ac2ef26da905427729ed27a9a223cd7d5908b38b086044fd
data/raw/doclaynet_hard_negatives/doclaynet_train_3a338e72099d228f96ba.png,train,doclaynet:phak_addendum_a.pdf,3,narrative_document,0,doclaynet,laws_and_regulations,faa_regulations,phak_addendum_a.pdf,0,523eaf4a51989236146f66dab49d3d52e18ca6a25c7ae84f7475c3266d007dc1.png,f18d8cf05215780c1175466f3cea27ff6bca6655629e4ba1ac9cc643c86cde06
data/raw/doclaynet_hard_negatives/doclaynet_train_cc73198d6e8c79638213.png,train,doclaynet:FischwAusbV.pdf,3,narrative_document,0,doclaynet,laws_and_regulations,german_laws,FischwAusbV.pdf,17,3fc835d777e2ab401583a2552c2f4408f1e94cda05cf597abc1e2968a8a45d00.png,8fa4b5e543dd997809d6b020afce290bc65c7f0a65ebbd63d1444df68647eacd
data/raw/doclaynet_hard_negatives/doclaynet_train_eb8f196619f3f6e1fdab.png,train,doclaynet:FluHfSalzbVtrAUTG.pdf,3,narrative_document,0,doclaynet,laws_and_regulations,german_laws,FluHfSalzbVtrAUTG.pdf,0,0c0cedf837106ee0221be4e79126ebd2655df1dadfab4658d80ff2721ae5102b.png,dcf45cfb2dcdfc9ee1518dc527ee2b7d7d1aa8a72bf88bcfb0f816369558e118
data/raw/doclaynet_hard_negatives/doclaynet_train_2f96f57f5ddf29703431.png,train,doclaynet:uksi_20200459_en.pdf,3,narrative_document,0,doclaynet,laws_and_regulations,gb_laws,uksi_20200459_en.pdf,0,d6f37ab0ae74af35c64d7441c5aac04e3ea8664f12a025f52195c12578376762.png,8b8dbf7db46697cf9488613421be19dd614bd22e1dc9045d3ff4bb65c09204e9
data/raw/doclaynet_hard_negatives/doclaynet_train_389a869bf9fdae79ec54.png,train,doclaynet:FZulBVInkrbek.pdf,3,narrative_document,0,doclaynet,laws_and_regulations,german_laws,FZulBVInkrbek.pdf,0,db73698a511295d3aa1c4a826bf7842c02f9e0234db0d3b991a50609929cea1e.png,7567a4249aaac6349113f8057c26865468165569edd7b1aae754f74d0513f47c
data/raw/doclaynet_hard_negatives/doclaynet_train_c26ca5e5cc8284c9db1a.png,train,doclaynet:uksi_20200167_en.pdf,3,narrative_document,0,doclaynet,laws_and_regulations,gb_laws,uksi_20200167_en.pdf,0,27be0a2591326a1deade73cb253c0ca17ce29567904527074ebb6325129dfeb9.png,ad30ebc10705913db70f6bcc5108cd6b6b3d196c879e9cf32d2b80e0e218bdb5
data/raw/doclaynet_hard_negatives/doclaynet_train_50ae760bbc8dc6892f6a.png,train,doclaynet:PLAW-116publ46.pdf,3,narrative_document,0,doclaynet,laws_and_regulations,us_laws,PLAW-116publ46.pdf,0,74414b42b70df27d6067e605779267be968a777c0f71dd5a6b3727677b63a6c5.png,275ffc84ec936e2c88f20fba6d2c80ea5c7232baae9141b825d1608e0c27938a
data/raw/doclaynet_hard_negatives/doclaynet_train_1e5ab3ccd5943eca1e85.png,train,doclaynet:amt_airframe_hb_vol_1.pdf,3,narrative_document,0,doclaynet,laws_and_regulations,faa_regulations,amt_airframe_hb_vol_1.pdf,358,139d8e37b66e56b56fdba945d0325a84bb808efc21cc7416aadb4eff4d443973.png,ad1612efb9cdcbe9761edd6384810afddb3df0928888e3db3944fd3031397c44
data/raw/doclaynet_hard_negatives/doclaynet_train_909138adb58ddf4b377a.png,train,doclaynet:FrHfCuxGrV_2001.pdf,3,narrative_document,0,doclaynet,laws_and_regulations,german_laws,FrHfCuxGrV_2001.pdf,0,e02cc930fd41768acf926f1ad6c48fefa36d5783bfda83464c7442e504708a4a.png,ed87fcd69ad887c8f891f7e86058b943275bcaea09f0e7e2b26804777d14405e
data/raw/doclaynet_hard_negatives/doclaynet_train_62aceecadf00dc403ad4.png,train,doclaynet:uksi_20210520_en.pdf,3,narrative_document,0,doclaynet,laws_and_regulations,gb_laws,uksi_20210520_en.pdf,0,3783344f6d8564630d7ef3b12e05568c712a1d658bc6d934c0693ed11bb3ee3c.png,39d83caff2db446bfebf5b74377d3fb2dddf2011c3b2558ca859965aa150b35e
data/raw/doclaynet_hard_negatives/doclaynet_train_f112f9246515bd9fa6ed.png,train,doclaynet:FinStabG.pdf,3,narrative_document,0,doclaynet,laws_and_regulations,german_laws,FinStabG.pdf,0,4e539e74ed3b75766339dcfdbc122976261eb2a9cc7703b4254d1a453fa492f0.png,efb0fda50b3eed98a0c43791d3b2081e0fc9d259030f3a411db97750d4866686
data/raw/doclaynet_hard_negatives/doclaynet_train_32f8489fe964238f3cf7.png,train,doclaynet:0001202105260051.pdf,3,narrative_document,0,doclaynet,laws_and_regulations,russian_laws,0001202105260051.pdf,3,f5ba1200b0f9457c4326ef7820596c76a68f70ae0d78daa9a470800ce7c12b8e.png,fded818c6d81e6689d8ef3b07be86e80eaeb71e218f899d8931f4ce26792a834
data/raw/doclaynet_hard_negatives/doclaynet_train_8079f4f991b176dabebf.png,train,doclaynet:FinDAG.pdf,3,narrative_document,0,doclaynet,laws_and_regulations,german_laws,FinDAG.pdf,9,b478d1d5aeb1117e4e4a18c86e24abea2aeb8ece027349fe892ab6157116bc99.png,bc40279cd280c4b94757f32b7c397df3814b5474208384fcbbadee4a18455882
data/raw/doclaynet_hard_negatives/doclaynet_train_583c863a93c870fe65ed.png,train,doclaynet:uksi_20200105_en.pdf,3,narrative_document,0,doclaynet,laws_and_regulations,gb_laws,uksi_20200105_en.pdf,1,ee2457d42f6a130170e2a229fee26981edaf396ae224ee135b8cc5ecb9ef45b8.png,7da5dc143970b73ab695f61a34ccb958757887e10af07c41fdbd14186136d10c
data/raw/doclaynet_hard_negatives/doclaynet_train_49b91ae419a409476646.png,train,doclaynet:uksi_20200133_en.pdf,3,narrative_document,0,doclaynet,laws_and_regulations,gb_laws,uksi_20200133_en.pdf,8,820325f5549a8f721a1ae0b44d3f4b43eaa7458221d1be538ef97d748bf0b022.png,f736c9d919cf0437a57cd63487db9dc2a147c6e6df044ccffea0d6ecfd974bc8
data/raw/doclaynet_hard_negatives/doclaynet_train_980be9550a60a8e881a0.png,train,doclaynet:FAA-H-8083-16B.pdf,3,narrative_document,0,doclaynet,laws_and_regulations,faa_regulations,FAA-H-8083-16B.pdf,124,d04170da1a39ec9fe35b9f13ca317b586465a042e29745e8d087ed8304cbb1aa.png,e7e950214cd1e7411a096abccf650df7e7b337b1f77c748de4ae95e728488e91
data/raw/doclaynet_hard_negatives/doclaynet_train_9307adae3458bd63762f.png,train,doclaynet:uksi_20210525_en.pdf,3,narrative_document,0,doclaynet,laws_and_regulations,gb_laws,uksi_20210525_en.pdf,2,251c582b8e80b8dd7d2117b44e2656f6548fa444c645b1f9b9e4a7acdfae966b.png,e6d742346c1e6fc4197a32cb0bde5102190b8ff7a3405e03ffb18f4b8a1ba0ab
data/raw/doclaynet_hard_negatives/doclaynet_train_b86b90427deebb0fa53b.png,train,doclaynet:balloon_safety_tips.pdf,3,narrative_document,0,doclaynet,laws_and_regulations,faa_regulations,balloon_safety_tips.pdf,0,f5f8c7213beea7c75b8d50716c13f2e19192d883eac3c71e5678c0ca57a97834.png,0da59573e0ef1ca597bded2afa721b981cdbc5cd5604d147138b067dfb7e2d5a
data/raw/doclaynet_hard_negatives/doclaynet_train_4b98c4803a6ae6f9cf78.png,train,doclaynet:ForstSchAusglG.pdf,3,narrative_document,0,doclaynet,laws_and_regulations,german_laws,ForstSchAusglG.pdf,2,260d20adde3730976077dc8d844c6ac3907c15be508ea649fdfc22eb1a8b8f63.png,d1f0868a6edf20a1ea452351f42156339ab7d5561b40d1a4fff127e8ec82da23
data/raw/doclaynet_hard_negatives/doclaynet_train_4aa394b9f02949f53711.png,train,doclaynet:faa-h-8083-23-4.pdf,3,narrative_document,0,doclaynet,laws_and_regulations,faa_regulations,faa-h-8083-23-4.pdf,6,8f679140fcdf723c38b19127bf4a8f6cb8aa332887731f995b524c2bc1b7651b.png,83a0d2ac866aaa4ec8cb844ae14d7a4ae1b1beb5e2233b4728187dc1b101a255
data/raw/doclaynet_hard_negatives/doclaynet_train_f67fd898d3960c1324d9.png,train,doclaynet:PLAW-116publ43.pdf,3,narrative_document,0,doclaynet,laws_and_regulations,us_laws,PLAW-116publ43.pdf,0,a10a934419704d4342fffde4a9850338e3adcaacbb18f61d18640a450534e5bf.png,1bc901c222f9e5d105597d2eae1b311b57cea086167d9e72e6aa0d425417c874
data/raw/doclaynet_hard_negatives/doclaynet_train_65f2a3f761df95d512cf.png,train,doclaynet:FMSASatzV.pdf,3,narrative_document,0,doclaynet,laws_and_regulations,german_laws,FMSASatzV.pdf,0,faac8734348da3df6d5629f0bb2c1362d9a57e8ddae0831ff043e36f07c37478.png,aac17726e06c6be59c5ecd19f4a5dde5afe0431a3fe80d426a273b665f0fd230
data/raw/doclaynet_hard_negatives/doclaynet_train_07c28541a2f84d66d837.png,train,doclaynet:FFGV_1993.pdf,3,narrative_document,0,doclaynet,laws_and_regulations,german_laws,FFGV_1993.pdf,1,64c0d79849dda596f4f50d25a14d15c25ff37a7a6fe0b2d865165a1f21dcc14e.png,3bfae69d650fd03f6420638b5717cd0cc89dc7aca6d31d0425c5892be2b7f2d2
data/raw/doclaynet_hard_negatives/doclaynet_train_43c2a06029e30ce43296.png,train,doclaynet:PLAW-116publ38.pdf,3,narrative_document,0,doclaynet,laws_and_regulations,us_laws,PLAW-116publ38.pdf,0,dceee66bfa1b4cd13f9d5788da30ebb5070bc090dc078504377f1391d5bee0d5.png,aa0de14f96e33a4b51085f9e6b13d36b3228dcbbf0b73d6801bf36331c555dc3
data/raw/doclaynet_hard_negatives/doclaynet_train_d58ef3da47db809610fd.png,train,doclaynet:FamNamV_BR_3.pdf,3,narrative_document,0,doclaynet,laws_and_regulations,german_laws,FamNamV_BR_3.pdf,0,af7ddae80968ebb9ad7986afb306b1262186f31b2e27211e4d5905916b19d3f5.png,65cfd6f85e3133e7c5c726d926f61d41a6362813e22d86fb0edbd3fde5786b71
data/raw/doclaynet_hard_negatives/doclaynet_train_788d920fe6565933f3e6.png,train,doclaynet:uksi_20200149_en.pdf,3,narrative_document,0,doclaynet,laws_and_regulations,gb_laws,uksi_20200149_en.pdf,0,7e4f4c2b3aa8491fac3eef289e44066812dac83f7b26eb42c0dd88d106d86760.png,c8da80240b18dcc3fef3275c2a4f4904b074ff180db38b707afe5c552a2bfe4e
data/raw/doclaynet_hard_negatives/doclaynet_train_3f2c4a355addde95e9d3.png,train,doclaynet:aviation_instructors_handbook.pdf,3,narrative_document,0,doclaynet,laws_and_regulations,faa_regulations,aviation_instructors_handbook.pdf,28,f32a5e786dd886142389935442054780cf4cd2d4301d243300777383a2452389.png,385b46eb3a0938c5d3ebc54cbd9fbec4b53f99f125f03c0520cdc3a529b8ee3a
data/raw/doclaynet_hard_negatives/doclaynet_train_66952f1e066acd7fef42.png,train,doclaynet:h26Aa001030102je14.0_h30A95.pdf,3,narrative_document,0,doclaynet,laws_and_regulations,japanese_laws,h26Aa001030102je14.0_h30A95.pdf,20,ec0f74c8e5faa4d3d6d5809d419ecf7ac58dcb35b3df48682d0678076b92f422.png,efed6d0bc5c382dc4c1fa47d3578a85d017422193511b18de6c718703a296ddf
data/raw/doclaynet_hard_negatives/doclaynet_train_745744c6230c8d14bed5.png,train,doclaynet:uksi_20200444_en.pdf,3,narrative_document,0,doclaynet,laws_and_regulations,gb_laws,uksi_20200444_en.pdf,4,a7270c8415c12c8cb2636216bb185c176b5c221f0ac7a945e6f5f198a2c1eecc.png,18e61cfb1fe6d343540cefd9f4fa336e93cbac5c98bf58178d87e68f636c4550
data/raw/doclaynet_hard_negatives/doclaynet_train_00c4555fd88d121715ac.png,train,doclaynet:uksi_20200476_en.pdf,3,narrative_document,0,doclaynet,laws_and_regulations,gb_laws,uksi_20200476_en.pdf,0,f25f1b020b4999e689ddeb433a0bc429b36dc4a272b227cbb256120c31fb6133.png,d7399d21340995968d33e025cca2d4ff2e3b3b14241c887c63846c11adc3b6f1
data/raw/doclaynet_hard_negatives/doclaynet_train_ded0f920091adeaddd2b.png,train,doclaynet:s23Coh00500201ja14.0.pdf,3,narrative_document,0,doclaynet,laws_and_regulations,japanese_laws,s23Coh00500201ja14.0.pdf,81,8449194fc6d6096d5133c7a455f3e2b5f4cf54ee9d660da533c22d910496d1c4.png,c05ce708cd780027198f1d787a6a973e5f0b658bda988c9c30335a8116f8927f
data/raw/doclaynet_hard_negatives/doclaynet_train_afa4051f91257cc883d7.png,train,doclaynet:uksi_20200176_en.pdf,3,narrative_document,0,doclaynet,laws_and_regulations,gb_laws,uksi_20200176_en.pdf,0,c8311f99b2a6a5493464429ce4ba14ffd705fe9817d2b38e32de25dca321e3e6.png,f3284b07dcbfea413c4a5e62c7b7e4606be533e7a699f5bf2fa02964a68de9ec
data/raw/doclaynet_hard_negatives/doclaynet_train_1b0f7999738cbc4b8914.png,train,doclaynet:FEhrPensAnO.pdf,3,narrative_document,0,doclaynet,laws_and_regulations,german_laws,FEhrPensAnO.pdf,0,8de7af0fb0aa31a28cc080a307bb3084aadf162f5cf2335ee6ce71805d3f7a4a.png,755d1ff025cf34f680c79fae13db1dd6f2186e841277df21b083029603dd66cc
data/raw/doclaynet_hard_negatives/doclaynet_train_e3d5347166fe0677c04d.png,train,doclaynet:PLAW-116publ41.pdf,3,narrative_document,0,doclaynet,laws_and_regulations,us_laws,PLAW-116publ41.pdf,0,d928b4ddacde7ea0e5dea526442c5c3133001785f459926708bda29b17fa70c3.png,694599970c61f6477b6862d64631fe50df137de66e1da5e581c4ad5287fb0b54
data/raw/doclaynet_hard_negatives/doclaynet_train_5db92fab08a6c509b0ec.png,train,doclaynet:uksi_20210547_en.pdf,3,narrative_document,0,doclaynet,laws_and_regulations,gb_laws,uksi_20210547_en.pdf,3,39a8e836f7ae37ecd2690ddf8fbd1a642c47005fc5703faa719ae8af594b0456.png,c76098897e95fae8362457af8a93fe21c42d4014ea68f1f3ba725fe009f18f76
data/raw/doclaynet_hard_negatives/doclaynet_train_02bfffc347f45267ba9d.png,train,doclaynet:FPackV.pdf,3,narrative_document,0,doclaynet,laws_and_regulations,german_laws,FPackV.pdf,0,13e18fc08645ca9ba727ea2ea6fbf8bf2e4d55084a17cb6283c2d51222781879.png,9d5bdf258d954df77cf7c06631d8baa489c1a8ec7f68af31e7adaf0541732a71
data/raw/doclaynet_hard_negatives/doclaynet_train_30a8ca227b99f75aa1f3.png,train,doclaynet:FreqV.pdf,3,narrative_document,0,doclaynet,laws_and_regulations,german_laws,FreqV.pdf,10,6c31ff500552e0e75110e023da48e4834d4b2a3533cbae1de0fc76f581454070.png,c951d5a28a8ea07b0595b8de78a16b0fe0d7051f0f2b92d5ff28e540fb040f96
data/raw/doclaynet_hard_negatives/doclaynet_train_df37d514689cb5a3bb71.png,train,doclaynet:uksi_20210589_en.pdf,3,narrative_document,0,doclaynet,laws_and_regulations,gb_laws,uksi_20210589_en.pdf,0,a7630f5f2354381d8faca780b498a7195efa1107a390030ec35dc847a02f7f00.png,d82a15cc565ec2b6fd2d1c44df1da8cd84736c15f26446cfd1bc640c156d3e82
data/raw/doclaynet_hard_negatives/doclaynet_train_4415616113a54265ffa7.png,train,doclaynet:uksi_20210581_en.pdf,3,narrative_document,0,doclaynet,laws_and_regulations,gb_laws,uksi_20210581_en.pdf,1,deb2c0f2ce9b3e95f7646fa169b8555a504f25ddb0782805f414f0f6c808a517.png,ed2d2a896630b1710441cc3d68cc8d0f61db63be19f112b0d69dffd2422e7724
data/raw/doclaynet_hard_negatives/doclaynet_train_4cb4f82a4f417526929c.png,train,doclaynet:uksi_20200415_en.pdf,3,narrative_document,0,doclaynet,laws_and_regulations,gb_laws,uksi_20200415_en.pdf,0,b79561dd01a3ce4713297143731a64eabe6eb9b43bceb3caeb327d1846409ab5.png,c0c1c3a3b472542bcc93e475a8b2f086eb4197525e8b2404d545d76054fd1284
data/raw/doclaynet_hard_negatives/doclaynet_train_4a2f5b0c225ab31aac5d.png,train,doclaynet:uksi_20210595_en.pdf,3,narrative_document,0,doclaynet,laws_and_regulations,gb_laws,uksi_20210595_en.pdf,1,427ec91ca51c5b2e355fb5c90836876dca095248311ac60bb4e0efe67e539991.png,ee5dc512ddf7f1b09f551394f973248846876d1ce5d7e936e8ac5053a8183354
data/raw/doclaynet_hard_negatives/doclaynet_train_45fb192bdf7082526eaa.png,train,doclaynet:PLAW-117publ9.pdf,3,narrative_document,0,doclaynet,laws_and_regulations,us_laws,PLAW-117publ9.pdf,0,bd824b0899e21beb225b511fe549c3dbeb99bc27539fd2ed2a1a09192f166341.png,d6cfe518b1975c963c7c9cb0837ad86070ccd42a6dd9116e56683228628104c7
data/raw/doclaynet_hard_negatives/doclaynet_train_5ebd2eb8f3c2b3413def.png,train,doclaynet:uksi_20210580_en.pdf,3,narrative_document,0,doclaynet,laws_and_regulations,gb_laws,uksi_20210580_en.pdf,0,93ccddeb268e3dbd1a77ca6652ca1b7f03ca9be6b79e96743fb17bc7b620185a.png,d1900363b374224299fec420beea16d5bf964508a0becd62d578757a92870dbd
data/raw/doclaynet_hard_negatives/doclaynet_train_ce76275ef214d78b4550.png,train,doclaynet:uksi_20200430_en.pdf,3,narrative_document,0,doclaynet,laws_and_regulations,gb_laws,uksi_20200430_en.pdf,0,297a1a674150581d387e7d099c6d69298fb0d1e2307303f72dd5918bfadc87ca.png,e8983031554b1acf1c33eac5c6ced52c7f4272de5faf016c48f1e6f4fa83204b
data/raw/doclaynet_hard_negatives/doclaynet_train_b39ae8a9c6dd7749a81c.png,train,doclaynet:PLAW-117publ6.pdf,3,narrative_document,0,doclaynet,laws_and_regulations,us_laws,PLAW-117publ6.pdf,0,60dfc50ac32c36a475b2e7a910e2d33940b2c666d235d681b99636547814e49b.png,4e4563bfb7d8f2e5717be408c4d8818ed5149b6bb37a0ce6ec785b4669d8d6a3
data/raw/doclaynet_hard_negatives/doclaynet_train_c3e14b9a2fa79610abf8.png,train,doclaynet:faa-h-8083-23-3.pdf,3,narrative_document,0,doclaynet,laws_and_regulations,faa_regulations,faa-h-8083-23-3.pdf,29,2c1c740fca08fffa462d4d2cdddd61b8c45c2f2f7ef5503991c3a4170a7b0a41.png,b74b2c914212fee790a6d2f992d7ed055fbc96118e989b8f127c5210136909c2
data/raw/doclaynet_hard_negatives/doclaynet_train_716bd8086b52bbf89593.png,train,doclaynet:FinSV.pdf,3,narrative_document,0,doclaynet,laws_and_regulations,german_laws,FinSV.pdf,4,2924a5ad718f1bbb1e692f1c6d8bdd64d6ecf6bb8e73f62d8314d84ff15450a6.png,68fca9d9d451b425bc013988e762f45e8f47fcd537dbd434ade93a858d4ff99d
data/raw/doclaynet_hard_negatives/doclaynet_train_0dd7c55661595a1bfab5.png,train,doclaynet:uksi_20210564_en.pdf,3,narrative_document,0,doclaynet,laws_and_regulations,gb_laws,uksi_20210564_en.pdf,0,97c4478ec5d8401615a7b23d9e6a939d0755315de45c765400727f3f38408ec6.png,7d9b012faf93b96f1bc1818040750ede07417fa23d2826d855461d1d6978f51a
data/raw/doclaynet_hard_negatives/doclaynet_train_9fd534795de7aeee7695.png,train,doclaynet:FFG.pdf,3,narrative_document,0,doclaynet,laws_and_regulations,german_laws,FFG.pdf,39,47f5b0d710ae821c4cdd04fdf3b095540543cb1de9d6140c0483a620fe09bd4c.png,6db82a24e30d548cc8406818611351ffdb947ab5394afa6d99cfef0211907c1f
data/raw/doclaynet_hard_negatives/doclaynet_train_62225bdb8d09c3e96c68.png,train,doclaynet:uksi_20200123_en.pdf,3,narrative_document,0,doclaynet,laws_and_regulations,gb_laws,uksi_20200123_en.pdf,0,6035f6ab88047995418c3a1dc170655d7f8d86adeb1492e1dc838ecdb036e777.png,777f227b70ae855896d05f9c3ed515f86918365e9fe3b6377ef94618faadae50
data/raw/doclaynet_hard_negatives/doclaynet_train_30abb0e3e94d3094f22d.png,train,doclaynet:helicopter_flying_handbook.pdf,3,narrative_document,0,doclaynet,laws_and_regulations,faa_regulations,helicopter_flying_handbook.pdf,164,965b56ea9062b1e267370813d9ec4d84218d31506279b19f932b505e07d494d7.png,99d5967bb5b73430af4746d7bdbdcb7532a4cec28618a5c52aae176c4f3f0fba
data/raw/doclaynet_hard_negatives/doclaynet_train_c14682f30920e69b89f2.png,train,doclaynet:Auditor-Generals-report-2018-2019_0.pdf,3,narrative_document,0,doclaynet,laws_and_regulations,botswana_laws,Auditor-Generals-report-2018-2019_0.pdf,188,9e484f1c4232b947db7358d1f90c53e383c0c73f4c4b09b1af84148c397c76c5.png,c249883b6d7c2152bbc8154f2e44f152e6c264d73093423d2edeeae9974aec7a
data/raw/doclaynet_hard_negatives/doclaynet_train_9446f49f3d36624c5e5f.png,train,doclaynet:FischDNKVtr.pdf,3,narrative_document,0,doclaynet,laws_and_regulations,german_laws,FischDNKVtr.pdf,0,41614c231884b5d965b7cbb581461a4f627c3cbaf3f99144b8119168777c0943.png,36667e1fda632b89154977496e3efa2670c16040782a6a41b43445dfee965e2a
data/raw/doclaynet_hard_negatives/doclaynet_train_3e14b609595750effea9.png,train,doclaynet:uksi_20210534_en.pdf,3,narrative_document,0,doclaynet,laws_and_regulations,gb_laws,uksi_20210534_en.pdf,54,cc9342d9656ab32f4677b177001251b5c209458f7c5090a1b1b5b3881174579e.png,2ef5d933d887833e63cde6cde7d00f24a0c36aa70d7f6bfd15ede905a59ba89b
data/raw/doclaynet_hard_negatives/doclaynet_train_3c777c1167c26aa9a251.png,train,doclaynet:FAA-H-8083-11.pdf,3,narrative_document,0,doclaynet,laws_and_regulations,faa_regulations,FAA-H-8083-11.pdf,216,fe46d6168a91b050000abab6d0398a65a4205aee0ca8a743d046d752797d814e.png,d571f2e1f3fb89ccc99d2bf33098399dcdc492cc214c62317e7874039321a1fa
data/raw/doclaynet_hard_negatives/doclaynet_train_0495a62299e95ef51d29.png,train,doclaynet:0001202105270015.pdf,3,narrative_document,0,doclaynet,laws_and_regulations,russian_laws,0001202105270015.pdf,152,e2b73a40a3f1b110f8365b512b268a763db93b26b6630c4ad332d9b23d7daa57.png,823dd73aa63ac3cc8a4a04ca1b913003569d52b8698636a911e9309a3ead0e88
data/raw/doclaynet_hard_negatives/doclaynet_train_9f365fc516d000cd8b53.png,train,doclaynet:19161231-Act-2657.pdf,3,narrative_document,0,doclaynet,laws_and_regulations,philippine_laws,19161231-Act-2657.pdf,644,70c2822452984cb07a9faf8ec8c852ca7571abeb7e1c321f29a6432e2a0f64d3.png,b17f685ce0e5272ee949d44db06b5c7c809fdc4a816c2d1dfaf78a5e15bdc3fe
data/raw/doclaynet_hard_negatives/doclaynet_train_8d4192cc1531e3abdb73.png,train,doclaynet:PLAW-116publ29.pdf,3,narrative_document,0,doclaynet,laws_and_regulations,us_laws,PLAW-116publ29.pdf,0,76b712c886cc1050dda20fcc5953e3fca39e49109ad9c02444776a09161825f4.png,365c0f10a68fd2d2139515adc6700ea02638fc6d9c56f3d908870c1303eb6c46
data/raw/doclaynet_hard_negatives/doclaynet_train_8bef321e23476d7b28c0.png,train,doclaynet:FleiAusbV_2005.pdf,3,narrative_document,0,doclaynet,laws_and_regulations,german_laws,FleiAusbV_2005.pdf,7,ecec2f77ce18a01b5cead25a37ca2787e7586a87cb5450fb616fbbff9c8b36b0.png,889d23870c45022f655d934b2986e8dff2e3d43b429c06df3c2016c2c214f011
data/raw/doclaynet_hard_negatives/doclaynet_train_625960ee4502b6262ed4.png,train,doclaynet:uksi_20210551_en.pdf,3,narrative_document,0,doclaynet,laws_and_regulations,gb_laws,uksi_20210551_en.pdf,0,12e9d506c0105250d7d630e2847314d0a5b67b00760056a8e4994c73048f69b9.png,3f455314b16c604b9fbc9992d1c435dd7900e98e9af1b1b43a7729fd4a6799f5
data/raw/doclaynet_hard_negatives/doclaynet_train_ed6bd3d3dd3bb4542ad4.png,train,doclaynet:uksi_20210518_en.pdf,3,narrative_document,0,doclaynet,laws_and_regulations,gb_laws,uksi_20210518_en.pdf,7,a9c0faeb9272e42017179f4df32bc3966638a1a507a93ceb8115bb4fd483523d.png,b4c426cf3a9a26429274943e76c3486ea4f10caf07033392a3e1103f33f53a2e
data/raw/doclaynet_hard_negatives/doclaynet_train_22ce1a5d89d28036cdee.png,train,doclaynet:prh_change1.pdf,3,narrative_document,0,doclaynet,laws_and_regulations,faa_regulations,prh_change1.pdf,152,bb2d8ee4115192da71f0e89a78fb182b415bac7799d70943a6356586de9f7d2f.png,53dce1884ef6f95db162811fabfddbf9f306467adf2ae390890571f92f3ee602
data/raw/doclaynet_hard_negatives/doclaynet_train_aea51c902c9bff5ed4b9.png,train,doclaynet:uksi_20200411_en.pdf,3,narrative_document,0,doclaynet,laws_and_regulations,gb_laws,uksi_20200411_en.pdf,0,892e2584662953698e8c5a006db5e2dc384b987dc0605b539d320e0e880d6974.png,da480c498a88eda326ce9b1d5a0a4b607a4bf7ff8ad13fa344f7f3a30947b2c3
data/raw/doclaynet_hard_negatives/doclaynet_train_0dac4e205289ff3b5150.png,train,doclaynet:FinAusglG2020DV_1.pdf,3,narrative_document,0,doclaynet,laws_and_regulations,german_laws,FinAusglG2020DV_1.pdf,0,c9336689cbd98dd3840ef20e915476bc5589e37bc2a87d934aff91b1faa5e1e4.png,5d6cb41141b7286847c4b1bf5a015c570e8a8205bb219541914d8ebe8c16634f
data/raw/doclaynet_hard_negatives/doclaynet_train_88e399eac0ba13fec719.png,train,doclaynet:FischWiVorschrAufhG.pdf,3,narrative_document,0,doclaynet,laws_and_regulations,german_laws,FischWiVorschrAufhG.pdf,0,9e53cd76fc8408cc1adee27835274a19a3bb3afe2a5969fc3faf33b7e7c9a881.png,4bb9defa2485e5cf5fa9f9f3a6a637787ec509485077bae1665df432ae89cc1f
data/raw/doclaynet_hard_negatives/doclaynet_train_c6dfdd1c1e5baf46aa02.png,train,doclaynet:uksi_20210570_en.pdf,3,narrative_document,0,doclaynet,laws_and_regulations,gb_laws,uksi_20210570_en.pdf,1,6f3ba5185b7d3bb5d50f016577219bcc4323a4e492f3501a77b4859c0c505e44.png,40164562b8e3aaa8ad0e2f461f315d9deb2df94ecc65f7bbe77cca240e2b735a
data/raw/doclaynet_hard_negatives/doclaynet_train_4edcf08566eea2bc94ed.png,train,doclaynet:uksi_20200447_en.pdf,3,narrative_document,0,doclaynet,laws_and_regulations,gb_laws,uksi_20200447_en.pdf,2,cd1ca8fb06222d31d74ed936ee3a697f507ec0b03592f841b1f34545d815445b.png,15dc904a996dd44c2b270e908c5ce4968f59a9d6e838564f65ea1e7d36a4019b
data/raw/doclaynet_hard_negatives/doclaynet_train_5db72bf8747760555a87.png,train,doclaynet:PLAW-116publ42.pdf,3,narrative_document,0,doclaynet,laws_and_regulations,us_laws,PLAW-116publ42.pdf,0,6389d5cdc65eb8d655bb0af1ec0295f022fcf3196138940283adb32eafcacc1e.png,8835ce6025b8a4a65f816361acab233710bf6b62608fd9248d0602d39a979a1e
data/raw/doclaynet_hard_negatives/doclaynet_train_3957ef99f142ed45146c.png,train,doclaynet:FinAusglG1970DV_1.pdf,3,narrative_document,0,doclaynet,laws_and_regulations,german_laws,FinAusglG1970DV_1.pdf,0,e917b937db961dbbacd770d3c85752a343f37f64ee43b1be3ef8f7ca8b47b4c7.png,74bd79105d1b27192a3cb51b4a0f963ae221354302c9da3fa1580f9c32ea9c03
data/raw/doclaynet_hard_negatives/doclaynet_train_85c9a6f05a9267a7f755.png,train,doclaynet:FinAusglG2014DV_2.pdf,3,narrative_document,0,doclaynet,laws_and_regulations,german_laws,FinAusglG2014DV_2.pdf,0,8a48489fe32867f13c3ddd9a526094a2b70c74a927e7dd880bd2834a8ace79d1.png,ef65333ee42bbb534c53b14008664ce62136ca1a56f3cd694dfadaf02d2c710f
data/raw/doclaynet_hard_negatives/doclaynet_train_960d0cc985e3a75ae873.png,train,doclaynet:FStrAbG.pdf,3,narrative_document,0,doclaynet,laws_and_regulations,german_laws,FStrAbG.pdf,93,afcf24175103568ae91e300ef3995a921866558295392de1f47caad080775e5f.png,c0e3e51367c544872e68da8a709db31044c85c0ef76081da17227c88009edc0f
data/raw/doclaynet_hard_negatives/doclaynet_train_ad630771fc94fbf1ced6.png,train,doclaynet:FzgLiefgMeldV.pdf,3,narrative_document,0,doclaynet,laws_and_regulations,german_laws,FzgLiefgMeldV.pdf,0,844b8b4a729fc0a84213d36d70559bdf95b14cb36ed31aa4b5d0187f113b3a34.png,8fcaa9d41a00bc30f8c250c625381627bdc4fead8dcae61bef9fa5cedd9ccab0
data/raw/doclaynet_hard_negatives/doclaynet_train_6a7ce792cfb4013bfb76.png,train,doclaynet:FertigungsMechAusbV.pdf,3,narrative_document,0,doclaynet,laws_and_regulations,german_laws,FertigungsMechAusbV.pdf,4,feeba3af600b3c3d73e64d8824d08c044769f0114aadc7a57c7039b5a9dfa108.png,f865a5d90c444fcf2ff94982cfe75eb9c43fc9a058e09d9ee6af5f01b1344805
data/raw/doclaynet_hard_negatives/doclaynet_train_7ffb4f548e5b306cd30b.png,train,doclaynet:uksi_20210560_en.pdf,3,narrative_document,0,doclaynet,laws_and_regulations,gb_laws,uksi_20210560_en.pdf,0,4784bdbc846880c4f7076c5008df8fc735f5ebbe9332911fa662479e3751576a.png,1c5bcf632adf4d9d1f42855e179a38a66ed55e09b978d8090de69add893f15ee
data/raw/doclaynet_hard_negatives/doclaynet_train_367f60c4ae971ef00d00.png,train,doclaynet:243_cybsec_2004_zhonghuarenmingongheguodianziqianmingfa_20150216_chl_cec.pdf,3,narrative_document,0,doclaynet,laws_and_regulations,chinese_laws,243_cybsec_2004_zhonghuarenmingongheguodianziqianmingfa_20150216_chl_cec.pdf,1,f944b108939e60867a43266f8b1327fb58dbe20d2035450e03cc0f212550834a.png,ac585a430d3b16dbebb301d388579414c9258f42ffbc80e63bf4f96b95c0d5a4
data/raw/doclaynet_hard_negatives/doclaynet_train_e61e0489806082801a39.png,train,doclaynet:uksi_20200484_en.pdf,3,narrative_document,0,doclaynet,laws_and_regulations,gb_laws,uksi_20200484_en.pdf,10,13f2a22bf2913d86b6c8917e37730ff080972542ff0d443b73a27c0b33bfb4d5.png,f4615693dc29ab0c184d7d695af91b1d7e1361305257a525b45c748d23a6e4c5
data/raw/doclaynet_hard_negatives/doclaynet_train_79e1796daa01a1859622.png,train,doclaynet:uksi_20200188_en.pdf,3,narrative_document,0,doclaynet,laws_and_regulations,gb_laws,uksi_20200188_en.pdf,0,e0ee54379cc847ca639d780ec791d9b4bf46914fbeb15f5ceaf72b055b675156.png,c3f78533966f41dd86bf9b10031a01dee459058f24123f7225d8ae9b9ff0f7f5
data/raw/doclaynet_hard_negatives/doclaynet_train_931db2e3c90c3eb35d53.png,train,doclaynet:uksi_20200148_en.pdf,3,narrative_document,0,doclaynet,laws_and_regulations,gb_laws,uksi_20200148_en.pdf,0,50d2ecda9d5e5cc4cf31b0bf104793c03b033ab38c384c1c197da64e24d850bb.png,156294f9b1a12e4e9e073c0c6a709b56e60b83cc882b4db034f14d6bfabfc625
data/raw/doclaynet_hard_negatives/doclaynet_train_31939cd7c1eb50d61f3e.png,train,doclaynet:uksi_20200155_en.pdf,3,narrative_document,0,doclaynet,laws_and_regulations,gb_laws,uksi_20200155_en.pdf,2,470c4ba86278026cfa02a958d8145e7dd8ec5a738e02dff5b81496d00e96cdf7.png,2558938ed00f7f776a43107b546c4598b8e99e04c9d8d5e86003c0532b7c85b0
data/raw/doclaynet_hard_negatives/doclaynet_train_b51c7f37db777f0b729b.png,train,doclaynet:zIdQzYmkgAer9ADv80uodUtFE37n7qpq.pdf,3,narrative_document,0,doclaynet,laws_and_regulations,russian_laws,zIdQzYmkgAer9ADv80uodUtFE37n7qpq.pdf,10,2857cd6aa03deb7472d483f9b3fd4d84b0604167102e7cfca2da7c87d16a041f.png,4a9e5327debad00b1c53f427b578e4ad9babb3c343fa3197959cc3e0a66a34cc
data/raw/doclaynet_hard_negatives/doclaynet_train_9c583a4201cd0c9e5251.png,train,doclaynet:FinVermV.pdf,3,narrative_document,0,doclaynet,laws_and_regulations,german_laws,FinVermV.pdf,1,c5d6b1b0464c5a7f37af090e1b8ad21b2e9f31ad137cbec8f5b848258c4da233.png,57a9e1390681c44ca8fed15eff398a0d9d81f211252a374b5583ba7d6bea95cc
data/raw/doclaynet_hard_negatives/doclaynet_train_37c879a87be85bc53459.png,train,doclaynet:s24Bc003781002ja13.0_r01C168.pdf,3,narrative_document,0,doclaynet,laws_and_regulations,japanese_laws,s24Bc003781002ja13.0_r01C168.pdf,44,9db0ae97fa65393c4c739585bf87fe5bb84fe7fbe13740cee89abbf18eeacb20.png,420b06ad96be0c93ee541a2db0f233eb6dd7e38632dc31aee284b5c58b8c830d
data/raw/doclaynet_hard_negatives/doclaynet_train_c95fb2a6c947955f52b7.png,train,doclaynet:FKSDVO.pdf,3,narrative_document,0,doclaynet,laws_and_regulations,german_laws,FKSDVO.pdf,0,79722db2dd1494fc5b4e20d5af0b77f5e03fc04a463e090b8f199743db4642ac.png,93f86fd67490a924edcf9917ee04e62d2c530a89d54a0948f802458ee416bb5c
data/raw/doclaynet_hard_negatives/doclaynet_train_67c1c30303dfb4b9ad2f.png,train,doclaynet:FATCA-USA-UmsV.pdf,3,narrative_document,0,doclaynet,laws_and_regulations,german_laws,FATCA-USA-UmsV.pdf,6,bf5f8505ea5eb3174e866abc899156a5ec0f934b2c22d51c693cd56efb3060a2.png,dc229fb83d63b6fc3a9d430b055228b05f1138b3198ba4c6a83921ff1602f344
data/raw/doclaynet_hard_negatives/doclaynet_train_480a898b98afa0f06098.png,train,doclaynet:uksi_20200138_en.pdf,3,narrative_document,0,doclaynet,laws_and_regulations,gb_laws,uksi_20200138_en.pdf,2,43e63d7cb783034b04f0c06e66a3760ee3a3a163d53ea6aebccda1431ab89770.png,5e8c2f32e8a7893d73c7380dad2b1794656f32129d06df9380fa6f421a107aeb
data/raw/doclaynet_hard_negatives/doclaynet_train_b41290211ba8d28b8cd2.png,train,doclaynet:uksi_20210546_en.pdf,3,narrative_document,0,doclaynet,laws_and_regulations,gb_laws,uksi_20210546_en.pdf,0,7c92ffd5d12f85009353775b3c6cd11c284238ba6e9bec1627990bfe94af7d90.png,4811f48dd99dd3016c0a5105f1c128cc5f837d5b489aafaf233eaed3c2cfa705
data/raw/doclaynet_hard_negatives/doclaynet_train_1615a31c7945a54c3ad5.png,train,doclaynet:FluHfSalzbVtr_AUT.pdf,3,narrative_document,0,doclaynet,laws_and_regulations,german_laws,FluHfSalzbVtr_AUT.pdf,0,a5371b9be98b65f724e0cfb334ffebd33993f7a456b300c64c6def17fcc3dda8.png,c098b9d7085defc80136d76f2f0cbcef128804ec71ab9b85a5ca5fb39291a310
data/raw/doclaynet_hard_negatives/doclaynet_train_18c9a55ac77fe94fc8fe.png,train,doclaynet:uksi_20210588_en.pdf,3,narrative_document,0,doclaynet,laws_and_regulations,gb_laws,uksi_20210588_en.pdf,1,76d80b5ed026ec5a7e337a8979796c1255b803622c77878b9d810b40746d9493.png,8f7f6bd6d44ece66e674a3a1386bf6df1407d0af5df3647d4d23f248a7746c17
data/raw/doclaynet_hard_negatives/doclaynet_train_31179c7064306a76191a.png,train,doclaynet:uksi_20210504_en.pdf,3,narrative_document,0,doclaynet,laws_and_regulations,gb_laws,uksi_20210504_en.pdf,0,a2f62ecba07f0b3a6efdc3f7d806c8f57b2eeb1afedd3b47e66cf6ae4a5be5b1.png,2a36d6029309cffbce81cf5ef4973774709f345f075b0c3413ba8e74d46beadd
data/raw/doclaynet_hard_negatives/doclaynet_train_3fc04ef3e9b6cbe05348.png,train,doclaynet:uksi_20200127_en.pdf,3,narrative_document,0,doclaynet,laws_and_regulations,gb_laws,uksi_20200127_en.pdf,0,954c0710c15e408ef911ac7d49b23878e4c3a20276b650533b0525a05b8160c4.png,df039d38a1254bfea243afc3af75f4993bc7cd865864174ecc23d492e53bd22e
data/raw/doclaynet_hard_negatives/doclaynet_train_9da5699307de6b7ffbac.png,train,doclaynet:aah_errata.pdf,3,narrative_document,0,doclaynet,laws_and_regulations,faa_regulations,aah_errata.pdf,0,da6f48c4c3e78c3705de04eabee5e201804883494b2caa1ae8d6bfb50e126be8.png,ae129544455057bdaf4f926d93cc022ca038ad45e1c6c0a4b1164dcd52560c06
data/raw/doclaynet_hard_negatives/doclaynet_train_bf2c8fadbe08ad9abc94.png,train,doclaynet:FinDAGKostV.pdf,3,narrative_document,0,doclaynet,laws_and_regulations,german_laws,FinDAGKostV.pdf,29,13aa49975d36c6992726b5463d851fd9bf2052b6d133d79367fd597bf9d432f9.png,c5c7d7928d5f9c23e51e9b2db1dc8f1549bde8eff8e0eb45f938485649540e79
data/raw/doclaynet_hard_negatives/doclaynet_train_56d0fac810429aa19db6.png,train,doclaynet:uksi_20210565_en.pdf,3,narrative_document,0,doclaynet,laws_and_regulations,gb_laws,uksi_20210565_en.pdf,0,0df9e2e1fe6d2386f1397087315804e30582e17b523c710bfde299a050dd3668.png,0b38c0f019877498d4193351a260e708b6db5f85543582e42e9b74e35e8c4deb
data/raw/doclaynet_hard_negatives/doclaynet_train_2fb3c9bc8e48eaecc584.png,train,doclaynet:FinPlG.pdf,3,narrative_document,0,doclaynet,laws_and_regulations,german_laws,FinPlG.pdf,1,15fc3ece39c125bc42e42fa8e91bdfd1f13a6b621a9029ec571885870de03aea.png,5737fe4a73a4d1c61f5d4cc4e625f859639650cf4ba7c65e8342516c76898ed6
data/raw/doclaynet_hard_negatives/doclaynet_train_de027f9dfac553ba465d.png,train,doclaynet:FVerlV.pdf,3,narrative_document,0,doclaynet,laws_and_regulations,german_laws,FVerlV.pdf,0,aee074cf572b0b706668f462b5fadc7d9f55d394230f10ba1e92b1b590215603.png,e0b481571977a1880d14c25fd2460aa32e4c566f976347b689458ee0e512be1e
data/raw/doclaynet_hard_negatives/doclaynet_train_7a68a513a0fe044a5fec.png,train,doclaynet:EN-c4a_invit_en.doc.pdf,2,structured_document,0,doclaynet,government_tenders,eu_tenders,EN-c4a_invit_en.doc.pdf,0,86865fd3d818776057fb88152d11d5f6bc9c6ec1afc1f68c643b70ed79e8ec5b.png,512adecb9d76cfbbdc1c407ec727b322433d0b6a22f437ba437a791ba002b853
data/raw/doclaynet_hard_negatives/doclaynet_train_a4d014def4fef9965987.png,train,doclaynet:EN-Annex 7 - Financial form.pdf,2,structured_document,0,doclaynet,government_tenders,eu_tenders,EN-Annex 7 - Financial form.pdf,0,ac3903586af2670885874d374094e33753e6f17f4967906ce918bb592b35628f.png,371510f3e3b69eacd23784b6e719295a4c32134a23f4d45564552128810f438b
data/raw/doclaynet_hard_negatives/doclaynet_train_b3e83d719441f4406e91.png,train,doclaynet:EN-Annex 2.2_FWC_Model for specific contracts.pdf,2,structured_document,0,doclaynet,government_tenders,eu_tenders,EN-Annex 2.2_FWC_Model for specific contracts.pdf,7,14d452e4e839c2880490775a146fc13202a86f8a81f4bf956ba88865b154b963.png,928412f3658b98ac7d34834f21139a4d5ffdf7327710c55e936c248b1fddfe40
data/raw/doclaynet_hard_negatives/doclaynet_train_206a3e1eb80dbf3b11c7.png,train,doclaynet:EN-Clarification No.1.docx.pdf,2,structured_document,0,doclaynet,government_tenders,eu_tenders,EN-Clarification No.1.docx.pdf,5,91ad07a07c61e803e89dd2dde96ed1618fed3db972f4135ebaff3bb17335bf3a.png,0dd66cad98d78a32245ba7a8305bb0e59a2d61da0688ae273ef15c2bf8ce08fd
data/raw/doclaynet_hard_negatives/doclaynet_train_43be2e6902e243b3acb9.png,train,doclaynet:EN-PP49_SES_RI_Strategy_draft_contract.pdf,2,structured_document,0,doclaynet,government_tenders,eu_tenders,EN-PP49_SES_RI_Strategy_draft_contract.pdf,5,89e49132e8e41239e2413904f1263fa602753220994528dbcedf4dbd188b91dd.png,ce1baceb1677eb1e6fc69f0478c7031cf1f9a43b93e63f65112fc416799e2777
data/raw/doclaynet_hard_negatives/doclaynet_train_e812e44bdbb537b064dd.png,train,doclaynet:KEI 2_Bauphysik W„rmeschutznachweis.pdf,2,structured_document,0,doclaynet,government_tenders,bavaria_tenders,KEI 2_Bauphysik W„rmeschutznachweis.pdf,35,3d00e3e69b94ef93286ecf857756a4ff18d924c3dfe89eb7e73e3d9dc48b75fe.png,26981094988d335c5577d837709a3c44d95cbbe5c493bf3dc9731c25e7f75d9d
data/raw/doclaynet_hard_negatives/doclaynet_train_92323994b7717a9e3d65.png,train,doclaynet:EN-c4f annexiitechspeciiitechoffer en.pdf,2,structured_document,0,doclaynet,government_tenders,eu_tenders,EN-c4f annexiitechspeciiitechoffer en.pdf,10,f05833dc6658dbc31571d3a448f39138d960385a9cd0a5ac465e6743bc38f4f8.png,5daccf62f8643d9cf9da222bc6d83854aa6739817e0d84f493ec5ed22ada84c0
data/raw/doclaynet_hard_negatives/doclaynet_train_11627e008234ae6fbb97.png,train,doclaynet:EN-Annex IV Order_Form to FWC.pdf,2,structured_document,0,doclaynet,government_tenders,eu_tenders,EN-Annex IV Order_Form to FWC.pdf,0,6a2ec440728145d43a4ed640d06beccbd31a416db8142e48bf23bd7d594e8a89.png,9cb1bcd0888cec89a3337140820faae3b4459a89aae23d2b2fce775b1cf003e4
data/raw/doclaynet_hard_negatives/doclaynet_train_e4667e5ffe8a49d09c4b.png,train,doclaynet:EN-Annex 2.6_FWC_Non-Disclosure Agreement .pdf,2,structured_document,0,doclaynet,government_tenders,eu_tenders,EN-Annex 2.6_FWC_Non-Disclosure Agreement .pdf,0,5a099da689087852362b13235868ab66590b5e1616fbe2917dc1cfcce685afe0.png,ee6aa1c848dc3ba66e128ae0c86ab8808c26ada4bfb8b397baf75a4ea881674e
data/raw/doclaynet_hard_negatives/doclaynet_train_df4222f19baf287e4d38.png,train,doclaynet:IT-7.Allegato I - Parte 2 - Specifiche tecniche_001.pdf,2,structured_document,0,doclaynet,government_tenders,eu_tenders,IT-7.Allegato I - Parte 2 - Specifiche tecniche_001.pdf,1,4746ec44ef95d734fbc94fea6e1dc68eaca427813baef326b3c618886f553d68.png,93217ec42d5afb58a979d4461f1ee403adbc7fe86e6a476fe2c6759535b30c82
data/raw/doclaynet_hard_negatives/doclaynet_train_3117adaf59d8ae02c355.png,train,doclaynet:KEI2 - 214_Teil2 WBV.pdf,2,structured_document,0,doclaynet,government_tenders,bavaria_tenders,KEI2 - 214_Teil2 WBV.pdf,6,108a3cbbf66b515bff863fe67a78df582895ebfd20234377d30f77e38563f532.png,5ce802371b4512348aed3b49b7b2e5856a6bd3779c61d4e9376b49595db61402
data/raw/doclaynet_hard_negatives/doclaynet_train_fa9c68a9fd69a37f921e.png,train,doclaynet:IT-1.Lettera d'invito.pdf,2,structured_document,0,doclaynet,government_tenders,eu_tenders,IT-1.Lettera d'invito.pdf,5,5797c708426011fb29a89635fddbd8565b15b7fe2726d542e6f2ef6d27def9dc.png,1ddf280bdbcea6f2ad408d3ae422db0209de7d3a2d419039a5f4e13c72d9450a
data/raw/doclaynet_hard_negatives/doclaynet_train_cec4542e5575c35594a3.png,train,doclaynet:EN-Annex 17 - POL-0001 ECHA Integrated Management System Strategy and Framework.pdf,2,structured_document,0,doclaynet,government_tenders,eu_tenders,EN-Annex 17 - POL-0001 ECHA Integrated Management System Strategy and Framework.pdf,3,f008b1c10d9195adf49e4e154f23a0edd91e0047380ebd7d0872fff17cac2519.png,1365c19d11075dc32ada0347bf1b1ed0dca06e0d34ae86bd71db9732437ef999
data/raw/doclaynet_hard_negatives/doclaynet_train_60918d49396f5f05326f.png,train,doclaynet:EN-c4j admingrid en.pdf,2,structured_document,0,doclaynet,government_tenders,eu_tenders,EN-c4j admingrid en.pdf,0,3ad95df8be5af6d26825dc00618835eb894f9b782fb5bb304746acadaf3e75f7.png,fd3dcebeecfdc366ffa7333baed034bf8fba42858b9621759e1da72b9388734b
data/raw/doclaynet_hard_negatives/doclaynet_train_efacc7fbb1f7923fcd77.png,train,doclaynet:IT-5.Allegato I - Parte 1.1 - Dichiarazione sull'onore.pdf,2,structured_document,0,doclaynet,government_tenders,eu_tenders,IT-5.Allegato I - Parte 1.1 - Dichiarazione sull'onore.pdf,1,9bed2147d54248b2b9af543256b8a7d7ea55b3e44e77745c6a5195771ffe93be.png,81254e49d74fefdbeb827334fb0c6cce32eb783c30a0a808583f3ad296c175b6
data/raw/doclaynet_hard_negatives/doclaynet_train_c5f665bb24d3310a9627.png,train,doclaynet:EN-Lot1 6 Vol3 d4.3 Section 6  Concrete and Steel Works en GIR rev6.pdf,2,structured_document,0,doclaynet,government_tenders,eu_tenders,EN-Lot1 6 Vol3 d4.3 Section 6  Concrete and Steel Works en GIR rev6.pdf,23,f6b324b73e0bc4db70222ea6a0f5e4c1819c4458dd0bfa39911c2eb6babab3b6.png,fad7c87416c3f40e74cd7b13963d9fc9b9e55e2b8802c0d01b054d804198724f
data/raw/doclaynet_hard_negatives/doclaynet_train_de39553a258660f81f39.png,train,doclaynet:EN-c4h perfguarantee en.pdf,2,structured_document,0,doclaynet,government_tenders,eu_tenders,EN-c4h perfguarantee en.pdf,0,b676fdf287b67824dbe95f4b73dad157fbddca4b5496c0c35254439acae72482.png,bae5c91e7731b9616211d33d32e973c48f412eff17b0ebb54ee66cc456a88190
data/raw/doclaynet_hard_negatives/doclaynet_train_14964f7153aa3a399a3d.png,train,doclaynet:EN-Annex 2.5_FWC_Statements_IPR.pdf,2,structured_document,0,doclaynet,government_tenders,eu_tenders,EN-Annex 2.5_FWC_Statements_IPR.pdf,0,215e15a670bf24a05808261d02e708942904c75b4bb78eaa818bc7c328cb5fa1.png,7150fde2c2fe0c32a3109f4996514ed125a734a0429c2a8a490dc52452c49081
data/raw/doclaynet_hard_negatives/doclaynet_train_14906210d82d9ac70dc4.png,train,doclaynet:EN-Annex 13 - Confidentiality and Security Declaration.pdf,2,structured_document,0,doclaynet,government_tenders,eu_tenders,EN-Annex 13 - Confidentiality and Security Declaration.pdf,0,af9750bf356feb15fd38beda547e2d23a79d429f25483f259bc3896090f1d5db.png,eabb24982a2e5d7d583fdfe47b13f958836aeb3dc949b88f958eab69f7dde66f
data/raw/doclaynet_hard_negatives/doclaynet_train_62c89463c90eb9f4f477.png,train,doclaynet:EN-AA-000799-002-A_TAINSTRUCT.pdf,2,structured_document,0,doclaynet,government_tenders,eu_tenders,EN-AA-000799-002-A_TAINSTRUCT.pdf,4,b1dab9d9fffc3498298b485fb1a79007195c6d979e9b684f50510e4e26fd71d6.png,c4edce57ea551fdb2f713ee5ec10c2eceb47b9049d2d8074ffa5410acd6348c5
data/raw/doclaynet_hard_negatives/doclaynet_train_ddae30aa9e200df1efd2.png,train,doclaynet:EN-Annex 5 - RACEMiC Theme paper.pdf,2,structured_document,0,doclaynet,government_tenders,eu_tenders,EN-Annex 5 - RACEMiC Theme paper.pdf,2,06e0a0e14a3bc89bd27463edf13c96344eb96897c5289990187c6fa2107ec8e4.png,129fde683fe7f27b08ea7dcf2e34be7428ef9f0f88fcab3bb0dfbfdb9cdba517
data/raw/doclaynet_hard_negatives/doclaynet_train_5d958996c1933178862c.png,train,doclaynet:EN-Invitation to tender.pdf,2,structured_document,0,doclaynet,government_tenders,eu_tenders,EN-Invitation to tender.pdf,0,3c06593bfbd8d5c23cd00241f538030f9fc87b641c1aeb60d8df6776875d556f.png,51a537e280f72e1a41887c720ac3e5893fdcced0a20fd72d3b1f11e2308bb806
data/raw/doclaynet_hard_negatives/doclaynet_train_480727808a0d08029d75.png,train,doclaynet:EN-Lot1 Vol4 Section 4.2 schedules of payments en GIR rev8.pdf,2,structured_document,0,doclaynet,government_tenders,eu_tenders,EN-Lot1 Vol4 Section 4.2 schedules of payments en GIR rev8.pdf,0,4dd33119878bc8f31aaa4826300c415513bb22f7bc2d748ec4a65bf1f5e18e15.png,0099c5be4cfb49d9b21dda89d7cbbb9a1fa3d0c1e33b87f80e1ca8fe54d8806c
data/raw/doclaynet_hard_negatives/doclaynet_train_1125ea0e287f5b4dfd29.png,train,doclaynet:EN-c4o2_lefind_en.pdf.pdf,2,structured_document,0,doclaynet,government_tenders,eu_tenders,EN-c4o2_lefind_en.pdf.pdf,1,6bb95392a74466cec02dd0a69ce76457e41fc267cb4f3d9a9c48caaf30e42b53.png,e1b774dc531d708170f352bc03d27e2402da321b463684e5a38399b2d755fa49
data/raw/doclaynet_hard_negatives/doclaynet_train_a30aaa6cab5afbd0af89.png,train,doclaynet:EN-Annexes to the contract_1.pdf,2,structured_document,0,doclaynet,government_tenders,eu_tenders,EN-Annexes to the contract_1.pdf,7,7c5dfd7009ee1263dc9ea31452ccce8adbbe7c3584684ee16646ec8c354fdea2.png,98c6f8a9143307cb4c483ee518fa624a98011bbaa03dbb658921819ef7896db8
data/raw/doclaynet_hard_negatives/doclaynet_train_1d589b5f57057b810667.png,train,doclaynet:EN-Lot1 Lot2 Vol1 Sec1 d4b itt en.pdf,2,structured_document,0,doclaynet,government_tenders,eu_tenders,EN-Lot1 Lot2 Vol1 Sec1 d4b itt en.pdf,16,3f0d9cf79db206d57cfea4b5af0fc04b690d5f59625b0c4c61b3e317311c5407.png,0565f5156788aff7d1aba3076d6b512a5fe3da7b4607035790ec359abcdce968
data/raw/doclaynet_hard_negatives/doclaynet_train_6d6a0c1ef484e03a7793.png,train,"doclaynet:EN-Technical Annex C_DPR_12924_Lot 3, Tasks and DL table.pdf",2,structured_document,0,doclaynet,government_tenders,eu_tenders,"EN-Technical Annex C_DPR_12924_Lot 3, Tasks and DL table.pdf",7,ed4d1d9b1406e903b9f884371754d9dac343221ae3200fc50437a771faf984f2.png,af5e290cce78eded80da2b1b730731ed6308f53dde5c54205a0bfcce03780239
data/raw/doclaynet_hard_negatives/doclaynet_train_38bca9d4026859931186.png,train,doclaynet:EN-Lot1 Vol1 Sec3 d4d tenderguarantee en-lot1.pdf,2,structured_document,0,doclaynet,government_tenders,eu_tenders,EN-Lot1 Vol1 Sec3 d4d tenderguarantee en-lot1.pdf,0,8f87a90e506477e43381154aedb71b7a9749a5bbfca7d7aaa26e14a94029cc50.png,6e71db5c09be11ba29f4d9e2e4b078ff614faad79545eb176300e2e0dc10302c
data/raw/doclaynet_hard_negatives/doclaynet_train_3fae35a7f8304d1e35b7.png,train,doclaynet:EN-Annex 4_E-submission quick guide.PDF,2,structured_document,0,doclaynet,government_tenders,eu_tenders,EN-Annex 4_E-submission quick guide.PDF,14,65737b795f8a12e6a29ec1e6746d26fa79df45b62bc4e3bba14b62f0b270fadd.png,fee7547e70cdea6fe7d9d87bc61511f049d9972b8d7747256386f140b921ac25
data/raw/doclaynet_hard_negatives/doclaynet_train_72c475c889e6b853ddd4.png,train,doclaynet:214_215_HVA-B-Stb_Auftragsbekanntmachung_National-0819-1.pdf,2,structured_document,0,doclaynet,government_tenders,bavaria_tenders,214_215_HVA-B-Stb_Auftragsbekanntmachung_National-0819-1.pdf,0,8b2871cf1d5a73838fc219b4a66c509e9f43e201026e1cb56fe129a85b77c7d8.png,9c7cdca2ed363dd2c10be6608a53ea45a449ea079843bfd8fb397cd88743ae7a
data/raw/doclaynet_hard_negatives/doclaynet_train_7beb16cff093c6e73d01.png,train,doclaynet:EN-Tender Specifications_001.pdf,2,structured_document,0,doclaynet,government_tenders,eu_tenders,EN-Tender Specifications_001.pdf,7,15fb689a5a71c4da2500dd4d688fdf6f576f2ece2c88c1faca093e9fd794669b.png,6ebd80be2ec8a5440c0c2ff736379ed201c7e1d9c878cc898af653d082733642
data/raw/doclaynet_hard_negatives/doclaynet_train_301aefb5a3f5bf9d5dce.png,train,doclaynet:EN-c4e annexigc en.pdf,2,structured_document,0,doclaynet,government_tenders,eu_tenders,EN-c4e annexigc en.pdf,1,016507ccb2faa2df0785efd7845b8815ce0061a3daf8d9050ae397e5a386f5a5.png,3c0012ccd226e8c6fa94b2420f27e289b9602fc7e4fda618191eb9a7c8360f1c
data/raw/doclaynet_hard_negatives/doclaynet_train_2a8dd8a6c1a0e4c9a313.png,train,doclaynet:EN-Annexes IV and V - Legal entity form and financial identification form.pdf,2,structured_document,0,doclaynet,government_tenders,eu_tenders,EN-Annexes IV and V - Legal entity form and financial identification form.pdf,0,169f37b1d8e000636ca4342d7c3c2e343be3b9f093b173f83ee22123008681a8.png,31d77423793a7b086d5c39021100e761b219bd05809899cdda8f1692e7412af7
data/raw/doclaynet_hard_negatives/doclaynet_train_e86fcd01514962f7b488.png,train,doclaynet:EN-INEA2020OP0004_Opening_remotely_final.pdf,2,structured_document,0,doclaynet,government_tenders,eu_tenders,EN-INEA2020OP0004_Opening_remotely_final.pdf,1,356b96bc318442df2de0e199c622b7a3b0a2baf16d2c13a9d45f5dece85e890f.png,24a8d0613e4e2f185ec8eb08b6dd5caa9e6d2ef608f96b66c65b03a80208dc49
data/raw/doclaynet_hard_negatives/doclaynet_train_e18269ffadac3d7c129d.png,train,"doclaynet:EN-Lot1 10 Vol3 d4.3 Section 10 Roads, Landscaping and Fences en GIR rev6.pdf",2,structured_document,0,doclaynet,government_tenders,eu_tenders,"EN-Lot1 10 Vol3 d4.3 Section 10 Roads, Landscaping and Fences en GIR rev6.pdf",11,933b9031265f8dacae252770aea50a63a7b055fcbc0ede625f408b278c9620ec.png,edc23dd50603348ae196763067a301a753f0b0b383a3d95e3339808311c2bc4a
data/raw/doclaynet_hard_negatives/doclaynet_train_63d307826d43c42abd16.png,train,doclaynet:IT-10.Allegato IV - Modulo d'accettazione.pdf,2,structured_document,0,doclaynet,government_tenders,eu_tenders,IT-10.Allegato IV - Modulo d'accettazione.pdf,0,1e180d8bef35e9f0434292b608525dc6b607b0170c093a54f4219f082ef0a5ac.png,0610d6b4a50ce07e04fbc4f0f69e2b1d8ce81ca2ea5c23b525fdee43cb55824d
data/raw/doclaynet_hard_negatives/doclaynet_train_8618b9d06894836851cd.png,train,doclaynet:Online-Vergaben_04-2021.pdf,2,structured_document,0,doclaynet,government_tenders,bavaria_tenders,Online-Vergaben_04-2021.pdf,0,7b811666780909dece9bdab8b357287fca92f88468c192b0c608fa79236d1b21.png,3b2bba0ec354c9d628cafad1e779f843413e1962e45f1013e249c72f2490319c
data/raw/doclaynet_hard_negatives/doclaynet_train_d43d44126a5c312938f0.png,train,doclaynet:DE-Preisblatt-Abwassersammelstation-Fl.B.pdf,2,structured_document,0,doclaynet,government_tenders,eu_tenders,DE-Preisblatt-Abwassersammelstation-Fl.B.pdf,1,38dca56a8b0f12111fd64cabd5e2bf7a209e9573de4c5bce9305e649d3554857.png,15033b71973b69bf2a47d3ed1b1a9adaf0608b50c890fae33b9e1566440ec0b2
data/raw/doclaynet_hard_negatives/doclaynet_train_b2210da26d8298387e94.png,train,doclaynet:EN-a5f additional information contract notice en.pdf,2,structured_document,0,doclaynet,government_tenders,eu_tenders,EN-a5f additional information contract notice en.pdf,0,f9d8474eedee70bac247b25d88569d8f1656ec1dbeba0261a9b0158635e27700.png,595f9a8fb5004c95668dea60434d348029fa5c2dee6a760e27be231e80351604
data/raw/doclaynet_hard_negatives/doclaynet_train_a725174646940cc57501.png,train,doclaynet:EN-OJ_2021_DPR_23656_Invitation to tender.pdf,2,structured_document,0,doclaynet,government_tenders,eu_tenders,EN-OJ_2021_DPR_23656_Invitation to tender.pdf,1,ae78b24e9c57881dba81ce3fac9e8c00f20768ccdf8c1defa07cd7244abc509d.png,da02f502f49bfcd0f241e56826c8864c5a8fe2f1d61ebfde82a43b1aac887012
data/raw/doclaynet_hard_negatives/doclaynet_train_7783fe331af0f19a65bd.png,train,doclaynet:EN-Annex 2 - draft FWC Service Contract.pdf,2,structured_document,0,doclaynet,government_tenders,eu_tenders,EN-Annex 2 - draft FWC Service Contract.pdf,15,89f8bb19048644ac054f429140bfd1413cf6f80b38815c4f10badf24354250a7.png,610b2c2266673ab32b109460e6f6eb955208aa65a3b52379cbf32f315ca6e84f
data/raw/doclaynet_hard_negatives/doclaynet_train_4eafcfd53470ba733745.png,train,doclaynet:EN-Lot1 0 Vol3 d4.3 table of contents en GIR rev6.pdf,2,structured_document,0,doclaynet,government_tenders,eu_tenders,EN-Lot1 0 Vol3 d4.3 table of contents en GIR rev6.pdf,0,64458ef2f35bf6b2577a6034eeaf6472284d8f64b767f154efeb194f1511bb7e.png,607e417e91d7387f220766b8770aaa20bd8e225acf83043a92d2a3f41c1369ad
data/raw/doclaynet_hard_negatives/doclaynet_train_81e09cdabbcb7ccaf5d6.png,train,doclaynet:EN-Procurement Document 1 - Annex C Draft Model Framework Agreement for Provision of Services - Multiple Providers.pdf,2,structured_document,0,doclaynet,government_tenders,eu_tenders,EN-Procurement Document 1 - Annex C Draft Model Framework Agreement for Provision of Services - Multiple Providers.pdf,8,51841187e6f2f055e9a79ef0880420365c0b69931d5a20bace10c5205bf2062a.png,d9a0a2e62bfd3bba8d21531e4f4c48ece0f61460464725150c8627bce4e7ece4
data/raw/doclaynet_hard_negatives/doclaynet_train_a90715c685ca7e78ac44.png,train,doclaynet:EN-Annex 5_Table with B.4) profile names_001.pdf,2,structured_document,0,doclaynet,government_tenders,eu_tenders,EN-Annex 5_Table with B.4) profile names_001.pdf,0,597b08ea89e332fd0ff57cce37b09cfbf7cbd493fef9f8ff982ced9fc55cd981.png,ddd45fbc7094d4f8fdaa9c83d9de61a0d08ce50a550fc81765b15cbc4537bbe6
data/raw/doclaynet_hard_negatives/doclaynet_train_5e62ec7940e2a9a6026b.png,train,doclaynet:EN-c11 provfinalaccept en.pdf,2,structured_document,0,doclaynet,government_tenders,eu_tenders,EN-c11 provfinalaccept en.pdf,0,4ea01e9b23572fbe57d3be027f49590c607a83d05f93a0ec9bd10882baea33d6.png,a33a7197439f5daaff0cb91b0bffa2b45ac1e586aeaf940b74b74f5b6d799636
data/raw/doclaynet_hard_negatives/doclaynet_train_da6933e82944833ba853.png,train,doclaynet:EN-Annex 2.4_FWC_Model Performance-Retention money guarantee.pdf,2,structured_document,0,doclaynet,government_tenders,eu_tenders,EN-Annex 2.4_FWC_Model Performance-Retention money guarantee.pdf,2,d57ce78bb7e4d7a65da6f1ad9f9ef7acc1f219bc9a81d66a64a17033288981dd.png,5998c2f662626efd9d293e55e27617fbd538f9666369b742b9ae7ae66bddaa9f
data/raw/doclaynet_hard_negatives/doclaynet_train_a406018872345c70a69d.png,train,doclaynet:Hinweise_zum_Datenschutz_allgemein.pdf,2,structured_document,0,doclaynet,government_tenders,bavaria_tenders,Hinweise_zum_Datenschutz_allgemein.pdf,0,e9eee42ef567430671110eb668fad7de0be95d349f8b5efa0b4080d30f21f8b2.png,872a04961a6681551cc3a7a146b605128ab4e5df3b3cd94bd0a86d6559b56a00
data/raw/doclaynet_hard_negatives/doclaynet_train_cc90677fbeb4a8fc5917.png,train,doclaynet:EN-Annex 1 - Glossary of terms.pdf,2,structured_document,0,doclaynet,government_tenders,eu_tenders,EN-Annex 1 - Glossary of terms.pdf,0,84e8928a907a1d831359f0dbc5a849828e66b81dc1283ddc18faf57fd1ac024d.png,01b40916e2c00f58b879eb1a1abc483dd85f303a40d9f954ffb853bafffd7c00
data/raw/doclaynet_hard_negatives/doclaynet_train_4fd98288e1485643df99.png,train,doclaynet:EN-Equipment Layouts.pdf,2,structured_document,0,doclaynet,government_tenders,eu_tenders,EN-Equipment Layouts.pdf,1,d5600b26089a497a81f62d264fde2c3b52cd0ef04ce45c9a6cb1f31188ae1de0.png,15c21461ddc5bcc264416e61d2dae2cb2782cfbdcb6329ba1c85466fd1c4833e
data/raw/doclaynet_hard_negatives/doclaynet_train_927ec1cc3c71aa9fffe6.png,train,doclaynet:EN-OJ_2021_DPR_23669_Invitation to tender.pdf,2,structured_document,0,doclaynet,government_tenders,eu_tenders,EN-OJ_2021_DPR_23669_Invitation to tender.pdf,1,b5e7b82fe46dd0023ba45cd26ab9b557be69541b84b85cdaba168a907fd6eab4.png,91616e85c2be0e9752693a9b39c63284ced743a0fc60c3c40aee4a527604c016
data/raw/doclaynet_hard_negatives/doclaynet_train_0573178870dc9bd50189.png,train,doclaynet:EN-Annex A - Administrative Forms.pdf,2,structured_document,0,doclaynet,government_tenders,eu_tenders,EN-Annex A - Administrative Forms.pdf,5,da8303218e92273992a38329eadea536399b1671f81fe6aea66bdf0e19c70226.png,aa1dbea308fd50b73a1cb1f7f8906afc82045c3d69f7256740f79306ae153cf7
data/raw/doclaynet_hard_negatives/doclaynet_train_66852d9b355526a32957.png,train,doclaynet:EN-Draft Service Contract.pdf,2,structured_document,0,doclaynet,government_tenders,eu_tenders,EN-Draft Service Contract.pdf,8,f6e296aac1888519f6cae59cc321c0681f2f992b04bf5a7a3d2f41aceb6b4d8d.png,a2e4435653d619d2554514e6b7d553bf4aff2a820d6548579e644805199ee5d7
data/raw/doclaynet_hard_negatives/doclaynet_train_cb4f44dc0cd3a6067775.png,train,doclaynet:EN-OL_2021_DPR_2365_FWC_EQA_Listeria_Salmonella_STEC_Lots1_2_3.pdf,2,structured_document,0,doclaynet,government_tenders,eu_tenders,EN-OL_2021_DPR_2365_FWC_EQA_Listeria_Salmonella_STEC_Lots1_2_3.pdf,34,e878e92b2093ec84b6c1473677d13f41efb3d8053d65c745e0585cd82925ee24.png,0267468eb549ca7cb3746e193f35bc55d6ad5d472375dc8da7bace36d3e4bb97
data/raw/doclaynet_hard_negatives/doclaynet_train_40c4bc3f9bd0d67fd9a1.png,train,doclaynet:DE-05-Abwassersammelstation-LV.pdf,2,structured_document,0,doclaynet,government_tenders,eu_tenders,DE-05-Abwassersammelstation-LV.pdf,38,919762fd5dfd6a11d1e433afbbb78267219eb068e74cc9e9f0194cb587a0d653.png,6d55fdca3a7eb8d5d0df7965faabb6bad39e97511e827bf893e71238939c2360
data/raw/doclaynet_hard_negatives/doclaynet_train_ac58e0d35228b27ca919.png,train,doclaynet:EN-Annex 2.2 Demonstration of Conformity.pdf,2,structured_document,0,doclaynet,government_tenders,eu_tenders,EN-Annex 2.2 Demonstration of Conformity.pdf,2,0bb2578432a143ce97bc319dcc9a8f499ab1e9d37be991afa057fac3a62c4506.png,915b2d755d353c7f04d0f3360dd7392fe41ed5ae2aee012e62a1b262947027a2
data/raw/doclaynet_hard_negatives/doclaynet_train_6a6f41758f9c6578241a.png,train,doclaynet:Vergabeunterlagen_Vergabe_KEI2-2020-112.pdf,2,structured_document,0,doclaynet,government_tenders,bavaria_tenders,Vergabeunterlagen_Vergabe_KEI2-2020-112.pdf,79,a28fef4d3691bca29fb5fa9077675c991246d3b5a629f86d59bc5db348fef2be.png,46a752feaec6d772174a8b4140f3a3a9d500bde5e1936bca2b64715efb4fd381
data/raw/doclaynet_hard_negatives/doclaynet_train_791155a06ca774b3b871.png,train,doclaynet:EN-c4b_itt_en 1.docx.pdf,2,structured_document,0,doclaynet,government_tenders,eu_tenders,EN-c4b_itt_en 1.docx.pdf,0,40bbb20395cbd715de5bc9b9f7e399dd7536395abbcc24d32edfb5d71eb5efcf.png,cb091def6205551f2b910b7018f2deb95fcead637cec0ecd5ebd13a9fb5f37cd
data/raw/doclaynet_hard_negatives/doclaynet_train_8035d55f222adf6d134e.png,train,doclaynet:EN-c4f_annexiitechspeciiitechoffer_en.pdf,2,structured_document,0,doclaynet,government_tenders,eu_tenders,EN-c4f_annexiitechspeciiitechoffer_en.pdf,13,841e122de8cb8f22c3ebff7835a8d4e070aaa43719a6b3b99f42d0e56cb59e3c.png,05096fe57f0a9d6b96796e50665106a72f0cce0277b19279c2927bf5f51281a4
data/raw/doclaynet_hard_negatives/doclaynet_train_38803444ccb98b63be2f.png,train,doclaynet:EN-Tender specifications PART I-1.docx.pdf,2,structured_document,0,doclaynet,government_tenders,eu_tenders,EN-Tender specifications PART I-1.docx.pdf,5,ba86f6c86844f220fc4f89a6873d58b5eb2dbb2b2a10626b1b80bef0b3b9903a.png,326b14a6a5ecbf78fece78af83b5dedc7dd1e64d4f1f1a21c8d1085e5eeb3a68
data/raw/doclaynet_hard_negatives/doclaynet_train_74a634566f085f575e1c.png,train,doclaynet:EN-TenderSpecs_OC-EFSA-DATA-2021-01_1.pdf,2,structured_document,0,doclaynet,government_tenders,eu_tenders,EN-TenderSpecs_OC-EFSA-DATA-2021-01_1.pdf,12,c8a4b86d4228a7c8b3196d285edf1c1142c7f48635f50e93b9805670780df36d.png,4b738603fca2a4e752c7b4b45175e86e78e1dad2ae4168b29e0f1c71d7e21d40
data/raw/doclaynet_hard_negatives/doclaynet_train_e70c4d2b7a68d55029dd.png,train,doclaynet:IT-2.Bozza di contratto quadro.pdf,2,structured_document,0,doclaynet,government_tenders,eu_tenders,IT-2.Bozza di contratto quadro.pdf,37,896d3e773dfaa7d8857ceabb2822d03e1cad11a80f5ae51e354fbfca4286a507.png,c74055723eed812c9fa3c8c94b7ec25f2117e9249734ae8ec62025238b7a238e
data/raw/doclaynet_hard_negatives/doclaynet_train_29f075d70fca8108610b.png,train,doclaynet:EN-Draft Framework contract.docx.pdf,2,structured_document,0,doclaynet,government_tenders,eu_tenders,EN-Draft Framework contract.docx.pdf,32,fad2e452576bd3c62901b0619ac4667bbd70a40a713254970b24b9c61c767adc.png,db6d59feeaa2a1cc830965b625fbd4c2d29277fa89c1f067d0491916ab7960a2
data/raw/doclaynet_hard_negatives/doclaynet_train_0aabb99ba569c5e5ae88.png,train,doclaynet:223 Aufgliederung der Einheitspreise.pdf,2,structured_document,0,doclaynet,government_tenders,bavaria_tenders,223 Aufgliederung der Einheitspreise.pdf,11,ae6178471d6830a1b340b61155a1938c83f14fc37c5b6f6c7de25bfdf00842ec.png,8aec6ad212fdd23c260c6d444ff9b0af3dc14b2a03a71c88295bf6bb04b511c8
data/raw/doclaynet_hard_negatives/doclaynet_train_b07aad72e254eea27196.png,train,doclaynet:FR-Appendice 1 Programme minimum entretien preventif 18-05-21.pdf,2,structured_document,0,doclaynet,government_tenders,eu_tenders,FR-Appendice 1 Programme minimum entretien preventif 18-05-21.pdf,25,61e104e8ac03ca2c4bd93605d7c317913807cb2e8bf2fb391522147ba06f7460.png,a910bf145012bf6caf8a3836e6fa38dd471e943f83d4dd03b0946bcb2abe87a5
data/raw/doclaynet_hard_negatives/doclaynet_train_f1c7978b6f92d2f45e76.png,train,doclaynet:DE-04-Abwassersammelstation-Vertrag.pdf,2,structured_document,0,doclaynet,government_tenders,eu_tenders,DE-04-Abwassersammelstation-Vertrag.pdf,10,cffad8880d717672e8a171b3ba6ab7c6bd206d2fe0251fa42d20762c9cedceff.png,00a4772c5deb31cdecd511ad2ac92dc42c6d0b660f63e51aa420b2700b656a71
data/raw/doclaynet_hard_negatives/doclaynet_train_1c87a75ac60ecbb33b04.png,train,doclaynet:EN-Clarification No 1 to TD.pdf,2,structured_document,0,doclaynet,government_tenders,eu_tenders,EN-Clarification No 1 to TD.pdf,0,2b0df7208e358796d3304dab2b3e4d6616dc47b3c8e951c0d71a15a238a90d6f.png,fcf1684b964e62e1e607d3b57b6194becaaba5108825a10f445f8eb628ec8e99
data/raw/doclaynet_hard_negatives/doclaynet_train_b315cfd2fb671cc15288.png,train,doclaynet:EN-General terms and conditions for ICT contracts.pdf,2,structured_document,0,doclaynet,government_tenders,eu_tenders,EN-General terms and conditions for ICT contracts.pdf,34,56cea96076ab73f632ec274e0b9c36dcedd88c03c55b5fcdf54b1e1a0f8c86ed.png,48ebb675d6dc267814918a0d680f14620e7000231152db0d02ddbef93feccae2
data/raw/doclaynet_hard_negatives/doclaynet_train_98bc0c1d8c3a226373fa.png,train,doclaynet:EN-Annex 11 - Profiles description.pdf,2,structured_document,0,doclaynet,government_tenders,eu_tenders,EN-Annex 11 - Profiles description.pdf,21,1726001485f9e6c59d2a6197fd572151e79f772b78cd9b77284ddced773ffea7.png,248e6264e1ce0b9925781783eabb2545ad8dc659082996066cbf1f8571036359
data/raw/doclaynet_hard_negatives/doclaynet_train_aaebef43534e5096530d.png,train,doclaynet:Sigeplan_ Klinikum_ Eichst則t_25-08-20.pdf,2,structured_document,0,doclaynet,government_tenders,bavaria_tenders,Sigeplan_ Klinikum_ Eichst則t_25-08-20.pdf,21,af0ece23698e2d91e36acf1b19ea345c7e769502b380b138f96510c410fd0091.png,efcab453bc8a23a854730648437a2bb225fd97d9ed6d3fcb227c448fc7a0472c
data/raw/doclaynet_hard_negatives/doclaynet_train_0108f5fa2a8a684ecb9e.png,train,doclaynet:EN-Lot1 Lot2 Vol1 Sec5 d4m evalgrid en GIR rev5.pdf,2,structured_document,0,doclaynet,government_tenders,eu_tenders,EN-Lot1 Lot2 Vol1 Sec5 d4m evalgrid en GIR rev5.pdf,0,49a9da5eab7343e1f3af0684f4e60d589f7dfca0f3ee3966364418c013cf615d.png,cfccc7dc772dd40218432fe568ea98d035cd01615c44f6cbc4bc69d3efe6c18a
data/raw/doclaynet_hard_negatives/doclaynet_train_6dde191eb0ff993d8532.png,train,doclaynet:EN-a14a declaration honour procurement en.pdf,2,structured_document,0,doclaynet,government_tenders,eu_tenders,EN-a14a declaration honour procurement en.pdf,2,de974944a9db82be1c45a663b66939f67c81e6d16430acf700583784a2d08d38.png,fdaa1eb8c90592959e8d21dd98075a7c9a0e9258fe8ca23fa6a84ef532dfbe77
data/raw/doclaynet_hard_negatives/doclaynet_train_a641ea1087cd4a25db2e.png,train,doclaynet:EN-Procurement Document 1 - Annex C General Terms _ Conditions for Framework Agreements (services).pdf,2,structured_document,0,doclaynet,government_tenders,eu_tenders,EN-Procurement Document 1 - Annex C General Terms _ Conditions for Framework Agreements (services).pdf,7,6f3ac8a75c7e4e20a59c7ebf3e11163432d9c1c3adfccb209c3c047ce849469c.png,82a65c74806c4d77d5efaf30dc2ac6f0d97d95c20968e3fa3c84231748c35dbe
data/raw/doclaynet_hard_negatives/doclaynet_train_2d5a25a25673d9743587.png,train,doclaynet:EN-Lot1 Vol4 d4w finoffer 4dot2 en GIR rev8.pdf,2,structured_document,0,doclaynet,government_tenders,eu_tenders,EN-Lot1 Vol4 d4w finoffer 4dot2 en GIR rev8.pdf,5,855fe85b08690d922d13418f6ee6507d575e3662ac0214c9d87e30b8fdf13ab7.png,625680fc3fe97afe1241848fefd2f0eeb7e5d760495a14ab5e5eb864ec010823
data/raw/doclaynet_hard_negatives/doclaynet_train_3cd208261b979728914c.png,train,doclaynet:DE-02-Abwassersammelstation_AdminAnnex.pdf,2,structured_document,0,doclaynet,government_tenders,eu_tenders,DE-02-Abwassersammelstation_AdminAnnex.pdf,1,b96731ef1f88bc3421523a074869d02e95f09cffb6b3718ced89e3c55b4c40db.png,aaeff04da444f8a6ac4ad274772105327191e8e395830313d1d830f02c4804c8
data/raw/doclaynet_hard_negatives/doclaynet_train_bbbd43ba1ca211e7715f.png,train,doclaynet:DE-07-Renovierung Abwassersammelstation-On site Visit FAQ_FINAL.pdf,2,structured_document,0,doclaynet,government_tenders,eu_tenders,DE-07-Renovierung Abwassersammelstation-On site Visit FAQ_FINAL.pdf,1,d425d5a9172cd490bb204c9910956b492e38699b156ffa60b025e2632089ec29.png,8302e267d4faab830dfab30b6b1fbabc822359296dafc955ef85cba35769a2c8
data/raw/doclaynet_hard_negatives/doclaynet_train_4f0f490dd49263de50e1.png,train,doclaynet:EN-PP49_SES_RI_Strategy_invitation-to-tender-e-submission.pdf,2,structured_document,0,doclaynet,government_tenders,eu_tenders,EN-PP49_SES_RI_Strategy_invitation-to-tender-e-submission.pdf,4,5401df919b3316475d3cf8f46da431d03546eb9a7a2cdf660b5792bd9adc79ba.png,6ccfa300c213ff71504cc31b9ea664d1e4870fc12af233683348f9c5a81468c5
data/raw/doclaynet_hard_negatives/doclaynet_train_615c6ed4c543ce1d1e8a.png,train,doclaynet:EN-Changes No.1 to Tender Dossier.docx.pdf,2,structured_document,0,doclaynet,government_tenders,eu_tenders,EN-Changes No.1 to Tender Dossier.docx.pdf,3,ced8d8da5d798c14b58bbaecd5414e68bffe9226f717587efcc4d1714247652d.png,602f86648fd5c2e4a99896138a36594a162cf43109522fabb1ef6c7944d757aa
data/raw/doclaynet_hard_negatives/doclaynet_train_cf6bab41c47989a3f495.png,train,doclaynet:EN-Lot1 3 Vol3 d4.3 Section 3 Plant Description GIR rev9.pdf,2,structured_document,0,doclaynet,government_tenders,eu_tenders,EN-Lot1 3 Vol3 d4.3 Section 3 Plant Description GIR rev9.pdf,49,f187e39510520f27dafea84bcf615bedb4d8b3d9edbd88931950e96ca3703d6e.png,f2c5bf656cbebbf304b444346a486e3bcfbe6cea5d8faf89ba5baf812c92f83b
data/raw/doclaynet_hard_negatives/doclaynet_train_3af472d48bfeab903d0d.png,train,doclaynet:EN-TenderSpecs_OC-EFSA-DATA-2021-01.pdf,2,structured_document,0,doclaynet,government_tenders,eu_tenders,EN-TenderSpecs_OC-EFSA-DATA-2021-01.pdf,15,6ee398ec8750e78a815aba37db093b9482195212db24973f8d3ccb916c0af3c7.png,0eae9af49ce7746f18e1684cfd7f04f2547f3a9c6c6dfe5ad31fdd053ba7fd3c
data/raw/doclaynet_hard_negatives/doclaynet_train_c12fc47951f946f02747.png,train,"doclaynet:EN-Technical Annex D_DPR_12924_Lot 4, Tasks and DL table.pdf",2,structured_document,0,doclaynet,government_tenders,eu_tenders,"EN-Technical Annex D_DPR_12924_Lot 4, Tasks and DL table.pdf",7,6e00e88485ce03567b51c2cf62b0e41f65a3afdb14fbc7653c0fdb2470c76753.png,a0f80defa91fd45110aebba6df683de5e35aaf89323f2b8e0131832170bb888f
data/raw/doclaynet_hard_negatives/doclaynet_train_57c594f948713efc13ca.png,train,doclaynet:IT-3.Allegato I - Capitolato d'oneri - cover.pdf,2,structured_document,0,doclaynet,government_tenders,eu_tenders,IT-3.Allegato I - Capitolato d'oneri - cover.pdf,0,1d99f671c6f1e4c0c8d1f607568000a9c3c32ba5ce93157b4e9683612667ab68.png,c7ec255c294f6cadd5d4d3e00ec1ec397ccfe8d305f0005c6e2ffe7bb5256426
data/raw/doclaynet_hard_negatives/doclaynet_train_f804ee10f0ab51519426.png,train,doclaynet:202104_Wichtige_Firmeninfo_Bekanntmachung_STBAKRU.pdf,2,structured_document,0,doclaynet,government_tenders,bavaria_tenders,202104_Wichtige_Firmeninfo_Bekanntmachung_STBAKRU.pdf,0,a327ed2015a261e4971614f23a057fe214eecf49c683172296be801ec25a5f05.png,ce152039251272b90943fe9e991f24774e5278e3199fcd030f6dfb20f91300ed
data/raw/doclaynet_hard_negatives/doclaynet_train_f3abf62ccc9564967a8c.png,train,doclaynet:EN-Lot1 1 Vol3 d4.3 Section 1 IntroExisting Condition GIR rev8.pdf,2,structured_document,0,doclaynet,government_tenders,eu_tenders,EN-Lot1 1 Vol3 d4.3 Section 1 IntroExisting Condition GIR rev8.pdf,6,63463483e197d609cff740814a468006e1aa1ad96a1c48b24f516fd8e19d9769.png,754ca9157d5a88d55bd7f9f6ab70338cd81162778a3c610ff88ad61ee5d2def1
data/raw/doclaynet_hard_negatives/doclaynet_train_f03b8be6129de4d0cb10.png,train,doclaynet:EN-AA-000799-002-C-02_letter undertaking.pdf,2,structured_document,0,doclaynet,government_tenders,eu_tenders,EN-AA-000799-002-C-02_letter undertaking.pdf,0,819e6f7900cc00c30d5878a38eee9038c7f9ebdabfb98b92ad963478db28fc58.png,33afff0355e7b16dcbb57629df05a2aaf991be3ffbba2a260c9dd852075f41fd
data/raw/doclaynet_hard_negatives/doclaynet_train_9a40727181300f7136b2.png,train,doclaynet:EN-Annex 02_draft Framework Contract.pdf,2,structured_document,0,doclaynet,government_tenders,eu_tenders,EN-Annex 02_draft Framework Contract.pdf,30,be7dc849fc784ea093e1b6f82daf8e03fdd20e8108a42253f88b31ce9674934e.png,9574b696b4dc4a21a51220d3b0101592b10b2f6506a09c050ce3b3c351e35777
data/raw/doclaynet_hard_negatives/doclaynet_train_da1ef10af56a4beb2bf5.png,train,doclaynet:EN-OJ_2021_DPR_23669_Tender Specifications.pdf,2,structured_document,0,doclaynet,government_tenders,eu_tenders,EN-OJ_2021_DPR_23669_Tender Specifications.pdf,12,20d5a590b4cfea21437c52663f29903522faa22cd7b4e560571a49908948d131.png,79174bb786bc97dc6dad710fe4e4953e066902fe96d0e6afa888aa423a26cdad
data/raw/doclaynet_hard_negatives/doclaynet_train_858c78f33e22ca69c0ba.png,train,doclaynet:EN-c4i prefinanceguarantee en.pdf,2,structured_document,0,doclaynet,government_tenders,eu_tenders,EN-c4i prefinanceguarantee en.pdf,0,366d8b81809619335b6f424e1505fd4dba1ce1e90c5a0ec1e2bb2c24c0e97f0b.png,964f3aa1a429d53c844b58252060db0d5d7b397b7c8c5c17b545bfadd018e092
data/raw/doclaynet_hard_negatives/doclaynet_train_ece604b420600150098c.png,train,doclaynet:EN-Lot1 2 Vol3 d4.3 Section 2 Design Basis GIR rev8.pdf,2,structured_document,0,doclaynet,government_tenders,eu_tenders,EN-Lot1 2 Vol3 d4.3 Section 2 Design Basis GIR rev8.pdf,5,cf484a6f898fa0d94aa0eadcc62083ee05461f3b2dd78ee67300690d7ac49fef.png,6e706ec1c2d1c1edbd4fcbb59889c04b123eaf3053414d4f5434e6c2efcc7304
data/raw/doclaynet_hard_negatives/doclaynet_train_f8ee8ec4ff1cb9207bc0.png,train,doclaynet:EN-Invitation to tender 0142 signed.pdf,2,structured_document,0,doclaynet,government_tenders,eu_tenders,EN-Invitation to tender 0142 signed.pdf,0,9fd5b1c98076979d4979c1c707163bdd40b3946a4f1863a8edab76ad898fd9ea.png,cc65a7633e9bdd151cc46b10d2940a3318b101bc9d9e1608bbcfcfb3767e5ee2
data/raw/doclaynet_hard_negatives/doclaynet_train_e4d9fb3bcf2bc3b2326e.png,train,doclaynet:EN-AA-000799-002-C-08_TADATASHEET.pdf,2,structured_document,0,doclaynet,government_tenders,eu_tenders,EN-AA-000799-002-C-08_TADATASHEET.pdf,0,87f4710c43058cc9d332edfbf883a62ca63016dba72adbfa5c4d35ce419f8723.png,9b674809ece7cee6986cd69b9bfb7a5094453d6259b4a5b0943a977b6bf252c9
data/raw/doclaynet_hard_negatives/doclaynet_train_efbfa99a0e5b885b49fc.png,train,doclaynet:EN-Procurement Document 1 - Annex C Appendix D  EU Controller to Non-EU Processor .pdf,2,structured_document,0,doclaynet,government_tenders,eu_tenders,EN-Procurement Document 1 - Annex C Appendix D  EU Controller to Non-EU Processor .pdf,6,46c228938473579dc92e649ec6fbd5256b45f63548dd976010d149a3c83c43ea.png,5706cc39ad0af054ab30617825179446703ec7654d84b5efc69560e63f7a0ced
data/raw/doclaynet_hard_negatives/doclaynet_train_91524d550bf1239467bd.png,train,doclaynet:EN-c4k evalgrid en.pdf,2,structured_document,0,doclaynet,government_tenders,eu_tenders,EN-c4k evalgrid en.pdf,0,f53f1f5c5e876af51fab1f41fa3195ae4fea72785437540aab3c8abd0fd87b5d.png,7924c955b82c70b13170ef43cfa0c25244361c670c1e64a5459f4c4c2e3b8217
data/raw/doclaynet_hard_negatives/doclaynet_train_58308e4df137e8aa736d.png,train,doclaynet:FR-Annexe III bordereau financier18-05-21.pdf,2,structured_document,0,doclaynet,government_tenders,eu_tenders,FR-Annexe III bordereau financier18-05-21.pdf,4,264d4b048bc3a79907370e5ea4b42de848fa9c9d136c9a077036added7cd1938.png,0fa0cc5757855776947b9ddabd39e754cd9d9e0bca7e0b27d8aef96fdaa816c7
data/raw/doclaynet_hard_negatives/doclaynet_train_dce0052237dbacd6718e.png,train,doclaynet:EN-Tender_Specifications_DPR_12924_vaccine_effectiveness.pdf,2,structured_document,0,doclaynet,government_tenders,eu_tenders,EN-Tender_Specifications_DPR_12924_vaccine_effectiveness.pdf,20,336ad0b42904784a00258390dbf10b2841b5dce7b84e940e769a75cc4b549b4f.png,2735ba6639c8b8ebc3ff184578884d818aaba312c64418674bca4df9acfaa95b
data/raw/doclaynet_hard_negatives/doclaynet_train_b2cd8e712ad969b712c1.png,train,doclaynet:EN-Tender Specifications 2.pdf,2,structured_document,0,doclaynet,government_tenders,eu_tenders,EN-Tender Specifications 2.pdf,47,41c098cd31e0249672144623acbaedd27576b6ec758039c099fc5186d4167a6a.png,220e67f13b8a5aced8cefdb586efa10d8dede94b476e0f899d88480e5512f4c9
data/raw/doclaynet_hard_negatives/doclaynet_train_71dd718668b94b43232a.png,train,doclaynet:EN-a5f_additional_information_contract_notice_en.docx.pdf,2,structured_document,0,doclaynet,government_tenders,eu_tenders,EN-a5f_additional_information_contract_notice_en.docx.pdf,4,4a53df84497bf4ec8de6e5292d16adcf7ad7a0973aa335c585d0dd213523d1a3.png,3383f70d4c2aa5ad51e65e9e8b5252bfd0064999bdefa95b1cc35c37418f9d22
data/raw/doclaynet_hard_negatives/doclaynet_train_bd9d84ead609131dbe6e.png,train,doclaynet:EN-ECHA2020_666_Annex 01_Technical Specifications.pdf,2,structured_document,0,doclaynet,government_tenders,eu_tenders,EN-ECHA2020_666_Annex 01_Technical Specifications.pdf,17,0e8bd6fe2d045613b683af10c6f2677302afff1292000b14448bd9bb291a24a6.png,22de898f23c5170268041884319d27dd3f0e9eca3802ce169fb94a1caa7b9d26
data/raw/doclaynet_hard_negatives/doclaynet_train_b3637ddbefc6423fa6f7.png,train,doclaynet:EN-Lot1 5 Vol3 d4.3 Section 5 Earth and Pipe Works en GIR rev7.pdf,2,structured_document,0,doclaynet,government_tenders,eu_tenders,EN-Lot1 5 Vol3 d4.3 Section 5 Earth and Pipe Works en GIR rev7.pdf,15,54260c318af9a75cd78528f0a99964a1fc32b380c739629cc61a5cb86e4184a5.png,f50cead4bf3f9a44d97c3496d548e3285761e937ae4b9ca4d3c29a48cd2e81c8
data/raw/doclaynet_hard_negatives/doclaynet_train_c6456f9accef64bdab7b.png,train,doclaynet:EN-Tender specifications_ECHA-2020-724.pdf,2,structured_document,0,doclaynet,government_tenders,eu_tenders,EN-Tender specifications_ECHA-2020-724.pdf,33,f46349b2ffd814ad85708f70d08455dbaedb9c382e0510bdc53017f988b80ec1.png,03fe97a0d491580dde5542e03ecfb9c081a303e37cf19af8f9d77b49df233f52
data/raw/doclaynet_hard_negatives/doclaynet_train_3bf940f52968ce520fbe.png,train,doclaynet:EN-Annex 3 - ERA Theme paper.pdf,2,structured_document,0,doclaynet,government_tenders,eu_tenders,EN-Annex 3 - ERA Theme paper.pdf,0,9283ea9680ca7e05ef65b8953c93aba866a7e1a1d22ba043921110da202eea3a.png,5012c716a9f94959f62322404969c7dec4c041eccb375b9d84a9a8d527ab4529
data/raw/doclaynet_hard_negatives/doclaynet_train_a6fcc664d285d3ff40e3.png,train,doclaynet:EN-c4o2 lefind en.pdf,2,structured_document,0,doclaynet,government_tenders,eu_tenders,EN-c4o2 lefind en.pdf,1,73f72af04cec19c77b5540f796c9642a5e42658acc31e4b1cda22ab28f780e90.png,e1b774dc531d708170f352bc03d27e2402da321b463684e5a38399b2d755fa49
data/raw/doclaynet_hard_negatives/doclaynet_train_61f12075ec2009e4f85d.png,train,doclaynet:EN-Draft contract 2.pdf,2,structured_document,0,doclaynet,government_tenders,eu_tenders,EN-Draft contract 2.pdf,3,44fd45e106a463465b6fdf8f40c4ce076da75f579446b2d57cc3126a1006dd47.png,d95356c7f04f1242f53c6bd36dc48d017e56b972b7c008f9636f21ce27920b4d
data/raw/doclaynet_hard_negatives/doclaynet_train_8d75c01f26a86e04295f.png,train,doclaynet:FR-Appendice 2 Inventaire des installations techniques 18-05-21.pdf,2,structured_document,0,doclaynet,government_tenders,eu_tenders,FR-Appendice 2 Inventaire des installations techniques 18-05-21.pdf,7,d0de69771238dde55432f59ee05dd3479c874d6272fc4465c2c1332b2080345f.png,5f4a58a714af71ea1aec8af9bd9856fbc3d5b407f3e1cc9a4a6ef5b4bff584e8
data/raw/doclaynet_hard_negatives/doclaynet_train_7514aa55f994c7efeb9a.png,train,doclaynet:EN-Annex 12 - POL-0016 IT Contractors Remote Access.pdf,2,structured_document,0,doclaynet,government_tenders,eu_tenders,EN-Annex 12 - POL-0016 IT Contractors Remote Access.pdf,1,0fb625571de5379a3fb2a0372c54149b57c15c9f62fa0d6642bb38c7cd526ddb.png,6a58c772301c31e5dd193532b1127532d3eabad54e7623f60a2368bbeda5bf2d
data/raw/doclaynet_hard_negatives/doclaynet_train_e89e530947d77a27f81d.png,train,"doclaynet:EN-Technical Annex E_DPR_12924_Lot 5, Tasks and DL table.pdf",2,structured_document,0,doclaynet,government_tenders,eu_tenders,"EN-Technical Annex E_DPR_12924_Lot 5, Tasks and DL table.pdf",8,d22ac03667fd39e36d6bde1c64e5683722c4b0a6b99a46cc127baf53e3de1db2.png,10dba52573e6639de718cc6283a79a04be652ed5fd86b9e65695a4586e94d19b
data/raw/doclaynet_hard_negatives/doclaynet_train_50ac8a8d51d396157ba2.png,train,doclaynet:EN-c4c contract en.pdf,2,structured_document,0,doclaynet,government_tenders,eu_tenders,EN-c4c contract en.pdf,0,ca6469b2519f3b930c86abb83ac54580be3936d0fc6448d649f18ccd1379b7e1.png,37628c2238752057390134d0807e988573cb60b93eb78b01e092e265892474c2
data/raw/doclaynet_hard_negatives/doclaynet_train_91952f6fb8198db78b1f.png,train,doclaynet:EN-Procurement Document 1 - Annex F Exercises.pdf,2,structured_document,0,doclaynet,government_tenders,eu_tenders,EN-Procurement Document 1 - Annex F Exercises.pdf,0,607482b66218a20508a6a80c98f5c11b04e9cb755c05387a5886d08281d20230.png,1ccae01a74d0f7c9935bc604cf0e2e45155dcc3d0a65436f8075a85e76a31c1e
data/raw/doclaynet_hard_negatives/doclaynet_train_384eee748b293e6f2fa9.png,train,doclaynet:EN-Clarifications.doc.pdf,2,structured_document,0,doclaynet,government_tenders,eu_tenders,EN-Clarifications.doc.pdf,0,e9954028d4d034b8140348f0af253aea8922b32685d1498f0203e90d17d33157.png,9703ac8189cfb27f5126985e3552349260e30cb48b338fa583902a990f082283
data/raw/doclaynet_hard_negatives/doclaynet_train_7cc99035ce0a6f9b28fd.png,train,doclaynet:EN-Tender specs - Open call - ERA - mCRA - NAMs (1).pdf,2,structured_document,0,doclaynet,government_tenders,eu_tenders,EN-Tender specs - Open call - ERA - mCRA - NAMs (1).pdf,23,90433df844268479d36f78dc5dd0aa569c030e11bf01502529cfbd66c6e8c4c8.png,392d5d7036449e2842f132eb879a39d5e2ef49fa4e501542d4870b02770335c8
data/raw/doclaynet_hard_negatives/doclaynet_train_d2f1a911b17a1d30ced2.png,train,doclaynet:EN-c4o3 lefcompany en.pdf,2,structured_document,0,doclaynet,government_tenders,eu_tenders,EN-c4o3 lefcompany en.pdf,1,4d0b17429438d29bef393d4d433de1aca037d2bfc1783545f084f0102e4feccf.png,a413acb0ae8b8d99505d4d7426064c171f64c71b378a3bb83523f2bdee79eb30
data/raw/doclaynet_hard_negatives/doclaynet_train_f99d28d48e519108a0c9.png,train,doclaynet:KEI2 - Konzept Baulrm+ Bauerschtterung.pdf,2,structured_document,0,doclaynet,government_tenders,bavaria_tenders,KEI2 - Konzept Baulrm+ Bauerschtterung.pdf,4,c8d7875909e9638a40d64714d2183933ce140cac7b4f3d54823b721275a6c9ee.png,1f9581b331af69a3759d05f0f19be222643b6cc001340461d34074b4da91b8be
data/raw/doclaynet_hard_negatives/doclaynet_train_9fa456ab4f6c374ef383.png,train,doclaynet:EN-Declaration on Honour.pdf,2,structured_document,0,doclaynet,government_tenders,eu_tenders,EN-Declaration on Honour.pdf,5,b13b14b4897fc49bdfab35bbd68e6fc6597eab6fa3ed511bc94338d88f578da7.png,674908c1965f8b3c3b351d110301db2684208de805279d7a7ff397390db6531f
data/raw/doclaynet_hard_negatives/doclaynet_train_3b4117103ca394f5c283.png,train,doclaynet:EN-Annex 2.3_FWC_Daily subsistence allowances and accommodation flat-rates.pdf,2,structured_document,0,doclaynet,government_tenders,eu_tenders,EN-Annex 2.3_FWC_Daily subsistence allowances and accommodation flat-rates.pdf,1,19578460efd2abdfb363d12fa323ef4b99106e7da0a2279c7322603720b9ee89.png,ebe64601d5ffc7353a89e68292107a5ba9a6e102c49a5e0c8171f92bd6a2e71a
data/raw/doclaynet_hard_negatives/doclaynet_train_5fa682767ae517aaa92a.png,train,doclaynet:06-L�ftungsplan_Abwassersammelstation_Fl-B.pdf,2,structured_document,0,doclaynet,government_tenders,eu_tenders,06-L�ftungsplan_Abwassersammelstation_Fl-B.pdf,0,070ca149cf9bf53ba879f8ad77581ccbbf6f5a136294c7dffa3bf6ac4e20748d.png,d3ef63576d46923ee8dc76e62e7ae73211162caa31f59dd90b1305fba404e4e7
data/raw/doclaynet_hard_negatives/doclaynet_train_5cb5296d0fe374efd02d.png,train,doclaynet:EN-Lot1 11 Vol3 d4.3 Section 11 Training&Maintenance en GIR rev6.pdf,2,structured_document,0,doclaynet,government_tenders,eu_tenders,EN-Lot1 11 Vol3 d4.3 Section 11 Training&Maintenance en GIR rev6.pdf,8,223ec89b32eecfa57c02c5880b5062845c48cd0756873aca649811d1a7036e9a.png,e9a55373744dc4e7e0cb164c597a003af537b18e63e7b449bbbd592346be926a
data/raw/doclaynet_hard_negatives/doclaynet_train_7a3ca03875ab4b1275ac.png,train,doclaynet:EN-Annex 8 - PRO-0027 ICT governance.pdf,2,structured_document,0,doclaynet,government_tenders,eu_tenders,EN-Annex 8 - PRO-0027 ICT governance.pdf,44,4e6bbed475d6e1fe0bf725e963059598f105d07f5dd58c7d4f1527a130d970b9.png,d6d32c355c5a64906b6d728ee0c861bab8c00c0dafad47153c730feac60afebb
data/raw/doclaynet_hard_negatives/doclaynet_train_74d5d6c175c68027e2a5.png,train,doclaynet:FR-Cahier des charges -18-05-21.pdf,2,structured_document,0,doclaynet,government_tenders,eu_tenders,FR-Cahier des charges -18-05-21.pdf,35,8ae8b95d37bb74604d1c840ddf3d0bddb4f71d3686373fac288264970a0fb1c4.png,9cecca5f5a9362e05ef3c4e2374f3351a44439552d2dd9e2b3d7ef983dd3c374
data/raw/doclaynet_hard_negatives/doclaynet_train_debab6168bfbed0908e4.png,train,doclaynet:04-Durchbruchsliste.pdf,2,structured_document,0,doclaynet,government_tenders,eu_tenders,04-Durchbruchsliste.pdf,0,48b0e00b5827f4f4cdf8bccfa85d1c63575d98debbc95f82e1cb42a9e2d4a45c.png,2fa8e7183699a22b01e8e098b5046303500ebb987b02d40c94ecfe5f21ceed8c
data/raw/doclaynet_hard_negatives/doclaynet_train_56ca528a8de708c60023.png,train,doclaynet:EN-Lot1 9 Vol3 d4.3 Section 9 Building Works en GIR rev6.pdf,2,structured_document,0,doclaynet,government_tenders,eu_tenders,EN-Lot1 9 Vol3 d4.3 Section 9 Building Works en GIR rev6.pdf,22,d583cb879980ab7a32bedbe812def12d7b4186ee6500e880dec0433a4dfe9f1b.png,071946252d2eb128373ad267940438f14dd0a31e639551985fbeb85a0c0a1258
data/raw/doclaynet_hard_negatives/doclaynet_train_f60e659b2c91dc0b4b84.png,train,doclaynet:EN-PP49_SES_RI_Strategy_ tender_specifications_001.pdf,2,structured_document,0,doclaynet,government_tenders,eu_tenders,EN-PP49_SES_RI_Strategy_ tender_specifications_001.pdf,32,edee88d249e59bf8f8a774bb0d59185844534283f77b564aca0814cf4ec68760.png,0abb55b18f77b5881dedaa40e19b03d7a940d6dca6a44a45fde6dbb5aab565bd
data/raw/doclaynet_hard_negatives/doclaynet_train_d66e76318dfa1bb36b86.png,train,doclaynet:08-Rohrleitungsliste 02_05_2012.pdf,2,structured_document,0,doclaynet,government_tenders,eu_tenders,08-Rohrleitungsliste 02_05_2012.pdf,0,bd1172d47f02e5ca768ef70e80c9a02361ad733299b12105604982974ddc4d4d.png,662673d14cbb537678099168fed762ed485a2dfbadbf0261f5f07f771f1dfaad
data/raw/doclaynet_hard_negatives/doclaynet_train_f326da30488f569606c4.png,train,doclaynet:EN-Annex 3-ServiceAreas_OC-EFSA-DATA-2021-01.pdf,2,structured_document,0,doclaynet,government_tenders,eu_tenders,EN-Annex 3-ServiceAreas_OC-EFSA-DATA-2021-01.pdf,1,85588681adecaf85b635984d6d01e11a13b2963bad867a7b4470076b846ffb35.png,cbb1e7ca0625b84a664889c2069c70b10601dee65b3004b99797dc1156a02d0b
data/raw/doclaynet_hard_negatives/doclaynet_train_60fd180d94cc9e174c71.png,train,doclaynet:121_Bekanntmachung_Oeffentliche_Ausschreibung-1219a.pdf,2,structured_document,0,doclaynet,government_tenders,bavaria_tenders,121_Bekanntmachung_Oeffentliche_Ausschreibung-1219a.pdf,1,51a7569daeb67f6b3477c7fcba2f511cf0f218ade9b3c7107c14b3d521ec082d.png,17ba55488fd39e75cfc8e1c97f4f591590fb710c3ed20c54c23491a478012702
data/raw/doclaynet_hard_negatives/doclaynet_train_5800c40c9987ceeb8cce.png,train,doclaynet:EN-AA-000799-002-C-04_TABUDGETFB.pdf,2,structured_document,0,doclaynet,government_tenders,eu_tenders,EN-AA-000799-002-C-04_TABUDGETFB.pdf,0,ecff5dd740e8413d24b3e82a598af2092a936de24e7fd2fca3fc027f43ddeb28.png,59367b88be9f3141f0b250c8457d00a916efed1b362d63f58025f9756a3ff457
data/raw/doclaynet_hard_negatives/doclaynet_train_69f1b2d7f79d64d36d55.png,train,doclaynet:Ergaenzung_zu_Weitere_Besondere_Vertragsbedingungen-0521.pdf,2,structured_document,0,doclaynet,government_tenders,bavaria_tenders,Ergaenzung_zu_Weitere_Besondere_Vertragsbedingungen-0521.pdf,0,6108586eef28f14fe76f0b0462c1313cdc7503e9228d6229f004e943d9158463.png,b1dbd2754d29ffc81f72001155a09f7382f630ebf9b9a2695f7e7c7dc9de506e
data/raw/doclaynet_hard_negatives/doclaynet_train_2a84b28101c79c1dc877.png,train,doclaynet:EN-Lot1 4 Vol3 d4.3 Section 4 General Requirements en GIR rev6.pdf,2,structured_document,0,doclaynet,government_tenders,eu_tenders,EN-Lot1 4 Vol3 d4.3 Section 4 General Requirements en GIR rev6.pdf,25,21967d8956b3f503a67e779d24b2d1ac02961f11a538ec4f1c54f2014077de24.png,1ddd5fe419167b672e77ac506cc273ce470a151c8701460e7e46c621a4ffef64
data/raw/doclaynet_hard_negatives/doclaynet_train_6d77236ff5c9f1b3be49.png,train,doclaynet:EN-Lot1 Lot2 Vol1 Sec2 d4c tenderform en.pdf,2,structured_document,0,doclaynet,government_tenders,eu_tenders,EN-Lot1 Lot2 Vol1 Sec2 d4c tenderform en.pdf,0,93479cbcac105887a83bddd507b114d3193039ae4efccb908532dbfd667e1bfe.png,4f9ff58530a9adffb437d77e9d28db397e3523a7d9444801ccc3019b4896fa59
data/raw/doclaynet_hard_negatives/doclaynet_train_940df4f17c28d5c272a9.png,train,doclaynet:EN-AA-000799-002-C-05_TAEVALGRID EN.pdf,2,structured_document,0,doclaynet,government_tenders,eu_tenders,EN-AA-000799-002-C-05_TAEVALGRID EN.pdf,0,34bf52c05879244ba7f64379d6442c4a5a1ed682591288617d5526fc58999c9a.png,0ff2c5f1ccb62c34c88a95b23c7c05390dedba3d84a047e1f8102285796de36c
data/raw/doclaynet_hard_negatives/doclaynet_train_72f73be668187879b3bd.png,train,doclaynet:EN-AA-000799-002-C-01_Declarations and other Templates.pdf,2,structured_document,0,doclaynet,government_tenders,eu_tenders,EN-AA-000799-002-C-01_Declarations and other Templates.pdf,0,7d9a6fa7412f98a96ce64226f5a0b056b110485cfd894cef20b5e7f197029896.png,5b1878eedae40e9ccb1d7f16a7e86e337644d023dee9341013c7a07f61150378
data/raw/doclaynet_hard_negatives/doclaynet_train_0c927618b582310c9e29.png,train,doclaynet:EN-Invitation to tender ECHA.2020.666.pdf,2,structured_document,0,doclaynet,government_tenders,eu_tenders,EN-Invitation to tender ECHA.2020.666.pdf,3,a4e75f27d065116aeb182993557ce20313b5f1fc29ae9eac094994948f8629fc.png,29d205e3d132e1b288ae6e648299021a9a25de156f9e59180fd868e8380a654b
data/raw/doclaynet_hard_negatives/doclaynet_train_ee675ea9a641e71c3ff6.png,train,doclaynet:EN-Annex II -Financial proposal_ID12924.pdf,2,structured_document,0,doclaynet,government_tenders,eu_tenders,EN-Annex II -Financial proposal_ID12924.pdf,3,f02df67e5e844612e1e66794432c1cb389c741fdf057e74b7a814006055ced0d.png,511e8f5e31dbb88c99cea778b412ae51e8240a8c9ea047e65860588c6d279a6a
data/raw/doclaynet_hard_negatives/doclaynet_train_bd45bb82194e2c7c35f6.png,train,doclaynet:EN-c4o1_fif_en.pdf.pdf,2,structured_document,0,doclaynet,government_tenders,eu_tenders,EN-c4o1_fif_en.pdf.pdf,0,da7cf61429a4a0514478afce54fbafed38ef8293a394f8a406527f2f8653feec.png,edaff10f9225bf88bbc350a18a094eac634b18631fcdbf0d2b9e42c798c8f82a
data/raw/doclaynet_hard_negatives/doclaynet_train_48126595708cc717581a.png,train,doclaynet:EN-Direct_Service_Contract.pdf,2,structured_document,0,doclaynet,government_tenders,eu_tenders,EN-Direct_Service_Contract.pdf,33,d833e0e9917b06ade56e17aa00153bd8e3cdc2b2a124ab076ec81b5b2af79491.png,1b6e8ea8b67071cc232ca132044576d854e2004f2103b846bb515e4bd5964d81
data/raw/doclaynet_hard_negatives/doclaynet_train_c3a66d3a2f7cdb115143.png,train,doclaynet:EN-Draft Framework contract (IT).pdf,2,structured_document,0,doclaynet,government_tenders,eu_tenders,EN-Draft Framework contract (IT).pdf,0,29ffe363e1df8fe83d1e4b4789851c322766e1bf4ce4d03882f6ed409de5a2fe.png,86cc45060f18b8d945d0c91ea2170c3278a4d07dcfb875bc8ed591c83eeaa1d3
data/raw/doclaynet_hard_negatives/doclaynet_train_54c58803b96e0c1a7704.png,train,doclaynet:EN-part 1 - Tender specifications - Administrative Specifications.pdf,2,structured_document,0,doclaynet,government_tenders,eu_tenders,EN-part 1 - Tender specifications - Administrative Specifications.pdf,25,3127aca7d64a0a7d3f49662f2ae821bbf6542680338760d8462ee303ea72e965.png,ee77fa1b654213f6fd35c265d46f0a6939b8397c914dc6b6f85c95ad3c13a195
data/raw/doclaynet_hard_negatives/doclaynet_train_db989e01b4a060abab26.png,train,doclaynet:EN-c4o1 fif en.pdf,2,structured_document,0,doclaynet,government_tenders,eu_tenders,EN-c4o1 fif en.pdf,0,462ad636c38e8995bb45ae38ee3de9026003c8472641b7076190c87a6bde2ed0.png,cc48842bf6d5819ba8586508d3c8f5c388429e9ad3edb8c9bdcc774810cfab2f
data/raw/doclaynet_hard_negatives/doclaynet_train_96c1c0a88337f06e83fe.png,train,doclaynet:EN-itt-note-cpn Water electrolysis test station JRCPTT2021CPN0763.pdf,2,structured_document,0,doclaynet,government_tenders,eu_tenders,EN-itt-note-cpn Water electrolysis test station JRCPTT2021CPN0763.pdf,3,3e6d7f3da348751d8b3088b1cf02cc2abe000c893e5363130c3bcd293d6ce434.png,6e96ff299932078d5529dea6d478d3f04ea981a2fc1dd550378a34fad4127be6
data/raw/doclaynet_hard_negatives/doclaynet_train_7b092720209978e341bb.png,train,doclaynet:FR-Annexe II Exigences minimales-18-05-21.pdf,2,structured_document,0,doclaynet,government_tenders,eu_tenders,FR-Annexe II Exigences minimales-18-05-21.pdf,0,99983036a6a63b3dc272e8dbe50d8993b3165efa3bd935380d1b394052d13bc1.png,42458e8e698c145aa2e7b77a04ce878ef45c1b67f6ee95d3eca0e1d8277c6366
data/raw/doclaynet_hard_negatives/doclaynet_train_f7d8e4eb730f2201b115.png,train,doclaynet:EN-Invitation to tender letter.pdf,2,structured_document,0,doclaynet,government_tenders,eu_tenders,EN-Invitation to tender letter.pdf,3,c694c2dfc607c120dd757c45cac037bbc5b7d44d929e2cdc4851030058d6cbd0.png,156bf31bfd9ca15bdf52d71763062a2b3cd28b59f130a19646417ca26dc8911f
data/raw/doclaynet_hard_negatives/doclaynet_train_c456ff5e33c2b0fe1df4.png,train,doclaynet:EN-a5f info candidates tenderers enotices en.pdf,2,structured_document,0,doclaynet,government_tenders,eu_tenders,EN-a5f info candidates tenderers enotices en.pdf,2,3ea0a2cd19620fcd2b900d6d8cb8833f9f2bdda4a6960bf25d145c88ee0632a2.png,cea34b94e50fba206c3e763229543b1349c80e92bc4b3d83a9185cf80dc9bcb9
data/raw/doclaynet_hard_negatives/doclaynet_train_36d4ebff8226f09939d7.png,train,doclaynet:FR-Annexe I au cahier des charges-DOH-18-05-21.pdf,2,structured_document,0,doclaynet,government_tenders,eu_tenders,FR-Annexe I au cahier des charges-DOH-18-05-21.pdf,4,3b549ee8e04440be82111e30a9fc8e36d33a703e76aa936760e56a4b801875dd.png,059dd74c703f75ed20a0470496041329e497ebb1b9e2e649a3079a2cd41faf19
data/raw/doclaynet_hard_negatives/doclaynet_train_62a13b6c5c5ba5a92c9c.png,train,doclaynet:EN-Lot1 8 Vol3 d4.3 Section 8 Electrical Works en GIR rev8.pdf,2,structured_document,0,doclaynet,government_tenders,eu_tenders,EN-Lot1 8 Vol3 d4.3 Section 8 Electrical Works en GIR rev8.pdf,106,81e7b2612c15e477b506f77b608d2665e65eb6657f2da9e25ebe8e6fe9db18dc.png,5615cad1e3541d22fc1fc5f3e55a2de371194bbee5babd9d07f95b57b1200821
data/raw/doclaynet_hard_negatives/doclaynet_train_49b74faad68a53a6a635.png,train,doclaynet:EN-Draft Study Contract.pdf,2,structured_document,0,doclaynet,government_tenders,eu_tenders,EN-Draft Study Contract.pdf,47,83c673fae493a0411e42f7ae189462f26ecf3ec1a351013132a2b1b87bdece36.png,5cf765e049972095872c0831f2c0aca98a9558221979d9a3a21f1912ad25c563
data/raw/doclaynet_hard_negatives/doclaynet_train_faa01ef5abc390bb85a2.png,train,doclaynet:FR-Appendice 3- Politique Environnementale 18-05-21.pdf,2,structured_document,0,doclaynet,government_tenders,eu_tenders,FR-Appendice 3- Politique Environnementale 18-05-21.pdf,3,18f3fce88fbfac5129b238a2bef8760d9fec3944f0c8b3aa96654e348dbb4d98.png,9e6dd4d73dd91ccbbe7da7461b69d0c8e74fc3048300585529371839b9803f07
data/raw/doclaynet_hard_negatives/doclaynet_train_c59d3cae6677f313ad62.png,train,doclaynet:108_Information_Datenschutz_08-19.pdf,2,structured_document,0,doclaynet,government_tenders,bavaria_tenders,108_Information_Datenschutz_08-19.pdf,0,ec00c244db0c99ffb1d783c997190645b9f93b8833a3e02d653cf7589297d208.png,b8347583bc22b45e0355ee94ceaa48db64a269a71d6b6ffe8f2afb53e1367f5e
data/raw/doclaynet_hard_negatives/doclaynet_train_c334763ad4b7f5b15a4c.png,train,doclaynet:EN-Tender specifications.pdf,2,structured_document,0,doclaynet,government_tenders,eu_tenders,EN-Tender specifications.pdf,14,25faacf0afa6f23251a592133b1cd0bb15ee6ff9a7cdab8a41639fdd52da67c3.png,0190850c85fc98595866c1678a2e4a92b4895ab9c59d1ca0b2ad32345b07f917
data/raw/doclaynet_hard_negatives/doclaynet_train_8b1d9d3473bd297a45b2.png,train,doclaynet:EN-c4o3_lefcompany_en.pdf.pdf,2,structured_document,0,doclaynet,government_tenders,eu_tenders,EN-c4o3_lefcompany_en.pdf.pdf,0,4e2a67ab569e4ef0a8abda546f465f867f178ce9d6fcfdb86e819d0380a03c35.png,e4fd579181f20a9864f22622ea949527ce0c250ec7586ebad3798f64cbc83a4b
data/raw/doclaynet_hard_negatives/doclaynet_train_ac911ed144159aff3002.png,train,doclaynet:EN-c4e_annexigc_en.pdf.pdf,2,structured_document,0,doclaynet,government_tenders,eu_tenders,EN-c4e_annexigc_en.pdf.pdf,19,3e6925caf489cc857a1b4d27bbc7808a2fc1b9c2f3413648cefd187060369a0e.png,adb2370b4a0f131aee836efdd23a6b7f624270015cc86935f27342bebade07e0
data/raw/doclaynet_hard_negatives/doclaynet_train_327dd925b4e057aa0831.png,train,doclaynet:EN-FWC (IT) Annexes I - V - VI.pdf,2,structured_document,0,doclaynet,government_tenders,eu_tenders,EN-FWC (IT) Annexes I - V - VI.pdf,0,d3cc91c39102efbcf3d46db3526ed7aea1f91b3cf0498a6a8ee0335c962e82f0.png,8376bca9ba847e79618f522ad9abd420289b1812cf566aac56287bba02e98b91
data/raw/doclaynet_hard_negatives/doclaynet_train_71a457e7ad1a627df2c3.png,train,doclaynet:EN-c4n tenderguarantee en.pdf,2,structured_document,0,doclaynet,government_tenders,eu_tenders,EN-c4n tenderguarantee en.pdf,0,e5093a7abdc37d9b3f86df185a2ee82a48d3c46cb544c7ec6ad2dbb17b3953dd.png,fc04fafee0275e0f7d04726a9736458dfa217f2200ad634f2303cf2dab0a751a
data/raw/doclaynet_hard_negatives/doclaynet_train_8ec89f7cc1201a6e2800.png,train,doclaynet:Staatenliste Stand_24_01_2020.pdf,2,structured_document,0,doclaynet,government_tenders,bavaria_tenders,Staatenliste Stand_24_01_2020.pdf,0,b5a1fb06cb00c73c9b5284b918097b0ca2230cd7b09abc54a58897b263c660b8.png,df19f869c384fb7990e747e10ef2119758c11fe2180b5b087cfcf314d3ce2580
data/raw/doclaynet_hard_negatives/doclaynet_train_5c77bc7438827ec60efe.png,train,doclaynet:IT-8.Allegato II - Offerta del contraente_001.pdf,2,structured_document,0,doclaynet,government_tenders,eu_tenders,IT-8.Allegato II - Offerta del contraente_001.pdf,4,f0cbe14f1f0451d701e4f4d9635b515194175981adb027175ce995412d627c79.png,f5b029d67e222eab1d8e71bb0cb2ab28ee54b0db3fe2b32fb0b7473d7d4f4fe7
data/raw/doclaynet_hard_negatives/doclaynet_train_34e6e6915789f2825fb9.png,train,doclaynet:EN-Procurement Document 1 - Annex C- Model Contract for complex assignment implementing the Framework Agreement.pdf,2,structured_document,0,doclaynet,government_tenders,eu_tenders,EN-Procurement Document 1 - Annex C- Model Contract for complex assignment implementing the Framework Agreement.pdf,1,ba345f79b286e1230a8403392af49272f89e4b84915dfb3b969a8d1c1745b108.png,2e0679b0a0baf31d9106a5af62f6d7263108aef676acd0bad46d25391eec1144
data/raw/doclaynet_hard_negatives/doclaynet_train_ceeb0f6e2b7ab221e784.png,train,doclaynet:09-Systemschaltplan.pdf,2,structured_document,0,doclaynet,government_tenders,eu_tenders,09-Systemschaltplan.pdf,0,fa542ff1631080541d18a8f66c914d8002bf69d388d64606f9e7dd67e0ca0ae1.png,cf3e24da9308fd293c03958ea0c50f05272a2a80cea420c808f8289fa57e0621
data/raw/doclaynet_hard_negatives/doclaynet_train_f6aaf2333e91636f6f34.png,train,doclaynet:EN-OJ_2021_DPR_23669_Financial proposal.pdf,2,structured_document,0,doclaynet,government_tenders,eu_tenders,EN-OJ_2021_DPR_23669_Financial proposal.pdf,2,c2c63228bc11a1ecae13efb184553e44810e570bec944cfec104bc7b446fd89f.png,1aae75c777bac2b8bd650d95fa10c6efcb2432da1ad0e386ec957911182c00ab
data/raw/doclaynet_hard_negatives/doclaynet_train_1f30b6dcca1c8e8af04d.png,train,doclaynet:EN-Annex XII - Declaration of confidentiality and no conflict of interest .pdf,2,structured_document,0,doclaynet,government_tenders,eu_tenders,EN-Annex XII - Declaration of confidentiality and no conflict of interest .pdf,0,bbd09d12d850d07bcce0008de8c9480f5e3724edc5b09eb3e7f9922660bc7ba6.png,a83d2c7451148a33ded1647708a4b0f16c54ebc65b566b6b0fcbd0cd04e6b0ae
data/raw/doclaynet_hard_negatives/doclaynet_train_ff1239727d60fb33765a.png,train,doclaynet:EN-OC-EFSA-DATA-2021-01_Annex1-FinancialOffer.pdf,2,structured_document,0,doclaynet,government_tenders,eu_tenders,EN-OC-EFSA-DATA-2021-01_Annex1-FinancialOffer.pdf,1,151ae765f0db91871a5266a5c8d1f3fa3ff7712ffd73e70b58d37a16ce526933.png,28139b932b8bcb900666bfd85c8391c93a15be9baa1370b5ca06d15b15d1adb0
data/raw/doclaynet_hard_negatives/doclaynet_train_a62309e02740dbbf0da3.png,train,doclaynet:EN-02b. Tender Specification_LOT2_F-COD-20-T03.pdf,2,structured_document,0,doclaynet,government_tenders,eu_tenders,EN-02b. Tender Specification_LOT2_F-COD-20-T03.pdf,24,ff1ffd15655f641c61321f3c8ee2866f191d310fabe865d4bf77c1719a7dc026.png,0b1cc841e6c4a41f4d4ed93261d6f69b7e5d7350fe8895a49ab6051414439ada
data/raw/doclaynet_hard_negatives/doclaynet_train_0ae76766de0367a70268.png,train,doclaynet:EN-c4b itt en.pdf,2,structured_document,0,doclaynet,government_tenders,eu_tenders,EN-c4b itt en.pdf,5,6e55d1bc46d8ff6f7ea780bcf616b5dd6b6f6bad5996bf00bae4063806bae5f1.png,5017357c7fed9c8ae0b548f37ece423ef0b2eef2db90436c18d937b433daea15
data/raw/doclaynet_hard_negatives/doclaynet_train_ad81f6ea8f41668ca8cd.png,train,doclaynet:EN-AA-000799-002-C-10_TAEXPVERIF.pdf,2,structured_document,0,doclaynet,government_tenders,eu_tenders,EN-AA-000799-002-C-10_TAEXPVERIF.pdf,1,747dc744b2725cb3e6171e6d48bc340cdbf434081fbe5379b6755b1a5e8a8ef2.png,849dfbeb8c2aefc6b859e94e987c5a79aa3122ccfa47ba0101e6f4637093a6fa
data/raw/doclaynet_hard_negatives/doclaynet_train_a39342107a716fa2cb92.png,train,doclaynet:EN-Invitation to Tender and Tender Specifications.pdf,2,structured_document,0,doclaynet,government_tenders,eu_tenders,EN-Invitation to Tender and Tender Specifications.pdf,10,93579238a8ebe1d8ecf48ef208b2ba3f9075ba549e3a6116da9761c78979a9cb.png,7720813cec76a7df671da9b0d399c213ef4fa5b44d21c2b7f4895b499c7c60c5
data/raw/doclaynet_hard_negatives/doclaynet_train_a9ec865210a4992fec68.png,train,doclaynet:EN-Technical Specifications.pdf,2,structured_document,0,doclaynet,government_tenders,eu_tenders,EN-Technical Specifications.pdf,36,cd52374768b0b829ea801eb22b6b1d9063c7dc47c161529a359a59643930271d.png,9de2b97c127421d63db1804b0e11dd2577bafb75394da46020eb7bc9460da3db
data/raw/doclaynet_hard_negatives/doclaynet_train_b0cd97f17c33836cd6ef.png,train,doclaynet:EN-Annex 2 - Draft Direct_Service_Contract.pdf,2,structured_document,0,doclaynet,government_tenders,eu_tenders,EN-Annex 2 - Draft Direct_Service_Contract.pdf,6,626241b22a54e11dc80a1f9937b961241e04d6e0cfd33372eba84120f27af9ab.png,779fb5eb413684efcb2fa1a6c03033e776e578ee0f2c77b522c3b13cb8c2c3a8
data/raw/doclaynet_hard_negatives/doclaynet_train_d748070720b65ec2ae9f.png,train,doclaynet:EN-Annex E - Checklist for Requirements.pdf,2,structured_document,0,doclaynet,government_tenders,eu_tenders,EN-Annex E - Checklist for Requirements.pdf,3,ccdb0bd2f985f69512413b9bb1e99458e7bc21e31eaf08111faaa360dd60a9a0.png,7018370ec63a6d9cb60fd291f538a7d23c54a54c3cc961c47ae072adb6f45e5d
data/raw/doclaynet_hard_negatives/doclaynet_train_c4431b60a82012fde20d.png,train,doclaynet:EN-c4o4 lefpublic en.pdf,2,structured_document,0,doclaynet,government_tenders,eu_tenders,EN-c4o4 lefpublic en.pdf,0,3c6c880f73fe22b17dad44a5a181c5ff135a20744f9ce09a3720074b51a1b243.png,a3b8bf68627597ba6b01b5e8c10e2fa9a43f3574125852483b0208b1a5bcfb9f
data/raw/doclaynet_hard_negatives/doclaynet_train_0aeefd2ab58277d7a750.png,train,doclaynet:EN-Appendix I e-submission guidelines.pdf,2,structured_document,0,doclaynet,government_tenders,eu_tenders,EN-Appendix I e-submission guidelines.pdf,3,11d00aaa8fc0cd746b43e0a44fdf0d22a02111905363767c4ff103a414aad8d0.png,701ca5367330ee6be850516bcba63ffcdf809446f0e89b9f2e6068cdb7410de9
data/raw/doclaynet_hard_negatives/doclaynet_train_736d031f71177230b10e.png,train,doclaynet:EN-Technical specifications.doc.pdf,2,structured_document,0,doclaynet,government_tenders,eu_tenders,EN-Technical specifications.doc.pdf,20,181174021cafa2ab10a40be1954556ac3cd2abed70b359601b9fc44f4ebf50f7.png,1b891c8a6e74ee941be5cf5c7d562a1ed70a258a6ddd3d19120e6931543c0071
data/raw/doclaynet_hard_negatives/doclaynet_train_ae31df89e871d1a3e088.png,train,doclaynet:124_Eigenerklaerung_zur_Eignung_zuBekanntm-1019b.pdf,2,structured_document,0,doclaynet,government_tenders,bavaria_tenders,124_Eigenerklaerung_zur_Eignung_zuBekanntm-1019b.pdf,1,c907affefca5aa8cf46ef927f4ca9fd987ae248116b84e9adc5bd2cd2700ea92.png,c8496729e57e2daa3f5f3487502a4b34f6c8f5646466458bba860e3c473b7d52
data/raw/doclaynet_hard_negatives/doclaynet_train_490824478863dcb3c229.png,train,doclaynet:EN-Tender specs - Open call.pdf,2,structured_document,0,doclaynet,government_tenders,eu_tenders,EN-Tender specs - Open call.pdf,5,637a4f939c3494a10a6df3742818975ec7c4c8a5378a8217c63b39274e0fbd8d.png,35a75a57831e93691583f498fd7c129b7348528c46c2d6a647b32e123d62a68b
data/raw/doclaynet_hard_negatives/doclaynet_train_aacf705a96ddfcd3efaf.png,train,doclaynet:07-Meįstellenliste 02_05_2012.pdf,2,structured_document,0,doclaynet,government_tenders,eu_tenders,07-Meįstellenliste 02_05_2012.pdf,6,a10711ab85436625099c18323754a81508d0fcf0ca8bb61e1ee64b31a71eef4b.png,3d718a925a7135fdd766f7bcd69d4b3983d55b6960eba0395ac0f101820e01bd
data/raw/doclaynet_hard_negatives/doclaynet_train_71525f00639651434b0b.png,train,doclaynet:EN-Lot1 Lot2 Vol1 Sec4 d4e techofferquestion en.pdf,2,structured_document,0,doclaynet,government_tenders,eu_tenders,EN-Lot1 Lot2 Vol1 Sec4 d4e techofferquestion en.pdf,1,18bdd953223bc52dcc10ca0559fed54003c7b6374c063653c34fd72a504d7c14.png,b842772274f2e1a5b04f7a26ae6fc9b22a2e3ccb28f33d398fd7d1cad72c72bd
data/raw/doclaynet_hard_negatives/doclaynet_train_bde43fbfaaecd28a757b.png,train,doclaynet:EN-c4c_contract_en Lot 1.docx.pdf,2,structured_document,0,doclaynet,government_tenders,eu_tenders,EN-c4c_contract_en Lot 1.docx.pdf,0,43030cc40dc2dfcfee1bf41eee86c1e456ea82ed4f00cea996b73898e1131081.png,3ef7d5be3642ee1e22eca82b7d92a74a045833408871ba9e4fd3d3a3f8c64947
data/raw/doclaynet_hard_negatives/doclaynet_train_35ae5781c457c74768fe.png,train,doclaynet:EN-Annex 9 - PRO-0079 Preventive and risk-based approach to management.pdf,2,structured_document,0,doclaynet,government_tenders,eu_tenders,EN-Annex 9 - PRO-0079 Preventive and risk-based approach to management.pdf,1,027b1725c9403bb3b0f7b5e95dabe4ccbd3a23750b314690223a84b2d55401a9.png,853141100e26445ee56a35ad8a5bb556ad04c731932eaccde445de2137e71781
data/raw/doclaynet_hard_negatives/doclaynet_train_5f3e60bd25311e1d78aa.png,train,doclaynet:EN-App A- B General terms and conditions for ICT contracts.pdf,2,structured_document,0,doclaynet,government_tenders,eu_tenders,EN-App A- B General terms and conditions for ICT contracts.pdf,35,65d22fa21851b50736a305a5d54f81527fef5a1c950b7abc6d54bfd8f6220293.png,07a8fccb703875d2715212bcd0513a87a3bcafa730d83d8cbd1780c957626c77
data/raw/doclaynet_hard_negatives/doclaynet_train_38a34648070fadfb0216.png,train,doclaynet:DE-01-Abwassersammelstation_ITT.pdf,2,structured_document,0,doclaynet,government_tenders,eu_tenders,DE-01-Abwassersammelstation_ITT.pdf,4,587d0871cdd99ee48c74afc842b2223bb334bd9a55b139278b6ea1e0c86e9424.png,9a78eb89e561bc355c92788c2c6c6718da623406dd974b13dc78c203edbc3e5a
data/raw/doclaynet_hard_negatives/doclaynet_train_38eee705e6dd1677694d.png,train,doclaynet:IT-6.Allegato I - Parte 1.2 - DUVRI.pdf,2,structured_document,0,doclaynet,government_tenders,eu_tenders,IT-6.Allegato I - Parte 1.2 - DUVRI.pdf,1,baba0749b66bc13a33d0df2340ee456a11f3db16cffe578f9daaf62515e2eb59.png,95fa5c8ab65e45192e7307d4412bffdc091f7509ad0a9722351aa292587db23a
data/raw/doclaynet_hard_negatives/doclaynet_train_6973699f5b1e1fb3d9fd.png,train,doclaynet:Vergabeunterlagen_Vergabe_A0165400007.pdf,2,structured_document,0,doclaynet,government_tenders,bavaria_tenders,Vergabeunterlagen_Vergabe_A0165400007.pdf,84,766126d25587487246fd9eb691782a3317b08b3961f2b89c083c846210b7f496.png,0fac81e7c9c5a59e6af69bb647abc6d617d3ff0477e381112d7a716fb5e209fa
data/raw/doclaynet_hard_negatives/doclaynet_train_d533fd4b3aa5debb5909.png,train,doclaynet:EN-Annex 4_Profiles_OC-EFSA-DATA-2021-01.pdf,2,structured_document,0,doclaynet,government_tenders,eu_tenders,EN-Annex 4_Profiles_OC-EFSA-DATA-2021-01.pdf,0,7de7b4f7852fe34c6a3b4b7706ad203061cd73ec4faf3c2ebc48b3f31719465c.png,b1cd62a08efdfb2454c3530bf1ad977deab71f6bdb4b7dbe03738aeadffb53c4
data/raw/doclaynet_hard_negatives/doclaynet_train_1e9aa6b196f64f211b0a.png,train,doclaynet:EN-c4a invit en.pdf,2,structured_document,0,doclaynet,government_tenders,eu_tenders,EN-c4a invit en.pdf,0,3116b9e7e8a7e46f5d44538e553e9cd87813863a70a88d04144d64a915d64ddc.png,d4a9fefe628eeae311cb769a5e87ba0f1110b830714a659fc8c67af1e872fad1
data/raw/doclaynet_hard_negatives/doclaynet_train_9effe41884bd3a98e6c8.png,train,doclaynet:EN-ChangesNo.1toTD.pdf,2,structured_document,0,doclaynet,government_tenders,eu_tenders,EN-ChangesNo.1toTD.pdf,1,64f0b128bb6361b6492346615e715eceecf409ad5a2261689f202e83a1eda90e.png,7be2252a27077f6f02510cac9ea3c504fd634694b4ecdde5a56795e1a5378f54
data/raw/doclaynet_hard_negatives/doclaynet_train_cfe98faaac5f317fb2ad.png,train,doclaynet:EN-c4k_evalgrid_en.docx.pdf,2,structured_document,0,doclaynet,government_tenders,eu_tenders,EN-c4k_evalgrid_en.docx.pdf,4,330c6b9fd9490ed9a0b49dd5ffa44895315b4aaf9f1b8eeba3a73ad9697c5a93.png,0c2cb8da61f6779c07cdd0dee1c3efb3620a9717453cccaac62f0b2a36bf1457
data/raw/doclaynet_hard_negatives/doclaynet_train_0d6a04d4e021a20f208d.png,train,doclaynet:EN-TenderSpecs_OC-EFSA-DATA-2021-01.doc_.pdf,2,structured_document,0,doclaynet,government_tenders,eu_tenders,EN-TenderSpecs_OC-EFSA-DATA-2021-01.doc_.pdf,31,e87ab172fe1fef731e781af94914f5dc677409a80ff8ec3953da0fc99ac0f75b.png,18cddbd59f7868cbe6776d7da4e40174f362e81ede5d70e78f33a2f920f16ded
data/raw/doclaynet_hard_negatives/doclaynet_train_4c040aaa652806af1990.png,train,doclaynet:EN-Annex 2 - Technical Specifications.pdf,2,structured_document,0,doclaynet,government_tenders,eu_tenders,EN-Annex 2 - Technical Specifications.pdf,9,4377975b574967bd0f92d09a722ab7f75f2a25bc8f7b5c616c559961e685fd16.png,565108d48a79a1cc8ead605dca4c4faa09d1cd4dea600e9bf9b2568303c6f8ad
data/raw/doclaynet_hard_negatives/doclaynet_train_bdac17be30085e000e73.png,train,doclaynet:EN-02. Tender Specification_General Introduction_F-COD-20-T03.pdf,2,structured_document,0,doclaynet,government_tenders,eu_tenders,EN-02. Tender Specification_General Introduction_F-COD-20-T03.pdf,0,493a1366021ecf76fdc2fd56435f71bb2bd26444d4c716ac2c5459b284715f5b.png,4494b7e186323a67cc12662401c51a81cc5db9c8c10d3d9d3eda951ff43acf99
data/raw/doclaynet_hard_negatives/doclaynet_train_5888988948f5aef57f24.png,train,doclaynet:EN-Annex 4 - NAMS Theme paper.pdf,2,structured_document,0,doclaynet,government_tenders,eu_tenders,EN-Annex 4 - NAMS Theme paper.pdf,0,96a57ac342bc24d1fdcd353fb1e3769e583236e83f66e769b4d2a1fd8d226f14.png,a886f39796fa86461266a634ec9a162ad5cb73f4c42076a0265e4160bdfda1e7
data/raw/doclaynet_hard_negatives/doclaynet_train_208229382aec1e3121e3.png,train,doclaynet:KEI2 - Dokurichtlinie.pdf,2,structured_document,0,doclaynet,government_tenders,bavaria_tenders,KEI2 - Dokurichtlinie.pdf,4,c86957b4ca0e34ea65688fabfa75d19aee8b0cf698070373818944c6f99be545.png,dd5f2c3050e54b0a7112004db53589a3a5d80dd6fbe4751e7f475c16916b1b48
data/raw/doclaynet_hard_negatives/doclaynet_train_b020f9b7730fa47a312c.png,train,doclaynet:EN-Annex B - Technical Tender Form.pdf,2,structured_document,0,doclaynet,government_tenders,eu_tenders,EN-Annex B - Technical Tender Form.pdf,2,cbde4083ed69c5156cbda3ea65865a6ab19ff642e995a1a9f54cddf71cbe4574.png,e841bedb4b131362a96ce344c6272f17755fc46db38a0fb3bb22e5910c24df5c
data/raw/doclaynet_hard_negatives/doclaynet_train_e2fc7fc93520f2e25281.png,train,doclaynet:EN-AA-000799-002-B_TATOR Terms of Reference final.pdf,2,structured_document,0,doclaynet,government_tenders,eu_tenders,EN-AA-000799-002-B_TATOR Terms of Reference final.pdf,6,991507695fff580313b384d4ba5aeee6161e9fc9d1cbefbfa91a6bb0f9b49eba.png,46026ce026b1e413788fad4b446b36374734864910f668826cd4118e45b5b928
data/raw/doclaynet_hard_negatives/doclaynet_train_c22a0647528278179aff.png,train,doclaynet:EN-Annex I_Model_FWC-ID.12924.pdf,2,structured_document,0,doclaynet,government_tenders,eu_tenders,EN-Annex I_Model_FWC-ID.12924.pdf,24,a6db5d220457b61f6f23a1ea602343342be2ec887f11a0d5a8aab760cdd2120d.png,e4911cd7fbcba4e7cd82ee05ddd715b08fa95b2ba9c4260dc09e670a08454dfa
data/raw/doclaynet_hard_negatives/doclaynet_train_ac89036d74962e16c680.png,train,doclaynet:EN-Annex I - List of Services (lot 1).pdf,2,structured_document,0,doclaynet,government_tenders,eu_tenders,EN-Annex I - List of Services (lot 1).pdf,52,6eb95c19c85853e94504ab5b96cf87da43312c826a2dc21da297c651f2116975.png,c5eb1a11be23c61087de9db58e0500fb329562889964bdb06346f047ac743e9f
data/raw/doclaynet_hard_negatives/doclaynet_train_e0edb8e88bd969aaecef.png,train,doclaynet:EN-Invitation to tender.docx.pdf,2,structured_document,0,doclaynet,government_tenders,eu_tenders,EN-Invitation to tender.docx.pdf,2,c5a49947e721e1c59570cddb1dc95cad3a6fa09959c70a0a3e1bd3e3e42fd7dc.png,f4369fb777ed714a715fd57354192ac0c998f520ece9a20fd7ad4e4dc26b0451
data/raw/doclaynet_hard_negatives/doclaynet_train_a86deb7e7db080b93e2a.png,train,doclaynet:IT-9.Allegato III - Modello per le lettere d'ordine.pdf,2,structured_document,0,doclaynet,government_tenders,eu_tenders,IT-9.Allegato III - Modello per le lettere d'ordine.pdf,0,2dc89546440a31e09187f1a7477276d2fb4839a8269f6494ab4ecbc2929b029f.png,9825f9c3c693d1bc40bed729df83e7f1e7dd8ec2c63b0fe6a204db5732512c6a
data/raw/doclaynet_hard_negatives/doclaynet_train_b55d485b4a9d28e3900e.png,train,"doclaynet:EN-Technical Annex B _DPR_12924-Lot 2, Tasks and DL table.pdf",2,structured_document,0,doclaynet,government_tenders,eu_tenders,"EN-Technical Annex B _DPR_12924-Lot 2, Tasks and DL table.pdf",10,d5e5c37b6b8072ac81768b91b53ffacdd32b591bf13f1587d23ae5e5f34c37c9.png,d753448000294ab0cead43726318a1369d34f1422e7ee2abff4283d715be24bf
data/raw/doclaynet_hard_negatives/doclaynet_train_233032f568b5ebe2f626.png,train,doclaynet:EN-Procurement Document 1 - Annex E HR Summary Grid.pdf,2,structured_document,0,doclaynet,government_tenders,eu_tenders,EN-Procurement Document 1 - Annex E HR Summary Grid.pdf,1,96cb121453b5e333cf4e041a1cdb24dab1dfd179f61355f8c7b8f46f55c1ca57.png,c4af458f83d783e7a28826ec62344a999f4ee9082921d645102c8323aa26ea7d
data/raw/doclaynet_hard_negatives/doclaynet_train_a0d28e8db1b486d652f1.png,train,doclaynet:EN-Lot1 Vol2 d4n contract en.pdf,2,structured_document,0,doclaynet,government_tenders,eu_tenders,EN-Lot1 Vol2 d4n contract en.pdf,0,5767af2d663a89659f57e737c68c9b5d8f21950cb8fcc88165b908c927030a37.png,819ec9ee79c415e5b9fc16a55be3b5d84ae713596046f9b4c2b59d793a8ca6d0
data/raw/doclaynet_hard_negatives/doclaynet_train_065c237afc1a0c9f5be9.png,train,doclaynet:EN-Lot1 Lot2 Vol2 d4t taxcustomsarrangements en.pdf,2,structured_document,0,doclaynet,government_tenders,eu_tenders,EN-Lot1 Lot2 Vol2 d4t taxcustomsarrangements en.pdf,3,9e97d9e87fcef9d7522bfc49fb5d0a3d6f95789fadbfe923d6f1072c29232446.png,a967a8741c0cfe9827b4afc380a686dd5dc5a5e9a784956e6da4a95c2cef9180
data/raw/doclaynet_hard_negatives/doclaynet_train_db41a42a9d903d6b5e40.png,train,doclaynet:EN-Annex III - List of documents to be submitted with the tender or during the procedure.pdf,2,structured_document,0,doclaynet,government_tenders,eu_tenders,EN-Annex III - List of documents to be submitted with the tender or during the procedure.pdf,4,bd961a59485ff1d8dfb87c59002f0a55dc5333c052435ed46ec80608cd847348.png,1cb9c63ffb6bb74a19ebfd918a619f6795834fe6de4003592c15fe2481b34ddb
data/raw/doclaynet_hard_negatives/doclaynet_train_0dc7b4f37b9f50100cd0.png,train,doclaynet:EN-02c. Tender Specification_LOT3_F-COD-20-T03.pdf,2,structured_document,0,doclaynet,government_tenders,eu_tenders,EN-02c. Tender Specification_LOT3_F-COD-20-T03.pdf,14,ece6d6d6922f667c7f9092e5d97515b9aa769714d74db415946b12d9f5029a5c.png,bd3f70f897adc6353f68b03bca26f1ffee9c6f47f874705b9364747ee7c216a5
data/raw/doclaynet_hard_negatives/doclaynet_train_5b9d7a76a3e6594cdf4f.png,train,doclaynet:EN-AA-000799-002-C-06_TALEGENT.pdf,2,structured_document,0,doclaynet,government_tenders,eu_tenders,EN-AA-000799-002-C-06_TALEGENT.pdf,4,7afec540a5ac92a2b419f231722bee6e8eda6d756adb6b0b0bc034e1dc52f85e.png,ca494b3b02ad55b309bc80d41c5a065d806c22ca8a93a408497d93c8a43c1a58
data/raw/doclaynet_hard_negatives/doclaynet_train_527e3339f527c1b02657.png,train,doclaynet:DE-12-Abwassersammelstation-FAQ_1.pdf,2,structured_document,0,doclaynet,government_tenders,eu_tenders,DE-12-Abwassersammelstation-FAQ_1.pdf,0,f0a1462b39e1e0f28692e53b820f54049e0b47cfe6b5629c663a106eece3f6a7.png,780473b89c1a7615d70d9153f77571086ac2940fa1141c03fce0c0e2ede43277
data/raw/doclaynet_hard_negatives/doclaynet_train_9d6af5ca776971fd5dad.png,train,doclaynet:SchwarzArbG.pdf,2,structured_document,0,doclaynet,government_tenders,bavaria_tenders,SchwarzArbG.pdf,0,697482f4fba3b287c59388c1b3e978dbf46c1bf1aaa0103fbf4833218e1e94b3.png,427b7aa385f94799c48bc87ad96fc5466bfed2c8edbca1dd03c0233101c4e228
data/raw/doclaynet_hard_negatives/doclaynet_train_c47c3823952a64f3bd1d.png,train,doclaynet:EN-Annex 12 - Price Catalogue.pdf,2,structured_document,0,doclaynet,government_tenders,eu_tenders,EN-Annex 12 - Price Catalogue.pdf,2,f02e15428d23a6afa88948677b7d7221f8671603b760922d523c63ad0529374c.png,7fe9b45ede26f9646abe2b89d3be86848be1806ce13a3b87c9610966c8fedf9f
data/raw/doclaynet_hard_negatives/doclaynet_train_c95ff53e79bbb3625337.png,train,doclaynet:EN-Clarification No 2.pdf,2,structured_document,0,doclaynet,government_tenders,eu_tenders,EN-Clarification No 2.pdf,9,1c6d0291d1570a2779da27a855d09746d89eee40eb7ddfc39d3438a856ca0a9f.png,977e14359f5e910586393da2722b7815780e3ec57ef727250aaf4205f4afe84f
data/raw/doclaynet_hard_negatives/doclaynet_train_d34ecc6ea9b564e473ba.png,train,doclaynet:EN-c4d_specialconditions_en 1.docx.pdf,2,structured_document,0,doclaynet,government_tenders,eu_tenders,EN-c4d_specialconditions_en 1.docx.pdf,5,a137efd4199ac0ff82e4cc8095cd0520d08c79523a589f273504b3725d758a42.png,310ace1fdbd43c196bc5fc44bdae72dcf7d6b2ee7e54f8f307f7a9f8863bf395
data/raw/doclaynet_hard_negatives/doclaynet_train_da3b3e4bfe4afbd14b89.png,train,doclaynet:EN-Lot1 Lot2 Vol1 Sec4 d4f techofferform 4dot1 en.pdf,2,structured_document,0,doclaynet,government_tenders,eu_tenders,EN-Lot1 Lot2 Vol1 Sec4 d4f techofferform 4dot1 en.pdf,0,f12ef1110a32582525cafa11673d281a0ab6b27ee4e38f9f6fc397ff61bc82cf.png,145a501e103abdd3ec7efe7ab2ec756dff1e2a2f3e61c0dede7f71bafcf63e65
data/raw/doclaynet_hard_negatives/doclaynet_train_dbd01fd96f82da58dc23.png,train,doclaynet:EN-IPA II-Tax and Customs Arrangements.pdf,2,structured_document,0,doclaynet,government_tenders,eu_tenders,EN-IPA II-Tax and Customs Arrangements.pdf,3,7f574f58ec4c9875fa7d73f17376d840892b966b619962c4b99c223064a2894d.png,dc0d67ade3fcaa16b7c9481e99cdb0127de19ab07ee14e20eea8088078721398
data/raw/doclaynet_hard_negatives/doclaynet_train_e130707bd829dffb18fe.png,train,doclaynet:EN-OC+Invitation+to+tender_+(1).pdf,2,structured_document,0,doclaynet,government_tenders,eu_tenders,EN-OC+Invitation+to+tender_+(1).pdf,0,c24cc4137fc8068ed38a5e58ec3dd9922d985b91fe64041c50982b92b09d647a.png,87c682e717a50bdd78e10a0aab52cbd167e13b176e1855b0fc63b76f5b48bf2e
data/raw/doclaynet_hard_negatives/doclaynet_train_a6746e39a994050bf1bf.png,train,doclaynet:EN-Tender specifications 0142.pdf,2,structured_document,0,doclaynet,government_tenders,eu_tenders,EN-Tender specifications 0142.pdf,58,3c4cab7f29eedb59dccfa2c6a341b05b1e8753ee7978bd251ca7c3959d0ef10d.png,3ed55aa74d0ed02d4665e277688d033f928314b2b8111402ad804f7b88dde7a0
data/raw/doclaynet_hard_negatives/doclaynet_train_cd1edb10d20c3b98e2a3.png,train,doclaynet:EN-Changes No 2 to TD.pdf,2,structured_document,0,doclaynet,government_tenders,eu_tenders,EN-Changes No 2 to TD.pdf,1,e5711c71f94b2d74823ab446e3a32da082183808dc3c29a88a557019d8c884dd.png,968461c1b89c1cb00e8f22cde433ee302a084e00f96a44126627d7a945a2d20f
data/raw/doclaynet_hard_negatives/doclaynet_train_42223b75828daab6f054.png,train,doclaynet:EN-part 2 - Technical Specifications EL test station.pdf,2,structured_document,0,doclaynet,government_tenders,eu_tenders,EN-part 2 - Technical Specifications EL test station.pdf,5,04952c5bd704574df0c794be96e042d093cec4969b9e436bd04255ad7cfca45b.png,41a152ab1199ea93479bdb74b46ef5df056363a61db3d6363c6aba39ecffab5b
data/raw/doclaynet_hard_negatives/doclaynet_train_5d1ac69e934721651a03.png,train,doclaynet:IT-14.Allegato VIII - Clausole ambientali.pdf,2,structured_document,0,doclaynet,government_tenders,eu_tenders,IT-14.Allegato VIII - Clausole ambientali.pdf,0,1484bca8e8a883c79777eb7434669386a9e36d6a1f185a703169749f3ebd3247.png,3ef64c0038c1469e1f2d0f28de4084f7ac72373cdbafd09e01fc033c3ba89cea
data/raw/doclaynet_hard_negatives/doclaynet_train_e1f3938e162cd0a5038f.png,train,doclaynet:EN-Annex 14 - NDA for receipt of tendering documents.pdf,2,structured_document,0,doclaynet,government_tenders,eu_tenders,EN-Annex 14 - NDA for receipt of tendering documents.pdf,0,ee570069ceff63486b4c167d157028dc6e37c1e7d536a618d22321611af14c1e.png,7c5de917a48fe95ece718b7f91628aec501ebb3c31ada297af56b6231759b80f
data/raw/doclaynet_hard_negatives/doclaynet_train_889d46db06990d1d0dcf.png,train,doclaynet:EN-Lot1 Vol5 d4y designdrawing en GIR rev7.pdf,2,structured_document,0,doclaynet,government_tenders,eu_tenders,EN-Lot1 Vol5 d4y designdrawing en GIR rev7.pdf,2,232ea7b64e9f9de392f462a96758272e7f9c83e6215270466d59ee55da90c260.png,14b9a8b293d9fc969b716c48bcfe874ad35519c813e5f9d3490b11b51f1c46a4
data/raw/doclaynet_hard_negatives/doclaynet_train_72565cb35615c78177c7.png,train,doclaynet:IT-4.Allegato I - Parte 1 - Allegato amministrativo_001.pdf,2,structured_document,0,doclaynet,government_tenders,eu_tenders,IT-4.Allegato I - Parte 1 - Allegato amministrativo_001.pdf,3,4125ba2f36606074b6d129cc1ea394548d2dc580a7cc14f2bdbd087d34fff7f4.png,98f85979f829612e42e41c4ae07452a2b2340c8b4e2afac21cb454641f1a5f64
data/raw/doclaynet_hard_negatives/doclaynet_train_f39ebd273175ab101255.png,train,doclaynet:EN-Invitation letter.pdf,2,structured_document,0,doclaynet,government_tenders,eu_tenders,EN-Invitation letter.pdf,3,4f20802a6331085c2cc81486082fd4fb88056dad2649e5c2f7f0c00f9832a281.png,1068292c84088540811ab15f9f67b62a713c68b5731e16a28bcd8a7034a09143
data/raw/doclaynet_hard_negatives/doclaynet_train_85b4a5b9398d2aa36537.png,train,doclaynet:EN-OL_2021_DPR_23656_Tender Spec_Annex_X_Report_Template.pdf,2,structured_document,0,doclaynet,government_tenders,eu_tenders,EN-OL_2021_DPR_23656_Tender Spec_Annex_X_Report_Template.pdf,4,b6a2033d1f8bea94de72d82c7bf0b2c3f64e8c1a127939cef9f1b012a03ca8e5.png,c69c7c0e379c07c1f8ae0ac7788570712ba5440261d5ebb635df6cf8bd167e1a
data/raw/doclaynet_hard_negatives/doclaynet_train_363f42cf78a536f379a8.png,train,doclaynet:L_121_Bekanntmachung_Oeffentliche_Ausschreibung-1120.pdf,2,structured_document,0,doclaynet,government_tenders,bavaria_tenders,L_121_Bekanntmachung_Oeffentliche_Ausschreibung-1120.pdf,1,43bcc363e859a9787927bfa3b928d7f990b4420c69d8694ceb72fcbfff3159b7.png,25c3649f6943f0e3d8205a0eb7aec683db204931ebb714ec97552347432b8fc4
data/raw/doclaynet_hard_negatives/doclaynet_train_8837a94249fc0ee06842.png,train,doclaynet:EN-AA-000799-002-D-02_TAGC.pdf,2,structured_document,0,doclaynet,government_tenders,eu_tenders,EN-AA-000799-002-D-02_TAGC.pdf,1,e3c9e60837340beba0d6f98c469fddf756aa3e1c0c2266b6ee6024569f1e66e2.png,e07e0a03666a08c610473b6177f444493bc7a17e11fa8838265b30455a49684a
data/raw/doclaynet_hard_negatives/doclaynet_train_fd36911429545ebf4d17.png,train,doclaynet:121_L121_Kurz-Bekanntmachung_Oeffentliche_Ausschreibung-0321a.pdf,2,structured_document,0,doclaynet,government_tenders,bavaria_tenders,121_L121_Kurz-Bekanntmachung_Oeffentliche_Ausschreibung-0321a.pdf,0,32dc8235d172cb19fd0bdfe177b26fae5f3133d4f885670f30eb1a7a1ba91372.png,5381f2a09e8e1289b4f4cbf42b25ba73834f8e396f3eca863f1b4a9212811be6
data/raw/doclaynet_hard_negatives/doclaynet_train_c9b4e584e7b64b0bb368.png,train,doclaynet:03-Armaturenliste 07_05_2012.pdf,2,structured_document,0,doclaynet,government_tenders,eu_tenders,03-Armaturenliste 07_05_2012.pdf,4,e13256ec29cffd8bf8cf73df0720a7703e0f1a2876bc52bbfd6850fb226bad0b.png,2f8cb5e878241ec25128e689dae64577d4ee6d19f5bc1bbb8d649a2f68ac6f4f
data/raw/doclaynet_hard_negatives/doclaynet_train_95f81ea384a5b1884b9e.png,train,doclaynet:EN-OJ_2021_DPR_23669_Framework contract.pdf,2,structured_document,0,doclaynet,government_tenders,eu_tenders,EN-OJ_2021_DPR_23669_Framework contract.pdf,26,cd1e906d57f1348a248999cd5c91dfb6d8be04532427f6a1c83929a8f12a0320.png,aff7d5203b5ea5bcb628b3897e28139def1b7e31840205fd829c91a2e24abba3
data/raw/doclaynet_hard_negatives/doclaynet_train_4125ce3fdbb5e57fbf75.png,train,doclaynet:EN-06. Annex IV_Draft Framework Service contract.pdf,2,structured_document,0,doclaynet,government_tenders,eu_tenders,EN-06. Annex IV_Draft Framework Service contract.pdf,20,a97b74999cff14a43bbcf483a3f59571c5fb1e4383aec2fa8d776177d4bbedc7.png,7a83717b4e4d72bbd3669b89572e2174a7d68b1866cb8cda903d96ac0a038f85
data/raw/doclaynet_hard_negatives/doclaynet_train_821c3054e3e12a637398.png,train,doclaynet:EN-c4c_contract_en Lot 2.docx.pdf,2,structured_document,0,doclaynet,government_tenders,eu_tenders,EN-c4c_contract_en Lot 2.docx.pdf,2,ff2bfb70ef1b96d9cb82204a233c90519d8c913429e72d31ef56d1f6938d8bce.png,978e9b4cf0fe8daafbd1ea59ec40f22dbed937b8b59b34bbbc5976e1f5f3fe41
data/raw/doclaynet_hard_negatives/doclaynet_train_200799b5e9adfabb06b4.png,train,doclaynet:IT-12.Allegato VI - Ingresso del personale.pdf,2,structured_document,0,doclaynet,government_tenders,eu_tenders,IT-12.Allegato VI - Ingresso del personale.pdf,1,f1a3a6c59578f42a665f72b33f17fbb1aa38605d7819f480c3aab7a361f3dfff.png,0fc50ec5fb93497303a47b289c5a16da5a58449d513d757925c3efcaef337503
data/raw/doclaynet_hard_negatives/doclaynet_train_d4b4a49048e08b44f67f.png,train,doclaynet:107_HVA-B-Stb_Eigenerklaerung_Eignung.pdf,2,structured_document,0,doclaynet,government_tenders,bavaria_tenders,107_HVA-B-Stb_Eigenerklaerung_Eignung.pdf,5,a67f15f89545b7410a2145a42ac73743fe426328f630de292e523efe83e8db0f.png,971cf36068623c4d965306057f6f6f2bf81e8b4f64b83771e129fa0cca0a9105
data/raw/doclaynet_hard_negatives/doclaynet_train_27e5c8691a123dd76a6a.png,train,doclaynet:IT-13.Allegato VII - Sicurezza sul lavoro.pdf,2,structured_document,0,doclaynet,government_tenders,eu_tenders,IT-13.Allegato VII - Sicurezza sul lavoro.pdf,11,421075c02f9b6ad685191d90a481b2bde4d5f07d8ba6bf0957beb425981412f6.png,03e73b0dac937810777d51cef7d7176cd1f89e10803ada553678849e12f02655
data/raw/doclaynet_hard_negatives/doclaynet_train_d7cda7c00cba4e7e36cd.png,train,doclaynet:EN-OL_2021_DPR_2365_Tender Specifications_EQA_Listeria_Salmonella_STEC_Lots1_2_3_001.pdf,2,structured_document,0,doclaynet,government_tenders,eu_tenders,EN-OL_2021_DPR_2365_Tender Specifications_EQA_Listeria_Salmonella_STEC_Lots1_2_3_001.pdf,26,a793161b6655df60f1a1e6a193e99f9a8f1ef1e4f258f53e289c497516ad0e5d.png,8c7ae34889ca71c79e2d99a5592fd0c2ab0e39d58a21b391824ae76f6681d0e1
data/raw/doclaynet_hard_negatives/doclaynet_train_a538bad7ab89f0049856.png,train,doclaynet:EN-Annex 3 - Draft Framework Contract.pdf,2,structured_document,0,doclaynet,government_tenders,eu_tenders,EN-Annex 3 - Draft Framework Contract.pdf,74,063b46f8c5b940588034b5985400f77146d8c011ebe9ba31fcd3ba17e06b8da8.png,68cac90c8b77600e5002608000655087e82ddd18b39603c894f23e1e84bc0d3b
data/raw/doclaynet_hard_negatives/doclaynet_train_6927c1628b7bd5800fa3.png,train,doclaynet:EN-OC Invitation to tender_VIRTUAL OPENING.pdf,2,structured_document,0,doclaynet,government_tenders,eu_tenders,EN-OC Invitation to tender_VIRTUAL OPENING.pdf,3,b2036f38bb07f0b3748e08703b18bac0e637c214d2ea6ffa32d12e782714583c.png,0910480b9438aaf612d8ac670a2e14b803569fc13f59a6613db8f375aead356c
data/raw/doclaynet_hard_negatives/doclaynet_train_036c53dee3a3651fcb77.png,train,doclaynet:EN-c4c_contract_en Lot 3.docx.pdf,2,structured_document,0,doclaynet,government_tenders,eu_tenders,EN-c4c_contract_en Lot 3.docx.pdf,1,8303eb5faf6864caa0105929a2eedcb3b5836687267bc529fcf7291e2e446a37.png,b61ed75d8ec8163fc3c1b3dfaa2c774f87becd437d07135b4c41c4b57472da48
data/raw/doclaynet_hard_negatives/doclaynet_train_cbe3a78178fd3f2e7064.png,train,doclaynet:EN-c4o4_lefpublic_en.pdf.pdf,2,structured_document,0,doclaynet,government_tenders,eu_tenders,EN-c4o4_lefpublic_en.pdf.pdf,0,0a0bf17f97a0d6c5c4a19e143faf58235a54e56ad19c447c32cd7ba3b59e51fb.png,52b79811d80544a6df00d0272f5cd5f4396b94a5a950870e8846d8a0145b7419
data/raw/doclaynet_hard_negatives/doclaynet_train_5bc7f8f6fb249ec2c3b2.png,train,doclaynet:EN-Invitation to tender DPR_12924 Vaccine_Effectiveness.pdf,2,structured_document,0,doclaynet,government_tenders,eu_tenders,EN-Invitation to tender DPR_12924 Vaccine_Effectiveness.pdf,2,81ec26248094df923b453d00457684182c5fe0168faadddc72db49fd2df471dc.png,9c07d147fa6c2c76fe282ad558cdb81d82f738e1c2a0c8025dbce3dbc354a7ea
data/raw/doclaynet_hard_negatives/doclaynet_train_16e8a7aaf86cc3710ce3.png,train,doclaynet:EN-Annex 6 - Deliverable acceptance criteria for EFSA.pdf,2,structured_document,0,doclaynet,government_tenders,eu_tenders,EN-Annex 6 - Deliverable acceptance criteria for EFSA.pdf,0,b4aaae97cdc532e496a9dc1d59c45339175d239966107d293ce382470d30a0c8.png,45ca1d404a708c8046b4961d0ebd35b790b10a66fe336ef90b2023c39e4e98b3
data/raw/doclaynet_hard_negatives/doclaynet_train_4127abad086296842e49.png,train,doclaynet:EN-Annex 1 - General Guidance on Europol Procurement Procedures.pdf,2,structured_document,0,doclaynet,government_tenders,eu_tenders,EN-Annex 1 - General Guidance on Europol Procurement Procedures.pdf,5,ae8832cd1159925ee0cfb947003db742a31578c21a1565a756af86613103c020.png,f13bd5e9e22edab9b908de8aa46b920e1b1e9277bda408404eabff6baafc99af
data/raw/doclaynet_hard_negatives/doclaynet_train_f05ea9738c2231542c24.png,train,doclaynet:EN-c4f_1_Appendix I Delivery addresses_en.docx.pdf,2,structured_document,0,doclaynet,government_tenders,eu_tenders,EN-c4f_1_Appendix I Delivery addresses_en.docx.pdf,0,00bdc7dcdb18bfb4dce0a629564680c2090ea85fabfccfa7739903362d204fb0.png,231c9e3424adcc1d84bebffce3c0d119741162b0066e9c8d5c41feccb8d7a81f
data/raw/doclaynet_hard_negatives/doclaynet_train_5a465884bec297a6802e.png,train,doclaynet:EN-Annex XI - PARF.pdf,2,structured_document,0,doclaynet,government_tenders,eu_tenders,EN-Annex XI - PARF.pdf,0,dc6a2639fb7060131d9527a4f12f341d112854f8b5dfb0aee6fb2219a1f99594.png,4c617f01ed5f35fb2f232a27c907f00626dcbc7973ddf31e5d6069db5a892422
data/raw/doclaynet_hard_negatives/doclaynet_train_34c49a95c1efbd0a9c55.png,train,doclaynet:EN-OC Invitation to tender_VIRTUAL OPENING Oct.2020.pdf,2,structured_document,0,doclaynet,government_tenders,eu_tenders,EN-OC Invitation to tender_VIRTUAL OPENING Oct.2020.pdf,3,ecdce38addd82d1215c581333bc9212fe2a288ce5597a42ec212907a4e3ef51e.png,93b0c4205212b74e072edb9c03bc7c35748b8dbc442647eef85685168818a1da
data/raw/doclaynet_hard_negatives/doclaynet_train_92444f10281f7e19d5cd.png,train,doclaynet:EN-c4d specialconditions en.pdf,2,structured_document,0,doclaynet,government_tenders,eu_tenders,EN-c4d specialconditions en.pdf,3,642f0a6df1428c1643fb47d03dd6cccb45dbbbbefbc61695f6f5e925ed17e34f.png,a6ce91a56451f8849145e092db1c34871c65a1778676a68775f0f2b8a200296e
data/raw/doclaynet_hard_negatives/doclaynet_train_063f3c3e55a67bd76454.png,train,doclaynet:FR-Appendice 4 - Suivi ouvertures compartimentages coupe-feu-18-05-21.pdf,2,structured_document,0,doclaynet,government_tenders,eu_tenders,FR-Appendice 4 - Suivi ouvertures compartimentages coupe-feu-18-05-21.pdf,4,d6766f2f74036a5cd67780da044b35b7c6a223b8f0c40f770493b9ba91219af5.png,61c2f1fbcd4698776feb60c5d2e604e2f5b124596d58e34cf675a2a0cd72fb7a
data/raw/doclaynet_hard_negatives/doclaynet_train_b58f4122ecbdcd6eeb27.png,train,doclaynet:EN-Annex 7 - Financial form.pdf,2,structured_document,0,doclaynet,government_tenders,eu_tenders,EN-Annex 7 - Financial form.pdf,1,e0216533ef86e59e1af5fddc7f34b282d9030146c9b57df391a12caea5477848.png,f40b0b88c058d2edc2261000ccc48de0cb7bdde80636f30f761baf59c560854c
data/raw/doclaynet_hard_negatives/doclaynet_train_5d53a182be537329dbb0.png,train,doclaynet:EN-Annex 2.2_FWC_Model for specific contracts.pdf,2,structured_document,0,doclaynet,government_tenders,eu_tenders,EN-Annex 2.2_FWC_Model for specific contracts.pdf,34,ebc91683a93f22148baaa38b51621d2a7f22c1c89b87ad1d00800065b019a5a1.png,0e037b50b33ae5b89568d15807eeb204c6a40b3f84c9367e28be3d42081b7666
data/raw/doclaynet_hard_negatives/doclaynet_train_ea68b54dcc794c1b7a65.png,train,doclaynet:EN-Clarification No.1.docx.pdf,2,structured_document,0,doclaynet,government_tenders,eu_tenders,EN-Clarification No.1.docx.pdf,13,87397274e93534a6dba813b58dde217897860bd4c97947e55adcc182b40203d0.png,1d30e90a9541ed6c4205bc63553e689ef4a639eb89ff87543d78ced5fb06c795
data/raw/doclaynet_hard_negatives/doclaynet_train_a6d20ba915ecd0bc9635.png,train,doclaynet:EN-PP49_SES_RI_Strategy_draft_contract.pdf,2,structured_document,0,doclaynet,government_tenders,eu_tenders,EN-PP49_SES_RI_Strategy_draft_contract.pdf,7,cab0cfbb799b4b0cf83b7dcf7d52c0a70dad4edb0b00f5a22312d3183e9f5d12.png,3d9b06721ce4c2ffdf9ce895c37608ed25d0a42694debb5315c5267e074dbe6d
data/raw/doclaynet_hard_negatives/doclaynet_train_65b47c3b6f3412b1f361.png,train,doclaynet:KEI 2_Bauphysik W„rmeschutznachweis.pdf,2,structured_document,0,doclaynet,government_tenders,bavaria_tenders,KEI 2_Bauphysik W„rmeschutznachweis.pdf,40,b4307dca4ae15689f59ae88b1dbc495b4f4615f3f54449581a781c936fe6bed8.png,0db146b89bc6a7ee6668d22856564bd7e52ce8724d9fdd6595ae62ee6a6d4b3b
data/raw/doclaynet_hard_negatives/doclaynet_train_6bb7c6e5c955c6ade530.png,train,doclaynet:EN-c4f annexiitechspeciiitechoffer en.pdf,2,structured_document,0,doclaynet,government_tenders,eu_tenders,EN-c4f annexiitechspeciiitechoffer en.pdf,47,e82fde9d74c9c3a0b96856d0a875602e179c248e70806d3aedb2c26699eda813.png,84fa6dc93f4ed99f2554e3580e739a8a9e1e56811ada895170a2f3d0e08c344b
data/raw/doclaynet_hard_negatives/doclaynet_train_b3df324ff2ea82ba8e25.png,train,doclaynet:EN-Annex IV Order_Form to FWC.pdf,2,structured_document,0,doclaynet,government_tenders,eu_tenders,EN-Annex IV Order_Form to FWC.pdf,1,71997fa4ab1c88aa9fae8b1b8d5073c575674e02535a8340367eefb136110948.png,6680c128e0c6fa74a133e0d30caf5cd75c72f7e89c437975f209b24bf934b9f0
data/raw/doclaynet_hard_negatives/doclaynet_train_1e95c87d4ef75bb59586.png,train,doclaynet:EN-Annex 2.6_FWC_Non-Disclosure Agreement .pdf,2,structured_document,0,doclaynet,government_tenders,eu_tenders,EN-Annex 2.6_FWC_Non-Disclosure Agreement .pdf,2,190980d13025498914248c6d695a31aaa5d3290dbe649ec237505a891f7f13ce.png,90c354e59afc244b097be5ee7c5e79652a404521b9b3a80bedbe4b1c2b1778a1
data/raw/doclaynet_hard_negatives/doclaynet_train_143a75e77c5d6cccea89.png,train,doclaynet:IT-7.Allegato I - Parte 2 - Specifiche tecniche_001.pdf,2,structured_document,0,doclaynet,government_tenders,eu_tenders,IT-7.Allegato I - Parte 2 - Specifiche tecniche_001.pdf,4,e20ae2c13700ab6c95f52e2c2e845aac23da80971cc5657d87aff540423ceea1.png,5a4fd793a50758c8580e38fe99bd9b70df93709e9d792d2cc23843ab63438ed9
data/raw/doclaynet_hard_negatives/doclaynet_train_fb67981ee0e298df8570.png,train,doclaynet:KEI2 - 214_Teil2 WBV.pdf,2,structured_document,0,doclaynet,government_tenders,bavaria_tenders,KEI2 - 214_Teil2 WBV.pdf,5,98e5d9b73568e0a85983dad042da4b9944e22aebe1e4a758266f3de20bb99f27.png,24d2f9a3403cedddf9cdbe8e29ef78ff8d382e9ec5672c59825cb0638eab62c5
data/raw/doclaynet_hard_negatives/doclaynet_train_c567ea5e1afeaa3a4934.png,train,doclaynet:IT-1.Lettera d'invito.pdf,2,structured_document,0,doclaynet,government_tenders,eu_tenders,IT-1.Lettera d'invito.pdf,2,c7b16fcdd03595db0a96688a1a84fd4de58a9fd9b0b4a4e9741e9894307e8644.png,e43e24436427a777d3d432520a7f40acf58294d19810115e834516c24c911c3c
data/raw/doclaynet_hard_negatives/doclaynet_train_accd878cedf049668ac3.png,train,doclaynet:EN-Annex 17 - POL-0001 ECHA Integrated Management System Strategy and Framework.pdf,2,structured_document,0,doclaynet,government_tenders,eu_tenders,EN-Annex 17 - POL-0001 ECHA Integrated Management System Strategy and Framework.pdf,6,840213745931cd015cac153225e308be3b24315cc76d8e2e2eab7bbc272508db.png,21c369dffe9e5f07fdb8f9702ecce29c35cb1bf02663ad6b9028803af99e3e23
data/raw/doclaynet_hard_negatives/doclaynet_train_ce820e2267067b1816ad.png,train,doclaynet:EN-c4j admingrid en.pdf,2,structured_document,0,doclaynet,government_tenders,eu_tenders,EN-c4j admingrid en.pdf,1,38d1ee3c2b89b7551d809bc82a4ec1772e510066f1e9c6488cb46b411376f4e1.png,fdb32e3c6a8ed4d35c03d02c792b3f071e5f8fe03a47e68abb8df2314370961f
data/raw/doclaynet_hard_negatives/doclaynet_train_38c5cad1d801fe7a62d1.png,train,doclaynet:IT-5.Allegato I - Parte 1.1 - Dichiarazione sull'onore.pdf,2,structured_document,0,doclaynet,government_tenders,eu_tenders,IT-5.Allegato I - Parte 1.1 - Dichiarazione sull'onore.pdf,0,0ab830c5eb89dff937eb5fef85c9ca86233b0aba8080d1680990232d285b8fc1.png,eea094125a89d936b9f19de0d213a3290b45c15ef8b3aaaef698e15d6c8cfa8f
data/raw/doclaynet_hard_negatives/doclaynet_train_3be9e556b17bb288379e.png,train,doclaynet:EN-Lot1 6 Vol3 d4.3 Section 6  Concrete and Steel Works en GIR rev6.pdf,2,structured_document,0,doclaynet,government_tenders,eu_tenders,EN-Lot1 6 Vol3 d4.3 Section 6  Concrete and Steel Works en GIR rev6.pdf,15,e8da8840e34b03bc9d6a9125bd39994b7829cc2f37e9cb237f527e384c3d6f29.png,93366da3d044f2d4fdc0c0af2bc43b6cb9394aab17a647b2f3379fbc2164b1d6
data/raw/doclaynet_hard_negatives/doclaynet_train_4c8716b62ff097ea27cc.png,train,doclaynet:EN-Annex 2.5_FWC_Statements_IPR.pdf,2,structured_document,0,doclaynet,government_tenders,eu_tenders,EN-Annex 2.5_FWC_Statements_IPR.pdf,1,b1d8e5b5d37009cedabcc197dbef0b6efe2cdc7f944ec6b970503e283426ab81.png,e8bdacea238d78014d959030b73fe9a4e74d671d39a569ba84aa7f86c673eec3
data/raw/doclaynet_hard_negatives/doclaynet_train_c4eeb42a933092bd8acd.png,train,doclaynet:EN-AA-000799-002-A_TAINSTRUCT.pdf,2,structured_document,0,doclaynet,government_tenders,eu_tenders,EN-AA-000799-002-A_TAINSTRUCT.pdf,10,d779e82527bfd842d422a1ff65550d868fcac613abe6b1dc8918068dc8d1e8d8.png,638624d498300f392fea97172762a9934743d75ac8417441b5be09535497e48c
data/raw/doclaynet_hard_negatives/doclaynet_train_ddade6c88f8135cdbd13.png,train,doclaynet:EN-Annex 5 - RACEMiC Theme paper.pdf,2,structured_document,0,doclaynet,government_tenders,eu_tenders,EN-Annex 5 - RACEMiC Theme paper.pdf,3,7f8359b2fbeac50194e37bc7a2ab63b4b1675c45888a02cd51da5fab02d03c73.png,4106250a0b8101f9930b1e9e3271f3171d755921b5e8cc051bff8988d89a0007
data/raw/doclaynet_hard_negatives/doclaynet_train_453f4e3ec2dc824fefb8.png,train,doclaynet:EN-Invitation to tender.pdf,2,structured_document,0,doclaynet,government_tenders,eu_tenders,EN-Invitation to tender.pdf,2,3abfa0498dbab19702e75ca7b8ad02401296537fd53192a35b605197559138f0.png,05f6f283ba68e5a0dc4e51372c451af8966d74af7f1a709eefdf904be356456f
data/raw/doclaynet_hard_negatives/doclaynet_train_926c0031565cba3f4f46.png,train,doclaynet:EN-Lot1 Vol4 Section 4.2 schedules of payments en GIR rev8.pdf,2,structured_document,0,doclaynet,government_tenders,eu_tenders,EN-Lot1 Vol4 Section 4.2 schedules of payments en GIR rev8.pdf,1,d5f5169d17de73ec2b4c5fcf795870548dee46394afe0489e67c572ec4f01e37.png,57e80bbc521b9c3c7c0c9d50d22e7308fa7c62366ef1950c4246d771ecb08a56
data/raw/doclaynet_hard_negatives/doclaynet_train_ee733de68e48470dd40f.png,train,doclaynet:EN-c4o2_lefind_en.pdf.pdf,2,structured_document,0,doclaynet,government_tenders,eu_tenders,EN-c4o2_lefind_en.pdf.pdf,0,abd3c8c0e4b42d71feacf87f62067d2027d91d5e1129b2506128c45384400dfe.png,4c03004c7206c97776e45a9d600cc0e8f9f267cca439d0ccbc3f78de199f0e76
data/raw/doclaynet_hard_negatives/doclaynet_train_4091ec964369386eda9d.png,train,doclaynet:EN-Annexes to the contract_1.pdf,2,structured_document,0,doclaynet,government_tenders,eu_tenders,EN-Annexes to the contract_1.pdf,4,75c798050686041f5f4eb86e00d378a38ec366a2321756c93d230f1fa6258e1c.png,9eecfa8ff47d22e668c299ebba300638c21017fa4b9f3c04d700494a92c4a550
data/raw/doclaynet_hard_negatives/doclaynet_train_320baa34dc9baec956f4.png,train,doclaynet:EN-Lot1 Lot2 Vol1 Sec1 d4b itt en.pdf,2,structured_document,0,doclaynet,government_tenders,eu_tenders,EN-Lot1 Lot2 Vol1 Sec1 d4b itt en.pdf,14,72a752359b16243a5dc07ee73b323faeb532bc29129330d4884ffa9edb367c25.png,759c173c8e68af44c5285017ddf297b5dcc50ab9b2f804718c252f7a3f78cfe8
data/raw/doclaynet_hard_negatives/doclaynet_train_051557f9957c856317f5.png,train,"doclaynet:EN-Technical Annex C_DPR_12924_Lot 3, Tasks and DL table.pdf",2,structured_document,0,doclaynet,government_tenders,eu_tenders,"EN-Technical Annex C_DPR_12924_Lot 3, Tasks and DL table.pdf",4,1c44807f4bf21a83098d9499d5d213843916370b2e7151f1b6b8c15e6c0c83de.png,195057c65bb80f6d6d5725a3a59847931eacb07231f0c592cfe714b5a618cdc0
data/raw/doclaynet_hard_negatives/doclaynet_train_45e22a62a8bef9ec20f7.png,train,doclaynet:EN-Lot1 Vol1 Sec3 d4d tenderguarantee en-lot1.pdf,2,structured_document,0,doclaynet,government_tenders,eu_tenders,EN-Lot1 Vol1 Sec3 d4d tenderguarantee en-lot1.pdf,2,f07c5ef3e8892438f25abcc82e5a48c98e80e9ab3fcef2f82bbd01a2e39cc937.png,c26b934a5665bf61ef8471d07e6e05b77bd69f350b705771e17fbde9d48e2db6
data/raw/doclaynet_hard_negatives/doclaynet_train_c4fc34afaaa3244ebab6.png,train,doclaynet:EN-Annex 4_E-submission quick guide.PDF,2,structured_document,0,doclaynet,government_tenders,eu_tenders,EN-Annex 4_E-submission quick guide.PDF,5,f38326cd79e90d765bd67fedbeabe2a3a5866d5c3e249aebaafa4b5938427873.png,8ff6369e8c3da3e630c1ada8bea9b7a58b2a58ef627b3f254f542ac0d3843288
data/raw/doclaynet_hard_negatives/doclaynet_train_9a2403f041dfa0bce3e8.png,train,doclaynet:EN-Tender Specifications_001.pdf,2,structured_document,0,doclaynet,government_tenders,eu_tenders,EN-Tender Specifications_001.pdf,21,dd94df4693a35f626b914f055c0ca9cda74c72957438af9ddcb827a2bc4fb934.png,5c1c7a6ecb55104d84382bf7a81233282eb54c3040cc7cbc6dd06e9aa2ea06f6
data/raw/doclaynet_hard_negatives/doclaynet_train_de317762d0836ce6de2e.png,train,doclaynet:EN-c4e annexigc en.pdf,2,structured_document,0,doclaynet,government_tenders,eu_tenders,EN-c4e annexigc en.pdf,13,0e2766b1be8266ee689dafc30805c35c1e8b2e5da3a870bf7d7636557ddc8b05.png,9d1990264adcd49f709335002e62f73c44f7844f7fa8f12cc9210056b004df19
data/raw/doclaynet_hard_negatives/doclaynet_train_b0a98c261a6f9543fe64.png,train,doclaynet:EN-INEA2020OP0004_Opening_remotely_final.pdf,2,structured_document,0,doclaynet,government_tenders,eu_tenders,EN-INEA2020OP0004_Opening_remotely_final.pdf,0,b098bb47c8afac81bbaf4ed3be9af49fc3ed4fa3e3c62e5210ae88853b043095.png,1b2186ec4fe4600ac1f4074354134885e03bfcb2a7ff131260ba01081631adac
data/raw/doclaynet_hard_negatives/doclaynet_train_677f372cb012cc70a656.png,train,"doclaynet:EN-Lot1 10 Vol3 d4.3 Section 10 Roads, Landscaping and Fences en GIR rev6.pdf",2,structured_document,0,doclaynet,government_tenders,eu_tenders,"EN-Lot1 10 Vol3 d4.3 Section 10 Roads, Landscaping and Fences en GIR rev6.pdf",10,56ba6c05e33d3545e1fdb3dbb46edacc94963634d535be546e96cc9d19df2334.png,bb44aca4dbcc90a75b44f51f3b3206db1d6f837a162cbcf2a6eeb6559fffedfe
data/raw/doclaynet_hard_negatives/doclaynet_train_a1a577743f6b77eaf5a6.png,train,doclaynet:DE-Preisblatt-Abwassersammelstation-Fl.B.pdf,2,structured_document,0,doclaynet,government_tenders,eu_tenders,DE-Preisblatt-Abwassersammelstation-Fl.B.pdf,4,dc62e975008c1e049fc91e0e970f2938f4d4d9fc953815dfb80ee7bcc10bfb92.png,955859b1f5d9d7380f43b518e4c79cedfbc6f27ef04315b6f13fd692c98a8917
data/raw/doclaynet_hard_negatives/doclaynet_train_6354ec044a386699cb17.png,train,doclaynet:EN-a5f additional information contract notice en.pdf,2,structured_document,0,doclaynet,government_tenders,eu_tenders,EN-a5f additional information contract notice en.pdf,3,bacb558a78ec81e788f6b0c0558ad5d97c46945cfffc853f52e121b8555407d4.png,192a2b2068c18fb2f20898de2759f2748cc0f58b2df1f74f865c7d11ceebca59
data/raw/doclaynet_hard_negatives/doclaynet_train_2898762bc12143b627ec.png,train,doclaynet:EN-OJ_2021_DPR_23656_Invitation to tender.pdf,2,structured_document,0,doclaynet,government_tenders,eu_tenders,EN-OJ_2021_DPR_23656_Invitation to tender.pdf,3,bba2a19357c49d06c079642b91bfb320c0f1d82cd5200a9c1621f5a7c81e3c64.png,41b0a56493ab91627b133e23e542d68b58ace54a3a0a81fbd0bb07b2cc0ac88e
data/raw/doclaynet_hard_negatives/doclaynet_train_8fe48209b0f4029c336d.png,train,doclaynet:EN-Annex 2 - draft FWC Service Contract.pdf,2,structured_document,0,doclaynet,government_tenders,eu_tenders,EN-Annex 2 - draft FWC Service Contract.pdf,32,0f244d19caa330fa367e2c2cf21c30edff5c538ef8777e7792c06166e875c354.png,a5e2064a32e021b1e39ddec895adbc46005cc8ad28e4e6e086cd478eb1c4670f
data/raw/doclaynet_hard_negatives/doclaynet_train_3e43c66b7e2710f1bf23.png,train,doclaynet:EN-Procurement Document 1 - Annex C Draft Model Framework Agreement for Provision of Services - Multiple Providers.pdf,2,structured_document,0,doclaynet,government_tenders,eu_tenders,EN-Procurement Document 1 - Annex C Draft Model Framework Agreement for Provision of Services - Multiple Providers.pdf,9,fff2734a1214b8c7dcbf8afe24b1d17f98da53da973a54cd1cf270879b73ba4c.png,bfc574b2bf47f049c432a6708f1ac3d88179880407d32dc205c469811fcff4c1
data/raw/doclaynet_hard_negatives/doclaynet_train_d147dbd99f5fb5320cd0.png,train,doclaynet:EN-c11 provfinalaccept en.pdf,2,structured_document,0,doclaynet,government_tenders,eu_tenders,EN-c11 provfinalaccept en.pdf,1,7b718581fcf1177d02cddfcea32df93bd8abc2383152e3e6a02bb39129df5974.png,d2e9bad610d1f29b9d8ac716cc89cb4eba5468ddc0705c0a810df2fbf0258fcf
data/raw/doclaynet_hard_negatives/doclaynet_train_21dbefc150451672c6bf.png,train,doclaynet:EN-Annex 2.4_FWC_Model Performance-Retention money guarantee.pdf,2,structured_document,0,doclaynet,government_tenders,eu_tenders,EN-Annex 2.4_FWC_Model Performance-Retention money guarantee.pdf,1,fad3a428956fb982979392d43a714ba28d6f9463d58a065d9146f28ecc4e62c4.png,caf0d0a2ff4014cf9a903d7b69ce9f62614358f863f52fd92da81f2445721e2f
data/raw/doclaynet_hard_negatives/doclaynet_train_369d31631d9b5138fd06.png,train,doclaynet:EN-Annex 1 - Glossary of terms.pdf,2,structured_document,0,doclaynet,government_tenders,eu_tenders,EN-Annex 1 - Glossary of terms.pdf,2,8277cc00c480b209ec910f88116e2dba0e6685517113e7f27f9346741782df01.png,2c9ed96f1c9a1cc9d323e8ed40b61bdf1f9edadf166aa8a9c5f61ea4f7dd5d31
data/raw/doclaynet_hard_negatives/doclaynet_train_93a89ac9afd47a0c38e6.png,train,doclaynet:EN-Equipment Layouts.pdf,2,structured_document,0,doclaynet,government_tenders,eu_tenders,EN-Equipment Layouts.pdf,0,cf9208ed917e8fbe18f406f6e4e7a62b1e38a57f6f8ab9756e93130dee665865.png,332a3966d41cdbc8898dbecba7b4d4ce58b5d0bd232432b0a0e44ac4b86aa58b
data/raw/doclaynet_hard_negatives/doclaynet_train_1818fc4bf342a05947b9.png,train,doclaynet:EN-OJ_2021_DPR_23669_Invitation to tender.pdf,2,structured_document,0,doclaynet,government_tenders,eu_tenders,EN-OJ_2021_DPR_23669_Invitation to tender.pdf,0,9bcda0f00923dfcb0002492e29da68d5f5957e5d32194ac009badf1da9b9097b.png,bb954b2c0e47cebc93d7405ca247932a5b62be3e5d0667fdb86c5ed23919db24
data/raw/doclaynet_hard_negatives/doclaynet_train_41bc6ea0f7d5ed89b5ff.png,train,doclaynet:EN-Annex A - Administrative Forms.pdf,2,structured_document,0,doclaynet,government_tenders,eu_tenders,EN-Annex A - Administrative Forms.pdf,2,c37d4614b62cb2bcc62dbde29ddc57c85f3a547baf921e93031d8db7330ab218.png,be2b61b1792dea10ec737b05b2458f3e8c0133c36ed58f85ee75911d00899f92
data/raw/doclaynet_hard_negatives/doclaynet_train_33c9f5806de3b0f6ec89.png,train,doclaynet:EN-Draft Service Contract.pdf,2,structured_document,0,doclaynet,government_tenders,eu_tenders,EN-Draft Service Contract.pdf,26,3781949a8fb2b7551e275f2c797702e4232ae5f8ffb5e108c3b1f7f53ad3732c.png,38ce551408e0c0c6a79276522ea79aecac904d1b8ff13231e974bae94e5dea8f
data/raw/doclaynet_hard_negatives/doclaynet_train_a268fbcaa8b0d3f0151c.png,train,doclaynet:EN-OL_2021_DPR_2365_FWC_EQA_Listeria_Salmonella_STEC_Lots1_2_3.pdf,2,structured_document,0,doclaynet,government_tenders,eu_tenders,EN-OL_2021_DPR_2365_FWC_EQA_Listeria_Salmonella_STEC_Lots1_2_3.pdf,39,8995dbf0f2a2ebff9b4336cfdf2e615ae367200afca9f853228b8b265e5864d3.png,921b546074ba83de3f8e123d9c14a9cb40c1105d7feea3c1d83b056f580d391e
data/raw/doclaynet_hard_negatives/doclaynet_train_07e6452c1ae692f57fff.png,train,doclaynet:DE-05-Abwassersammelstation-LV.pdf,2,structured_document,0,doclaynet,government_tenders,eu_tenders,DE-05-Abwassersammelstation-LV.pdf,30,9df2ee7ad8648af9b3cd992477e0d5675053e6a56f1204291fb8704c2b4b86aa.png,177a112858836b20a362576c1a1fc1a03ad30a03fff5b273eddc8b3515c82144
data/raw/doclaynet_hard_negatives/doclaynet_train_fb83f7ca5edf9ba11e53.png,train,doclaynet:EN-Annex 2.2 Demonstration of Conformity.pdf,2,structured_document,0,doclaynet,government_tenders,eu_tenders,EN-Annex 2.2 Demonstration of Conformity.pdf,1,83e8459cb2d62dcddb032ae2bf138c1e23a527d680cfa3cada41e5a2b73c5a8b.png,2306c1a43d0f1ba492ea236cac436a0c0fa8e3c4aa3ca22aceed37b20faa0781
data/raw/doclaynet_hard_negatives/doclaynet_train_7078bc1ffea5790e37b5.png,train,doclaynet:Vergabeunterlagen_Vergabe_KEI2-2020-112.pdf,2,structured_document,0,doclaynet,government_tenders,bavaria_tenders,Vergabeunterlagen_Vergabe_KEI2-2020-112.pdf,66,11e14a897a5226ce90e9fca62381a47b3879ee6426777f493c3c621669120976.png,c84e67a41927fc39be31095583947bf2a5cb59c36ba953127e58ea8b3c00051f
data/raw/doclaynet_hard_negatives/doclaynet_train_3628732b598240b523f6.png,train,doclaynet:EN-c4b_itt_en 1.docx.pdf,2,structured_document,0,doclaynet,government_tenders,eu_tenders,EN-c4b_itt_en 1.docx.pdf,4,519e75f30635ae035815d040b6f08d5f27d0ee42f5ebf94c6301168432503e06.png,d33106277f50aa9906b6e4d01404d263a8bb7c6cbe835f1117fea7e3382a8205
data/raw/doclaynet_hard_negatives/doclaynet_train_23da97ac4984dee52e5b.png,train,doclaynet:EN-c4f_annexiitechspeciiitechoffer_en.pdf,2,structured_document,0,doclaynet,government_tenders,eu_tenders,EN-c4f_annexiitechspeciiitechoffer_en.pdf,50,e8c9f9435f22504fd7527646f7a0312149f9cb22ebd4df5d621bdfbdb040caed.png,85c5ddd64951ddcb915852a67d64ec6ba2c41441c5b2ff2cf338cb746313afae
data/raw/doclaynet_hard_negatives/doclaynet_train_82ed64005fe934e50b4e.png,train,doclaynet:EN-Tender specifications PART I-1.docx.pdf,2,structured_document,0,doclaynet,government_tenders,eu_tenders,EN-Tender specifications PART I-1.docx.pdf,9,20aa550c6eeae42b4e9def58c46cee6c577c528634b63991f70fef669feb9558.png,3b0a9ef9eabf486075357a40ee43c53e14079f44d27a56a845c79a8941a88d4c
data/raw/doclaynet_hard_negatives/doclaynet_train_436f0c6cf25c7ed939a5.png,train,doclaynet:EN-TenderSpecs_OC-EFSA-DATA-2021-01_1.pdf,2,structured_document,0,doclaynet,government_tenders,eu_tenders,EN-TenderSpecs_OC-EFSA-DATA-2021-01_1.pdf,14,e50ff9f0ca6e3bce40241fc7a5d78a5c4e7b94b2e75c56adadedad51b2bb04d6.png,74258a2d3afcaea389b3a8a7d3bb1e515df5e9c3b5ad2b5d1b4f6800fe31f71d
data/raw/doclaynet_hard_negatives/doclaynet_train_ee92688b416e94dc6110.png,train,doclaynet:IT-2.Bozza di contratto quadro.pdf,2,structured_document,0,doclaynet,government_tenders,eu_tenders,IT-2.Bozza di contratto quadro.pdf,27,15a126d47242441783529ee64cbb8bb583bb0a7ffbf955acf6797ef89a8378e6.png,8223444d8ef444350e38f1cc2a45befd939aa131932b2680c6b5a7362d496d90
data/raw/doclaynet_hard_negatives/doclaynet_train_913f3232ee610158e525.png,train,doclaynet:EN-Draft Framework contract.docx.pdf,2,structured_document,0,doclaynet,government_tenders,eu_tenders,EN-Draft Framework contract.docx.pdf,9,3e3d5ad40ceb03484fd2eb1afc273268e3b84b38be5791ffef39e7ded2066462.png,fc9a54e2fb96d3918ab29f685861c07f58d4179e47497a3daf146b6c0eb9a3c0
data/raw/doclaynet_hard_negatives/doclaynet_train_045140cd797bcffa1de2.png,train,doclaynet:223 Aufgliederung der Einheitspreise.pdf,2,structured_document,0,doclaynet,government_tenders,bavaria_tenders,223 Aufgliederung der Einheitspreise.pdf,0,8bf4146b5fc6f2d6471995610a3f2ae34442053ddcaca710fea31e037506cd49.png,36fac736ab776367d0cbc4137cf3804dc6549401b52e97cf5e37652d017e54dc
data/raw/doclaynet_hard_negatives/doclaynet_train_196622c8559394877257.png,train,doclaynet:FR-Appendice 1 Programme minimum entretien preventif 18-05-21.pdf,2,structured_document,0,doclaynet,government_tenders,eu_tenders,FR-Appendice 1 Programme minimum entretien preventif 18-05-21.pdf,23,1457bda14d7ac8301fbbf12e23283eb03703e3d308423a678f1acc9bfe2c678b.png,7b1c0fb5e047747eb7922e10607fef9a90e217e25961fdd1be48b447efc7a998
data/raw/doclaynet_hard_negatives/doclaynet_train_470e99acc52633e39c7d.png,train,doclaynet:DE-04-Abwassersammelstation-Vertrag.pdf,2,structured_document,0,doclaynet,government_tenders,eu_tenders,DE-04-Abwassersammelstation-Vertrag.pdf,17,48d0827a52703ebca6df8a4a78fceeb61b9666ed166c4ad58792d38aac8c3f22.png,cc5b3f36301781c479a711cf3e1b382b54e7a12a9468d7f6d0c21c55ee83de98
data/raw/doclaynet_hard_negatives/doclaynet_train_1184fe44b3ac9d3269fb.png,train,doclaynet:EN-General terms and conditions for ICT contracts.pdf,2,structured_document,0,doclaynet,government_tenders,eu_tenders,EN-General terms and conditions for ICT contracts.pdf,11,03659a8c45e33448ec849274844101c0f908170b40bef0514e373469b4e71c68.png,4d8ebe1ff3f4163501402306895056a64a6af95672872d3be9daecf8441bf504
data/raw/doclaynet_hard_negatives/doclaynet_train_5d50bcc50e51500a66ec.png,train,doclaynet:EN-Annex 11 - Profiles description.pdf,2,structured_document,0,doclaynet,government_tenders,eu_tenders,EN-Annex 11 - Profiles description.pdf,10,62171d12bf58d929457977e66e964faf022819f790b1ebcfbe31779f3647a3a4.png,0f2c594d503ba023a933db70ac74e3f2753b4328c2d218be2336c1a6bac96ea6
data/raw/doclaynet_hard_negatives/doclaynet_train_38e26d370a08a1841161.png,train,doclaynet:Sigeplan_ Klinikum_ Eichst則t_25-08-20.pdf,2,structured_document,0,doclaynet,government_tenders,bavaria_tenders,Sigeplan_ Klinikum_ Eichst則t_25-08-20.pdf,134,659f7054e81c2cde96f520a5b14d12f4049022f644659546f46ea290f4b9b724.png,8456cd1f68958e79bad4fcb4fa0086747be98d79d5fb4184742d0b20129b416a
data/raw/doclaynet_hard_negatives/doclaynet_train_c96de4aa3c40cd13d88c.png,train,doclaynet:EN-Lot1 Lot2 Vol1 Sec5 d4m evalgrid en GIR rev5.pdf,2,structured_document,0,doclaynet,government_tenders,eu_tenders,EN-Lot1 Lot2 Vol1 Sec5 d4m evalgrid en GIR rev5.pdf,8,b22b78394a6c8d313a2b58c826788d39d74be1744668d3e9fcc6252520d7ac97.png,02a08bb2ea66a11f43ee098639d65eb7d14c620e9b4c54487a9c17dc4e3d5e22
data/raw/doclaynet_hard_negatives/doclaynet_train_90eb31ff509831496462.png,train,doclaynet:EN-a14a declaration honour procurement en.pdf,2,structured_document,0,doclaynet,government_tenders,eu_tenders,EN-a14a declaration honour procurement en.pdf,4,e0b62888887f93f3efb9f72921f9f01439dc74d44566eca5c10dac51545a3526.png,fb0aff8e39f0dd81a2457a577752a4f34803ca8b1514141ad8fd48a336f12af4
data/raw/doclaynet_hard_negatives/doclaynet_train_425c205244bf3e7d30c4.png,train,doclaynet:EN-Procurement Document 1 - Annex C General Terms _ Conditions for Framework Agreements (services).pdf,2,structured_document,0,doclaynet,government_tenders,eu_tenders,EN-Procurement Document 1 - Annex C General Terms _ Conditions for Framework Agreements (services).pdf,5,d080d9050fb02444b6958a0ea9c46ded7ba908e332427795527ff8ff9747a6e0.png,678b7ef9c101fdf5d1603c8f521b9d57c7aa46104e4c2e815a8c34754429c339
data/raw/doclaynet_hard_negatives/doclaynet_train_c41653fe0b9d8372815b.png,train,doclaynet:tips1352.pdf,3,narrative_document,0,doclaynet,manuals,redbooks,tips1352.pdf,15,cf4e9821fe4e922ef0f1b5682d4d61ab9c340bc84058e768ce7c40ed0f7b9631.png,12979e94b5fc2941a8241751f78cf825397b2f519742164b5730707497748015
data/raw/doclaynet_hard_negatives/doclaynet_train_4ce43d0baabb5e3b2675.png,train,doclaynet:Sailingmanual.pdf,3,narrative_document,0,doclaynet,manuals,manuals,Sailingmanual.pdf,108,21f65f906ecfd7e87772f8f5fac44a56b182fd8e19afcc31c5e706556132b3e0.png,57a795f139d6bee325ac1421084b9296fd202883187dce95efbf7dbce2097c34
data/raw/doclaynet_hard_negatives/doclaynet_train_49e07033534f99092a6a.png,train,doclaynet:sg248447.pdf,3,narrative_document,0,doclaynet,manuals,redbooks,sg248447.pdf,174,87ff7d966b334441fd02d2bc168eb1747210fb57c4c2ac32da697870d3ea7add.png,fbdb26822ab9b7ae5b32ceb4096c7bf28ca031b125a959d5000ce890bff04b78
data/raw/doclaynet_hard_negatives/doclaynet_train_5a3f187451a92de7c18c.png,train,doclaynet:python_howto-logging.pdf,3,narrative_document,0,doclaynet,manuals,manuals,python_howto-logging.pdf,3,e9b8ddff9e6765fe7427677024ec228cba1dad438f7c3dedb0ff4453ff387c13.png,1403c76c7ec3e305f5a5704ab79d92e4364a5009d6664a3392d95caa799a54de
data/raw/doclaynet_hard_negatives/doclaynet_train_fae3e7c66e5fcc86e051.png,train,doclaynet:Basic Italian.PDF,3,narrative_document,0,doclaynet,manuals,manuals,Basic Italian.PDF,74,ae1dc31fd8d89dace727576e6b995c1d41c23107f62327e0e87c6bf3c6d9695f.png,ddb88751f3251104a6c974b0a9e9bb32fc17947f181556dfc491cfa4a9093dd5
data/raw/doclaynet_hard_negatives/doclaynet_train_d8aca57a31ec1158e555.png,train,doclaynet:sg248651.pdf,3,narrative_document,0,doclaynet,manuals,redbooks,sg248651.pdf,440,652ede9eb7d6f5163df9be042e999f4ef3d4e9fab699d82a48642f22dee90dc4.png,df67a7c2af4eb7923aca906d7f85808cd65907baa053ec996b70f7352d49bd18
data/raw/doclaynet_hard_negatives/doclaynet_train_856151b64ed5ae36934f.png,train,doclaynet:sg248851.pdf,3,narrative_document,0,doclaynet,manuals,redbooks,sg248851.pdf,23,b777abdefc0f20b16c3957244fc7f2fd8abff09706d64dc7eb9026c41ef76ddc.png,e7c882bda67b1e5167a9b315af9820f551ed1cde60f67b1b9b6fde4c25af9d8a
data/raw/doclaynet_hard_negatives/doclaynet_train_05117035f536cbd959bf.png,train,doclaynet:sg247623.pdf,3,narrative_document,0,doclaynet,manuals,redbooks,sg247623.pdf,369,af95c6763cecebf40f3818c4a53b14f51c8c9159368abb531e8ef390a12e695b.png,91fae32517b50f33e5e696d898a2f905ace0d90eb2828aacfcb90a7e242f06a5
data/raw/doclaynet_hard_negatives/doclaynet_train_4a2f722a621cbe9c6a18.png,train,doclaynet:sg248323.pdf,3,narrative_document,0,doclaynet,manuals,redbooks,sg248323.pdf,100,af1b11271f2ae840f208906f90a593f4bfb8019cef39d45971e87b4f667d9663.png,a18847bcc664c0419ac9f6cfbab7a462c6a10365abc6c30052c775ca2465ec70
data/raw/doclaynet_hard_negatives/doclaynet_train_91bdb8963129609de4cb.png,train,doclaynet:tips1346.pdf,3,narrative_document,0,doclaynet,manuals,redbooks,tips1346.pdf,1,2ecbb9f2edd871f4bbfc7e1c149ae41f572ccc42657b43c93fa8b0c74dc4e487.png,5d31849c98138e9e53ffc56ddcb9f119be9c62250ef7a3e643a83d0ef96b0790
data/raw/doclaynet_hard_negatives/doclaynet_train_fe1b0f14ac7e0640045f.png,train,doclaynet:python_reference.pdf,3,narrative_document,0,doclaynet,manuals,manuals,python_reference.pdf,9,26b30c795bca80edc2ea836537f7f3fe08b86ff5e6d5077f20c5c19aa64f1ebe.png,9e4fa12193c9675c185083dd09264388c881d52a872a6d5ee85ee0a99bbead6f
data/raw/doclaynet_hard_negatives/doclaynet_train_ec94d09b53c4149eb3f6.png,train,doclaynet:sg248425.pdf,3,narrative_document,0,doclaynet,manuals,redbooks,sg248425.pdf,200,83285b85ed2138abbfefd29095596ea10e062c455a6b40e5713a70287a54c0d8.png,f1de1a5d21389cea5019fa87f9250ea2a11160f7be9cc94a87589873ccbc1ec1
data/raw/doclaynet_hard_negatives/doclaynet_train_768967e512b33e2daf09.png,train,doclaynet:tips1355.pdf,3,narrative_document,0,doclaynet,manuals,redbooks,tips1355.pdf,12,c2331597eeab8ad53fbb989b2fff00e6503185b75761da72e9c442c482ebdcb1.png,8c2fd7cacc047284b15a9650d3c0664b00dbf0e688a134c7c7d69571f29ea4fc
data/raw/doclaynet_hard_negatives/doclaynet_train_fdd97239118a64aa3b52.png,train,doclaynet:tips1354.pdf,3,narrative_document,0,doclaynet,manuals,redbooks,tips1354.pdf,7,cabd39887a5df9bf4dde4b7de94fcbba8d3d27333e05bda982423a212a7073fa.png,f35fea3a5a112d563ccb9b4dd1e41f4124eec5163c451e300f34db9c10aeb554
data/raw/doclaynet_hard_negatives/doclaynet_train_f9a505410d512b28cb66.png,train,doclaynet:MongoDB-manual.pdf,3,narrative_document,0,doclaynet,manuals,manuals,MongoDB-manual.pdf,478,239e3fce752b7611297ab1579aee3086a7e1c40f67d7dc7c66ec8c93367a95b4.png,43f9487b66d4a900a0cead14ae04c6f126af74b7eda962114f269617443a16fd
data/raw/doclaynet_hard_negatives/doclaynet_train_0786323ac8ccb2a318e7.png,train,doclaynet:python_howto-logging-cookbook.pdf,3,narrative_document,0,doclaynet,manuals,manuals,python_howto-logging-cookbook.pdf,41,9d2b026886c243b620c51cb1b043bc6c659340685aca7f53b9b65820bd9dda39.png,04043e09c143ddf2bdac04b8845e29c588fc26cd355a6fb2a4aea3bc4263a57a
data/raw/doclaynet_hard_negatives/doclaynet_train_3e71c34951ece304a6a2.png,train,doclaynet:tips1347.pdf,3,narrative_document,0,doclaynet,manuals,redbooks,tips1347.pdf,8,ee7188965f92dbe286a46108bd78d3b2f32bee619fe3a4cec71761fadf240dad.png,67e6c747297b1bcd014cbf2bcb60cf4c3d3248576f15b586f43005960d5bdab2
data/raw/doclaynet_hard_negatives/doclaynet_train_d624377c6a06d936d945.png,train,doclaynet:python_howto-instrumentation.pdf,3,narrative_document,0,doclaynet,manuals,manuals,python_howto-instrumentation.pdf,3,c97c90a0c9cfe3c66f375a2b7af8fd092b8904d8ede75d5453be277231d2bdf9.png,231ecabf4944ef99b01920d87dd732b363260793d89daa4964a03ac9acebb2cf
data/raw/doclaynet_hard_negatives/doclaynet_train_e49862d397981128e212.png,train,doclaynet:16-par-20210101-e.pdf,3,narrative_document,0,doclaynet,manuals,manuals,16-par-20210101-e.pdf,84,420bfe8e1284fe25ce37835366f779e1f444cbfd851ed3a92dc342aaecba2560.png,d5b7befa7a4cb7f672230bed5affa4daf4b386007a8f14e46d437e614fd5a2f6
data/raw/doclaynet_hard_negatives/doclaynet_train_fa23a8ea592f108f2334.png,train,doclaynet:OpenShift_Container_Platform-4.5-Applications-en-US.pdf,3,narrative_document,0,doclaynet,manuals,manuals,OpenShift_Container_Platform-4.5-Applications-en-US.pdf,5,1a26c5c35b17db9726be0249d0e0ae2e625420c7438cc894f674e4b22693c7f3.png,c9945fed2d78ac9f0a42ea9cfb6f15a3aa4657236f8b93866a4f344becb82b05
data/raw/doclaynet_hard_negatives/doclaynet_train_52b21c07aabc27cb58d7.png,train,doclaynet:2-roa-regulations-e.pdf,3,narrative_document,0,doclaynet,manuals,manuals,2-roa-regulations-e.pdf,224,2ca3a351665526a5647b9418f5effcb531b25f3c99988f5181a3fd74a73ee632.png,d54b701765df4e76d6e8d0da72cd5033028ee6ca74f795894a5e22e66c91ae85
data/raw/doclaynet_hard_negatives/doclaynet_train_19936cdcfb9eb553ba3b.png,train,doclaynet:cm-oreilly-kubernetes-patterns-ebook-f19824-201910-en.pdf,3,narrative_document,0,doclaynet,manuals,manuals,cm-oreilly-kubernetes-patterns-ebook-f19824-201910-en.pdf,9,dc42a834944e4e7e4226637b60aaf7fc9852a4e7b0d6f0fb55e00b4bac8a1b3e.png,b5eabe8976a4ab051a433ce77bed4b44064398d44437a75c904ff6496c8a14c7
data/raw/doclaynet_hard_negatives/doclaynet_train_878e290923ddff98b2ea.png,train,doclaynet:Interweave-Knits-Learn-to-Knit.pdf,3,narrative_document,0,doclaynet,manuals,manuals,Interweave-Knits-Learn-to-Knit.pdf,9,78b4b4fb69cad129d0d6543510c6c1508a36bfecaf75fa984aa2e456f89c0d4b.png,0d2be332338d41f3e5352747a347f0e9e687a268cc90fabb4f5d3efd34f8c626
data/raw/doclaynet_hard_negatives/doclaynet_train_6cc19bf039a83136bce8.png,train,doclaynet:sg248448.pdf,3,narrative_document,0,doclaynet,manuals,redbooks,sg248448.pdf,395,c03128a608d5c3a6bcbfc72dd5a9fd109c5e7fcf8d845f00c51b0f553c365a1b.png,8bfc6bc4f51119f832f8447e1604a2f1a17f69378a5e90c910cccfd9c2578fb6
data/raw/doclaynet_hard_negatives/doclaynet_train_5d2419f57fd1764c755b.png,train,doclaynet:sg248235.pdf,3,narrative_document,0,doclaynet,manuals,redbooks,sg248235.pdf,150,7b1d0a4a134f90a2763bef8c8a27aa29484ade75e77a20e1398f88567f650897.png,da497ded73664a2b774c4510ab5217e959c0d3ad03557931cbf39ba3b54e03da
data/raw/doclaynet_hard_negatives/doclaynet_train_f3035b15134669198c0c.png,train,doclaynet:sg247933.pdf,3,narrative_document,0,doclaynet,manuals,redbooks,sg247933.pdf,284,ea107336f26b50d2834b206c08b5a65a945732f1ecfcbddd219fd8720bc4f406.png,ed79899398817ff0d04d263287a5639a57ab45b4e70a5b98537960de60cb98ac
data/raw/doclaynet_hard_negatives/doclaynet_train_020c4b0800ae39176623.png,train,doclaynet:sg248422.pdf,3,narrative_document,0,doclaynet,manuals,redbooks,sg248422.pdf,262,4c6feba9ce307cc368d3bb874116b1c254e956b21d4a960bac9642e237d6d1df.png,2d9421e07ef4adf573a70000568f6786f67f0bd5035b9610222070bc9e0f28e4
data/raw/doclaynet_hard_negatives/doclaynet_train_21d247c61582b347b703.png,train,doclaynet:pioneer-avh270bt.pdf,3,narrative_document,0,doclaynet,manuals,manuals,pioneer-avh270bt.pdf,26,efaf47a24caa7b0a0fb71fe5fb6e61cdec459b75d343493836b2431ed1795a93.png,bac1648f89fb2a4047ed435599bab3cc883bef44bef2827cfb846315c2856d4b
data/raw/doclaynet_hard_negatives/doclaynet_train_0bcabee978282d632f67.png,train,doclaynet:itp_2015_12653122.pdf,3,narrative_document,0,doclaynet,manuals,manuals,itp_2015_12653122.pdf,148,c9b8e7ca303aa51e557cd0dd0134cdef49fca4bb6d8f0c1c48815cf5e20c4ee7.png,aee88c82f261ecce2f098e33401d7bfc5004b38143a3e93690a3b55d4f302c3e
data/raw/doclaynet_hard_negatives/doclaynet_train_4c8b64b1eb5a95a086b9.png,train,doclaynet:tips1350.pdf,3,narrative_document,0,doclaynet,manuals,redbooks,tips1350.pdf,8,204fc6c7b732ea27b67aea5aab2b7b5e2878cffcecd89a7bb8e84e695241e3fe.png,ef34994812c2c3500217d3ec2af9ec9b5dcb4111b7e59134fae855615d7a4a85
data/raw/doclaynet_hard_negatives/doclaynet_train_67aa10af3986348d59dc.png,train,doclaynet:python_howto-functional.pdf,3,narrative_document,0,doclaynet,manuals,manuals,python_howto-functional.pdf,4,08d99fd913bc2ddfab1e69fe613ef298a4105409212f8d4b01dde2cd3a3fb18d.png,fe786b49fb38337d7cabc4893b33ea605fb22fee11b016a146fb22b75cc40c06
data/raw/doclaynet_hard_negatives/doclaynet_train_375fb72d6104f45a04f7.png,train,doclaynet:python_howto-curses.pdf,3,narrative_document,0,doclaynet,manuals,manuals,python_howto-curses.pdf,0,8bf21eaf9473a82797d17a473e4a7c739a470ecfbea806b5c7f1fcf4a4fcecea.png,617cc187b26d1aa191d7b0b11e78c424b992551faec45de1707a6b723704fdf7
data/raw/doclaynet_hard_negatives/doclaynet_train_dfdebc5b8b959b2aea59.png,train,doclaynet:Pascal - Manual & Report.pdf,3,narrative_document,0,doclaynet,manuals,manuals,Pascal - Manual & Report.pdf,67,7146b7b6bbe4fb5f2f50065656039955f1011ed37da2956633348778033742fc.png,e0672d0d0064c31a3a4cfa9f9f9b93ca7ed7a302eeb2bbae0d7277fee58afa78
data/raw/doclaynet_hard_negatives/doclaynet_train_633e7dfd33836bb191aa.png,train,doclaynet:eu-fuehrerschein.pdf,3,narrative_document,0,doclaynet,manuals,manuals,eu-fuehrerschein.pdf,9,4d8933e8136ff6af6235de275c699cca86befbbc1046686708d6b1b41383deb6.png,ddcdf8ad7b9117274e69bd95c69023a71b67da9395fb2643df2554c878977d80
data/raw/doclaynet_hard_negatives/doclaynet_train_cfecb5b7e610a24844e3.png,train,doclaynet:python_howto-unicode.pdf,3,narrative_document,0,doclaynet,manuals,manuals,python_howto-unicode.pdf,8,c39feca88284722bf009f80e50190e21f8c1dc0c1f771a9e98715353da49cf53.png,dedc0ed14a1b3d47dc90dc6bbbbb461011ad8018ca4baf9befe87757cd2ae9e7
data/raw/doclaynet_hard_negatives/doclaynet_train_993a6289701f3bef3bbd.png,train,doclaynet:python_howto-argparse.pdf,3,narrative_document,0,doclaynet,manuals,manuals,python_howto-argparse.pdf,1,b5144b3f256b86254d77f6480a345fbce1ba42ae6d36d7dca40911e8008a05fb.png,0d0af844be67eecafee599878723b4f8e7219c9dff99cb060c62d3e0cb7ecca1
data/raw/doclaynet_hard_negatives/doclaynet_train_5f544a3922851f22448b.png,train,doclaynet:sg247180.pdf,3,narrative_document,0,doclaynet,manuals,redbooks,sg247180.pdf,485,d2c2e97e352168229bc25df8036f4b9494f4744085e9e8bd785407fb33943846.png,72009617fbd7b4b7cc36254b0e17171fdff1c6056edcf464f93077f5b813dd87
data/raw/doclaynet_hard_negatives/doclaynet_train_648e25c56f7e5ade1fe5.png,train,doclaynet:user-handbook.pdf,3,narrative_document,0,doclaynet,manuals,manuals,user-handbook.pdf,28,2efa662ff25edf2d585f65e0b252f48843637c22d6c971cd186902ec72395f03.png,d9facbac8c35329c268877ba4e30dcb78bafa0d1bc8328c91d414d2c59c872fa
data/raw/doclaynet_hard_negatives/doclaynet_train_4a9fc6f7009dc4fb2f64.png,train,doclaynet:sg248414.pdf,3,narrative_document,0,doclaynet,manuals,redbooks,sg248414.pdf,99,7a65823c3ee8e1eca265fef58bd10de59fd5374cfa5e8d6e4709820c70b24a1f.png,9fa22cf7f470fa005bac6f18eec1aec8684e94d4461ff2cbf3484f8346f33439
data/raw/doclaynet_hard_negatives/doclaynet_train_83ce696d262e5565c0ca.png,train,doclaynet:sg248025.pdf,3,narrative_document,0,doclaynet,manuals,redbooks,sg248025.pdf,208,a2f48446246b070c7d745773085f37648e133cd230a678e853151fcac4d1847b.png,bfa2a08710492c41f53f07d3bdf059a219513182365afd6eacbd3c4093d20dac
data/raw/doclaynet_hard_negatives/doclaynet_train_01ff88daf3f0fbf4b1de.png,train,doclaynet:python_howto-urllib2.pdf,3,narrative_document,0,doclaynet,manuals,manuals,python_howto-urllib2.pdf,0,6e26d63d1f9bfe2262427d0fdb784b0d0605ba10baafb9f2841b1cede450f5ac.png,c8fdad0beedf4b3c530f5ed6bddfb740127780372e7ec454f1b3fb7f4ada6e67
data/raw/doclaynet_hard_negatives/doclaynet_train_7209126cfb8cd1996ae0.png,train,doclaynet:tips1351.pdf,3,narrative_document,0,doclaynet,manuals,redbooks,tips1351.pdf,12,44eebc5a677beca61e40e44b50fc8b17daf8159afac22cd179c136492144e610.png,fdffd953a7ca74a1e89cfee454bf05e6ad7e5066be49f603c85f2383813aab6a
data/raw/doclaynet_hard_negatives/doclaynet_train_0a3c8fc8b76d01c399b0.png,train,doclaynet:sg248560.pdf,3,narrative_document,0,doclaynet,manuals,redbooks,sg248560.pdf,234,cdf78151341d133a086f5f19ef10b87dfe88b77efd2c3fa9d7440b48c1995f79.png,e27fc453d7969012ca8fd53b61e4ca127f437e0343ff64ddf2930b76c7e94daf
data/raw/doclaynet_hard_negatives/doclaynet_train_9c8b243ef740e1fd7a1c.png,train,doclaynet:python_using.pdf,3,narrative_document,0,doclaynet,manuals,manuals,python_using.pdf,65,66b1911ed638ccd11f4432d51839939b5b9fd7cca31c309788f7fec7d8cd7d16.png,907731d6172edb4dc8f4584b660ebc2861fd0ae49e35de5c60c70b1e3e99d4f4
data/raw/doclaynet_hard_negatives/doclaynet_train_672560d3b3085aa799f0.png,train,doclaynet:python_howto-pyporting.pdf,3,narrative_document,0,doclaynet,manuals,manuals,python_howto-pyporting.pdf,5,7d673a7e51e41f0c620041425ff0795a7f25fb093aa8df039a65bd2e26a65ab0.png,9d1433327fa89610c88d0e6db41d6634ace2c56fd0abc266c49f6b4ef77db495
data/raw/doclaynet_hard_negatives/doclaynet_train_6d1c04299bf53159531a.png,train,doclaynet:ubuntu-install-en.pdf,3,narrative_document,0,doclaynet,manuals,manuals,ubuntu-install-en.pdf,57,d1df5aa1109bf6f0b52268a36ea4f7be8763aca933d807ace8aa16a495942502.png,e4be8a4222e957013f6c1437be4bd388bceb52e71378b9b62030c829d96d0812
data/raw/doclaynet_hard_negatives/doclaynet_train_22b42bf0bffc4b7a7706.png,train,doclaynet:2021Rulebook.pdf,3,narrative_document,0,doclaynet,manuals,manuals,2021Rulebook.pdf,129,f5c578627ae36ff74dcb51d441d3b518971a00f24be82b072e2e6d8c6d62435b.png,efebe9978fa26a70a73ae184e87c1ea1b35372557e8fba8502b0c46a4d22d945
data/raw/doclaynet_hard_negatives/doclaynet_train_6f53a7e327bf12b4129d.png,train,doclaynet:sg247521.pdf,3,narrative_document,0,doclaynet,manuals,redbooks,sg247521.pdf,240,28bef926d7c4a5cca7f0a6f60eff9cd0418d9b00298f691275cd63659cbbd77f.png,99cdcdb6669dfff30ee11c5c391f6a5f61fd0a268c0d1330368c3bfafe63dc50
data/raw/doclaynet_hard_negatives/doclaynet_train_f3374222d52aaea5a5cf.png,train,doclaynet:2020 RAAM GEAR_FINAL.pdf,3,narrative_document,0,doclaynet,manuals,manuals,2020 RAAM GEAR_FINAL.pdf,35,a90ca5c70f08e7898cfd6d8cc6dae163a5098ae60b094be855598ebb2de7434b.png,69897550de43bbfd508f65d16e81a1090cf3c527dd38717a0390fdf2b405a489
data/raw/doclaynet_hard_negatives/doclaynet_train_d3806696e904ee606360.png,train,doclaynet:python_faq.pdf,3,narrative_document,0,doclaynet,manuals,manuals,python_faq.pdf,87,b3fd33cf2aa6b48f8ff35e0a621a628de952066029fb072b92fc81e2b0c22a81.png,86b4c6708390288268e325f49eb15a8ebda4382d278f4b2c76d73e60d52ffada
data/raw/doclaynet_hard_negatives/doclaynet_train_0a40509fcc199f90844c.png,train,doclaynet:sg247877.pdf,3,narrative_document,0,doclaynet,manuals,redbooks,sg247877.pdf,341,2a2d67d3f59539e8c6621c9b810ba333c792b959776d0d0936ffcb818b093d53.png,6ba2764e4b980ba883b95a7e115ce43ccd3636252c915706611016aa3e895eba
data/raw/doclaynet_hard_negatives/doclaynet_train_98242aeaba981249f396.png,train,doclaynet:sg248453.pdf,3,narrative_document,0,doclaynet,manuals,redbooks,sg248453.pdf,29,6ddb576e9698f5c00a7613e3aa4eab6ed285d1d5a6f7fce1b35d7a80f794fea3.png,9cefd9dd7fd5e96996f69ee1c8fae486676b95d71cd737d392c64a8162d7e436
data/raw/doclaynet_hard_negatives/doclaynet_train_cc0e742897da9993329d.png,train,doclaynet:sg248456.pdf,3,narrative_document,0,doclaynet,manuals,redbooks,sg248456.pdf,87,38d8be238423a919c96f2ae8b746c95a9c26574993a72f36420322b513bb4dba.png,1701d5addbcca965137d47374d7ff59a92670d708b63f858e3b3f099e32fb3a3
data/raw/doclaynet_hard_negatives/doclaynet_train_ac1489676b7705ffa5b0.png,train,doclaynet:tips1359.pdf,3,narrative_document,0,doclaynet,manuals,redbooks,tips1359.pdf,2,e14143f639cd4c13aaaa1c25e1387eb069bd3fca85e751dda00475844cbdd958.png,861edad48f0471242c9d90dba63b692bd83603319f2a78a180d730c305fc2c19
data/raw/doclaynet_hard_negatives/doclaynet_train_212152a0c69e3c8ae208.png,train,doclaynet:dlman.pdf,3,narrative_document,0,doclaynet,manuals,manuals,dlman.pdf,30,8577793a84d09f80a700017b90e43e43dc18c33d1ad07e73d69daedd47aa3a66.png,f48bdd65f53f122500dd5c4a9c3b7ed14cc1aad755bbe5875d09fabb0877f48a
data/raw/doclaynet_hard_negatives/doclaynet_train_d0d214fbd72a038dc536.png,train,doclaynet:sg248445.pdf,3,narrative_document,0,doclaynet,manuals,redbooks,sg248445.pdf,186,c5b6be79fc564eaec19815d292a5c117cce9f13993a4ee5c283125732975be6b.png,21f023adc8ccf469e4008d5893d4bdd6c80c12d2dc47807de5434b65fa6f0328
data/raw/doclaynet_hard_negatives/doclaynet_train_213e3c8f7c2c0c031595.png,train,doclaynet:sg248404.pdf,3,narrative_document,0,doclaynet,manuals,redbooks,sg248404.pdf,40,d04d72f56ec00b8faf59a8cb36b310b2d7c8d98fba84a772cfd616e6a98622e9.png,00dfd37b4c361046dc73c472540f5f6845d68e4ad4ccd590b7be0fa50fff23f4
data/raw/doclaynet_hard_negatives/doclaynet_train_9de10e75280faf1bbc8c.png,train,doclaynet:sg248162.pdf,3,narrative_document,0,doclaynet,manuals,redbooks,sg248162.pdf,571,e8f2058021d1b50114f94352ca26d414af962a6efe9ecf5c4af307a5af2f01f0.png,541ff149edc4abc3f5285bae472510e5bdb255a16b2380f996fc74c705a6ff75
data/raw/doclaynet_hard_negatives/doclaynet_train_6a4a72562cbbf87e0d4c.png,train,doclaynet:1-gen-20210208-e.pdf,3,narrative_document,0,doclaynet,manuals,manuals,1-gen-20210208-e.pdf,32,45b9d43a0ea310f8ed072c682ddf475f973aadbda6053b99e9ff036eee8a5329.png,370e581b5e38f3f3fae3d1698ca42c4f3fc9bbe566bd33d17d1c54e39f4aca47
data/raw/doclaynet_hard_negatives/doclaynet_train_6c1e903809a23bd2400c.png,train,doclaynet:sailingprimer.pdf,3,narrative_document,0,doclaynet,manuals,manuals,sailingprimer.pdf,8,541524b6a49ce636e2f7a780d2566b8c04dcd192cc34cfeb4de0b48d27b88abe.png,f1ad55c58f1d57ae9dcc7978a54e54ba8284b54482d3d4bc4636e0f9ada1ef3c
data/raw/doclaynet_hard_negatives/doclaynet_train_873507e6f78c26a9c5e7.png,train,doclaynet:python_howto-cporting.pdf,3,narrative_document,0,doclaynet,manuals,manuals,python_howto-cporting.pdf,0,95aedca10ecdf458bb7e730baee9412de57cc99b7a92c87ee596c76de605964a.png,d6ff6bd0d6f26501d79e195723cd655601f387e52723e2031d79ecf27f513a98
data/raw/doclaynet_hard_negatives/doclaynet_train_ed179c85593c66e7af70.png,train,doclaynet:Excel-Manual1.pdf,3,narrative_document,0,doclaynet,manuals,manuals,Excel-Manual1.pdf,24,9be020f6842d5baa7462daaadc4e1be4dc5c5975757c195c0c4a11f644f5c4f1.png,d0c04f29a41ca74f0589b6e93d09811b5c15eb300815bcbcd76bd1b52928fedb
data/raw/doclaynet_hard_negatives/doclaynet_train_9c87f1a98d77dff08f75.png,train,doclaynet:sg246476.pdf,3,narrative_document,0,doclaynet,manuals,redbooks,sg246476.pdf,328,51f0cbff66ce7defa42d8465ee7d244132ab2344238b4d0572e255335d7705af.png,b443bd830747113b8a1168362476219ff140e805aef7a15eb4cf8737e4b36677
data/raw/doclaynet_hard_negatives/doclaynet_train_c689aa61d84bfd24e9c9.png,train,doclaynet:adora_l.pdf,3,narrative_document,0,doclaynet,manuals,manuals,adora_l.pdf,55,852e96c40b029d02f9444d5ff2535bbc98c1f89f0e91d55de4eecf10aba0634b.png,7f0b08b46e00099f000186f4c01ab84e3dd195ba972c7823219d3805a0a4b71a
data/raw/doclaynet_hard_negatives/doclaynet_train_db857ed25e8fbc34dad1.png,train,doclaynet:onkyo-pha1045.pdf,3,narrative_document,0,doclaynet,manuals,manuals,onkyo-pha1045.pdf,62,aa16bf58c3c0c1837c3d94e5157bcbae38173fe9c89dc56691d7bd4e209c4bd2.png,008b888de6374c42df9fa5def4207b23767a03d086186e04e799dadfc4638d0f
data/raw/doclaynet_hard_negatives/doclaynet_train_d9471d3b608d204499fa.png,train,doclaynet:sg248226.pdf,3,narrative_document,0,doclaynet,manuals,redbooks,sg248226.pdf,57,5c6a7a02ee63f2b83ddbdfd3e0d3f46cad15b6d3409048e4e8a3b13964bb85e1.png,0fe9b0256dcfff047c84726265208aae7545ce76d4f745d110f0dd416f0cefcf
data/raw/doclaynet_hard_negatives/doclaynet_train_9cc7f1bf3069afca68d5.png,train,doclaynet:sg248427.pdf,3,narrative_document,0,doclaynet,manuals,redbooks,sg248427.pdf,179,a085751d792cea7c4e95eb5be976703b94b2e282fb2d0820a49277532ac109a6.png,9409a1a98a3209ba7075fa3abc6d8414dda8aa81c24f51b05c10cf03c8c4a443
data/raw/doclaynet_hard_negatives/doclaynet_train_bd7c82562d35ee9c0e1d.png,train,doclaynet:python_installing.pdf,3,narrative_document,0,doclaynet,manuals,manuals,python_installing.pdf,33,3dbc64ff7a5be3246b1b03c22eb0c179def19ba444d243d92ade09844da37e55.png,d29d3a3d801737a1fcb0f6b6812a66a7e82b4bc80ded215a6df40205856269a2
data/raw/doclaynet_hard_negatives/doclaynet_train_24c6ba8284b54dd3642a.png,train,doclaynet:python_distributing.pdf,3,narrative_document,0,doclaynet,manuals,manuals,python_distributing.pdf,17,f446adc049be9fd4f1413cffe8c2f682c60a1d0e022586e54dfba779ebb0945e.png,7c17ad5496e20185f9237da243a97cc4f8e222a025e742cb72f868fa8bfe4ffb
data/raw/doclaynet_hard_negatives/doclaynet_train_31f00b6c9bfa77a69ece.png,train,doclaynet:mv21.pdf,3,narrative_document,0,doclaynet,manuals,manuals,mv21.pdf,68,90f81d5866d7d6fd12dd3148408a251e0a741b39dc2ead8528f8d564c0eff96e.png,104f073d6fa4adb7f3087b8bd343047e5ded8f6e8c46fe5bd443744855aef7e5
data/raw/doclaynet_hard_negatives/doclaynet_train_664db129763e52b4cdd5.png,train,doclaynet:windsurfing_tutorial.pdf,3,narrative_document,0,doclaynet,manuals,manuals,windsurfing_tutorial.pdf,2,56b81d93dde140d44d6e18869ac396bdc65b175ded96a7d54e07ec1a941847e7.png,3ccc6ae6bf1f00039f7097f104ef9bd48ef689623ab5fdbbb5f119d66d0a32ef
data/raw/doclaynet_hard_negatives/doclaynet_train_357146e418f35f0bf7b4.png,train,doclaynet:python_howto-sockets.pdf,3,narrative_document,0,doclaynet,manuals,manuals,python_howto-sockets.pdf,4,5fd63add56f92089f114b6913d209e381c538e852c6e03090bd030d1d15a77d1.png,7e0156276d2d45648a7f8d9502ca30660cbd6b04de7a8f448405c64125f065d0
data/raw/doclaynet_hard_negatives/doclaynet_train_7e010d10168337e722ec.png,train,doclaynet:python_howto-sorting.pdf,3,narrative_document,0,doclaynet,manuals,manuals,python_howto-sorting.pdf,5,eb26a5e4cd675f655e6d9c2624ae111e334e9f13c3164f412e229c277f6bb5a2.png,72ab9fa8419db1aadc7b4dff829510ae374a13a4a45c2418bab29c77163de6d4
data/raw/doclaynet_hard_negatives/doclaynet_train_47f1b89488babd9f7ceb.png,train,doclaynet:sg248860.pdf,3,narrative_document,0,doclaynet,manuals,redbooks,sg248860.pdf,207,82be6d69089ee1117b31f4b067563db6406624d6abb7254fc28c56406da017a1.png,e06e33d49bba43b25c3d03ed1f98fcb28854c7bc4285803081b8502d93d65649
data/raw/doclaynet_hard_negatives/doclaynet_train_7fe3f4fe58d2df959e7c.png,train,doclaynet:cloud-for-dummies.pdf,3,narrative_document,0,doclaynet,manuals,manuals,cloud-for-dummies.pdf,6,275711e7c9074ae8f4d1c69d92dcf58fe9047cdd41c3628e919a8906870b63ea.png,f1dd8c268e9e110d2e40ed6d22c5965d114b128edfa831c7547b3f52eba0a631
data/raw/doclaynet_hard_negatives/doclaynet_train_24e3388aa1c927862637.png,train,doclaynet:8020101.pdf,3,narrative_document,0,doclaynet,manuals,manuals,8020101.pdf,0,497a00b94928d0d59f27d1f9948b24ca63a25fb4711fd591d33a1c288923c946.png,521f57ae5867781b1118a3dcd55220e9dca64476c0e44d21306a1e938c06d7c4
data/raw/doclaynet_hard_negatives/doclaynet_train_543237242172bf1bd9f1.png,train,doclaynet:sg245946.pdf,3,narrative_document,0,doclaynet,manuals,redbooks,sg245946.pdf,503,1c41046de02b59ccf69ce62890cca562d33013d2a1da3e859d90a1931651fa77.png,5f4b12e758a36aab74fe24b1a9320afcf3db441f6efbb484fff613cea161c3e6
data/raw/doclaynet_hard_negatives/doclaynet_train_4c327094d96141431c0f.png,train,doclaynet:sg248850.pdf,3,narrative_document,0,doclaynet,manuals,redbooks,sg248850.pdf,45,81239ee0acd8370bab9ff25191fd023395817e2fb558d2ae0a5632ea9a849bc7.png,698463617a0e2e4a1bce4ff13ce45c36dcd9171c46c73d5f3456a2deb33705f4
data/raw/doclaynet_hard_negatives/doclaynet_train_9b24340cabaf37015fe1.png,train,doclaynet:sg248205.pdf,3,narrative_document,0,doclaynet,manuals,redbooks,sg248205.pdf,192,46dc395656c1a648d16e8e5f19a6037ed900d6ed6950828d8f1e0ad8a459af20.png,6dcd616cd1de47f3dd18226e7cd3e8ecd68b682276efe3e70ddf404bd8a3e706
data/raw/doclaynet_hard_negatives/doclaynet_train_bb8fa6e4e9a413c6c99f.png,train,doclaynet:sg248480.pdf,3,narrative_document,0,doclaynet,manuals,redbooks,sg248480.pdf,62,4b012be651b8ca19c67290f97246f82d91d5189e74473bd6445b134c627ab7fe.png,0cc11fda5b086cecb821ea1e0e4ceb3e971f3118a269ce340b53ceef2b523707
data/raw/doclaynet_hard_negatives/doclaynet_train_9ed7997c03996417c685.png,train,doclaynet:tips1362.pdf,3,narrative_document,0,doclaynet,manuals,redbooks,tips1362.pdf,0,4129ef58bcb8fe5a5f135fbd0baa38737486414c6194d06691d5c0582e0677d0.png,ce7ce221b7f96a8e29279c984b46d8bc8da871556636ee4066e2483c54604b8a
data/raw/doclaynet_hard_negatives/doclaynet_train_0fe196a0eeadb27a7197.png,train,doclaynet:tips1345.pdf,3,narrative_document,0,doclaynet,manuals,redbooks,tips1345.pdf,5,96136e05fd921ba9ffd31b3a9dc1bca55f5cc43c70c2477dac365033f17794d1.png,cc13767d4a476552c333681a4067497530ab1ce160c1fe184bd185b039360336
data/raw/doclaynet_hard_negatives/doclaynet_train_aac76fa4830c17cc7609.png,train,doclaynet:sg248458.pdf,3,narrative_document,0,doclaynet,manuals,redbooks,sg248458.pdf,193,518b1ddf56aaba94cbb6815d03506be293bb3d5d997ed50ff21ec41257ed0fa2.png,8dc78e4707f79e2c330afacd6c3e733471dc1c8005cd01de925cc131a3d4873e
data/raw/doclaynet_hard_negatives/doclaynet_train_fb0d0f48fd7693d7c04a.png,train,doclaynet:python_extending.pdf,3,narrative_document,0,doclaynet,manuals,manuals,python_extending.pdf,59,eefe2993a1e50f661a7cf6b38afc973a323e15e1fc9c7f29cc69ec17aff8b44d.png,a7747c64a92f3f38c3c415e815b4f6b74038464b74f9dd0c01d7679d9e5e7efd
data/raw/doclaynet_hard_negatives/doclaynet_train_a135d19f9d0c41b1e9d5.png,train,doclaynet:tips1361.pdf,3,narrative_document,0,doclaynet,manuals,redbooks,tips1361.pdf,9,be17d6b8054eb3465af2a31a80752cdbdecbc91129d624ea157d44c1845cf81a.png,6953a0604fe351cfdf116a9782dbebfdb7132f76537aaeb5de21273c38167fc9
data/raw/doclaynet_hard_negatives/doclaynet_train_018d9ddbe6a99aabb5f5.png,train,doclaynet:driver-handbook.pdf,3,narrative_document,0,doclaynet,manuals,manuals,driver-handbook.pdf,17,24c7c9d3d6d4671064c78e488520ebfd2dc1a25c3720b096dbbead5403ce2c1f.png,aec7683b9c1f5d5f9d9f9b34c179f81c1e9e82475b5ac92b8fac6beed3365e3c
data/raw/doclaynet_hard_negatives/doclaynet_train_dd7c5f8cfb54aee013df.png,train,doclaynet:tips1348.pdf,3,narrative_document,0,doclaynet,manuals,redbooks,tips1348.pdf,0,ca81ab328b5e2e833bc3204e1b76637b8b711f5fabdb0133d9fe81fa41887f1d.png,8d4d16105cb21387e45c128cdd22d0ed7d7e3c49c198277e2572c9ff1c8a67e5
data/raw/doclaynet_hard_negatives/doclaynet_train_5d8ca6088cd08b9ce894.png,train,doclaynet:sg248451.pdf,3,narrative_document,0,doclaynet,manuals,redbooks,sg248451.pdf,360,cbfb1445ba6a4389f16032c35ae34496c5d0e7ec9fb6eada093c9134a4292c1a.png,7f7518d8e670fb3314579159f196841748d4f9ec94233db9ef29f6c36508123d
data/raw/doclaynet_hard_negatives/doclaynet_train_31865e088595c1b161b7.png,train,doclaynet:sg248452.pdf,3,narrative_document,0,doclaynet,manuals,redbooks,sg248452.pdf,630,3129fef223b33fe7fda205fc2fa95bd468e612a65a7ac7ed51fd608f0bc45dce.png,11e2aea09ee46e0750b419ea81feac17061489dc1b935ed05153c709e1e828c0
data/raw/doclaynet_hard_negatives/doclaynet_train_993d54a9e00998b23bb6.png,train,doclaynet:openshift_tutorial.pdf,3,narrative_document,0,doclaynet,manuals,manuals,openshift_tutorial.pdf,35,46926ceeaa054dec2e2afb518ebdc2aa54c93ad78e8858e610de251d0359a426.png,4b919c12c6d1c87cbb26f21f7dd9b1aafa69d0f2a9b93b09229f4cf885795358
data/raw/doclaynet_hard_negatives/doclaynet_train_58f1110696f1dcfe60d3.png,train,doclaynet:the_official_highway_code_-_20-08-2019.pdf,3,narrative_document,0,doclaynet,manuals,manuals,the_official_highway_code_-_20-08-2019.pdf,5,61b835186064f5ec57cb6acfd925fadbd34642d24253558452804b5fca5037f1.png,c33ea5e4261bff10e86e485ddc4ac95e969724318c8d8b44646bc80d7e8b6460
data/raw/doclaynet_hard_negatives/doclaynet_train_fa133033be7635c60bd9.png,train,doclaynet:python_howto-regex.pdf,3,narrative_document,0,doclaynet,manuals,manuals,python_howto-regex.pdf,0,35e438afb878931115e0072ecbe9a774336f8044b7c7a33e695f9a54fdd6d291.png,cbb9aa1cfe4a01a8d91887f4f4616e8b29677dc83b7c161241033db0466e6f9a
data/raw/doclaynet_hard_negatives/doclaynet_train_406698a9acdf08d0618d.png,train,doclaynet:python_howto-ipaddress.pdf,3,narrative_document,0,doclaynet,manuals,manuals,python_howto-ipaddress.pdf,1,610d74b6e7b61da60db052e0ad9bc900193f7a905738959a6a7c3b7a8137895b.png,8f7725d6a0083b8558359f206f9cb4c6d0d7de341568642ad425c457c5bcfb69
data/raw/doclaynet_hard_negatives/doclaynet_train_cf5f6fc57cd842ef2bf8.png,train,doclaynet:alaska-cdl-manual.pdf,3,narrative_document,0,doclaynet,manuals,manuals,alaska-cdl-manual.pdf,0,7b7a57653a4f301d0d6a4f7d035c154f41ecbee040b4ad2eefdb8ff1ee943de1.png,0595fe5cf54de29efea796beedac4f69ec6034475b01ee70a662a1e6f07c62f3
data/raw/doclaynet_hard_negatives/doclaynet_train_44631a33ccc2524233ee.png,train,doclaynet:2021-skoda-fabia-116475.pdf,3,narrative_document,0,doclaynet,manuals,manuals,2021-skoda-fabia-116475.pdf,144,70e3813b018744cfa56f6445f8c5d29746a54ed364be801517588cd6f0ca938b.png,a47bd8441709cddbf162810856f172ce8dcdd8c2acb787dd3e30a12b00356557
data/raw/doclaynet_hard_negatives/doclaynet_train_5108a0c585d91bd64fc5.png,train,doclaynet:B1-Manual.pdf,3,narrative_document,0,doclaynet,manuals,manuals,B1-Manual.pdf,10,72d3998a9ce45329c195a5f9e8b9a9cfc26c9efec8bb39ea26196f17ea5eaab4.png,e9f2668c8ce2a7d1f4b16035b615574d2b8c4b827a110bd0191eeb41639dcf8c
data/raw/doclaynet_hard_negatives/doclaynet_train_a72bc448638fef534583.png,train,doclaynet:tips1357.pdf,3,narrative_document,0,doclaynet,manuals,redbooks,tips1357.pdf,4,a81683595bae88859a80a1c530db8345506c232789e9b2df81806c292367e69b.png,e254c3d143a3b64d27f39bf833491763ba04ffc600195cb55ab65bbe5f1b7c86
data/raw/doclaynet_hard_negatives/doclaynet_train_69426bba1320b73ade3f.png,train,doclaynet:sg246795.pdf,3,narrative_document,0,doclaynet,manuals,redbooks,sg246795.pdf,78,b55b9e313939d6655d0629e8644136d7b4d357f9121045e96de8af5b6713a6fa.png,b980ecb40f6bd4cfe0e84ad251e95805650a23b098a01ec06867619c37723e69
data/raw/doclaynet_hard_negatives/doclaynet_train_9402006d8343cf7ef706.png,train,doclaynet:sg248440.pdf,3,narrative_document,0,doclaynet,manuals,redbooks,sg248440.pdf,131,7d3eefd69d072a0ab505edf1a723a1660fe69299511a357c7c99894c864ff532.png,46653b0f5d969b13b431941e884b72ee9351075034055d49c8638c48a6a803e2
data/raw/doclaynet_hard_negatives/doclaynet_train_6af3d9ac22c94a3dbdd3.png,train,doclaynet:refman-8.0-en.pdf,3,narrative_document,0,doclaynet,manuals,manuals,refman-8.0-en.pdf,1963,651d67eb8b38bf7c0f62738ee269776325532aa4250bc3a1773b7c7ba0146f22.png,599fd1134135b57eaaf01ee7363b6092d031415e4f5eec3eb9de089ac27c724a
data/raw/doclaynet_hard_negatives/doclaynet_train_c051ac2eb5dd555f4dd7.png,train,doclaynet:elph190is-ixus180-cu-en.pdf,3,narrative_document,0,doclaynet,manuals,manuals,elph190is-ixus180-cu-en.pdf,122,af3a9861f3f23a613f4e7b60a2b6bec9bb7d562720bde3ce65cd615e25907ce9.png,ac14092084beb31f0b4932bb77e9d79b8ffcc75693eca8a915128b8e8182ec06
data/raw/doclaynet_hard_negatives/doclaynet_train_7e8a9790384d01d1787c.png,train,doclaynet:How to Knit for Beginners 9 Free Tutorials eBook-Updated 8-13-2014.pdf,3,narrative_document,0,doclaynet,manuals,manuals,How to Knit for Beginners 9 Free Tutorials eBook-Updated 8-13-2014.pdf,48,fed6178a1f43bd60e7ef74014fc24989c3a1afb96a0bc72c71806260fd6347dc.png,8b88dd16b0591fbbc6592a305a05df21795c0d331beb67eb4fe60b568595465d
data/raw/doclaynet_hard_negatives/doclaynet_train_6f7741bced0476548a58.png,train,doclaynet:tips1356.pdf,3,narrative_document,0,doclaynet,manuals,redbooks,tips1356.pdf,13,18708c7034a602ac4eaf2a021a4125356505585968d8503163cf81674f77bb51.png,ab4d3843da44f1261f7a7f4e4d5d9556869495006a6045c994c4cfe45deb7648
data/raw/doclaynet_hard_negatives/doclaynet_train_567b6f3a2aa95e9ff93e.png,train,doclaynet:crocheting.pdf,3,narrative_document,0,doclaynet,manuals,manuals,crocheting.pdf,22,280f5ade05f7a976b84c6dd461da7492e5ef73cdb8ce9947bce4c5fa59fa7ba5.png,e9d56610482904d4bd56ed5455d13dc33efcc56b6444e122b3f1294e0c89e134
data/raw/doclaynet_hard_negatives/doclaynet_train_70775b2e52ab383b16e6.png,train,doclaynet:tips1360.pdf,3,narrative_document,0,doclaynet,manuals,redbooks,tips1360.pdf,2,141362ebc2cec9909506d7f95305cf64af6549b2c42ce168f4fd1628c71a3ae4.png,2a3c6513fce796ee54bce0354896c2b96c7e1ce948b3e76bd1be6f929c8e15fc
data/raw/doclaynet_hard_negatives/doclaynet_train_2fd31f140d4d2d9abe72.png,train,doclaynet:sg248434.pdf,3,narrative_document,0,doclaynet,manuals,redbooks,sg248434.pdf,31,e8b85d017ecbe98ad37ff60966ce5f175e631e4ed470cf7bdbeea1f948243988.png,bc69bbee2858fd9284db6b0793df5c8288c5ce97ef691d835644fd8d99c52dd5
data/raw/doclaynet_hard_negatives/doclaynet_train_cb58671d415ca7a8f0a4.png,train,doclaynet:python_howto-descriptor.pdf,3,narrative_document,0,doclaynet,manuals,manuals,python_howto-descriptor.pdf,3,ba474d0436a2d74b78af1908dbd3a4c738e57319fa7812c068e75e0c0edb6aa5.png,0faa12e0464c8a09f298dd0c7b2ef62c52d53e26e6f5b34d29fe2643ac6e01c6
data/raw/doclaynet_hard_negatives/doclaynet_train_e606f88b8467ab169f39.png,train,doclaynet:driver-full.pdf,3,narrative_document,0,doclaynet,manuals,manuals,driver-full.pdf,174,ee8eda77448bd03a420b2a980c9b67be54b89dedfac9d1042ecbd807fc5f431c.png,fd6cac3b73d3608518a83d668928564c4eb0e035293e10b50ec5b5480b74f654
data/raw/doclaynet_hard_negatives/doclaynet_train_e185190a7bfc4e118d7f.png,train,doclaynet:sg248464.pdf,3,narrative_document,0,doclaynet,manuals,redbooks,sg248464.pdf,546,8efb98129d6dd50892a23621335e1477a0849ddd2f00fbc560c113133c3407e9.png,07e0f17ff0886d743c1cca8c50a7386b25cbc94cc244a4adba451e2cf0650706
data/raw/doclaynet_hard_negatives/doclaynet_train_0ab99af65a1be2ec24b3.png,train,doclaynet:python_howto-clinic.pdf,3,narrative_document,0,doclaynet,manuals,manuals,python_howto-clinic.pdf,7,68b8ca5805d8d66046026969ff6b20d66d247c1263ee144eb375896538c6e435.png,d9be79d4f3fd8cd8f3c66ba85eb1ccf1ccbcfc3a913f1daa1b3d4221bb4c0d27
data/raw/doclaynet_hard_negatives/doclaynet_train_86faed10bbe63f422ed0.png,train,doclaynet:python_tutorial.pdf,3,narrative_document,0,doclaynet,manuals,manuals,python_tutorial.pdf,34,3bc9b12f187344a4d47fe53f67cbc2849a2e77d195cc75bbbc3ff90c9a74db88.png,0315be6d84c5cc75263aae0dc72858441461339e0c45d87235a3ae1a244efe32
data/raw/doclaynet_hard_negatives/doclaynet_train_92f235dacbf17c5b84d4.png,train,doclaynet:sg248426.pdf,3,narrative_document,0,doclaynet,manuals,redbooks,sg248426.pdf,123,f31152d9df6be8e9ca149acb2ccfbe6d7d7128433f4a9eec4ab0dc29f9dbc199.png,c3d7903f6c78a69236ac61bef5e8f000ba1a78e92618313bcd5a71cca24a1da4
data/raw/doclaynet_hard_negatives/doclaynet_train_2dc887f8714b70f7f9d1.png,train,doclaynet:sg248462.pdf,3,narrative_document,0,doclaynet,manuals,redbooks,sg248462.pdf,0,5ea2538eed34c77f88cc35f1664097d900267c9b14e6cc2b48f68ac55978a743.png,911bab0d883d1e0b5a44f740b23d6758d0e1e997d13db3a1610afd9598cb82a9
data/raw/doclaynet_hard_negatives/doclaynet_train_7e667e6451a770b0485e.png,train,doclaynet:englishdriverhandbook.pdf,3,narrative_document,0,doclaynet,manuals,manuals,englishdriverhandbook.pdf,51,23887e4f139f485f64ee199cf6fc42a79273802fb3417f4b19fbb7af7f6f0230.png,f98e9736845551fc46972fa8bbae7feea784338dbe061f5ae7cec439019d80d8
data/raw/doclaynet_hard_negatives/doclaynet_train_7584931eb15aeb416d39.png,train,doclaynet:2021-atp-rulebook-25may.pdf,3,narrative_document,0,doclaynet,manuals,manuals,2021-atp-rulebook-25may.pdf,91,b9396011818c75dc7d6c5f8589bed06dd62cefc7b630fa6a118c3b19a431a0e1.png,4fdc233954e4c1cf0a6172b7c705d61d92600652489018e4fb86ea8b5fa90550
data/raw/doclaynet_hard_negatives/doclaynet_train_84bd8f029e539ae2d20f.png,train,doclaynet:mscope.pdf,3,narrative_document,0,doclaynet,manuals,manuals,mscope.pdf,3,626bd1ed8576fff9212332bfb05d67e9285b75552dfef288655b36156d35a1c8.png,24eb8ec98636e28bc653ac272b40a893e9ea6c71b55050d887c3558ba8e3cd09
data/raw/doclaynet_hard_negatives/doclaynet_train_0ed2d58318c09c480f92.png,train,doclaynet:python_whatsnew.pdf,3,narrative_document,0,doclaynet,manuals,manuals,python_whatsnew.pdf,10,95f4e0e2fa6dbeed1533fe494f8bcac45f4f1e53b8f033ce4b78b329ead5ef8a.png,b7c1cc29f2c66e864ad7a2621d19de4d5b9c855d40835c128606246ee63be782
data/raw/doclaynet_hard_negatives/doclaynet_train_2d806c46785dbafaced3.png,train,doclaynet:tips1358.pdf,3,narrative_document,0,doclaynet,manuals,redbooks,tips1358.pdf,1,c602970434087bc78ea3453fc3b324a5012158d629a14e6c0dc33395a78b54fe.png,ea359a9f4bb10ad636b9f43edcb1a369f3fa8ec28813ac0af8d5e41cb83c9296
data/raw/doclaynet_hard_negatives/doclaynet_train_6c1282d71856e09fea23.png,train,doclaynet:sg248457.pdf,3,narrative_document,0,doclaynet,manuals,redbooks,sg248457.pdf,25,8ba0cb7bd36c39b793906aabcf2d7f86e47fb102754d44021ad533940f86e4a2.png,4a7771c477d08000619e2e48cef1d6950b4c0eadf6120c3928d2ee92788de0a4
data/raw/doclaynet_hard_negatives/doclaynet_train_fab10d977bba76411cb1.png,train,doclaynet:tips1344.pdf,3,narrative_document,0,doclaynet,manuals,redbooks,tips1344.pdf,0,1440f4e08a0697dd7051badcbc1bfbed4571e4d69bdd42407924a59bc9473425.png,3302f5421adb03ec62cc9197d11e4f1ab80889b7d5c44007ade233b54ec54da5
data/raw/doclaynet_hard_negatives/doclaynet_train_a4f4a309105525e97d73.png,train,doclaynet:tips1352.pdf,3,narrative_document,0,doclaynet,manuals,redbooks,tips1352.pdf,6,70a31c8dc28369de08242dbab74144aa56897f3ca7fa191711551fb48eebe9c6.png,3ad14eaf9ac7090fd4d7a045316ea13a14b76de14baff1cb419e759ec36aa07e
data/raw/doclaynet_hard_negatives/doclaynet_train_23277fbd1bbca25f20b4.png,train,doclaynet:Sailingmanual.pdf,3,narrative_document,0,doclaynet,manuals,manuals,Sailingmanual.pdf,56,f1cd61ffe02b4e8ba3716d13e0e161e831dfff990312c83b0e09900d36f8c712.png,a7e3fc532078ef1be062bf768dd73cc76cebeab4f58ad02a8f9dd1a80e2ab03c
data/raw/doclaynet_hard_negatives/doclaynet_train_83480c997e2b57e53562.png,train,doclaynet:sg248447.pdf,3,narrative_document,0,doclaynet,manuals,redbooks,sg248447.pdf,89,160af8955aaf0d97cf320741e17574954a75bc2777efa522bbe63cfe1f90d3bd.png,0492101510fe73d4b9a169d6b341d14b0832fea7ad3dd5d94aff3a667acf9c83
data/raw/doclaynet_hard_negatives/doclaynet_train_eef2b80e81bda8c7d810.png,train,doclaynet:python_howto-logging.pdf,3,narrative_document,0,doclaynet,manuals,manuals,python_howto-logging.pdf,2,6675e48ad3f704d0febbf64e5cb02d93fadffe94e4c813f3630c9ec4e7473b79.png,de4a7a5803991026702a03f9dea545544458a56f9952a1558acb958d4332d1db
data/raw/doclaynet_hard_negatives/doclaynet_train_6760d3928b6955166236.png,train,doclaynet:Basic Italian.PDF,3,narrative_document,0,doclaynet,manuals,manuals,Basic Italian.PDF,152,e76d565271bb326ad0e1e65a1776ee0fb7cdc4e0df96db51783929fed50d573b.png,eb0d0c4d022c0d1cc10161b03de759351a17b1c7c1e9b545a282219de8932e22
data/raw/doclaynet_hard_negatives/doclaynet_train_64300ab31aebf9ce9737.png,train,doclaynet:sg248651.pdf,3,narrative_document,0,doclaynet,manuals,redbooks,sg248651.pdf,191,9b42156a295cfb901f79515bab2384b39ad4d88504b3cd326a3d3791b0914f75.png,d71a0cf62387d86f1d8fddfd9bc1ffc0e286e6b96c69c51d962b3a97bbc6686e
data/raw/doclaynet_hard_negatives/doclaynet_train_e747f7a0a31af4d2a256.png,train,doclaynet:sg248851.pdf,3,narrative_document,0,doclaynet,manuals,redbooks,sg248851.pdf,462,7b104687fbc6c3a5c55805136e1b8e292ab25c56e6cc5d3a2f39ccbffaed065b.png,899013c378dd635cfdd0d43206d9fc9b6579f4ee4b0e6fb93959a5921ee5caec
data/raw/doclaynet_hard_negatives/doclaynet_train_32559f4922ed5576f250.png,train,doclaynet:sg247623.pdf,3,narrative_document,0,doclaynet,manuals,redbooks,sg247623.pdf,346,143e74974ee436ef8d40dc0c1045ba726ea53dfacaf1a6016a65c7ed7136a216.png,7b2bea4b5c6c69acf0373868cd2a1314e6b34546266fc6679680b848ccaa512f
data/raw/doclaynet_hard_negatives/doclaynet_train_e76e34decebd188fd99c.png,train,doclaynet:sg248323.pdf,3,narrative_document,0,doclaynet,manuals,redbooks,sg248323.pdf,145,935af189310867ec5b13c969ee94587483ca90ecc2d7ddd8819f5c340ac9924f.png,37a94846e493560ddd898453947e40c113b0a0e02676346a1d74c417f82d9000
data/raw/doclaynet_hard_negatives/doclaynet_train_2ade8e6518bd32152334.png,train,doclaynet:tips1346.pdf,3,narrative_document,0,doclaynet,manuals,redbooks,tips1346.pdf,9,b25cd303420ec125f427af0ba087a11931eb301e7912e9e02f2cf5f8caeb9a83.png,ddde6641fb49ebdc9a0c13ef18df9eaa220881ba450b23ac469a715dcefa917b
data/raw/doclaynet_hard_negatives/doclaynet_train_24c92fb713cc0a2d8df1.png,train,doclaynet:python_reference.pdf,3,narrative_document,0,doclaynet,manuals,manuals,python_reference.pdf,109,d759879fc7d0add48fd2ead9fe2b423f3d0917938e7357eae8e63769de8c5899.png,2f7a8813ed98aad61b0b35f71ac0eba45b6b628807223962a3d4fc43674edab4
data/raw/doclaynet_hard_negatives/doclaynet_train_06572560858138d026f7.png,train,doclaynet:sg248425.pdf,3,narrative_document,0,doclaynet,manuals,redbooks,sg248425.pdf,118,a4475368db465d1eda4a91876260eef6cb2b6a463ee09cf03b6704a30bb5efdb.png,bf28ca74cf5bc8448b9f958b2493cd0ade9380ac4c1031df53f1633c2383312d
data/raw/doclaynet_hard_negatives/doclaynet_train_686380efbce622499af9.png,train,doclaynet:tips1355.pdf,3,narrative_document,0,doclaynet,manuals,redbooks,tips1355.pdf,0,dbb7334ee072fdf57a62d9e46cda867d55b68b1b8a57cec51cfdcc862eadec55.png,5ab5053f241ec7aa42d8df2a2251233d359850753871cf6227b4993692ea2070
data/raw/doclaynet_hard_negatives/doclaynet_train_47da5af6fa36bda77dd6.png,train,doclaynet:tips1354.pdf,3,narrative_document,0,doclaynet,manuals,redbooks,tips1354.pdf,4,ec6bd16f7bfe5c6c438cf5eeae9662f515cc56ceb66b64219f60b068d1e21473.png,7aa53329a3eae90be4ad86e57417eccd1cf87a7875ad737633b481778b9bbf16
data/raw/doclaynet_hard_negatives/doclaynet_train_30d9ed1c50e4950bee76.png,train,doclaynet:MongoDB-manual.pdf,3,narrative_document,0,doclaynet,manuals,manuals,MongoDB-manual.pdf,678,71aa87d8632c380654cd058752a296cc7e99683a3d3e369c111bf126e13a6086.png,0bb1c81890d9aed97fb5d76eefde2af70c237118840d50176bf3ffb41fee17ff
data/raw/doclaynet_hard_negatives/doclaynet_train_3e7f3587c3261f6599b7.png,train,doclaynet:python_howto-logging-cookbook.pdf,3,narrative_document,0,doclaynet,manuals,manuals,python_howto-logging-cookbook.pdf,6,2fe45655ef3988f79a832ac6dc5ce901bdfbeff5b7a01a7a3efc4bd7f13f8060.png,7b39e4f8b876d1d8aed5297ee03b35e6e6209457e12333adb6ffedefbc4ba1b3
data/raw/doclaynet_hard_negatives/doclaynet_train_6cf172db86af209f7d47.png,train,doclaynet:tips1347.pdf,3,narrative_document,0,doclaynet,manuals,redbooks,tips1347.pdf,2,c9f6da64ec068a44995620118ed54216fbc9a9e16c9f2c3fe1d687e4d3e7e22f.png,1b687e5959c4a530bf2ec17760604c2f1b3c50175844878cd7f727869505e16c
data/raw/doclaynet_hard_negatives/doclaynet_train_d7eafa61345b394cc8c5.png,train,doclaynet:python_howto-instrumentation.pdf,3,narrative_document,0,doclaynet,manuals,manuals,python_howto-instrumentation.pdf,4,0eef3dd0fd323c2e37dc0ef208f3640d074d35411c8a2981bf9cfa21b7fc88c9.png,92a9753b5d5d653018bdb65f346c21f0a969eee57a4a1cdf681bd845c8e91d8b
data/raw/doclaynet_hard_negatives/doclaynet_train_884ec6e3430b026e19bc.png,train,doclaynet:16-par-20210101-e.pdf,3,narrative_document,0,doclaynet,manuals,manuals,16-par-20210101-e.pdf,78,2058f880b97dc5cd346bd1c75a857c61afe22756d84b9e00a1d5930ee2ca1a6e.png,727fdc456c76da84ab1f6f298f6ec645fd1a983b240f11e822e6741fc101ef16
data/raw/doclaynet_hard_negatives/doclaynet_train_1ef418a3950899da13a3.png,train,doclaynet:OpenShift_Container_Platform-4.5-Applications-en-US.pdf,3,narrative_document,0,doclaynet,manuals,manuals,OpenShift_Container_Platform-4.5-Applications-en-US.pdf,55,4e093b232d30212858a23447401caff57954e93092f68ac639a3e77d3adbdf39.png,8a5b3a9e977dd621a4e7ebc4d052c7a4d87e0687004f5a737e82d4619cc61f97
data/raw/doclaynet_hard_negatives/doclaynet_train_1b9bc2aaaa410c132324.png,train,doclaynet:2-roa-regulations-e.pdf,3,narrative_document,0,doclaynet,manuals,manuals,2-roa-regulations-e.pdf,135,3f3501ee13c046350dcf8abb413e015f4bdb1a5142cc2706e248f9469166c57a.png,6fc4e83fec393aee6fbf34c5b428ae62f16c7c2b334d5c44a17b811481722a3d
data/raw/doclaynet_hard_negatives/doclaynet_train_bfb1b81da28c8d09548d.png,train,doclaynet:cm-oreilly-kubernetes-patterns-ebook-f19824-201910-en.pdf,3,narrative_document,0,doclaynet,manuals,manuals,cm-oreilly-kubernetes-patterns-ebook-f19824-201910-en.pdf,214,adba6da76f919b89bfbfdb593315d7ba1b8f8d64f4e3a347660ba03937c9c788.png,af4542b469381e9c828dc29a041f0ee14be8c121e4e7de146495bf1b293eb955
data/raw/doclaynet_hard_negatives/doclaynet_train_4691366b52e210eec807.png,train,doclaynet:Interweave-Knits-Learn-to-Knit.pdf,3,narrative_document,0,doclaynet,manuals,manuals,Interweave-Knits-Learn-to-Knit.pdf,7,12fc910a2f97014f1a477f9732936db10fa8cf78b17b0674ae15f97dffbbbaa1.png,a82b934cc3f41eb5ed90273f8f621563f0daa24c88274c50fef25d7078543b1e
data/raw/doclaynet_hard_negatives/doclaynet_train_3c24230a7217dcd7c803.png,train,doclaynet:sg248448.pdf,3,narrative_document,0,doclaynet,manuals,redbooks,sg248448.pdf,435,b9112fece7090bc3a1d704b3c4e8f8fbf762518b44a80217e1de14c546f1ec3b.png,77d3651230a4e78aea101e67c4856c9a8b9b023acdf06d2ca120fa31c71d86db
data/raw/doclaynet_hard_negatives/doclaynet_train_8c528927b74e5f8ab3e2.png,train,doclaynet:sg248235.pdf,3,narrative_document,0,doclaynet,manuals,redbooks,sg248235.pdf,361,dfa65711d3913f91f1fac4c5b96080916276c50ccb27ee21bd8b6612aa3b305e.png,9569371a4eceded8fe80b5fc9657d34123dfab2ba62368050d6c409035c184f2
data/raw/doclaynet_hard_negatives/doclaynet_train_667293dfd1a287110ac3.png,train,doclaynet:sg247933.pdf,3,narrative_document,0,doclaynet,manuals,redbooks,sg247933.pdf,838,3745abdc958912ee8985960876f1ad3260d44db39cad71e1d9f769e58401e4c5.png,4541ee88934d065bd9933507ee4ecefe92100b6088fcc30ea3f131cbb971bce8
data/raw/doclaynet_hard_negatives/doclaynet_train_e4f4122078bbdcf5f8cd.png,train,doclaynet:sg248422.pdf,3,narrative_document,0,doclaynet,manuals,redbooks,sg248422.pdf,126,2d951a7df07af3a76ddb17afa4ddffa3ca8884142f6932a52812c373e6cb3a40.png,b419afb66a3a02e084b31733dc764273917d620a515cf02f4bae64c19c4caa67
data/raw/doclaynet_hard_negatives/doclaynet_train_f6d6d7251e238b89af68.png,train,doclaynet:pioneer-avh270bt.pdf,3,narrative_document,0,doclaynet,manuals,manuals,pioneer-avh270bt.pdf,20,0bf45bf0abcf91aa1ba63ae76122213b47f82cd72461c59c6eaf3fb972445b82.png,6597af5d98d03bbbe4d6832f2c264d5ec87849d0c0041b0da752fc8427340333
data/raw/doclaynet_hard_negatives/doclaynet_train_062b13bc1e922d878d84.png,train,doclaynet:itp_2015_12653122.pdf,3,narrative_document,0,doclaynet,manuals,manuals,itp_2015_12653122.pdf,181,c707fd60d4fd59ffe78a958ef6d8de23362e647d4b34a53e528e02b2f2694557.png,b463d964e0bf819d55ceac3266f53c8dc6f1217fdbfd9d0c01d068affa506690
data/raw/doclaynet_hard_negatives/doclaynet_train_95b76ad06bea4b20a82f.png,train,doclaynet:tips1350.pdf,3,narrative_document,0,doclaynet,manuals,redbooks,tips1350.pdf,3,7865fcca2c4ffdeb8ecca57f7b3ef5aaeebe5123c876c503fdf3286042ddaa73.png,e71438f781fa772c0819bb7de235b6029aa7eb6c9dce04c3d1d82bd38c951f03
data/raw/doclaynet_hard_negatives/doclaynet_train_e64a4c9485541e53d42d.png,train,doclaynet:python_howto-functional.pdf,3,narrative_document,0,doclaynet,manuals,manuals,python_howto-functional.pdf,8,88e3046cacfff7ddb965621eb4e230a3d64b13358e9a6f5d98dca47d4f06d6e9.png,c2ddeb961cde281a488bc368c53bc3afc16f5a0f93deb9388d0765e2cc5baa7d
data/raw/doclaynet_hard_negatives/doclaynet_train_0daf7c3da6391355cce0.png,train,doclaynet:python_howto-curses.pdf,3,narrative_document,0,doclaynet,manuals,manuals,python_howto-curses.pdf,2,997d3cce6c0296d6dc0c07b4854b76c16681cd91747b344267eb9266c1e636f8.png,2f8b9fb66daf401e031ee6d4355ad1710bca77f62e2db782412dc031d82874da
data/raw/doclaynet_hard_negatives/doclaynet_train_9e9b344c66206a39f355.png,train,doclaynet:Pascal - Manual & Report.pdf,3,narrative_document,0,doclaynet,manuals,manuals,Pascal - Manual & Report.pdf,28,b4d46bdd49f66cb94a0507caf7de37180ed432d6e7d7ac1c1b698449860b1670.png,01e370f7c53b61102c33628c2e35fc334262ff20e0ff9df8d5ec5f516f6eb99a
data/raw/doclaynet_hard_negatives/doclaynet_train_024ada63ae51e71f0543.png,train,doclaynet:eu-fuehrerschein.pdf,3,narrative_document,0,doclaynet,manuals,manuals,eu-fuehrerschein.pdf,5,9c2b26f6e1d75d8789aeab1f873a00bc1add1bfc334951599e3c7349dec2dfe0.png,9cf35e1dc5dbbb184c1ad8e202d957307b067dd542585f1039217e01dfd5a48b
data/raw/doclaynet_hard_negatives/doclaynet_train_f421bc5f0e8bc5cf6c39.png,train,doclaynet:python_howto-unicode.pdf,3,narrative_document,0,doclaynet,manuals,manuals,python_howto-unicode.pdf,12,4a4add5279f96afcc564555314704f186cca5dc28c54630a5f8e98a3cb6cb15d.png,f3aa8ecb1ae6b6deb2e3a5e8100d049bed5203401c1d20170596db155d499e89
data/raw/doclaynet_hard_negatives/doclaynet_train_0662fea64fd2aa3890a9.png,train,doclaynet:python_howto-argparse.pdf,3,narrative_document,0,doclaynet,manuals,manuals,python_howto-argparse.pdf,6,1ddc8a04872f5c50749f3d6de7c9be74ed015c5552ca75ade86ce4c8e032007c.png,640ebad79d49b01c444a4be8b1b979f9f73315b3dbd5afd18570fb8d0dd8b140
data/raw/doclaynet_hard_negatives/doclaynet_train_36f90db2d9c93575dcb8.png,train,doclaynet:sg247180.pdf,3,narrative_document,0,doclaynet,manuals,redbooks,sg247180.pdf,188,2ab3f298ab23d926c7c169ce15b6e6de299a8f8d5e1feee5786ead3e40faa600.png,828bf01a5df08cee290604077020fcf5ea69df2bde4c1d2e03e4c7cd7b67e103
data/raw/doclaynet_hard_negatives/doclaynet_train_99c36789e834b8efb501.png,train,doclaynet:user-handbook.pdf,3,narrative_document,0,doclaynet,manuals,manuals,user-handbook.pdf,149,497425b368a0312c50c2c88b75cc7a0a2bd6570e0420f5631d6059a5ad112e94.png,0fbdd9ddc54168070caba87e47336b09cf8f9f48da5e1199864d4308a2a9d730
data/raw/doclaynet_hard_negatives/doclaynet_train_09a7c36d4255bb97a144.png,train,doclaynet:sg248414.pdf,3,narrative_document,0,doclaynet,manuals,redbooks,sg248414.pdf,265,fd5516725a1793b4267ed50ba1263e407605a48b271a5d0029fecf1fe8d5ca9e.png,4a539d111393f99c659d831f8376c48c3ce8f2ed722fe8ec7956a6b756c21303
data/raw/doclaynet_hard_negatives/doclaynet_train_121df10c48053a583e7b.png,train,doclaynet:sg248025.pdf,3,narrative_document,0,doclaynet,manuals,redbooks,sg248025.pdf,221,9430decdc976ba264aa067b4c2c6d749b974b663166ad874b14cfdbb252d338f.png,73e2d87b2471b3a8ece0eff475f218215f0fcbee3e1279a0f063b104691706ff
data/raw/doclaynet_hard_negatives/doclaynet_train_f9d70a6f10dd7f800a94.png,train,doclaynet:python_howto-urllib2.pdf,3,narrative_document,0,doclaynet,manuals,manuals,python_howto-urllib2.pdf,5,9a930733f25c819732d178a89d37d8072983ceb2b88804d3058d0e14af447110.png,17759bc9ad50b2cd5fb8061a21402bf442cd9ed253eda28153f62e02158ff93d
data/raw/doclaynet_hard_negatives/doclaynet_train_37a59d47429b0d9ae453.png,train,doclaynet:tips1351.pdf,3,narrative_document,0,doclaynet,manuals,redbooks,tips1351.pdf,3,c06756ca13d4c3acecb090caa2fed48c65ab8c78527f72fe80174c63baf7d458.png,e472f7471c51cfe7ed54697b3e6f214adfed477284763a45820ee0e0837fab37
data/raw/doclaynet_hard_negatives/doclaynet_train_a5a56ac17982e2909f36.png,train,doclaynet:sg248560.pdf,3,narrative_document,0,doclaynet,manuals,redbooks,sg248560.pdf,420,d9873a73b5119c502268326981eb16de01bb8152419dd678e3ad595b1414c5b6.png,1eb5543579f162fac5ccc7bbc0ad5cef824fb719acc87973242a215d997e98c7
data/raw/doclaynet_hard_negatives/doclaynet_train_4bc2d257befbc7f778fc.png,train,doclaynet:python_using.pdf,3,narrative_document,0,doclaynet,manuals,manuals,python_using.pdf,9,b93fbecda1db1ca311782dbf9cc4cb5d85d79d3374bd151f5988b84634014e25.png,0abf980adef875530bc4bc223b40a1db0a74b8242f7280892423ee9e9fd180a8
data/raw/doclaynet_hard_negatives/doclaynet_train_9e69119781e7b5a6be6d.png,train,doclaynet:python_howto-pyporting.pdf,3,narrative_document,0,doclaynet,manuals,manuals,python_howto-pyporting.pdf,6,f752a62f247de41dd13d9b7f98352a672b209799fabd4a91f5aaaca88ef0d658.png,480573d4b37bc8249c8eec62dcabeed44c763797a78b4854b7f1cd8362f25ec7
data/raw/doclaynet_hard_negatives/doclaynet_train_22e70e67ede33beafc8d.png,train,doclaynet:ubuntu-install-en.pdf,3,narrative_document,0,doclaynet,manuals,manuals,ubuntu-install-en.pdf,25,d37c7ebe77bc4b3f2faf684cf2e3d1aed3c99544d54cccc44f5fcf3b1841ba3d.png,6dbc7e84b08dfef13d7b834bbcf46a3db9f49f99026055f046990d69854d3bd5
data/raw/doclaynet_hard_negatives/doclaynet_train_ae8fad4e1da562cca756.png,train,doclaynet:2021Rulebook.pdf,3,narrative_document,0,doclaynet,manuals,manuals,2021Rulebook.pdf,304,3a51073ae66fafb9e32d3693ba7fa7576b12b393ed4eba2d5be640afdb7a4d9f.png,c9ec89f508088f0e1a219cefc6652a09d72802d6c8c669afe7dcd089e41b4239
data/raw/doclaynet_hard_negatives/doclaynet_train_bb40d0e84e40043ff2de.png,train,doclaynet:sg247521.pdf,3,narrative_document,0,doclaynet,manuals,redbooks,sg247521.pdf,318,63ced041bdd2e3f378e7b2456e2f758e0a5c1a352cfc99ff6d964b92b17c04c2.png,07c2610698ece80f21c2e9d33d40abd60afc2d5a4abf36aef280bf2431270fd2
data/raw/doclaynet_hard_negatives/doclaynet_train_33b61f8462db6aa32231.png,train,doclaynet:2020 RAAM GEAR_FINAL.pdf,3,narrative_document,0,doclaynet,manuals,manuals,2020 RAAM GEAR_FINAL.pdf,3,1244054cc5f485a6cbf3c604af3044b80915f71b11d51cfa8cd67e74b2b56859.png,30264cdda8ff03af8de9152ddb30c4f9836fd5b6b54a56d36f724d44183fa815
data/raw/doclaynet_hard_negatives/doclaynet_train_bd3933a3fabe09be57e7.png,train,doclaynet:python_faq.pdf,3,narrative_document,0,doclaynet,manuals,manuals,python_faq.pdf,55,3f5ca6f93ea80ecf9abca19fd25c18cd4d0833422105e1919d611b737208dbad.png,19897d3aac12e60fcb37f0df7bc21564c4d5b80b1c10351301409c5e4e1047e4
data/raw/doclaynet_hard_negatives/doclaynet_train_d16c24444777cfcf8de7.png,train,doclaynet:sg247877.pdf,3,narrative_document,0,doclaynet,manuals,redbooks,sg247877.pdf,438,3776a3dfdd8108ae5e3cb360d331021da40c21c9d7e7c8e57da83ef13b658322.png,e77e09ed610b5323d26ad2888e94c155c1ebedebf82bea89fb0b70ee8446bfad
data/raw/doclaynet_hard_negatives/doclaynet_train_f14c07b048defb866ce5.png,train,doclaynet:sg248453.pdf,3,narrative_document,0,doclaynet,manuals,redbooks,sg248453.pdf,63,baff5e5c32b01b71fc0dc1527d10b570a08f0c5f6fe4d6056a0985bb209aca68.png,504e7ba85aabf8e7ee199ba27b9f540042e70f9d973d4377c11cbf37265caf69
data/raw/doclaynet_hard_negatives/doclaynet_train_b25bf255d731bb4626a6.png,train,doclaynet:sg248456.pdf,3,narrative_document,0,doclaynet,manuals,redbooks,sg248456.pdf,294,b7567fea0d3a95c1836e9cbe009dfa2140375d2df1eeec36a920a9a8a74282f3.png,8f055a9f31ebfebdcc3fbfd4725cf969ee7014156a25ba40f6a71b32d5111190
data/raw/doclaynet_hard_negatives/doclaynet_train_8a0f5de4a85987bea2ff.png,train,doclaynet:tips1359.pdf,3,narrative_document,0,doclaynet,manuals,redbooks,tips1359.pdf,0,5d3fc735635bd05ee3ddd9ae862e22455e47b0f345580000aa0ba4a48fff7926.png,36f332f97215834198999e972e5e7b9be9a137046feb48a3af1ac717fc58268c
data/raw/doclaynet_hard_negatives/doclaynet_train_81ea79f16a2463bb6025.png,train,doclaynet:dlman.pdf,3,narrative_document,0,doclaynet,manuals,manuals,dlman.pdf,9,856dccdaf740baef737b0d045c990b5c124c7136dae76a9dfac363ac15985267.png,bb608f4d8bbf2f3d19ff3968af2370e8c1095b37e3849a2f0de437c504c1a1af
data/raw/doclaynet_hard_negatives/doclaynet_train_10c9f32e14abdb95e974.png,train,doclaynet:sg248445.pdf,3,narrative_document,0,doclaynet,manuals,redbooks,sg248445.pdf,10,2fdf77d5866393ce7001d1858b7ff54d1382745165da309598926ef79dda9aa9.png,e066811ccfb3430b61e8bffa491e029f5169772ed4e0895d376ce7f4008d2508
data/raw/doclaynet_hard_negatives/doclaynet_train_729224d811f8f7357b80.png,train,doclaynet:sg248404.pdf,3,narrative_document,0,doclaynet,manuals,redbooks,sg248404.pdf,2,1dcfc1bd1ce3fe1d64ebfa72b82843e571528d6ca7d8a17f44b3d798f95ba3d4.png,8eeee55e3037c9fcf97884654cc3b90a24cfc3141ae8b100b71664170bfb090a
data/raw/doclaynet_hard_negatives/doclaynet_train_dcc87ee11ead091c0e6a.png,train,doclaynet:sg248162.pdf,3,narrative_document,0,doclaynet,manuals,redbooks,sg248162.pdf,758,b1cd5b7f9a144a8eba18689fb0da8c44c02a853d1847c48c0ab83f577d99bb7e.png,a33f5c1e7326a4a67b07e1478d8c10efe90456f57f5631aa68b79edbed467e4e
data/raw/doclaynet_hard_negatives/doclaynet_train_2da8e419b786dfbb5143.png,train,doclaynet:1-gen-20210208-e.pdf,3,narrative_document,0,doclaynet,manuals,manuals,1-gen-20210208-e.pdf,31,06396a167b471bac2f5ac957fcdfec2fef95a1d283ad7d40d1d83f1ae1a077a8.png,55efc05c5cea6320146d64dd0cd1d6b757c7a2f7cc18c102d27c8ebd70ab9f8c
data/raw/doclaynet_hard_negatives/doclaynet_train_355564a11e3becd27c91.png,train,doclaynet:sailingprimer.pdf,3,narrative_document,0,doclaynet,manuals,manuals,sailingprimer.pdf,4,7d21e2f92de900f031acd0047f295ef2f0e7d0c086f7b3dd858b314d53e923e1.png,b6eea4751a2113c9384c202bbf4624b49e9185505be8ee19b74d525fc1e7e25c
data/raw/doclaynet_hard_negatives/doclaynet_train_634ff8a5b58413b841d5.png,train,doclaynet:Excel-Manual1.pdf,3,narrative_document,0,doclaynet,manuals,manuals,Excel-Manual1.pdf,10,68cc9163254020a9a645969221edfbff3cc0ef3baf7467b848051fa54bb6569c.png,0d157e2b858468d4db9360c055946972d62312b85f784f4859ffc75e8be89d5e
data/raw/doclaynet_hard_negatives/doclaynet_train_453191ab296c43f8badc.png,train,doclaynet:sg246476.pdf,3,narrative_document,0,doclaynet,manuals,redbooks,sg246476.pdf,37,d416372e72084280070a2c056846c2768d4a257039f6138352179cae3a8d2c30.png,46f9475c94e5519fd4b46b8f2db79790313234622a5b3f552657acac5e875b71
data/raw/doclaynet_hard_negatives/doclaynet_train_e4a5e38aca1f3777aebe.png,train,doclaynet:adora_l.pdf,3,narrative_document,0,doclaynet,manuals,manuals,adora_l.pdf,57,b97e8cad89c066177da239076c21019343acf60eceed3fa1e484b3433bd422a0.png,b6ae2a74032842b7f812e1cb3114b6701334eb7c54d1ea5dd748653b2a69552f
data/raw/doclaynet_hard_negatives/doclaynet_train_9c9122b001b55ffa1797.png,train,doclaynet:onkyo-pha1045.pdf,3,narrative_document,0,doclaynet,manuals,manuals,onkyo-pha1045.pdf,2,b73c88f5ddc18608896dbf86790017f1ecdd6a68270cca31638e4e18660d1bec.png,f6ddd027594b2feec0641b01ce58594ea6218387c337c5f74cebfb241390cb46
data/raw/doclaynet_hard_negatives/doclaynet_train_3c0d8387c5bc8de90ae7.png,train,doclaynet:sg248226.pdf,3,narrative_document,0,doclaynet,manuals,redbooks,sg248226.pdf,113,dcfcd2ea3fe1816bc8167f85e387fa87ef1e0f9f2e26bf065e6f61cf7d96b8f9.png,4198e546695e56049a5ed987a3f8cf1c6cc131e64bbc880eedb2b9e7cdbdf086
data/raw/doclaynet_hard_negatives/doclaynet_train_058fdf7b04a9d3ad2efc.png,train,doclaynet:sg248427.pdf,3,narrative_document,0,doclaynet,manuals,redbooks,sg248427.pdf,44,43a297ec6c40c94707c2d911a1d3c1b44d7d625168d5be771daf463f7c0c87b2.png,9b2d6012c74ef39225b5884170c23439d06f64272a31ea34ecac6da6bccd28e2
data/raw/doclaynet_hard_negatives/doclaynet_train_8d4170eaf2129fa170ad.png,train,doclaynet:python_installing.pdf,3,narrative_document,0,doclaynet,manuals,manuals,python_installing.pdf,30,b43b6b639147e91f3506ac6a4cc663ca6244449b01c794e65de63a97b1e3bff6.png,2f994845eb5ec9f46643325daf6a3671b2488d7f5a0ae6cfef7fb5b2d57d24cc
data/raw/doclaynet_hard_negatives/doclaynet_train_78239204c5440e42f6b2.png,train,doclaynet:python_distributing.pdf,3,narrative_document,0,doclaynet,manuals,manuals,python_distributing.pdf,12,3834cf5cb9e9aebdf7d723641ce21d027cd3d96c48168602c9d7b40846657339.png,6519a7190e3d16a046071703163e3c111ecb8b51cac18522ff97392ac933d4ca
data/raw/doclaynet_hard_negatives/doclaynet_train_f7c6b7a3242f87acfa5c.png,train,doclaynet:mv21.pdf,3,narrative_document,0,doclaynet,manuals,manuals,mv21.pdf,12,1b8fdd04bac1c3ef38f14b4d55fbb167a0e19dc32ecea53ad41154ef36a9197a.png,2e2392b2b6eeb6d24c62e35fb5dc247a47a8bed52b545cecf2bc7a7886d16b0f
data/raw/doclaynet_hard_negatives/doclaynet_train_d85ae6b36b40af25f881.png,train,doclaynet:windsurfing_tutorial.pdf,3,narrative_document,0,doclaynet,manuals,manuals,windsurfing_tutorial.pdf,13,2f68dd61a5f75b91c2a664d6e227dc19ccf88ce19778c9166c7089c6e6b5b151.png,b85747dbceaa9b3288cc6dc1629978e9a1032d952a2d6050747ed22fd2ae693f
data/raw/doclaynet_hard_negatives/doclaynet_train_b43a70bb83b0aa9ec199.png,train,doclaynet:python_howto-sockets.pdf,3,narrative_document,0,doclaynet,manuals,manuals,python_howto-sockets.pdf,3,dba7716aa49bdb701c5f20642bbd1b96377bb0d0eaad8617b978d50058dde35e.png,574993b73aed3c881f1d1a9ebb595fa130d502fdbbc491d4cf036922f0db83da
data/raw/doclaynet_hard_negatives/doclaynet_train_e9fcff41e8d24ce4dbf5.png,train,doclaynet:python_howto-sorting.pdf,3,narrative_document,0,doclaynet,manuals,manuals,python_howto-sorting.pdf,0,61cceb4f4942e7ca552ae0ebb337f65e624a97637f8d5da841b387cbeb2fb8eb.png,cb43b1266a306c813fc703c420f5bc489c060c237ee9b847557507e40b4b9926
data/raw/doclaynet_hard_negatives/doclaynet_train_2e776a6eb7ba1e9cb3a8.png,train,doclaynet:sg248860.pdf,3,narrative_document,0,doclaynet,manuals,redbooks,sg248860.pdf,85,161f7eb69c7015797bd0c97a838d2e4eac53d9563d56f491100271a7cc7bb802.png,5b93317d364e78d58fde2dc4941136384a914116c07f327975969d239b67caf0
data/raw/doclaynet_hard_negatives/doclaynet_train_e178e51b9efeccb8f3dd.png,train,doclaynet:cloud-for-dummies.pdf,3,narrative_document,0,doclaynet,manuals,manuals,cloud-for-dummies.pdf,29,f0532da77d786ec5ab78f04654cb3a273b8ad76a351d2efb90baaccbbf091bff.png,1048045a7d0291372a13db802841a3cab4022a0e1914234eb022f264658a9942
data/raw/doclaynet_hard_negatives/doclaynet_train_d54fcfe04bedfb02378a.png,train,doclaynet:8020101.pdf,3,narrative_document,0,doclaynet,manuals,manuals,8020101.pdf,1,1c1f6c8ed2ed0f2accff2e5b6a8d601d0920b12f298ce31798baa16000a1c07b.png,ff016cee7d82d8cb04bf0f958b2057332b8c8ccbef223094cbb8cc1660e14b5b
data/raw/doclaynet_hard_negatives/doclaynet_train_a103eebd1da032f32732.png,train,doclaynet:sg245946.pdf,3,narrative_document,0,doclaynet,manuals,redbooks,sg245946.pdf,29,2e3836569086709b66d4285304d50086cde6312c326d947bf338d18880068229.png,2b62694e9739572725bf6740fbe7506c943aa41e012a79c6df12e4c4189f8d35
data/raw/doclaynet_hard_negatives/doclaynet_train_1047b9594a27e04e7ae8.png,train,doclaynet:sg248850.pdf,3,narrative_document,0,doclaynet,manuals,redbooks,sg248850.pdf,80,eab3648dda7a5a1deb823cce379b38e1f55ab3c401f163e077871e0921796f23.png,cacb51010a98c5c44f3cc62dd61ca1fd707b4378bd42b6574af566d47886ff99
data/raw/doclaynet_hard_negatives/doclaynet_train_fb8d5e2d343f837d447e.png,train,doclaynet:sg248205.pdf,3,narrative_document,0,doclaynet,manuals,redbooks,sg248205.pdf,163,83695d35a1e6c3d765dc8b58290d08afc4bd25adb3af543f94819e3262a18f4a.png,fd18c9c3c98e4eac8990fd045751a8aa82312b1daafbd7f88c934571f1277889
data/raw/doclaynet_hard_negatives/doclaynet_train_cb14cd7df4294d898880.png,train,doclaynet:sg248480.pdf,3,narrative_document,0,doclaynet,manuals,redbooks,sg248480.pdf,94,ca3670291e9bd2dd7a246b6400d88e0ff6ce02834dce173437851b2fc9252fff.png,b7d320b9dbd81573573c16165584a02cde9e00070f3f46a47e367697c5451af8
data/raw/doclaynet_hard_negatives/doclaynet_train_a68e5d7847b325ec1c82.png,train,doclaynet:tips1362.pdf,3,narrative_document,0,doclaynet,manuals,redbooks,tips1362.pdf,2,d419afcb3736fc5fed21b4c1da285d198e0217eab6f36aae09668b7b789038db.png,31ddcb264cdacd2158e95da6ae7a539a8b68ee70a318ff9fa84337ee8bb40a5b
data/raw/doclaynet_hard_negatives/doclaynet_train_114e6713862ae3d1489f.png,train,doclaynet:tips1345.pdf,3,narrative_document,0,doclaynet,manuals,redbooks,tips1345.pdf,8,87b6d8c8e00cb6adbdadee7bf0a62a34f17524ba35e4d593df0fbda6daff6288.png,0a4d5c3065cb55a1ef855788c45dffd624205dacd77457dd6899012b9af7bdbe
data/raw/doclaynet_hard_negatives/doclaynet_train_804499327807dba48f2a.png,train,doclaynet:sg248458.pdf,3,narrative_document,0,doclaynet,manuals,redbooks,sg248458.pdf,128,c0b6b13717dcdf7ca43f7178d25dd4ea2ac4fae0edbc3b787f218d3e2c440bff.png,49b72a8a7ecf8ef09b01d1d3634948705d4999ed6a0ce75cf7775052539a76d9
data/raw/doclaynet_hard_negatives/doclaynet_train_bf6529ae4c89d59dac7c.png,train,doclaynet:python_extending.pdf,3,narrative_document,0,doclaynet,manuals,manuals,python_extending.pdf,13,6ba78de58024132e085d71c370fc8e706c8a08e3b6e007d3a99465a23cce25f9.png,953351224acbea7b0963de7d696185ae30c7046c58fecb00f62a79b3d2c06673
data/raw/doclaynet_hard_negatives/doclaynet_train_7be6a3037496104967c0.png,train,doclaynet:tips1361.pdf,3,narrative_document,0,doclaynet,manuals,redbooks,tips1361.pdf,0,65216f4299b92e3acdd0e1d61aee38935b87f7184d1dc26a4732fa3a48b95066.png,714e14bd71555dece4c1c1dd056ed63bf869e5921569393f89cd969dae178210
data/raw/doclaynet_hard_negatives/doclaynet_train_97d5e3cff8ddd4e8defd.png,train,doclaynet:driver-handbook.pdf,3,narrative_document,0,doclaynet,manuals,manuals,driver-handbook.pdf,36,1389da0d65cabc0a13471d30751f20489447e32612a5588e8c7b922ce40b9131.png,41edfd007bf2bb9011f075a17fe7c387281481006fa3059a5058ca5089137923
data/raw/doclaynet_hard_negatives/doclaynet_train_577b265356829e51fdb2.png,train,doclaynet:tips1348.pdf,3,narrative_document,0,doclaynet,manuals,redbooks,tips1348.pdf,1,db43bbff6699fca6ad6c591090d91fbc8897c4d386e3680fedbbf0dcb5aa2c41.png,81cd5ec1c1f16da5161218e63dd42ca06ab1556c430f6c3a81521cce4f2b155c
data/raw/doclaynet_hard_negatives/doclaynet_train_e9c270bed33750f393d7.png,train,doclaynet:sg248451.pdf,3,narrative_document,0,doclaynet,manuals,redbooks,sg248451.pdf,23,7ef5bf03da250fcf922276de591d15ceaa84e80c590697c3e7378a994d921b5d.png,8358e51b3470889fb36b9c47cdf132989b0222f43e00fd9ebe33c3b7dbf8043b
data/raw/doclaynet_hard_negatives/doclaynet_train_905f9803a3d73a326157.png,train,doclaynet:sg248452.pdf,3,narrative_document,0,doclaynet,manuals,redbooks,sg248452.pdf,638,6ebe791be291c726effb0da6c527de89e001a55c8bd9e4491fb484c7a38444e6.png,5edeb9bddc5a3e66674929bd32b5e488f2d674a26201f2f0cd9cdeb7a8a2bffe
data/raw/doclaynet_hard_negatives/doclaynet_train_5825b944d51a2917caa1.png,train,doclaynet:openshift_tutorial.pdf,3,narrative_document,0,doclaynet,manuals,manuals,openshift_tutorial.pdf,12,7ca5306bbc64411d753b143b07f922af3c75a24a70d21104beeb68e926736ab6.png,a6c8159601c42c384f688cd08c7ccdf6aaa9bf68a24a5f82c84dd2e223edc377
data/raw/doclaynet_hard_negatives/doclaynet_train_2a77988e417a8da18e06.png,train,doclaynet:the_official_highway_code_-_20-08-2019.pdf,3,narrative_document,0,doclaynet,manuals,manuals,the_official_highway_code_-_20-08-2019.pdf,153,731932d5495c66833a3032e42ab6b3348b9d32f4d45d386fa380da98fcdc2b01.png,c095312c01670ab5df6a4f5fe9a25dd3db8931b416f18f4f251df648657e7866
data/raw/doclaynet_hard_negatives/doclaynet_train_50ce1d5834e416ba0379.png,train,doclaynet:python_howto-regex.pdf,3,narrative_document,0,doclaynet,manuals,manuals,python_howto-regex.pdf,13,7ba9aea41d0889859e0e83ed9c07432337f33eb5e90433831ca903d711b4f02b.png,62eaabeaae3cd7a655ed2407ebc4aaa302225830ea550cafc493079e0bb5fc77
data/raw/doclaynet_hard_negatives/doclaynet_train_feb03cae741b31e86667.png,train,doclaynet:python_howto-ipaddress.pdf,3,narrative_document,0,doclaynet,manuals,manuals,python_howto-ipaddress.pdf,2,866a8a112a0d806340ad703546b5e6a2c038fcf4615f200ea3a180583893f7c2.png,b2b497af2c61c036fe0708785af5cbda1e7ee70dd93e1ce52e07a7c37d931827
data/raw/doclaynet_hard_negatives/doclaynet_train_1044ad32684796bca737.png,train,doclaynet:alaska-cdl-manual.pdf,3,narrative_document,0,doclaynet,manuals,manuals,alaska-cdl-manual.pdf,121,fc5f2b66f06cf246826e649276703b34bbaed7d8ec180ab43360293b25861548.png,6543b28bf233114283aaadde5f3782b7291a2b8350eaf43544aca2c2e5cf8624
data/raw/doclaynet_hard_negatives/doclaynet_train_909c03296216be29475a.png,train,doclaynet:2021-skoda-fabia-116475.pdf,3,narrative_document,0,doclaynet,manuals,manuals,2021-skoda-fabia-116475.pdf,122,3db7b5341399fea817fcac510baee054e2fa2669235d9172af309bc7a7266856.png,fdb691365394ccf8f3146f4081b74d140ba9045c52912f33e74edf38640e6646
data/raw/doclaynet_hard_negatives/doclaynet_train_6d884ab9177e4e2839e6.png,train,doclaynet:B1-Manual.pdf,3,narrative_document,0,doclaynet,manuals,manuals,B1-Manual.pdf,3,e5cff27a9894cc2846f31492c73cad654f7191a48be849a5734be2ec36a8899a.png,a70972203317c09fed17d383f90f2f38100cd318353f9bc19130b603309b89e4
data/raw/doclaynet_hard_negatives/doclaynet_train_4f3d5a5387d99d5f80a8.png,train,doclaynet:tips1357.pdf,3,narrative_document,0,doclaynet,manuals,redbooks,tips1357.pdf,0,0748ceada835cad2462f603424c4e4d15be465f9205777a630c2cdffd982fa8e.png,4beded2ebabad8cfbe6eebbf9e02f3bdd78705d70d1b1f66e9c85f86a6c6ee53
data/raw/doclaynet_hard_negatives/doclaynet_train_e4fcb1ad6432e592517b.png,train,doclaynet:sg246795.pdf,3,narrative_document,0,doclaynet,manuals,redbooks,sg246795.pdf,17,d29457876bae518d65747331b83db91205e19a223492354a6f1c323423141a69.png,096b2f241d6618152009d1754a900699f87d5a4316f76b2a0277ed930ea476c5
data/raw/doclaynet_hard_negatives/doclaynet_train_6bbd82f8053180fcd8b7.png,train,doclaynet:sg248440.pdf,3,narrative_document,0,doclaynet,manuals,redbooks,sg248440.pdf,97,786ccc2abbc3235ff3914301f858c0a40c9f9f49c1dc66826bcc1502febae48b.png,87d14091834034b3a10a2d1028e339470e28d43d81210f17c86d50e7cf89cf13
data/raw/doclaynet_hard_negatives/doclaynet_train_ddfcdb12fd9a6938133a.png,train,doclaynet:refman-8.0-en.pdf,3,narrative_document,0,doclaynet,manuals,manuals,refman-8.0-en.pdf,5842,065fbff111b1037bda2253a93aac3768dba9e3b6b839ebdf3ddfc739b623748d.png,38f16e45ca15e357632bb28b7f000fb89312783f2e3ea44e10611eacb1000b63
data/raw/doclaynet_hard_negatives/doclaynet_train_eccfd458e75d29f34d20.png,train,doclaynet:elph190is-ixus180-cu-en.pdf,3,narrative_document,0,doclaynet,manuals,manuals,elph190is-ixus180-cu-en.pdf,6,767aa73c097de1d94156c81a474c2b2cf5177dba3bf2c0e93ef943f94152044d.png,8e534dadb83eea3eb048afa2a222865a6242bb265414513ca62aa07db86fdec5
data/raw/doclaynet_hard_negatives/doclaynet_train_c2050cdbd81c319d2ab8.png,train,doclaynet:How to Knit for Beginners 9 Free Tutorials eBook-Updated 8-13-2014.pdf,3,narrative_document,0,doclaynet,manuals,manuals,How to Knit for Beginners 9 Free Tutorials eBook-Updated 8-13-2014.pdf,67,9a2fdfebef68a29caf2adee3cbd87492da75c2abef52b3d61f48ebf6af6619cc.png,44514900191f90957b055f51233d641f15e88791808280070df31be713759735
data/raw/doclaynet_hard_negatives/doclaynet_train_7d942d01b5648d49b155.png,train,doclaynet:tips1356.pdf,3,narrative_document,0,doclaynet,manuals,redbooks,tips1356.pdf,0,be14a3c419566736cedef0028499fc7b53c75c2f900230d92cfb93e09cc9bf79.png,6eb67976a928c071db0385f3f00788bcf32f40c311f0b203ea1593cabc0f1a2f
data/raw/doclaynet_hard_negatives/doclaynet_train_3bf3ee45e3b2a8a586b0.png,train,doclaynet:crocheting.pdf,3,narrative_document,0,doclaynet,manuals,manuals,crocheting.pdf,10,75c634a2af04b08aafd1e7eebce67737c68b774245372fbca2bf3f0d7eaccc17.png,6d9ce7727b874b45b5299e67491e7d1a942e85da16602055e6eea89c1dede0c4
data/raw/doclaynet_hard_negatives/doclaynet_train_672589f812838b6c2527.png,train,doclaynet:tips1360.pdf,3,narrative_document,0,doclaynet,manuals,redbooks,tips1360.pdf,13,da7071ab502d27e8b69149efadcf9a4f58a24bac68bb4f8ce61bb14f1b079a40.png,2616ba61354169c0e53368e379dd1155672cd8668bfb7a3d889428a7c72a1b07
data/raw/doclaynet_hard_negatives/doclaynet_train_9a6f63f15b21dd3f598d.png,train,doclaynet:sg248434.pdf,3,narrative_document,0,doclaynet,manuals,redbooks,sg248434.pdf,250,739dc4c739d0d9e06cdbb09a7aec09207885c458878a083625f2521eca069cdd.png,2e3ca8b0ba781fc96e5124fb5d2baa63ac60ca58f668b07135cb35e6bda0facc
data/raw/doclaynet_hard_negatives/doclaynet_train_9422abfe03e05a039df1.png,train,doclaynet:python_howto-descriptor.pdf,3,narrative_document,0,doclaynet,manuals,manuals,python_howto-descriptor.pdf,5,ad4ea83c65a2449d1ad4aa129308057e1fac9e348352c772ed02065a2839663d.png,c01fb9f74e37e171382a1931939e1b6222d8cf42e02851cfc13a057c6bad9687
data/raw/doclaynet_hard_negatives/doclaynet_train_6f389692d28750a5e0bd.png,train,doclaynet:driver-full.pdf,3,narrative_document,0,doclaynet,manuals,manuals,driver-full.pdf,156,3b292737af019df300652580149dd771d6d563b9dd7d66c81e05c76148fc07d6.png,991363c8252e2342eb817837e0385f3efdef431c63d1f519d37e2057704e3591
data/raw/doclaynet_hard_negatives/doclaynet_train_954a03f6aa0793915892.png,train,doclaynet:sg248464.pdf,3,narrative_document,0,doclaynet,manuals,redbooks,sg248464.pdf,416,91a986591be369937278e0e269b6e140aa102b3c056c38e5f8e5b8e66c0c2f8b.png,8b2094ba622aa4fafbb2b4e3bd5951cc4c5b67d19009285392e1947cc425e83f
data/raw/doclaynet_hard_negatives/doclaynet_train_ba597e4325e51db3c37b.png,train,doclaynet:python_howto-clinic.pdf,3,narrative_document,0,doclaynet,manuals,manuals,python_howto-clinic.pdf,10,1659530a1c376da7ccd264defd43ed7f3edf445f1e2c43f5d9ba060a81affb6e.png,4e87eeb601be28a788233d21afeaa08e3ec2825e645018b2893da0a9f5e79c24
data/raw/doclaynet_hard_negatives/doclaynet_train_2a16d0f9bf153f187e94.png,train,doclaynet:python_tutorial.pdf,3,narrative_document,0,doclaynet,manuals,manuals,python_tutorial.pdf,81,c2638cf80f55da1fb5b1f67d8f422f0994ef0cee94cc51ca14b081b80e8c2d6c.png,3a440d6f0e6211bfd9b72012789c2e22d7360338c8cc1b74c6d2cc7b190812c1
data/raw/doclaynet_hard_negatives/doclaynet_train_0b41bb13a8dd144ba042.png,train,doclaynet:sg248426.pdf,3,narrative_document,0,doclaynet,manuals,redbooks,sg248426.pdf,228,941f74fde24cb30d8aea07156603053905dcd8c83c3a1c16f15c96435f40726a.png,7e40e7701e1cf9704927ee3107e71a09bbd1d2fd39ed7d2270f1000b379d779a
data/raw/doclaynet_hard_negatives/doclaynet_train_b75e88c5e4bbc03655d1.png,train,doclaynet:sg248462.pdf,3,narrative_document,0,doclaynet,manuals,redbooks,sg248462.pdf,23,71ecfaffd5aaf1c625f0558ea742b055d70ac969ea59876bd7f74a06e660387a.png,ea9c47aea92b81b2178abfdc172fc7bfd86390eb6e56c3ec72d9176f0c6c397a
data/raw/doclaynet_hard_negatives/doclaynet_train_0cf6ca21147f5dc32e72.png,train,doclaynet:englishdriverhandbook.pdf,3,narrative_document,0,doclaynet,manuals,manuals,englishdriverhandbook.pdf,100,886accd8fb5a787295082c84a58c02b239e505f0788860be9ad8b080c270d6bd.png,9359332ec16f96c8fee474c6ac5cb91811eb574999f6d3a6605e607b3c43975b
data/raw/doclaynet_hard_negatives/doclaynet_train_72fb77323fe6115bc101.png,train,doclaynet:2021-atp-rulebook-25may.pdf,3,narrative_document,0,doclaynet,manuals,manuals,2021-atp-rulebook-25may.pdf,14,6720af2fcfc16f6bb317b5d71ecd08417bf4a12d47b6be1cc9d6618d74bd3ad6.png,80ba9594429fd94b9a7db8129d6201d1196ff820569fb665276e3c34e55a595f
data/raw/doclaynet_hard_negatives/doclaynet_train_2b3ed42d08e361216e45.png,train,doclaynet:mscope.pdf,3,narrative_document,0,doclaynet,manuals,manuals,mscope.pdf,1,f926afd2c7d5da1226a34a7405a26f6442d0c170cbb9bfe39851423be6d02d32.png,9c2104b3aa938def171bd4169f3f5ef85389572da7aa691393fc657903e0c0bd
data/raw/doclaynet_hard_negatives/doclaynet_train_f19df3cd842b23923d6d.png,train,doclaynet:python_whatsnew.pdf,3,narrative_document,0,doclaynet,manuals,manuals,python_whatsnew.pdf,6,edd539c5eaf267ed420073ab7fb33bce3507abc985834f1095bca02788c5a7a5.png,1693428c00fc34119aab9c7a1aeb931ec0ec6d77bdec5e6407258f53afec13c0
data/raw/doclaynet_hard_negatives/doclaynet_train_ac1bc0528b2a11fdf494.png,train,doclaynet:tips1358.pdf,3,narrative_document,0,doclaynet,manuals,redbooks,tips1358.pdf,8,14dcdf92eb0ad6c948ec8f3abf92b9f2c08b33fb1452fb56be3bb7b59889c458.png,c5fb4ac9f08a898427e3fd35b994a955d731594aabe31ec8c911c12ec6be92a6
data/raw/doclaynet_hard_negatives/doclaynet_train_0a22ebf76d523c06939f.png,train,doclaynet:sg248457.pdf,3,narrative_document,0,doclaynet,manuals,redbooks,sg248457.pdf,91,a02541d3b2f802da12223af4b809b4e089c9ef110e8cdfe11c7350b4bf97c3cd.png,e557b621ff61c4ef6d4e4a8d2d839518b6f9ef70491f2c6884bb0a01130db9b4
data/raw/doclaynet_hard_negatives/doclaynet_train_89952ac85afd28942af0.png,train,doclaynet:tips1344.pdf,3,narrative_document,0,doclaynet,manuals,redbooks,tips1344.pdf,9,2484d9be83c5ad4df2d3bb0c1a621e1f82c79d7590dfc3a00a4b38d9cf5760a1.png,1cb3c314641312ae3e8f2f728820072d6f7204e20b6211881ecb462c157ce019
data/raw/doclaynet_hard_negatives/doclaynet_train_0df3f9a83cd158e46198.png,train,doclaynet:tips1352.pdf,3,narrative_document,0,doclaynet,manuals,redbooks,tips1352.pdf,7,4b1838a4e305e949f1230fd221b83787cea65309c271ae0a1fafc9fff444dd41.png,55f3d7c4fd110d5a11cbbee7e64748648176c7f23b8e4dd4cee70fc17c82a895
data/raw/doclaynet_hard_negatives/doclaynet_train_0cdd870ea12955854add.png,train,doclaynet:Sailingmanual.pdf,3,narrative_document,0,doclaynet,manuals,manuals,Sailingmanual.pdf,113,b607982b705908fee967cadccb1afd52b98a3e715d8396d9749dc36bd57193c4.png,499e0708db246bba9ce1575402d0f2c3001437f3f38b9d8656b55e160e81ec7f
data/raw/doclaynet_hard_negatives/doclaynet_train_46dc4f5f167f204b75bc.png,train,doclaynet:sg248447.pdf,3,narrative_document,0,doclaynet,manuals,redbooks,sg248447.pdf,125,dfe371c0f19df9f3121d4b2cea2528dd82700cece858dfcc49984eeebea0c6d0.png,d166ec0a82cbf45241dfdefef1dc1b05e3ee8c46f2036ba9dc93c7cbcaff37ca
data/raw/doclaynet_hard_negatives/doclaynet_train_dae706f30a41c3c05c66.png,train,doclaynet:python_howto-logging.pdf,3,narrative_document,0,doclaynet,manuals,manuals,python_howto-logging.pdf,16,3fb534d8ee9576135f4b270643cc389b33d582b2e3c8b982b35b7132607cdd75.png,66dce4a4b71131b41816e8c9f4e07108f62a0780b08b23550433db5959a45771
data/raw/doclaynet_hard_negatives/doclaynet_train_ff08f44ea02c01e13fe8.png,train,doclaynet:Basic Italian.PDF,3,narrative_document,0,doclaynet,manuals,manuals,Basic Italian.PDF,100,6e84682de283f8dfd54d324c164dc020f3c86616aff09183c780cd1154ec853d.png,27ed3d833ecfec2ecd89b1367d50db4745e794c00b5a541b82c0b1f7fc4c8331
data/raw/doclaynet_hard_negatives/doclaynet_train_4cdda187103225d05d9c.png,train,doclaynet:sg248651.pdf,3,narrative_document,0,doclaynet,manuals,redbooks,sg248651.pdf,420,b15c45c30d5ea946366789ed4166ea77fed0b548c7e5ba08d290340c6db8c820.png,47d4cbfdf61c17567e1ece52f2830733ae80d461e93e9569fdc61207428aba9b
data/raw/doclaynet_hard_negatives/doclaynet_train_9716d53dd617cdbb7cc4.png,train,doclaynet:sg248851.pdf,3,narrative_document,0,doclaynet,manuals,redbooks,sg248851.pdf,443,7c0869f43c99070355319f4cc3c44f851459dcc6e3ffbd29c98dc6bd73647b8f.png,2f73c762ae088af7f8054a62db17c2aaac3fcd0f67e3dd2e9416c44be7d37f47
data/raw/doclaynet_hard_negatives/doclaynet_train_a779ad9b4bf16618ad50.png,train,doclaynet:sg247623.pdf,3,narrative_document,0,doclaynet,manuals,redbooks,sg247623.pdf,51,60f705230723a75e145c4360c199c9c4c586d1b53e8f2de4fbb6458a4d542946.png,5d1701deac36b658cfda01a4eb3a60236a7bc43f27d3e056f83632b586c89d67
data/raw/doclaynet_hard_negatives/doclaynet_train_dc17423a9581fb376efa.png,train,doclaynet:sg248323.pdf,3,narrative_document,0,doclaynet,manuals,redbooks,sg248323.pdf,143,f4ad06d98a2320cc542c16c24e58c8b133673fb6ad08fe3002999e8653974128.png,15786cb9b2bc83968a6167b10e7c6b15aa32b50556cfa6e37e901704c8bb2a95
data/raw/doclaynet_hard_negatives/doclaynet_train_f0fa3672fc339f2711f5.png,train,doclaynet:tips1346.pdf,3,narrative_document,0,doclaynet,manuals,redbooks,tips1346.pdf,0,073f247cb486ee4e516814a3429b8aac7881eaeaf9c929b4ac97b7849553f542.png,913ac6541ae3513fe459c7b64217226153f5364ccd19decfb9b40598cd947860
data/raw/doclaynet_hard_negatives/doclaynet_train_61ab555a7ff614a14c75.png,train,doclaynet:python_reference.pdf,3,narrative_document,0,doclaynet,manuals,manuals,python_reference.pdf,8,130f113e450feefabe78861cadcc276807a90e1054b5e71bb72a1b76bd452546.png,623bf62f4cac5e8d1da69e883f7730add36544f5d8f067a7336b863baf480529
data/raw/doclaynet_hard_negatives/doclaynet_train_0b25f5d90ff94a642d65.png,train,doclaynet:sg248425.pdf,3,narrative_document,0,doclaynet,manuals,redbooks,sg248425.pdf,0,447ab2443ed20913edaccbc176766e93e932e0a02366b8edcb99fae6ed3267f8.png,b96cf928b0ac8c17c9fa2bdad95070df5f1c5ffcf9d8c2f9d88306398a6319fa
data/raw/doclaynet_hard_negatives/doclaynet_train_d68f77dd3663ea72b742.png,train,doclaynet:tips1355.pdf,3,narrative_document,0,doclaynet,manuals,redbooks,tips1355.pdf,6,e06a8bf2134f39c461d7753696be2d82c38556f54e22d0e77013c7c96e2a5ecc.png,ed588b8df49b48b331c145e7ccfde2a4d2b09efa3bb5f05b006e75f11a30d8bc
data/raw/doclaynet_hard_negatives/doclaynet_train_7684fc003c80e5531aba.png,train,doclaynet:tips1354.pdf,3,narrative_document,0,doclaynet,manuals,redbooks,tips1354.pdf,0,2c91f2d1077ad4e5a66a758f5109faf01df34d5fe4bb123afddaea1bc7613457.png,361c873df52fb2a47d84f62199cce40c306be8266bfe3cc31aa6393ed0b104b5
data/raw/doclaynet_hard_negatives/doclaynet_train_8f6d0be151acfa1ee699.png,train,doclaynet:MongoDB-manual.pdf,3,narrative_document,0,doclaynet,manuals,manuals,MongoDB-manual.pdf,902,f0b9b1458533472fec01aa82291717b1b24a5583fa731e97d56bad0ce41bfba7.png,63f7f758823da76641726ca058014a2bf7a6013969b7d0973e572a3b07e5659b
data/raw/doclaynet_hard_negatives/doclaynet_train_a76b786a70e9bba0a17f.png,train,doclaynet:python_howto-logging-cookbook.pdf,3,narrative_document,0,doclaynet,manuals,manuals,python_howto-logging-cookbook.pdf,4,5eaeaaf44eda0e40a85653314d5693571efe397ecd77096cdd20e3da9c1f67b4.png,a787d577ab5816faf381a5a7e6f05740baf67630dd65d633125b2a63d5a2dc30
data/raw/doclaynet_hard_negatives/doclaynet_train_51d4e5cbfde95d47fa49.png,train,doclaynet:tips1347.pdf,3,narrative_document,0,doclaynet,manuals,redbooks,tips1347.pdf,0,e522a2aac5798c68cc35cefc7650bd35851e228f64316962c8ee197daa28295f.png,a94a5d4b39516756aff31f0b5490d3289948c62c796449c963505b704fa4d86c
data/raw/doclaynet_hard_negatives/doclaynet_train_913ff87eb1b805ee9eab.png,train,doclaynet:python_howto-instrumentation.pdf,3,narrative_document,0,doclaynet,manuals,manuals,python_howto-instrumentation.pdf,0,064b291f93f736a231aad173c69d0169bd62a11dbf7e85e6c3e902ef808ed38b.png,9fe753cff15c51e035306d432e7e23b244f74987a6f63c58e1ed79848f5e573f
data/raw/doclaynet_hard_negatives/doclaynet_train_936f048e6e03bdd2a425.png,train,doclaynet:16-par-20210101-e.pdf,3,narrative_document,0,doclaynet,manuals,manuals,16-par-20210101-e.pdf,81,b8bcd4ede87489d91c8972d29ba7042f3c9f835060bcaf31ed20b7f61d23ce40.png,d728e13a3a8e0866097bca53f246a66539f09f09270f10ec5c8f5ab602a0ecd4
data/raw/doclaynet_hard_negatives/doclaynet_train_eebda5e499536414ebd8.png,train,doclaynet:OpenShift_Container_Platform-4.5-Applications-en-US.pdf,3,narrative_document,0,doclaynet,manuals,manuals,OpenShift_Container_Platform-4.5-Applications-en-US.pdf,104,9aa3d8ed3f5000fbdd4fd19c9df1d9959a135bca9a4a08cd9aa552792b798af5.png,1d019f90c7e54cd1cd25241f8ca55b22c4388f805bdfcaa4a4c03eead591054e
data/raw/doclaynet_hard_negatives/doclaynet_train_9a965730648d57a29cfc.png,train,doclaynet:2-roa-regulations-e.pdf,3,narrative_document,0,doclaynet,manuals,manuals,2-roa-regulations-e.pdf,45,861f019d7d0e90a020c50def869215e5e4698f8bccd8a90d821f9c03e307f470.png,69b47ba3fb3869a288f43709a2156058500f3ee1093df52bf382f4115ff62a50
data/raw/doclaynet_hard_negatives/doclaynet_train_f98fac700a2f2b6f45aa.png,train,doclaynet:cm-oreilly-kubernetes-patterns-ebook-f19824-201910-en.pdf,3,narrative_document,0,doclaynet,manuals,manuals,cm-oreilly-kubernetes-patterns-ebook-f19824-201910-en.pdf,28,db408de18e097597f03aa53a662eaf92d66a6936c8527952760be667fa7e401d.png,3b69cb29d708253539a6744ad5c71b7818160f523d6a8980c05f53994eb254f0
data/raw/doclaynet_hard_negatives/doclaynet_train_8bb725977c6c3fb494fa.png,train,doclaynet:Interweave-Knits-Learn-to-Knit.pdf,3,narrative_document,0,doclaynet,manuals,manuals,Interweave-Knits-Learn-to-Knit.pdf,4,9ab87490ad7d39da10a7d1d851340cf92d5ee5c7b2c634a68f547adead528725.png,ef6a8d10e152fbf454f0f0a9360022e13446ffd1692874fa016cac13ede791d0
data/raw/doclaynet_hard_negatives/doclaynet_train_5db790e8e26767e458ab.png,train,doclaynet:sg248448.pdf,3,narrative_document,0,doclaynet,manuals,redbooks,sg248448.pdf,238,8a9fe9dcf2fb21ac23baadd7f7f47147cec137f66e76e13ddcc82263565e9cb0.png,ca90df04192ae576c90b3b354263f518e1c5ddf169a80d1add75594c771542d8
data/raw/doclaynet_hard_negatives/doclaynet_train_ecc50a61d5bb240de8d7.png,train,doclaynet:sg248235.pdf,3,narrative_document,0,doclaynet,manuals,redbooks,sg248235.pdf,179,ba8e5b1c460a9c1f7528c74409d6e91d099214f2087c62ce2cd1b51f5c2a50a6.png,6196fc34374e8b2a997ffdac3ebd44a1a64b63518803f1da1c3df477988cdfb7
data/raw/doclaynet_hard_negatives/doclaynet_train_fb058041c7a020deddbd.png,train,doclaynet:sg247933.pdf,3,narrative_document,0,doclaynet,manuals,redbooks,sg247933.pdf,642,61d6b9c7cf9e7bda5f84de8749c2c533c9623b6c9f826cbb3173962b04745af4.png,973b5cedf55f27f162800d0ac933b52ec3f56db500ddd933b7fb2d9892a6101e
data/raw/doclaynet_hard_negatives/doclaynet_train_b4a2cf8032137f8b9cc1.png,train,doclaynet:sg248422.pdf,3,narrative_document,0,doclaynet,manuals,redbooks,sg248422.pdf,95,99461065cbba32c12c639ab149f82a1960e790b78b321c7ea2edbbe19ea9f1d3.png,5a1c34157351db4640b6286252747ef56268bfdd68ea2d0a85291d8e90a0c24f
data/raw/doclaynet_hard_negatives/doclaynet_train_77d432a936b3a98ddd10.png,train,doclaynet:pioneer-avh270bt.pdf,3,narrative_document,0,doclaynet,manuals,manuals,pioneer-avh270bt.pdf,14,64b481a578aead38a157bf01ae19d5545c5e0e4a90cb8ccf589bfc568d78fb7e.png,0c1f41f9275fc46ebeeb66e6956576f5ebdd13a7c62c3c5bd7474d317108ef03
data/raw/doclaynet_hard_negatives/doclaynet_train_15677bfd430ff0c5d39b.png,train,doclaynet:itp_2015_12653122.pdf,3,narrative_document,0,doclaynet,manuals,manuals,itp_2015_12653122.pdf,115,a141f884c7456ca3156ef710dbf9c4821df096918b88924f7e72fe2a8eb0d023.png,ee5e2b24bf36ef21eadb5b1e335d273e78ec0453fd8576f6853a589ee001fd18
data/raw/doclaynet_hard_negatives/doclaynet_train_83719e1fcbf337c60faa.png,train,doclaynet:tips1350.pdf,3,narrative_document,0,doclaynet,manuals,redbooks,tips1350.pdf,0,14fc598cdd90fb16686c911223ccd820ea4e4e5c013c602fa48cdd29faa70054.png,0e3e6aebe577f02359935dcc347cb8c8fe1a053a752c7f3059273393df4304a7
data/raw/doclaynet_hard_negatives/doclaynet_train_f69be2678ffc544dcfb0.png,train,doclaynet:python_howto-functional.pdf,3,narrative_document,0,doclaynet,manuals,manuals,python_howto-functional.pdf,15,cceb822f34bd660650f298922f66dcbbbf0ed42c11406c866b7a52388372b676.png,65ff67504907556a6fd62cde71316a3033e8c67c732758ab433a8c3b56039046
data/raw/doclaynet_hard_negatives/doclaynet_train_bc4d15a76dfce8d0bdea.png,train,doclaynet:python_howto-curses.pdf,3,narrative_document,0,doclaynet,manuals,manuals,python_howto-curses.pdf,7,d7e6eeb51c1ba1143a3b376860dac5e58e73589f88bbfbc5a40c399fc937e885.png,5e30ef4433e79e7b7989b098c91ffb4d285cf4608be8f8dafc89ad839093f567
data/raw/doclaynet_hard_negatives/doclaynet_train_b722188cbed0992dbab8.png,train,doclaynet:Pascal - Manual & Report.pdf,3,narrative_document,0,doclaynet,manuals,manuals,Pascal - Manual & Report.pdf,8,f720d887616a81cb6a2ea968a1b7d0e7539303982e0b31b192963e136ce0b685.png,6c18601a6888c6e9a436a75ee23dad21a48642635a18ff323314cccd12ca9e2c
data/raw/doclaynet_hard_negatives/doclaynet_train_08c11862a5cd3e5679ad.png,train,doclaynet:eu-fuehrerschein.pdf,3,narrative_document,0,doclaynet,manuals,manuals,eu-fuehrerschein.pdf,4,df8f611404504720fe8e5b500a31c3411f167bcfbfba0ba258011e8559e9419a.png,ba6dccaaef8c4c44b5922608f9d23ef42a66fcbad52b4f003b0b20eeaccc6f06
data/raw/doclaynet_hard_negatives/doclaynet_train_615700cfbce68811ae7e.png,train,doclaynet:python_howto-unicode.pdf,3,narrative_document,0,doclaynet,manuals,manuals,python_howto-unicode.pdf,11,e9e2803aefd64ea09cc7c0f2d00edbfb069b1be81de450cc2afb2470b68b7cb2.png,41666030c941f48b91443ebe89dbf75beeae7b72f91fcab77e162a48ea8a3742
data/raw/doclaynet_hard_negatives/doclaynet_train_09fba0e9a3bca409f7df.png,train,doclaynet:python_howto-argparse.pdf,3,narrative_document,0,doclaynet,manuals,manuals,python_howto-argparse.pdf,7,28d6952044d794ad993fbdbc0d93b75daccc6959ffe6c73edd9e288071d888db.png,b5742014f0dc01b55edcf0cf7774a5868ba4ef3b8733a08751296c1d288c478b
data/raw/doclaynet_hard_negatives/doclaynet_train_55dda852b189e8dc92e9.png,train,doclaynet:sg247180.pdf,3,narrative_document,0,doclaynet,manuals,redbooks,sg247180.pdf,167,38417ec0207260639b2e1ac355deb3e04d306f34eb47cdb509c7be021da3c9c9.png,d4e60532c20c415fc4a59f9443a4b48a77e911d01ca335a4c1e339c65ffd364c
data/raw/doclaynet_hard_negatives/doclaynet_train_9f60a97fd68a73c1489c.png,train,doclaynet:user-handbook.pdf,3,narrative_document,0,doclaynet,manuals,manuals,user-handbook.pdf,95,8ad07ffc52a551b8064e7834e206e9fedc08f394448b24a95ae4e57de87bcc99.png,edb2486ac826fa8c7d8adef822e6c4804f4a788fb8a7cd8adeda18d63c6d5e0b
data/raw/doclaynet_hard_negatives/doclaynet_train_17c7e3cf5df41caa4def.png,train,doclaynet:sg248414.pdf,3,narrative_document,0,doclaynet,manuals,redbooks,sg248414.pdf,389,bf129a1861da276800a6940b5344ce5a0e3528c9893a321c74e1feaba88bb183.png,20a872d4684fcfb86caaddfe3a804b8e6042d5e8a126b6f63597e194c2198399
data/raw/doclaynet_hard_negatives/doclaynet_train_8581e4d562ff2f57288c.png,train,doclaynet:sg248025.pdf,3,narrative_document,0,doclaynet,manuals,redbooks,sg248025.pdf,402,d61e8bd921b0d5b05a59fc2a5289af3b455a94eae51f8de058e9a9e29795b812.png,169a2ec6c2e43482397b9fde0224da92ca45da49ac7e268545d232cd2dc7b8c9
data/raw/doclaynet_hard_negatives/doclaynet_train_00edae608907074583dd.png,train,doclaynet:python_howto-urllib2.pdf,3,narrative_document,0,doclaynet,manuals,manuals,python_howto-urllib2.pdf,9,317b0191e0083e5006612b3b22756c11c1dcb81e1e528ed68ca4ebb30a139ebb.png,688b78e440329ae1be36092f983dc2f73897083d4efef6763b462bd41a90dfd9
data/raw/doclaynet_hard_negatives/doclaynet_train_c720911b4047b833a979.png,train,doclaynet:tips1351.pdf,3,narrative_document,0,doclaynet,manuals,redbooks,tips1351.pdf,1,90011c312c30c3813b3841858fe0666198e2981e67f74328ff51316d2b5edd59.png,c8c5e4e6bfe881fd83f001d32f779a2403363126dc5a19e19431ec43e2a44196
data/raw/doclaynet_hard_negatives/doclaynet_train_87a76863f5af9248ce66.png,train,doclaynet:sg248560.pdf,3,narrative_document,0,doclaynet,manuals,redbooks,sg248560.pdf,341,c2b4abb386b8fe79c2cfa7c01bd9838f0dde2a553f6ccf803fb8182e00a15790.png,298f6b71df802ab3dd81b89b8defb171d6e8f3f99924462cc9b7982a1137cbac
data/raw/doclaynet_hard_negatives/doclaynet_train_dff2ed7aca9658a40f8d.png,train,doclaynet:python_using.pdf,3,narrative_document,0,doclaynet,manuals,manuals,python_using.pdf,5,2944770a4f725d318d8b31dbca628d2a9337c88f96db6686754d9481bc19aed0.png,ba899a1aa4576a5feef3f3bf551ce925016c486ee55ec79da324b7a1962be338
data/raw/doclaynet_hard_negatives/doclaynet_train_6d468b1537361fb872f3.png,train,doclaynet:python_howto-pyporting.pdf,3,narrative_document,0,doclaynet,manuals,manuals,python_howto-pyporting.pdf,4,b01d399e5aee763ce9a78a29d84995d6468d6c2a43b9f265aee350c1ccfe955d.png,bc70a8943858406e823d3f5df4b6b12e41ec7c171b191079c40cadbf8a4888fc
data/raw/doclaynet_hard_negatives/doclaynet_train_b71c980023e336f5204a.png,train,doclaynet:ubuntu-install-en.pdf,3,narrative_document,0,doclaynet,manuals,manuals,ubuntu-install-en.pdf,70,f765b90d3feb686e3884cc91418610f6015d22133d48499c4b51a3ab747b3cf1.png,807d33daa0164413ba6b69d60964bf83fecd80cfee18e78a6639ee7241f12a51
data/raw/doclaynet_hard_negatives/doclaynet_train_59aace1e47ea8702bd1b.png,train,doclaynet:2021Rulebook.pdf,3,narrative_document,0,doclaynet,manuals,manuals,2021Rulebook.pdf,360,f9c0c700bd76a28cd4450fb5c38dd702fabdc720a7983a866a0befb0476b073e.png,515965c0228339f116531fb8593f30102aa3de80cdd1d0ffbe8ceaf7339f0d82
data/raw/doclaynet_hard_negatives/doclaynet_train_2e126e2d738dd55935e8.png,train,doclaynet:sg247521.pdf,3,narrative_document,0,doclaynet,manuals,redbooks,sg247521.pdf,344,eca05e261798592b993ed12c07e22b56119593ea9a0cb62c3f9640c2e2377613.png,a358a0f5e9dab387b1fe7539b78ce85c96bb7606d6f4e9debf6bfb26089646e6
data/raw/doclaynet_hard_negatives/doclaynet_train_1740db40ce2db368f61c.png,train,doclaynet:2020 RAAM GEAR_FINAL.pdf,3,narrative_document,0,doclaynet,manuals,manuals,2020 RAAM GEAR_FINAL.pdf,16,2300ec16fcc9086ea4e454e347a272de370499809ca4b91c5bf031997a6e1f63.png,c862ccd3ec182a9aaa38f311e4ddbaa3b8fb63e4b11084339a5d4d157987d3f1
data/raw/doclaynet_hard_negatives/doclaynet_train_c043a5ce067b0dfb2ee6.png,train,doclaynet:python_faq.pdf,3,narrative_document,0,doclaynet,manuals,manuals,python_faq.pdf,46,2346ca2780fbb70f500503346f4c356deb6caa3cac8dec3e484c804d76754107.png,fa6a2be66110a306401d4adee57c5c66fdb2394f6c9d8b325b3a7a4ad2090042
data/raw/doclaynet_hard_negatives/doclaynet_train_29449175881ce7726f2f.png,train,doclaynet:sg247877.pdf,3,narrative_document,0,doclaynet,manuals,redbooks,sg247877.pdf,246,66e4617a8f5014c193ce0e5f6fae3755fd376873a647b0efb1ae83d9b136c6f4.png,3603b83d2db581d8103f44d07851575ce7a2ac8331fe33761ea75cb5f18e1b6f
data/raw/doclaynet_hard_negatives/doclaynet_train_70bd086f3691d299da71.png,train,doclaynet:sg248453.pdf,3,narrative_document,0,doclaynet,manuals,redbooks,sg248453.pdf,12,5c191c93758cdf7be1fa39084efdf9231f91f0a50b4c5ef9af1b6f9462f8d90a.png,b588f042e69f68b4d0ba308ff78294f3726479cee0222419de49febac6b85cfa
data/raw/doclaynet_hard_negatives/doclaynet_train_e56b739be78672efc5af.png,train,doclaynet:sg248456.pdf,3,narrative_document,0,doclaynet,manuals,redbooks,sg248456.pdf,483,bf1099458f8ec0adb126b4b4d56bcd0c2d409ab888d07d3b82dc4f7fc7c4d9d2.png,b28198cf4f923fbb7223753c39bff05a632afd8a3430fcc604d3eb81f479eb03
data/raw/doclaynet_hard_negatives/doclaynet_train_e9eae72a7374c2633771.png,train,doclaynet:tips1359.pdf,3,narrative_document,0,doclaynet,manuals,redbooks,tips1359.pdf,13,efd64bc868c4b2aa898a49d78e6bb09fbab82fc929a5f713ac59e8178a41b2dd.png,ad4a6999f5c3babbad420940d5a727f564e47d4b7e04d646bc50a8238cce7bf7
data/raw/doclaynet_hard_negatives/doclaynet_train_5d54cddc31dcd7601158.png,train,doclaynet:dlman.pdf,3,narrative_document,0,doclaynet,manuals,manuals,dlman.pdf,11,146c43ae782230391f4656a93ac3b892fbe38191534450fac81b110b80b71a8f.png,f5d03da888048d65141bfee45e9aa663b6a1e4e241a4a771906771fedfd24d61
data/raw/doclaynet_hard_negatives/doclaynet_train_a396e8148b0db174b286.png,train,doclaynet:sg248445.pdf,3,narrative_document,0,doclaynet,manuals,redbooks,sg248445.pdf,306,fae44cdb90612236c5c1b8bf13fb376229841197873721531ef27559229e9cb2.png,4bdc4903c754e93f571233aefe9b6bdf0280d8ffba454e8300d12c0ffdaf1d25
data/raw/doclaynet_hard_negatives/doclaynet_train_97906875965008f91962.png,train,doclaynet:sg248404.pdf,3,narrative_document,0,doclaynet,manuals,redbooks,sg248404.pdf,369,29fe34d060a5b3776fcbdd638562fa4880ffa3f909ba222bb8ac646e8630d7ec.png,168998b5c5683185caf7ef687f8b383f8cdc29045079b7e8f38ff60e62e22d18
data/raw/doclaynet_hard_negatives/doclaynet_train_53eed661adce8f70ec85.png,train,doclaynet:sg248162.pdf,3,narrative_document,0,doclaynet,manuals,redbooks,sg248162.pdf,182,130e1079ed3802909ede233b3262c90ddbe48b68b62dcd0d5d0b536060a9761a.png,7bc68dcdc73724732fccb58a103aeb2c0bdd45001ec6e54b682a90c6f50cf159
data/raw/doclaynet_hard_negatives/doclaynet_train_52ae4e09483848257f78.png,train,doclaynet:1-gen-20210208-e.pdf,3,narrative_document,0,doclaynet,manuals,manuals,1-gen-20210208-e.pdf,0,b4f7a8756d9ff596dde628157250ef759b03f9c8f3aa8f32eabd3a358fd00085.png,1e55c466e9cc79e663a618c62de7da806094fe3f0a62cef44897bee27e280fa5
data/raw/doclaynet_hard_negatives/doclaynet_train_de56fabdfe92a23b19b6.png,train,doclaynet:sailingprimer.pdf,3,narrative_document,0,doclaynet,manuals,manuals,sailingprimer.pdf,0,120da5c7dbb0ae79ea6fa7cab40994779bfbeb20fdcd76ed68a1d2bff63ab22e.png,46f149d7ec78a46f5ec896cbee81ce3995be5dba7bcefdde5e999a1bb0e59165
data/raw/doclaynet_hard_negatives/doclaynet_train_b882e997840400aed45a.png,train,doclaynet:Excel-Manual1.pdf,3,narrative_document,0,doclaynet,manuals,manuals,Excel-Manual1.pdf,16,ebef98f82d6e309503db19e513284d8f8626cb47527536e00846f4dea781e881.png,89c8fb6dc46fb961c4d84a514b9429b3d7928da7be72d4c66cbef78be792c48a
data/raw/doclaynet_hard_negatives/doclaynet_train_c7cd99b22b80eda6473e.png,train,doclaynet:9665002_AdobeOCR.pdf,3,narrative_document,0,doclaynet,patents,patents_euv_sensitivity,9665002_AdobeOCR.pdf,20,97fa38ff93a1a35886201639c879a10a999589af601701cde1ccc598fb2117da.png,f1ac612586f5e17583249a72d6b5a339ea705f5868c6665b8d452c3a62f1577b
data/raw/doclaynet_hard_negatives/doclaynet_train_c39f02bc503bfeba975c.png,train,doclaynet:JP2017066266A.pdf,3,narrative_document,0,doclaynet,patents,patents_jp,JP2017066266A.pdf,3,d49ef67d3acf68d708039f8d1e5998eaee8723586227b275aadeb921de1ba37e.png,b66fa9f355994887ce178a5b55b43e660d5411ee4987cfd0dd5f539b7017f516
data/raw/doclaynet_hard_negatives/doclaynet_train_5629eb00dfc25d631459.png,train,doclaynet:WO2020210025A1.pdf,3,narrative_document,0,doclaynet,patents,patents_wp,WO2020210025A1.pdf,23,3d11ccec33a93da4f0d9ebfb65c1df222944e6b43ea6c140ccc7c01f2f25ca8a.png,330da3478de1b0dd65c292c07bbb459bc263899759a26eb7a6625a14f41d2e40
data/raw/doclaynet_hard_negatives/doclaynet_train_2c743dfe2ddd2475b4c0.png,train,doclaynet:6537456_AdobeOCR.pdf,3,narrative_document,0,doclaynet,patents,patents_superacid_pags,6537456_AdobeOCR.pdf,18,41a8bb9fcf4574ea606b3bfbf1dd76711a2503cda58d552aa049f995dc8c9a10.png,b3a0299e98eac50f488c0c6c38d33e7441c3e07e40c844bf1c72f4374e5a6abe
data/raw/doclaynet_hard_negatives/doclaynet_train_754e6578c815c1ab2cf3.png,train,doclaynet:5460919_AdobeOCR.pdf,3,narrative_document,0,doclaynet,patents,patents_superacid_pags,5460919_AdobeOCR.pdf,4,ad0e39e7677b87905f471a27aad484efa42f3743447a423b14d82e0a9fa77b8c.png,49811299252df79b0e64ad05ff074fd8dafc8dc4f997dc03f06c817a7a2bc6df
data/raw/doclaynet_hard_negatives/doclaynet_train_231f40bdb47f6045d67f.png,train,doclaynet:9617395_AdobeOCR.pdf,3,narrative_document,0,doclaynet,patents,patents_superacid_pags,9617395_AdobeOCR.pdf,5,cbbd476811f523f04002ea12e3dd067eb8f27e97ecf8b9dba13f0f4b6eaa2ca8.png,95ac728a8aa55441f9d92c889e512fbb4587a9626b675c1e8bd6694b268d3c0a
data/raw/doclaynet_hard_negatives/doclaynet_train_d73f100f5bad29c41c80.png,train,doclaynet:10189718_AdobeOCR.pdf,3,narrative_document,0,doclaynet,patents,patents_superacid_pags,10189718_AdobeOCR.pdf,10,6c2fe6f3a70ea79c3933811823aeabb257b03fca7ddce60bf97adca7c17dfd1b.png,408dfdc7144e0b87778c25c038c4d224ff73a9194bb98c142278bb44a6180fc0
data/raw/doclaynet_hard_negatives/doclaynet_train_2fcc33ec6a271afbcad6.png,train,doclaynet:20210033971_AdobeOCR.pdf,3,narrative_document,0,doclaynet,patents,patents_euv_sensitivity,20210033971_AdobeOCR.pdf,71,db64f88152fcb24e0dc9676809833c3479c76621e7614cfaff5f4ae84228d6fc.png,50f76a80e3e8021ace1c61953f368570c056a24f0967616ebad804c4933e0a9e
data/raw/doclaynet_hard_negatives/doclaynet_train_eaddde03c35dce3d34e0.png,train,doclaynet:10620533_AdobeOCR.pdf,3,narrative_document,0,doclaynet,patents,patents_euv_sensitivity,10620533_AdobeOCR.pdf,40,8acd65185d4c7c3685926f9f87767fe05f84b83df79ab7af139afc52ce7d2e9b.png,589be72a4cdeccdfa35431284113fe2f4f0763e032ac0d3f08e074a1c2aef411
data/raw/doclaynet_hard_negatives/doclaynet_train_f5c3e87cf02d2cb16285.png,train,doclaynet:9585796_AdobeOCR.pdf,3,narrative_document,0,doclaynet,patents,patents_superacid_pags,9585796_AdobeOCR.pdf,15,1aca306b0c7586646904583f8c7fbead33e7b3e890179859679ac4077eb255e1.png,6814d9d869bcc41057cd87b31bc5f430ed899809b62f679cc33a24d7ff2a2d6d
data/raw/doclaynet_hard_negatives/doclaynet_train_6e5d54c61d66d1dd0c53.png,train,doclaynet:20200319555_AdobeOCR.pdf,3,narrative_document,0,doclaynet,patents,patents_superacid_pags,20200319555_AdobeOCR.pdf,35,ee6c310809dc393c30ecb6e2454a64712ca391028d3401720d047246c6f3a4f4.png,334b27a0b86e25269610878dcc7d466c261f6cfc24d8274b6075cb7c7ee4bc89
data/raw/doclaynet_hard_negatives/doclaynet_train_0a2adc5bcb1443fe7a2f.png,train,doclaynet:20020165414_AdobeOCR.pdf,3,narrative_document,0,doclaynet,patents,patents_superacid_pags,20020165414_AdobeOCR.pdf,2,888a7de3273b46501ba6b6effa6756f244811db5872b9ad51ee36fee0b2a6f8f.png,89dfcdc77ec30b633503e609f3ffa421df4b06005a2d2fefdd2c3ce9117cb13d
data/raw/doclaynet_hard_negatives/doclaynet_train_108528b60461c63f929d.png,train,doclaynet:20200050105_AdobeOCR.pdf,3,narrative_document,0,doclaynet,patents,patents_euv_sensitivity,20200050105_AdobeOCR.pdf,107,5ce6a7c909f89f159b14971c418f0ff4ff2e416e7cc607d60c49259deca80aba.png,7d9f22e1c6d6e2ae9cce34fecf0924e040eac96b2d15ae44b78752042e9bc9d0
data/raw/doclaynet_hard_negatives/doclaynet_train_96996067a296a5fa11d8.png,train,doclaynet:6368773_AdobeOCR.pdf,3,narrative_document,0,doclaynet,patents,patents_euv_sensitivity,6368773_AdobeOCR.pdf,12,717293751a150e5af234e7e6a4c8279224e36fea6fd0c8512774b5b691d5e81c.png,2fb49ae6751ae186691e2701e1761bf6cf33aa4be7794e007cc19eb1b16851ec
data/raw/doclaynet_hard_negatives/doclaynet_train_acc999696c318825866c.png,train,doclaynet:7314700_AdobeOCR.pdf,3,narrative_document,0,doclaynet,patents,patents_euv_sensitivity,7314700_AdobeOCR.pdf,5,d2d8b4b097ee81cddbbb09843292393127dad3b0af361c9599fc8449c08bdded.png,0bac85af668ce6157f09904a10ec7590c46562bd23a5b0d7a7ce2c66dc7ab6b0
data/raw/doclaynet_hard_negatives/doclaynet_train_f426081e6d9d0ab220e4.png,train,doclaynet:9052592_AdobeOCR.pdf,3,narrative_document,0,doclaynet,patents,patents_superacid_pags,9052592_AdobeOCR.pdf,29,4604b0033c5c903e81caba514bc7110705551bb6fd98e2871a68c10ff61c6359.png,eeed7a721783d914791c363dd4371e1f7029c546fa0add04fd55431edc5faeb0
data/raw/doclaynet_hard_negatives/doclaynet_train_b2b6fbf8abe01d1d5a4c.png,train,doclaynet:7649118_AdobeOCR.pdf,3,narrative_document,0,doclaynet,patents,patents_superacid_pags,7649118_AdobeOCR.pdf,9,42a43f324f38c4a1e78dc1b2fd1222465056c188aa54be6ca0773e5ef6fa4b11.png,f2f9c1162ed577d0e5464c99a39fcdc028531c2a6d4024b3bce94e6549100ea5
data/raw/doclaynet_hard_negatives/doclaynet_train_8948d37bbfb4f929fd12.png,train,doclaynet:20180235218_AdobeOCR.pdf,3,narrative_document,0,doclaynet,patents,patents_superacid_pags,20180235218_AdobeOCR.pdf,4,3a24c87dac4387df7fc8c0a49c91f32af02fe8c7e2473ca2cb54ebf0f816f2e3.png,788e4f5ae0976ad6845aa604c8a9275519034a178290514dcbe211a47aefbf87
data/raw/doclaynet_hard_negatives/doclaynet_train_55be367e1e9ca20a0060.png,train,doclaynet:20140256604_AdobeOCR.pdf,3,narrative_document,0,doclaynet,patents,patents_superacid_pags,20140256604_AdobeOCR.pdf,15,3cd905b3a62439f99de3790dec2c385851d13660f94ed00a7dd9044f3f26d754.png,8e258a947a701b469b415dd9d8f3ec1a135a22945ced376a244836677d8b8140
data/raw/doclaynet_hard_negatives/doclaynet_train_ac4e9faae41213c89664.png,train,doclaynet:10494270_AdobeOCR.pdf,3,narrative_document,0,doclaynet,patents,patents_superacid_pags,10494270_AdobeOCR.pdf,61,c1a669eeca95a5e49d12ac0f77372b598f3f4330210d2416936494fd9faab10a.png,411d091607ec0c594eb370b043c868cae6ef0d461db955f898ed533b1e380c62
data/raw/doclaynet_hard_negatives/doclaynet_train_1ba1eab2683131a5e203.png,train,doclaynet:9463450_AdobeOCR.pdf,3,narrative_document,0,doclaynet,patents,patents_superacid_pags,9463450_AdobeOCR.pdf,0,8cf720723195f848f60b05870fd4747d837bbe0118e13f9ed9a7591296188d1e.png,6a3877952e0ab99dffe3903cd0503169e145eaebdc8a8fcb241b2c627c02ba59
data/raw/doclaynet_hard_negatives/doclaynet_train_e3adc16681738b7c21e1.png,train,doclaynet:WO2020081014A1.pdf,3,narrative_document,0,doclaynet,patents,patents_wp,WO2020081014A1.pdf,8,7ed0ef7fd69a712a56ab425073b8f0c1e17fe268864d80a429a998c0054d4259.png,8435b1bea919c9b1430f4e719da26d3dce678f6758d9ae520afcb38875322ff8
data/raw/doclaynet_hard_negatives/doclaynet_train_b21505e31bf95dc1475c.png,train,doclaynet:20200272048_AdobeOCR.pdf,3,narrative_document,0,doclaynet,patents,patents_euv_sensitivity,20200272048_AdobeOCR.pdf,101,72ba147f0ff7a136fd624388623399c40823e97f863316565f0de0a84eccb5b5.png,6240d218df6d90c5a4256b3f2e73d9a0645187a6f56075630faf2483acefd33f
data/raw/doclaynet_hard_negatives/doclaynet_train_d23dcb92e9be84d6e1db.png,train,doclaynet:20020153319_AdobeOCR.pdf,3,narrative_document,0,doclaynet,patents,patents_superacid_pags,20020153319_AdobeOCR.pdf,0,d631737541163343c3d31979c33116c31f2be985cce1a5ce6b6f86c92b576d1d.png,2a4fbb3a9a3916bdfb5a5d5f27b5bfbf4e3e105ffc3e678899e013d82c60e519
data/raw/doclaynet_hard_negatives/doclaynet_train_86a1e7066cfc82b3bbec.png,train,doclaynet:4118377_AdobeOCR.pdf,3,narrative_document,0,doclaynet,patents,patents_superacid_pags,4118377_AdobeOCR.pdf,7,8a4d888e1d9a775ddc72ca65c2d5059a21b6337d9d7f36f4777de95d5970d506.png,42d0bb021bd5df30502721b00f7351569b779da2d0a9be6269953e152900109e
data/raw/doclaynet_hard_negatives/doclaynet_train_26c7b0ebea3cf053c1a8.png,train,doclaynet:20140199617_AdobeOCR.pdf,3,narrative_document,0,doclaynet,patents,patents_euv_sensitivity,20140199617_AdobeOCR.pdf,124,cb4810d6c6e85f472beab74711b447f6e6848c586b9e90a50d127362f909b79e.png,b598d6805f0e4d2a9a873612c90def496777ff6dd13058a7adf5ba29e570c290
data/raw/doclaynet_hard_negatives/doclaynet_train_472ea1b265cdce7aa20d.png,train,doclaynet:10919920_AdobeOCR.pdf,3,narrative_document,0,doclaynet,patents,patents_superacid_pags,10919920_AdobeOCR.pdf,0,4a9ece71a919869bddea4920f23a60379b2c0104d66092eada407122c93533fa.png,030eb6876e6727e7a9a8a5869ac03fb2f3f4e26cfa33711dc8015bf3a19ea8fb
data/raw/doclaynet_hard_negatives/doclaynet_train_28b4242e042c2492fd51.png,train,doclaynet:WO2020210012A1.pdf,3,narrative_document,0,doclaynet,patents,patents_wp,WO2020210012A1.pdf,7,1f4f5dcb9845c2a5ef4b0468a6d6ce0aa9fc4a93f447e49ad99b4e912fef4128.png,8b69a2ad30a8719209569852bd92a469cf955d6a3ac291d78c954eeade7eae02
data/raw/doclaynet_hard_negatives/doclaynet_train_92a4e51c09df6e54236a.png,train,doclaynet:8968979_AdobeOCR.pdf,3,narrative_document,0,doclaynet,patents,patents_euv_sensitivity,8968979_AdobeOCR.pdf,91,facc861d8ada05c551349ae2053c19d4b65b633658dde24bc4cfb5af7a0716de.png,6c6ab5074f063f8884ef34d1510dd8b86275a20f31646c8e4ac3ee8af0abbbb2
data/raw/doclaynet_hard_negatives/doclaynet_train_02e7843991c559c21b7f.png,train,doclaynet:10088749_AdobeOCR.pdf,3,narrative_document,0,doclaynet,patents,patents_euv_sensitivity,10088749_AdobeOCR.pdf,0,2fb0f17e3bd67bcab0708640fcee3d7401128379c77afc2996b76e198ebcdeb8.png,6df40cbdfea4bfb4e303533a6023121feba6ba9d73bb1ef14141ac61b44fa0c5
data/raw/doclaynet_hard_negatives/doclaynet_train_2729de4b7430c1935ce4.png,train,doclaynet:20210026244_AdobeOCR.pdf,3,narrative_document,0,doclaynet,patents,patents_euv_sensitivity,20210026244_AdobeOCR.pdf,0,762a11dbe27ac3c0d3f52822bf4ee32e7b2b260ebc300369b9ceb46d402fcbb3.png,a9e19fd106b039e1db1caf11643ba5ea7e8f7275fac758fff86583ded72e1f1c
data/raw/doclaynet_hard_negatives/doclaynet_train_ebcebbe7d144ee20f784.png,train,doclaynet:6291723_AdobeOCR.pdf,3,narrative_document,0,doclaynet,patents,patents_superacid_pags,6291723_AdobeOCR.pdf,13,d671bf9bca5db6ad6772022909757c282b2ff35ff739f1d42fed0c271ffdba1d.png,68b8b98d372683197a56a60a3ad69448283fbcecb39f4266c9f73a201b381514
data/raw/doclaynet_hard_negatives/doclaynet_train_76991b4f8949b54e7af6.png,train,doclaynet:KR100613316B1.pdf,3,narrative_document,0,doclaynet,patents,patents_kr,KR100613316B1.pdf,6,739b905fad947094229ce2e29532ea503e142d187f261e8ac2fb20b38464fc5b.png,16f71130d8497c217711db3b38db597f75d1c68bdd031f6b51c27872fa99aa3c
data/raw/doclaynet_hard_negatives/doclaynet_train_494d6da2002badecab68.png,train,doclaynet:10005868_AdobeOCR.pdf,3,narrative_document,0,doclaynet,patents,patents_euv_sensitivity,10005868_AdobeOCR.pdf,25,45b3e2ff0c8dedf9065688f9d9a45ee1f13be1a347eefea107a90487a6f9da8b.png,464529dd346acee57bd143763eacfee804092ab79304e8beeb7e53045ffa1541
data/raw/doclaynet_hard_negatives/doclaynet_train_d3c1d0390e5c300c56bb.png,train,doclaynet:10394127_AdobeOCR.pdf,3,narrative_document,0,doclaynet,patents,patents_euv_sensitivity,10394127_AdobeOCR.pdf,2,eb8613da1c01203225428fd5c8a02d6902829c0cf355d26c555a35d543dc545c.png,35cbe0cc84e8ce30e5ae868621d3b0b7a9236caaf71a53d52c6314c5bb7a811e
data/raw/doclaynet_hard_negatives/doclaynet_train_71093b63b4d085ad2cf6.png,train,doclaynet:9034557_AdobeOCR.pdf,3,narrative_document,0,doclaynet,patents,patents_superacid_pags,9034557_AdobeOCR.pdf,14,72b0f8b0c66d804ecd70c3ff9933e7211a990555c005aa4b5583fb92bb4ba941.png,0661602378900b8b0c722a071b9c212de458af4d5068c5645c41beb7a6ced730
data/raw/doclaynet_hard_negatives/doclaynet_train_5e6cda2ace0c62a26c0a.png,train,doclaynet:9217919_AdobeOCR.pdf,3,narrative_document,0,doclaynet,patents,patents_euv_sensitivity,9217919_AdobeOCR.pdf,27,506da4e4dee341c8f9caf2e3fde71fb466cea97e20defaa99d61f2fd48a9e139.png,1dfc8d1eef66ea37bf1f90ab86ae5b4fb3c49a51f419c626e4108ac3026ddb30
data/raw/doclaynet_hard_negatives/doclaynet_train_c4ebd63abb572cc8f2cd.png,train,doclaynet:EP2100016B1.pdf,3,narrative_document,0,doclaynet,patents,patents_ep,EP2100016B1.pdf,7,f4c5cb23f6c6c016ac21508038fbd988c2f866483b60a159021873e8b7977086.png,6288f7ac2ffb1b5eac29f6695eebf12710651bce2bc83aa5a63a9443592aa096
data/raw/doclaynet_hard_negatives/doclaynet_train_8dc1c80b2391f151b5e8.png,train,doclaynet:10866511_AdobeOCR.pdf,3,narrative_document,0,doclaynet,patents,patents_euv_sensitivity,10866511_AdobeOCR.pdf,7,5d1f0943117497335decd609d73ea838ca577eeb11874bc4748528954fcd42d4.png,219485f40694867bfc34a84ae6aa361744e82d51a77e49395d0b5e9a19543cf7
data/raw/doclaynet_hard_negatives/doclaynet_train_077b1ddf98fcc71b6a59.png,train,doclaynet:6203934_AdobeOCR.pdf,3,narrative_document,0,doclaynet,patents,patents_superacid_pags,6203934_AdobeOCR.pdf,18,f6dba366ee7747b5a73104680678c7c0833ffdb1606d3ac2998ef857d75a3497.png,5b4c6737161e39703690762e4fc69bb83e2197736187771dc57b6a3e6ad1be23
data/raw/doclaynet_hard_negatives/doclaynet_train_48f1812c166ded6e06ec.png,train,doclaynet:7232640_AdobeOCR.pdf,3,narrative_document,0,doclaynet,patents,patents_euv_sensitivity,7232640_AdobeOCR.pdf,4,62737998004999bb6f8eb4b8d30eec9c241c75c718890403a57d535e8a9616e3.png,2db6448567a6244c0c601852f3b54410b878f4081c8839030c27d6bec38c0d38
data/raw/doclaynet_hard_negatives/doclaynet_train_14e682965ba5a9328f80.png,train,doclaynet:8809576_AdobeOCR.pdf,3,narrative_document,0,doclaynet,patents,patents_superacid_pags,8809576_AdobeOCR.pdf,0,b9b6a88f7964256c109098feb8f45f6c428c74b014e6adca4768ddb23223f163.png,12c68d387b875b9beb92a9197c0f814fafe3165ba6d55e305239bd41492b10c0
data/raw/doclaynet_hard_negatives/doclaynet_train_deaac1597eced432347e.png,train,doclaynet:9465291_AdobeOCR.pdf,3,narrative_document,0,doclaynet,patents,patents_euv_sensitivity,9465291_AdobeOCR.pdf,13,59d66ba5f5e502e1a400ad7fd72812de4a616f5c971b9c59386974ff7bea5a7d.png,51c591a7bd79ef6de19539bcbb73d4a6c03a0c35dccdadb489a8266252255342
data/raw/doclaynet_hard_negatives/doclaynet_train_a6b8099215ad2ae69788.png,train,doclaynet:6872832_AdobeOCR.pdf,3,narrative_document,0,doclaynet,patents,patents_superacid_pags,6872832_AdobeOCR.pdf,11,84546b44bd865c8f7678a480b3b5539013556667ffbe4bb62ca9a429f359fcee.png,562f1fc843649532a6d44ff8bd0adfc3e07521ff9c9c35ae28ad92333e2fedd2
data/raw/doclaynet_hard_negatives/doclaynet_train_9e557c260330b42eaf2c.png,train,doclaynet:10101653_AdobeOCR.pdf,3,narrative_document,0,doclaynet,patents,patents_euv_sensitivity,10101653_AdobeOCR.pdf,14,428f5a48f7ff8e1e9b99dc1d1de9c7b85a23b584e8e53b40fa0447a6801c8d2f.png,8df4f17b245935b11fd5ac85420e7c9abbc7e16ce50fd586f7125d4432935f68
data/raw/doclaynet_hard_negatives/doclaynet_train_b582a9019427aeb5a84e.png,train,doclaynet:8461338_AdobeOCR.pdf,3,narrative_document,0,doclaynet,patents,patents_superacid_pags,8461338_AdobeOCR.pdf,0,9d17b97e39f81f14524c73eb3d2307def57e1ae4a6582f48c4a60b0d9848cc73.png,f0364af2d5fee1cbbd7771b6ea760c00e4f294421549d3276b02f364216a1995
data/raw/doclaynet_hard_negatives/doclaynet_train_d89d45785f27b63954a0.png,train,doclaynet:7638642_AdobeOCR.pdf,3,narrative_document,0,doclaynet,patents,patents_superacid_pags,7638642_AdobeOCR.pdf,4,7c6a908b0c2a29887f9aa7b6a3029aa73903c2010827543de7f8ec08fc38f94f.png,3fe40061893aadaf980c4c4c72b2cd2faa62d5e9ca1f3f771fcff96604cdb48b
data/raw/doclaynet_hard_negatives/doclaynet_train_709b5ab9cafbd4b7ae31.png,train,doclaynet:CN100439784C.pdf,3,narrative_document,0,doclaynet,patents,patents_cn,CN100439784C.pdf,13,373288104f4f220696c7ed472ff09ea836b7c2537780a7570d375fcc89f3b90a.png,ebe4a2df0882e603a048679cf78929aa2dfe133dc3cc77e1249686484a7c5bf3
data/raw/doclaynet_hard_negatives/doclaynet_train_0193f52012c25014412f.png,train,doclaynet:9925301_AdobeOCR.pdf,3,narrative_document,0,doclaynet,patents,patents_superacid_pags,9925301_AdobeOCR.pdf,52,92e87ab63588a7494fb87018f2797e504262922753834e7dcf83ba8c4dbebc16.png,1532e82e3a7a47db0e69caa16c073e118f6ffa594791636062bc3e15da9f021e
data/raw/doclaynet_hard_negatives/doclaynet_train_0bf169f50a6e0b982e3a.png,train,doclaynet:8703386_AdobeOCR.pdf,3,narrative_document,0,doclaynet,patents,patents_euv_sensitivity,8703386_AdobeOCR.pdf,26,95ddb4c2505da6279586998f8f38b3aa0e0076756ef880052e77042a6a9b4e62.png,9d4813eb69ed5ee98aa533a6d55471fc14469919819cf04c45641ec778f4268d
data/raw/doclaynet_hard_negatives/doclaynet_train_b44f2da51a8579480b14.png,train,doclaynet:EP1499940B1.pdf,3,narrative_document,0,doclaynet,patents,patents_ep,EP1499940B1.pdf,2,47f2c27f9889cb344c133125d1d6e38d97a80de6947c65f1b76560ae6f6422ea.png,10e563141199631ccc808485bd36ebd67c7a75ac70b59ccb2066f1a279e648db
data/raw/doclaynet_hard_negatives/doclaynet_train_18d1f60aacffda6d4606.png,train,doclaynet:CN100539787C.pdf,3,narrative_document,0,doclaynet,patents,patents_cn,CN100539787C.pdf,9,a8ad103ef2d7695ca7b73e5dd0d21d77c108dfc5cb20bfac6540adaaaae888ac.png,c117739cb4c682d1e76787e89f7b725bcc47713ed5841787a8d953cedb103568
data/raw/doclaynet_hard_negatives/doclaynet_train_819b40bc4bcf02b6fc84.png,train,doclaynet:20200050104_AdobeOCR.pdf,3,narrative_document,0,doclaynet,patents,patents_euv_sensitivity,20200050104_AdobeOCR.pdf,98,58d2f2bb6785d0f13d74851e5632b56116fd82e84ce2217c6199ed3a1fb60561.png,95c7a7507eb61c93e66ade9756726ba10687cc820b15173c68c8e175b4340bb5
data/raw/doclaynet_hard_negatives/doclaynet_train_73c237a26efd1eaded61.png,train,doclaynet:7511179_AdobeOCR.pdf,3,narrative_document,0,doclaynet,patents,patents_superacid_pags,7511179_AdobeOCR.pdf,23,2194f9078b75181827403d2dc2626f9dc685452ec7269002dd0200ae90165934.png,435505737c4e582f32ff9cb63ea97ed637e0997f49de63e1abe8b3d87ac0e41f
data/raw/doclaynet_hard_negatives/doclaynet_train_280bd69e6effc0aa189e.png,train,doclaynet:20070148124_AdobeOCR.pdf,3,narrative_document,0,doclaynet,patents,patents_superacid_pags,20070148124_AdobeOCR.pdf,22,80bbd36847b3546028cc7273779b401e6e423bf26266f4d9f61c4a6ff30d0d61.png,d9ebb58d2c837cd8b3540bf8625dafae707409351f411662def6328d6bb52cfa
data/raw/doclaynet_hard_negatives/doclaynet_train_94dbc61411a8b044d39d.png,train,doclaynet:9250518_AdobeOCR.pdf,3,narrative_document,0,doclaynet,patents,patents_euv_sensitivity,9250518_AdobeOCR.pdf,85,9fa97388d982b05cb909a6b644152ca8a253f4fed9eaaa75ff92a3d45094973a.png,a283ca68937f707516b5668aa92ad2f0c4b81c1acca40a7f8e8c5698ac40ec7d
data/raw/doclaynet_hard_negatives/doclaynet_train_3db50c7b1d7ebd12b385.png,train,doclaynet:EP3800004A1.pdf,3,narrative_document,0,doclaynet,patents,patents_ep,EP3800004A1.pdf,2,9ddc63605a4913b13e851ed8f4abf8cdb544c7fb44ea7cd8e94b79f4d85e9409.png,9f4b0d8686aff59da8a1a24711c0f7831b46302482e0eb55c103c5fe9f97d62e
data/raw/doclaynet_hard_negatives/doclaynet_train_5c889ac3e27fdd59a841.png,train,doclaynet:4814382_AdobeOCR.pdf,3,narrative_document,0,doclaynet,patents,patents_superacid_pags,4814382_AdobeOCR.pdf,0,6a3713ed42dee4fb6054c35807d44d2b4384e16e8ed28fa9c010f06d748b099a.png,6e66518bda049f48411bdc5c1c26b8d0d98da845286eafe3f06da4a34afc1442
data/raw/doclaynet_hard_negatives/doclaynet_train_4e1771e0a92819a36ce5.png,train,doclaynet:20190163056_AdobeOCR.pdf,3,narrative_document,0,doclaynet,patents,patents_euv_sensitivity,20190163056_AdobeOCR.pdf,2,51f5828c157a5c46c2563a3ddd3ce6b11dbb6bdc73974694b8220944452d4a50.png,c7d0e104bf3cb1016f7bca2f3a8d8983d2033cec29d95c1cee7baf99a412eea2
data/raw/doclaynet_hard_negatives/doclaynet_train_6227c245f9b70c647c06.png,train,doclaynet:KR100613317B1.pdf,3,narrative_document,0,doclaynet,patents,patents_kr,KR100613317B1.pdf,5,80b5c5e7bf8b38aa786f960528c5bb2c15de82417d395600aa08b1ddfd2292db.png,907d4581be736ba0288f586f1cacaba524df8fb2d9252b71dec288d7fed1b5c1
data/raw/doclaynet_hard_negatives/doclaynet_train_db0320de0b7a6ec392ff.png,train,doclaynet:20050074487_AdobeOCR.pdf,3,narrative_document,0,doclaynet,patents,patents_superacid_pags,20050074487_AdobeOCR.pdf,45,efa36372da378266e1af4fdb49634739acfa1708677770897dfd34e6b05c3e7a.png,1d1d0357f7060f5d14562e5c9c018371717e8732ed5adbb5946766b686eac697
data/raw/doclaynet_hard_negatives/doclaynet_train_c2847cc7dedf77c75a70.png,train,doclaynet:8357805_AdobeOCR.pdf,3,narrative_document,0,doclaynet,patents,patents_superacid_pags,8357805_AdobeOCR.pdf,0,6fa589130e329a965c29b4b1b9570340e9628700853910ed8cea906736c709ef.png,aa0612614dbf3d17d427dac538c33f5195b6b9275ad419c66ef0b21740bf3614
data/raw/doclaynet_hard_negatives/doclaynet_train_7a20caa9a7e58df654a8.png,train,doclaynet:8993793_AdobeOCR.pdf,3,narrative_document,0,doclaynet,patents,patents_superacid_pags,8993793_AdobeOCR.pdf,3,76ab6592976113973b14f3753764bc8d47fb739e21a9a90d8ab41a6adcc25e11.png,69a3d97f875ed8b34c4e1a1b4e9ebb370046c5d39eb1935af2fdc7ec933ec771
data/raw/doclaynet_hard_negatives/doclaynet_train_a08849ab07e54d4bccf3.png,train,doclaynet:EP1499941B1.pdf,3,narrative_document,0,doclaynet,patents,patents_ep,EP1499941B1.pdf,1,cf34854c2622ba4e15ec73aec12714eb1e202dc1cb7f752d4cfed57bc97df283.png,62ab531aecd27d638e1998aa895c06fba577befb155f94ae27c00f31c923e818
data/raw/doclaynet_hard_negatives/doclaynet_train_03026efc10f6692ada90.png,train,doclaynet:10222696_AdobeOCR.pdf,3,narrative_document,0,doclaynet,patents,patents_euv_sensitivity,10222696_AdobeOCR.pdf,52,ce016380e710b9e076a85197e1d5d45887431afba2ad51ae16bcc7e3eb25966e.png,2140ccea6d7c9adde8117f49c043467ca835573289d8dc6a45607141813ba393
data/raw/doclaynet_hard_negatives/doclaynet_train_3819dfae102ceddfed90.png,train,doclaynet:WO2021000191A1.pdf,3,narrative_document,0,doclaynet,patents,patents_wp,WO2021000191A1.pdf,14,dd15613818625a8e63506a184c026294fe1773c577df7515868c47a0ca938436.png,95663892441b7db27cb308cf8861c860c9339ec95df03425732c733731c265b0
data/raw/doclaynet_hard_negatives/doclaynet_train_fd8891dfe5744e05161e.png,train,doclaynet:10883055_AdobeOCR.pdf,3,narrative_document,0,doclaynet,patents,patents_superacid_pags,10883055_AdobeOCR.pdf,4,4073c808543a2f732bca1ddf8552d386bcfab9ed363ea2786f70cc0209f863c0.png,fbe0f88528ce66716ba24cfb68e784831e8682d1cb8b7367645135bdddeccf41
data/raw/doclaynet_hard_negatives/doclaynet_train_6ebe28c9c9604b28fc56.png,train,doclaynet:7943176_AdobeOCR.pdf,3,narrative_document,0,doclaynet,patents,patents_superacid_pags,7943176_AdobeOCR.pdf,24,5525beebb1765ca2c8931a0bc57185bf4256565f5c2f5527959df61c1996233f.png,d9dbc959c6e3f6d731366c96feb9e1dd4a8b04ccd3530d89ce04f63606f63707
data/raw/doclaynet_hard_negatives/doclaynet_train_e7bf3ce954eb7df76c59.png,train,doclaynet:9660311_AdobeOCR.pdf,3,narrative_document,0,doclaynet,patents,patents_superacid_pags,9660311_AdobeOCR.pdf,33,a96d4860632d1e122f16072c7c1b7f24188b28fbe3e084b5fa1f7626cc4ea48d.png,2769b92ce5107e885e5143388bebb1c265e58a327ef8f6a053c6d67a2e2013c2
data/raw/doclaynet_hard_negatives/doclaynet_train_6b48f117ffd67242ae36.png,train,doclaynet:9932443_AdobeOCR.pdf,3,narrative_document,0,doclaynet,patents,patents_superacid_pags,9932443_AdobeOCR.pdf,0,0d36ee37687bc8f24e15bca46dc961c37220385e87b01919ba152daa725dfa34.png,a1fa92ecb48de7ad40d8a65e7cc5761d67074bde77b961d6b80577bb2292e845
data/raw/doclaynet_hard_negatives/doclaynet_train_23ea6abc2110efd2d479.png,train,doclaynet:JP2017066270A.pdf,3,narrative_document,0,doclaynet,patents,patents_jp,JP2017066270A.pdf,4,b1f7934c7079f7a0567a1dc833b0ae0f60ae0548fba66a4431adb11d26ed500c.png,ac2b3e603cc8790c50f521fd694bf2dec9e945a3121909b8d37f8d684b8771a2
data/raw/doclaynet_hard_negatives/doclaynet_train_45424cc3504b8ab6899d.png,train,doclaynet:9829796_AdobeOCR.pdf,3,narrative_document,0,doclaynet,patents,patents_euv_sensitivity,9829796_AdobeOCR.pdf,111,a89a38ed64551de6a9c9a76564f2f498ab460ff793b3140a10f87b4edb717f4c.png,3a6e576b0db30ea5638683283c756d17d88fbdc7c64152c6b7649aaf7758162b
data/raw/doclaynet_hard_negatives/doclaynet_train_89716d294922280443bc.png,train,doclaynet:8927801_AdobeOCR.pdf,3,narrative_document,0,doclaynet,patents,patents_superacid_pags,8927801_AdobeOCR.pdf,7,34be97da3de570dff742a402a3070944cc28bd7ac7f8315433b44c59d8aeb92c.png,9337d348ff7ab8e592243e94bc73fbf0cb760cd7d774a38c2d3453af8e69fecf
data/raw/doclaynet_hard_negatives/doclaynet_train_b0bad03ad339fd861378.png,train,doclaynet:EP3800005A1.pdf,3,narrative_document,0,doclaynet,patents,patents_ep,EP3800005A1.pdf,0,edbb282c156631380f96a489920c53005dbb3f84489f90c0e5776e7f553cffa0.png,5cfb5f5a26d3702ba78e3657f6fa21b723f469ca6cdf4e2ffec0481ab29b20a8
data/raw/doclaynet_hard_negatives/doclaynet_train_4d4d0f98d1fc73f1c9ee.png,train,doclaynet:EP2100020B1.pdf,3,narrative_document,0,doclaynet,patents,patents_ep,EP2100020B1.pdf,0,cc763b837dff490c1be0495af106f973b6637a100356d97d2a2afffc48be1fd3.png,bb9b037236d96a26fe70d348e77ebd01cd958e52084fcc1dc3fc2f76b596b629
data/raw/doclaynet_hard_negatives/doclaynet_train_bf4e8fbdd7e194c3a392.png,train,doclaynet:6939662_AdobeOCR.pdf,3,narrative_document,0,doclaynet,patents,patents_superacid_pags,6939662_AdobeOCR.pdf,35,154e4a8796635ec15dc4de00768b3541d0612fade4acd03abc69fee8dd607663.png,e79bd3907be0ba54ca49fcb4caafc33c16f43616334698f144abd0cc47dda227
data/raw/doclaynet_hard_negatives/doclaynet_train_b4e220be639311497f0e.png,train,doclaynet:10332688_AdobeOCR.pdf,3,narrative_document,0,doclaynet,patents,patents_superacid_pags,10332688_AdobeOCR.pdf,17,2ba02722c118b2f7e1272d5cac9412b3d6b2ad9e387eb57dd397566955f13c5a.png,369aa729eb2fd59def8f2fc2b750e766036ce2299c935202be8424d603f6075f
data/raw/doclaynet_hard_negatives/doclaynet_train_6e2c18ebc8a7fb325ed6.png,train,doclaynet:WO2020008103A1.pdf,3,narrative_document,0,doclaynet,patents,patents_wp,WO2020008103A1.pdf,57,e3d5e59d99632efbc5cab4b23b5b43b941528498c01489ad39560bf7f8838db7.png,0d78f79ce0d815ac5795062fcad137ac77e3f4777b17ad060e172442b00c49d3
data/raw/doclaynet_hard_negatives/doclaynet_train_1386d9a6784240d0ef8a.png,train,doclaynet:9981240_AdobeOCR.pdf,3,narrative_document,0,doclaynet,patents,patents_superacid_pags,9981240_AdobeOCR.pdf,26,b34166d83ac563dd09ffd49863b08a7dbd4dd725b590ad48b864bf69ff105177.png,437b6220f614c56895b570716fcd0166338270dc3643ed2a3762e1fc4e7964f9
data/raw/doclaynet_hard_negatives/doclaynet_train_590870f745160f86aa5a.png,train,doclaynet:20150093314_AdobeOCR.pdf,3,narrative_document,0,doclaynet,patents,patents_superacid_pags,20150093314_AdobeOCR.pdf,3,e82b6c2f49827c1708a4b523696a85505ad39da05dc6b0c13ff036113fa88c36.png,9a78708f6c7c168a666a2919588b160b833c0192344ad1ade2f61286403b49d3
data/raw/doclaynet_hard_negatives/doclaynet_train_22fb4957f16394bc96df.png,train,doclaynet:9557289_AdobeOCR.pdf,3,narrative_document,0,doclaynet,patents,patents_superacid_pags,9557289_AdobeOCR.pdf,0,e937b515383477e607fe551907a38b742faede385bb611f7ceadea7e0a2c5890.png,16d035872a759e0a881ea94d3801d8a3efa77a481cb68e0a8994902e836abe87
data/raw/doclaynet_hard_negatives/doclaynet_train_3b01e7ac405831db4950.png,train,doclaynet:20120186766_AdobeOCR.pdf,3,narrative_document,0,doclaynet,patents,patents_superacid_pags,20120186766_AdobeOCR.pdf,5,7959764431ae40d633c12ef3fc19d6f1d136172a15312664cf5f2c416bf404f1.png,97572a852f28fddc1757bada45f0c96a6c5e033acfe9d54b7531626b67769967
data/raw/doclaynet_hard_negatives/doclaynet_train_fdfe95a1b4e6c6b2057e.png,train,doclaynet:WO2020210022A1.pdf,3,narrative_document,0,doclaynet,patents,patents_wp,WO2020210022A1.pdf,0,490210ceeacc0b7145566cd78dbf035e3b94827628969a497e8896e5752ff273.png,042c022917ace87d256b3b2e6c34d964ab7b8be9213e3ac9a3a56bc8ab255754
data/raw/doclaynet_hard_negatives/doclaynet_train_455ffe1790968d7d1b37.png,train,doclaynet:WO2020008105A1.pdf,3,narrative_document,0,doclaynet,patents,patents_wp,WO2020008105A1.pdf,41,5ac3e0e0182e93daa86eecb414a6e3c87864ee9036728ea13f99811a8ee988f4.png,634745145e2435f5cddd90076dc1d91cbaa1db26c5d421a5b58d335a936f63f8
data/raw/doclaynet_hard_negatives/doclaynet_train_ac573cff4b11dabcb98e.png,train,doclaynet:WO2020081011A1.pdf,3,narrative_document,0,doclaynet,patents,patents_wp,WO2020081011A1.pdf,24,b99f26790c6e34f1ac357a2424ab768094d54edbbfcd942af1aa8e71ea5581af.png,9b709076de8f733491834cb6fac1dea953143b382f9ab87623aaeb2b80b5fc09
data/raw/doclaynet_hard_negatives/doclaynet_train_d11d475ddd428b650dfa.png,train,doclaynet:EP2100011B1.pdf,3,narrative_document,0,doclaynet,patents,patents_ep,EP2100011B1.pdf,6,89e52dfad6d43f80d395fbd97e01a0a645e5fb44028cc6c6d1f78f7c396c3844.png,9a366a08da6ae8b203be25bbde6a30457de4e7a633da81f886f815bed4857708
data/raw/doclaynet_hard_negatives/doclaynet_train_d5bfc47d79ae7e41c7bd.png,train,doclaynet:9468565_AdobeOCR.pdf,3,narrative_document,0,doclaynet,patents,patents_superacid_pags,9468565_AdobeOCR.pdf,2,86a7227decde6cce30929378bf5284904587e5b3db11dbfdfa5195c9746792c1.png,299a45c3f27a4df5063c6c86674fa744d0f97c4fd090daae89023f359ab7f685
data/raw/doclaynet_hard_negatives/doclaynet_train_5d3a6d51db11ca7973e6.png,train,doclaynet:5783111_AdobeOCR.pdf,3,narrative_document,0,doclaynet,patents,patents_superacid_pags,5783111_AdobeOCR.pdf,11,41e6c0c2d2176ccbc6c63162e0d7c4bbadecdbbbd60dd9b9559791140d2b5246.png,7adf7082f04e45f6b5086bd8e69961ce0cffd75bd548f95ebd5d1b1465fec98a
data/raw/doclaynet_hard_negatives/doclaynet_train_43d98ce2abcade134723.png,train,doclaynet:7098347_AdobeOCR.pdf,3,narrative_document,0,doclaynet,patents,patents_superacid_pags,7098347_AdobeOCR.pdf,0,2ad3d8bf4acd1cc1decdf9903e11a5ec38c99397b7ee250bb8989aaa008bc893.png,f883d29bb77a11462204c8bc80e78590a1ab8b1be33fcf4af701a0e9991d1e30
data/raw/doclaynet_hard_negatives/doclaynet_train_4e84374a7ad1e2f12f9b.png,train,doclaynet:10082736_AdobeOCR.pdf,3,narrative_document,0,doclaynet,patents,patents_euv_sensitivity,10082736_AdobeOCR.pdf,0,7bc91a81bef90bd3a6138c711e2767b3c557941e9aa510f39bea9690870f78fa.png,e6a9080abe90528c270ce16587357627f16bcdf4acfaa2d88ed9a0e2555df275
data/raw/doclaynet_hard_negatives/doclaynet_train_e2947ae314200dc194fa.png,train,doclaynet:9551933_AdobeOCR.pdf,3,narrative_document,0,doclaynet,patents,patents_euv_sensitivity,9551933_AdobeOCR.pdf,31,4021ddf2f2473ac8d191b0e990b619c0d4ce3561e22d054d4ed51df660b1008d.png,aef493cbfeb68251a55b84b69d17350013f2c7494d8db65e4065d4b40063d01f
data/raw/doclaynet_hard_negatives/doclaynet_train_a85605628b5259f9a5a4.png,train,doclaynet:8815974_AdobeOCR.pdf,3,narrative_document,0,doclaynet,patents,patents_superacid_pags,8815974_AdobeOCR.pdf,0,f938e5b686a87e564bdc5d71d8eaf2771cc9c1f2fdc4c09728f928e05979047e.png,f93a466ef85c191699099246cc5bd9746d95ba6021615f97548c84778794cdc3
data/raw/doclaynet_hard_negatives/doclaynet_train_3dc0ec9d062d0d8f74de.png,train,doclaynet:KR100613318B1.pdf,3,narrative_document,0,doclaynet,patents,patents_kr,KR100613318B1.pdf,8,285eaa615ab35750ad924c18aee72cce7723418efdc74e46560920cd98468c3e.png,cc31ad7f05ca121b881e0b6bbd506ccaba72a6b6f16b64bf966c6f8dd4857308
data/raw/doclaynet_hard_negatives/doclaynet_train_0d44283307a26ce90597.png,train,doclaynet:WO2020210017A1.pdf,3,narrative_document,0,doclaynet,patents,patents_wp,WO2020210017A1.pdf,20,77425a90d1abaeb9e7742aa49fe9de830b5e48d0431923cbdb184b11a9c2c228.png,2bb2ff975afeca47a8064ed3e3da4c549969ab306ef35ff88e5c69c60c9f285a
data/raw/doclaynet_hard_negatives/doclaynet_train_77c6f35f989da0653203.png,train,doclaynet:9557643_AdobeOCR.pdf,3,narrative_document,0,doclaynet,patents,patents_euv_sensitivity,9557643_AdobeOCR.pdf,47,df5407cc5dfe826cd87b755be1cd0486996d7deccef3104ab1d0a9981016e8ec.png,45830ada39d315a1e18c2e2f1f612086b8e20f9a028d7e7b262e693bb49ad796
data/raw/doclaynet_hard_negatives/doclaynet_train_4a9b888473b66edafd78.png,train,doclaynet:20150086912_AdobeOCR.pdf,3,narrative_document,0,doclaynet,patents,patents_euv_sensitivity,20150086912_AdobeOCR.pdf,96,97be6a63ad716b689e53a09cd1523a06d048e35c158ca0b6ce12ebf36fbadc16.png,835ea548501d95e81b45db3dc9372f855c11f29eb028e71592c6c1173d90a6ac
data/raw/doclaynet_hard_negatives/doclaynet_train_f9678197327c77361f59.png,train,doclaynet:9583325_AdobeOCR.pdf,3,narrative_document,0,doclaynet,patents,patents_superacid_pags,9583325_AdobeOCR.pdf,12,af89729307dc1fd6069f7a6b10efd0f1fc5e2a0a57accde53c55ff89e451efaf.png,97e5f859c45d2774f199ff21e5eca7bcf7de2f4db5439a46b072ae7a8bc02789
data/raw/doclaynet_hard_negatives/doclaynet_train_8c4c22a59639a64060fc.png,train,doclaynet:EP3800020A1.pdf,3,narrative_document,0,doclaynet,patents,patents_ep,EP3800020A1.pdf,3,8575491ab5084ccb57162dcbb238d058a8abb34570f5f07ca6ed3dcd035e18dc.png,44dd00e578a810b06ea52518726e1a28f87156d0226a54cdb37c195a977dbe5c
data/raw/doclaynet_hard_negatives/doclaynet_train_9ddc27186b6874ec877b.png,train,doclaynet:JP2017066261A.pdf,3,narrative_document,0,doclaynet,patents,patents_jp,JP2017066261A.pdf,8,40149ad7c42f9f1599cfb76b2158be4513c12e43bfbedccff30744334c6a3ba7.png,510b7af86094707016639ae23df209ba11b3cec1b4ca7ad392ccc012cb6df045
data/raw/doclaynet_hard_negatives/doclaynet_train_b6b7fa82578087e7501d.png,train,doclaynet:10180626_AdobeOCR.pdf,3,narrative_document,0,doclaynet,patents,patents_superacid_pags,10180626_AdobeOCR.pdf,30,b11265c1359ce305c7366108da7835c8c3c312d99f54dd549e8c4692f77ae45d.png,607642398b98bfcdea0233be703aea7a300cceefcbe0331928ff76b7e3164bbb
data/raw/doclaynet_hard_negatives/doclaynet_train_3e86d605943f7978b67a.png,train,doclaynet:20140021404_AdobeOCR.pdf,3,narrative_document,0,doclaynet,patents,patents_superacid_pags,20140021404_AdobeOCR.pdf,36,856ac8a3c26ac1127b83083c02b018633698241f25a4c7e96917b85cabe6ca99.png,edde75218251c7aaacfb932355b0a6645e6ba1599f42b9cf24c3760bbef4ee53
data/raw/doclaynet_hard_negatives/doclaynet_train_1660e6e4b6a6b177d001.png,train,doclaynet:10303056_AdobeOCR.pdf,3,narrative_document,0,doclaynet,patents,patents_euv_sensitivity,10303056_AdobeOCR.pdf,20,35c74b995ffcd7d07e679d4eaa24bcf5b4a149d1484a372088bab4b9da3d6326.png,7bfb9b5b5dd6d9621afa5dcc0b383319329d46869ab28758992eeeb3fbcbbb99
data/raw/doclaynet_hard_negatives/doclaynet_train_2fe292cc5b00aa9077c2.png,train,doclaynet:8785686_AdobeOCR.pdf,3,narrative_document,0,doclaynet,patents,patents_superacid_pags,8785686_AdobeOCR.pdf,2,91ddc6a666dfd58574f7e5b5334b51efd68772d0b0d94f0f581d85c9bca4f764.png,2abed8893bb2de0fe48db5eb1ddbe046f45e6e1f4992b7616403a0d3b13c1293
data/raw/doclaynet_hard_negatives/doclaynet_train_332572eec0a9c127f89b.png,train,doclaynet:6248810_AdobeOCR.pdf,3,narrative_document,0,doclaynet,patents,patents_superacid_pags,6248810_AdobeOCR.pdf,8,8f0d1b0f3ad9759b7fcaeea618822c4a89b9f2b78ba4a0a33179b537629e617e.png,9dcd1d04d19f547b1c76e2f206885ec32b6030bd16d535cc470cdd7bdf166567
data/raw/doclaynet_hard_negatives/doclaynet_train_beb6dc4e54754095f021.png,train,doclaynet:20200209747_AdobeOCR.pdf,3,narrative_document,0,doclaynet,patents,patents_euv_sensitivity,20200209747_AdobeOCR.pdf,97,1ddbea41cf204bf211376a7cda455702d423995166aea79d41af49df0aa57e6a.png,ac1199e4d7cda28d10f273df681651574c2853062828e41af5caca096ef5273f
data/raw/doclaynet_hard_negatives/doclaynet_train_fcbe8e8856dec98b0513.png,train,doclaynet:7541131_AdobeOCR.pdf,3,narrative_document,0,doclaynet,patents,patents_euv_sensitivity,7541131_AdobeOCR.pdf,22,d4d20c62fa4a93c0c5874b22301e2d06db3e2e412872b4876693b69768168e46.png,322a3e68a6384aec067c1ced9915978359d351ecac8456766f58c4ff82aa9e25
data/raw/doclaynet_hard_negatives/doclaynet_train_c69e53b2f7815cfdf7ff.png,train,doclaynet:9993863_AdobeOCR.pdf,3,narrative_document,0,doclaynet,patents,patents_superacid_pags,9993863_AdobeOCR.pdf,5,e36f22143aff292771eacb5e81e000621aa6d77e8add4238bb810d43d4d192f3.png,e4c4c7ce5c079b8300efa884ce0185758cb58a0eec038850584a6331a6b6cde6
data/raw/doclaynet_hard_negatives/doclaynet_train_0701e12f72f8383e0847.png,train,doclaynet:9046772_AdobeOCR.pdf,3,narrative_document,0,doclaynet,patents,patents_euv_sensitivity,9046772_AdobeOCR.pdf,7,ba62f066f3bc9ffaeaef5afcacd338eb5b596f10ff4f47f4d77ef1b5ba8f192d.png,6ae2b32606a2411fef0c971dfa4e78a0dbd3bdbcebfeca18e8a33bb843aef4cf
data/raw/doclaynet_hard_negatives/doclaynet_train_126939bb37fa0983dcd3.png,train,doclaynet:20110008728_AdobeOCR.pdf,3,narrative_document,0,doclaynet,patents,patents_superacid_pags,20110008728_AdobeOCR.pdf,8,4d982024cc1aba2f074d629183fe3074c7bab56d59013b2a7924bd6754642080.png,d00a9153f5af7ad4a6ed97d1250e0d10a4ffe91b02d9ffb3437fa0354e32a9ad
data/raw/doclaynet_hard_negatives/doclaynet_train_33ff42238b6398c0402f.png,train,doclaynet:8092656_AdobeOCR.pdf,3,narrative_document,0,doclaynet,patents,patents_superacid_pags,8092656_AdobeOCR.pdf,16,ba6a9cc3d45263fb2d01a2f76fd77513282016c32d22770e41044bc2c12e6b83.png,04aa19c653a003b476536210ac5003fefc4a4a370ff2c28f2753a4aba7653dfc
data/raw/doclaynet_hard_negatives/doclaynet_train_fcaed84715bfe3bdfaa8.png,train,doclaynet:7404910_AdobeOCR.pdf,3,narrative_document,0,doclaynet,patents,patents_superacid_pags,7404910_AdobeOCR.pdf,1,e2888056c7999aae8d128dcd7bf5645e55c0e43c66021f90359dac0ad11faa5b.png,ed690372b4205dd9c444260b571fd671c5470d911b64c7c75cee3f15afbcb97f
data/raw/doclaynet_hard_negatives/doclaynet_train_471dbfd686500b0270d2.png,train,doclaynet:20180228700_AdobeOCR.pdf,3,narrative_document,0,doclaynet,patents,patents_superacid_pags,20180228700_AdobeOCR.pdf,13,fcc1741d185bb3f4be8473a4e4345d7f278fd0583f9aa0887f5450cd9947b6da.png,cf355544b21944fb620bcfe33ef702d30d4ba4f87469101ad403217959c5621a
data/raw/doclaynet_hard_negatives/doclaynet_train_8ed2fa81002181799e85.png,train,doclaynet:EP2000002B1.pdf,3,narrative_document,0,doclaynet,patents,patents_ep,EP2000002B1.pdf,24,3c77b9aec204f055f9e1030e3093abd1cc901b3339bb71940ee272000da27a34.png,4953b76d798545f2c4feb92fa4754f735d445fb3c99ff3b8ad8f9cbfd1a4f389
data/raw/doclaynet_hard_negatives/doclaynet_train_727a3315ab01bd5ea3fd.png,train,doclaynet:4281117_AdobeOCR.pdf,3,narrative_document,0,doclaynet,patents,patents_superacid_pags,4281117_AdobeOCR.pdf,3,58b32d40c9d73471c298d3a8e7f090619c1774b11e4ec11660e5a73aba0e4461.png,85de6075d8c9f4c5db4c265ff92a506d735fe0018a8a3e0a5452c14412a7ead5
data/raw/doclaynet_hard_negatives/doclaynet_train_79aebb68254a7df9967c.png,train,doclaynet:WO2020021004A1.pdf,3,narrative_document,0,doclaynet,patents,patents_wp,WO2020021004A1.pdf,15,5552c0b55b287ea44695f0a8478386cabb3019a1b77c799c7ebe67657269212a.png,8214b6f75ec0514891c7d0a2a1e6c971174d55bb09d19c920e18eb6e35a3366a
data/raw/doclaynet_hard_negatives/doclaynet_train_733b3daa7c6f0fd91b99.png,train,doclaynet:20140364548_AdobeOCR.pdf,3,narrative_document,0,doclaynet,patents,patents_superacid_pags,20140364548_AdobeOCR.pdf,8,98745984c0d140ba073b32b1565f1155d6e5872235743e90f08763d97cba1511.png,702530113ff36a309854dadf10f07d298bd82b5c7f80faef9ef02c7473822331
data/raw/doclaynet_hard_negatives/doclaynet_train_616add320ca497873169.png,train,doclaynet:KR100680004B1.pdf,3,narrative_document,0,doclaynet,patents,patents_kr,KR100680004B1.pdf,1,c004ee2819e52eb2386b5f75c53bdee6556a1eceec21e3bf8cd5d7e1089c5ce0.png,57df1e2102d50495c5976faa7c7bb1eda3552d3fbd521872576075bbf4483f7e
data/raw/doclaynet_hard_negatives/doclaynet_train_823ca509c703111ac09f.png,train,doclaynet:20130164674_AdobeOCR.pdf,3,narrative_document,0,doclaynet,patents,patents_euv_sensitivity,20130164674_AdobeOCR.pdf,12,b62add66eec20095cc4458ebe062dbb0298835af3341e316d65430749c805d14.png,758e45d5269b0bee8ebcf73cbbefdcc2038230daa6df6b318b2d279d362f38bc
data/raw/doclaynet_hard_negatives/doclaynet_train_e1f2f19da5695037349e.png,train,doclaynet:20190243238_AdobeOCR.pdf,3,narrative_document,0,doclaynet,patents,patents_euv_sensitivity,20190243238_AdobeOCR.pdf,7,e00657d1d78af0f575e6040612c0720e355c596f689c4cf9424e7758d20d553a.png,ddc90c4f22df328c5e4da6807e0e0edc52d1e51a9ae786b84a52b1fcc6c85c7d
data/raw/doclaynet_hard_negatives/doclaynet_train_6a63aa9d0fe11c9efe48.png,train,doclaynet:7495101_AdobeOCR.pdf,3,narrative_document,0,doclaynet,patents,patents_superacid_pags,7495101_AdobeOCR.pdf,0,9b23d4c146277372ebbeded8e22cdf377816f8830a2dea022f5b401262d918dd.png,713438fd55397c5850f47f24f0e1645d17d1abf0e09e8c4459a0a94f896f731d
data/raw/doclaynet_hard_negatives/doclaynet_train_419ee97fa32c8af68824.png,train,doclaynet:8546063_AdobeOCR.pdf,3,narrative_document,0,doclaynet,patents,patents_euv_sensitivity,8546063_AdobeOCR.pdf,64,75ed8ca87bca213a37fc46c990be4d477703cd967596f23693238d7f474b6f4d.png,40bb211f3cfccb4937866004224b9f744b1bacbce47b0c66a8d9f562eeea8bbd
data/raw/doclaynet_hard_negatives/doclaynet_train_2b887e6958b248f0b446.png,train,doclaynet:9411230_AdobeOCR.pdf,3,narrative_document,0,doclaynet,patents,patents_euv_sensitivity,9411230_AdobeOCR.pdf,39,2b5037fe8ad526be777aa2fbe8d73794fa48d66a03852e22e63de1e7a2319f24.png,3c3e0ba0d2a7d0a5129ab7a8068f387909e7cd11af9109b8710536f2d421530a
data/raw/doclaynet_hard_negatives/doclaynet_train_f19b8d3b5e79e618265d.png,train,doclaynet:WO2020021005A1.pdf,3,narrative_document,0,doclaynet,patents,patents_wp,WO2020021005A1.pdf,55,6d335b446b585a1e7402cb0e9db9f48a5e665d266a5ca1d52feca840a05fa804.png,39310ecf26554a0057da8bbd0d004f0376ae1f6f384ff1b858421143f6084c51
data/raw/doclaynet_hard_negatives/doclaynet_train_1ba2676d9d00aab2e635.png,train,doclaynet:20080067077_AdobeOCR.pdf,3,narrative_document,0,doclaynet,patents,patents_superacid_pags,20080067077_AdobeOCR.pdf,2,c8d609eff3e1dad0429a0ab4899bf2e3dc06bb08740483cb85282ae558bfab81.png,b51d8ac3e28b2eebbacafe0322e385fa163f24a7b2f2cd11e6af4a314c0ebd3b
data/raw/doclaynet_hard_negatives/doclaynet_train_cfd438de664e6ee1e474.png,train,doclaynet:WO2020210016A1.pdf,3,narrative_document,0,doclaynet,patents,patents_wp,WO2020210016A1.pdf,18,b4da35020e9c9a80f8381e7b087820db971c55a6c37e0b9828de9c5e905da2ab.png,88f123bfc8543842072e7a3869bf15e08a8e5cab2e8e5e60065abc886990d714
data/raw/doclaynet_hard_negatives/doclaynet_train_2782840d1af577163aad.png,train,doclaynet:10007180_AdobeOCR.pdf,3,narrative_document,0,doclaynet,patents,patents_euv_sensitivity,10007180_AdobeOCR.pdf,66,ee17e9f6913a04f9d052a9490845a4516dcd15af80a877480336034de3c7d35b.png,63d2937dccc11c0f9307c4c3f71dea8c1a94253e0ea265b44948433a9c17ecf0
data/raw/doclaynet_hard_negatives/doclaynet_train_f4f7bb2d01b8d62aca35.png,train,doclaynet:EP3800003A1.pdf,3,narrative_document,0,doclaynet,patents,patents_ep,EP3800003A1.pdf,11,7a8ee168572d7376e0efbab370eebd02db2e9c0430f492d05900061b68a86d74.png,72043865258cf5705339d2b1230989bf3b8345d3778942319e6c91819fee98df
data/raw/doclaynet_hard_negatives/doclaynet_train_f55f34c1472c0adc8710.png,train,doclaynet:20070072121_AdobeOCR.pdf,3,narrative_document,0,doclaynet,patents,patents_euv_sensitivity,20070072121_AdobeOCR.pdf,27,34ea1279b54f9dc1190685dca077ddfb08cdd9caa1f809f5d6cc74f937219df3.png,10a05451ae5417399c515b279c41ff7500f923fa63fe0d6f278bed583ac480e5
data/raw/doclaynet_hard_negatives/doclaynet_train_7c245cdd8606a2420b81.png,train,doclaynet:20190262453_AdobeOCR.pdf,3,narrative_document,0,doclaynet,patents,patents_superacid_pags,20190262453_AdobeOCR.pdf,51,acf0db4480322bc68aec8a54c5f8ac9774f6251ec8d57715ef462ca3b5012acc.png,b43e8357df76ad0aa6f4afb027a9d06cdff6dadc0063ec0c45f5d56f92bd6e69
data/raw/doclaynet_hard_negatives/doclaynet_train_2ef00b8519ef9980cfb5.png,train,doclaynet:8552137_AdobeOCR.pdf,3,narrative_document,0,doclaynet,patents,patents_superacid_pags,8552137_AdobeOCR.pdf,0,c3dfb1da1f58d401be4b13210300131c24a3b0ff56509dc3b2d73e94146bc5bf.png,a5b7130a9f454e284eb4becda74a2a7fd0a25806cce9110de34c5ca115ca1c9e
data/raw/doclaynet_hard_negatives/doclaynet_train_7ea2945f7de169edfbea.png,train,doclaynet:4024193_AdobeOCR.pdf,3,narrative_document,0,doclaynet,patents,patents_superacid_pags,4024193_AdobeOCR.pdf,4,389129b3289d3ffbe03895713247bdbe8c95045881566eda89de94a5a11019cd.png,0418c76b9d749859e3965fe09020af3fd5987ccd2ae72240872186e140dba00f
data/raw/doclaynet_hard_negatives/doclaynet_train_85c3bd82716074a57c05.png,train,doclaynet:5925690_AdobeOCR.pdf,3,narrative_document,0,doclaynet,patents,patents_superacid_pags,5925690_AdobeOCR.pdf,10,17fe802ce32f03173674d156f1e477683254105beca53068c3517bebe570790a.png,7fa9656c9f202fb38da803e69da424fdb3cef759c6f1d87256f04e12395902fc
data/raw/doclaynet_hard_negatives/doclaynet_train_ecc028571f24539e978e.png,train,doclaynet:8992970_AdobeOCR.pdf,3,narrative_document,0,doclaynet,patents,patents_superacid_pags,8992970_AdobeOCR.pdf,42,357bb596c99c3205d57c1427cf1adaaae12fcbef5718b7e3241a3a5bdeddc199.png,05fe9d79107bf22ff574d9ded6203284fff3dd6d43dd423c73c05a9acebe3cf1
data/raw/doclaynet_hard_negatives/doclaynet_train_18e2984ddceb4bdbb0e6.png,train,doclaynet:20190204738_AdobeOCR.pdf,3,narrative_document,0,doclaynet,patents,patents_euv_sensitivity,20190204738_AdobeOCR.pdf,63,b40ad87a4eeb63fc8fd5a3e9f397f6ce43c5fbb2314aefbf6b728587123ced7d.png,edfce3d908610228a8007daaf0be427308612cc6c5e15e4fe03e8c8382641810
data/raw/doclaynet_hard_negatives/doclaynet_train_c152e78f12e2ca5d62f9.png,train,doclaynet:7217493_AdobeOCR.pdf,3,narrative_document,0,doclaynet,patents,patents_euv_sensitivity,7217493_AdobeOCR.pdf,11,e9aee00ded0c49b84c9a7dd572ad187d76f64f839d1f10015cdd25a2a6fd8f6e.png,f6df517e3216109f6f8afa5b890c77a7bae1ad0a6f18049dee011cbd7d232018
data/raw/doclaynet_hard_negatives/doclaynet_train_552071fb9abd3f8e8d1a.png,train,doclaynet:4618481_AdobeOCR.pdf,3,narrative_document,0,doclaynet,patents,patents_superacid_pags,4618481_AdobeOCR.pdf,0,064e64c1f9b8baf8788bef6e08f5f8158a73eadf7882e07579bfd6ccb95036a6.png,767790e383c3152251a55194f908ecf62946ee7f347a71e57980af3e1498200c
data/raw/doclaynet_hard_negatives/doclaynet_train_e5b4b3a7522556e6b4e8.png,train,doclaynet:10754248_AdobeOCR.pdf,3,narrative_document,0,doclaynet,patents,patents_euv_sensitivity,10754248_AdobeOCR.pdf,52,c674e87530e1b096562d12afdc6b290c65728953817f1ac9c8ed34fa154ac5e3.png,e9d3c33f63671b8df140e417e753186e2e2f153f2a83b9bcf8f46d1a1d0f2977
data/raw/doclaynet_hard_negatives/doclaynet_train_4483eb9e400240584342.png,train,doclaynet:20200260722_AdobeOCR.pdf,3,narrative_document,0,doclaynet,patents,patents_superacid_pags,20200260722_AdobeOCR.pdf,4,7411da786f7e848023106c2bf20cd2c825aa4320cba067c4011e479a2ee3eb15.png,ad3d608ce22b21bc83296bc426444960f3ee1995a8a1a87daf60bbb841074372
data/raw/doclaynet_hard_negatives/doclaynet_train_8f81f28b5df549407eaa.png,train,doclaynet:WO2021082855A1.pdf,3,narrative_document,0,doclaynet,patents,patents_wp,WO2021082855A1.pdf,9,72a42448f947242d3aef16e4aa205454c7b02bc8f64fc3aec3bdf88d6d0166bc.png,5fe99c8d57daefcf3a3d53dd37f3457cc30a2041b85d2f42bf854df9b810ca38
data/raw/doclaynet_hard_negatives/doclaynet_train_bd0ec0e824a0ffb094b2.png,train,doclaynet:8138330_AdobeOCR.pdf,3,narrative_document,0,doclaynet,patents,patents_superacid_pags,8138330_AdobeOCR.pdf,35,51bc06a794caeb3150bac512877a6d9d9fde59422369cfe9c9901145df8ae234.png,9da1ebe7dd712606d4b98c660ef6c24f7cd95c8694d460fcf627f5b7204a2ebd
data/raw/doclaynet_hard_negatives/doclaynet_train_c7099efa3eafc52bfb87.png,train,doclaynet:WO2020021006A1.pdf,3,narrative_document,0,doclaynet,patents,patents_wp,WO2020021006A1.pdf,15,f00289bfceae93d3ace0cb55f70bed428495bb49c9700772784c63e6f9f1de4d.png,8d30296e874311070c647ccf10fe1bd87f95e3c4a45aac80595056fb24565608
data/raw/doclaynet_hard_negatives/doclaynet_train_503448b011b30271944f.png,train,doclaynet:3205278_AdobeOCR.pdf,3,narrative_document,0,doclaynet,patents,patents_superacid_pags,3205278_AdobeOCR.pdf,0,b3327309acc425f35da6b1c3af20867eaa7f9dc04b3457ecca2ed9207ac5a60c.png,ae5b31abc854cf1f23f5c1ad0780d7613462e7aaa210004a283a29867f8ec651
data/raw/doclaynet_hard_negatives/doclaynet_train_a28596d19a23671274f7.png,train,doclaynet:10845704_AdobeOCR.pdf,3,narrative_document,0,doclaynet,patents,patents_euv_sensitivity,10845704_AdobeOCR.pdf,10,d1d510413d4606ba0ac65fe46e474961791e92124c79a6bcf91b1c70179fcf91.png,9589c1dad436f45dd91883e182c7cdfc3997b8742b77d65b2230e86979c4130d
data/raw/doclaynet_hard_negatives/doclaynet_train_9b3967492674b02fd66c.png,train,doclaynet:9097971_AdobeOCR.pdf,3,narrative_document,0,doclaynet,patents,patents_superacid_pags,9097971_AdobeOCR.pdf,65,4867f5d6e4d5e2c748bffed8d68ca6f991ac25490507a4e40b874d44e0b971fb.png,8d5461f09aac17f85e4b23407f2dc72fe3f20fdc276c93d91a1b24fd6fda20a9
data/raw/doclaynet_hard_negatives/doclaynet_train_a33bfdb83d491557491b.png,train,doclaynet:20200139427_AdobeOCR.pdf,3,narrative_document,0,doclaynet,patents,patents_superacid_pags,20200139427_AdobeOCR.pdf,1,4abbcd71fbb0b97265f24ddfe680c73996470f7e1243795914b7922b197240a9.png,a6b357e873cd9752580977ef5d2dd232e3ec9af33e4e55494f6ce8c425758784
data/raw/doclaynet_hard_negatives/doclaynet_train_c8c80ce0757467d5bc7d.png,train,doclaynet:5721317_AdobeOCR.pdf,3,narrative_document,0,doclaynet,patents,patents_superacid_pags,5721317_AdobeOCR.pdf,0,8c6a3a055d3766808b13e92a5c009a37550eb50820a0b889aaa24a7425965d54.png,752cb5f5d9025a794b25a57e5d2a8c3c3564038a992d8bdeae222a81a21623ac
data/raw/doclaynet_hard_negatives/doclaynet_train_c0d050aa119901822376.png,train,doclaynet:10035971_AdobeOCR.pdf,3,narrative_document,0,doclaynet,patents,patents_superacid_pags,10035971_AdobeOCR.pdf,6,5cb2bae2b7b59fc52999fc553e5bb86f1c856ef29ca5ebd642150a1f12a96a33.png,8f3a985885248999a8bd6568af2c33806f2f9701c443ef52a75a491a9735c463
data/raw/doclaynet_hard_negatives/doclaynet_train_c0b21d8788115e81e052.png,train,doclaynet:20140030643_AdobeOCR.pdf,3,narrative_document,0,doclaynet,patents,patents_euv_sensitivity,20140030643_AdobeOCR.pdf,53,45c75d4afda08b943016d038acd4b2c946bcf4b80f2d9ab633970b237ca65231.png,afd8f6b8045da714ceda7ca01c337436eef3bd7c2e7afc2bb8c8e1c81237ca8d
data/raw/doclaynet_hard_negatives/doclaynet_train_7f7a73cc50e9b66232b5.png,train,doclaynet:9804493_AdobeOCR.pdf,3,narrative_document,0,doclaynet,patents,patents_euv_sensitivity,9804493_AdobeOCR.pdf,9,b28b4327377fc66505f7b0e60d0ec19b666a414e301b6349aac4463424766871.png,293f1288bf9406951355b808b93a0f6aad60d593909115a8b938dc99f729b5ce
data/raw/doclaynet_hard_negatives/doclaynet_train_b924a9a4045f415c2376.png,train,doclaynet:8962233_AdobeOCR.pdf,3,narrative_document,0,doclaynet,patents,patents_euv_sensitivity,8962233_AdobeOCR.pdf,55,d7cc14bab2949627ee8d3862d9b19ce078e83971f403376ba8ac37a6052e3224.png,4cd9d61dad3afc2f496cbc3450d084feb9b8fa449a0534d24562ea42c3d1e040
data/raw/doclaynet_hard_negatives/doclaynet_train_fe633da98d97172dd5e3.png,train,doclaynet:WO2020210024A1.pdf,3,narrative_document,0,doclaynet,patents,patents_wp,WO2020210024A1.pdf,15,e4d463237e3ac3ff16d3c3beb4936085367f7931978b0885bd87b534943eaa0f.png,602ca8b2a298ecc97109f3a078d97ebf6e16eff95086996dc18d477ee52af027
data/raw/doclaynet_hard_negatives/doclaynet_train_9b0a73d3a586b2b08958.png,train,doclaynet:10606172_AdobeOCR.pdf,3,narrative_document,0,doclaynet,patents,patents_euv_sensitivity,10606172_AdobeOCR.pdf,48,581d35abc3437c3e029980c2cfb8560d1eb2d44aa878da840985086a4740199f.png,0d89abc3b1d9595423b04c750b6eb2528cb1595daff472115004251b3652eab8
data/raw/doclaynet_hard_negatives/doclaynet_train_3bb54d6f84417f2271db.png,train,doclaynet:9989847_AdobeOCR.pdf,3,narrative_document,0,doclaynet,patents,patents_euv_sensitivity,9989847_AdobeOCR.pdf,49,f28881f8c0429ddd075f14d8a5ea5d536cae28645729b10a1b3dc980e55c108c.png,4b47a3b3932573d1795c283a548aa432a94a78731c3b0522a1b0193d080a053c
data/raw/doclaynet_hard_negatives/doclaynet_train_c0d0c5e2f8e9069b7194.png,train,doclaynet:3382228_AdobeOCR.pdf,3,narrative_document,0,doclaynet,patents,patents_superacid_pags,3382228_AdobeOCR.pdf,0,faa1ebe2ffaf6c5763411b891b9174e305401364ac7e4764f2fd547fe8470392.png,2010b1e2ec9b4d95c7c391e50f83eb793f0198c1f71adc812de53b54f6d6640a
data/raw/doclaynet_hard_negatives/doclaynet_train_317154a9c0bc6993892c.png,train,doclaynet:20190235380_AdobeOCR.pdf,3,narrative_document,0,doclaynet,patents,patents_superacid_pags,20190235380_AdobeOCR.pdf,24,b3a03f2a12ab66d3474d3e23fc0c40595e0b0dfc0f0b9fdc3bab219219562e29.png,a89335f7424b80f3632a17e86082cf724aac416c43755484f1da65962b1311f2
data/raw/doclaynet_hard_negatives/doclaynet_train_ac32f3a64ad9bb056e87.png,train,doclaynet:5663424_AdobeOCR.pdf,3,narrative_document,0,doclaynet,patents,patents_superacid_pags,5663424_AdobeOCR.pdf,8,ebf717a063de8db3a211f07167ec92a16b07c01ebfd51b80bd7260910d7448a0.png,d95633461a927064ed32393b0ecd2fd46b372309921a516485490aacba11ecb6
data/raw/doclaynet_hard_negatives/doclaynet_train_3d4fd607f87bd7b7148c.png,train,doclaynet:10710971_AdobeOCR.pdf,3,narrative_document,0,doclaynet,patents,patents_superacid_pags,10710971_AdobeOCR.pdf,0,a8759c952a6c2500e4f70c1d4dd8486eeded1028c8ff13dd9c958494e557dab4.png,b17f2fdded1dc3035140f36d5b6abbe3dcd22d97a78f280ba36288fc2349ccaf
data/raw/doclaynet_hard_negatives/doclaynet_train_aa5b87723f4c981be297.png,train,doclaynet:9394339_AdobeOCR.pdf,3,narrative_document,0,doclaynet,patents,patents_superacid_pags,9394339_AdobeOCR.pdf,11,29e94ea51272f1b47f35cb69a7f8fd4d7518b510aaa1a64e074d8e996bad4abe.png,e1f75bd9d304745690d92e18383601920b7e8d9dbb60f35bb44f234e0add683a
data/raw/doclaynet_hard_negatives/doclaynet_train_410e3eb377696d40bed1.png,train,doclaynet:20100210871_AdobeOCR.pdf,3,narrative_document,0,doclaynet,patents,patents_superacid_pags,20100210871_AdobeOCR.pdf,12,63c0f481dd2b98befbde8cb226223ea7adb5c6afac96279adef27fa7b8bb9fc2.png,b7f32b57f46cf7213b74a60867bec01548cc5ce6f796b012f6c7f68340d106aa
data/raw/doclaynet_hard_negatives/doclaynet_train_f0c33845c1d9898b55b2.png,train,doclaynet:WO2020081009A1.pdf,3,narrative_document,0,doclaynet,patents,patents_wp,WO2020081009A1.pdf,11,8e39daa24cf829e2c5fadbdc3914be4accab80255dc71e571a758862b4e1c036.png,587bcbcfbeab25649a4c58f706fc41560f04ee7540c426dc64b092fe72e69be4
data/raw/doclaynet_hard_negatives/doclaynet_train_ca213aa430fe858356ec.png,train,doclaynet:9045650_AdobeOCR.pdf,3,narrative_document,0,doclaynet,patents,patents_superacid_pags,9045650_AdobeOCR.pdf,0,85d126172862beddfe6d6a39b417519ca8fd088a74238083ea1c160b88495d80.png,39854cf568be6b72c5d7a856ab7a294ec216d242cfd76ed84bb77002deb03bbd
data/raw/doclaynet_hard_negatives/doclaynet_train_e56cfca0bcd3fb74eebc.png,train,doclaynet:EP3800017A1.pdf,3,narrative_document,0,doclaynet,patents,patents_ep,EP3800017A1.pdf,8,eb1c673e2ea12d20300e1dbf78725ff8c3fefc0ce50a557cc5c09451e1a4850e.png,86f2ea2b0205de1d85dbc5cc911cbbc6296904775db42b7cebd0a576a29e8e2a
data/raw/doclaynet_hard_negatives/doclaynet_train_9b21939b43dc6c530f3b.png,train,doclaynet:WO2008103129A1.pdf,3,narrative_document,0,doclaynet,patents,patents_wp,WO2008103129A1.pdf,2,25fa47530948c329fc8a5be1147c1c2e484688a8f58c447c91dfc164f46f0113.png,0d695f3acb37f37fbabdf5d19430d72f035b580d1376858fa32f97f6fc8595d9
data/raw/doclaynet_hard_negatives/doclaynet_train_1e7f5370e39f4d2818ad.png,train,doclaynet:20200117085_AdobeOCR.pdf,3,narrative_document,0,doclaynet,patents,patents_euv_sensitivity,20200117085_AdobeOCR.pdf,3,138543744a306caa4b038a7bee698a34906460522e3c3d089618c64dcd8ee5ba.png,fed7c1b765cefa4771674c892693e8e3ee2b764062ad192a8c84c55e658044bc
data/raw/doclaynet_hard_negatives/doclaynet_train_677cffa9df710ed503af.png,train,doclaynet:5763670_AdobeOCR.pdf,3,narrative_document,0,doclaynet,patents,patents_superacid_pags,5763670_AdobeOCR.pdf,3,ec77041a390d6fdf508888e14fc14c64a5652d818101e3fd92f16c41f751bcbc.png,c1a66703dc1f8d8f506532c32807b9c590083bdd61658a7df771fd1c38575f6d
data/raw/doclaynet_hard_negatives/doclaynet_train_80ac7a2729d59489f179.png,train,doclaynet:7371273_AdobeOCR.pdf,3,narrative_document,0,doclaynet,patents,patents_superacid_pags,7371273_AdobeOCR.pdf,0,793e0bcc5059acac0498895fb7514fb7a90a6798c82e3f52cc1ec1c5a7ccaced.png,3ef7766f982dc4af9bc84932d87625dff0b7d9b6d29abbf33170c8b54280cc78
data/raw/doclaynet_hard_negatives/doclaynet_train_c211880b3443dff2aea7.png,train,doclaynet:9938520_AdobeOCR.pdf,3,narrative_document,0,doclaynet,patents,patents_superacid_pags,9938520_AdobeOCR.pdf,15,a035b59eac5e19b57601e0eab4b978f0857e811d7f30b68676efa7a7ec60854e.png,d3f8a43d6b734d0d5709f2f50d405c0912a5c8350b0203a2d628a9b9d1d42342
data/raw/doclaynet_hard_negatives/doclaynet_train_669f565061de937acf7d.png,train,doclaynet:9311949_AdobeOCR.pdf,3,narrative_document,0,doclaynet,patents,patents_superacid_pags,9311949_AdobeOCR.pdf,0,5b86316d9217f5a613b80a0c0a37f505f2163f10d79e4bb420bbdc416f86bea0.png,cdc7275dfcd58fc8541e407d398fc6018620537472d91ed4c3382ab0e6e31afe
data/raw/doclaynet_hard_negatives/doclaynet_train_952b668fd6ed163e612e.png,train,doclaynet:9249251_AdobeOCR.pdf,3,narrative_document,0,doclaynet,patents,patents_superacid_pags,9249251_AdobeOCR.pdf,17,b6b546580443709247a30d09b7100b1b5941d38641421d40c238c6496363df5a.png,31632951076c9d0ec5016d443da68dcec1ff8c0f0508c5229adde821891053de
data/raw/doclaynet_hard_negatives/doclaynet_train_df9667095541fb703028.png,train,doclaynet:3251895_AdobeOCR.pdf,3,narrative_document,0,doclaynet,patents,patents_superacid_pags,3251895_AdobeOCR.pdf,4,85f07032d1e0c9e1fa184c37868df22232c2a1ba016485066a17f676308dfea7.png,47959b2d4f0cef2839af99e5ed158582038dc9e3096e4d19ebc0b292cd886e77
data/raw/doclaynet_hard_negatives/doclaynet_train_fa1f5ee5d70469cd422e.png,train,doclaynet:8449985_AdobeOCR.pdf,3,narrative_document,0,doclaynet,patents,patents_superacid_pags,8449985_AdobeOCR.pdf,8,f9af6caed29b2a29a5cb71ffcaad038adfce78be2d09e8de4933559434c6c4b1.png,ea9e9de1ce0c02f57fb1469de7494499063f117d52fbe5c2ad31c1747f8d5d46
data/raw/doclaynet_hard_negatives/doclaynet_train_6ab9aaccd07e76341ed7.png,train,doclaynet:9360753_AdobeOCR.pdf,3,narrative_document,0,doclaynet,patents,patents_euv_sensitivity,9360753_AdobeOCR.pdf,22,58963ce7fdf3eae15243c50daefd73dc8cea4723bc4e48f5d209511edecfbc8c.png,653e77f55f9fe0cfd2298083e44a1f0a91233714645a38a3b847d31981594867
data/raw/doclaynet_hard_negatives/doclaynet_train_5d92dc7cc6c8d69fc91e.png,train,doclaynet:20180230408_AdobeOCR.pdf,3,narrative_document,0,doclaynet,patents,patents_superacid_pags,20180230408_AdobeOCR.pdf,10,ef2f6fce2d8abdf827a1eeffa1e61f2964414437bf59ca5e49d3c4a0aed71448.png,5b17c64454d9b85a427751188d343d566f35cb17efbd3fadc3cf59bb224e4702
data/raw/doclaynet_hard_negatives/doclaynet_train_dfceeacf14bae852d2b8.png,train,doclaynet:20200093894_AdobeOCR.pdf,3,narrative_document,0,doclaynet,patents,patents_superacid_pags,20200093894_AdobeOCR.pdf,9,c85db6e69e03c715fa4c81153b6730303150dcf37e46a08dfd7cde5f17388912.png,4e5e53d1bb922eaf27420b59acb118b459c9d0c6f0ce44ce2cad119e429aa804
data/raw/doclaynet_hard_negatives/doclaynet_train_d4c2aba976a95f97680e.png,train,doclaynet:20200192221_AdobeOCR.pdf,3,narrative_document,0,doclaynet,patents,patents_euv_sensitivity,20200192221_AdobeOCR.pdf,105,d71df902377b6f3bc3b70e8874d8cb9cc41ee4ed72fb712e14a34607881d581e.png,69a76a687f044e3453408b3062b9dec91dc9eb695d68169ba60d8571ff622fed
data/raw/doclaynet_hard_negatives/doclaynet_train_5a4bc18717c057d4d1cf.png,train,doclaynet:EP3800002A1.pdf,3,narrative_document,0,doclaynet,patents,patents_ep,EP3800002A1.pdf,10,fe6cd41c8f5c184f3d52031fec0954e9aa756f08e9d66a84650507c6dbe4f95a.png,fd44a605fb40050fdfc414ad474e76e334f203e96b2c90d45833acd675b3c988
data/raw/doclaynet_hard_negatives/doclaynet_train_f052e66b65e0a3f80746.png,train,doclaynet:5288692_AdobeOCR.pdf,3,narrative_document,0,doclaynet,patents,patents_superacid_pags,5288692_AdobeOCR.pdf,0,d417425fccc200e493420635a12495d9b3a999482b23c76af780a131b49efc57.png,fca0909e15ca31932b0a3126d7e6851147b32405a9edebb3266bfba166338e25
data/raw/doclaynet_hard_negatives/doclaynet_train_b731f4d4bc387371a120.png,train,doclaynet:4698293_AdobeOCR.pdf,3,narrative_document,0,doclaynet,patents,patents_superacid_pags,4698293_AdobeOCR.pdf,0,ac4198b5a33c987a7b3f3ca6ee1010f8205b7024842b3e2967fd9a03962a0674.png,f01adf455c0081f851264990c412e52e7a7102637b784fad20244b0b06d63da7
data/raw/doclaynet_hard_negatives/doclaynet_train_f343af75fad2db2c8126.png,train,doclaynet:20200379345_AdobeOCR.pdf,3,narrative_document,0,doclaynet,patents,patents_euv_sensitivity,20200379345_AdobeOCR.pdf,100,e6d4b0528373ecad1f602438148a114ec3ce91904c204e1ac41506308fd829d8.png,159e02caa92046282f284174193b67848ffbdd5c5c729d7fcd4644fcecfc8d96
data/raw/doclaynet_hard_negatives/doclaynet_train_03220939578859178c51.png,train,doclaynet:KR100680000B1.pdf,3,narrative_document,0,doclaynet,patents,patents_kr,KR100680000B1.pdf,5,b9fc3f8e4bcca8394c25024cdbe6fb44e7a1fa6e29c78547502bc31154e911fd.png,ad326650fdf786f279cbfd73fc63b3e449ad4dd1eb18803ef5d21f8ff2053f53
data/raw/doclaynet_hard_negatives/doclaynet_train_1e937b46eadd6a37dbbf.png,train,doclaynet:20080194886_AdobeOCR.pdf,3,narrative_document,0,doclaynet,patents,patents_superacid_pags,20080194886_AdobeOCR.pdf,0,80796d03effebf9df3fedf40b3ef25c4af2d85355162f65ebe310af24fcf5680.png,3e601c01eee0a1f13249983a7d9af273f07a41847e29b1b8000277e152e88c94
data/raw/doclaynet_hard_negatives/doclaynet_train_ea5884a6b2c05f3093e3.png,train,doclaynet:9285679_AdobeOCR.pdf,3,narrative_document,0,doclaynet,patents,patents_euv_sensitivity,9285679_AdobeOCR.pdf,168,ea5f1ac45f34075c56f1ebf0438518912a60547cc16ba93ff2bb59ec90718333.png,164fed6c058256ceba569fba422fb59659a4345f7f225da4ce4b691a7c4691f8
data/raw/doclaynet_hard_negatives/doclaynet_train_a232ae1edc8d4b42672e.png,train,doclaynet:6500796_AdobeOCR.pdf,3,narrative_document,0,doclaynet,patents,patents_superacid_pags,6500796_AdobeOCR.pdf,8,83e356f915f14ed40c1266c3f2d448645a3b1980bed68528b8ccff8d88f1fe60.png,199d3a80d898458488302f3e994d7e891d3a45eb195d4ed876102bb0c88c11d8
data/raw/doclaynet_hard_negatives/doclaynet_train_ea025b11a6f6b7cfc8e6.png,train,doclaynet:20160251602_AdobeOCR.pdf,3,narrative_document,0,doclaynet,patents,patents_superacid_pags,20160251602_AdobeOCR.pdf,19,fcac0af049cdd03bd0d7eb857500aa88711fb574a05ee312f03b898877096d71.png,182771a6cf24159caedcad65f906c8ce7a53e66f04b4dce8ca5b916d3e9e58ae
data/raw/doclaynet_hard_negatives/doclaynet_train_ee97da83925093a89cc1.png,train,doclaynet:WO2020021008A1.pdf,3,narrative_document,0,doclaynet,patents,patents_wp,WO2020021008A1.pdf,2,6daed77c262488e80267321f9e444ea3fde911c74a77ad5c4467c76a58b931f9.png,a48a95bb157a72511b6bdc6473b2184db7833cafd780626f6d3072391fbd0d3f
data/raw/doclaynet_hard_negatives/doclaynet_train_264e2e1865716e160f50.png,train,doclaynet:8709376_AdobeOCR.pdf,3,narrative_document,0,doclaynet,patents,patents_superacid_pags,8709376_AdobeOCR.pdf,0,b0d0e41ff9893772152c0433002e4b8ed58588ce084840589a8924cc8eda70e5.png,981bc6dccebb512bd6ffbfb950b50c094432d966a3a01d996e404d3741730c9e
data/raw/doclaynet_hard_negatives/doclaynet_train_ecaa8a626f05d485ff47.png,train,doclaynet:5087740_AdobeOCR.pdf,3,narrative_document,0,doclaynet,patents,patents_superacid_pags,5087740_AdobeOCR.pdf,0,0ac523b1466b033db284b9c6bcf55dd351427c32883fc1b7d4dfe25768184638.png,0b0f0a16a92de12b0d3bd7b20fc0119bb713686f51667a2a6ffdd623a6385969
data/raw/doclaynet_hard_negatives/doclaynet_train_b530832b1943a5397348.png,train,doclaynet:9104101_AdobeOCR.pdf,3,narrative_document,0,doclaynet,patents,patents_euv_sensitivity,9104101_AdobeOCR.pdf,34,1ec5deaa41df8b01bb5b1700ee9417ffb0b1fbe10759b26f1a2c9b969345e129.png,193f0537e83257a541ce962e7de1948bfdff7237455a7f1246d489b9476cb509
data/raw/doclaynet_hard_negatives/doclaynet_train_f2d5b49bedcc862e3f6b.png,train,doclaynet:5744649_AdobeOCR.pdf,3,narrative_document,0,doclaynet,patents,patents_superacid_pags,5744649_AdobeOCR.pdf,0,f7823ecea7477b7ccd997559c8f686da22e152f7341f62ef6459d46c77db9459.png,615348c8dd69aa19568cc94f661893ed6bf5bf7c0b3582c7a2c062d9fed7dd35
data/raw/doclaynet_hard_negatives/doclaynet_train_b8bba43b6f8f90606144.png,train,doclaynet:20200285149_AdobeOCR.pdf,3,narrative_document,0,doclaynet,patents,patents_euv_sensitivity,20200285149_AdobeOCR.pdf,19,7d32ac6ef3eff3b903c1183d22440c3383e83a94c437048e179503c86edfce51.png,49694f9e9006f5697a749de0009774ca78d4873521df5c058aa16482b1ee6054
data/raw/doclaynet_hard_negatives/doclaynet_train_e6f20ebf09ad04dfb186.png,train,doclaynet:10921710_AdobeOCR.pdf,3,narrative_document,0,doclaynet,patents,patents_euv_sensitivity,10921710_AdobeOCR.pdf,23,d918821d4a4904f447cd634cf7bd8c87a8020aaf8cb377fb80d10478bef082a0.png,259787a1aafd62e9b4927bf1fc0507815c172b73ec4f3e468f1597859e5bfd17
data/raw/doclaynet_hard_negatives/doclaynet_train_451be840f05d7d1c6cff.png,train,doclaynet:20150099364_AdobeOCR.pdf,3,narrative_document,0,doclaynet,patents,patents_euv_sensitivity,20150099364_AdobeOCR.pdf,0,a1e2dead2c1374a33e37ad72d9151e26ea83d3795dfeb6a54f4216c3899ebd9c.png,c788c07a7f1b9d48a6212f14d22b588caaea1ef36d14c891137beffa38ed926a
data/raw/doclaynet_hard_negatives/doclaynet_train_142913d73c750ee5d9cc.png,train,doclaynet:8968989_AdobeOCR.pdf,3,narrative_document,0,doclaynet,patents,patents_euv_sensitivity,8968989_AdobeOCR.pdf,13,3534cdfbd232c85aa4368fd6c87601d91be57dab0013f90f4b47765aa6903871.png,ea85cc82d24956bc72b27a90e30d0a8b6d73420ea54199b831931aa1180819ce
data/raw/doclaynet_hard_negatives/doclaynet_train_9d4445563774eb250611.png,train,doclaynet:8614033_AdobeOCR.pdf,3,narrative_document,0,doclaynet,patents,patents_euv_sensitivity,8614033_AdobeOCR.pdf,32,eda554eae24c0c435e617e22467ad9e56c154d554acd6765b0a624923cb38856.png,f70870d510ad62750b2d3ccf632ca698995d208939d99b11ab8487449ccfa03e
data/raw/doclaynet_hard_negatives/doclaynet_train_b9813c761934140f23fa.png,train,doclaynet:9834531_AdobeOCR.pdf,3,narrative_document,0,doclaynet,patents,patents_superacid_pags,9834531_AdobeOCR.pdf,16,1428ca4b1626c01e7be5f751b2e348c6d35850d228cd9a9cda8479d1308aa663.png,4d54e7187a0ad87e534b00d789b6ae9e56c53bae18a9ca258d9ee05ce8747fa5
data/raw/doclaynet_hard_negatives/doclaynet_train_0be31d23e705f2de8294.png,train,doclaynet:20200393760_AdobeOCR.pdf,3,narrative_document,0,doclaynet,patents,patents_euv_sensitivity,20200393760_AdobeOCR.pdf,100,19e3d260870fba1465f028f7b99b70b7088f583a26c0d32e307bf052fba05262.png,38850c13fadb6900f6f68eb9cec2e64df8aca5b325730b7b423279a920c21a4c
data/raw/doclaynet_hard_negatives/doclaynet_train_9165d40f43ca08fd4d8f.png,train,doclaynet:20190271885_AdobeOCR.pdf,3,narrative_document,0,doclaynet,patents,patents_superacid_pags,20190271885_AdobeOCR.pdf,0,8cefb510a9bc63a43a7c9bf7c9facf95315272fb88cece85a5083f11937bf7c8.png,aa23d82c152e317f76e47c8dbe93261759004fb3e420a7bbc701ebab93640d00
data/raw/doclaynet_hard_negatives/doclaynet_train_5f10ad3e336d1fcf2ec2.png,train,doclaynet:5744650_AdobeOCR.pdf,3,narrative_document,0,doclaynet,patents,patents_superacid_pags,5744650_AdobeOCR.pdf,2,9b3347b522b4049d0070e4523da30b445022dd528daf18c4749756d07fcdf13e.png,86a0bd8dc949968bffa914da1289932dd81dce9e8d25c0b4002db32d2f317312
data/raw/doclaynet_hard_negatives/doclaynet_train_2351e993d5569976c6ce.png,train,doclaynet:5886235_AdobeOCR.pdf,3,narrative_document,0,doclaynet,patents,patents_superacid_pags,5886235_AdobeOCR.pdf,11,382b043115275ae49d2f663db372399e919788e94cf0898f5f3f486c4bb2df40.png,81f4ce8890ce273f7cc1c226c3e67ac700ab161c4eaff2b7a04bc278ef1b99b4
data/raw/doclaynet_hard_negatives/doclaynet_train_3e583886fa75ba6a485f.png,train,doclaynet:5648519_AdobeOCR.pdf,3,narrative_document,0,doclaynet,patents,patents_superacid_pags,5648519_AdobeOCR.pdf,17,1547b7b3b34dd2dad6a5ed4998e9a85a078577e8859ed6c058fa7c683ed1e2cc.png,b52f32c2e238cfbea0cb8b73ca9810e8d6c2c60b09726e653c0c391cf1654da5
data/raw/doclaynet_hard_negatives/doclaynet_train_4b6f15046d258a2cddd0.png,train,doclaynet:9235123_AdobeOCR.pdf,3,narrative_document,0,doclaynet,patents,patents_superacid_pags,9235123_AdobeOCR.pdf,58,d4bbc62a06f5b9ed82c9e101f668858ce6e30c6f148991d229a45fd68228ccf7.png,7e55cab31e74544319afb8b183f579e8adf4e6d94005a1aa316690bc2a318239
data/raw/doclaynet_hard_negatives/doclaynet_train_e3f218d02f8e23b3d86f.png,train,doclaynet:9926580_AdobeOCR.pdf,3,narrative_document,0,doclaynet,patents,patents_superacid_pags,9926580_AdobeOCR.pdf,15,6ed305a6c0c42e24615c03dfced263c2f45e90463bb1a0a2a61462763b1aee6d.png,53de109a77d1bed2d5cca55ea9922f6750f8fe1f2cad31e235a472ee47b1cc12
data/raw/doclaynet_hard_negatives/doclaynet_train_0d8679c58d836492297f.png,train,doclaynet:6767687_AdobeOCR.pdf,3,narrative_document,0,doclaynet,patents,patents_euv_sensitivity,6767687_AdobeOCR.pdf,0,92fed0e3067ea4e7a5b0f00b37b5ae5314379e458dc57ddb2e6eedb0edca2757.png,7008d1db45a32b7ae01e9b017f04e8729eb8004ba8f02cdf5e4bf26aed16d5c2
data/raw/doclaynet_hard_negatives/doclaynet_train_0bc867371aaf73aaa3ad.png,train,doclaynet:10698314_AdobeOCR.pdf,3,narrative_document,0,doclaynet,patents,patents_euv_sensitivity,10698314_AdobeOCR.pdf,0,76135dae0f1cdfab627f0409b573fc7ca748ba5edbc4cd129cf7a91c399abcad.png,d4c762234d4f02d5018c5eaca3c03ed796446922b31c8ee810b09ecb7b19019a
data/raw/doclaynet_hard_negatives/doclaynet_train_f88a753b427568d2fc78.png,train,doclaynet:10520813_AdobeOCR.pdf,3,narrative_document,0,doclaynet,patents,patents_euv_sensitivity,10520813_AdobeOCR.pdf,7,90b994ec08d23cfc59d15ab41a7e67715a92582f6e237d6f45a3d2f85acdbf0b.png,d6d2eceaf4350649018d799fbc3031fd78a37dd71de707494a241456b71ba1ab
data/raw/doclaynet_hard_negatives/doclaynet_train_92186a68527ab8c183c3.png,train,doclaynet:20160044917_AdobeOCR.pdf,3,narrative_document,0,doclaynet,patents,patents_superacid_pags,20160044917_AdobeOCR.pdf,7,5980cecae557b2e92726830bb74f8d81af03d67ee4bdc1e691e55dc7273f1586.png,27b9169e55f1458243dfdcbc86f14df3568ec63014a5d7aac27102d2d1b8a991
data/raw/doclaynet_hard_negatives/doclaynet_train_4533748cde53df55eada.png,train,doclaynet:20090117314_AdobeOCR.pdf,3,narrative_document,0,doclaynet,patents,patents_superacid_pags,20090117314_AdobeOCR.pdf,0,3a6ca6004ee52e9c4e87d730bf5fb256f8d080b31576fa349f42b8e9cfa0a183.png,923dafa6ad7ac6732b92f7965edc5ec6cca7b5f2c31e36938bed6323a8acf17e
data/raw/doclaynet_hard_negatives/doclaynet_train_1e0eab188506c5685f5b.png,train,doclaynet:10725377_AdobeOCR.pdf,3,narrative_document,0,doclaynet,patents,patents_euv_sensitivity,10725377_AdobeOCR.pdf,9,736b3a7c83582fcc2c29f48a8dcb5e85b911dff1dcbfa56c7b36b1985328d015.png,eee318b4cfd840663c9ea8fe53e4a308c888f5b9fef0e328a83e98782a7a0ef7
data/raw/doclaynet_hard_negatives/doclaynet_train_720f48571d0b36650dbd.png,train,doclaynet:6958208_AdobeOCR.pdf,3,narrative_document,0,doclaynet,patents,patents_superacid_pags,6958208_AdobeOCR.pdf,0,f9ac59ca38042fca2369455bd238d4705d8f08dd049d26d1688857d519b22cbd.png,0937cc1a1e7a22df0db52e0d53485fc9f798a1c3e2153458c6821f8b4a3844f4
data/raw/doclaynet_hard_negatives/doclaynet_train_4875440f06470da3b360.png,train,doclaynet:4153631_AdobeOCR.pdf,3,narrative_document,0,doclaynet,patents,patents_superacid_pags,4153631_AdobeOCR.pdf,4,b578c9d9d49b12410be50c824b51469c6d784d8b657b3b555c5dd7824d53e532.png,e2b6b0b184e16dca2fb729d130293714f41729e718138783f17e0baa43392f45
data/raw/doclaynet_hard_negatives/doclaynet_train_b6ee0faeffc213b1814e.png,train,doclaynet:9399728_AdobeOCR.pdf,3,narrative_document,0,doclaynet,patents,patents_superacid_pags,9399728_AdobeOCR.pdf,4,c423b614b5bdf3cfd37ee1d14c00f4c7ed05e42aa84f6165b87af0248c4b0641.png,45265fb21cf6556e5921969e8a60493b004ee20332379d75e56be0eb2dd69d45
data/raw/doclaynet_hard_negatives/doclaynet_train_1b6a9b3461c922135678.png,train,doclaynet:EP2000000A1.pdf,3,narrative_document,0,doclaynet,patents,patents_ep,EP2000000A1.pdf,4,3f0964d7b7aebfb9e6aef90cd05dc8ff61b2f954b6f4978093692fbd3b7e5db0.png,e7cd0049be0b12f8ee8bd97f9e148a7fa8451cce7e1856f22db2693be35d47d2
data/raw/doclaynet_hard_negatives/doclaynet_train_506066e033c30af4ea16.png,train,doclaynet:7814626_AdobeOCR.pdf,3,narrative_document,0,doclaynet,patents,patents_superacid_pags,7814626_AdobeOCR.pdf,11,c3bd863c93196d6636de79400d604fd3e588f4754c04f279c70e8b63ef47ef58.png,c0adbeeb63d61b95c4d7808872dbe38d6593ffff11b31ee133abefa629c8edcd
data/raw/doclaynet_hard_negatives/doclaynet_train_77a3a6a6193ba48ea37a.png,train,doclaynet:8298748_AdobeOCR.pdf,3,narrative_document,0,doclaynet,patents,patents_superacid_pags,8298748_AdobeOCR.pdf,84,3f46fa12ad33e5f6497bdedd5ca6958161b5fbd25fad3afc46c01a7bdd84ce68.png,4bda7953150fa435c44ba63d736a74a8adffe0de293f9434521f66a90824bcae
data/raw/doclaynet_hard_negatives/doclaynet_train_b573bf2e1eaf489dc1bb.png,train,doclaynet:20160334706_AdobeOCR.pdf,3,narrative_document,0,doclaynet,patents,patents_euv_sensitivity,20160334706_AdobeOCR.pdf,22,c26a10345cdcb2646c1a28c71b0031a7cff54c36bab1a1f172407a62d645b12b.png,9fc70fad2b551eb85951d4f6a781c301d5fcafe0f5f0824517c2652645ebccf0
data/raw/doclaynet_hard_negatives/doclaynet_train_27439cd6ba9cde322fe7.png,train,doclaynet:10648917_AdobeOCR.pdf,3,narrative_document,0,doclaynet,patents,patents_superacid_pags,10648917_AdobeOCR.pdf,21,b6a8126ff34898d115afb9e8bff03920051f2edf9c9a3ce9387975814ae8de63.png,c0efa5eba45eb4ceb457768a1c78b0da4467f389c3f523353cfce3602cc2eb31
data/raw/doclaynet_hard_negatives/doclaynet_train_28be7c4a434173d48768.png,train,doclaynet:20160038628_AdobeOCR.pdf,3,narrative_document,0,doclaynet,patents,patents_superacid_pags,20160038628_AdobeOCR.pdf,10,510c975a833e32ea9f22870e3a813cba951cd8e7c8eb839d14c90ae3706e544c.png,089caf695cb213999af1572e82d86a6a7e75f5da60d9374023a807a63026d068
data/raw/doclaynet_hard_negatives/doclaynet_train_78fb5ad92a7bb6c14c25.png,train,doclaynet:WO2020021009A1.pdf,3,narrative_document,0,doclaynet,patents,patents_wp,WO2020021009A1.pdf,36,f19940da6554a9a6794187f68de15d9e768edd7c2ed668c68da0d2abaa130ee3.png,688ad47c69d8bbeb8fac399940e9f71bc4e755e31ff79ae092089d5f86159e61
data/raw/doclaynet_hard_negatives/doclaynet_train_db225d3405d7869738da.png,train,doclaynet:10159746_AdobeOCR.pdf,3,narrative_document,0,doclaynet,patents,patents_superacid_pags,10159746_AdobeOCR.pdf,15,5a769961164ec4a781586f510e845664febf9a5b90adb676a36ef30dfaabe7f4.png,cbd4112f9fd26859122c898d9b35f4241376261db6ae8ae0c17ff88d604c5efd
data/raw/doclaynet_hard_negatives/doclaynet_train_247b5c8a5cb7651701e8.png,train,doclaynet:20200241418_AdobeOCR.pdf,3,narrative_document,0,doclaynet,patents,patents_euv_sensitivity,20200241418_AdobeOCR.pdf,71,e409b4d3b67a7ae31df72b28b66df0c0fbfa8b8613d05c13f738b324b6c61426.png,404deb5cd08b39999ca39eea7df6403be2aebe598d4081f25c8d9266ee9158c3
data/raw/doclaynet_hard_negatives/doclaynet_train_3bf19d8c9648bba2fb23.png,train,doclaynet:20050136180_AdobeOCR.pdf,3,narrative_document,0,doclaynet,patents,patents_superacid_pags,20050136180_AdobeOCR.pdf,0,7feabe493b5a571b902ddc677449e9a6dfe7f3125f18c0c93aabe7485d93cdb2.png,8da26f856640596e159a46592fd5228629223600b9bc35f35bc4fd4f29172ac6
data/raw/doclaynet_hard_negatives/doclaynet_train_4415ca68bed82962c2f1.png,train,doclaynet:20030104041_AdobeOCR.pdf,3,narrative_document,0,doclaynet,patents,patents_superacid_pags,20030104041_AdobeOCR.pdf,26,9b72ae5c7117ef959e86bef7cd0153b9b72d4e41f18910ee78f1ece82253784f.png,10ea6968a9336f3f0ceb9a9822e3f70b081e5c1f5930e7f5ae85bd83ad7cf1cc
data/raw/doclaynet_hard_negatives/doclaynet_train_df7c62ce43485ff0045a.png,train,doclaynet:9437431_AdobeOCR.pdf,3,narrative_document,0,doclaynet,patents,patents_superacid_pags,9437431_AdobeOCR.pdf,0,596817552e72f57fd970c6e68710ad8dddced5eae244b9ae531f28089c5b7f48.png,78a4289a81e68db87e47faf5b740a2f88a6b65e5b57ddd35803f3142ca16ff73
data/raw/doclaynet_hard_negatives/doclaynet_train_9104ae1a612f08545fee.png,train,doclaynet:EP2100018B1.pdf,3,narrative_document,0,doclaynet,patents,patents_ep,EP2100018B1.pdf,4,85acdb167edf49d0059c3bdd44e90ca336bdaf942f0553e7af1e831efb9fe7e0.png,df2b764e9609c614a16dcd99a46692a9d469aff769ee6e16629d3eabe147af9c
data/raw/doclaynet_hard_negatives/doclaynet_train_223cf6b5d2787d3c870a.png,train,doclaynet:7781141_AdobeOCR.pdf,3,narrative_document,0,doclaynet,patents,patents_superacid_pags,7781141_AdobeOCR.pdf,0,6177e2eb75af2409d386b2788a5bc1cc9925cbe6393f86bfdbe59332bbd177d9.png,1abbfb524a62e2962eda7b683dc6e49651b2a81240506c0e5ab250a4395079a2
data/raw/doclaynet_hard_negatives/doclaynet_train_af0d33c96c5d9bf1dad5.png,train,doclaynet:9073763_AdobeOCR.pdf,3,narrative_document,0,doclaynet,patents,patents_superacid_pags,9073763_AdobeOCR.pdf,5,509fbca92db8b219a93f14b7370e72d896624876128c712180fa4aa7dd5ea82b.png,cda2bf2020616462fd4cbc2736b67ca8135d2a10c22863590e31d076689b200e
data/raw/doclaynet_hard_negatives/doclaynet_train_e1b2a90ae82996c22795.png,train,doclaynet:WO2020081010A1.pdf,3,narrative_document,0,doclaynet,patents,patents_wp,WO2020081010A1.pdf,2,b1efa2fd5e3ee21c1174995fa9bec32fc51ce82c9daad0e6039ac37c5664cbea.png,7d002fcf07c156c9568465550985bc25f8e89e978f250487c0b8e4df98bb94fc
data/raw/doclaynet_hard_negatives/doclaynet_train_0265213cdb8e4adefe02.png,train,doclaynet:9063416_AdobeOCR.pdf,3,narrative_document,0,doclaynet,patents,patents_superacid_pags,9063416_AdobeOCR.pdf,94,90461365c4a9df483a8241dd74a79aa0446f4da27f07de750ecfc2b195eedb26.png,a7ed04239e23f289a59dd86acc9c3ec876d053a26f800bfdf1e8bb77dceef029
data/raw/doclaynet_hard_negatives/doclaynet_train_2de2ff1b311146c3048d.png,train,doclaynet:EP3800008A1.pdf,3,narrative_document,0,doclaynet,patents,patents_ep,EP3800008A1.pdf,10,ffca2e97046f4bf2b4055b9bcdbef7abaa7d3c7b3568b5696f30b69b677afb73.png,4b08feea804ee5775d529db4d09eb15098cf9b46d9aeb6a9c7c1fb158c8a10fe
data/raw/doclaynet_hard_negatives/doclaynet_train_5c76b2ed290d34ab557a.png,train,doclaynet:4853207_AdobeOCR.pdf,3,narrative_document,0,doclaynet,patents,patents_superacid_pags,4853207_AdobeOCR.pdf,0,c27ea9073b8d666c0f9fd3dd38d337f6c8f2909e49297c4a516fca7f9caf9226.png,7b3e120fb9d5dd785e2f744745e1a140016335a59fd0143df27d45f0e851dbf1
data/raw/doclaynet_hard_negatives/doclaynet_train_907815743a5d2c89750f.png,train,doclaynet:8663607_AdobeOCR.pdf,3,narrative_document,0,doclaynet,patents,patents_superacid_pags,8663607_AdobeOCR.pdf,16,b5e233f12c69524dfb95be81cfe1082e486c4aa9cae84d274e7365dc031422f6.png,cf3a9d78810877dc718a42e0239b0f3069062c6c1c5cfbbba7f249ac35b93867
data/raw/doclaynet_hard_negatives/doclaynet_train_3845530808f6b8c6a80f.png,train,doclaynet:20100129698_AdobeOCR.pdf,3,narrative_document,0,doclaynet,patents,patents_superacid_pags,20100129698_AdobeOCR.pdf,0,f7f3d1a9521d33d3b67eba666c3551f4e568aad14f3ecc2be69bb6f98091273d.png,9a7712983f8c10cfc0309816f44973651943e74c993bd07cdc413ef6c4b5d04e
data/raw/doclaynet_hard_negatives/doclaynet_train_47e41be6f8782d2fb7c4.png,train,doclaynet:WO2020210018A1.pdf,3,narrative_document,0,doclaynet,patents,patents_wp,WO2020210018A1.pdf,51,83d85bbccebe7cf0075da8a240897805909f4cf6aeb14e884f5f600642d3209c.png,96b289aed1cc3cc050382a6f0aae93fa1d03f89e831d93239daa369c2d017d2c
data/raw/doclaynet_hard_negatives/doclaynet_train_67f948a2eacb34eb1d47.png,train,doclaynet:WO2020021003A1.pdf,3,narrative_document,0,doclaynet,patents,patents_wp,WO2020021003A1.pdf,18,5c5aa2d01e94febd130fe1f9ef0af4ca6bc85cfa7ee2cad74fcd3941c674d45c.png,a89e1131343e09e371c73643c2f515bf707a85ffe3e57654ec3e3b5338b33326
data/raw/doclaynet_hard_negatives/doclaynet_train_b08ca358db5cffa54857.png,train,doclaynet:9164383_AdobeOCR.pdf,3,narrative_document,0,doclaynet,patents,patents_euv_sensitivity,9164383_AdobeOCR.pdf,21,91a897e2c42b8259a71eabbe2023c925fed669d9b4c9bb02d93c095fe3a081b7.png,a52decd268ce6dd7cb8340eb6c7951d44fbbf00e9d1b17f56b9bead4915bdfe1
data/raw/doclaynet_hard_negatives/doclaynet_train_d0e8f3f1d7cc55a908d7.png,train,doclaynet:10859914_AdobeOCR.pdf,3,narrative_document,0,doclaynet,patents,patents_superacid_pags,10859914_AdobeOCR.pdf,18,eacde63aed5b7fd8e20d175c72e82fe7b9ca2dc0352796747f97900672134e66.png,4c9f03f9b9708bc179c59ea91403c047c5e48a9ec7bce31928c881d117170e1b
data/raw/doclaynet_hard_negatives/doclaynet_train_b0532b0186dab422ec53.png,train,doclaynet:9724303_AdobeOCR.pdf,3,narrative_document,0,doclaynet,patents,patents_superacid_pags,9724303_AdobeOCR.pdf,14,13da55ab9b16c95b97f3113b22e7bf0f43cfe4917e57d1ef04436aef07e94a12.png,553acc63176c7c23a63d940d6b5235a3b1d24b4a3854c72c9c5cb99c9a74ea76
data/raw/doclaynet_hard_negatives/doclaynet_train_8d9248ba397fc0fc2bba.png,train,doclaynet:20100266955_AdobeOCR.pdf,3,narrative_document,0,doclaynet,patents,patents_superacid_pags,20100266955_AdobeOCR.pdf,35,ef42e6832fa77b43ce256e470e4f3ab084b6ddbe16d2a9a4776576b4c46dc5b6.png,886a5968aee3b6fcefc0c6741b1764f2b363b92f5be2a053aedfdd6347c14418
data/raw/doclaynet_hard_negatives/doclaynet_train_a90ea6d70cc42c0e14cd.png,train,doclaynet:9541834_AdobeOCR.pdf,3,narrative_document,0,doclaynet,patents,patents_superacid_pags,9541834_AdobeOCR.pdf,2,cb12e004380a4a80ce6c2bc4db981a2c29367f1b94b1b66b3402c9f48fe95d4e.png,b9319b8f44f8859b3c5421cc9cf594c1dd2186a01a37873197ad61f9fe4419a0
data/raw/doclaynet_hard_negatives/doclaynet_train_4f9423ae3cefb4ee8d6d.png,train,doclaynet:8859476_AdobeOCR.pdf,3,narrative_document,0,doclaynet,patents,patents_superacid_pags,8859476_AdobeOCR.pdf,0,5f6271edd4e1925adfd5d5ce249eb7ec727bcf8635ab657d7926b2733faaaa40.png,37f93c5f4a6e8f74c542cb2e9f3808aab7c97e063ce26372b3ba651180e6e0bd
data/raw/doclaynet_hard_negatives/doclaynet_train_c90be5e7ef49ad074aa3.png,train,doclaynet:WO2020081013A1.pdf,3,narrative_document,0,doclaynet,patents,patents_wp,WO2020081013A1.pdf,34,a57634b78bf96912b8b4e9175ffe03aa1868b01e37d6cad5b5132e724a964e4e.png,8c1e99c90dd68641357ba5778577cff37e3cee9239567147f45393b35187a5a8
data/raw/doclaynet_hard_negatives/doclaynet_train_69d661472854e966b53b.png,train,doclaynet:20160209749_AdobeOCR.pdf,3,narrative_document,0,doclaynet,patents,patents_superacid_pags,20160209749_AdobeOCR.pdf,43,3ac397232aac0c111fea67ac1b6d21ec0222f19c7a41e8d678d4a63fac2934e4.png,c4303c8c0874595ed776bfcede8555e4e1665a43f5de68cbb628c465d1f933ad
data/raw/doclaynet_hard_negatives/doclaynet_train_35a7acbb54354a014c79.png,train,doclaynet:6946538_AdobeOCR.pdf,3,narrative_document,0,doclaynet,patents,patents_superacid_pags,6946538_AdobeOCR.pdf,0,29ee991f47b8e40b68b70c5721a227be4e6fe52c4721ebeb1779266227d2f54e.png,db38b7077397e157ff2ce994485a9a9ff62462f8dc2f7a6f64085d145174d767
data/raw/doclaynet_hard_negatives/doclaynet_train_8a87e317bcb5625a14df.png,train,doclaynet:9612535_AdobeOCR.pdf,3,narrative_document,0,doclaynet,patents,patents_euv_sensitivity,9612535_AdobeOCR.pdf,79,4ee1918dc336284884c2380fbc9603e97243e50a9bd8eb4bcc9448554d01a215.png,2855307850d98a5b2bc986e483be7092771268f48b76a98353f934c8133947f4
data/raw/doclaynet_hard_negatives/doclaynet_train_11e2f6e760877270abf2.png,train,doclaynet:20050100814_AdobeOCR.pdf,3,narrative_document,0,doclaynet,patents,patents_superacid_pags,20050100814_AdobeOCR.pdf,8,5e9fea8814e4c010a2eab3cea299da9484c9884f3437400930e6ad6765f3dc88.png,75be43d799d1bace3a6df184f2db1edb80249e4044f0f2c8bcec27d803864119
data/raw/doclaynet_hard_negatives/doclaynet_train_02b79bb2d86a93d7c88c.png,train,doclaynet:10717042_AdobeOCR.pdf,3,narrative_document,0,doclaynet,patents,patents_superacid_pags,10717042_AdobeOCR.pdf,22,2bbce1d6b6d2128e1ecc3ba932e33efac6297bd13b293219184703f6f3d28d8a.png,f22a7c51c2c6852f6bf73f195cb5bbff048d2948642462acf186cac98931caac
data/raw/doclaynet_hard_negatives/doclaynet_train_95fdd237ea1ddb2774d2.png,train,doclaynet:CN100539785C.pdf,3,narrative_document,0,doclaynet,patents,patents_cn,CN100539785C.pdf,17,9042cc8fd48c1afbcff7aa8fb6331fe081281085c65d030a7adfbf8f00280474.png,d69bd71fef7f5f09f579d9cd9774d15786f37bce36cc3237cedf7a8c8b62138c
data/raw/doclaynet_hard_negatives/doclaynet_train_f72d6cd71d0258e8af36.png,train,doclaynet:6555628_AdobeOCR.pdf,3,narrative_document,0,doclaynet,patents,patents_superacid_pags,6555628_AdobeOCR.pdf,1,2c061e31e78b6d9092637054c1318fff4ac0dda68ff7184372e5986c7414c4a1.png,5a284e14a0aa27f4ae50a495046a5b41fa5d5a2e2ef2e1bfaa39e7fe96e0d129
data/raw/doclaynet_hard_negatives/doclaynet_train_88e87efafc6c8ab6a672.png,train,doclaynet:WO2003091861A2.pdf,3,narrative_document,0,doclaynet,patents,non_us_patent_samples,WO2003091861A2.pdf,2,60d6f031260fb559f48ce77cc0633a6bf4f878c891831cc56e5c834e80ecbe4f.png,44d7d0ced16ac19245aeb407517f94e0f0708356145ac316ca3bcc72e9d782a3
data/raw/doclaynet_hard_negatives/doclaynet_train_22994d05788cb554e4f3.png,train,doclaynet:KR100680002B1.pdf,3,narrative_document,0,doclaynet,patents,patents_kr,KR100680002B1.pdf,7,7c5b605b7f801f3248600950962eff0fc4267f57227a74af413a3d28def2591c.png,aa80b5f7022d0e49e2934d55bf575cdbbf77647d9cc44f16d2a20aa1ab989979
data/raw/doclaynet_hard_negatives/doclaynet_train_61cc125877a01cca1053.png,train,doclaynet:EP3800010A1.pdf,3,narrative_document,0,doclaynet,patents,patents_ep,EP3800010A1.pdf,12,db215c1dffbfa14f1d3d757ac4db7e36e5302345981ee538152ff4fd301db80f.png,8de278f07807095dbb79a4ad6ad24d5b2821763ea9c5fd0ed0574600dfee24d9
data/raw/doclaynet_hard_negatives/doclaynet_train_7e4d9554675e825dae01.png,train,doclaynet:7129023_AdobeOCR.pdf,3,narrative_document,0,doclaynet,patents,patents_euv_sensitivity,7129023_AdobeOCR.pdf,3,5e8c785ce5841c23e226e98e212c0e21ed50811d269ae5146a9aaafbd7482ef2.png,7161fa22640725668fc0302df04efdd9e4ac56a3f56e78f3d502b125d4289dcf
data/raw/doclaynet_hard_negatives/doclaynet_train_f6bc1e051b62a623232e.png,train,doclaynet:8871807_AdobeOCR.pdf,3,narrative_document,0,doclaynet,patents,patents_superacid_pags,8871807_AdobeOCR.pdf,40,2fbffc14269a4d83227b266e717a3324417848a03e31bff9cc79642e5ce1842a.png,c25bc07d2e4820ecd831c1f05b9157c893bd32310763cc9f330da21fbe8e5f5c
data/raw/doclaynet_hard_negatives/doclaynet_train_3cacbf1f43c9f9e26494.png,train,doclaynet:8877424_AdobeOCR.pdf,3,narrative_document,0,doclaynet,patents,patents_euv_sensitivity,8877424_AdobeOCR.pdf,52,75336af2635837d1c8243fdf6eb2afdc3feb0b02a3cb78c13741216d13c0f1a1.png,4bfd265ac6dca52452845dd1ab0327e431f23c4c2848d1d3bc78d9efea10b202
data/raw/doclaynet_hard_negatives/doclaynet_train_a31dcc71da12c2d42f91.png,train,doclaynet:20160342090_AdobeOCR.pdf,3,narrative_document,0,doclaynet,patents,patents_euv_sensitivity,20160342090_AdobeOCR.pdf,28,31355f14ba0add5880108e5445f64e42afc81feb38b66de999de095cb28fa08c.png,32dacafe742477573fc3c8b4b884aa7dedd77ce625454c07895d9979177fbf4a
data/raw/doclaynet_hard_negatives/doclaynet_train_7088dd393e515ed697a9.png,train,doclaynet:10915021_AdobeOCR.pdf,3,narrative_document,0,doclaynet,patents,patents_euv_sensitivity,10915021_AdobeOCR.pdf,17,3930b47713e9e6e0becfcaa97256e55f885a2fd89d24a26014c6610f590ff263.png,e8450d4cd99767972df062d6585c02045047f99fb07ab1d9a6790697bcaeb513
data/raw/doclaynet_hard_negatives/doclaynet_train_525c6f985624549eb68a.png,train,doclaynet:9958775_AdobeOCR.pdf,3,narrative_document,0,doclaynet,patents,patents_euv_sensitivity,9958775_AdobeOCR.pdf,32,6eb9331ac433fe486a86f279bdb682b095b88baeb3b549566b7314e4ebd11d86.png,a492bf0e647ffbf07e8305d5985b3ef3042e4fdcbb93da9481a03a6b8c5cf01c
data/raw/doclaynet_hard_negatives/doclaynet_train_ba134b136f82c35871fd.png,train,doclaynet:9069246_AdobeOCR.pdf,3,narrative_document,0,doclaynet,patents,patents_euv_sensitivity,9069246_AdobeOCR.pdf,27,5f69074c31156cb36d710502adb81be5bba5823753ce0c919041ededbdd02d7b.png,1f7ef61106a498e3fbaa405bb306380513a51ea2b61859392f8246826a352221
data/raw/doclaynet_hard_negatives/doclaynet_train_23074d22aad4f47c1de7.png,train,doclaynet:7504193_AdobeOCR.pdf,3,narrative_document,0,doclaynet,patents,patents_euv_sensitivity,7504193_AdobeOCR.pdf,8,d3ecbb74e3dd4b071bf8f9df3549984606b75314a2eae93db0402a0911641b3b.png,ec8601de5fca0a6e41f016e8bbf600ed64abea12981b6c358029b4eda5247000
data/raw/doclaynet_hard_negatives/doclaynet_train_085cb28bfeb633bc652a.png,train,doclaynet:6391949_AdobeOCR.pdf,3,narrative_document,0,doclaynet,patents,patents_superacid_pags,6391949_AdobeOCR.pdf,32,2630e6580512fdfba55d763c57296716b87d5c0d5c344cb2ec0a0e74b1ce3e6a.png,da71e9209a67666ae0c1923fc06dd6a168f7afd5de460bfee8becf6509ae6be9
data/raw/doclaynet_hard_negatives/doclaynet_train_4da6b191d2a09cb3d714.png,train,doclaynet:7655379_AdobeOCR.pdf,3,narrative_document,0,doclaynet,patents,patents_superacid_pags,7655379_AdobeOCR.pdf,12,f69c29c84fe56b449685da6de7607c7da343ec13b36e1a37797d65340ae28b74.png,256f513683f90f12f4dfdeeddc5617d75e11bc727201adf173557e887c9c2f59
data/raw/doclaynet_hard_negatives/doclaynet_train_cf5384b853aadbf0055a.png,train,doclaynet:WO2020008104A1.pdf,3,narrative_document,0,doclaynet,patents,patents_wp,WO2020008104A1.pdf,2,93f16931a45e28a1d881baf62f6d11624f879b15512df27005577319a510755b.png,229e5f1a9e6f4d337b42fc7e77f6c15dccf09b93a23295a3973c96a66f4afacd
data/raw/doclaynet_hard_negatives/doclaynet_train_7bff793f3d68c149c05a.png,train,doclaynet:4961873_AdobeOCR.pdf,3,narrative_document,0,doclaynet,patents,patents_superacid_pags,4961873_AdobeOCR.pdf,9,4b7a33132f917b6b5e9bcc485789728ea96847d0a68539f00b568186606bd357.png,f43ebd5ed0474ae6609258b153850406eebc975206578fdb53102ba34284ba44
data/raw/doclaynet_hard_negatives/doclaynet_train_f5b1cc089898f2493668.png,train,doclaynet:EP3800001A1.pdf,3,narrative_document,0,doclaynet,patents,patents_ep,EP3800001A1.pdf,5,52b1f0726a96748fe861c0b7cf0b4fd5254d88bd679a80a55441c90a490a969b.png,32e2bd634b8b42d34ab75da6ccc3cf5681402c17ff108718fa5a439433cc0181
data/raw/doclaynet_hard_negatives/doclaynet_train_21bf97e0302df1925be7.png,train,doclaynet:20070213429_AdobeOCR.pdf,3,narrative_document,0,doclaynet,patents,patents_superacid_pags,20070213429_AdobeOCR.pdf,0,fe1911c01a73fabaeb1aea165c97802058a14b1baf14ed2b3fe95744dba8d871.png,f916b1c6650aff165587c5d7f460772871dd9fd621332bf84668c567072b7d56
data/raw/doclaynet_hard_negatives/doclaynet_train_8bfec05825476106c89a.png,train,doclaynet:9115177_AdobeOCR.pdf,3,narrative_document,0,doclaynet,patents,patents_superacid_pags,9115177_AdobeOCR.pdf,7,e138050fb5f33609649ec5f2dee7f4fe9efb1d2488f61a5c0e47fc42d2cfbc15.png,a75823946a568cfda838c8a08c707b79807dffc0cc931ab374abdf3d58d108bf
data/raw/doclaynet_hard_negatives/doclaynet_train_5ffc1b1496d164a79e7f.png,train,doclaynet:WO2020081007A1.pdf,3,narrative_document,0,doclaynet,patents,patents_wp,WO2020081007A1.pdf,21,7284a85c5df216b512d151228b63610f363364d3f86ac035e8fadc77f5bce4a8.png,b45bf6c1e11572f87d335b036649a6e2dc5cec378faf4a00921e09a37bdf4b5d
data/raw/doclaynet_hard_negatives/doclaynet_train_a5d0c97d369e6d71ee61.png,train,doclaynet:WO2020021001A1.pdf,3,narrative_document,0,doclaynet,patents,patents_wp,WO2020021001A1.pdf,1,b11c588d42ceb650020b6f68003e6c9ea321a2c8a0683144da222a48f5649e2e.png,893bd02f51163809cae467bf421b199b2efa9ad69c061bf229354435a3fe40c5
data/raw/doclaynet_hard_negatives/doclaynet_train_61b7ff9585b11cf4bd94.png,train,doclaynet:10054853_AdobeOCR.pdf,3,narrative_document,0,doclaynet,patents,patents_superacid_pags,10054853_AdobeOCR.pdf,17,aad7ba025a84f600cb8cd1c686494450e3e4f70fa90399b7e791da4f4871d5ec.png,7dfc574c2d51e8bc632bf716f34b30e89db24926a788a45e18cd55423f368b3f
data/raw/doclaynet_hard_negatives/doclaynet_train_f4cfaafd2296ee764d5b.png,train,doclaynet:20190219920_AdobeOCR.pdf,3,narrative_document,0,doclaynet,patents,patents_euv_sensitivity,20190219920_AdobeOCR.pdf,54,39e8fc22eee6e5e9e060c539ec96b8b830c9c9b0d2ce7312ab419a8c087c80f3.png,e1f93567bdb3d927969824472f5e8d29cc17022280fb4bc33ecdfc80395c8a25
data/raw/doclaynet_hard_negatives/doclaynet_train_25ac3daffe8d49ae6c11.png,train,doclaynet:20190064665_AdobeOCR.pdf,3,narrative_document,0,doclaynet,patents,patents_euv_sensitivity,20190064665_AdobeOCR.pdf,44,e3c61879e74d507e67449a7ecbb64d2693c1dfbe192e975a142424dbe6bc4269.png,8dc93abca9da4a84463ae07d4526da15d09948ac5acc023bdae0da701dca1f7a
data/raw/doclaynet_hard_negatives/doclaynet_train_2691b35bf786ef14b311.png,train,doclaynet:10162262_AdobeOCR.pdf,3,narrative_document,0,doclaynet,patents,patents_euv_sensitivity,10162262_AdobeOCR.pdf,0,143d5812b0c80f90d5f0292d993f3f24c4706ac8bfc4a7da7b71230c762f9083.png,b3c5b825176dd4574b224569621faab08f9743afdbdf5c294b3b8204e840f252
data/raw/doclaynet_hard_negatives/doclaynet_train_8b48bc562d4fd8a2682b.png,train,doclaynet:CN100339783C.pdf,3,narrative_document,0,doclaynet,patents,patents_cn,CN100339783C.pdf,10,e59463972a7f4c7889401e6c698990d6e7b2c35340e4c76f43270af8c0ba1f63.png,c0cd6d09884977fd1036e12d49ef334647cd3f04e355971a8068d3f9db91964f
data/raw/doclaynet_hard_negatives/doclaynet_train_ad2b42a3dfbe7ba27549.png,train,doclaynet:KR100613319B1.pdf,3,narrative_document,0,doclaynet,patents,patents_kr,KR100613319B1.pdf,7,52f332452848d385c30dee5d92180c1abbeef9fce762bb68b098bdd407effa5f.png,ab570a3b6a7403e7ed39104b307e04146553465ec2a56a630791290e7d94aac3
data/raw/doclaynet_hard_negatives/doclaynet_train_221d363131f067398143.png,train,doclaynet:20180055777_AdobeOCR.pdf,3,narrative_document,0,doclaynet,patents,patents_superacid_pags,20180055777_AdobeOCR.pdf,11,e06ddf991d5357b40c22e2b21c4d461dbfbff6f5890159a9e7c343f6f17737d7.png,b9d641426bbfc51b810db02261c8aac126a01e3dbd6aefed39c455ba44a82b61
data/raw/doclaynet_hard_negatives/doclaynet_train_1f3544c8864a4d3cbe8e.png,train,doclaynet:20030124176_AdobeOCR.pdf,3,narrative_document,0,doclaynet,patents,patents_superacid_pags,20030124176_AdobeOCR.pdf,2,1d3b3a85c758ac00202cb040ce046dc01087737b317d20ed4fd9bffa76420dab.png,9a25c90193cc84afe56da2a3fe7b9ee6d6a693668ab8c913b0b40407a737c789
data/raw/doclaynet_hard_negatives/doclaynet_train_5e522f19da9b69e2c9d0.png,train,doclaynet:8187792_AdobeOCR.pdf,3,narrative_document,0,doclaynet,patents,patents_superacid_pags,8187792_AdobeOCR.pdf,0,b8f1e8ed63cf17794262454419e41d4d60051b9d5ba082eb88e8baf189466dd4.png,e8374240b184037eda99dac6a419b65b581bf0abb5400227042a4ef14512280a
data/raw/doclaynet_hard_negatives/doclaynet_train_2fa9069aed3a6dab2cf4.png,train,doclaynet:20200241417_AdobeOCR.pdf,3,narrative_document,0,doclaynet,patents,patents_euv_sensitivity,20200241417_AdobeOCR.pdf,69,fd9cc9cc12dd72c808b98a48ef2f5acb981272fe494ee2059f643af9a19791a4.png,0bc9c50c67aef2ecba2664ee1454e2ee5938f4a43f92356317beec13244a11ea
data/raw/doclaynet_hard_negatives/doclaynet_train_75519c81c57c4e09cb88.png,train,doclaynet:9513547_AdobeOCR.pdf,3,narrative_document,0,doclaynet,patents,patents_euv_sensitivity,9513547_AdobeOCR.pdf,17,376a809c863213063dd733640a053f3d0729dae93c41299ee98cb06e5efebb3c.png,9192fc046a4e4140acd9ff3e2c9be5ae9ab4d7f02255ae9743d39868decdc764
data/raw/doclaynet_hard_negatives/doclaynet_train_e3a1a5dfc78918b5d4ec.png,train,doclaynet:JP2017066262A.pdf,3,narrative_document,0,doclaynet,patents,patents_jp,JP2017066262A.pdf,5,97d48f0508ed37c257b4994681c3e2faacba5dfdc668c69ab4db03e93eca887d.png,6ab3c04dd5dacab10f2670b5d1c501a5b525335273d878b8e44176dbf8667d6b
data/raw/doclaynet_hard_negatives/doclaynet_train_28c028082b58ad7a305e.png,train,doclaynet:10871711_AdobeOCR.pdf,3,narrative_document,0,doclaynet,patents,patents_euv_sensitivity,10871711_AdobeOCR.pdf,84,6240484f1f3705f93fa2d0a98b1fcc90ff059b23c7629e05cefe49e38e0aa780.png,2c8d57e2d248e84c72d609746dc3d12cce5bd797c5dd98a5c81a178382811ba5
data/raw/doclaynet_hard_negatives/doclaynet_train_965503ffeda6c4669d13.png,train,doclaynet:9152050_AdobeOCR.pdf,3,narrative_document,0,doclaynet,patents,patents_euv_sensitivity,9152050_AdobeOCR.pdf,14,e7d750bf13c970bcf242bc2ea07dfcfc5faf9118a54a1fe648be1633db384c93.png,ee5298fe6808bcfe16615927cfdf3e88ba4aff16de5f686826d17b1ffcf8e6b9
data/raw/doclaynet_hard_negatives/doclaynet_train_91874454b51179263449.png,train,doclaynet:7753974_AdobeOCR.pdf,3,narrative_document,0,doclaynet,patents,patents_superacid_pags,7753974_AdobeOCR.pdf,0,b19f9bf4d5744032bc8f4e0036238b927910cc1986bfc6106bb8589f1526fb88.png,17f02a337ab0d796cab747837b473769e28394da4c9fe4a224dc69310b74ffc6
data/raw/doclaynet_hard_negatives/doclaynet_train_f368344dafa7c6d159e5.png,train,doclaynet:20200246423_AdobeOCR.pdf,3,narrative_document,0,doclaynet,patents,patents_superacid_pags,20200246423_AdobeOCR.pdf,105,a76d1afe7ed7c5b8a7487a1e67cfc328ca0df9bd410e18a5af1a955d9f8a60bb.png,92663703a3e95ce8c602c83c02be42b5d86175ce4ec38ac50e28b6e077175709
data/raw/doclaynet_hard_negatives/doclaynet_train_ead09e67cf9c4dc0832e.png,train,doclaynet:EP2100022B1.pdf,3,narrative_document,0,doclaynet,patents,patents_ep,EP2100022B1.pdf,3,ead440914ee7e57ab84ab98e78926756e1c74602135b80c0e2440a6414fda695.png,51e642557472003184892f3dc12b4e969b54d0f36a9152f25cc34a6a8e46e64e
data/raw/doclaynet_hard_negatives/doclaynet_train_3896932b15bb916a0d55.png,train,doclaynet:20210033969_AdobeOCR.pdf,3,narrative_document,0,doclaynet,patents,patents_euv_sensitivity,20210033969_AdobeOCR.pdf,107,e867fa06afc8d9174b5ae6434971738d809b6eec12d068688e7a7f9d35249e7c.png,09d464eed01c52d6c6fd9ae14a309b1cb4dc93731e114be2cd240533860ed1b0
data/raw/doclaynet_hard_negatives/doclaynet_train_da99a86d4523126f8a9f.png,train,doclaynet:EP3800019A1.pdf,3,narrative_document,0,doclaynet,patents,patents_ep,EP3800019A1.pdf,21,19276ef085e42433b89a2e69c41cf510a2db8e1061d00a3aacab61dbb01ba6f0.png,76afef855cc3994f7b42e8cc96c3ee1e5d11289e6af813c68b0fc9e01236492f
data/raw/doclaynet_hard_negatives/doclaynet_train_5118f3b22fdcbdea408e.png,train,doclaynet:10131736_AdobeOCR.pdf,3,narrative_document,0,doclaynet,patents,patents_superacid_pags,10131736_AdobeOCR.pdf,6,27e217061b3c19c08f5a6ddb90ae9a9ecd70a0884b4ba26001be9d503a6f7bd6.png,5bc4e914d3075a3cbc0b7e8ca18d89bfaaed0e03a6daaf400d36c40278c2a575
data/raw/doclaynet_hard_negatives/doclaynet_train_c7496ec85704e0534d78.png,train,doclaynet:3814586_AdobeOCR.pdf,3,narrative_document,0,doclaynet,patents,patents_superacid_pags,3814586_AdobeOCR.pdf,1,df3450bfa384ad2fb074786ac02e3add0e9c2b56f516d0154d7487a2d39a6e93.png,96fa62cbace65ec173924984750a9b5c9859613f6ddc848a00fb32bd912a3690
data/raw/doclaynet_hard_negatives/doclaynet_train_e0fd94210e6fac874232.png,train,doclaynet:9291896_AdobeOCR.pdf,3,narrative_document,0,doclaynet,patents,patents_euv_sensitivity,9291896_AdobeOCR.pdf,91,24c11f0ae4ffdcb0c39381e1ade37bded41aaeed7fff225e16d3b7caa0a97099.png,c7dc8eecd1a21c96c4b0a49e94f6334910c15fc44b07ad5d511e86d09a779a11
data/raw/doclaynet_hard_negatives/doclaynet_train_5051d6edf079590f7cc9.png,train,doclaynet:JP2017066265A.pdf,3,narrative_document,0,doclaynet,patents,patents_jp,JP2017066265A.pdf,5,bd58e8c64c34d1edb4518d9b197b1731479f8d25c50a67d91a02d335216ae971.png,48bc2e41a0abad281206fe90892e105724339a77b3717ba6b7d429947bf5641e
data/raw/doclaynet_hard_negatives/doclaynet_train_6a5f73261e97eccb8e67.png,train,doclaynet:20190113844_AdobeOCR.pdf,3,narrative_document,0,doclaynet,patents,patents_euv_sensitivity,20190113844_AdobeOCR.pdf,77,f337ee6e971cd6aac9611509e04b3537a6808157b71027ba1c46af227f026e59.png,d19e10ff62913c428584a91a3b7464c95d7d1265c96f867fbf1c936b1e201ef6
data/raw/doclaynet_hard_negatives/doclaynet_train_051024b5305590153613.png,train,doclaynet:20200190338_AdobeOCR.pdf,3,narrative_document,0,doclaynet,patents,patents_superacid_pags,20200190338_AdobeOCR.pdf,11,e3c7faa2a784b99a224cea674f649d06b20a6fd3c56931024c2213bef1caf69d.png,c02224bd63b3577f1ff498488914a4496c2cef52406c87772b559b8c1284e16d
data/raw/doclaynet_hard_negatives/doclaynet_train_5c0af86b70e1ec6dfa2a.png,train,doclaynet:9383646_AdobeOCR.pdf,3,narrative_document,0,doclaynet,patents,patents_euv_sensitivity,9383646_AdobeOCR.pdf,6,dff5de88588e53d5eac0099a8b7b9eeef4283d1325b85e67b80afab789893e72.png,e236978179d4d89f0a730a2eb061bf5795afbf900b54921b8cc50813bfe73847
data/raw/doclaynet_hard_negatives/doclaynet_train_4a56be6fadbaf1d0cc22.png,train,doclaynet:EP3800007A1.pdf,3,narrative_document,0,doclaynet,patents,patents_ep,EP3800007A1.pdf,28,9590fac54f71cf71a33d814bb781bcef03ef24002c33292bf36485caf43563f1.png,b8adb34b4dd5ccc683726d4267790ad59dda89a6c8f72204b2f0d5898c4541ac
data/raw/doclaynet_hard_negatives/doclaynet_train_10d7f35e5b4d92926805.png,train,doclaynet:20200401045_AdobeOCR.pdf,3,narrative_document,0,doclaynet,patents,patents_superacid_pags,20200401045_AdobeOCR.pdf,44,394e3ea468384eabb7297be3a7550832eac82571efe4d86cf778676e9dc044fe.png,04bd174dbbe1790012c7afa9407a40e8af048b85174583b43a5b2d85dc09755a
data/raw/doclaynet_hard_negatives/doclaynet_train_0544e709cb6586e6f743.png,train,doclaynet:20190041751_AdobeOCR.pdf,3,narrative_document,0,doclaynet,patents,patents_superacid_pags,20190041751_AdobeOCR.pdf,13,6766b58b117b421db2eb9faffc326f05692c65e25d99234757b12fe17205711e.png,532fe41434a953d2a01ac77e48a42b9cf795c8bd10586afb0dafb0f2236714ee
data/raw/doclaynet_hard_negatives/doclaynet_train_eb9f89abcfa0fbd92445.png,train,doclaynet:20180373148_AdobeOCR.pdf,3,narrative_document,0,doclaynet,patents,patents_euv_sensitivity,20180373148_AdobeOCR.pdf,84,b2b8c4676719432f6826eab8241765bede58ba260550ba59c8e2db5461048ae7.png,2f5beaca3014b4799cdbcbc94968477963f00c3a35e170fa945f3e25591702e5
data/raw/doclaynet_hard_negatives/doclaynet_train_12fc79354b741e2d8d79.png,train,doclaynet:20110104454_AdobeOCR.pdf,3,narrative_document,0,doclaynet,patents,patents_superacid_pags,20110104454_AdobeOCR.pdf,0,506c3155e0112df860f254e66d138e0f2219c4a6a92326199809d87fc5bd4e1b.png,5a0a000d0f21aff9a1bbc5ff563af9b12a25703e7060ba1ab0ffa8bf9c7404d4
data/raw/doclaynet_hard_negatives/doclaynet_train_b66c6d8460496c82efb9.png,train,doclaynet:EP3800000A1.pdf,3,narrative_document,0,doclaynet,patents,patents_ep,EP3800000A1.pdf,6,fa0b9777dc92292d0c5807f3be951864ef49ff69cb25f9ff6e6505b208902545.png,5ea2c4a829fc644b8b099150b8a1413cbe356a4dbd4a8e3e30990ce993542ce7
data/raw/doclaynet_hard_negatives/doclaynet_val_22ce6ed5c621305615a4.png,val,doclaynet:OTC_SDXHF_2013.pdf,2,structured_document,0,doclaynet,financial_reports,ann_reports_10_14_fancy,OTC_SDXHF_2013.pdf,230,5edb7b714f7ba2d2f04e350f1cdafea19a13917d6325b982abe7660a78ffebe9.png,9fa00285c3cc071cbdfa5e75cf5d085f365bb55faccb20084a03e51a2cc4959e
data/raw/doclaynet_hard_negatives/doclaynet_val_0d729b2c576dc1549159.png,val,doclaynet:ASX_ILF_2011.pdf,2,structured_document,0,doclaynet,financial_reports,ann_reports_10_14_fancy,ASX_ILF_2011.pdf,15,15917e580dc63c8715e80f3f4f7fab88bb6f49f4f112a779bdbf40918114a186.png,360fbcf20d9bb6e1ad7b14f8c75d131c1e8861a4f440e5000027e1443d8bfd12
data/raw/doclaynet_hard_negatives/doclaynet_val_4790a1e14df4e641f45b.png,val,doclaynet:NASDAQ_POWL_2002.pdf,2,structured_document,0,doclaynet,financial_reports,ann_reports_00_04_fancy,NASDAQ_POWL_2002.pdf,32,5e0fccca5eaf6e6cdbbfee27a960acee5e030c9a5a7f5d79d887270214b47795.png,eb1769582076173002bde7c18148e042d1b0963feaf490d3f0cb7da50237fc2f
data/raw/doclaynet_hard_negatives/doclaynet_val_9ecfacc1434320ed8312.png,val,doclaynet:NYSE_WOR_2013.pdf,2,structured_document,0,doclaynet,financial_reports,ann_reports_10_14_fancy,NYSE_WOR_2013.pdf,2,84ab7fbb4e95916ef641918143309261fd6c716e25edf7dcb82ac86c4f2e0075.png,8624d0960803062e278959d4408ef10b5899e3753c14da81970d3655a69aaa68
data/raw/doclaynet_hard_negatives/doclaynet_val_434b3ce897b3c97b5a26.png,val,doclaynet:NYSE_HAE_2003.pdf,2,structured_document,0,doclaynet,financial_reports,ann_reports_00_04_fancy,NYSE_HAE_2003.pdf,4,494e3c9d61c1f949dc1b9ed1c22f8ff57050cc507aec47e154e4ecc48518addd.png,7284cab5d4154e585f8bfc18f8acc9428573a3908aee0eacd22903b6ea923e27
data/raw/doclaynet_hard_negatives/doclaynet_val_e6d730b749c193776ced.png,val,doclaynet:NYSE_MS_2001.pdf,2,structured_document,0,doclaynet,financial_reports,ann_reports_00_04_fancy,NYSE_MS_2001.pdf,7,9dd226c539ef406d77dbf95d269a5ecbb4fbc6d97f67a32d09b01780c79dc29a.png,216f4f51b6f3d3923de76c149ab4ebbe06a6015ec8e6a9fbb047fd87d733e749
data/raw/doclaynet_hard_negatives/doclaynet_val_a975bce9065034b43c26.png,val,doclaynet:NASDAQ_ABCB_2004.pdf,2,structured_document,0,doclaynet,financial_reports,ann_reports_00_04_fancy,NASDAQ_ABCB_2004.pdf,65,ac13084c48dcbed4d22d6007154a00f950a02425ea150cec72e49e0f04899aa5.png,b4797b8613c6ea53e628d312ae3499dca1b274d0ea03679968853eff853a7c2b
data/raw/doclaynet_hard_negatives/doclaynet_val_c069f2592ad738a372c2.png,val,doclaynet:OTC_STKAF_2002.pdf,2,structured_document,0,doclaynet,financial_reports,ann_reports_00_04_fancy,OTC_STKAF_2002.pdf,66,0bd6d5567f54d243aa11e4ab26d25692d24370dd96f7fd10f606b47fbf90946f.png,2f4001c52e133fab6d957aed00908734358621a6b7e1c07a577573f05d1633e9
data/raw/doclaynet_hard_negatives/doclaynet_val_2ba2cacedea4884526e6.png,val,doclaynet:NYSE_FDS_2003.pdf,2,structured_document,0,doclaynet,financial_reports,ann_reports_00_04_fancy,NYSE_FDS_2003.pdf,19,46ae3fe03c32fec284023a101ea2ee337123ae39d61cfc49d22b32fb71f87e03.png,841b89dd1f768d80af25603a2c5f4cdcece733f3f7109e031ebb57127a293112
data/raw/doclaynet_hard_negatives/doclaynet_val_0997de4ff08ed88ea13e.png,val,doclaynet:0000011544-20-000016_20200220x10k.pdf,2,structured_document,0,doclaynet,financial_reports,sec_filings,0000011544-20-000016_20200220x10k.pdf,7,d78c3c4eed16c6b26361dd0a34f962831bf015f16f0ab36942df69d04a70da92.png,58430fde46fd0fc795c8c6f327d8a154dd7476cd9a9e373401b5f6ca98a12689
data/raw/doclaynet_hard_negatives/doclaynet_val_20c6faf5f0168badf7a6.png,val,doclaynet:0000019617-20-000257_20200225x10k.pdf,2,structured_document,0,doclaynet,financial_reports,sec_filings,0000019617-20-000257_20200225x10k.pdf,247,c794be89bec4ff1ae4c85ee0c8a2cfcebc9e25baf403fcdfa569752153bbba2b.png,dcd5c0c06d7045ed1e6a9788e116902678d9c096a15b6aa927614b052650a062
data/raw/doclaynet_hard_negatives/doclaynet_val_16c974c98c5ef8eb4b1c.png,val,doclaynet:ASX_ASX_2003.pdf,2,structured_document,0,doclaynet,financial_reports,ann_reports_00_04_fancy,ASX_ASX_2003.pdf,10,4f011b978db347f875087b30117154b23fbd7a4fd868089cf27c02978fd3ade7.png,8b16e255500c86fafd37cb7cafeaa5cbf69aa88e76af8526741e7e5f5791544a
data/raw/doclaynet_hard_negatives/doclaynet_val_dedaddb20b45748aecf3.png,val,doclaynet:NYSE_GLW_2004.pdf,2,structured_document,0,doclaynet,financial_reports,ann_reports_00_04_fancy,NYSE_GLW_2004.pdf,1,a603014daabc84e702f111cbaeec3120416e74c3eb8f8a51fc8252dc0ef432ce.png,df4d5906ab19942969b583b014a2f11df799c664d2f8db700dd4cd7237aa4ab3
data/raw/doclaynet_hard_negatives/doclaynet_val_c7efa0fa9b0422335c82.png,val,doclaynet:TSX_PWF_2014.pdf,2,structured_document,0,doclaynet,financial_reports,ann_reports_10_14_fancy,TSX_PWF_2014.pdf,2,09eec873f2f176460163b53b369c432bee1d81bbe41914342585435c6a117360.png,f5aea6c2c8fd4c5a1e846f1056ff51bd36bbdf84ebd5c3f0a96985dcce199ca0
data/raw/doclaynet_hard_negatives/doclaynet_val_9f1a790ecbb3414f26aa.png,val,doclaynet:0000021175-21-000022_20210209x10k.pdf,2,structured_document,0,doclaynet,financial_reports,sec_filings,0000021175-21-000022_20210209x10k.pdf,34,e21c1ba7ee774c24a5e5ad33e4063139291676bef0132ee4fb9451b8d0f38bc9.png,ff3a3e13b5a155d581dc702695a2eb73e3b8d8748d7a2277a2d88d5f9a8fc03d
data/raw/doclaynet_hard_negatives/doclaynet_val_b8794249264117d9a5c7.png,val,doclaynet:NYSE_ACN_2001.pdf,2,structured_document,0,doclaynet,financial_reports,ann_reports_00_04_fancy,NYSE_ACN_2001.pdf,41,15e5d59817d701bbc673be2545b880e70495069a262b7acdd3642a3dfdc8742e.png,1c7b9b526bf94cba94a5b36db999e30ef578337d25ab8658412b9daa11dc29f2
data/raw/doclaynet_hard_negatives/doclaynet_val_69346171eabfae9cc1ca.png,val,doclaynet:TSX_SRB_2014.pdf,2,structured_document,0,doclaynet,financial_reports,ann_reports_10_14_fancy,TSX_SRB_2014.pdf,23,e3dec2750ad6777ba77ad2165eb4051232cde3860588e74899fce84b5d048b3b.png,51a6f228d3a66850da5aa5ac8ffceed774ed9f833c342a2bd54f32dc23ef7c6e
data/raw/doclaynet_hard_negatives/doclaynet_val_942a5544145cf5646f02.png,val,doclaynet:TSX_Y_2012.pdf,2,structured_document,0,doclaynet,financial_reports,ann_reports_10_14_fancy,TSX_Y_2012.pdf,74,64533f3b221bfe4018b29dc2efde05e20a6d6c93ac337a16479932df1e8f2001.png,dfed0856a7c6c3e71807edb85683b9e12add90263092042ead2abee57147f8d5
data/raw/doclaynet_hard_negatives/doclaynet_val_a5576fe56e36da00b004.png,val,doclaynet:0000016732-19-000070_20190926x10k.pdf,2,structured_document,0,doclaynet,financial_reports,sec_filings,0000016732-19-000070_20190926x10k.pdf,79,f51b84d58602abf509dfd0fae2ff6ec664f2f0318cee0ab373887946be672671.png,adccfac2da61f6c7a83c06d387e4c26f0c737fcdcdded3e3cd7d31c9c6c2d6f6
data/raw/doclaynet_hard_negatives/doclaynet_val_68c8bf0ddbfb2299b83a.png,val,doclaynet:0000016918-20-000078_20200421x10k.pdf,2,structured_document,0,doclaynet,financial_reports,sec_filings,0000016918-20-000078_20200421x10k.pdf,81,33c1bbbdd9d0af1da01b6be941bd51abfdfb9c33733a265ab23407f598719a89.png,4caefe529fade3f975c4396cd0b59d3d4e6e9bedbf4dda8e58004eecafdc475c
data/raw/doclaynet_hard_negatives/doclaynet_val_fbce7f858ec380f9c13c.png,val,doclaynet:NYSE_PVA_2004.pdf,2,structured_document,0,doclaynet,financial_reports,ann_reports_00_04_fancy,NYSE_PVA_2004.pdf,2,18523c9be6a6c2017fadf5593667afd7002df3d7ab8a5eb76e0f52984bc6f049.png,960f0022f8c9240d6327204372eba54397db64e9f547dd69de947645c1a29ba8
data/raw/doclaynet_hard_negatives/doclaynet_val_b8174ac1f98cfe58787c.png,val,doclaynet:ASX_ORI_2012.pdf,2,structured_document,0,doclaynet,financial_reports,ann_reports_10_14_fancy,ASX_ORI_2012.pdf,121,285ead3a904c7f58a296fe97f9bed393abe4e8452919b1dd68e53d3f1d631b25.png,8abccc28dfba71b340b4d165ed3581077e0af007f15eed5f24c57df744b15cfb
data/raw/doclaynet_hard_negatives/doclaynet_val_fe2bd034f38984f68d93.png,val,doclaynet:NASDAQ_UCBI_2014.pdf,2,structured_document,0,doclaynet,financial_reports,ann_reports_10_14_fancy,NASDAQ_UCBI_2014.pdf,7,66c095f64cb4a07455e00f9a3e86dfeb946bf0c7b151abef30e8d1f6a868c8b0.png,6db1d71cb37c9b8ad8ff05c932e2caff82b0c1d2c2fc769264286f93f3c28ae5
data/raw/doclaynet_hard_negatives/doclaynet_val_2e4a236925d0c847d252.png,val,doclaynet:NYSE_SYK_2004.pdf,2,structured_document,0,doclaynet,financial_reports,ann_reports_00_04_fancy,NYSE_SYK_2004.pdf,36,c10fd9328e530d72df4f00c26611fbdbd136a6120c1a4ef83ff662f62a271afd.png,feabac77b4934bee77ae449b9cb66245bb10df00506b83b5cf0bab72e531d958
data/raw/doclaynet_hard_negatives/doclaynet_val_0df46b1ab832f5e9f853.png,val,doclaynet:0000029989-19-000007_20190212x10k.pdf,2,structured_document,0,doclaynet,financial_reports,sec_filings,0000029989-19-000007_20190212x10k.pdf,3,1e0452a41d8d173fcc32df6d7cf9f709d8945740bf56611509ef4536a927471a.png,af7c9201d3f0e9011aadcf29a8c6a7e89e09a4e59e63dfa402b32ec11cc7484e
data/raw/doclaynet_hard_negatives/doclaynet_val_5c8d995e28e1445125d7.png,val,doclaynet:NYSE_JWN_2003.pdf,2,structured_document,0,doclaynet,financial_reports,ann_reports_00_04_fancy,NYSE_JWN_2003.pdf,44,bf34ce500ae54d3200beeb832ca7e2322693888483c7d1ead0f5c1dcbf161723.png,e1a5894f7183353f72bfb9bd5f364eee582321bdb31f26929da2a5a7d230be88
data/raw/doclaynet_hard_negatives/doclaynet_val_73b8f79c1957847a8e1d.png,val,doclaynet:NYSE_WAL_2014.pdf,2,structured_document,0,doclaynet,financial_reports,ann_reports_10_14_fancy,NYSE_WAL_2014.pdf,0,1e80e569a5ec5f1c4e9abcae0fa70a47bdb14ce96bbc6f5ccb3ba7c409c73f37.png,c7b177a8d8e47cf785a0352bbde5bc61b4aa062fdf47bbcd9d23e2bfb105983c
data/raw/doclaynet_hard_negatives/doclaynet_val_e0cae50378164143773f.png,val,doclaynet:NYSE_SSL_2003.pdf,2,structured_document,0,doclaynet,financial_reports,ann_reports_00_04_fancy,NYSE_SSL_2003.pdf,44,23920d5da39dc72309649121d1affd3d91e88405fbb0de8fee6efef438cc9c58.png,5b79804a5d07c1eecaf2538cd5fdcd19acfd101c2eea323e6088467e85a87696
data/raw/doclaynet_hard_negatives/doclaynet_val_4caf87b7e200e66e45ae.png,val,doclaynet:OTC_SDXHF_2013.pdf,2,structured_document,0,doclaynet,financial_reports,ann_reports_10_14_fancy,OTC_SDXHF_2013.pdf,154,6892e0e5a3eb98adfe610123154a97df9d08fa4bfa230d20122d23d382c81107.png,65928cabd14a13770d5f96d3868485f1e32a24946690e3f8a2ec001e713c3e02
data/raw/doclaynet_hard_negatives/doclaynet_val_5acc2c8dcb344d4b67f5.png,val,doclaynet:ASX_ILF_2011.pdf,2,structured_document,0,doclaynet,financial_reports,ann_reports_10_14_fancy,ASX_ILF_2011.pdf,16,4324f273928d26e182717b410b215477bbc91f45da98bc85021a8697bc85f9de.png,86e905f920e3365284b7a8b235e1bdf61f02fa19762aa8d75ad3e9ef15357d05
data/raw/doclaynet_hard_negatives/doclaynet_val_dab36dd8c08ac74527dd.png,val,doclaynet:NASDAQ_POWL_2002.pdf,2,structured_document,0,doclaynet,financial_reports,ann_reports_00_04_fancy,NASDAQ_POWL_2002.pdf,30,ac4e7afdb38d4aedb68a07057706453c3b0dc2cfd5a3cc0b18c0fbadb61fdeb6.png,55d4a05ffbabf7829c3b5d4a5ee1308af55bcb2ef98abda08d422543d27e71b9
data/raw/doclaynet_hard_negatives/doclaynet_val_951c3361d3e9ea58c9dd.png,val,doclaynet:NYSE_WOR_2013.pdf,2,structured_document,0,doclaynet,financial_reports,ann_reports_10_14_fancy,NYSE_WOR_2013.pdf,4,0f92409f4fdd47f9beca13eb7a0b26b4bd694793e34805808230c31a300b95ed.png,3bf9525a506c528ca2c2c074b9b24096c78754c11ef25e7bf9ef82c4265863f0
data/raw/doclaynet_hard_negatives/doclaynet_val_22d949da648c2c4ead80.png,val,doclaynet:NYSE_HAE_2003.pdf,2,structured_document,0,doclaynet,financial_reports,ann_reports_00_04_fancy,NYSE_HAE_2003.pdf,8,24078151aa6ca3b085ebb5dc4168dcc10c38600fa39720c42059a5626e8bfd0f.png,ffe5f0df3c8514dba3cd51b598902c7452464ac958d6a6811dde592b980fc1bf
data/raw/doclaynet_hard_negatives/doclaynet_val_f3c18ecad39390ea2526.png,val,doclaynet:NYSE_MS_2001.pdf,2,structured_document,0,doclaynet,financial_reports,ann_reports_00_04_fancy,NYSE_MS_2001.pdf,8,faba7380e7854ff706bf2d65543959130c546316cc734bff69a51781b36b798b.png,ca9969264a6c61ff45ecd04f9b86c88fe89ed790582634d01ab8696d1fb9fd7c
data/raw/doclaynet_hard_negatives/doclaynet_val_053c477ce80db60ad262.png,val,doclaynet:NASDAQ_ABCB_2004.pdf,2,structured_document,0,doclaynet,financial_reports,ann_reports_00_04_fancy,NASDAQ_ABCB_2004.pdf,21,0dca71fda96e46e7d4a62b0500bedb0ec737c1bb96b4114d27ba8a0a7f0fbb69.png,e27e126bf9b220802e701bd71a4417e1f392cddf2ee4bbba6fce2e4f56b4e0bd
data/raw/doclaynet_hard_negatives/doclaynet_val_b0ac1c350e1076e964da.png,val,doclaynet:OTC_STKAF_2002.pdf,2,structured_document,0,doclaynet,financial_reports,ann_reports_00_04_fancy,OTC_STKAF_2002.pdf,68,92383c5630f103084eb68ba88586839b28394041b6993ec818414c40f4339e85.png,ec090bd85dcc76a846e8db390030ddbcb8d2e4213bf2281a601d83150a1eadc8
data/raw/doclaynet_hard_negatives/doclaynet_val_d90b4ab978c918f1a1b4.png,val,doclaynet:NYSE_FDS_2003.pdf,2,structured_document,0,doclaynet,financial_reports,ann_reports_00_04_fancy,NYSE_FDS_2003.pdf,26,4ec396d586f6f4c0c5e5a7be687d44be6144fed5604d9fffa776220b0672e2bf.png,0605863bf98d1857fc083a94a8477d896e0608a9829d12b6844f80a4bb246226
data/raw/doclaynet_hard_negatives/doclaynet_val_fb9a2f4de592740dcea2.png,val,doclaynet:0000011544-20-000016_20200220x10k.pdf,2,structured_document,0,doclaynet,financial_reports,sec_filings,0000011544-20-000016_20200220x10k.pdf,128,bbde9c6bf79167b7e79e461c3544ea68baa4a8288de1b491ef582d2421049939.png,c657016636fd7cbc7951683c4ff330710c457f04b21f3983550084e02ea69f78
data/raw/doclaynet_hard_negatives/doclaynet_val_ffd81dd1df9bffce81c1.png,val,doclaynet:0000019617-20-000257_20200225x10k.pdf,2,structured_document,0,doclaynet,financial_reports,sec_filings,0000019617-20-000257_20200225x10k.pdf,244,537a67a09c2b9a3d5910bf42af6a79b05d8dcf1324f77ffe05083f4181805edb.png,95cabd11f947d5e0cf4ea0ed9e1204b8550ef659bc342f171638ea77e59ee87b
data/raw/doclaynet_hard_negatives/doclaynet_val_b0dae37a752c4a996bb8.png,val,doclaynet:ASX_ASX_2003.pdf,2,structured_document,0,doclaynet,financial_reports,ann_reports_00_04_fancy,ASX_ASX_2003.pdf,61,f1ffc17544d6fa283b8c40633e52446cb5cd581e3f5362be505b016793e0e8e5.png,98a9780e67f000df37999f0a9934d3d73db129beda63a392fe99adb0cfa40caa
data/raw/doclaynet_hard_negatives/doclaynet_val_72ec4b4f1ce31c78b3b9.png,val,doclaynet:NYSE_GLW_2004.pdf,2,structured_document,0,doclaynet,financial_reports,ann_reports_00_04_fancy,NYSE_GLW_2004.pdf,4,372873736eaa4894e94fe33f3137daed81050d692da6df0a51ea5e16f0d49911.png,aa6ace14af551658dedab6e410502f890abdc09e0e9c694baf612c77d4ebb777
data/raw/doclaynet_hard_negatives/doclaynet_val_38bbedda5a8c1dd8a374.png,val,doclaynet:TSX_PWF_2014.pdf,2,structured_document,0,doclaynet,financial_reports,ann_reports_10_14_fancy,TSX_PWF_2014.pdf,116,b1f3837e6489baad7860340f7cbbda97d09156eec1aee9e21ce8c2a0c3c75ea5.png,65c9d565d6a92cd67bc60cd643a5d91fcaa6148ab678011f41cd99172ead3fc6
data/raw/doclaynet_hard_negatives/doclaynet_val_66f970b6a22e18f545dd.png,val,doclaynet:0000021175-21-000022_20210209x10k.pdf,2,structured_document,0,doclaynet,financial_reports,sec_filings,0000021175-21-000022_20210209x10k.pdf,110,3ab0d49f9c35793d0deb3e558360e4ecd27f2a63d56ebdaff75f840099894212.png,d948bba3efb256cd73212040eef7bfc02839872cea7207cbe4b44465aba296bd
data/raw/doclaynet_hard_negatives/doclaynet_val_49ba2d4bfd123181695b.png,val,doclaynet:NYSE_ACN_2001.pdf,2,structured_document,0,doclaynet,financial_reports,ann_reports_00_04_fancy,NYSE_ACN_2001.pdf,37,bd0de16303bb8427366a80e595d2ae93fe37083e0f17a9f32142f74a840d6d5b.png,82185fc452f2ab727f0d20affa24ffca54840988c327d3f2bb4c643712dd59a3
data/raw/doclaynet_hard_negatives/doclaynet_val_dfb375d7f68a813632b6.png,val,doclaynet:TSX_SRB_2014.pdf,2,structured_document,0,doclaynet,financial_reports,ann_reports_10_14_fancy,TSX_SRB_2014.pdf,65,fab46b49ca97310156932108602d508b23c98fe4647e41681ad0480464cb7b13.png,7d0993dbb729d92206416c079e87acffd1a7651b638a068a215adda7a2634ff6
data/raw/doclaynet_hard_negatives/doclaynet_val_84b36a931daeb8d3e912.png,val,doclaynet:TSX_Y_2012.pdf,2,structured_document,0,doclaynet,financial_reports,ann_reports_10_14_fancy,TSX_Y_2012.pdf,70,4edb60d0427de0cba38a17a45021160edfad09616c63bef9efb7f520d1828546.png,81018fbd6b095eb33a61249cb78b34524e41bea22fdb5be81a9f345b7ce0875d
data/raw/doclaynet_hard_negatives/doclaynet_val_273ed5777d194d88decf.png,val,doclaynet:0000016732-19-000070_20190926x10k.pdf,2,structured_document,0,doclaynet,financial_reports,sec_filings,0000016732-19-000070_20190926x10k.pdf,1,cad0c0e97b1722d36652a349a7bf93d999e63088739b0a19d7f3c56383174e3e.png,e682087b654450b39bda06acb4b10ed1c5dd30c74009c2e63839421736dc6e09
data/raw/doclaynet_hard_negatives/doclaynet_val_9354ab6d8e28aba433e2.png,val,doclaynet:0000016918-20-000078_20200421x10k.pdf,2,structured_document,0,doclaynet,financial_reports,sec_filings,0000016918-20-000078_20200421x10k.pdf,83,776fae28992be24c3d55422c46ce8ebbdcf67137f5e7b20e7439861d02681631.png,0b100fdbf7b55116adf2606a8ae196714aafef51a15f08e27eaea241bfde920b
data/raw/doclaynet_hard_negatives/doclaynet_val_fc33970513736ceb1d34.png,val,doclaynet:NYSE_PVA_2004.pdf,2,structured_document,0,doclaynet,financial_reports,ann_reports_00_04_fancy,NYSE_PVA_2004.pdf,4,b4fcb807a5327be88c90d609ea19138bcfc9edbf4a0a24444508be71a9418f10.png,937e8137a71b96b58d09c52e22606904d19aac6e65d0b29971c386a65a5098e8
data/raw/doclaynet_hard_negatives/doclaynet_val_0a5e1817622f24436591.png,val,doclaynet:ASX_ORI_2012.pdf,2,structured_document,0,doclaynet,financial_reports,ann_reports_10_14_fancy,ASX_ORI_2012.pdf,139,ea5c453b6fe2de42a781e15b7600293e2c90955df1853483bfeb68a430222884.png,0eacce4560d4a1b532741bd0321a206fcdae209312a766227dee009042f162c1
data/raw/doclaynet_hard_negatives/doclaynet_val_aba09e8c080a91b3daec.png,val,doclaynet:NASDAQ_UCBI_2014.pdf,2,structured_document,0,doclaynet,financial_reports,ann_reports_10_14_fancy,NASDAQ_UCBI_2014.pdf,1,ce584cb788510c3189b6f55b2867311e21df6eec347ccca305a5f0ad82216842.png,c3e4ac6ffc3b52826c62184af6a01c79ca2ffd98a6367c2f14ebf5ca9534aeb2
data/raw/doclaynet_hard_negatives/doclaynet_val_6732d25a23692efed4c3.png,val,doclaynet:NYSE_SYK_2004.pdf,2,structured_document,0,doclaynet,financial_reports,ann_reports_00_04_fancy,NYSE_SYK_2004.pdf,54,f08ea96d171d3879aec62a1f187fb72a9aa8dbbf2077f0fc77a63767c15a0ab0.png,54db2ea2668b60c4c7e4add2ce88d48f87435207aed755198623df3680ea3a49
data/raw/doclaynet_hard_negatives/doclaynet_val_7b4ead4ae2728d40ec7d.png,val,doclaynet:0000029989-19-000007_20190212x10k.pdf,2,structured_document,0,doclaynet,financial_reports,sec_filings,0000029989-19-000007_20190212x10k.pdf,14,1e4c97fc2b8377e1919c7ab040c05a78b21a56e90af8b469b87dcdfd614b444d.png,751ba258197a003755b0b980f5ce3ec4880c7ac88f6d5377c5339f74a3c7e396
data/raw/doclaynet_hard_negatives/doclaynet_val_c79e5b76aa645f74a4cc.png,val,doclaynet:NYSE_JWN_2003.pdf,2,structured_document,0,doclaynet,financial_reports,ann_reports_00_04_fancy,NYSE_JWN_2003.pdf,29,b1ed3d6c989df88d37cb45f6d2ae80735406ef2cf4a5b971d6d6370c0c6ae1cb.png,60a71887b644e8dcd051b6b26f4c58654ecd087faf98ce5282ab08ff93ee5233
data/raw/doclaynet_hard_negatives/doclaynet_val_5f40887268372904ff21.png,val,doclaynet:NYSE_WAL_2014.pdf,2,structured_document,0,doclaynet,financial_reports,ann_reports_10_14_fancy,NYSE_WAL_2014.pdf,15,b66874eb13f3a2e7b18eadbe581a59a316a893d57f858aaeae37022e597754d2.png,908010f268bb4ef05aaabd03806e485e182f697519e8be2b02d8435e4d881a5f
data/raw/doclaynet_hard_negatives/doclaynet_val_da16485b251863077eba.png,val,doclaynet:NYSE_SSL_2003.pdf,2,structured_document,0,doclaynet,financial_reports,ann_reports_00_04_fancy,NYSE_SSL_2003.pdf,68,dc1445c9b5c7b18b736fca7a77ce151ee2afa3aa1b66a25814c11702f69901b0.png,e0cb79608acc64dc78bc1ac8e66ad4372db1a55bd0992614f115842428276b34
data/raw/doclaynet_hard_negatives/doclaynet_val_1354d0b149db0b7f0706.png,val,doclaynet:OTC_SDXHF_2013.pdf,2,structured_document,0,doclaynet,financial_reports,ann_reports_10_14_fancy,OTC_SDXHF_2013.pdf,4,c2a678666791fd3e2308a9660ec5af166d1650cf972328a21a1c536f2d9aa1ee.png,58b757cfee20d496242890fb1298ac487b295f3a455d2ca30f3f357f7bfe0570
data/raw/doclaynet_hard_negatives/doclaynet_val_b2fcfc9ee1b45d0c68cb.png,val,doclaynet:ASX_ILF_2011.pdf,2,structured_document,0,doclaynet,financial_reports,ann_reports_10_14_fancy,ASX_ILF_2011.pdf,35,2ef6246e083ab1f42ac287d6f29590f2b13ddc6afb09bffbf3f57b209dbf6463.png,0b04f9588fe9cd9e2d892b1f5beca18120987fe226346edef7ce4247b52bb71d
data/raw/doclaynet_hard_negatives/doclaynet_val_382f505a7a3c2907fe2e.png,val,doclaynet:NASDAQ_POWL_2002.pdf,2,structured_document,0,doclaynet,financial_reports,ann_reports_00_04_fancy,NASDAQ_POWL_2002.pdf,10,62a3cda51871cbed0f64d6ef5c44ccf0148b1dd5c6ba6e80c029d66d23d4b56b.png,58b5fef8c6c892ea02ed9fd9f9555efb4965cb9f9ce60d4fc7ac5241bf5c05cc
data/raw/doclaynet_hard_negatives/doclaynet_val_db61ff14937928a0f69c.png,val,doclaynet:NYSE_WOR_2013.pdf,2,structured_document,0,doclaynet,financial_reports,ann_reports_10_14_fancy,NYSE_WOR_2013.pdf,7,9c1536a31a04305b7b41b23651c8a0fcbf0824b3bfa7eb939a2f15b49b6bf7a1.png,2b703aaf06a08cd6c1ac51d99842ff84af76c23fb29fd31b989b5f03ffc3a2e1
data/raw/doclaynet_hard_negatives/doclaynet_val_d551ffd84bd22825de9e.png,val,doclaynet:NYSE_HAE_2003.pdf,2,structured_document,0,doclaynet,financial_reports,ann_reports_00_04_fancy,NYSE_HAE_2003.pdf,0,141a1a29fccc5dfa70a831f6684e9cfc4a8645c6d88f6ae73d24e817ab057fe0.png,e30286c8c3221b5b16aeb44d4a3ce7664b545028df3ae31d02743f5ff96b9f29
data/raw/doclaynet_hard_negatives/doclaynet_val_e83422bd58f1e02cebbf.png,val,doclaynet:NYSE_MS_2001.pdf,2,structured_document,0,doclaynet,financial_reports,ann_reports_00_04_fancy,NYSE_MS_2001.pdf,14,24f1e4e10a9b056a360e1119372d1438b1b77297db0190008660aac10cf23884.png,a169346adcd4fb766638946cbdd38c536714dbde89badf3e796b0a6f0a5465d1
data/raw/doclaynet_hard_negatives/doclaynet_val_86920c6744d8398fe54f.png,val,doclaynet:NASDAQ_ABCB_2004.pdf,2,structured_document,0,doclaynet,financial_reports,ann_reports_00_04_fancy,NASDAQ_ABCB_2004.pdf,24,0d860ceff1831555caed925b35da1d77883bc5bfa6d1f68a9c1ef7552360f137.png,0cc96b0d027ae8859c7bd9772f109458f6d84f74975fdb75816f7518f99bcaf8
data/raw/doclaynet_hard_negatives/doclaynet_val_f592add3476b9e30777c.png,val,doclaynet:OTC_STKAF_2002.pdf,2,structured_document,0,doclaynet,financial_reports,ann_reports_00_04_fancy,OTC_STKAF_2002.pdf,64,d5ef116ac82ec1d26d032c6d42efa3dc61c5ac7868cbe69cdf7bdeb3d948a048.png,be9fc0ae303587b95403892c83a36f60c0174499c3b4cf4b2497fb5f250f5948
data/raw/doclaynet_hard_negatives/doclaynet_val_8d254e3a2f809d7dc8aa.png,val,doclaynet:NYSE_FDS_2003.pdf,2,structured_document,0,doclaynet,financial_reports,ann_reports_00_04_fancy,NYSE_FDS_2003.pdf,37,67e4adb05185b0b2fd5d4445779888b99ab1b8ce15e754fb9dd6e1d8c2d9a91f.png,8e55941724e161a5c0e336b3696d6a40c676c7daa3610cfeb6b626a723eb8f84
data/raw/doclaynet_hard_negatives/doclaynet_val_e88564ef83ea29f8c75e.png,val,doclaynet:0000011544-20-000016_20200220x10k.pdf,2,structured_document,0,doclaynet,financial_reports,sec_filings,0000011544-20-000016_20200220x10k.pdf,71,d18dd368a99d6b6ed1675c40000e079715d7105116313638f4d4512ae7e79845.png,8e3c2e1114af4ef58cedcced0f9dca949982e3bcb8f5cb33819a41194b13e23b
data/raw/doclaynet_hard_negatives/doclaynet_val_c40789b1086b5ff63ef8.png,val,doclaynet:0000019617-20-000257_20200225x10k.pdf,2,structured_document,0,doclaynet,financial_reports,sec_filings,0000019617-20-000257_20200225x10k.pdf,50,7237bf9d5eb6db9b45e55abb2ccfedef9b9c41d6571613fbd69d499855dc0f1b.png,588719629fd026c44e82c2d2ddda4cb1cd8f290ce44bc19315b9b22d47b07094
data/raw/doclaynet_hard_negatives/doclaynet_val_7a04b5d75c5d3409cc3b.png,val,doclaynet:ASX_ASX_2003.pdf,2,structured_document,0,doclaynet,financial_reports,ann_reports_00_04_fancy,ASX_ASX_2003.pdf,42,2e67e3b7c6010ae4095baecbd1726b83e7bfe4595527c1a5ee6eaa1081c15ed0.png,9ba011849ef99b812df5079ac573a457dc3c17437d129a01b6bea092e37528da
data/raw/doclaynet_hard_negatives/doclaynet_val_db2f1bd44f5451ca710a.png,val,doclaynet:NYSE_GLW_2004.pdf,2,structured_document,0,doclaynet,financial_reports,ann_reports_00_04_fancy,NYSE_GLW_2004.pdf,12,13b05fd2686c457798ca59f3a8e7355c8476c92c5b681d17e8fef3c7ab25d9b1.png,afe675c598d06aad3c44c0dad351924830beefb66c4a6ab6bf4a81edb5c1c802
data/raw/doclaynet_hard_negatives/doclaynet_val_50061a35e122c8cad414.png,val,doclaynet:TSX_PWF_2014.pdf,2,structured_document,0,doclaynet,financial_reports,ann_reports_10_14_fancy,TSX_PWF_2014.pdf,108,d5660243a6f10aab0db230ee7bf83963946c64c6866ccec357a41b55fae2f653.png,6bd138cfe2ad4185fb94ffd439e43fd679920f0315e7852ac137fad24fa316d8
data/raw/doclaynet_hard_negatives/doclaynet_val_e4ef83914aa3d4ea1716.png,val,doclaynet:0000021175-21-000022_20210209x10k.pdf,2,structured_document,0,doclaynet,financial_reports,sec_filings,0000021175-21-000022_20210209x10k.pdf,117,fdc1dcbb81f9a3069f9ef4494d816b0788aa5ada0bbf4ba01b34715e077c7d99.png,881184b1b328b75ecfc4195572e909b6b42e2f2204384468d837f916349a71f4
data/raw/doclaynet_hard_negatives/doclaynet_val_bc5de919585a88aec048.png,val,doclaynet:NYSE_ACN_2001.pdf,2,structured_document,0,doclaynet,financial_reports,ann_reports_00_04_fancy,NYSE_ACN_2001.pdf,1,da6696c873783f4ea0865116f532a34715856700bdcf3c78b65c6fc9e5d6b39e.png,d7394164e52f0e6d40bd8c450e0960a8e784f68f9112a40aca2177dcb711240f
data/raw/doclaynet_hard_negatives/doclaynet_val_6fac56ca93f799ea5d29.png,val,doclaynet:TSX_SRB_2014.pdf,2,structured_document,0,doclaynet,financial_reports,ann_reports_10_14_fancy,TSX_SRB_2014.pdf,1,500dc3ceb0e00e109a480d21b75c58bb60715f92553b85bd359238f49cfad6cc.png,6c47b54a815b751586b8d1d507e6059705e70bb200d4c98baba73ecaf4eebe3c
data/raw/doclaynet_hard_negatives/doclaynet_val_bbde03ac0f7d1d932006.png,val,doclaynet:TSX_Y_2012.pdf,2,structured_document,0,doclaynet,financial_reports,ann_reports_10_14_fancy,TSX_Y_2012.pdf,3,2f4c6b8d7c6014038d68a4c4caf261fe0f5f7ccf3c5e88bd860f7d04012cc4a8.png,bf6fd1a344ba8009d35e3570ccb7813597e6073b656637da5428db8eb58b9d8f
data/raw/doclaynet_hard_negatives/doclaynet_val_f395380e5b9351c177a2.png,val,doclaynet:0000016732-19-000070_20190926x10k.pdf,2,structured_document,0,doclaynet,financial_reports,sec_filings,0000016732-19-000070_20190926x10k.pdf,93,8fdc0efe1c60ee050c44ced12dfb483148fad4cf0fe3914c88a4350facbd5cb5.png,08b49427eb67baf3606f9c65a9459ee064531d5add94084e872bf3bc51b85310
data/raw/doclaynet_hard_negatives/doclaynet_val_2c3238e548c8381a2dc0.png,val,doclaynet:1002.3593.pdf,3,narrative_document,0,doclaynet,scientific_articles,arxiv_mediumspaced,1002.3593.pdf,7,8902ff7299739c4650e39ecfc46f2d56e7c506edddd1d64c1894ed100c5b0088.png,e706dbf3255bc1bd2562830dde4a5131743814bf7e6e94c679e412ffece73c7e
data/raw/doclaynet_hard_negatives/doclaynet_val_30fb74e0f1e315039dab.png,val,doclaynet:1001.0126.pdf,3,narrative_document,0,doclaynet,scientific_articles,arxiv_two_columns,1001.0126.pdf,1,d11597a9447b7b722eab914d45802e4d96290b23c946128f9a5b165bdf209c79.png,bbc5c4d3a32c6599a680a472da28f22395736cad0ca23054590f72cf46dafe8e
data/raw/doclaynet_hard_negatives/doclaynet_val_74c1815f6d318946889e.png,val,doclaynet:1001.0539.pdf,3,narrative_document,0,doclaynet,scientific_articles,arxiv_two_columns,1001.0539.pdf,1,38417d881311ffb65ca1ad83899027725115f54384b1f45162865a912d564b29.png,f440a35fc3b4e1766fb1c20b1b0ea547d744ca4b02f2625a34dcfed6ee06a399
data/raw/doclaynet_hard_negatives/doclaynet_val_96abcf2e9826dabcf4ad.png,val,doclaynet:1001.0822.pdf,3,narrative_document,0,doclaynet,scientific_articles,arxiv_two_columns,1001.0822.pdf,9,64e7080882cdeee90ce0cd5ffe807184656b19e1b8770908391c9b65b29695cd.png,7fd8baa23cc1af2b1957fbce0dc0fec93779b946468d7568fb0466863067522b
data/raw/doclaynet_hard_negatives/doclaynet_val_cc591a846e4432dabd8c.png,val,doclaynet:1001.1463.pdf,3,narrative_document,0,doclaynet,scientific_articles,arxiv_two_columns,1001.1463.pdf,8,ccd2ca24bc31bf73bfb424fe8197688813d95fb18fbd0b6fb9bd190feb6a5d9a.png,733db85e0e43936df7dff78fd9325786f9653af50d2775f51b92ab4398301ccb
data/raw/doclaynet_hard_negatives/doclaynet_val_22767e105b6f4d75454f.png,val,doclaynet:1001.2818.pdf,3,narrative_document,0,doclaynet,scientific_articles,arxiv_two_columns,1001.2818.pdf,6,50ac90fa453bcec419cd34bf3e3647f53f4d99da08859915110d480d04b66e2b.png,1fd42f3a92a6b96086644a9b568ec40edca7796155ce4ee59ae560577770ec03
data/raw/doclaynet_hard_negatives/doclaynet_val_6f5a3f56e1ace173c874.png,val,doclaynet:1001.4020.pdf,3,narrative_document,0,doclaynet,scientific_articles,arxiv_mediumspaced,1001.4020.pdf,5,5d84bf7e1a9cff9aecc839848b8c1dbeeecff1098f1688ca4da2e8758aafa361.png,4f93b66a9eea8943c678c79c88ede58ab07041e3906c038233b4e785496e2bae
data/raw/doclaynet_hard_negatives/doclaynet_val_55fe022d3cf0e42e0917.png,val,doclaynet:1001.1701.pdf,3,narrative_document,0,doclaynet,scientific_articles,arxiv_two_columns,1001.1701.pdf,1,9a098c57eb362701876fdaa91dc08606070a35060c7d23300c481720aaef1371.png,7a79cce9c8e84ca58538efbed6c437a520d3e29f96d38c6d3b874b0065b04bc8
data/raw/doclaynet_hard_negatives/doclaynet_val_ed826ea201db76e30597.png,val,doclaynet:1001.0669.pdf,3,narrative_document,0,doclaynet,scientific_articles,arxiv_two_columns,1001.0669.pdf,1,300d2038c15af8737f4c16c918ea75e24e43c169da75fa672d750aca29be0de7.png,126e4644088030a26c35b6c99d5c9b62eafc790d8963245686076ea042a32805
data/raw/doclaynet_hard_negatives/doclaynet_val_8a0c270a2c6f992d0003.png,val,doclaynet:1001.2555.pdf,3,narrative_document,0,doclaynet,scientific_articles,arxiv_two_columns,1001.2555.pdf,9,15e66ef32de6b0c129a6a6268e332b8d27c8c0c386a9fd0e9a4c841217c15a9f.png,c479a6df10c93e5fdb6bb1056e2c7aa11362ac9a38b7d85898b2502a496ca2b4
data/raw/doclaynet_hard_negatives/doclaynet_val_16572eb9377f0246b59f.png,val,doclaynet:1001.5175.pdf,3,narrative_document,0,doclaynet,scientific_articles,arxiv_mediumspaced,1001.5175.pdf,15,b9839c451da20f6cf8fa44b07d89085a923e7bdd7aec0e947aa64024036513d4.png,3373bb2993fcfed700f7295a7135ba69b781d588da218d8dfdac0d5ef59bad91
data/raw/doclaynet_hard_negatives/doclaynet_val_6adb818b47a9a242d5b4.png,val,doclaynet:1001.2528.pdf,3,narrative_document,0,doclaynet,scientific_articles,arxiv_two_columns,1001.2528.pdf,0,07f1038a9ae10cb4ceebb7502a6db6b574433d2cda7a7b91585e10cb111db808.png,4f174a134cd1737eba9ac9f1db2b2405938a6c1aa49bb8dc00f3e9b857ce26d9
data/raw/doclaynet_hard_negatives/doclaynet_val_c015de8e5475d1b25d85.png,val,doclaynet:1001.2053.pdf,3,narrative_document,0,doclaynet,scientific_articles,arxiv_two_columns,1001.2053.pdf,0,df3f9bf3117bb60e24235871830e9546b8da0c70a376e08e4c296817d0af4c87.png,2804b164de10e87be4525b86121106f5c6bf2bfc78b4ccc16e9a8899ea7acfeb
data/raw/doclaynet_hard_negatives/doclaynet_val_67fd2594d9761a31f137.png,val,doclaynet:1510.01545.pdf,3,narrative_document,0,doclaynet,scientific_articles,arxiv_doublespaced,1510.01545.pdf,15,4d0a174ed43ad527d60ca8d2d5aa475b2c94ff7bcad98ffba83ac0c2db0b789d.png,4ced814dd63a81b6b1311e4e3fce24705d7082f1779b11cc0a9a4102a94e506f
data/raw/doclaynet_hard_negatives/doclaynet_val_ece062e754ed58c7dd8c.png,val,doclaynet:1002.1888.pdf,3,narrative_document,0,doclaynet,scientific_articles,arxiv_mediumspaced,1002.1888.pdf,4,71aa13015bd04ade2ec1d1365e9c1d8f19a8bede3bd0c0f7b17925a859ece6d8.png,4fa1dafbf57a67e5836cbaf49e05d98df9dccb4ee6d5e23bca5d0490a6f4192d
data/raw/doclaynet_hard_negatives/doclaynet_val_dac06d9fc8ca9c5aa0ea.png,val,doclaynet:1509.01054.pdf,3,narrative_document,0,doclaynet,scientific_articles,arxiv_doublespaced,1509.01054.pdf,24,513a637fb3dbb31f3a02b95846449cbcee62c93d51719aa7ecd0f8161054d29f.png,77a4857a61d18822a1527744ea791fecfac1e59a8e872fa84bd420cc1ebe24b5
data/raw/doclaynet_hard_negatives/doclaynet_val_fbc21d37ba47f1c4f7d3.png,val,doclaynet:1002.4666.pdf,3,narrative_document,0,doclaynet,scientific_articles,arxiv_mediumspaced,1002.4666.pdf,29,ee1a89eddee2e60432fa57d5087a7313d330d53c235c6db0c79cd8f4fb18e9d1.png,b4e5f5d62f04a964b77e1042ec15d50fd0ed029b043b2fc14dff86a8f941fe76
data/raw/doclaynet_hard_negatives/doclaynet_val_b6cc41d171476e58cb76.png,val,doclaynet:1002.2672.pdf,3,narrative_document,0,doclaynet,scientific_articles,arxiv_mediumspaced,1002.2672.pdf,14,776882d493bb5935bba7d0e4f9c6d96652be469e81141c393035765dc1536212.png,716d176aedf88fb9bd92518d5feec1bfd9fc2d53c4ab10915e43876a939cbc65
data/raw/doclaynet_hard_negatives/doclaynet_val_43cee934c27e1118f16c.png,val,doclaynet:1001.0345.pdf,3,narrative_document,0,doclaynet,scientific_articles,arxiv_two_columns,1001.0345.pdf,3,e2d6ee6d8ba3aad50da77aec56fea6e9fd3722f3e9ea52d58c3f0c6d481580f2.png,b028530507d40b1801de1d71af24d32999b670ec3d3c35d9765cdaed1bf59366
data/raw/doclaynet_hard_negatives/doclaynet_val_85236ae8540912055989.png,val,doclaynet:1001.1784.pdf,3,narrative_document,0,doclaynet,scientific_articles,arxiv_two_columns,1001.1784.pdf,6,790b4ce4f27780c3b5e057385e99a06258e7849ef05e6cd2eac678f29fc98924.png,669741f34b6338653cde32f4a6c08e2071e06bb743f13816dc961fe2292f78fb
data/raw/doclaynet_hard_negatives/doclaynet_val_d23afc265f760af4b2ed.png,val,doclaynet:1001.0288.pdf,3,narrative_document,0,doclaynet,scientific_articles,arxiv_two_columns,1001.0288.pdf,2,4b162fb11da8ccf170817a26a256b63d085168e02abaad0fd83292a97507e77b.png,51271b7727a60c3634ee26852828fe7e3231b67b8f9fe47e2e35afb0242ac0f0
data/raw/doclaynet_hard_negatives/doclaynet_val_14c2b2c71bbe76e778e6.png,val,doclaynet:1001.0343.pdf,3,narrative_document,0,doclaynet,scientific_articles,arxiv_two_columns,1001.0343.pdf,5,59d0816eb2a4ce62e8e41a96ff343a1b5a3afb9445bc53ee447aaae3e118d071.png,f1cdbb619f91c8c793e1e9c6a95903067db01169872307a496f20778a661fcb6
data/raw/doclaynet_hard_negatives/doclaynet_val_818eecb55f1d48778f5a.png,val,doclaynet:1002.4323.pdf,3,narrative_document,0,doclaynet,scientific_articles,arxiv_mediumspaced,1002.4323.pdf,0,6e01ea221bf6c0ffd71b379738575ba183e8893a79c22cffb31bf0a5b82cc732.png,026acc1e25d4cfaf42b3f26f16f00ce8a1c426f793f3f6fa7a41aff0e69b3dfb
data/raw/doclaynet_hard_negatives/doclaynet_val_60c08adc615431d2c62f.png,val,doclaynet:1001.1969.pdf,3,narrative_document,0,doclaynet,scientific_articles,arxiv_two_columns,1001.1969.pdf,2,f41f01c987ccbdbf5037658236bc66d33287746c19d2ad96e5dc44ac515f5aa1.png,c82e231447bdbb78184cba4a9defd1ee527d9866d9d80af123984675d780e35b
data/raw/doclaynet_hard_negatives/doclaynet_val_0401b11f86922a69f5d0.png,val,doclaynet:1002.1502.pdf,3,narrative_document,0,doclaynet,scientific_articles,arxiv_mediumspaced,1002.1502.pdf,17,45f0f902132ad411fe327a8ba787da075757efcc8814812d6aee5d3dfbb98350.png,011d913bb61c57bd98cf8034610f9edb49a0df36520241ebab5f3246eff291d1
data/raw/doclaynet_hard_negatives/doclaynet_val_993a2d7887ac3df35f36.png,val,doclaynet:1602.00315.pdf,3,narrative_document,0,doclaynet,scientific_articles,arxiv_doublespaced,1602.00315.pdf,4,89482023b5e250c30919a040434a8639681cef581ad2cb3c26ed66c3f2ce220c.png,8e319f9c581c82c2a2a41e883d2c064ef2208584b86e3cb64bcf6c2dae6897c9
data/raw/doclaynet_hard_negatives/doclaynet_val_be25dccea05f7d6a9e0e.png,val,doclaynet:1001.0784.pdf,3,narrative_document,0,doclaynet,scientific_articles,arxiv_two_columns,1001.0784.pdf,1,164d2564f0155430a010d6955041ff0e1994099a9e37465dc2c848c073cf6223.png,417590e6abbc6abc594924b3331a6480213169dde894b19fce30b35415b11383
data/raw/doclaynet_hard_negatives/doclaynet_val_6ee091c326f5e49d8a10.png,val,doclaynet:1001.0187.pdf,3,narrative_document,0,doclaynet,scientific_articles,arxiv_two_columns,1001.0187.pdf,0,aaf6c9d6f955bd39a42cbd708d984593bfdd809e6cec5ba5df611d6d766fe0c0.png,cdc7a4e8aeea8d3bc814ed3ff8be1355aea83c72763f0e4c4984bf6f9f4d5d63
data/raw/doclaynet_hard_negatives/doclaynet_val_18be8938a1e652943cb3.png,val,doclaynet:1001.2527.pdf,3,narrative_document,0,doclaynet,scientific_articles,arxiv_two_columns,1001.2527.pdf,1,d5ca1d49e1dab0e00184966a0976862221adaa143381034bf94e98820dffff7f.png,56dc28b76bc93ef6b85f642c3ab106531cc979e8a758a99c1cb3d41bb543a34a
data/raw/doclaynet_hard_negatives/doclaynet_val_9186cf6bb7d649f856f0.png,val,doclaynet:1001.2201.pdf,3,narrative_document,0,doclaynet,scientific_articles,arxiv_two_columns,1001.2201.pdf,18,3fe29dfb71f86e472d287a61341affd441662e8ad7b4337a6e9d441a3d6d896d.png,716a122730ddacab666024910bb7fff8e25def1125063003a1594cb8afd8bf8c
data/raw/doclaynet_hard_negatives/doclaynet_val_1a388a9fb5a4e19568cb.png,val,doclaynet:1001.2937.pdf,3,narrative_document,0,doclaynet,scientific_articles,arxiv_two_columns,1001.2937.pdf,1,87265dab7771fb21f966312c972eaa05c872b75c046918c7a40b78d9b30cc6b6.png,20e6e6280d997555cb552ffc3ad2ca34b63ed982b22044a985e15ddc0b1ed11b
data/raw/doclaynet_hard_negatives/doclaynet_val_070bbb361a2db028f616.png,val,doclaynet:1201.4397.pdf,3,narrative_document,0,doclaynet,scientific_articles,arxiv_doublespaced,1201.4397.pdf,86,7d735979ad0d0e7d0a254dd079b2b594f51533e397d64ca227d3bd249be53e01.png,d368bd3b4bc38ef7703a5cac9b62528ed00ea00e2ed7c0a081025f0dbbc6ecb0
data/raw/doclaynet_hard_negatives/doclaynet_val_c1b5beb7c4a7ebfba300.png,val,doclaynet:1001.3309.pdf,3,narrative_document,0,doclaynet,scientific_articles,arxiv_two_columns,1001.3309.pdf,0,4d2dabd02c09019430d89750ead3fe142f4ebdcc9623e3179bc8078a5f5b24ea.png,e6a8102a0afbec84e46c2b38d7507c250d5c903a5cc087dd95651f7e0542a833
data/raw/doclaynet_hard_negatives/doclaynet_val_6d2135bac98bef6c026a.png,val,doclaynet:1001.2513.pdf,3,narrative_document,0,doclaynet,scientific_articles,arxiv_two_columns,1001.2513.pdf,0,b9571bb6cc110a25e2afe02db0d4a903a958a5e34e771be401f8cca38ff9a388.png,7e4cac415ca0a3c693008cbfcaa21cd4189cb3d65b459323ff7ee74ad6ada260
data/raw/doclaynet_hard_negatives/doclaynet_val_0c03bd0bc5e215fe7319.png,val,doclaynet:1001.0214.pdf,3,narrative_document,0,doclaynet,scientific_articles,arxiv_mediumspaced,1001.0214.pdf,10,d7011c1252ea4c4720bf42c497f17d69523b1d2e6c2ab646f938c583283f1e93.png,6c659cacccb9c9e5509d5b1c8386ef9f352a85ff6842eb326e3fe3e4b7c304c9
data/raw/doclaynet_hard_negatives/doclaynet_val_666528489adf5bdb424e.png,val,doclaynet:1001.3704.pdf,3,narrative_document,0,doclaynet,scientific_articles,arxiv_mediumspaced,1001.3704.pdf,14,4061aa017e184bad200b0ac233301f2db57f24ea27ba0f286181a4a254fb6b85.png,c90763b3f65f5ae51d187a39d9ea5ce0f573590c4d12adf59e2a8d76ab66e926
data/raw/doclaynet_hard_negatives/doclaynet_val_d8e8ab88949ec9241df1.png,val,doclaynet:1001.0809.pdf,3,narrative_document,0,doclaynet,scientific_articles,arxiv_two_columns,1001.0809.pdf,2,a20dd12330add997ce3fe59c2edef2fce68f0a68e2142dba941dd384aecfe25a.png,9c828b26e99b35d2cce97bc07c4f8496f70bef72670e70d22a208a7e19ad75a9
data/raw/doclaynet_hard_negatives/doclaynet_val_b669bf88772bb401b329.png,val,doclaynet:1001.4972.pdf,3,narrative_document,0,doclaynet,scientific_articles,arxiv_mediumspaced,1001.4972.pdf,20,f1559aad8aff303a29f0c44d5c5e35699998c1e080ecf71736ba9288da04ade3.png,f68e797531d3574f9ea33bccf05ba47837ebd4254ca596d3590b584bae477786
data/raw/doclaynet_hard_negatives/doclaynet_val_1b1125641e3dd0ffa14c.png,val,doclaynet:1001.2611.pdf,3,narrative_document,0,doclaynet,scientific_articles,arxiv_mediumspaced,1001.2611.pdf,9,7f47d2bff63f8853fd947e202569cf7be397d370f7fb8d818acdc014f33b6261.png,b673b1fcceb8b94db0be5070da6aecc37641313b5b129980fe581244db649ad5
data/raw/doclaynet_hard_negatives/doclaynet_val_e11b33e57e79ff16eb4a.png,val,doclaynet:1001.3009.pdf,3,narrative_document,0,doclaynet,scientific_articles,arxiv_two_columns,1001.3009.pdf,7,1786f6366713391af586027d6d89627085dca33f9bea113490c916361c7774af.png,6e58a5a3161f47f3887651bcc1409b96603f5f013c8ae4cc8e5cff87426b72b1
data/raw/doclaynet_hard_negatives/doclaynet_val_d2cdee4132ac965025c4.png,val,doclaynet:1001.1601.pdf,3,narrative_document,0,doclaynet,scientific_articles,arxiv_two_columns,1001.1601.pdf,0,67709da2982d0d4cc95a133b4339558bf6a72dff8d2832e80d15cc5c7977297d.png,eaee1a827390f11659400a6922e8425baf76d729d54741a120d280e0e6559640
data/raw/doclaynet_hard_negatives/doclaynet_val_1112d52c5ac0ff7abf5c.png,val,doclaynet:1001.1327.pdf,3,narrative_document,0,doclaynet,scientific_articles,arxiv_two_columns,1001.1327.pdf,3,69ca9e81c6888c7f88b04fce70c93653e484038d0d6a7a54966e0752a853fd6a.png,3f530908c01281ce5e07214bfe3857edd4c81f9bd4d9db0eb083468b2fa9a72b
data/raw/doclaynet_hard_negatives/doclaynet_val_cc842dcb11fb95cfae59.png,val,doclaynet:1001.2684.pdf,3,narrative_document,0,doclaynet,scientific_articles,arxiv_two_columns,1001.2684.pdf,5,cfe77ffe8688e2952a9a843ab5ac14ad86bdc99710982afb70d2418ff1158e47.png,e2114fa5d4f0bd2fa935577aca84edab3f0655b8b8867754529ebe2ecba852c9
data/raw/doclaynet_hard_negatives/doclaynet_val_553d7064c15e4951d847.png,val,doclaynet:1002.0846.pdf,3,narrative_document,0,doclaynet,scientific_articles,arxiv_mediumspaced,1002.0846.pdf,12,84b49daf029d63a9ddc232a114a3d2cf0de432d46a577dfd52d6577d771eceab.png,8ec958ca6427555e197063ccb20c554f68b562359efed56e78103a97d52945d0
data/raw/doclaynet_hard_negatives/doclaynet_val_1ff2d73ae1cfebbd5468.png,val,doclaynet:1001.0247.pdf,3,narrative_document,0,doclaynet,scientific_articles,arxiv_mediumspaced,1001.0247.pdf,0,810186493db1728d27150453e44a67f581e7560e835cf8f9574d91e5f7421fcc.png,dea4aa7d46a74523d0bbcb3d3bd372d6e5f9eb1f643b41dcfa6d781c55339df4
data/raw/doclaynet_hard_negatives/doclaynet_val_58ab188b0b1503bf4936.png,val,doclaynet:1001.2979.pdf,3,narrative_document,0,doclaynet,scientific_articles,arxiv_two_columns,1001.2979.pdf,5,868875520646dae7759dd2dcabcc1c95d6855f6cb7bcaa3fc142fea894fcf667.png,9ad43f6ebae5cb99ac49fc5bd6145bcd20ff305892d50b4c9bd6958f0e570795
data/raw/doclaynet_hard_negatives/doclaynet_val_273493d785f81cc1a613.png,val,doclaynet:1609.06775.pdf,3,narrative_document,0,doclaynet,scientific_articles,arxiv_doublespaced,1609.06775.pdf,0,539895579000d4a66d6c0f95030bc63987d38df09a36e535e6e50f5663ba28c7.png,01d9679bb4ee48ed9ff771ddd2a8bf1a026901cf6dc0a7a45838f6b532ac9891
data/raw/doclaynet_hard_negatives/doclaynet_val_a1ca91bc192ded983ac2.png,val,doclaynet:1001.3239.pdf,3,narrative_document,0,doclaynet,scientific_articles,arxiv_two_columns,1001.3239.pdf,0,e53adb8eac8a2be19dfc5cce7b6d4a88d86e0abeade61b0b022d46cfc335feb1.png,5a220655655e285acafba40bee65b47d60db0c9298d787b42faf78ad52373262
data/raw/doclaynet_hard_negatives/doclaynet_val_d940c4234bb248d2ea52.png,val,doclaynet:1001.2422.pdf,3,narrative_document,0,doclaynet,scientific_articles,arxiv_two_columns,1001.2422.pdf,11,2c2b52a53bb659b8a3093537998621eb3e03c315ea20886985dfcec8061c5525.png,45ce68289626cadd5931ef11782f06ab1f2fc0b90987a922de73e76ba7a4be0c
data/raw/doclaynet_hard_negatives/doclaynet_val_1de473f50f6c67ab4cae.png,val,doclaynet:1001.1947.pdf,3,narrative_document,0,doclaynet,scientific_articles,arxiv_two_columns,1001.1947.pdf,1,5c0efd1af73ab1e99d34339acb9a22ab4482f5bfb4cbb8f0f6afb1dca2ebf530.png,cbafeb79bc3142b463c6691eccec94694033ff4df412d9db1037710f65ff9a4b
data/raw/doclaynet_hard_negatives/doclaynet_val_40341af13c2eed91d8d8.png,val,doclaynet:1002.0659.pdf,3,narrative_document,0,doclaynet,scientific_articles,arxiv_mediumspaced,1002.0659.pdf,4,30300ed58a6bb5cc7aad8b329cd6d18bfec8bcf40007287ceeeb4e8b3e265372.png,e8551d1262cd5f269b30f89a055f6f9c47aacd085ecc55fd89bd955c5207b3df
data/raw/doclaynet_hard_negatives/doclaynet_val_cdc16e67130635b25ce5.png,val,doclaynet:1603.03418.pdf,3,narrative_document,0,doclaynet,scientific_articles,arxiv_doublespaced,1603.03418.pdf,1,1a15b0830d7cef153078b9830981320626c2fbcdb7cb344ba477e5d5c25b31aa.png,bc9717c6cfdd29eeddfb2efe901515bbc59bcd2a611bc66b74b3f16c075e193d
data/raw/doclaynet_hard_negatives/doclaynet_val_428db98385eddff91cc6.png,val,doclaynet:1001.4287.pdf,3,narrative_document,0,doclaynet,scientific_articles,arxiv_mediumspaced,1001.4287.pdf,13,855cb4f7c2ecd0aa9386996c876c325451ba48fa16c73020e8d7ba6f0b35fdca.png,3ab2c0aa768cd9f9a419f448f8e040e9e8e27065b435ec89ba44cbfc50ed96c5
data/raw/doclaynet_hard_negatives/doclaynet_val_66d147103b1bf6738041.png,val,doclaynet:1001.0102.pdf,3,narrative_document,0,doclaynet,scientific_articles,arxiv_two_columns,1001.0102.pdf,0,b3e6f859c65c43014a8ba30f5857b95127a5e720286c345dd0b45476379befbc.png,8d2b23b77eb41dea929165a81e864286ddb24378d0c34295f0d8e0fc5eb8b7e1
data/raw/doclaynet_hard_negatives/doclaynet_val_6bd48a5408fa92e6d5f9.png,val,doclaynet:1002.2102.pdf,3,narrative_document,0,doclaynet,scientific_articles,arxiv_mediumspaced,1002.2102.pdf,11,e0b1b52c8b0cf9cf2528d7b04f87bcf5c6245b6b5324c194a6cc90f3f8a558c4.png,295e813a237856baaa4ea33e7650d82756f5aaa6e12a459bcde80aa4fc0a25a8
data/raw/doclaynet_hard_negatives/doclaynet_val_d9320d536c3927e4c61b.png,val,doclaynet:1001.0781.pdf,3,narrative_document,0,doclaynet,scientific_articles,arxiv_two_columns,1001.0781.pdf,0,ee97e896da9b85bc7aa365d1ccb23133816002ddedd8b3a1f7dc7ec79f10151f.png,cc2248cc8205c88014171556ef49ed28369632a4dd6406affd0b4d70cfeecd83
data/raw/doclaynet_hard_negatives/doclaynet_val_fba628b3946580ac1c88.png,val,doclaynet:1001.3064.pdf,3,narrative_document,0,doclaynet,scientific_articles,arxiv_two_columns,1001.3064.pdf,2,d7185cd98361f8c486568409af0fc3d8f0c695f1886689469d7b2d860adff35e.png,8700651e19670b345bcce5a76e28096bbfbc15529dbfb5ee84a1d5803fa90627
data/raw/doclaynet_hard_negatives/doclaynet_val_64ca485c1f911ace1231.png,val,doclaynet:1108.2245.pdf,3,narrative_document,0,doclaynet,scientific_articles,arxiv_doublespaced,1108.2245.pdf,14,a44e90fd6afff22c7130004bf4f4e1597c1c7cfec79e71bcdffce04c7d8c7c13.png,a1bb3c9b4ba167c9b16ae5f82e6e83b9554ba723722b7f80f39ca5b31813da1f
data/raw/doclaynet_hard_negatives/doclaynet_val_6e7e643e4c6350d85c46.png,val,doclaynet:1001.0626.pdf,3,narrative_document,0,doclaynet,scientific_articles,arxiv_mediumspaced,1001.0626.pdf,2,12b198e2b698871bad777b7a1146bdd65d918594730b7897f55d36e08f373545.png,d737668aa85068b594e5238db2f933302fb54f66d1e8f7efbd0bbc16f12ff0fc
data/raw/doclaynet_hard_negatives/doclaynet_val_0747685dc3e882cb8f37.png,val,doclaynet:1001.0865.pdf,3,narrative_document,0,doclaynet,scientific_articles,arxiv_two_columns,1001.0865.pdf,2,e888ae948fec797238ca0bbd7a335b1fd54ec8d35a24dce495d49cd070e5befa.png,2db0499bec21a82964804223327d6e133cb80ac6867b1f4be0ed8f3245d84a44
data/raw/doclaynet_hard_negatives/doclaynet_val_cf642c50e61cea89e19f.png,val,doclaynet:1001.3166.pdf,3,narrative_document,0,doclaynet,scientific_articles,arxiv_two_columns,1001.3166.pdf,1,2b7d0a523470f28e8578ce3af9e97f3441dbe7b018e367a1f31422ababc9453e.png,fa9b5d6b9676fbb12e605459493a0d0c85cf534c3f7342e48891f15e2025154c
data/raw/doclaynet_hard_negatives/doclaynet_val_0091e8ce3f733197847f.png,val,doclaynet:1002.3593.pdf,3,narrative_document,0,doclaynet,scientific_articles,arxiv_mediumspaced,1002.3593.pdf,4,15812724db54b8b625f89847286ecafe25bf55ff297be908655c7230bbc5cc57.png,10774cd9e7b1ff553b1e0af662608915c0c8fdd357287e9bb5eafd3941d7eec4
data/raw/doclaynet_hard_negatives/doclaynet_val_622025816a12f7674d81.png,val,doclaynet:1001.0126.pdf,3,narrative_document,0,doclaynet,scientific_articles,arxiv_two_columns,1001.0126.pdf,5,87ad8774606efd05c4c123f82ac3420391333763cfc56570da5a9bb5ce7ae0f3.png,23f2d1be81cf0a76b3976bd867a9bca2b378a80f6e7b995eb3700e400310b62d
data/raw/doclaynet_hard_negatives/doclaynet_val_ac5872c3e48326ff58cf.png,val,doclaynet:1001.0539.pdf,3,narrative_document,0,doclaynet,scientific_articles,arxiv_two_columns,1001.0539.pdf,0,6084abebaee703337a1af9ec7402a710c4aef4bfd7f54c7237f91da5e1ca2913.png,666089ce31cb2aa949ef24dfb4a05a5a276058bf48ab2ac8699b18bc861a2b94
data/raw/doclaynet_hard_negatives/doclaynet_val_ec8d7b524b7410d7f596.png,val,doclaynet:1001.0822.pdf,3,narrative_document,0,doclaynet,scientific_articles,arxiv_two_columns,1001.0822.pdf,3,e2f61940961a414a3548d76e130ae472c5d6cc6333a010655bef0306d997d13d.png,e174d49a0f027d167c7fa605c883fcd4b8e8af764d7ba562218eb9f576adf3d4
data/raw/doclaynet_hard_negatives/doclaynet_val_4dc6dbdf3ad5076790b8.png,val,doclaynet:1001.1463.pdf,3,narrative_document,0,doclaynet,scientific_articles,arxiv_two_columns,1001.1463.pdf,2,3fa070ce9c7faa054be52f2691bb694af058230e00bcebf2c477a09f1869d12f.png,043f4c94d2f6125fbb82ab3c93bc88487eaad2c336a4c7cca9e2f3a37ec0cdc6
data/raw/doclaynet_hard_negatives/doclaynet_val_64c6945bd71c03a84b0b.png,val,doclaynet:1001.2818.pdf,3,narrative_document,0,doclaynet,scientific_articles,arxiv_two_columns,1001.2818.pdf,7,678d3f1a4eb1d28c07ae02c020985af58d171bfbbacb5c6e26b42b5bf762c879.png,9f7fe8e8cda6e074dffc91e0592e922ed000182909b5b8a8b827b44c60121805
data/raw/doclaynet_hard_negatives/doclaynet_val_6f8096b608fe6c243603.png,val,doclaynet:1001.4020.pdf,3,narrative_document,0,doclaynet,scientific_articles,arxiv_mediumspaced,1001.4020.pdf,6,99bba96e641f0711347d5c07886a2b77172e5f74588eb73dda70b585f539ffd8.png,8706be0eb52537e56139afb637fe3a3aa16254228773765c0de10f5a6d35ddd4
data/raw/doclaynet_hard_negatives/doclaynet_val_760e6689776d860c1e95.png,val,doclaynet:1001.1701.pdf,3,narrative_document,0,doclaynet,scientific_articles,arxiv_two_columns,1001.1701.pdf,0,c83edda235e3c1c404f2a62c82ba6a55441a2604edb35ecaf8067f3f800bf9b0.png,b20c54cc630da70998297a35921e0f15202548b83ffa7539b434ab7150ebd782
data/raw/doclaynet_hard_negatives/doclaynet_val_306ad97f1da94bb147da.png,val,doclaynet:1001.0669.pdf,3,narrative_document,0,doclaynet,scientific_articles,arxiv_two_columns,1001.0669.pdf,3,7dc2d82a082dfd91af939c6eae55d54f069e884935284a25912602163005ac33.png,d5a7db20dc39cc67093e92838556093d5d7956bb6491368a21e9beda86499cde
data/raw/doclaynet_hard_negatives/doclaynet_val_66b7cc3f0e51c19dc63a.png,val,doclaynet:1001.2555.pdf,3,narrative_document,0,doclaynet,scientific_articles,arxiv_two_columns,1001.2555.pdf,1,41a49119563785caf07d6339c0a9310c7629d319ac4b36a45e742fbc853c8547.png,616b08c5942fd95b4d8b9b77dc90e7c859346d78649b9b36c3e3dd45c79b6820
data/raw/doclaynet_hard_negatives/doclaynet_val_5c151d16746b2e7e0024.png,val,doclaynet:1001.5175.pdf,3,narrative_document,0,doclaynet,scientific_articles,arxiv_mediumspaced,1001.5175.pdf,20,783a4b3788fa5d5f2aa60e847a780ad9322f53e9f63e09068a77e344b17be8f9.png,6de3882108ae67542bed353a6c978f38e685e395afee3347a974fc9f09b8c1b8
data/raw/doclaynet_hard_negatives/doclaynet_val_5b4bf26287c2226e07f1.png,val,doclaynet:1001.2528.pdf,3,narrative_document,0,doclaynet,scientific_articles,arxiv_two_columns,1001.2528.pdf,1,8415437c385fb54035be6aa377dfca719b78715d00b11829529f73a3843ad63b.png,fdc201c8245b0b14c7a7b83ee61b70d06b56a266387d20a2c631fdedfe26f3d5
data/raw/doclaynet_hard_negatives/doclaynet_val_6b9dfa96495605674982.png,val,doclaynet:1001.2053.pdf,3,narrative_document,0,doclaynet,scientific_articles,arxiv_two_columns,1001.2053.pdf,2,abb3dec2ce92ee461469a07dcc55679b66d0cb06c873d8c9f7165bb9de6487a3.png,6e88e645f40db3ce1a4bf290095b0b9d05cc170d08cb3e069e067c1dfa6ffa98
data/raw/doclaynet_hard_negatives/doclaynet_val_8c6d0062b2572ac3dfed.png,val,doclaynet:1510.01545.pdf,3,narrative_document,0,doclaynet,scientific_articles,arxiv_doublespaced,1510.01545.pdf,14,145294b76f70f6b63240ed7f4ed38130328f015de34230129ce1474524beda7f.png,386a44f830f11db8abd38209a24d26f6656c7f7b8d552d9d3e3e33c2fa2d2d55
data/raw/doclaynet_hard_negatives/doclaynet_val_af2674a1a32a5a6301fe.png,val,doclaynet:uksi_20200121_en.pdf,3,narrative_document,0,doclaynet,laws_and_regulations,gb_laws,uksi_20200121_en.pdf,109,16d906f94fcd92f5d740b4a9f1be251e0bbe1c2c2e9dc2ee526a3b944f68c4fb.png,8e1cbe44e2d03e8a2ae5b1c6f39d4b7130c59dea4eb238d71f9d168dd0507038
data/raw/doclaynet_hard_negatives/doclaynet_val_c9d0880c782f61a12e0a.png,val,doclaynet:russian-constitution-0001202007040001.pdf,3,narrative_document,0,doclaynet,laws_and_regulations,russian_laws,russian-constitution-0001202007040001.pdf,64,cd532d05df1b9cdac7961ec2127ba7ab1144da84ff71069b60d015d0b9e2bfb8.png,4ce77b56bd8df51d3b7d13e8262283899e41fe72924bda7a4e4d2d37086bf281
data/raw/doclaynet_hard_negatives/doclaynet_val_d7670cecad9a8f0f59de.png,val,doclaynet:FinAusglG2013DV_2.pdf,3,narrative_document,0,doclaynet,laws_and_regulations,german_laws,FinAusglG2013DV_2.pdf,2,c2c060d3189505ee657c7bf74572fed935b73366294c50d2ea2f16ab8cb8b700.png,53fc71787f112c9e090422b31a302b22ab0138d8539c40bc5f2a7a014108d2ca
data/raw/doclaynet_hard_negatives/doclaynet_val_b54e6ae1e3052ab88f12.png,val,doclaynet:uksi_20200198_en.pdf,3,narrative_document,0,doclaynet,laws_and_regulations,gb_laws,uksi_20200198_en.pdf,0,b4195b752f0b3647440716ea42f58accdeb220d0db75bc8aeea39fd70b898a6a.png,4e7a307b807d6ac661cfce4b4ff57e86c226df66ca6ca7770109cdd8581cee63
data/raw/doclaynet_hard_negatives/doclaynet_val_fdc1aa7075fce67b6373.png,val,doclaynet:s23Coh00500201en14.0.pdf,3,narrative_document,0,doclaynet,laws_and_regulations,japanese_laws,s23Coh00500201en14.0.pdf,169,afa219a05bcc542a3662bbdce571120343c671566f0596e094fb40c56d30f2db.png,3d08995edf88349699f50b971a04409791f0c234bcf4f25f983bce18198029b5
data/raw/doclaynet_hard_negatives/doclaynet_val_b83db805f6b6c5a896a3.png,val,doclaynet:PLAW-116publ25.pdf,3,narrative_document,0,doclaynet,laws_and_regulations,us_laws,PLAW-116publ25.pdf,2,7b62cd1010c679afa20b27b02a8a1a5a4ef9eb56320ae39b74fa7db76e0548c1.png,95a22196ad309905bef23ec60a491831e482b9375a1d6344acec3d1d5df9fd87
data/raw/doclaynet_hard_negatives/doclaynet_val_5ca359c89fd9539128d4.png,val,doclaynet:FSStrKV.pdf,3,narrative_document,0,doclaynet,laws_and_regulations,german_laws,FSStrKV.pdf,0,0c151a101ffc141c8289d6423196dcab178561b5e1f45049d0fa40199d439120.png,6ce2983534656fd0244ce2bad6b6db05aa156571a2558c477ad58a393cf94a1d
data/raw/doclaynet_hard_negatives/doclaynet_val_536888806bea20d6f04b.png,val,doclaynet:FrHfBremhGrV_2001.pdf,3,narrative_document,0,doclaynet,laws_and_regulations,german_laws,FrHfBremhGrV_2001.pdf,0,33176c171f87eeae0f78f65c7cc3b1f52517075a203a52411b34bb2220e4ca79.png,c8620a8523d37324856b759b044540324242ca1fae0fecba5d7fde75e5916f02
data/raw/doclaynet_hard_negatives/doclaynet_val_b779854ca77e35f88334.png,val,doclaynet:uksi_20200102_en.pdf,3,narrative_document,0,doclaynet,laws_and_regulations,gb_laws,uksi_20200102_en.pdf,0,cf4f98bc3a1c8dccb8134931e0ead3cf8f3a7221384891776c4107c09fccfb95.png,46896cddbfa53dd1f89a995c5b287e26e1eaeb6936f94c6023169aebadfd6995
data/raw/doclaynet_hard_negatives/doclaynet_val_ec7cd3b501bd56ccf2f6.png,val,doclaynet:FachHwirtPrV.pdf,3,narrative_document,0,doclaynet,laws_and_regulations,german_laws,FachHwirtPrV.pdf,0,16aa8a8f6af0bdd74f074f2de103fbad74e1af8224fe1d9c74816f2ee8edab0f.png,91f69203756e8b36fd79e4571e9a69e075bdff11890d91cdd8b508c24a280ae7
data/raw/doclaynet_hard_negatives/doclaynet_val_263700e5603bff45cd37.png,val,doclaynet:FrStllgV.pdf,3,narrative_document,0,doclaynet,laws_and_regulations,german_laws,FrStllgV.pdf,0,5c3c4646411e99f569293feb4f3be642ac8af6174aa57badfa450cd750cb9af8.png,56a844a68cc5d46bc8382532dc1a0fea81e3245dee35a28ed50a371ee8715233
data/raw/doclaynet_hard_negatives/doclaynet_val_aba611b6dd39665da9e6.png,val,doclaynet:216_envr_2008_zhonghuarenmingongheguoshuiwuranfangzhifa_20150303_chl_cec.pdf,3,narrative_document,0,doclaynet,laws_and_regulations,chinese_laws,216_envr_2008_zhonghuarenmingongheguoshuiwuranfangzhifa_20150303_chl_cec.pdf,16,fccc487909e052d3463911aa94392e900e298ec0d97586a5d80ef78c9918c174.png,b9bc62d85b517d37933df8133a9628070d8847b4410a93a340735dd184c5a171
data/raw/doclaynet_hard_negatives/doclaynet_val_4ec645b17d65e817a964.png,val,doclaynet:FHKBeauftrV.pdf,3,narrative_document,0,doclaynet,laws_and_regulations,german_laws,FHKBeauftrV.pdf,0,672498bae086205bb517748f03904964b5a24cfeef75935e67a7007bae78545b.png,63fdf1e5dddc9018fa852adc28fb8bcffa8b63f32d6dbf30686830708963a2d1
data/raw/doclaynet_hard_negatives/doclaynet_val_8835e9a771c2d4b37c1c.png,val,doclaynet:amt_general_handbook.pdf,3,narrative_document,0,doclaynet,laws_and_regulations,faa_regulations,amt_general_handbook.pdf,517,f3ca457e497a54b45f4beff53a7725e2f43b93aab352c6a3193617e4f178e183.png,f8844d3d82c3264e93acdab91fb2d76638772e0cc0936273fb24329c61b84a53
data/raw/doclaynet_hard_negatives/doclaynet_val_ae48ae5ad652135f2f71.png,val,doclaynet:FilmDigitV.pdf,3,narrative_document,0,doclaynet,laws_and_regulations,german_laws,FilmDigitV.pdf,0,d0717f298baa796e34d5f5de51b9124e770634ff63241ccf5703246ab72b3077.png,7585ac6db4b5512253749d00ef55cf3176361fab2e42b05aa3945ebbd2a65ed2
data/raw/doclaynet_hard_negatives/doclaynet_val_2ba9e2ca50d93a8de95c.png,val,doclaynet:FamBhVbg_FRA.pdf,3,narrative_document,0,doclaynet,laws_and_regulations,german_laws,FamBhVbg_FRA.pdf,0,e94e558db6bde65ce7e14a5eb9f9a0acbdd2d56b14cf1491fef002eb7b03488c.png,6dd73e3026889537e13a6f1011a059f993735738861b528cf057297ca6db7262
data/raw/doclaynet_hard_negatives/doclaynet_val_1c5a97fd40959ac2f82e.png,val,doclaynet:20130815-RA-10607-BSA.pdf,3,narrative_document,0,doclaynet,laws_and_regulations,philippine_laws,20130815-RA-10607-BSA.pdf,27,5f6f980a085a9cf995ac2c12729a4c2e0594cbab2b6594889c90383035eda8f8.png,83dae35201afa074b3348e7dac0f314985ea0bda96c17d22113837704dbe9392
data/raw/doclaynet_hard_negatives/doclaynet_val_64c685421c0a47ad5c4b.png,val,doclaynet:FPMMstrV.pdf,3,narrative_document,0,doclaynet,laws_and_regulations,german_laws,FPMMstrV.pdf,2,cd57e689edccab25fa6ea68b84acb653d0c3a76c28ba3e9fc2e82913176e9c81.png,ba2ed743c639a689bebdbf1377e07b8530d1fb7fbf068b2465dfde0fe842bc71
data/raw/doclaynet_hard_negatives/doclaynet_val_18b3aeb6cee90d95b189.png,val,doclaynet:MANAGEMENT OF GAMOBUDU LANDFILL_0.pdf,3,narrative_document,0,doclaynet,laws_and_regulations,botswana_laws,MANAGEMENT OF GAMOBUDU LANDFILL_0.pdf,52,e1ec2d1e85c8bd954d7348984e2b7cf2429f2f62b634ba8afcb9b9e9ba6ef095.png,c19b70c05f0d4313f4f194f1400ea3b8347bc74a8c833b85c6939bf6727a6600
data/raw/doclaynet_hard_negatives/doclaynet_val_77fb80d57d4429109381.png,val,doclaynet:FamFG.pdf,3,narrative_document,0,doclaynet,laws_and_regulations,german_laws,FamFG.pdf,107,d8441c4ee34e4b6a051704381fea840fadb38f45fd53539d181efe1f1eb5451c.png,58e4efcc6adeef54ab479b350ae6680263a50440acf40fdd91d3542bb11028bb
data/raw/doclaynet_hard_negatives/doclaynet_val_4ab5c372e401f9d2d9b9.png,val,doclaynet:uksi_20200121_en.pdf,3,narrative_document,0,doclaynet,laws_and_regulations,gb_laws,uksi_20200121_en.pdf,104,e5ff8fde4aedbe2af90c3e4122d64e8b0165f5de7fd4c2c1c1671a05fa0b0829.png,34d293bef8c875a05f0f525c95b6fb779e721b24863221bbc6d5bbadc04fd578
data/raw/doclaynet_hard_negatives/doclaynet_val_3f29bde09e7a42ae2a1d.png,val,doclaynet:russian-constitution-0001202007040001.pdf,3,narrative_document,0,doclaynet,laws_and_regulations,russian_laws,russian-constitution-0001202007040001.pdf,54,83c4e8f3fdb50ac196834082296d550279b19c62268fb12e0114f76541722b73.png,aecc8caad4cb6062a3bbd215d98cb975f0866819c4ff0bf135fb645c243ea4e9
data/raw/doclaynet_hard_negatives/doclaynet_val_b0e2d1371dbb582cb4a0.png,val,doclaynet:FinAusglG2013DV_2.pdf,3,narrative_document,0,doclaynet,laws_and_regulations,german_laws,FinAusglG2013DV_2.pdf,0,0c040c4e9f019d1cba43a372f4ab820a26dc6c561b491b1f8097d69e63ef1c70.png,c7319ea258caab31abdf73e65e65f693d170c4ea8d567ff46a082b2926ddf2ea
data/raw/doclaynet_hard_negatives/doclaynet_val_9912ca3fa49ac0241249.png,val,doclaynet:s23Coh00500201en14.0.pdf,3,narrative_document,0,doclaynet,laws_and_regulations,japanese_laws,s23Coh00500201en14.0.pdf,76,8879cd640715098b1075804379d1b0efe2bed0b66c072543f5b45df853046b44.png,1989cb041e64e0a274e701677a11d5055d513d77fbab3e9d9756c0d50479c619
data/raw/doclaynet_hard_negatives/doclaynet_val_2b8f4025b04d0baeb9ab.png,val,doclaynet:PLAW-116publ25.pdf,3,narrative_document,0,doclaynet,laws_and_regulations,us_laws,PLAW-116publ25.pdf,31,f32bc2c2286f801a8098c8332f9c0d98103b8efb98f42279d998c8b5c0094c0b.png,8de1ee1978e41ef5825ae1e5fe35701d927d997748887f04146e889d3ceb540e
data/raw/doclaynet_hard_negatives/doclaynet_val_d30cd9d30e7359f07f27.png,val,doclaynet:FachHwirtPrV.pdf,3,narrative_document,0,doclaynet,laws_and_regulations,german_laws,FachHwirtPrV.pdf,3,894e8d968dfd0fb270377927c99443e8faa96505521700fab351f61054f3509a.png,1f5d6a2c10edbc1f9f28c0b63e6a6891fafbf22d810904a9028eb4a1d22abee9
data/raw/doclaynet_hard_negatives/doclaynet_val_a33cf3d302588ed6cbeb.png,val,doclaynet:216_envr_2008_zhonghuarenmingongheguoshuiwuranfangzhifa_20150303_chl_cec.pdf,3,narrative_document,0,doclaynet,laws_and_regulations,chinese_laws,216_envr_2008_zhonghuarenmingongheguoshuiwuranfangzhifa_20150303_chl_cec.pdf,9,c66e6d9cc12c8a30021d8ab101691189b5cf5c7e09f9cd82bee17e11707eb478.png,124cdce9714af2c332029cea8c0392eb29f7becd86edfcbdda5ff12373bf262f
data/raw/doclaynet_hard_negatives/doclaynet_val_86f2e95eb28f875b48b3.png,val,doclaynet:amt_general_handbook.pdf,3,narrative_document,0,doclaynet,laws_and_regulations,faa_regulations,amt_general_handbook.pdf,507,55110a05707d959d79bc02f59f2e4ed25865527536d19f0c9b04efa8b19ea8a8.png,a187f310cf0e0ec24156725a3f573db4976b776ccbd7ba70f1551379b53dc335
data/raw/doclaynet_hard_negatives/doclaynet_val_96c33d13b7518000e41f.png,val,doclaynet:20130815-RA-10607-BSA.pdf,3,narrative_document,0,doclaynet,laws_and_regulations,philippine_laws,20130815-RA-10607-BSA.pdf,44,d4c11632d424caf72f755770365dfea64f3d4ee5d04d5a57e4eedd00382b5e88.png,50db96e32e74ff81f4b01893da03e067e60c87e7f3d777803886ff93bfb33f27
data/raw/doclaynet_hard_negatives/doclaynet_val_475544a98a7c6516a071.png,val,doclaynet:FPMMstrV.pdf,3,narrative_document,0,doclaynet,laws_and_regulations,german_laws,FPMMstrV.pdf,0,954a8a4ce72a5158e7aaa26882d8081229d298a66a12fe8b29664b76288533b6.png,9005fa347b36db5b7dd2b071b5620e4531492f5d2f19e307dc3e7b5daf1e8143
data/raw/doclaynet_hard_negatives/doclaynet_val_7ddbe250a70f8809f824.png,val,doclaynet:MANAGEMENT OF GAMOBUDU LANDFILL_0.pdf,3,narrative_document,0,doclaynet,laws_and_regulations,botswana_laws,MANAGEMENT OF GAMOBUDU LANDFILL_0.pdf,17,f592791dd698107c00dd040340b02f8301d2599b66eba1fcdb3edb19ea4c172a.png,36b148399d16ee9f1f6c302817cdd2208f982a8a729edb28b52e825cec38f5f3
data/raw/doclaynet_hard_negatives/doclaynet_val_ebfae744b105680eea8c.png,val,doclaynet:FamFG.pdf,3,narrative_document,0,doclaynet,laws_and_regulations,german_laws,FamFG.pdf,1,d215c73deff38a59781cbc1d0b969dfb62a4512eb316e0880e2d0e6ee913ac51.png,82eddfd6d05af85acbeba43f39a436656bf0a5cc2b09811bbccebfb1661a36c3
data/raw/doclaynet_hard_negatives/doclaynet_val_48f8f4451479cd91ade8.png,val,doclaynet:uksi_20200121_en.pdf,3,narrative_document,0,doclaynet,laws_and_regulations,gb_laws,uksi_20200121_en.pdf,55,ed5bae4aac5963ba035e45b3a45a108b5f3b39bc57a596734353ea8ce79c3ac1.png,3f6b7f40b9e562fdc9619a2bf206b2e6e7ea5d513dbd7a4820494662b3859225
data/raw/doclaynet_hard_negatives/doclaynet_val_55b9c40e9a5000354b9a.png,val,doclaynet:russian-constitution-0001202007040001.pdf,3,narrative_document,0,doclaynet,laws_and_regulations,russian_laws,russian-constitution-0001202007040001.pdf,8,3dd5991e6cd006f089975c76ee0cfc4425cd8d533acee06734b990c60a35e77e.png,951ede1bc83d9902f91eb0f1c98140f38ca6785e51154da155cdbccd4cdadf58
data/raw/doclaynet_hard_negatives/doclaynet_val_97896388353fe689a2ad.png,val,doclaynet:s23Coh00500201en14.0.pdf,3,narrative_document,0,doclaynet,laws_and_regulations,japanese_laws,s23Coh00500201en14.0.pdf,179,b34c3da645a38d403829e9b1124bba1948202dd10a8be64623e58608f11859fd.png,b9030d1c0aae911212a0d9927b6ebba27bff6ead43adf5dd98a7bbf788768206
data/raw/doclaynet_hard_negatives/doclaynet_val_7a4fd8304ac76cedb505.png,val,doclaynet:PLAW-116publ25.pdf,3,narrative_document,0,doclaynet,laws_and_regulations,us_laws,PLAW-116publ25.pdf,28,c63b0a7ae2008a1b05bb34f203838937abb25e310063964ba624c1f2e011eab6.png,e9c98e382952a5f210b500066b784b005d38f9571ae47230c2d72be8937617c1
data/raw/doclaynet_hard_negatives/doclaynet_val_3fcea3640aadabb7e611.png,val,doclaynet:216_envr_2008_zhonghuarenmingongheguoshuiwuranfangzhifa_20150303_chl_cec.pdf,3,narrative_document,0,doclaynet,laws_and_regulations,chinese_laws,216_envr_2008_zhonghuarenmingongheguoshuiwuranfangzhifa_20150303_chl_cec.pdf,2,c678ed9c2702124553d810aa022a52e066c3e973588c836ca3d4daf3bd8f739e.png,953357654838471a40961107891f315d31aa5f5b4f3b48e45ed35b1935547222
data/raw/doclaynet_hard_negatives/doclaynet_val_c6e3df58f716e63153b7.png,val,doclaynet:amt_general_handbook.pdf,3,narrative_document,0,doclaynet,laws_and_regulations,faa_regulations,amt_general_handbook.pdf,390,1469168936e78f89876de206971519c5fbf14c6acd0ebd53eeefca52c89bf724.png,3581b052c79cae294f109f12c6eac8cd7ce88c015db131fdec1caa0f6bc26693
data/raw/doclaynet_hard_negatives/doclaynet_val_9618cf52cabdd26b3316.png,val,doclaynet:20130815-RA-10607-BSA.pdf,3,narrative_document,0,doclaynet,laws_and_regulations,philippine_laws,20130815-RA-10607-BSA.pdf,77,2861c7c57b983a7cbdcfc80aa598deb1ba39aefba5defcc0b65fe98318e7d199.png,f5bc61db0e037e5a7cbf720ab21f8eee536a314550428ceb9939a8f390d3b442
data/raw/doclaynet_hard_negatives/doclaynet_val_0861253bde71ea457040.png,val,doclaynet:FPMMstrV.pdf,3,narrative_document,0,doclaynet,laws_and_regulations,german_laws,FPMMstrV.pdf,4,2ed9ccaf7086513849b5b770380b086df7294a28d1a8c99f962e267588b2533d.png,2807e005f19e2db51aedb9c6bbd34d0a46cadc3339549ad3ab619158d95294b8
data/raw/doclaynet_hard_negatives/doclaynet_val_abd8c7c7e5d43cf6ad7c.png,val,doclaynet:MANAGEMENT OF GAMOBUDU LANDFILL_0.pdf,3,narrative_document,0,doclaynet,laws_and_regulations,botswana_laws,MANAGEMENT OF GAMOBUDU LANDFILL_0.pdf,35,d39946e9cd3f3617eda9179b9f5f1fd7559bf6c414d5be35fb68267ab4592326.png,befe399861e45945907af6a3b3d8e57cfd1dcbd22b231a40cb4834b1018b6981
data/raw/doclaynet_hard_negatives/doclaynet_val_fcd774ebdc18a989a894.png,val,doclaynet:FamFG.pdf,3,narrative_document,0,doclaynet,laws_and_regulations,german_laws,FamFG.pdf,0,c399c581db28de0a81aa1bbe36876f1f4f40d4b1e5df0b8014cdf56ed764c77b.png,fe4f7aece6751c1dafb3b656c49735e6b4f80cdb9e830d0a0296507fd2d1f0c8
data/raw/doclaynet_hard_negatives/doclaynet_val_0b92e8c65308b26093c5.png,val,doclaynet:uksi_20200121_en.pdf,3,narrative_document,0,doclaynet,laws_and_regulations,gb_laws,uksi_20200121_en.pdf,108,6eee18901b3ef08816f6cb662c647388df7d6edf7632514b62d4c92136a44b54.png,b6969abf6b918a4f29f7073dcd2f6980e44b08f14b27a116fdba764628f6d5fb
data/raw/doclaynet_hard_negatives/doclaynet_val_1f1e77ceaa096c7e8bd8.png,val,doclaynet:russian-constitution-0001202007040001.pdf,3,narrative_document,0,doclaynet,laws_and_regulations,russian_laws,russian-constitution-0001202007040001.pdf,3,439ba031fada4e2b7add1ec975b546a9831abcb44a5c6a8145f0aaabf3778d79.png,f58cf6769c47e929b84d6278297718ed3ca8a1cfe1e994b3c87d20f303dd25c9
data/raw/doclaynet_hard_negatives/doclaynet_val_e08029182a89961dea1b.png,val,doclaynet:s23Coh00500201en14.0.pdf,3,narrative_document,0,doclaynet,laws_and_regulations,japanese_laws,s23Coh00500201en14.0.pdf,71,d64a6aebb0676f7a6ff7a3c9a919b67822b06a83efb4ee2ec415241ae89f5fe8.png,52c7a8bb49539964a0ca6a4a354fafc62d96fc244a40da87821fa63aebf0174c
data/raw/doclaynet_hard_negatives/doclaynet_val_cc7adcdb7c5349c593a5.png,val,doclaynet:PLAW-116publ25.pdf,3,narrative_document,0,doclaynet,laws_and_regulations,us_laws,PLAW-116publ25.pdf,3,b6373cd71a17b69ddcffbefd24da71a21f4a2c55b9a6eb6c297eb78b6fa39c1f.png,21846a90bd8ae35ec289029173db3e1a2ec820741c4ca05e29ccc961941b6128
data/raw/doclaynet_hard_negatives/doclaynet_val_bce96df8d1962d60fdf7.png,val,doclaynet:216_envr_2008_zhonghuarenmingongheguoshuiwuranfangzhifa_20150303_chl_cec.pdf,3,narrative_document,0,doclaynet,laws_and_regulations,chinese_laws,216_envr_2008_zhonghuarenmingongheguoshuiwuranfangzhifa_20150303_chl_cec.pdf,1,bb9d79ca35a53b89d3af6ba447bd09ea97a82179561d6b4433e6c95b4dfe7788.png,ba276b6e402ec1d6c540a373e27c46d4561fe44ba071b1d7cdb6d869917b1267
data/raw/doclaynet_hard_negatives/doclaynet_val_755cfce5df3d6ed11356.png,val,doclaynet:amt_general_handbook.pdf,3,narrative_document,0,doclaynet,laws_and_regulations,faa_regulations,amt_general_handbook.pdf,27,230ec2779f4e27d58d3f003e5d11d7ca5f5acf54f148a370ad271178808177d2.png,776f4d735059a63fbdbbeb74c558d1f28157eeaaea79e55ff1f0036952416e7f
data/raw/doclaynet_hard_negatives/doclaynet_val_0d9d670c2a8e08312c18.png,val,doclaynet:20130815-RA-10607-BSA.pdf,3,narrative_document,0,doclaynet,laws_and_regulations,philippine_laws,20130815-RA-10607-BSA.pdf,35,6dce22717a62abdfcc2aaaf2b32b311eb5550392c39337ddba038972434b3224.png,b4e62c33676acc9f5293b39c583f238c18e30be1bddcf80fde3b80eaecdc570c
data/raw/doclaynet_hard_negatives/doclaynet_val_298eca9297570143e3f7.png,val,doclaynet:MANAGEMENT OF GAMOBUDU LANDFILL_0.pdf,3,narrative_document,0,doclaynet,laws_and_regulations,botswana_laws,MANAGEMENT OF GAMOBUDU LANDFILL_0.pdf,19,5d281f5d7cef76c4868883ea914fc6db8309f33d6eee1bb8f6bf0c27e6c4ee31.png,72db0a7be6d3fa93aa5871734d7e5d0730b355c62c0d2bd9e0db8fd7f54b8efc
data/raw/doclaynet_hard_negatives/doclaynet_val_dba20ef8c1ba4fa38c8c.png,val,doclaynet:FamFG.pdf,3,narrative_document,0,doclaynet,laws_and_regulations,german_laws,FamFG.pdf,43,73dbf84e13ba352e32e7359a8d1ea7a413622fd754b3976b7f54b8dd33efbf20.png,8807658eaf01b4dcc66a825bd47bb37cc30c19d92da01a0ecb1a18aa5bf874e3
data/raw/doclaynet_hard_negatives/doclaynet_val_a4b9f76430b534cd744f.png,val,doclaynet:uksi_20200121_en.pdf,3,narrative_document,0,doclaynet,laws_and_regulations,gb_laws,uksi_20200121_en.pdf,17,5cf8f85b41f968375ce919937e3195487a6d8a88b7aafb566887a19f6b393723.png,807895bf7890c2fa5e00e6c3bfbc36c341e0690ea93078ff8045d603429fa2e9
data/raw/doclaynet_hard_negatives/doclaynet_val_cd78fda48808dac94066.png,val,doclaynet:russian-constitution-0001202007040001.pdf,3,narrative_document,0,doclaynet,laws_and_regulations,russian_laws,russian-constitution-0001202007040001.pdf,9,74d93cdd834d539052f5a04726655e9f51364b8a5dcab527985e894c88450b49.png,000bb004358aa34bc7c5dc985cfaed6cd8fad68c544733f6a612e54be424dd75
data/raw/doclaynet_hard_negatives/doclaynet_val_5d7fe25cc2329471a803.png,val,doclaynet:s23Coh00500201en14.0.pdf,3,narrative_document,0,doclaynet,laws_and_regulations,japanese_laws,s23Coh00500201en14.0.pdf,72,9b01d366d2cf43ed167f094941feb17334be08a6fda7f9862bcd40ab212b565a.png,7d01d11b53790aba292069161de6414b1ec7681862f49042ac5891a8ba92ba9f
data/raw/doclaynet_hard_negatives/doclaynet_val_bcc7f39f1fdd82246bc5.png,val,doclaynet:PLAW-116publ25.pdf,3,narrative_document,0,doclaynet,laws_and_regulations,us_laws,PLAW-116publ25.pdf,18,f8c503fcdd347ae358e976eeed5eaa3a98a00868af3038aa445672a5e9c1b84f.png,c4e35aeff4cb8c1e6e4b308a109130bbc064abb267786e5bf90a806ded341b55
data/raw/doclaynet_hard_negatives/doclaynet_val_129dc296fb6ff65a1b17.png,val,doclaynet:216_envr_2008_zhonghuarenmingongheguoshuiwuranfangzhifa_20150303_chl_cec.pdf,3,narrative_document,0,doclaynet,laws_and_regulations,chinese_laws,216_envr_2008_zhonghuarenmingongheguoshuiwuranfangzhifa_20150303_chl_cec.pdf,20,e6c4fd1861326639f7b7904eaf53fd7979e8352656275eb21b4404b80662611d.png,5a87d060ecf3f25327f301db8040794cf058db60baac34b3a69c036c01ee7267
data/raw/doclaynet_hard_negatives/doclaynet_val_fcda9e84777d54727a49.png,val,doclaynet:amt_general_handbook.pdf,3,narrative_document,0,doclaynet,laws_and_regulations,faa_regulations,amt_general_handbook.pdf,676,338b1791ae29eee9d55c050beb5725acfd73076192b1542f063baf10dc975d1b.png,7c03411301d6196d2c693a1aa57333b40661f6025d5e82381f6c11fe37d10ca0
data/raw/doclaynet_hard_negatives/doclaynet_val_c82b90525f4bda78589d.png,val,doclaynet:20130815-RA-10607-BSA.pdf,3,narrative_document,0,doclaynet,laws_and_regulations,philippine_laws,20130815-RA-10607-BSA.pdf,63,4c0d897be2f1bb1deff69e6b6d91bfbd0a67964770bc6661f18c99fe021b02f6.png,c59be579d634b08a60bae2661892da11de7bd54d2a523050423d98b37284c55b
data/raw/doclaynet_hard_negatives/doclaynet_val_09104faf37dcfacd7af0.png,val,doclaynet:MANAGEMENT OF GAMOBUDU LANDFILL_0.pdf,3,narrative_document,0,doclaynet,laws_and_regulations,botswana_laws,MANAGEMENT OF GAMOBUDU LANDFILL_0.pdf,27,2597840c99cd4592aa1b19f17afc70e1eec51cb740144474d483f538b3a374cf.png,2e9b27ee1ae6b0af5bf5f2cddc4a853eed88a9db53721ccdb637a0b9a272fabe
data/raw/doclaynet_hard_negatives/doclaynet_val_0c1b5ac1280e550cfa38.png,val,doclaynet:FamFG.pdf,3,narrative_document,0,doclaynet,laws_and_regulations,german_laws,FamFG.pdf,35,23ce4a7d2cb0a6f9a7f6ac461f0552c17df1f66706236a618b6d6ed41320db4e.png,7780ff181097d0a10f5259687ed55b874bf55baf55c5a4eebee3c0eae4e84c96
data/raw/doclaynet_hard_negatives/doclaynet_val_6460457312b367d32c9d.png,val,doclaynet:FR-Invitation a soumissionner-18-05-21.pdf,2,structured_document,0,doclaynet,government_tenders,eu_tenders,FR-Invitation a soumissionner-18-05-21.pdf,4,1a503f0e5eb919a85b0d511d57e96ca9284a4e7171ed2fd4d1812ca8f7f4f21d.png,21b90cde9feddc8565d5c1679e6c161d7444b9d9731af9f70a202c573a1fbd79
data/raw/doclaynet_hard_negatives/doclaynet_val_5ceccda56fce517a6778.png,val,doclaynet:EN-Procurement Document 1 - Annex B Pricing Form.pdf,2,structured_document,0,doclaynet,government_tenders,eu_tenders,EN-Procurement Document 1 - Annex B Pricing Form.pdf,0,d36a96dbd425b54c3e4b116ab8b66127c30c6c84bb22130f9faa2b79e1cbbd88.png,0b6780e530da9a7de897c7799aea1da26904a7558b2afd8e15d56aa7b15ae772
data/raw/doclaynet_hard_negatives/doclaynet_val_9b3bfdcb195b536718d6.png,val,doclaynet:EN-Annex D - Catalogue of Price.pdf,2,structured_document,0,doclaynet,government_tenders,eu_tenders,EN-Annex D - Catalogue of Price.pdf,0,564744572d56616880e15816886f929ec69ceafb71ea720a422163f3ff7361f8.png,6747f871a3266c111b764eb4e9a89a941e0a31975d9de24717e443ca22739135
data/raw/doclaynet_hard_negatives/doclaynet_val_03325fb98ca38025d320.png,val,doclaynet:EN-Procurement Document 1 - Terms of Reference.pdf,2,structured_document,0,doclaynet,government_tenders,eu_tenders,EN-Procurement Document 1 - Terms of Reference.pdf,34,cf7750a35d32f1707ebd7a3d62e38b18e33c218d6939405aa7ae27cbd8bf8517.png,a8ee977801a060acc6ab417cf724011dc543566fc82a21ff3c6248af7e155b29
data/raw/doclaynet_hard_negatives/doclaynet_val_d2670cfe0730af6e86c6.png,val,doclaynet:EN-AA-000799-002-0_TAINVIT.pdf,2,structured_document,0,doclaynet,government_tenders,eu_tenders,EN-AA-000799-002-0_TAINVIT.pdf,0,1f522b1e2c1901304910734dd20ff06ee786a174d12ba481b0a6c5616ad3454c.png,412d7221b76876ce3e64342456f8ea6e4bcc61b28aa4b914f83de12241ecf1a3
data/raw/doclaynet_hard_negatives/doclaynet_val_295fc9dc1c8d78dd3490.png,val,doclaynet:EN-02a. Tender Specification_LOT1_F-COD-20-T03.pdf,2,structured_document,0,doclaynet,government_tenders,eu_tenders,EN-02a. Tender Specification_LOT1_F-COD-20-T03.pdf,23,ad48def626eaf97a0daf44a53e57cc9de49b29c75102c6e1caee5e930eacf44f.png,dbca4cfc55d643c28abf094b3890be981bd3f6e6e51bba14291bf79d4a259aa7
data/raw/doclaynet_hard_negatives/doclaynet_val_a7d4fb8b49e69f9e4f6b.png,val,doclaynet:EN-Lot1 Vol2 d4 particularconditions en.pdf,2,structured_document,0,doclaynet,government_tenders,eu_tenders,EN-Lot1 Vol2 d4 particularconditions en.pdf,15,7507084e5cb8aa4e7de01e4e7c6c44e47b3e1df7a8941054c930fe8903f50654.png,137bea5256cf9452e57e8f2b0f3068d83d0ecc020785ae4187804d086515def2
data/raw/doclaynet_hard_negatives/doclaynet_val_aa70e69fc50924834a66.png,val,doclaynet:KEI 2_Bauphysik Schallschutznachweis.pdf,2,structured_document,0,doclaynet,government_tenders,bavaria_tenders,KEI 2_Bauphysik Schallschutznachweis.pdf,34,466c10654cc4f8c91e101ffc93270e05e2ec3af2b02f59e2338281d64cc0cece.png,9e3583a6fda8ceeff54c6ada81d2e3ce4c1dfb452ffdfc35f74d2d7bff8c0d3c
data/raw/doclaynet_hard_negatives/doclaynet_val_27522e66e88d0cf14afd.png,val,doclaynet:IT-11.Allegato V - Varco doganale.pdf,2,structured_document,0,doclaynet,government_tenders,eu_tenders,IT-11.Allegato V - Varco doganale.pdf,0,951da205023b0534d324ea310c33327086d50e4d6c0294faa09cd9bd4ab3a07e.png,9e5997d82a95b5325c9ffc0dd160524484d5ea100212f3477e537072270ab926
data/raw/doclaynet_hard_negatives/doclaynet_val_a69f2b2dda9e25aff454.png,val,doclaynet:EN-Invitation.pdf,2,structured_document,0,doclaynet,government_tenders,eu_tenders,EN-Invitation.pdf,2,04d14ea23e5940a8fbe8b0499edd5adaf1369325e78af355339a168f624807b3.png,5f25aa711c26e62f8966fd73bd42d801f4f3ef3b823b400c5280099e4906be2f
data/raw/doclaynet_hard_negatives/doclaynet_val_53306d3f130c90b4d132.png,val,doclaynet:EN-Lot1 7 Vol3 d4.3 Section 7 Mechanical Works en GIR rev7.pdf,2,structured_document,0,doclaynet,government_tenders,eu_tenders,EN-Lot1 7 Vol3 d4.3 Section 7 Mechanical Works en GIR rev7.pdf,82,0b50b14746b2b73836e59823fc4dea43cd367b213490c6c50a92b1c0577fc053.png,e9175add33d70158550d6a49553368d9c38c1a8cf0047d50f7c3b8acbffba495
data/raw/doclaynet_hard_negatives/doclaynet_val_5f7179c6e1918dde1162.png,val,doclaynet:EN-draft-contrat-supply-electrolysis-0763.pdf,2,structured_document,0,doclaynet,government_tenders,eu_tenders,EN-draft-contrat-supply-electrolysis-0763.pdf,16,82ab93c4b1099903bb86ebe879f778de8f0aed6340321803f5477f5cda931e6d.png,8b0d62e952527e92bb131b3161cb608ab3791c4f6f0117e24ee990b302e25d39
data/raw/doclaynet_hard_negatives/doclaynet_val_a1d225b63f13c73ec0bc.png,val,doclaynet:EN-Annex X - ECDC template for technical reports.pdf,2,structured_document,0,doclaynet,government_tenders,eu_tenders,EN-Annex X - ECDC template for technical reports.pdf,8,c89d52a6a63c431c39bdcaeb9f3507534807e08f1c396ce472c1ad782e3f647c.png,b475b90936a96073abc66ac5784cc29298c14f7eba6d4a6059346b74c13dba42
data/raw/doclaynet_hard_negatives/doclaynet_val_a6eb87d97c273833438e.png,val,doclaynet:EN-c4j_admingrid_en.docx.pdf,2,structured_document,0,doclaynet,government_tenders,eu_tenders,EN-c4j_admingrid_en.docx.pdf,1,c6e13939d9a354edf21ae52e9d23c37ac8c32b328dc53cac0582d0052fa1fe79.png,eab9a61d365c35c284c205c6204b8cfe0c5b354985190f9b7c3438ccbcd4ee77
data/raw/doclaynet_hard_negatives/doclaynet_val_4e8251c340968210f7ae.png,val,doclaynet:02-Apparateliste 07_05_2012.pdf,2,structured_document,0,doclaynet,government_tenders,eu_tenders,02-Apparateliste 07_05_2012.pdf,0,8551f98b3fbfe8f054a4c948e8707700faf186cc0640be59e6c20f37eedf3fc2.png,5d95a7a4f80c5a1726ae56d41939ab3b432f0ee427fd378e9630ace11cb0cef3
data/raw/doclaynet_hard_negatives/doclaynet_val_37d7ae94402049fd4da7.png,val,doclaynet:EN-OL_2021_DPR_23656_Financial proposal FWC with scenario.pdf,2,structured_document,0,doclaynet,government_tenders,eu_tenders,EN-OL_2021_DPR_23656_Financial proposal FWC with scenario.pdf,2,1e73f04e5f5cb0ecde6e99c1218c8c5a469c62687ed3836a5008f1122da1eb8d.png,ddcca50026439f573b763c54d4e048860961b36b3beee8e6e66874c99a6c03e8
data/raw/doclaynet_hard_negatives/doclaynet_val_480305af02045da291eb.png,val,doclaynet:FR-Invitation a soumissionner-18-05-21.pdf,2,structured_document,0,doclaynet,government_tenders,eu_tenders,FR-Invitation a soumissionner-18-05-21.pdf,5,a1a4fdd6aa9e938f9748d9a04138dbecaf1c3645362e2ed2ca59a91beec0130e.png,7467629189f24263095e34ff7bb1aedf0a8eacde1bbebddfe15fb52c7fc479c3
data/raw/doclaynet_hard_negatives/doclaynet_val_aa442889c1f1a0a7038f.png,val,doclaynet:EN-Annex D - Catalogue of Price.pdf,2,structured_document,0,doclaynet,government_tenders,eu_tenders,EN-Annex D - Catalogue of Price.pdf,2,f674c15785d323de2d6aeccd37e584e3ea8bd10b42dcdeaf769c951c955cbd7c.png,936004f11970bb9e50beb70d81c96f7222a0f62c3602a95de92816afe54d666f
data/raw/doclaynet_hard_negatives/doclaynet_val_51e31db357165f7ee30f.png,val,doclaynet:EN-Procurement Document 1 - Terms of Reference.pdf,2,structured_document,0,doclaynet,government_tenders,eu_tenders,EN-Procurement Document 1 - Terms of Reference.pdf,49,e3e2c9e3c7ca9d29a8108a58a55e319421eaf513a8728a5dbec0f7b1e3856e60.png,ae425149b1513c192b66e4ce19435e844cf46e7e862d725e702ca7f6c2248e19
data/raw/doclaynet_hard_negatives/doclaynet_val_249b6af773cf11ef581c.png,val,doclaynet:EN-02a. Tender Specification_LOT1_F-COD-20-T03.pdf,2,structured_document,0,doclaynet,government_tenders,eu_tenders,EN-02a. Tender Specification_LOT1_F-COD-20-T03.pdf,4,e910b62870ba04118884e1f14eb44b582b702be6424a32f12d1429604d6e0dbf.png,b88dcec82145568fd1a2aae45999c704e54450fa563df5345fd39ced7a9214ed
data/raw/doclaynet_hard_negatives/doclaynet_val_fdf6219cc8677bc3c254.png,val,doclaynet:EN-Lot1 Vol2 d4 particularconditions en.pdf,2,structured_document,0,doclaynet,government_tenders,eu_tenders,EN-Lot1 Vol2 d4 particularconditions en.pdf,8,3b3721d055e56f5aed39bbd00ecc28e2d0b57e47c239e0bb27579a2fadd6561c.png,2a041a6f872c947776d6d1288bdbe573f8ab4ef7cd5cfbe68d5bccd92f02ef8d
data/raw/doclaynet_hard_negatives/doclaynet_val_0925308a5ef2df072a82.png,val,doclaynet:KEI 2_Bauphysik Schallschutznachweis.pdf,2,structured_document,0,doclaynet,government_tenders,bavaria_tenders,KEI 2_Bauphysik Schallschutznachweis.pdf,52,dd771d0d6fc943b102fdf34ffabede4bd63f1015a70522e6af7dfbbd9d529f76.png,646788d917f181ad8d0219f66cfc086f92e3535698e86a15dadd970698afc45b
data/raw/doclaynet_hard_negatives/doclaynet_val_6108e48a86f10ccef80d.png,val,doclaynet:IT-11.Allegato V - Varco doganale.pdf,2,structured_document,0,doclaynet,government_tenders,eu_tenders,IT-11.Allegato V - Varco doganale.pdf,3,0a97adb7d400df1f9565c17f25529c357422bd525f30de86792abd3d53c284e6.png,3532381707c16273849745dbf4fd2f3408e1555c8eaef89465aec3147f709f9a
data/raw/doclaynet_hard_negatives/doclaynet_val_c3e2000dd04d7f8efa44.png,val,doclaynet:EN-Invitation.pdf,2,structured_document,0,doclaynet,government_tenders,eu_tenders,EN-Invitation.pdf,0,5a3abfc4237871cf679327ff4c6bd95efe7c082b87f31b4b5d866ae9641bfe84.png,02d059a3b904dbe1c7a8278f189685b51433b56138804d1d12ada3886e186362
data/raw/doclaynet_hard_negatives/doclaynet_val_5e3fcd5e5f6c91e116f0.png,val,doclaynet:EN-Lot1 7 Vol3 d4.3 Section 7 Mechanical Works en GIR rev7.pdf,2,structured_document,0,doclaynet,government_tenders,eu_tenders,EN-Lot1 7 Vol3 d4.3 Section 7 Mechanical Works en GIR rev7.pdf,55,1e8efbfbee8c1e1d9f9ca2d31e76e699b34b285ad7ef0945114f7d7c4b01380a.png,e6ccbf1d18e7514955a3e204fddfbbf9339131cfb50492400d3bae397f066dae
data/raw/doclaynet_hard_negatives/doclaynet_val_899686b116e67ebcee13.png,val,doclaynet:EN-draft-contrat-supply-electrolysis-0763.pdf,2,structured_document,0,doclaynet,government_tenders,eu_tenders,EN-draft-contrat-supply-electrolysis-0763.pdf,34,310402e26068442b453b201df759e9fa16edee17fdc539c3c834e1d5fc3ddc46.png,f4b8189e52b125f8758e1212f31cbd1ef3cafebbf676842cbb2e5b792cff2aa2
data/raw/doclaynet_hard_negatives/doclaynet_val_35150c01656c5bb6cf1a.png,val,doclaynet:EN-Annex X - ECDC template for technical reports.pdf,2,structured_document,0,doclaynet,government_tenders,eu_tenders,EN-Annex X - ECDC template for technical reports.pdf,10,4263c261b4bbac2dc154148a240924dd91bee913f4e02bf6d551758bfdadd59f.png,b8340fa5027ecc59fb9c45432e2fde0e7a24306d9f1681ba02ae278391117169
data/raw/doclaynet_hard_negatives/doclaynet_val_da39630ed2a074fd4c6c.png,val,doclaynet:EN-c4j_admingrid_en.docx.pdf,2,structured_document,0,doclaynet,government_tenders,eu_tenders,EN-c4j_admingrid_en.docx.pdf,0,56c67666c8222363bea1e54c2a3e3fc682c367447a819a4279a9c63399abc43e.png,04bc4e287edcc87dcd479a8e3a1c26589d08448c897f12da36ed6b0a4863fbdc
data/raw/doclaynet_hard_negatives/doclaynet_val_b252d858360fb551833b.png,val,doclaynet:02-Apparateliste 07_05_2012.pdf,2,structured_document,0,doclaynet,government_tenders,eu_tenders,02-Apparateliste 07_05_2012.pdf,2,94a908d4d3494c1a71e15a53c6b7a697c8ec837a8e818688a5ff25c8629fae14.png,4edc1fc321499d5cb284a6466ba858b7e43832e1c492e172eb2b2ac1cf06a829
data/raw/doclaynet_hard_negatives/doclaynet_val_db37e4ff211d1ddc7cf9.png,val,doclaynet:EN-OL_2021_DPR_23656_Financial proposal FWC with scenario.pdf,2,structured_document,0,doclaynet,government_tenders,eu_tenders,EN-OL_2021_DPR_23656_Financial proposal FWC with scenario.pdf,3,cb427edaac256a30f35b53e6818496220841bb53391960d82ce73fd1d93449d5.png,7343c9bf94dd9f8d241d081194ff0cf7f71c038f020f3ad0327feb007004aed4
data/raw/doclaynet_hard_negatives/doclaynet_val_9271262d589ba3a685f6.png,val,doclaynet:FR-Invitation a soumissionner-18-05-21.pdf,2,structured_document,0,doclaynet,government_tenders,eu_tenders,FR-Invitation a soumissionner-18-05-21.pdf,0,ccf5e5a5c5db1995f7b1f14d095532e9d442a8411c72397379ffb2ae5b41bbc6.png,ffd02b57c2566dd7f024c409e9465408e9a41cb58e46d69d7b0dd2604564bb92
data/raw/doclaynet_hard_negatives/doclaynet_val_903aba7ecae0e0b36c53.png,val,doclaynet:EN-Annex D - Catalogue of Price.pdf,2,structured_document,0,doclaynet,government_tenders,eu_tenders,EN-Annex D - Catalogue of Price.pdf,1,29566e2af69c46e576ff0e66d072b7cb08bf78d9aab16b7ac1fd1184879e2e6c.png,818c391c51ddbdb3ee41826d32fd1f31170641797fab758609f9d37fca67fc40
data/raw/doclaynet_hard_negatives/doclaynet_val_3222d6d14303a68e8159.png,val,doclaynet:EN-Procurement Document 1 - Terms of Reference.pdf,2,structured_document,0,doclaynet,government_tenders,eu_tenders,EN-Procurement Document 1 - Terms of Reference.pdf,33,5c1d27005ca2918b8fbba2e592f4d1ca817678662efc3d4b8f9a7bc33cd4351f.png,6e9e8587d79e5c391edac7075ea41ca904d27fdfa8c25ca66c7ba8118f35c01b
data/raw/doclaynet_hard_negatives/doclaynet_val_6d66ccc9257f31f29ee6.png,val,doclaynet:EN-02a. Tender Specification_LOT1_F-COD-20-T03.pdf,2,structured_document,0,doclaynet,government_tenders,eu_tenders,EN-02a. Tender Specification_LOT1_F-COD-20-T03.pdf,12,2d18b70b82a8e9316f69cc5d228cbe30fe00d0679a144a3575005b37b76e4794.png,f4a86333e4944b9c3024a0abe00ce0d9527fedfc589f9deaab10ac79ce30037b
data/raw/doclaynet_hard_negatives/doclaynet_val_d90611d3c20090ab9124.png,val,doclaynet:EN-Lot1 Vol2 d4 particularconditions en.pdf,2,structured_document,0,doclaynet,government_tenders,eu_tenders,EN-Lot1 Vol2 d4 particularconditions en.pdf,7,3d974480bee7bbec40e08e5e9f0ab4dfdd4baf21b3e14813ece12d1f5611c950.png,e35b8efe243956014091b660ff534fc4d0b744e5ed6f9dfc04d0d442832c1e0c
data/raw/doclaynet_hard_negatives/doclaynet_val_4733865eb2c86cad1353.png,val,doclaynet:KEI 2_Bauphysik Schallschutznachweis.pdf,2,structured_document,0,doclaynet,government_tenders,bavaria_tenders,KEI 2_Bauphysik Schallschutznachweis.pdf,41,ac20ccdaafbfa9d8c8845fb4f6e4e5e80e9ae649368fb9fab29078eb12b4d535.png,55c8d44cc7e90c63bb1051fb1616dec0e4cd59b25c32c89b51ca56ac4a6ee811
data/raw/doclaynet_hard_negatives/doclaynet_val_ce0fae9c3ec4224a804e.png,val,doclaynet:IT-11.Allegato V - Varco doganale.pdf,2,structured_document,0,doclaynet,government_tenders,eu_tenders,IT-11.Allegato V - Varco doganale.pdf,2,75008ef7c5bd7292a3083b71a77ac19bf50b4010886cdce22f6b9ab66ccee580.png,99342bb2d4e057d97f208a84c03f1ff1d92ea604f90e2979716617bdd7f08e57
data/raw/doclaynet_hard_negatives/doclaynet_val_294f7bfa8b227e3d9641.png,val,doclaynet:EN-Invitation.pdf,2,structured_document,0,doclaynet,government_tenders,eu_tenders,EN-Invitation.pdf,1,34388833e17588760bc9b2a528ee76667586f64d6ac5113e09e04a934c2ecbd3.png,79b0362bd0ce5638c55fc14bb48e6671914d3ca1c5b33c9b3d814ae9d936af1f
data/raw/doclaynet_hard_negatives/doclaynet_val_e06b2fa7b3eb36ea0342.png,val,doclaynet:EN-Lot1 7 Vol3 d4.3 Section 7 Mechanical Works en GIR rev7.pdf,2,structured_document,0,doclaynet,government_tenders,eu_tenders,EN-Lot1 7 Vol3 d4.3 Section 7 Mechanical Works en GIR rev7.pdf,53,f0015338b8c82fdfb4f52d569312ae2f73aa3545082f3013586e76a953960641.png,57ec50d068fb9a3dbaae414e5b1ca95669030b8eac280fb34a9d4687a214821f
data/raw/doclaynet_hard_negatives/doclaynet_val_f9ab80abcd4adb60b5a1.png,val,doclaynet:EN-draft-contrat-supply-electrolysis-0763.pdf,2,structured_document,0,doclaynet,government_tenders,eu_tenders,EN-draft-contrat-supply-electrolysis-0763.pdf,28,a425565f23e8efaae49e86e77bd94c7aa7aa72e2fa4848b26066073db86f86c9.png,10034b20cb0a4c6650eb214a3499ad3062c4fa2234cdf9cc25f89536008a40c1
data/raw/doclaynet_hard_negatives/doclaynet_val_ff8c8177c1e0b736b4cf.png,val,doclaynet:EN-Annex X - ECDC template for technical reports.pdf,2,structured_document,0,doclaynet,government_tenders,eu_tenders,EN-Annex X - ECDC template for technical reports.pdf,7,e243cbd1e161973d9f03acea373d541c4d5b12974a54990fc92fbe9f6f059154.png,33aaeeed9f0edc0f1306568cb6c5c0fcfbee12081a5d08ddc35ee62ebfa2deef
data/raw/doclaynet_hard_negatives/doclaynet_val_d973c1973d971f2b68e4.png,val,doclaynet:EN-c4j_admingrid_en.docx.pdf,2,structured_document,0,doclaynet,government_tenders,eu_tenders,EN-c4j_admingrid_en.docx.pdf,11,854d786eb7b4390ceeac4eecd05c2f62e289e695c3795a9e971670e1c8a0ae16.png,4f00314519fef56fffcf2668d0574926e8917d37796d391465ef335450a4c263
data/raw/doclaynet_hard_negatives/doclaynet_val_e722c357fed02219d189.png,val,doclaynet:02-Apparateliste 07_05_2012.pdf,2,structured_document,0,doclaynet,government_tenders,eu_tenders,02-Apparateliste 07_05_2012.pdf,1,c271c9051e794eff4db80450b155e5f45524d17bf70e76f0bf4807876cf10d63.png,e9fc3088b9805c90549a33440f118133577e520bd2c746d0a6458723ab55e4ff
data/raw/doclaynet_hard_negatives/doclaynet_val_1efc60841a585b7c0563.png,val,doclaynet:EN-OL_2021_DPR_23656_Financial proposal FWC with scenario.pdf,2,structured_document,0,doclaynet,government_tenders,eu_tenders,EN-OL_2021_DPR_23656_Financial proposal FWC with scenario.pdf,5,b1f3769cde76b831a9e3005975895d894a57f6db448c02008e6bf576e05e1b5c.png,96ca9ba24044bf98bf6b61aed92573d48ceb8825712e025e95b0ba04880aacf4
data/raw/doclaynet_hard_negatives/doclaynet_val_e82702af5d7f23c4f1b8.png,val,doclaynet:FR-Invitation a soumissionner-18-05-21.pdf,2,structured_document,0,doclaynet,government_tenders,eu_tenders,FR-Invitation a soumissionner-18-05-21.pdf,2,02de1d846642d7dea2a34ef881b65d44edefcbcac1047d264543005b5d9a294a.png,d255b4b5b816916a75c9fd1da1c3ec25b4553f6f771968ffc9834ac49829dffe
data/raw/doclaynet_hard_negatives/doclaynet_val_51b3d78b439d2641b196.png,val,doclaynet:EN-Procurement Document 1 - Terms of Reference.pdf,2,structured_document,0,doclaynet,government_tenders,eu_tenders,EN-Procurement Document 1 - Terms of Reference.pdf,48,83fadef66897dc195cc860d1e2bc777590b13c2ba1039cf547227ecb0ff7786f.png,2d0dc84b353d992342df3c6800cbe28a449e70cc0fbd2264e3d790f762be642e
data/raw/doclaynet_hard_negatives/doclaynet_val_f3bfb7986d7a53993dd0.png,val,doclaynet:EN-02a. Tender Specification_LOT1_F-COD-20-T03.pdf,2,structured_document,0,doclaynet,government_tenders,eu_tenders,EN-02a. Tender Specification_LOT1_F-COD-20-T03.pdf,19,beeefb3ba220b9344a4904c2dc4996bb6e05de31cf67cc5aef3fdd835f041cd3.png,d7ecd29e83b988c299272d2defeb10491d18c03f08a1be1ba95a273032382a6f
data/raw/doclaynet_hard_negatives/doclaynet_val_5f05220eeb0aaff0fa8f.png,val,doclaynet:EN-Lot1 Vol2 d4 particularconditions en.pdf,2,structured_document,0,doclaynet,government_tenders,eu_tenders,EN-Lot1 Vol2 d4 particularconditions en.pdf,3,02845944496ac03f4de46de6c05770d5e17cfed7adf45c824b9c1007cb7424d2.png,acdb6e88f052e199c365abdc527cfceb93406c68350bc6baffde4362814e5d4c
data/raw/doclaynet_hard_negatives/doclaynet_val_4280e6259fc2e373f91b.png,val,doclaynet:KEI 2_Bauphysik Schallschutznachweis.pdf,2,structured_document,0,doclaynet,government_tenders,bavaria_tenders,KEI 2_Bauphysik Schallschutznachweis.pdf,21,31b3eb250c89c69e4252907084b6930109bcf0959e05740c5ab25136742835f2.png,3031a1865268326d70b83580c7ae78697bd3e42a3da025c82ca04e6764b9db18
data/raw/doclaynet_hard_negatives/doclaynet_val_d99309a28a07bfefed29.png,val,doclaynet:IT-11.Allegato V - Varco doganale.pdf,2,structured_document,0,doclaynet,government_tenders,eu_tenders,IT-11.Allegato V - Varco doganale.pdf,1,30e0d54d659a4221bc66795a548691713a8e7dbb06057b176d5dc8fe77dee01a.png,dc8bee42a77b144cde4ac4cbf2ec925281bdf02a6ea41d06e715fa29f1d67ee4
data/raw/doclaynet_hard_negatives/doclaynet_val_65830dd514066465aa1b.png,val,doclaynet:EN-Invitation.pdf,2,structured_document,0,doclaynet,government_tenders,eu_tenders,EN-Invitation.pdf,4,43d0ab1fcb66d8be6f7c7eff10fef4c3c3993df4fc73cbc2da7c7b705dd062f3.png,5543721d2512f26578db9a312986edf72481fcbe61a72a24cb75e0909eb5c198
data/raw/doclaynet_hard_negatives/doclaynet_val_c355fa562a580ea7d308.png,val,doclaynet:EN-Lot1 7 Vol3 d4.3 Section 7 Mechanical Works en GIR rev7.pdf,2,structured_document,0,doclaynet,government_tenders,eu_tenders,EN-Lot1 7 Vol3 d4.3 Section 7 Mechanical Works en GIR rev7.pdf,47,6f1fe8a2e423d86379c0a08bf5999f27633ca4f8d209e1456b78f654f7ef9e70.png,8cba718c622d7007997e7272d56390c83fe0e24db4cc1e61029f57f8483dce3c
data/raw/doclaynet_hard_negatives/doclaynet_val_3b9f6011247acf101eff.png,val,doclaynet:EN-draft-contrat-supply-electrolysis-0763.pdf,2,structured_document,0,doclaynet,government_tenders,eu_tenders,EN-draft-contrat-supply-electrolysis-0763.pdf,20,93bb9ee70b77df12e63d3142975f2def9ccc65649e6f5e6095185a4825237341.png,9dd07fe14118ae20e01a208cbfe19ef5b5082804585c32fc39c48897bc3563bd
data/raw/doclaynet_hard_negatives/doclaynet_val_b12a4f3a157715a1d2a3.png,val,doclaynet:EN-Annex X - ECDC template for technical reports.pdf,2,structured_document,0,doclaynet,government_tenders,eu_tenders,EN-Annex X - ECDC template for technical reports.pdf,3,575980d76ef0f2d31efe4fcca9af97091ca226393676fdb8cb98171f42bedc4c.png,61b018dbe1b2d725350cc5ea6bd9fe65cc5707f1dd7e3a8c11ed73cd154f668e
data/raw/doclaynet_hard_negatives/doclaynet_val_68ce1f463c6aac201927.png,val,doclaynet:EN-c4j_admingrid_en.docx.pdf,2,structured_document,0,doclaynet,government_tenders,eu_tenders,EN-c4j_admingrid_en.docx.pdf,13,5c21b593b44d309a3a3461ebb22e210426661e2d137c0c1417fea67039553c40.png,9df0f5b6258fd45cb6fafcc18fbf9fa1aad64b29ac0393121965336362702893
data/raw/doclaynet_hard_negatives/doclaynet_val_ce9de5918b1f7580ff10.png,val,doclaynet:EN-OL_2021_DPR_23656_Financial proposal FWC with scenario.pdf,2,structured_document,0,doclaynet,government_tenders,eu_tenders,EN-OL_2021_DPR_23656_Financial proposal FWC with scenario.pdf,1,bd3bcaa944694267bdb84aa0ffc427e67ae7877118a9c397aebf2e4c36956e8c.png,18fdbffddfb8b23736dbe6f1f7b8d8aa6365a63390d3fe92c306a018730f45db
data/raw/doclaynet_hard_negatives/doclaynet_val_77fc411bd5e72c1d3a6d.png,val,doclaynet:FR-Invitation a soumissionner-18-05-21.pdf,2,structured_document,0,doclaynet,government_tenders,eu_tenders,FR-Invitation a soumissionner-18-05-21.pdf,1,db5e03443de1c7b549e80dbe621cb2ad05152a07867a968c915765341ef4f570.png,d03bf19b7044aa7bb8b8fff3b00c1e209065e71e3a2e96a7b33d46252d965969
data/raw/doclaynet_hard_negatives/doclaynet_val_fd7477afe0f620704918.png,val,doclaynet:EN-Procurement Document 1 - Terms of Reference.pdf,2,structured_document,0,doclaynet,government_tenders,eu_tenders,EN-Procurement Document 1 - Terms of Reference.pdf,45,fe9842119b4b7e67c806183884dbbe74621a189fed1545810e5f988d5bfdd303.png,7668b2f513a44905d9fc610ac231841b660a5f1f2e1af4924aaa0b9e13ddfe16
data/raw/doclaynet_hard_negatives/doclaynet_val_04c63b3895b017326626.png,val,doclaynet:EN-02a. Tender Specification_LOT1_F-COD-20-T03.pdf,2,structured_document,0,doclaynet,government_tenders,eu_tenders,EN-02a. Tender Specification_LOT1_F-COD-20-T03.pdf,10,421e6923cfae579e56f99aec306ec76c8b460474154ee03b60b578ae4a7ca272.png,9334205c25e70ee9defbaf664c0edec7bb50a86d9227a4b6c26a2604ba0cc543
data/raw/doclaynet_hard_negatives/doclaynet_val_18b3c103d20f53151460.png,val,doclaynet:EN-Lot1 Vol2 d4 particularconditions en.pdf,2,structured_document,0,doclaynet,government_tenders,eu_tenders,EN-Lot1 Vol2 d4 particularconditions en.pdf,9,554501ef681df89e21c0514ce153052a1b17b5a1459358f0158819f907a8a9bc.png,926fd31e981a31969b92ac8dfd53eba13d409be30f859924f523d769dd38a806
data/raw/doclaynet_hard_negatives/doclaynet_val_bc998d269f7966d08c13.png,val,doclaynet:KEI 2_Bauphysik Schallschutznachweis.pdf,2,structured_document,0,doclaynet,government_tenders,bavaria_tenders,KEI 2_Bauphysik Schallschutznachweis.pdf,9,7abc32a285586439ef963d37655b638afca23a7bdd854e393295a2ecd828c056.png,22eadea65c073fd3898941c3ed742ae7e605ef8cf8f4b1a475eb8d1b1e2f84e5
data/raw/doclaynet_hard_negatives/doclaynet_val_390364c6f6610d369ac7.png,val,doclaynet:EN-Invitation.pdf,2,structured_document,0,doclaynet,government_tenders,eu_tenders,EN-Invitation.pdf,3,171388fcf0531c49e2687c07064d188a9cf81f26235696ca2d75ea5f0a6d62d3.png,4da897f38bc53429b35f9752ca267ba720697c72d3d2246f35f55571cd8c6ccf
data/raw/doclaynet_hard_negatives/doclaynet_val_fe72942236ca57fa327c.png,val,doclaynet:EN-Lot1 7 Vol3 d4.3 Section 7 Mechanical Works en GIR rev7.pdf,2,structured_document,0,doclaynet,government_tenders,eu_tenders,EN-Lot1 7 Vol3 d4.3 Section 7 Mechanical Works en GIR rev7.pdf,88,11bbcfcdc8cf60d2642c42e5df279c4b0c466a6968ee764b167b9832bda49477.png,59452e7917ba52985228fde5ec5007e372f9b82c280757c8f3d0835478c073a6
data/raw/doclaynet_hard_negatives/doclaynet_val_906e287b5a94faca238c.png,val,doclaynet:EN-draft-contrat-supply-electrolysis-0763.pdf,2,structured_document,0,doclaynet,government_tenders,eu_tenders,EN-draft-contrat-supply-electrolysis-0763.pdf,27,4d8c955668cdcf8e6c428c6084909c5a8979b576f3e32dc42cc399e06a5095ab.png,c75a24eb720e8acc8712a91de9769480520a79e6dc35e7b94ead7aa817fc6b0c
data/raw/doclaynet_hard_negatives/doclaynet_val_db42e35c5f5fd2e835d3.png,val,doclaynet:EN-Annex X - ECDC template for technical reports.pdf,2,structured_document,0,doclaynet,government_tenders,eu_tenders,EN-Annex X - ECDC template for technical reports.pdf,5,a89d5bb09ea493ad3697f504bed5ce5d7c19607ebff3482b4ba1b01f769bce50.png,f67577e035b29cb8de8dda3738cfd117eee0ed8ce156f988fa3389679244d435
data/raw/doclaynet_hard_negatives/doclaynet_val_99e75de7e6f4d756e75d.png,val,doclaynet:EN-c4j_admingrid_en.docx.pdf,2,structured_document,0,doclaynet,government_tenders,eu_tenders,EN-c4j_admingrid_en.docx.pdf,12,b05df96c0c74085b0ec7371ad9d1ae46e465ff5a1ec28e76811fd6bee7524851.png,500e4f7b2bf1396d1682375230dc03c534dadaea7f1615b4fd877a17bed34842
data/raw/doclaynet_hard_negatives/doclaynet_val_9864c90daf1004c4b4dd.png,val,doclaynet:EN-OL_2021_DPR_23656_Financial proposal FWC with scenario.pdf,2,structured_document,0,doclaynet,government_tenders,eu_tenders,EN-OL_2021_DPR_23656_Financial proposal FWC with scenario.pdf,0,65ef198b79edf9907b0e3b2017ff04edef8850566c95d2473e9e39fd0d04dd08.png,1c0743ff6ab67edeb7f78e2861b39384e1c40396e5004cf606261f9039139af9
data/raw/doclaynet_hard_negatives/doclaynet_val_a8c2beec0314acd61fa4.png,val,doclaynet:perl-all-en-5.8.5.pdf,3,narrative_document,0,doclaynet,manuals,manuals,perl-all-en-5.8.5.pdf,943,bcb917c49dbea938581c510b866e5ac48f21bd854a2d6ba45cb218062abef1f1.png,ef71830542c5df9ad7bbc16ed014cf9f79cfde4e31bfb538f884e7bd43142161
data/raw/doclaynet_hard_negatives/doclaynet_val_7eaae7db1b25eab0cb7a.png,val,doclaynet:sg248366.pdf,3,narrative_document,0,doclaynet,manuals,redbooks,sg248366.pdf,311,9bb2cca25b01a39a7c75e09792f0767a833852fdfc3be3b78721a5a55ea4e996.png,6f0e5d6490e92e0f09dedb8e120e001ab434fad37d95ec7dc063d5bac118f2d9
data/raw/doclaynet_hard_negatives/doclaynet_val_570f3503e28ef48fd192.png,val,doclaynet:perl-all-en-5.8.5.pdf,3,narrative_document,0,doclaynet,manuals,manuals,perl-all-en-5.8.5.pdf,463,c6b031889ac90abddb70516ec136257a803ce299338345b145458b2399df47fb.png,d9e8769bd350246f7affe4cf69e1d86a13677f9f979014c103efb081e58cacde
data/raw/doclaynet_hard_negatives/doclaynet_val_a3732fe22ce331cf8cd5.png,val,doclaynet:sg248366.pdf,3,narrative_document,0,doclaynet,manuals,redbooks,sg248366.pdf,189,f28ccc2b7fda247052346b233c58567c81ec18b0318f65ca66c66af59447e079.png,7f1c8520d754dcc1a711b2860816e73d530e6599f02a128e52ffe19fb3dcc5b4
data/raw/doclaynet_hard_negatives/doclaynet_val_375f071fb7d54f5dde7a.png,val,doclaynet:perl-all-en-5.8.5.pdf,3,narrative_document,0,doclaynet,manuals,manuals,perl-all-en-5.8.5.pdf,959,dc3c52f4ddd50b1ec6d4882d8b00e4300587600df58fdb475907d964967aacdb.png,82e8a5e6a4d75c6d3175fcdf1b107eb753753499cf6b9c50e42b489c2aa9145a
data/raw/doclaynet_hard_negatives/doclaynet_val_8833896f90c3c311f68b.png,val,doclaynet:sg248366.pdf,3,narrative_document,0,doclaynet,manuals,redbooks,sg248366.pdf,942,afbf15a8c052d63edf29295cd20220161c2db6cf98a49584f3fe74513331bbf0.png,ce102c06d98d00f5bbbb17f2374b078fe5664917146a1793765bd0195d3e2599
data/raw/doclaynet_hard_negatives/doclaynet_val_f3e90327558861ddfb74.png,val,doclaynet:perl-all-en-5.8.5.pdf,3,narrative_document,0,doclaynet,manuals,manuals,perl-all-en-5.8.5.pdf,340,0166350a804c2118306d979200ea568701e5c53f95e24f4459191f3b19404de0.png,b256a6de11458d767f465caaa7877bc00322eb639268fd3ce80f2cce25ed1783
data/raw/doclaynet_hard_negatives/doclaynet_val_1e30b8088e1d0b36221b.png,val,doclaynet:sg248366.pdf,3,narrative_document,0,doclaynet,manuals,redbooks,sg248366.pdf,584,900c5038f621ee0e96df7788f90b320d439fc085b877680618e1d7be7274da92.png,4cc30e6b5694069ebe5dc2788337602efe7f3b3d848ed8ea4c5bde2481122453
data/raw/doclaynet_hard_negatives/doclaynet_val_4cb0dba2cf2dbfaecd52.png,val,doclaynet:perl-all-en-5.8.5.pdf,3,narrative_document,0,doclaynet,manuals,manuals,perl-all-en-5.8.5.pdf,316,a7776b5d01954f3dd913f10643d18e49e805faa30e06d2c7595fa9500a25947d.png,3aa1ff6758eba9b2db5fc33fbcd0a8bbe7068a8b54869b96ad177d07e0a60f86
data/raw/doclaynet_hard_negatives/doclaynet_val_bf4c9c618f9e5a5f9c55.png,val,doclaynet:sg248366.pdf,3,narrative_document,0,doclaynet,manuals,redbooks,sg248366.pdf,164,f8b0802a49087b6c9ebc2f14a0cade7b23a7f44b16f3db291a7675333eba046a.png,28f606c6dfda24ec472d184a9af68ad8ffedf4dd89e5fd4e30f884f8f140bb97
data/raw/doclaynet_hard_negatives/doclaynet_val_c297b5f0f92dee2bc333.png,val,doclaynet:20200223796_AdobeOCR.pdf,3,narrative_document,0,doclaynet,patents,patents_euv_sensitivity,20200223796_AdobeOCR.pdf,107,b4d4ec66842f044e6f7fdae70afe5097f1ae1fe000828be830f1e8d0c336d15b.png,d064b70958c0541260ab442dee1e810499e6c8f95cff92ba7abdb4daad657dd9
data/raw/doclaynet_hard_negatives/doclaynet_val_c0eb9b3b6ed16f3f0c7c.png,val,doclaynet:5698717_AdobeOCR.pdf,3,narrative_document,0,doclaynet,patents,patents_superacid_pags,5698717_AdobeOCR.pdf,5,27382dd1900aa27d7b2ec6f1d03a528214ea234b2fcb0637301a37768567c89f.png,0c3c9533f2a31478b0e0f3acc089943bb5574be5a0c17f8dee9bf5761de52649
data/raw/doclaynet_hard_negatives/doclaynet_val_6607ceb003e6a0a99eb1.png,val,doclaynet:10561734_AdobeOCR.pdf,3,narrative_document,0,doclaynet,patents,patents_superacid_pags,10561734_AdobeOCR.pdf,43,c04fba78ddd9a441d392698cc6d09134f7d9375d14b010a2f3b4fd14a2e398b0.png,89773b124a4dedcd9d71e437e577b5974ec2525dfbd4312d2feb1219865cab21
data/raw/doclaynet_hard_negatives/doclaynet_val_6b6f692928bbfa47e3fb.png,val,doclaynet:CN100539784C.pdf,3,narrative_document,0,doclaynet,patents,patents_cn,CN100539784C.pdf,28,9bbc0f08340bf6c7137d01a760cc1a173f45b939fd61c5fafe37a2529cba4bf5.png,621472487249574f51a1ed3976e4140a28972e0f7ff362654c65f232630e8f9a
data/raw/doclaynet_hard_negatives/doclaynet_val_cd9497ef2b4b7e8411c4.png,val,doclaynet:20130303482_AdobeOCR.pdf,3,narrative_document,0,doclaynet,patents,patents_superacid_pags,20130303482_AdobeOCR.pdf,13,d45be0302fa37304ba93fc971564f68881801c4efb531c6f453195449a88be59.png,0a56570429716cc25027df69ff2d2833280430802960e9297a78ef748a844c4c
data/raw/doclaynet_hard_negatives/doclaynet_val_5a65bfdd6c8bc8846463.png,val,doclaynet:20200081341_AdobeOCR.pdf,3,narrative_document,0,doclaynet,patents,patents_euv_sensitivity,20200081341_AdobeOCR.pdf,24,81a98a7c14c160045a1961e3cee6c086d9d7ca831f7bf3d64dfd9936ed14add0.png,7929db4f780f2a9178913780e24aeb0f1f9054c26ce2c0424d65242e8d883337
data/raw/doclaynet_hard_negatives/doclaynet_val_ccf7ddf9aa2060d9fd9f.png,val,doclaynet:4908351_AdobeOCR.pdf,3,narrative_document,0,doclaynet,patents,patents_superacid_pags,4908351_AdobeOCR.pdf,4,e2c59a7e8e482fc9454bfcfefeccd4ae22a3c0a1bc34cabc1a19ce7947e8ade1.png,42867bf01b8503d0faa502cc1846deeb71e8ffd5d3dc61364b20e77c371d2171
data/raw/doclaynet_hard_negatives/doclaynet_val_7940154444d794de22d5.png,val,doclaynet:20200348591_AdobeOCR.pdf,3,narrative_document,0,doclaynet,patents,patents_euv_sensitivity,20200348591_AdobeOCR.pdf,16,bf57de7b8d912f311f79f1d63d54819362dfcd9fb9a6a3ddb713e4a9b5b137f6.png,2ca4d4eb474fc83595fa583a8c6023a76b78bad2264a69d8f72b800581fa95ad
data/raw/doclaynet_hard_negatives/doclaynet_val_5c87ef1786222e179bb8.png,val,doclaynet:20190324367_AdobeOCR.pdf,3,narrative_document,0,doclaynet,patents,patents_euv_sensitivity,20190324367_AdobeOCR.pdf,47,ee0c47b0b325128532c047fbff172f4be5b3f299a00d971988df705c04b84aae.png,837629dd8cfe16b59a563cc4d8828cd9f2f5107a1df24ac182ed719f8b233888
data/raw/doclaynet_hard_negatives/doclaynet_val_d9979b2149157006cff4.png,val,doclaynet:20090317453_AdobeOCR.pdf,3,narrative_document,0,doclaynet,patents,patents_superacid_pags,20090317453_AdobeOCR.pdf,25,e73a5b3af9b69b5b810d38b86de3c52830a2ce5aa74ce4c7fb76065cfacd842c.png,68773a057ffacba8dd1fdf841a5083ce3d158ccfe130168582e07b6d49d9a4c4
data/raw/doclaynet_hard_negatives/doclaynet_val_d6cbbec564dd97a5e083.png,val,doclaynet:EP2000001B1.pdf,3,narrative_document,0,doclaynet,patents,patents_ep,EP2000001B1.pdf,27,25f064bb9920d09dafdd4548c9f91d94dcb186efaabe6c0c6309dd0631e07cf2.png,c6ca989e33b1a2355fb812fecd7f96e0377a0af1edb6e1d3be518f8acbeccc35
data/raw/doclaynet_hard_negatives/doclaynet_val_c84708ce5a767f751d06.png,val,doclaynet:20140051815_AdobeOCR.pdf,3,narrative_document,0,doclaynet,patents,patents_superacid_pags,20140051815_AdobeOCR.pdf,5,dc45567f187636527c75d87fd71427d2d8f17ce63ed4750b8603cfa65133646e.png,5ea0f14493d02a4f64b2bc33de092b2962466fecfdf6b38a42db66dcefbc7a4d
data/raw/doclaynet_hard_negatives/doclaynet_val_f6868122315008c5d6ef.png,val,doclaynet:WO2020210023A1.pdf,3,narrative_document,0,doclaynet,patents,patents_wp,WO2020210023A1.pdf,1,b575c0c37007facb0cd3e9e8746f8c93a77173e4215e9294e966f05a15448756.png,7edfb19cf2e1bb74c18de91ea9f889cf290291e85eb84be3d1f9c1b2d40f5da8
data/raw/doclaynet_hard_negatives/doclaynet_val_32a7cc78c7a5c8e4a9cb.png,val,doclaynet:20170340624_AdobeOCR.pdf,3,narrative_document,0,doclaynet,patents,patents_superacid_pags,20170340624_AdobeOCR.pdf,23,623ed2f8e1bce8c7eaf1940d11b83271f29e987f829bf784ff09606abbc5a128.png,7ab843d5b99c7bf690cd4b49864461444624bad0ea90918d03079445e02029fa
data/raw/doclaynet_hard_negatives/doclaynet_val_e6cc9e71fc53a8cbeb47.png,val,doclaynet:5071893_AdobeOCR.pdf,3,narrative_document,0,doclaynet,patents,patents_superacid_pags,5071893_AdobeOCR.pdf,0,bb1b0558194d6b564290943042e6c801d1128b26c5ab4ccc14d8a097a8896a61.png,3862da276c8e70573a2276d741eff117746235781747ee7d798f4c09070dc87e
data/raw/doclaynet_hard_negatives/doclaynet_val_ebeaf48ff67c05f8c71c.png,val,doclaynet:20120003585_AdobeOCR.pdf,3,narrative_document,0,doclaynet,patents,patents_euv_sensitivity,20120003585_AdobeOCR.pdf,0,53153f55d7727d1b1c729033e33416eaf92e31248f4352050cb9af003a3f949b.png,e16445d35491cb01447497f6639ef5b6b13301f2f032f8edb5680db864a887d5
data/raw/doclaynet_hard_negatives/doclaynet_val_32c337a1afe44117b28d.png,val,doclaynet:8287919_AdobeOCR.pdf,3,narrative_document,0,doclaynet,patents,patents_superacid_pags,8287919_AdobeOCR.pdf,0,7397fc6587c96f1738143b6c77a53a487aca509a39f42e15e1cf598058a51417.png,367dc62cce7f71326f205161402f66251205cf80f8072f2348f4e74bff7df443
data/raw/doclaynet_hard_negatives/doclaynet_val_08c6b71215dbb55c5f07.png,val,doclaynet:20200159120_AdobeOCR.pdf,3,narrative_document,0,doclaynet,patents,patents_euv_sensitivity,20200159120_AdobeOCR.pdf,65,a2578b7d62656093bd725d9e1461ad4c973d9a1af702ac032cb92c973099ff6e.png,4b5e82c485a61db74fea5e06f195469db100b2a920a7f9c5a5619009b4ec4985
data/raw/doclaynet_hard_negatives/doclaynet_val_24cef23527fc8fac9fa1.png,val,doclaynet:20090042123_AdobeOCR.pdf,3,narrative_document,0,doclaynet,patents,patents_euv_sensitivity,20090042123_AdobeOCR.pdf,14,5d02b822bf5ade25a2788b946788674715d54e193dfa2dae3194411473da079f.png,6f5432ef60b030f5d8cfd400e9ed76c536d167a1dc44d042ad09d7b84e964820
data/raw/doclaynet_hard_negatives/doclaynet_val_a0cba2aca5a32035e74e.png,val,doclaynet:WO2011106110A1.pdf,3,narrative_document,0,doclaynet,patents,non_us_patent_samples,WO2011106110A1.pdf,0,684a4458ab643f303f95edc9f1e8b3257205c8f7dce31cdf4a4fd609d74fbcf9.png,dc3b4b1188e49a0289fc7c6c70689dff837dd55acfda887983d413c239e810de
data/raw/doclaynet_hard_negatives/doclaynet_val_0cac46e1ff67cd533963.png,val,doclaynet:7268176_AdobeOCR.pdf,3,narrative_document,0,doclaynet,patents,patents_superacid_pags,7268176_AdobeOCR.pdf,0,9a997bf99bb1c8ef522b02001835e1d7b96f5c3bc7e9a4750f6038d7566fd89b.png,a2d53f04e6c1ce580ec9599982521b215a6006b5d13550c54498829556de85c4
data/raw/doclaynet_hard_negatives/doclaynet_val_91f1636a2048e8fd955b.png,val,doclaynet:6942822_AdobeOCR.pdf,3,narrative_document,0,doclaynet,patents,patents_superacid_pags,6942822_AdobeOCR.pdf,0,a974cfba58ef33f4d6d526b35cded9e7f59cd9985458ea0c5e693afe2d325e22.png,9af2d86fc24b346925010ffe7cf9892e30ed41a669d33cdb9668bb6e9cd2007c
data/raw/doclaynet_hard_negatives/doclaynet_val_2186c8cf488fd6206227.png,val,doclaynet:7947629_AdobeOCR.pdf,3,narrative_document,0,doclaynet,patents,patents_superacid_pags,7947629_AdobeOCR.pdf,0,a1dab068de164649240bdea9f5fe328f01b1ccdf302cf80529ba67b60c0e22d8.png,24462045a935313a8cb092fe3d2a6c7afd6c014d9efa8bacd3f6ca2d5363039c
data/raw/doclaynet_hard_negatives/doclaynet_val_f48c88e3bb7e3158542f.png,val,doclaynet:20160349619_AdobeOCR.pdf,3,narrative_document,0,doclaynet,patents,patents_euv_sensitivity,20160349619_AdobeOCR.pdf,45,d8231d158979ffcb9106afe27b67bd046bab46f37d8e55a21bf21c0b5998a579.png,c1f0d4d9df4c52df0763cba3a035988096588c5eb5a56dabcfef0091a605f0e8
data/raw/doclaynet_hard_negatives/doclaynet_val_414069b5cf3063fb83db.png,val,doclaynet:9523914_AdobeOCR.pdf,3,narrative_document,0,doclaynet,patents,patents_euv_sensitivity,9523914_AdobeOCR.pdf,11,7457931bfaae80677d490c1fd4e351549fd469fe666cfc4f3261211572e70bb3.png,d25857a3887136e06303538221e94d87877702020e3de446a80a3dc1ddb007d0
data/raw/doclaynet_hard_negatives/doclaynet_val_54396c6b4f1220676ece.png,val,doclaynet:4315983_AdobeOCR.pdf,3,narrative_document,0,doclaynet,patents,patents_superacid_pags,4315983_AdobeOCR.pdf,11,cb4d7563309358b60ba0416306b90082bc7bfe3d4396723a1a59077dd19e48f6.png,a8ccfdaafbc2118f1891be88901e5d555aa69e90793583662209963c3d962f4d
data/raw/doclaynet_hard_negatives/doclaynet_val_20b39bde70ef9064f396.png,val,doclaynet:8426105_AdobeOCR.pdf,3,narrative_document,0,doclaynet,patents,patents_superacid_pags,8426105_AdobeOCR.pdf,18,d1605dd2830569c983f4d6524984adcdfab8265153ef203b28193b6ffaa90132.png,ce2f8fcdf02410ed3543a420478ac20c5f222224eb206e7b6519b0ddb5c64bd8
data/raw/doclaynet_hard_negatives/doclaynet_val_e490148da6af1e334efe.png,val,doclaynet:EP2000007B1.pdf,3,narrative_document,0,doclaynet,patents,patents_ep,EP2000007B1.pdf,6,77be5e9c8fd126dc550063ab23379216e9794671f92d502fb863d8aaeeb68b55.png,6386d3e8ef090f12fcbd2e3080a247de1548a3d9af3e364a252a1953a29c5c9c
data/raw/doclaynet_hard_negatives/doclaynet_val_d4f33f7eee009d9cceb7.png,val,doclaynet:6420562_AdobeOCR.pdf,3,narrative_document,0,doclaynet,patents,patents_superacid_pags,6420562_AdobeOCR.pdf,0,6cac063fe5956db3e9d539f8097e7709146ec83cf261c8f8cb77f6f4e4c6d7e3.png,1274e39eeca9e73ebb5feb3012045529a8d092bc8d2d29fd7cd9ef4e52352633
data/raw/doclaynet_hard_negatives/doclaynet_val_432431955b7781ba7a6f.png,val,doclaynet:9017715_AdobeOCR.pdf,3,narrative_document,0,doclaynet,patents,patents_superacid_pags,9017715_AdobeOCR.pdf,42,d4cf332bf060a0f7563960fe25bc53051a06a3ce53efa6df35a09cf3b75c821e.png,b491b08d9a0a1ed44c7359271d129c190534fb0e83bac576110a7976fe9a4ea2
data/raw/doclaynet_hard_negatives/doclaynet_val_10877dc9a7ef4a252d5a.png,val,doclaynet:KR100680001B1.pdf,3,narrative_document,0,doclaynet,patents,patents_kr,KR100680001B1.pdf,3,91b4dff9a7f8b218d4a03a7c3b91de2dfc9b09648a2f3aab1d15e7c62c1377d7.png,590f321055708ce5923e94a6572ca5cf91f1407ae4c45191c348c6ec7e71df80
data/raw/doclaynet_hard_negatives/doclaynet_val_e39a0312879ae53299ad.png,val,doclaynet:JP4143601B2.pdf,3,narrative_document,0,doclaynet,patents,patents_jp,JP4143601B2.pdf,0,7e1f983745ab74616369ffe54e8bbe85499cd69340b6027354cca1dc59ea609d.png,020a86b93333349fbb76acc2bf664382ee43871188d55dcbd09cd945f91cd430
data/raw/doclaynet_hard_negatives/doclaynet_val_31dd72d1183db5cab599.png,val,doclaynet:WO2020021007A1.pdf,3,narrative_document,0,doclaynet,patents,patents_wp,WO2020021007A1.pdf,69,6325a1afdfa434e175bedb48cac7e191928fc7c849e34ac33f4762cadcd35fec.png,8fa8b051ad005bc0d5fa86ddf02b7188893646d8b5f5c2abd4f0d3f06d30a234
data/raw/doclaynet_hard_negatives/doclaynet_val_e55bc0a947fbb0d0d43e.png,val,doclaynet:20200223796_AdobeOCR.pdf,3,narrative_document,0,doclaynet,patents,patents_euv_sensitivity,20200223796_AdobeOCR.pdf,61,be8355fc91fb0f5b0088c49cebc8dea5a0867e1c008c7bec8c4d48992bb55c7f.png,1ea2b70283fc17f097f3c870a4dd4e57793be5e8b29d72665b183014a6fec800
data/raw/doclaynet_hard_negatives/doclaynet_val_804e44ad156ef10e292b.png,val,doclaynet:5698717_AdobeOCR.pdf,3,narrative_document,0,doclaynet,patents,patents_superacid_pags,5698717_AdobeOCR.pdf,0,7e5db094e2d861d3f4d7cf4d6517693a5e63a67c52b8f1786efc9abcd26b5ec9.png,77f7359d01b0b04aee5f754bef7579696f0a904bf5aa8779f982f99bbe4a113a
data/raw/doclaynet_hard_negatives/doclaynet_val_d20307c674c67d61f926.png,val,doclaynet:10561734_AdobeOCR.pdf,3,narrative_document,0,doclaynet,patents,patents_superacid_pags,10561734_AdobeOCR.pdf,17,2a98f836d046acceda4db956992949916bd8b289a69b7acdd13096c18994e926.png,574147366bcca92a886e43536cb72a161dd07cfd0e7d72a7edb0b3cf3c687eb5
data/raw/doclaynet_hard_negatives/doclaynet_val_36cf304fc98834d4c556.png,val,doclaynet:CN100539784C.pdf,3,narrative_document,0,doclaynet,patents,patents_cn,CN100539784C.pdf,11,1ca8c4b4fa5e427a6d455712fd65fbabe385a05e880a94658ec0e1fe7d18c075.png,e83c15d4e286e5b50c147ae7b7cf2f6b72719097d4f68e34337d75d734570dd7
data/raw/doclaynet_hard_negatives/doclaynet_val_220d3a0eec5d44651dd3.png,val,doclaynet:20130303482_AdobeOCR.pdf,3,narrative_document,0,doclaynet,patents,patents_superacid_pags,20130303482_AdobeOCR.pdf,1,1fe975ee6b97e8dfca7e3c40139c44171c21a4f1dd9fccf3cc2ce1b7275e54ab.png,b1050fdf520e55ebe553a9127e14d6c86333e4fbc2ff28e82f49355b27c5b42e
data/raw/doclaynet_hard_negatives/doclaynet_val_bce79d77e7175a71c6de.png,val,doclaynet:20200081341_AdobeOCR.pdf,3,narrative_document,0,doclaynet,patents,patents_euv_sensitivity,20200081341_AdobeOCR.pdf,33,1641b13f3adfce45efc0ea7b4a459c6dbebeb8f42940d0a32a1e0ff4ae96309e.png,2203ed5b38415e7e540f59028597d9c0fcca0a4271e5581c025ef45248ca2746
data/raw/doclaynet_hard_negatives/doclaynet_val_fb1ce985da0b0bb089e1.png,val,doclaynet:4908351_AdobeOCR.pdf,3,narrative_document,0,doclaynet,patents,patents_superacid_pags,4908351_AdobeOCR.pdf,0,7e07bd90715f35bd4afa3f0690c01d35e2396fd366de4bd6a84a015cd9bfe8f2.png,e5cc9aebf37da3295071b1889cd1d8d4f0329b2faa1cccbe3137561d45c1993f
data/raw/doclaynet_hard_negatives/doclaynet_val_47cb6765bee4f3106e86.png,val,doclaynet:20200348591_AdobeOCR.pdf,3,narrative_document,0,doclaynet,patents,patents_euv_sensitivity,20200348591_AdobeOCR.pdf,10,7e450f2fac07605f9ff6d80776aa8027572f2aa861f96818141da13a16dff361.png,fe738481cc2fde7e63be6f82ccdcd0be563ad415dfa17c96ccffa5cec40d3664
data/raw/doclaynet_hard_negatives/doclaynet_val_75677b0c31df5a175cfb.png,val,doclaynet:20190324367_AdobeOCR.pdf,3,narrative_document,0,doclaynet,patents,patents_euv_sensitivity,20190324367_AdobeOCR.pdf,19,e27baf3020df34ca36e44d94e47e9081647b4f73081303a1774f111338267335.png,ba8b486f064612401ad55251d66482c23f6f8aab723fab090c6cc1556dfa009e
data/raw/doclaynet_hard_negatives/doclaynet_val_79bfdc6d06eb6e30970f.png,val,doclaynet:20090317453_AdobeOCR.pdf,3,narrative_document,0,doclaynet,patents,patents_superacid_pags,20090317453_AdobeOCR.pdf,32,30d82a6577658cb864215203867c18538eb5b9b77cc98401de011abaafc76b0a.png,cf60f83cdb43aa465fdd5c70874a3f8e7d8682cfcf7901c01c27dd86260a1c38
data/raw/doclaynet_hard_negatives/doclaynet_val_1d04e0c3f3eaf0688664.png,val,doclaynet:EP2000001B1.pdf,3,narrative_document,0,doclaynet,patents,patents_ep,EP2000001B1.pdf,8,34483c377c71706e9bbaebae73f05bcde12fda2174f3dbe5c34650ca16aa9b68.png,74b72592dbae732054e65b7dd97045416bdf40698c4d6cac0b931aff735920f0
data/raw/doclaynet_hard_negatives/doclaynet_val_885c3791f441c6da624c.png,val,doclaynet:20140051815_AdobeOCR.pdf,3,narrative_document,0,doclaynet,patents,patents_superacid_pags,20140051815_AdobeOCR.pdf,0,e09cd739da26850b4ab25ef278de1bae7a1047d6496c174b0dae47c475cfec66.png,950f8004d5a55e475c254dead3cc92427858ec4f894e9ed99cc043447d49588a
data/raw/doclaynet_hard_negatives/doclaynet_val_136ece5cdd791718bff6.png,val,doclaynet:WO2020210023A1.pdf,3,narrative_document,0,doclaynet,patents,patents_wp,WO2020210023A1.pdf,0,15cc18a45a7221df965ebcb9073e72f18f8b1f8dbba1b0d4e281641a9c8a12f5.png,ef151038943ee83a716a1b2b7ae4b51b9d97b49bdeba2af8fe45fe30c934933a
data/raw/doclaynet_hard_negatives/doclaynet_val_bff6f9ebfa9eb8fe526d.png,val,doclaynet:20170340624_AdobeOCR.pdf,3,narrative_document,0,doclaynet,patents,patents_superacid_pags,20170340624_AdobeOCR.pdf,4,3a8e482579c00556b3abfed1adbaed47890321c72fe5efa403434f43e956cb22.png,d4718785c5e7c9495c5af90125b2e8c9e0ce0ebaf58491adcff7439c15605510
data/raw/doclaynet_hard_negatives/doclaynet_val_751b5e3951cd60b2738b.png,val,doclaynet:5071893_AdobeOCR.pdf,3,narrative_document,0,doclaynet,patents,patents_superacid_pags,5071893_AdobeOCR.pdf,8,192d0cfc00d7b59a646139f054428b2c2c7c483228c1db4c3c2e53749a701881.png,d7f46f88e7871678581d9cbd908f6e2d83ab6319b1c579e487e95772466424aa
data/raw/doclaynet_hard_negatives/doclaynet_val_52722c9306be34d8d441.png,val,doclaynet:20120003585_AdobeOCR.pdf,3,narrative_document,0,doclaynet,patents,patents_euv_sensitivity,20120003585_AdobeOCR.pdf,7,e02831bb7306f647cdfd30f6d5724c34370abf6e52367221312555526eafabb7.png,e771c505fb60379a89cb0d3df5c800f4b9140f32a157b3f25454ef42aba970dc
data/raw/doclaynet_hard_negatives/doclaynet_val_764420386398c81e1f6e.png,val,doclaynet:8287919_AdobeOCR.pdf,3,narrative_document,0,doclaynet,patents,patents_superacid_pags,8287919_AdobeOCR.pdf,14,3119de32cb7eae0a0f93e01ec06aeb1368236e5f2701b4750b5759601beae622.png,3d8386ae2506918f39f9fc862fa8d83b00029ccd1cdce818dfc98b74cc6e21ff
data/raw/doclaynet_hard_negatives/doclaynet_val_3e044d3440181323b947.png,val,doclaynet:20200159120_AdobeOCR.pdf,3,narrative_document,0,doclaynet,patents,patents_euv_sensitivity,20200159120_AdobeOCR.pdf,55,50b201361beaf5d71c3283feeaad1123c423943893c95c2523aecde09699ff07.png,059d6e956353f71b729136453b00b16a7ec939f0e510add1e5a4c46230af75fd
data/raw/doclaynet_hard_negatives/doclaynet_val_2cc187026c9238bfad05.png,val,doclaynet:20090042123_AdobeOCR.pdf,3,narrative_document,0,doclaynet,patents,patents_euv_sensitivity,20090042123_AdobeOCR.pdf,17,90963b7e09b9628ecbc88cfff52e32a6c881044088813bfe397d1934a611967a.png,62b62e5df027b505713e165c438d1592d102fb0c1cd2d9e07909b84a623990ff
data/raw/doclaynet_hard_negatives/doclaynet_val_113a561286b51dda0647.png,val,doclaynet:7268176_AdobeOCR.pdf,3,narrative_document,0,doclaynet,patents,patents_superacid_pags,7268176_AdobeOCR.pdf,9,c25fe88744a6c42468098efd9e15dc4c87ee5bba77555e92a7460306485422cc.png,6bac1f3b2de9187928c95c05be4279d81e1892f48bd238d1a518e29807c622ba
data/raw/doclaynet_hard_negatives/doclaynet_val_1517587c39f16545ebfd.png,val,doclaynet:20160349619_AdobeOCR.pdf,3,narrative_document,0,doclaynet,patents,patents_euv_sensitivity,20160349619_AdobeOCR.pdf,66,b3d31f79cf0b81b3fd4747da2ea25f09d638ae8e10f7bce25cb83cc5e9c22d5b.png,d51d783cc652079e4dfab75968794795fac7833b96a87890a9cd7dd932b45a4b
data/raw/doclaynet_hard_negatives/doclaynet_val_4a6c5fb625d2fe013cd1.png,val,doclaynet:9523914_AdobeOCR.pdf,3,narrative_document,0,doclaynet,patents,patents_euv_sensitivity,9523914_AdobeOCR.pdf,28,61c11c9f3895a4e1357b849a08bb265e79e207828ea6c538c453eb1303da4f96.png,b1b56239b91d71f98f97e744f370fa8ea4610fa2683944b0fff4e8c710ba6249
data/raw/doclaynet_hard_negatives/doclaynet_val_b6b0dcfadc91098df1b6.png,val,doclaynet:4315983_AdobeOCR.pdf,3,narrative_document,0,doclaynet,patents,patents_superacid_pags,4315983_AdobeOCR.pdf,0,bab02b5d457daf2a2f2794cef76abbeaae757e5570a843a8b0e7bc059cc5a43f.png,02403cfadf70459a13dbd543ed8d94738280cd3454b6ef8d3b94143ace5a05c3
data/raw/doclaynet_hard_negatives/doclaynet_val_1b6d80d988a229773a23.png,val,doclaynet:8426105_AdobeOCR.pdf,3,narrative_document,0,doclaynet,patents,patents_superacid_pags,8426105_AdobeOCR.pdf,48,cff7b316818fdee9a0eb221c4bcd7666f3ed38293cb9ed431a453882ee1ebcd0.png,25ad115a0955e0a5f53e99b7f00caf73a7fb216c34394461e83706eda82b9ec0
data/raw/doclaynet_hard_negatives/doclaynet_val_0f2e14b6cee19398f834.png,val,doclaynet:EP2000007B1.pdf,3,narrative_document,0,doclaynet,patents,patents_ep,EP2000007B1.pdf,3,4486502b86099039b0b01106ba41cdc7642b6be4f50e5cd0a4ba64070c9aceb6.png,4ee122e3529016cb949a0ca9e5fabb82ec862686ecfb3ce099601602471d29ba
data/raw/doclaynet_hard_negatives/doclaynet_val_2a7e89de0d43a7d497a5.png,val,doclaynet:6420562_AdobeOCR.pdf,3,narrative_document,0,doclaynet,patents,patents_superacid_pags,6420562_AdobeOCR.pdf,1,dca95628e1ea3775f5555dd94fe5a1773e4c1c700ca2ff230ddda519b38cd559.png,7b71f7d84eebaa7ed772367fa30d883a8f52eddc16a4bb67f77ac571b566b914
data/raw/doclaynet_hard_negatives/doclaynet_val_0f6416d884a35eeb4fe0.png,val,doclaynet:9017715_AdobeOCR.pdf,3,narrative_document,0,doclaynet,patents,patents_superacid_pags,9017715_AdobeOCR.pdf,43,184a522ab6db20d5af14dfaf12bd55466a57bd9e945c89bf4a7a943e6638ec57.png,a7e1c5a3d67e39aea7d042ebb95ddfd5d2928f7838af5ed903b68be90ab4b726
data/raw/doclaynet_hard_negatives/doclaynet_val_7f66f96e416eb24f0058.png,val,doclaynet:KR100680001B1.pdf,3,narrative_document,0,doclaynet,patents,patents_kr,KR100680001B1.pdf,15,96b754f7febe7375b5c53b2e600cd91d1b317dff2f7dd0f93ef08b43bc5e7a43.png,a541caa4014e9cdff2febf34bf7f5bcaaa55b711561944d84e9342758f81646b
data/raw/doclaynet_hard_negatives/doclaynet_val_afa1b95922de916b8923.png,val,doclaynet:JP4143601B2.pdf,3,narrative_document,0,doclaynet,patents,patents_jp,JP4143601B2.pdf,7,310b97e879ed3bf3b52425de5fc5901a6c3de877027394c652c35e6f0bf3b670.png,e17a348b5aebe0711cc666ebbbd757b7c3ba6c9d62c367d275f7b35a39121181
data/raw/doclaynet_hard_negatives/doclaynet_val_f5c038e5832a6811c0c8.png,val,doclaynet:WO2020021007A1.pdf,3,narrative_document,0,doclaynet,patents,patents_wp,WO2020021007A1.pdf,30,6ec8fbc7079e406eda0ed5885aec81c42dd46080a377fa59ae9e49c709071bc4.png,935e649dc212fb5b3fad971b95805f89ecfba0c9cde36d71ea70e22aac731786
data/raw/doclaynet_hard_negatives/doclaynet_val_f33dd5a5cd6bf29de30a.png,val,doclaynet:20200223796_AdobeOCR.pdf,3,narrative_document,0,doclaynet,patents,patents_euv_sensitivity,20200223796_AdobeOCR.pdf,159,2ef8c679382fd89728f56e991029d9ad5d7a8fa5ad0dd9554badc198c43169f7.png,36b4a355de94f9db1046fc83cabe41b8f678230b8a3c2415a49d97f4299d064b
data/raw/doclaynet_hard_negatives/doclaynet_val_271f3a027d8b38e77a0f.png,val,doclaynet:10561734_AdobeOCR.pdf,3,narrative_document,0,doclaynet,patents,patents_superacid_pags,10561734_AdobeOCR.pdf,2,eddf4bab616c89bdd1153fabd4b7d27df80276be635604b9c86b5a2f2c8f27de.png,780151def307b20aaaf8f81de2909dd7fec90b1d5ed8f1581961929056962506
data/raw/doclaynet_hard_negatives/doclaynet_val_bbd930935687024be367.png,val,doclaynet:CN100539784C.pdf,3,narrative_document,0,doclaynet,patents,patents_cn,CN100539784C.pdf,60,1e8ea3b73d76e712966f1858987f70dbd30c01a1f634d82f20344ad293d508aa.png,28af5e6d34f93bce4a3b829babebb7d27eaf9d288b43cd6c542260ebc90f0edc
data/raw/doclaynet_hard_negatives/doclaynet_val_eaa1ffa37694df2fd68b.png,val,doclaynet:20130303482_AdobeOCR.pdf,3,narrative_document,0,doclaynet,patents,patents_superacid_pags,20130303482_AdobeOCR.pdf,11,8be822282f00a07f5817b2cb91bb5cd4c299281d840ad1675e198016f2abb7fe.png,fe88b697cd11e7c172cfc9469a3a0f2e13852742cf748ae1b5875c19c76694b6
data/raw/doclaynet_hard_negatives/doclaynet_val_4c3809d8dce4d6b06f12.png,val,doclaynet:20200081341_AdobeOCR.pdf,3,narrative_document,0,doclaynet,patents,patents_euv_sensitivity,20200081341_AdobeOCR.pdf,11,d59fadebe4c0168d646cb6fc6b14f4cd5b5deb08b0296b95eeda9db23fc7da76.png,9697e969507df57534df6ac031d97915eff6cce69f219220d25fa426ddea7c6f
data/raw/doclaynet_hard_negatives/doclaynet_val_5a3a7cf4c5ea61e974d6.png,val,doclaynet:20200348591_AdobeOCR.pdf,3,narrative_document,0,doclaynet,patents,patents_euv_sensitivity,20200348591_AdobeOCR.pdf,4,76d288f85fb6201ed2916e33adb53735ef31afc38d5f80d186e15cb4f8f2a41d.png,2df9e7f014e7811be523f0a49fc30eac58d4e1bf1548de856d1b615572a9ed5f
data/raw/doclaynet_hard_negatives/doclaynet_val_d5e3545332a22a25dff9.png,val,doclaynet:20190324367_AdobeOCR.pdf,3,narrative_document,0,doclaynet,patents,patents_euv_sensitivity,20190324367_AdobeOCR.pdf,78,e0db29cb626a5e3f57366435106b2379d27595508a9059da36ba0c3dc83799db.png,1fac83ca5b3627f17f887a88dcc9cb83f6b56a476f9f5284c4210b50533be822
data/raw/doclaynet_hard_negatives/doclaynet_val_2d1132bffa635fbbb6aa.png,val,doclaynet:20090317453_AdobeOCR.pdf,3,narrative_document,0,doclaynet,patents,patents_superacid_pags,20090317453_AdobeOCR.pdf,29,7a0c8d1a4f98c4a7b9e448c9bfc56be8abff3d0002c68212423f90c8623ff338.png,f2265449c7472cf98865de1639f81c0bbbdae951ab9af09ceb6f52c2cbeac8e7
data/raw/doclaynet_hard_negatives/doclaynet_val_a09643ce9e407e73c118.png,val,doclaynet:EP2000001B1.pdf,3,narrative_document,0,doclaynet,patents,patents_ep,EP2000001B1.pdf,19,d18e1abec7baad0217a0a31da01db9d5ca802de96bc824fef31990b9791b1810.png,d052b2c7e92d431736096d1fc7f2846e78762e0e7203436fdce40c3bb13ff6a9
data/raw/doclaynet_hard_negatives/doclaynet_val_a24cb1b98b34ba26538e.png,val,doclaynet:20140051815_AdobeOCR.pdf,3,narrative_document,0,doclaynet,patents,patents_superacid_pags,20140051815_AdobeOCR.pdf,18,8bdf02448f2afbad1de53b71f79c168f1200f638cea3ff6fdce8838fcb928cc3.png,223e31987f4b69fd605ba2f169ba85074e8c0d683046b76bee71aa41a59f5b26
data/raw/doclaynet_hard_negatives/doclaynet_val_20174e486f4d5da5cc2d.png,val,doclaynet:WO2020210023A1.pdf,3,narrative_document,0,doclaynet,patents,patents_wp,WO2020210023A1.pdf,17,32f85415fc05edc11571c0d1d474ffd3e47218dd76d8761064859af11afab4f1.png,9fe8a2486a1d2d88355dae6ff6f4def8236dcf3f539fec2078660110878571b9
data/raw/doclaynet_hard_negatives/doclaynet_val_fa60476485389a5e1e2e.png,val,doclaynet:20170340624_AdobeOCR.pdf,3,narrative_document,0,doclaynet,patents,patents_superacid_pags,20170340624_AdobeOCR.pdf,66,6ae1e07dfe3cc3ce37b53afd5398266c52d05c8c64f8418085d0b673405f9495.png,de11627a9b663d60d58113612a1f00aa423fc9b7fc01662c20486357f6034640
data/raw/doclaynet_hard_negatives/doclaynet_test_91511b7ff024c3fc08f0.png,test,doclaynet:NYSE_MGM_2004.pdf,2,structured_document,0,doclaynet,financial_reports,ann_reports_00_04_fancy,NYSE_MGM_2004.pdf,19,5df834686488f9003b2e6cbb89f770e0e1cc79e67efb04aeac065ea8873d9e42.png,15d789a69b55f007083d464f8593eb7e523c1533aef93033c56e35e3f885ce71
data/raw/doclaynet_hard_negatives/doclaynet_test_05f6b7da34ab652cf698.png,test,doclaynet:NYSE_RSG_2004.pdf,2,structured_document,0,doclaynet,financial_reports,ann_reports_00_04_fancy,NYSE_RSG_2004.pdf,5,270d58292819747be01637b21a54e2004acdd5db93f754fb43b3e18015ca9f5f.png,4a2d5e098993ed945c802e2a171e93a7caf413361d8d0b743bf869b5ead0e72f
data/raw/doclaynet_hard_negatives/doclaynet_test_b98749324586d68edea3.png,test,doclaynet:ASX_KCN_2013.pdf,2,structured_document,0,doclaynet,financial_reports,ann_reports_10_14_fancy,ASX_KCN_2013.pdf,33,212701df9e26d2b6e7c4bc778c7a7ff413dc02a5cc4e0709236d21dd647f7839.png,8920de6e31e609e2d621696f5b109fa01ae93564419496d95a0e565359721ad5
data/raw/doclaynet_hard_negatives/doclaynet_test_889a7072a79784b8bc87.png,test,doclaynet:NASDAQ_SHEN_2003.pdf,2,structured_document,0,doclaynet,financial_reports,ann_reports_00_04_fancy,NASDAQ_SHEN_2003.pdf,31,8896b00dc0289252c266b99bf334529288e76790327f5dd77292f722124ff6ea.png,cb1590f16bb023b71feb09d7e2a21d00758453206652a4f71c99f2b6c6ec8387
data/raw/doclaynet_hard_negatives/doclaynet_test_8dbbd2f6e35329e84350.png,test,doclaynet:OTC_NSANY_2004.pdf,2,structured_document,0,doclaynet,financial_reports,ann_reports_00_04_fancy,OTC_NSANY_2004.pdf,58,56ba1b29c63847c8cfa9f31fe4b9b1ab9d3e868459a2fb402c2d783b1cca5291.png,208c4390a1a8682ed9420ef3771d82e332211e9c1162fbd3f7729872fb6a2a05
data/raw/doclaynet_hard_negatives/doclaynet_test_55c1f60bbff51f0347d9.png,test,doclaynet:NASDAQ_SANM_2004.pdf,2,structured_document,0,doclaynet,financial_reports,ann_reports_00_04_fancy,NASDAQ_SANM_2004.pdf,17,c2b513a5611d3138726e679c6e2e9e5383e4d3d82a2c588bbe3d5802797e2765.png,5c73d73464fd647ee0954c04f334e1ef1da128383633fe45a89a2dd75956b875
data/raw/doclaynet_hard_negatives/doclaynet_test_c96a05ebe03edeb6e7ae.png,test,doclaynet:NASDAQ_FFIN_2002.pdf,2,structured_document,0,doclaynet,financial_reports,ann_reports_00_04_fancy,NASDAQ_FFIN_2002.pdf,2,a89e787a2444ab6313b745cda9b7aaeb920e5b1800f9fb4b68bb1ba405fbc9ba.png,72c1715dc34c86f6895246c7ded0eb41899131c48c1efe9c80bd2b61f4a2b598
data/raw/doclaynet_hard_negatives/doclaynet_test_7b275a6284e6f1e8a05d.png,test,doclaynet:NYSE_GLW_2002.pdf,2,structured_document,0,doclaynet,financial_reports,ann_reports_00_04_fancy,NYSE_GLW_2002.pdf,4,9ff9619bc3ed5b78b2438a46ab857047afe4db0119afe050659c99362f2026a3.png,845165bf1c99c7466da9f9f28ebd2ffb8c002d5517333ad0e49dd772058c4923
data/raw/doclaynet_hard_negatives/doclaynet_test_0b378adef35507ffe275.png,test,doclaynet:TSX_KMP_2013.pdf,2,structured_document,0,doclaynet,financial_reports,ann_reports_10_14_fancy,TSX_KMP_2013.pdf,42,d05d5bf4207513e113603132bd231a5d6ec7b253dee6adf9000bbd6b6a6c0ae6.png,d60d4dc4e1e39e2b77f405ee84b8131a628124a54ddd2020f26a827ef204bc13
data/raw/doclaynet_hard_negatives/doclaynet_test_86c3764f2f55ec14b251.png,test,doclaynet:0000016875-21-000008_20210218x10k.pdf,2,structured_document,0,doclaynet,financial_reports,sec_filings,0000016875-21-000008_20210218x10k.pdf,79,4c09e06d70b7656e06ac3d199204ccecd41af7e07ec2237edc994136d8d77280.png,4053d3cb4337c41184a1751d46fd5a352dbe9190e08655a308361baddcd03ca7
data/raw/doclaynet_hard_negatives/doclaynet_test_799a8e95b90fee278c75.png,test,doclaynet:NASDAQ_EEFT_2000.pdf,2,structured_document,0,doclaynet,financial_reports,ann_reports_00_04_fancy,NASDAQ_EEFT_2000.pdf,8,375b50fa77af0f909d40a2be6f744ed84947c8d4ed972addbaa570280ecded52.png,52b8c7fdc5a3e5c1daffd854665fe6026d7c1e93651d5c119c20b634f1db03cb
data/raw/doclaynet_hard_negatives/doclaynet_test_5a81d3495e7abeff6293.png,test,doclaynet:NYSE_HNI_2003.pdf,2,structured_document,0,doclaynet,financial_reports,ann_reports_00_04_fancy,NYSE_HNI_2003.pdf,14,b98d3e40d26d5740d7156ad7342b84a445bfdc2fc130db6572e4d0051064872c.png,9f4b04bef96259098eb48ce44c110ab8053e1620a7e606de3bec8d5a9fdce48a
data/raw/doclaynet_hard_negatives/doclaynet_test_fcefb37673217255f186.png,test,doclaynet:NASDAQ_EMMS_2004.pdf,2,structured_document,0,doclaynet,financial_reports,ann_reports_00_04_fancy,NASDAQ_EMMS_2004.pdf,7,90ab4e1e8c3f9a7df6f363c70058dcd3a79dfe1b5e57323d8aaa74f2774ed9a3.png,4bd46b9b3e91ed64884f89825cff4227883aab6248edc74a683d2430c88762de
data/raw/doclaynet_hard_negatives/doclaynet_test_85c93d18b8dfdd7d599f.png,test,doclaynet:0001047469-19-000712_20190226x10k.pdf,2,structured_document,0,doclaynet,financial_reports,sec_filings,0001047469-19-000712_20190226x10k.pdf,33,a7c671cb50fe6dae860f2bafb4ab7db58717efa7c99c11091d2d8dc7148a2a5d.png,285650ac14f0fcd67cc082c1eddc0aab8053fea0c7468bffaceed9d480283371
data/raw/doclaynet_hard_negatives/doclaynet_test_28605f07bb08925ad5b2.png,test,doclaynet:NYSE_AIT_2012.pdf,2,structured_document,0,doclaynet,financial_reports,ann_reports_10_14_fancy,NYSE_AIT_2012.pdf,36,4312e1d86dca2de387689f0421c47c8dc64a75bb5614d1855331576f4c0fe644.png,2b29ad747eec8de05b7d6244fdf4b0254c5c43243d525b7e9523aced4de4e229
data/raw/doclaynet_hard_negatives/doclaynet_test_846ca76445f3312b77a4.png,test,doclaynet:ASX_STO_2004.pdf,2,structured_document,0,doclaynet,financial_reports,ann_reports_00_04_fancy,ASX_STO_2004.pdf,76,4d05c9270b1895024a5308e929413cbfacbe7efe2a6bb597bd3bb3f84e5c7d3e.png,e6f5dde38103e7e0a43a78f2d4bd0d5a837220eaf391d866b3f393f9613e2dc4
data/raw/doclaynet_hard_negatives/doclaynet_test_c6693cca28abfd6d8985.png,test,doclaynet:0000010795-19-000044_20191127x10k.pdf,2,structured_document,0,doclaynet,financial_reports,sec_filings,0000010795-19-000044_20191127x10k.pdf,100,63dfcf0f88aace227586630ac4e5ea4b45f2ff1ad986a8bff67cf1691fcae282.png,874bcfd8e97cb3b5855ade66b7e6e7760e0ef74f2cb93d4ee88651badfc830af
data/raw/doclaynet_hard_negatives/doclaynet_test_21d4fb45d59be846a589.png,test,doclaynet:NYSE_RCI_2013.pdf,2,structured_document,0,doclaynet,financial_reports,ann_reports_10_14_fancy,NYSE_RCI_2013.pdf,107,1015b5e9d01fae4ebdfd61b77eba8185ae995606f1c19b56d3fed71a06f6f2eb.png,96f1adb231e5d5c4b064eda4aba6819bd03337f0ed7010d494d11ea1b4d1a658
data/raw/doclaynet_hard_negatives/doclaynet_test_295655732697e51a3e7f.png,test,doclaynet:0000030625-21-000034_20210223x10k.pdf,2,structured_document,0,doclaynet,financial_reports,sec_filings,0000030625-21-000034_20210223x10k.pdf,113,501e3e52f1ee2baaae7f55430f10bc9e609a4ebfe139cdb7fbc90b5bc139f510.png,0bd49b788796abdeb890c9e84d42e9f2f916b8010cce5c035e311214693ce8d9
data/raw/doclaynet_hard_negatives/doclaynet_test_6d7bc36410dd46bc42d4.png,test,doclaynet:NYSE_HAS_2011.pdf,2,structured_document,0,doclaynet,financial_reports,ann_reports_10_14_fancy,NYSE_HAS_2011.pdf,7,f56823f9c57be34f2be457105a7f972d3ba67d269b78e382c2423ca5d87ae898.png,ccb668b96f67738348308abc9c7baddba7d4fe31f1fbdb68227cf35ca987d244
data/raw/doclaynet_hard_negatives/doclaynet_test_6a466799d6e6db16992b.png,test,doclaynet:ASX_MRM_2000.pdf,2,structured_document,0,doclaynet,financial_reports,ann_reports_00_04_fancy,ASX_MRM_2000.pdf,67,4e9dedfbdbc0665fd4e4d689e2cce5ba402751fec116fcfcfb38163586d2fac6.png,dc510b39de48b5aec7f1ff6e5504fb2fbf8ef7db88ab395ccc21fde8d0fb8794
data/raw/doclaynet_hard_negatives/doclaynet_test_762e421aeca7bfecd6f2.png,test,doclaynet:ASX_SEA_2014.pdf,2,structured_document,0,doclaynet,financial_reports,ann_reports_10_14_fancy,ASX_SEA_2014.pdf,48,d95ce6dca423d8a81fe5740efffa101aa3f1518e5635c884f3144d886650c655.png,41acc7ffac54a0cdcf36cdd10abb3858af2916e839b727337d442f3861e15fa0
data/raw/doclaynet_hard_negatives/doclaynet_test_099b535d84768bd56fd4.png,test,doclaynet:NASDAQ_ATRI_2003.pdf,2,structured_document,0,doclaynet,financial_reports,ann_reports_00_04_fancy,NASDAQ_ATRI_2003.pdf,5,b20451fc4923948f13624d9e9d06dacfa58a32b634895d567337da92a180f367.png,6b2e9a0132b21c69b3759805e3eb01482a9e811b8ee94b06d0bed0f023e04c01
data/raw/doclaynet_hard_negatives/doclaynet_test_7f2ec48031df6ececeaa.png,test,doclaynet:0000006201-21-000014_20210217x10k.pdf,2,structured_document,0,doclaynet,financial_reports,sec_filings,0000006201-21-000014_20210217x10k.pdf,148,1904c002666dacfa7b2898f2cd78f6d73f963678b960bbe655280e19817bfb86.png,53e04afbbab9fe72c012c3bb3ebd4a3eb18f7feb04cb3382b75e168f0043e7c0
data/raw/doclaynet_hard_negatives/doclaynet_test_af7aa61f85d9e13ea31c.png,test,doclaynet:0000049600-21-000027_20210217x10k.pdf,2,structured_document,0,doclaynet,financial_reports,sec_filings,0000049600-21-000027_20210217x10k.pdf,35,98f891da1ebeb59638bc8cae7eb5ca59c1fb9aecc2df1662438f67634c4e1a6c.png,b5da2cf9d3bc21a03c8378470fe1b663fc4ef29f1665c05b4cecdc44055f16fe
data/raw/doclaynet_hard_negatives/doclaynet_test_f45dc8ca77ae4d26be7e.png,test,doclaynet:NYSE_SMFG_2011.pdf,2,structured_document,0,doclaynet,financial_reports,ann_reports_10_14_fancy,NYSE_SMFG_2011.pdf,139,655baf289d2a027bdceff92e6d8b16132646b8b314c9260ea5c4e806282eb309.png,e89416c92f6182fb67b88c8e2303811296f55f70461b320e12bcb068298bb848
data/raw/doclaynet_hard_negatives/doclaynet_test_2200e03081d6fb9f1652.png,test,doclaynet:NYSE_HIG_2001.pdf,2,structured_document,0,doclaynet,financial_reports,ann_reports_00_04_fancy,NYSE_HIG_2001.pdf,38,b1d047dfbfc57383f591c0500456bde145e2dc143f84a7f552131924d8429678.png,0781e53c2f40372b34d616c3a99a907b09b7dda0b2b6ae749309d5ce0fd41dbf
data/raw/doclaynet_hard_negatives/doclaynet_test_b2ad81118a3a74ce622d.png,test,doclaynet:NYSE_CHK_2010.pdf,2,structured_document,0,doclaynet,financial_reports,ann_reports_10_14_fancy,NYSE_CHK_2010.pdf,24,db83936cba18c7f2ea111d2e422d19bb21f55c8668689fba90e16213e5cdca2a.png,2eed9e9ab99a0d4f9109cf982d6760c40e492241fb02ab3ed87027a5e5a0c6cf
data/raw/doclaynet_hard_negatives/doclaynet_test_75f845004fdffd0d5fcb.png,test,doclaynet:NYSE_MSA_2011.pdf,2,structured_document,0,doclaynet,financial_reports,ann_reports_10_14_fancy,NYSE_MSA_2011.pdf,8,a2377b678473a9871719006e155a4ab6b9ba1eb967ba10c49f820e606979c90f.png,a9aac13fc20519eac6accf720644acfb47b4e0bce8712c4e5ed8dbafc275ce07
data/raw/doclaynet_hard_negatives/doclaynet_test_4ce7a917b5b00c25a03f.png,test,doclaynet:NYSE_JWN_2014.pdf,2,structured_document,0,doclaynet,financial_reports,ann_reports_10_14_fancy,NYSE_JWN_2014.pdf,84,c5cfd5a73013957b72a80446b44bf819fec1f605577ba2a96621a96dd6da8d0b.png,f2112080f6eb255a1b9251ef416dc94b6628f91cf846099aa8d6ecd42c56ebfe
data/raw/doclaynet_hard_negatives/doclaynet_test_bfdaba2a4817beba79b5.png,test,doclaynet:0000006951-20-000048_20201211x10k.pdf,2,structured_document,0,doclaynet,financial_reports,sec_filings,0000006951-20-000048_20201211x10k.pdf,73,6ce80b8238ef937f9ac8ef3f67c8f3cc09401e8e5a6e6fd6c114dc5bf065344d.png,0343035209bf324b7aba0e570185fcc3e7401f0b637db98edfaa921cc094e5f9
data/raw/doclaynet_hard_negatives/doclaynet_test_ea6d36eaa17c74938358.png,test,doclaynet:NYSE_HRL_2004.pdf,2,structured_document,0,doclaynet,financial_reports,ann_reports_00_04_fancy,NYSE_HRL_2004.pdf,16,d54ab6f488a3c159be719bda633dc09f7c969ba8aae2da23cc76dbcab1a7364b.png,97d9a0dc2ae27f036b80ff7b090ce90f7449c4975fd973f6934d948345f5554b
data/raw/doclaynet_hard_negatives/doclaynet_test_c33a24f0b7b62bc500ea.png,test,doclaynet:NYSE_MGM_2004.pdf,2,structured_document,0,doclaynet,financial_reports,ann_reports_00_04_fancy,NYSE_MGM_2004.pdf,56,5b6ced4c8d7dcca21f39f48ddc03f03521dc57e447240b6555b9abf21b1310a2.png,7ab3216dc6e792ea9be3976bb1d0a80cd5b49935794beb8c3e3255fd00724de0
data/raw/doclaynet_hard_negatives/doclaynet_test_68fcaabc0c503d42638f.png,test,doclaynet:NYSE_RSG_2004.pdf,2,structured_document,0,doclaynet,financial_reports,ann_reports_00_04_fancy,NYSE_RSG_2004.pdf,3,454e20d65ef8b8c23dd18b0ceba5d84ebae7c6bd12922f757895dc0ac458c98c.png,6ca67d01828199caacddf9044a288701dc5982e71154e3a342587d2debf5855d
data/raw/doclaynet_hard_negatives/doclaynet_test_54a8ab1889a4c29899a7.png,test,doclaynet:ASX_KCN_2013.pdf,2,structured_document,0,doclaynet,financial_reports,ann_reports_10_14_fancy,ASX_KCN_2013.pdf,79,196de379779e7a476094ff3f23bcb38fe43d2e73a1311351e3880e8bb12f9b71.png,5a7fe1bd3eef52d1f7dda74baf627b7fb751130c411754effb36814141a92858
data/raw/doclaynet_hard_negatives/doclaynet_test_78463b6f5e8c1b095e3b.png,test,doclaynet:NASDAQ_SHEN_2003.pdf,2,structured_document,0,doclaynet,financial_reports,ann_reports_00_04_fancy,NASDAQ_SHEN_2003.pdf,2,4e2365886dd7e46bb353999a33c8e7ad2e574695fc61ca9f8a3494112ae43184.png,61bbc0ca97a6bd0795728755530c95821779a97447d679cb5a71eaf8d7aaba08
data/raw/doclaynet_hard_negatives/doclaynet_test_a9895c28715fb8688e37.png,test,doclaynet:OTC_NSANY_2004.pdf,2,structured_document,0,doclaynet,financial_reports,ann_reports_00_04_fancy,OTC_NSANY_2004.pdf,20,4bf082bbdc728a47fecdc4c0925ba1f7d7a2f06ab744ff5742c6be1f7b752268.png,0948f158413ef4c03636d2d11fe6f3ffa687e17b1624c95bf19e074bf0a0be2d
data/raw/doclaynet_hard_negatives/doclaynet_test_531c3913e8a1dbae01ad.png,test,doclaynet:NASDAQ_SANM_2004.pdf,2,structured_document,0,doclaynet,financial_reports,ann_reports_00_04_fancy,NASDAQ_SANM_2004.pdf,6,0261791e343389682847c913a16789776d0ba41a584901571846c7ddab3cbaa6.png,2a356d58bf0c8956eb275b97d48ec239e8d9d26a1b242dca747af2250527234f
data/raw/doclaynet_hard_negatives/doclaynet_test_c7218fc74a9e4896a9e1.png,test,doclaynet:NASDAQ_FFIN_2002.pdf,2,structured_document,0,doclaynet,financial_reports,ann_reports_00_04_fancy,NASDAQ_FFIN_2002.pdf,14,4f89920b9e10a78a804cee7642415544de4f85d5cb0aa8b27f556730aa6b08eb.png,5ab9282eae6a7e2a21ef11f18498d4e1b5ff2113bb0fe146d835a3c7564e15fd
data/raw/doclaynet_hard_negatives/doclaynet_test_c85f9127ee86d74ddecc.png,test,doclaynet:NYSE_GLW_2002.pdf,2,structured_document,0,doclaynet,financial_reports,ann_reports_00_04_fancy,NYSE_GLW_2002.pdf,10,d57b1d559a75ac10281d6bd5106f311c3fb2a25d8b54b2dbfc366533abb254e1.png,4a672c307508b292df701ad75d32a1fada7148e02c2b0bb0b8c881ca082c6106
data/raw/doclaynet_hard_negatives/doclaynet_test_8f9effbfe18749c98ccb.png,test,doclaynet:TSX_KMP_2013.pdf,2,structured_document,0,doclaynet,financial_reports,ann_reports_10_14_fancy,TSX_KMP_2013.pdf,51,a700145c4982f1e7cf80bb473090cb205ef107a233bf160f5cd8fab3194fc2ae.png,b2360f042768d7bbe9eb686d6f36ba4e5de57c87745e63184dacc6a0af41a39b
data/raw/doclaynet_hard_negatives/doclaynet_test_d9cac1632cbeec13a9b7.png,test,doclaynet:0000016875-21-000008_20210218x10k.pdf,2,structured_document,0,doclaynet,financial_reports,sec_filings,0000016875-21-000008_20210218x10k.pdf,1,f937b8da64331d8eb4ed56afa32285a16c9931d5c0330e1530dc35c4c24cc2da.png,a26b2bee6e2269cfaa7861785796a7d0657d7320b994b1326e52dda37b3f9e73
data/raw/doclaynet_hard_negatives/doclaynet_test_031385feece632338796.png,test,doclaynet:NASDAQ_EEFT_2000.pdf,2,structured_document,0,doclaynet,financial_reports,ann_reports_00_04_fancy,NASDAQ_EEFT_2000.pdf,45,e5b2e0fd6e913108bcfd8ce78d7338c9dd1a5b05370b6d2cef92bcb8f8fedd54.png,5bbec5985db5e81d85341c40caa2df57490a33c64f631e3572d1d889adf5c5cb
data/raw/doclaynet_hard_negatives/doclaynet_test_0c7002e3bf3a816e3b24.png,test,doclaynet:NYSE_HNI_2003.pdf,2,structured_document,0,doclaynet,financial_reports,ann_reports_00_04_fancy,NYSE_HNI_2003.pdf,13,ac4c1fcc91fd4b59125a0396f2da9641f46bafe99904034d14586f71600af1bc.png,9e1a5fd41cb712bdb332f08e7e0234386c77dac8e80878291c6adf5cf025c690
data/raw/doclaynet_hard_negatives/doclaynet_test_a2826e1ff0d9dd12073a.png,test,doclaynet:NASDAQ_EMMS_2004.pdf,2,structured_document,0,doclaynet,financial_reports,ann_reports_00_04_fancy,NASDAQ_EMMS_2004.pdf,3,823ca0c3fd648e74c021152799cdc407752616d6ccb6e414e99afc4c763192b8.png,b59bad4f7ae67c339a398f5c64e07556f6234c8a380dace87453537056e33742
data/raw/doclaynet_hard_negatives/doclaynet_test_4b184b6f60256afc953e.png,test,doclaynet:0001047469-19-000712_20190226x10k.pdf,2,structured_document,0,doclaynet,financial_reports,sec_filings,0001047469-19-000712_20190226x10k.pdf,18,6c62082720cec53bc1e1e5e50af5464e75c3e48d2472b0b9b05d4f0adede9a4e.png,a2692b2160ec9d85834b52fe4c6ae7f82a937fae73da827d831ce63c7b9ae220
data/raw/doclaynet_hard_negatives/doclaynet_test_52e6bbb06310124d7828.png,test,doclaynet:NYSE_AIT_2012.pdf,2,structured_document,0,doclaynet,financial_reports,ann_reports_10_14_fancy,NYSE_AIT_2012.pdf,18,7ffed8667970051b1414e77d295b0d2ccb5234a9d0bc07aaeca9db2df2fd9982.png,11a3c3c06a81ecc207a7ed7dc7d3cc86d6600bf36a4d9bf1ee0415adc665c30a
data/raw/doclaynet_hard_negatives/doclaynet_test_a1f1c0e50b3adf4669a8.png,test,doclaynet:ASX_STO_2004.pdf,2,structured_document,0,doclaynet,financial_reports,ann_reports_00_04_fancy,ASX_STO_2004.pdf,41,562f5d5c004fa0284dd289e1837b2ca34450e3f5e0466bc25f893398a7513e66.png,493da3f82ce2722ec2697bb98ef36a5329b39efc4e6fcb9289899db275bd44de
data/raw/doclaynet_hard_negatives/doclaynet_test_7fa12d6a0134b922c92f.png,test,doclaynet:0000010795-19-000044_20191127x10k.pdf,2,structured_document,0,doclaynet,financial_reports,sec_filings,0000010795-19-000044_20191127x10k.pdf,23,413bb1f6d45e44526ac14f12905879a278f3ef91c445f596a9f56ca3b010b375.png,f9e9051811af2d3cdfa5e8e9c1ce6c67b6ca626e6cac6a88e2754bcb2caad87b
data/raw/doclaynet_hard_negatives/doclaynet_test_e7c3f5c56cf8491670d3.png,test,doclaynet:NYSE_RCI_2013.pdf,2,structured_document,0,doclaynet,financial_reports,ann_reports_10_14_fancy,NYSE_RCI_2013.pdf,3,cb8fb0da4138377cda5ed556ce29cd37178dcaea57d2d151f982740d62935416.png,fb973d73f296ce71e0a3e5c10e96dd5aeaac783ac2fc2e8fac5bbba9994d4429
data/raw/doclaynet_hard_negatives/doclaynet_test_1870473ce32d2adc27c8.png,test,doclaynet:0000030625-21-000034_20210223x10k.pdf,2,structured_document,0,doclaynet,financial_reports,sec_filings,0000030625-21-000034_20210223x10k.pdf,126,63c3407bd9b555a2884312b40a84bf8e52b65e8f9ddd5fdbfd15f00da4bfacc6.png,ab9fe2f90b1ca363a7699e91f9a383602f200cb311e459d59abba77eb6b758c2
data/raw/doclaynet_hard_negatives/doclaynet_test_c78d92c6c186e95e38c1.png,test,doclaynet:NYSE_HAS_2011.pdf,2,structured_document,0,doclaynet,financial_reports,ann_reports_10_14_fancy,NYSE_HAS_2011.pdf,4,f2307e618f615247b8afdebec7de61295d9d15b935a993a8792207d91a39ad22.png,68abe2141347b5922a264dc522bd21f11555d176916a3775a1e411361f2ec448
data/raw/doclaynet_hard_negatives/doclaynet_test_e8c3fa9d02a991f518d7.png,test,doclaynet:ASX_MRM_2000.pdf,2,structured_document,0,doclaynet,financial_reports,ann_reports_00_04_fancy,ASX_MRM_2000.pdf,4,12220d5cbd6d47e644a8ba915c5b860b6591ddd0d0f070186616d0d14fc1547d.png,6b2397f04601fb7bed39bf82bac762e60017b069b712262348447ea6154bcade
data/raw/doclaynet_hard_negatives/doclaynet_test_bb74b4172bc554b6a3e6.png,test,doclaynet:ASX_SEA_2014.pdf,2,structured_document,0,doclaynet,financial_reports,ann_reports_10_14_fancy,ASX_SEA_2014.pdf,77,0c854c8fafe1f8a34f74e007ea08a6b7e14de5a3455cf79b83df4936545faa8d.png,091226a039db3acb66adb4a491cc6c1868e3cd59ea724fb13d38ea24bbf36bc9
data/raw/doclaynet_hard_negatives/doclaynet_test_e51a1bd5766b5885d233.png,test,doclaynet:NASDAQ_ATRI_2003.pdf,2,structured_document,0,doclaynet,financial_reports,ann_reports_00_04_fancy,NASDAQ_ATRI_2003.pdf,31,e34072339f0cf6c2761e6e4e563ab765f216360848233676613b8c6f01433dc7.png,95f180c173ecd7b661e250a9095139cb8761d9e0910ca435fe3eeee4c8727b7c
data/raw/doclaynet_hard_negatives/doclaynet_test_a6eb8279b6492b94ec40.png,test,doclaynet:0000006201-21-000014_20210217x10k.pdf,2,structured_document,0,doclaynet,financial_reports,sec_filings,0000006201-21-000014_20210217x10k.pdf,46,2d20186366cdc08281ce2373155be70061d58106fcc76e2cb6265ceb5959a50d.png,82c2976b83c692b0031645a58b089f37341acf6a36184866f1997763fb1e5143
data/raw/doclaynet_hard_negatives/doclaynet_test_bd6401f51fe90abebad5.png,test,doclaynet:0000049600-21-000027_20210217x10k.pdf,2,structured_document,0,doclaynet,financial_reports,sec_filings,0000049600-21-000027_20210217x10k.pdf,60,9487dec9ff0d3c6c4e14f58b50fab4f16aac563821d7a1f4eed607b3c68b24cc.png,c0ed2a15b0d2ab1f7ba8974a49fd0d13974bd38313a654ae0a154e851e3e69bb
data/raw/doclaynet_hard_negatives/doclaynet_test_bc9b37157f9711f14205.png,test,doclaynet:NYSE_SMFG_2011.pdf,2,structured_document,0,doclaynet,financial_reports,ann_reports_10_14_fancy,NYSE_SMFG_2011.pdf,185,b2bde62cf81ba96629d29e5a6e6e03f60e9058077bd240a64f5741067692794a.png,1fd2574d2412c6a4796e7786501b1e225b7e8146d98291a818d408c40ee0d52a
data/raw/doclaynet_hard_negatives/doclaynet_test_061c6b8db30bf6966135.png,test,doclaynet:NYSE_HIG_2001.pdf,2,structured_document,0,doclaynet,financial_reports,ann_reports_00_04_fancy,NYSE_HIG_2001.pdf,34,defde788fa0a351eb54e6fd2168174414594195c08d4fc8401f1d80b89926e71.png,380ed232350cbb59cec13f571b91abdb86d8137ad3815e2ca4ba8dd9e00ce7ae
data/raw/doclaynet_hard_negatives/doclaynet_test_b55f14917e9389129023.png,test,doclaynet:NYSE_CHK_2010.pdf,2,structured_document,0,doclaynet,financial_reports,ann_reports_10_14_fancy,NYSE_CHK_2010.pdf,30,75086c6ba25323adb95ac28da4c1b8b16a25f958e89d578975e47faa6afc351c.png,10ced5bec22babb9996d251f0c5a425b901276e7509c61ea3e04e71696a34aad
data/raw/doclaynet_hard_negatives/doclaynet_test_73cd978b9ac1ec4cbfc8.png,test,doclaynet:NYSE_MSA_2011.pdf,2,structured_document,0,doclaynet,financial_reports,ann_reports_10_14_fancy,NYSE_MSA_2011.pdf,14,a8245d2d62d5cf94c59b683457f14f23ee37770e5fbc78e7377f28cb39c8b2cf.png,9594458465e43f165b2755e0d0280c098b04a587ace5f5e8620565dfdd9c1cec
data/raw/doclaynet_hard_negatives/doclaynet_test_fb4771a1ac471c12fbef.png,test,doclaynet:NYSE_JWN_2014.pdf,2,structured_document,0,doclaynet,financial_reports,ann_reports_10_14_fancy,NYSE_JWN_2014.pdf,8,4a035e72f01588594971e94d08710f57a6a4f0f12ae7052cf5587fc3eaca222d.png,2edd2932c7f9d29a1b260bf8981a90c08b45b66ea508bb38cebb08e7aa9a915d
data/raw/doclaynet_hard_negatives/doclaynet_test_55ab3e26e1ba06896243.png,test,doclaynet:0000006951-20-000048_20201211x10k.pdf,2,structured_document,0,doclaynet,financial_reports,sec_filings,0000006951-20-000048_20201211x10k.pdf,101,93a9cd956ceffff29be5cdebb71c0093add4c4d6fb460888c43fcc33ff6dd75d.png,98be8be4d7669a4b4b98433ab2aad55fe58bbe103c9a4d691d6ecb613600be13
data/raw/doclaynet_hard_negatives/doclaynet_test_b4ee6aadecef7111a0e3.png,test,doclaynet:NYSE_HRL_2004.pdf,2,structured_document,0,doclaynet,financial_reports,ann_reports_00_04_fancy,NYSE_HRL_2004.pdf,51,68fa7498fa74730cc2d7cd6bde0bc5fa48d9844d5cf064014e0513fd9091dc9f.png,fc1dc244b4e5405229c74f99d4b5d936ee1c8e3d52a640783e590c3891d31b06
data/raw/doclaynet_hard_negatives/doclaynet_test_e7b75c7e0b577a413f03.png,test,doclaynet:NYSE_MGM_2004.pdf,2,structured_document,0,doclaynet,financial_reports,ann_reports_00_04_fancy,NYSE_MGM_2004.pdf,80,a6a09fa6be0ff6dbf2be28f976175988710baa330f6b391b00e234b9a57c9b05.png,a30cc52089aa5d6f9d61539763d77f30f43cbdaa1bbbeb4bf2f659e503ed36e7
data/raw/doclaynet_hard_negatives/doclaynet_test_46ed9132fe40afd1ccce.png,test,doclaynet:NYSE_RSG_2004.pdf,2,structured_document,0,doclaynet,financial_reports,ann_reports_00_04_fancy,NYSE_RSG_2004.pdf,2,8ad7a47d65e0e0dbe31e731b864ca88aa9e94f12859e5fbb1e5ffb35c811e1ef.png,13bb45dbb86dbf0dc3ed375a5f3b6fc2feb8ebdae04264c9dfb9c54404b624b9
data/raw/doclaynet_hard_negatives/doclaynet_test_820667f721f5ed701db9.png,test,doclaynet:ASX_KCN_2013.pdf,2,structured_document,0,doclaynet,financial_reports,ann_reports_10_14_fancy,ASX_KCN_2013.pdf,118,e14f51ff834581e39c372f322df879c217f1747558d6bffc5c37320cd71463c6.png,40fb2ddc1ac1e234392724ae04c951894dd8136b3fe65a94540ba0087fb84e6c
data/raw/doclaynet_hard_negatives/doclaynet_test_19ce9d4241f258fecf8d.png,test,doclaynet:NASDAQ_SHEN_2003.pdf,2,structured_document,0,doclaynet,financial_reports,ann_reports_00_04_fancy,NASDAQ_SHEN_2003.pdf,47,996af36a43ebed4190b8abac9ef9d3833ab80692a122688926876fdf67a56716.png,75e4d9c307296e205fe38725f58ca26507a400787bdb78286c527325e1f869cf
data/raw/doclaynet_hard_negatives/doclaynet_test_4a22fb98b663cbeb4523.png,test,doclaynet:OTC_NSANY_2004.pdf,2,structured_document,0,doclaynet,financial_reports,ann_reports_00_04_fancy,OTC_NSANY_2004.pdf,57,fc3f13293d182fd2e60627d18f3061a2299e2f746e2811f61fedd99906839d76.png,1ff492e99d5f6a98fdf04ae4c33665bcd496a4f50470809a788d7dbf35030062
data/raw/doclaynet_hard_negatives/doclaynet_test_50729992e9b36de7aaa1.png,test,doclaynet:NASDAQ_SANM_2004.pdf,2,structured_document,0,doclaynet,financial_reports,ann_reports_00_04_fancy,NASDAQ_SANM_2004.pdf,5,048a570b2e415b653a62313ef82504adfda480c99f69826fcbeb67758ea3c7a4.png,133ba3e91c1fb5082c0b8f822cd0abacbdc0e9c69636b9925a1f981774108e1a
data/raw/doclaynet_hard_negatives/doclaynet_test_eb9476555e9c1dd8af36.png,test,doclaynet:NASDAQ_FFIN_2002.pdf,2,structured_document,0,doclaynet,financial_reports,ann_reports_00_04_fancy,NASDAQ_FFIN_2002.pdf,7,d435cde09aa0f7078a63b270adebad6ce1bcf3e2039a5295e721a8640a096bdf.png,2717b3607d245aa2c19d7b6879280d8afc314419a17e9fea2c6c5731afc775ef
data/raw/doclaynet_hard_negatives/doclaynet_test_5b40887bd9dd05c09954.png,test,doclaynet:NYSE_GLW_2002.pdf,2,structured_document,0,doclaynet,financial_reports,ann_reports_00_04_fancy,NYSE_GLW_2002.pdf,8,4b1bd7606e2cf351f21fcfac378ccc1290b4b76f1ba084011fb13e53491979d1.png,6ec6b40dc68cb9306b1cdaf1065fa6092c5006229cd498977e56faab5791cdd5
data/raw/doclaynet_hard_negatives/doclaynet_test_213f76f77edc7e95d5b6.png,test,doclaynet:TSX_KMP_2013.pdf,2,structured_document,0,doclaynet,financial_reports,ann_reports_10_14_fancy,TSX_KMP_2013.pdf,86,4d3f8bbbd4cdec7708fcc28daf59866f34e8473659014969d6cd3039a6a40a00.png,9cce0f1720981731d98c4c4ca7c8fe89f9720c91165ab0f8899db95487a21546
data/raw/doclaynet_hard_negatives/doclaynet_test_6bf901e237a69e809808.png,test,doclaynet:0000016875-21-000008_20210218x10k.pdf,2,structured_document,0,doclaynet,financial_reports,sec_filings,0000016875-21-000008_20210218x10k.pdf,19,41261139eea34d4699612332ddc3262ec94ae6cb5623d53817ecc1bedff2f784.png,7fc1eb4cfe1dd16756d5a2c7b241c1fb6a74c1e0f181bb0ae1b77231d4e48354
data/raw/doclaynet_hard_negatives/doclaynet_test_639d5a42db730d9e5d4f.png,test,doclaynet:NASDAQ_EEFT_2000.pdf,2,structured_document,0,doclaynet,financial_reports,ann_reports_00_04_fancy,NASDAQ_EEFT_2000.pdf,47,f1068472884498de4b4a6649db9877783ec0a8b97e0ce0b8459a89eb91aa8c2b.png,7b29d6963f2b3f589f8c716bd4bcfa0ef99e7eb2ba74fac7561cbe59dd056ada
data/raw/doclaynet_hard_negatives/doclaynet_test_132e9ccda1efab4afaf4.png,test,doclaynet:1001.0382.pdf,3,narrative_document,0,doclaynet,scientific_articles,arxiv_two_columns,1001.0382.pdf,3,bacf52597787b99e195a7361ee94b3714943e6cadd8455fc47f52c64b20b66dc.png,a345ebeacd6c3d07d55ddf6bfc45736b8387fecee9e76968a468fc49858f9144
data/raw/doclaynet_hard_negatives/doclaynet_test_7a867e417b788cdf552a.png,test,doclaynet:1001.0397.pdf,3,narrative_document,0,doclaynet,scientific_articles,arxiv_mediumspaced,1001.0397.pdf,1,afe290b8f1881ee20a5d1c631d9318f269dac96d2228ff9137115ab2108f146f.png,4e51dd17ea42cc331324669f460bccc5b6d7a2faba1345bc2a626c6c5220cc14
data/raw/doclaynet_hard_negatives/doclaynet_test_c74763102ffa9dee77a9.png,test,doclaynet:1001.0057.pdf,3,narrative_document,0,doclaynet,scientific_articles,arxiv_two_columns,1001.0057.pdf,9,9b199c7aa88dbb752ab6e7a8c49444fc34b612561137765e80a0eaa80f9db787.png,5404e93fab51dc838f1d01e8733f18ed368601456c7c024c92ca3ddd9817d6e9
data/raw/doclaynet_hard_negatives/doclaynet_test_0de56574ac46e00e06aa.png,test,doclaynet:1001.1732.pdf,3,narrative_document,0,doclaynet,scientific_articles,arxiv_two_columns,1001.1732.pdf,4,2d5e8a90f5fc5fc574f0575797401794bbb23db8d6779e18bcd10be0794e2db3.png,7676a36af2e359e8aada02cf53e41b676646d9429d576824252dcdf69fbae674
data/raw/doclaynet_hard_negatives/doclaynet_test_06464ecc20a6fe103e76.png,test,doclaynet:1001.2120.pdf,3,narrative_document,0,doclaynet,scientific_articles,arxiv_two_columns,1001.2120.pdf,8,98b52c638c61018205797a39edd0929e47f3f8044beaf559b1d96a13c8532f27.png,d6e193741ff929e2bc8874d88b9788acf7fa3dbc65590d66bbceaed3862fd913
data/raw/doclaynet_hard_negatives/doclaynet_test_d4ac134436a4e4a9ec50.png,test,doclaynet:1001.2602.pdf,3,narrative_document,0,doclaynet,scientific_articles,arxiv_two_columns,1001.2602.pdf,0,8ecf4e2c7a3efd5c22a9bd4328eb30c0bf27f0326e57c80bfe6b89ab8ea4ffc2.png,e3e1368fc19f434fc502586f487a1c47149716a6d2b7f74dbd577a76b1e55713
data/raw/doclaynet_hard_negatives/doclaynet_test_ae47e38bedd1c98a7439.png,test,doclaynet:1001.3103.pdf,3,narrative_document,0,doclaynet,scientific_articles,arxiv_two_columns,1001.3103.pdf,9,9f6455519a8507f4e26484db5285a0ecb331944c55fcd540ba1b60509ea375de.png,92724aa33f3407d2b00105cb2c6c77cf5496b11ffcc6bd167b98f24d086ca357
data/raw/doclaynet_hard_negatives/doclaynet_test_2e465b2e221a454c3b74.png,test,doclaynet:1002.4495.pdf,3,narrative_document,0,doclaynet,scientific_articles,arxiv_mediumspaced,1002.4495.pdf,2,39f1b66e0c0b9cdd52db74e45ba5a3269a34af70ae93f1646fd70c3533cf9a00.png,71608f44e579251c65c11126c1ee44d0472150ebbcc62682e700ade2dec9ab8a
data/raw/doclaynet_hard_negatives/doclaynet_test_3acdb1e206bd842e4544.png,test,doclaynet:1001.3421.pdf,3,narrative_document,0,doclaynet,scientific_articles,arxiv_two_columns,1001.3421.pdf,4,ec05fac86d75a4f2b0814f3f5954c7c6ffb5d4a94a8e4e921ff9d867f35ea846.png,d0cdd65f511dabc5c7390dedd15fe9bd3d4af8b278d157781014a91ee5c7de68
data/raw/doclaynet_hard_negatives/doclaynet_test_9eb02cce9bb854108994.png,test,doclaynet:1001.1590.pdf,3,narrative_document,0,doclaynet,scientific_articles,arxiv_mediumspaced,1001.1590.pdf,11,a68ce77da2a278dc63477c356259d125252ed745d52767ebad0a69431db62bde.png,bebb9a981e19b0222d04cd28b42818df686e28eb761accbe93ee97764d32ab79
data/raw/doclaynet_hard_negatives/doclaynet_test_48a2a52b5f2b8673e30e.png,test,doclaynet:1504.02490.pdf,3,narrative_document,0,doclaynet,scientific_articles,arxiv_doublespaced,1504.02490.pdf,4,d63225966acca44d41dea726fe1d06cdb168a0b1280acc2932021e434e4ed97a.png,d7b48db20421af843858517b90c5071381dfd2d7fd4201731af350d5c98950fa
data/raw/doclaynet_hard_negatives/doclaynet_test_c1fe3e20c100eb08ebc9.png,test,doclaynet:1001.2313.pdf,3,narrative_document,0,doclaynet,scientific_articles,arxiv_two_columns,1001.2313.pdf,0,666bad313c965cc77ecd60f4cb694172ff91b0da2794def6859401f742cb8ba6.png,8bcb8b35186ff6a1bf876be9840119bac983b2eb73b76b29421942d6bf7fb765
data/raw/doclaynet_hard_negatives/doclaynet_test_b4a38178fca9b5cbfece.png,test,doclaynet:1001.0764.pdf,3,narrative_document,0,doclaynet,scientific_articles,arxiv_two_columns,1001.0764.pdf,13,f36b23308e4b474e9157c970e48eb0d0d2316c7358ef7fcf045f815efe0c6048.png,72392ef91c7aada7f50a5715e9e46f940c42748a67800d4092e12b4219412bd3
data/raw/doclaynet_hard_negatives/doclaynet_test_99d25e63d31868005c7b.png,test,doclaynet:1001.2023.pdf,3,narrative_document,0,doclaynet,scientific_articles,arxiv_mediumspaced,1001.2023.pdf,53,b6d5ba8f0b41dc00dfc0df10c3b381fcafae105aea08131f766a4b6cec8adf07.png,8d2c782da508ab12637afee9ff2ec09a041f2fc3088cd3a52318485f5380d8c3
data/raw/doclaynet_hard_negatives/doclaynet_test_76052fd8bb4664897f8a.png,test,doclaynet:1410.5885.pdf,3,narrative_document,0,doclaynet,scientific_articles,arxiv_doublespaced,1410.5885.pdf,7,b750bbcdb32c4bc21bfff3dd2030870f0f45c683a2295e08f6cfec2467bff410.png,0ecd407ceb7f0922c7dbcc0ca31eb7aa1cba79f4fe9bd6647e983eadd8faf66b
data/raw/doclaynet_hard_negatives/doclaynet_test_7040833fa57fc38b8b26.png,test,doclaynet:1001.0510.pdf,3,narrative_document,0,doclaynet,scientific_articles,arxiv_two_columns,1001.0510.pdf,0,3c0793d0aa2b8d4ea2e2579398be4ca45fc1b3618ff44dc287c23380aa734450.png,a161c28bec027aa369532c8a89dfe9d2aa829fded51c0eddcf38f41424dbb98c
data/raw/doclaynet_hard_negatives/doclaynet_test_46ee45cda15de8548208.png,test,doclaynet:1001.2546.pdf,3,narrative_document,0,doclaynet,scientific_articles,arxiv_two_columns,1001.2546.pdf,3,930c92b66cdbb3593e8df96a667d3acaf6e72e73263b5ad4acfb6e213133f37c.png,8196a1aa8e39b6f03ac51177e250c507c0b2afa10e62589294984bd7addc4718
data/raw/doclaynet_hard_negatives/doclaynet_test_6145518b968253f0510a.png,test,doclaynet:1509.01678.pdf,3,narrative_document,0,doclaynet,scientific_articles,arxiv_doublespaced,1509.01678.pdf,14,d33d2def0c5f30170f9e11c00ed791206eacdcba49019dd3be4a45961f584f39.png,b273e2732e36a95394731fdb1a7d041de070cdc6593e399845efdec2e80a28f1
data/raw/doclaynet_hard_negatives/doclaynet_test_ccac0acfed91e601fdf7.png,test,doclaynet:1002.1045.pdf,3,narrative_document,0,doclaynet,scientific_articles,arxiv_mediumspaced,1002.1045.pdf,3,b2807886079aa1c44c232c57fc004f57154b336b24ca650de461e843d6dafae8.png,d6a7dd2ded9995917a867cf3b6974e1e9545efcbdbdbe70ce64649c7d6483f7b
data/raw/doclaynet_hard_negatives/doclaynet_test_b6c5a03b8c8127727a32.png,test,doclaynet:1002.2663.pdf,3,narrative_document,0,doclaynet,scientific_articles,arxiv_mediumspaced,1002.2663.pdf,21,aa3499cc76e50405fd3f00c91da6d50afa7a1bb39aa8506923bbd6f21dcfe824.png,7bf521f6cb7249b56c1aa11115f5ce4e33709449419e2e8fdcc0b459188b5f3a
data/raw/doclaynet_hard_negatives/doclaynet_test_d40f4d547876e3227c39.png,test,doclaynet:1611.06217.pdf,3,narrative_document,0,doclaynet,scientific_articles,arxiv_doublespaced,1611.06217.pdf,29,a22bde52e0b30a6dd321ed7db678840c3e237c15fa76c916b238ce7b826f02df.png,55f855ab09fa56205cb68cf2f06e9a42fd8192a9a5e8def1348ec96a67a06301
data/raw/doclaynet_hard_negatives/doclaynet_test_1c3c0061470d8e301f44.png,test,doclaynet:1002.0896.pdf,3,narrative_document,0,doclaynet,scientific_articles,arxiv_mediumspaced,1002.0896.pdf,23,3f8cf137533867645d53b0ac1e4a732a2868967233d843fdc6f428ae94025018.png,fd79a7e261d7ec9463d6133dafbe65fc03a6ed1a94f900eac120798308edc82e
data/raw/doclaynet_hard_negatives/doclaynet_test_9bd1980f56e269a03c64.png,test,doclaynet:1001.2669.pdf,3,narrative_document,0,doclaynet,scientific_articles,arxiv_mediumspaced,1001.2669.pdf,14,b265e974664a8b53f72e80db4c33d331aef4532e8413f2e1a14d4822393def7b.png,78f461696d58f180fd1cb4ae8fe4a356cd03a562e198a581e461dc7cc312254f
data/raw/doclaynet_hard_negatives/doclaynet_test_275912e11ae1e8d96921.png,test,doclaynet:1110.4445.pdf,3,narrative_document,0,doclaynet,scientific_articles,arxiv_doublespaced,1110.4445.pdf,8,6348c17e44c15ba527ff23dd0d4a2e7e23f4f32a0a790fc92950504da12db925.png,c3563db0ede02ef3d945d307df20c78d4b2b3821a8ebea5488ddbd91e776497e
data/raw/doclaynet_hard_negatives/doclaynet_test_b6e6d04ff4771147de43.png,test,doclaynet:1010.2692.pdf,3,narrative_document,0,doclaynet,scientific_articles,arxiv_doublespaced,1010.2692.pdf,16,b6b46ec501225245ef7414ccbcf8ca5f6f1979e914f980ad81d6c6627f6b61b1.png,afcd9a01c01ce078adb67ff1779046a5fda6e77ac87226ab0b617a52a90c800c
data/raw/doclaynet_hard_negatives/doclaynet_test_740eedf456d014a5db58.png,test,doclaynet:1002.2169.pdf,3,narrative_document,0,doclaynet,scientific_articles,arxiv_mediumspaced,1002.2169.pdf,5,169fbef021015d68a5b3073670f8387457e19453333aee3642c467d5ac750c90.png,7e24064d66d3725ed5d7853a26efc8da89a3f4d44f96f9ea6ea1a72adb0463c8
data/raw/doclaynet_hard_negatives/doclaynet_test_a50463080f6084ee23a7.png,test,doclaynet:1001.1154.pdf,3,narrative_document,0,doclaynet,scientific_articles,arxiv_two_columns,1001.1154.pdf,6,88ae9c960a24f68f3beba3249c1bc53164f8945f85c9611ee84c9c60efbc0204.png,a2a9c9ba7c69504b51cb6bc3b9534fd5f2e4fed64d4e03eb2ea64fb6c94b4196
data/raw/doclaynet_hard_negatives/doclaynet_test_a45d4273c078753aa248.png,test,doclaynet:1001.0266.pdf,3,narrative_document,0,doclaynet,scientific_articles,arxiv_two_columns,1001.0266.pdf,8,8a232858f50157bfa9d0510665902cb2e9fc25754fcb1720598b8aad1502bb10.png,808100162dc63c633ddd8fb4136659671cfbc86d1fbafbc020b2b68039aea511
data/raw/doclaynet_hard_negatives/doclaynet_test_e5db078e7b58bb9ec4dc.png,test,doclaynet:1001.0964.pdf,3,narrative_document,0,doclaynet,scientific_articles,arxiv_two_columns,1001.0964.pdf,13,d085a6186b379585b7562b4649b14bcaf1d3582708327321b9f7935f7db2299d.png,04c3d84c77638ef89db26038bb1e6cc9c903a468fcb5fc1c1813a116a0128c8b
data/raw/doclaynet_hard_negatives/doclaynet_test_425c6cdf4a5fe27a8e48.png,test,doclaynet:1001.1469.pdf,3,narrative_document,0,doclaynet,scientific_articles,arxiv_two_columns,1001.1469.pdf,4,e10396ba788319189fbc0dbd3bb1ce577a0cd4fefc538ecaa8462ab56ed7daab.png,bd3d1efc3138d3a7bcc46c27d92fb065c59727722309342156c0e2824af6da98
data/raw/doclaynet_hard_negatives/doclaynet_test_d8fe0ce9ced90ef90a02.png,test,doclaynet:1001.0111.pdf,3,narrative_document,0,doclaynet,scientific_articles,arxiv_two_columns,1001.0111.pdf,4,c19d1766a19692af9585ac8e57e166a5bd3318017283379323bb8782917785dd.png,bd00bd19c0470a759caa10c88fa09f6d58e1803e7eb6beddbd00c5bc9d7c8e59
data/raw/doclaynet_hard_negatives/doclaynet_test_8602e9b956adbd84b864.png,test,doclaynet:1001.2716.pdf,3,narrative_document,0,doclaynet,scientific_articles,arxiv_mediumspaced,1001.2716.pdf,16,9106a5a351b51f14c5eb21d93d88d96b8335c7a435fa8d986fabe9c2729645c1.png,30918c07de4ed8eece5f3308746a104c1b26b317e2be3684689100254e2855aa
data/raw/doclaynet_hard_negatives/doclaynet_test_88b43e4ab645cd914a96.png,test,doclaynet:1001.0955.pdf,3,narrative_document,0,doclaynet,scientific_articles,arxiv_two_columns,1001.0955.pdf,4,759262ac8b914a1397c56881cd1aaf2c495bdf746ac397e7fb75c51e58d14078.png,bc99f5e7fadf1aa9006f5b3303dd370b3387ac79d660b9339ae660137f208e4f
data/raw/doclaynet_hard_negatives/doclaynet_test_b83c4e932aa4146e6d5f.png,test,doclaynet:1001.2449.pdf,3,narrative_document,0,doclaynet,scientific_articles,arxiv_two_columns,1001.2449.pdf,0,4349b3f54770b84894d652efcc9c696597c98ddd87d7c7d80d50387c98488e1a.png,8eccc64d371858505b77aaaa63dc2928fc07df80cd7467bb3e34fd70df54f4d9
data/raw/doclaynet_hard_negatives/doclaynet_test_d59a07aee3fb15626c7a.png,test,doclaynet:1001.1447.pdf,3,narrative_document,0,doclaynet,scientific_articles,arxiv_two_columns,1001.1447.pdf,8,a3b91823cf1f05e82e5e69ee5174508625f468ffd11997d87bbef76342e6fd6f.png,2036d55e2cbcf7c724b74b2db48f41b5b31283b2fcfd24b0af1c788486451096
data/raw/doclaynet_hard_negatives/doclaynet_test_a39d582bdda3610397ec.png,test,doclaynet:1001.0590.pdf,3,narrative_document,0,doclaynet,scientific_articles,arxiv_two_columns,1001.0590.pdf,0,e07644a0d2841317eea7760304965b6ef22094fd125f58f379927e67a6885d75.png,2f2ba8a86336b441d18ef0691ce7c3ddb3941f9ebfc8719223008f929c10c51c
data/raw/doclaynet_hard_negatives/doclaynet_test_2ecfeed781e3ae8af7a9.png,test,doclaynet:1001.0602.pdf,3,narrative_document,0,doclaynet,scientific_articles,arxiv_two_columns,1001.0602.pdf,0,cee8d34029622d2b02edbcd8a5d1dfdd32f3a6e3e2065199cc097115b60a67d3.png,0d41d8eb782f4106ba331c4f82de0c90f105e6d4ed545c2d8f8f8d59ab04ec60
data/raw/doclaynet_hard_negatives/doclaynet_test_c8082535c3a7af0cfecc.png,test,doclaynet:1511.06352.pdf,3,narrative_document,0,doclaynet,scientific_articles,arxiv_doublespaced,1511.06352.pdf,18,254ac99093bdaf15010ea092b14693dd81c6bd27d7321e23380e6b48994d75e4.png,981a3455f829926de210b789c9db667e7afaae00e8dc1cc2f80d99e3ea6b3396
data/raw/doclaynet_hard_negatives/doclaynet_test_1fd5ac1e1724e5ae3889.png,test,doclaynet:1002.0542.pdf,3,narrative_document,0,doclaynet,scientific_articles,arxiv_mediumspaced,1002.0542.pdf,14,a87d476982c39dcb36f3950306d463d51e7aea227fbedbbe9b5dc5eb4a09759d.png,b092eaee787de8989e5f4ccd1b85e8d886b77f455414d5c656dfc8801e4e76ce
data/raw/doclaynet_hard_negatives/doclaynet_test_261dc8130d9e58f6a0ab.png,test,doclaynet:1001.0788.pdf,3,narrative_document,0,doclaynet,scientific_articles,arxiv_two_columns,1001.0788.pdf,1,648cc6a2b583b5acab557ef1abb059dcf4c06f91b73f035ef73ecf902c85d4ea.png,a044e5e03f6a91c68e696212b4a032df170440d99bab571a9d786134cf573ae1
data/raw/doclaynet_hard_negatives/doclaynet_test_a8d83e61100b19d63b82.png,test,doclaynet:1001.0570.pdf,3,narrative_document,0,doclaynet,scientific_articles,arxiv_two_columns,1001.0570.pdf,1,472787f2f69d065701708da0742ff23d6231f6e7f52703bfc74b4b673be1974b.png,6ab468e09b4f0b0213243bf4993ad8ebb04196f6c913230b363612b203ad7572
data/raw/doclaynet_hard_negatives/doclaynet_test_d82aa2fa6ce2cef4621e.png,test,doclaynet:1002.2525.pdf,3,narrative_document,0,doclaynet,scientific_articles,arxiv_mediumspaced,1002.2525.pdf,3,f016f98ebe9c7596425a53e23f79adf42017af0cb4b9fe58d2722fe89ddf9174.png,bf7e13d363f7ce47b6f56605bd647d33028e75bf886c378c3a816ccd6c9d36d6
data/raw/doclaynet_hard_negatives/doclaynet_test_5e3ab1738f8f8bd62679.png,test,doclaynet:1001.2648.pdf,3,narrative_document,0,doclaynet,scientific_articles,arxiv_two_columns,1001.2648.pdf,1,5ebc344391705d9d6ea63c683c8877e37afbeed1315e7c42cd6f0069ece5e3ac.png,9b6f402939f1ea61009f265910424743f5d22f7cc8a76b43ec2fbd2b7019c659
data/raw/doclaynet_hard_negatives/doclaynet_test_f493e79456300c14fdc3.png,test,doclaynet:1001.1098.pdf,3,narrative_document,0,doclaynet,scientific_articles,arxiv_two_columns,1001.1098.pdf,2,7a75cca7c3f047add794c1dd083a21b663d826e8b3ffa85dc91c38b6ae472c32.png,c1ba6ebcfe8bb46bcddd2110e0a2d8ed7c8d12e6b528d5a2dc961f609e4c6ef5
data/raw/doclaynet_hard_negatives/doclaynet_test_d94f4ebf62361337b6a7.png,test,doclaynet:1001.2207.pdf,3,narrative_document,0,doclaynet,scientific_articles,arxiv_mediumspaced,1001.2207.pdf,11,c27bb45cc421f4eec9e2e23cba05691c773450030d9ad3ddce60db86ad2d03cf.png,0b335258fc1e75ac2b8ec7e985d6c7ddd017500be437ff8ef7be9817867132fc
data/raw/doclaynet_hard_negatives/doclaynet_test_4d099775d476b19ae4e6.png,test,doclaynet:1108.3355.pdf,3,narrative_document,0,doclaynet,scientific_articles,arxiv_doublespaced,1108.3355.pdf,10,779af82add9baca72cbd8f094bdde818374fe844d2b72e4965d022365d01057e.png,bf8bf5e908a2d85beedd84cfb96fe5668c3405330afa1cf7a2b0732a2a8719c7
data/raw/doclaynet_hard_negatives/doclaynet_test_5ecf695070c4db5ef71b.png,test,doclaynet:1001.1785.pdf,3,narrative_document,0,doclaynet,scientific_articles,arxiv_two_columns,1001.1785.pdf,7,fb930291b35ef01ef1ebb3fad52a756e1f7c4bc37740dee86e03b55734de82cc.png,a3cdbd263502a3ca1f1f45673cf92e6e993c640bf998e7ccefaf729e15295805
data/raw/doclaynet_hard_negatives/doclaynet_test_0e29ce0115031e30a59e.png,test,doclaynet:1001.0806.pdf,3,narrative_document,0,doclaynet,scientific_articles,arxiv_two_columns,1001.0806.pdf,3,3a986d5373f4d657d5e858d3b2cdbea16fb92c46183538dd5ec93da3a536b19b.png,62b3026367c272d2b1fd00ea0b0527cf8dd4d16d093812937efe613760f69fca
data/raw/doclaynet_hard_negatives/doclaynet_test_9bada46ac85a5cea41c0.png,test,doclaynet:1001.1066.pdf,3,narrative_document,0,doclaynet,scientific_articles,arxiv_two_columns,1001.1066.pdf,2,d43083aa9bbae10f3ca50ed05d74293d94bbfefa565d61d348fc64bf4b1ccc21.png,038bd8009d42bead38bb17638f02aaa7208aa410e6dd4c7f95c9204625ef838a
data/raw/doclaynet_hard_negatives/doclaynet_test_ece4c38370c5173076ca.png,test,doclaynet:1001.0665.pdf,3,narrative_document,0,doclaynet,scientific_articles,arxiv_two_columns,1001.0665.pdf,7,b0b1deba51ac16bcbe4783d19ece1c9e57e6a0007350b549c275472d47216f7c.png,55d08ab7869ad97b08883d74147058e95f3c66e3d26770944095035e465cda37
data/raw/doclaynet_hard_negatives/doclaynet_test_8dde997ff26f167bb164.png,test,doclaynet:1001.4509.pdf,3,narrative_document,0,doclaynet,scientific_articles,arxiv_mediumspaced,1001.4509.pdf,30,54d1f3efd5f54ed60e8844e2382a5bc9dba96e8a17a33eec48546858b372c8ea.png,19be50915ecb0c2711fd176c3f24d84af50a0b5c6c1eac6fd7eb894912d476e8
data/raw/doclaynet_hard_negatives/doclaynet_test_6da1ea2fe5a7c482b9c5.png,test,doclaynet:1001.0770.pdf,3,narrative_document,0,doclaynet,scientific_articles,arxiv_two_columns,1001.0770.pdf,3,cb5f1e36cfe39757ee8bf100a46a94f58709f29111339f7687b641f04dc5df1b.png,ae4bf2b18bd4e73ace7acb8cfe3114778e60ed1d63a8234dc660eb0b39e0a6bc
data/raw/doclaynet_hard_negatives/doclaynet_test_4f27e17fe1a008de7cef.png,test,doclaynet:1001.1584.pdf,3,narrative_document,0,doclaynet,scientific_articles,arxiv_mediumspaced,1001.1584.pdf,1,b44ebcf7be4b17c96f6640308e6b187d2f89a455f6e08cd4022b24e92255d6c1.png,34af24f4747a3e6c0d7326419e2a5820dafd820b3624a7c7e74ce1881c18bf1b
data/raw/doclaynet_hard_negatives/doclaynet_test_e279f9739d519efdb9e5.png,test,doclaynet:1001.2670.pdf,3,narrative_document,0,doclaynet,scientific_articles,arxiv_two_columns,1001.2670.pdf,2,5b537a6f3bc60394b838affe41f45a762d9b1f063c0ee195f078c6c2987f2310.png,c82118288842be37820a5d0286e2bd914e552651f03a083de530079427966556
data/raw/doclaynet_hard_negatives/doclaynet_test_4c3877a00134322987a2.png,test,doclaynet:1503.05621.pdf,3,narrative_document,0,doclaynet,scientific_articles,arxiv_doublespaced,1503.05621.pdf,30,d6048c35075bfab77083bae6b985dfda1dfe9489424eb872acb31441ddbdc6aa.png,426a6df923683bb224c93d74d5a41df2bfe9aefd996160f2dc21e401d3c69327
data/raw/doclaynet_hard_negatives/doclaynet_test_c48e1230dca1045cba55.png,test,doclaynet:1001.4384.pdf,3,narrative_document,0,doclaynet,scientific_articles,arxiv_mediumspaced,1001.4384.pdf,10,c9ab3f20494576593d686c874345a95bf26a3ec3b10ccb25aae9aaeb5798ea5c.png,b682525834f877507dd9e0eb4d4de04ec57ae2bef2a3b4b9c3e61039b83849ab
data/raw/doclaynet_hard_negatives/doclaynet_test_a32e79f90b16e5331cfd.png,test,doclaynet:1001.2028.pdf,3,narrative_document,0,doclaynet,scientific_articles,arxiv_two_columns,1001.2028.pdf,1,8bf39035cb9708d9ffcf4744600e79bf90e535b83a0c417621f208c860f6c196.png,dd161857230311df65260aeb09a9bacae9069b5cf331f57df5b85a8eba762a8e
data/raw/doclaynet_hard_negatives/doclaynet_test_751a91f63b032b640115.png,test,doclaynet:1001.0720.pdf,3,narrative_document,0,doclaynet,scientific_articles,arxiv_two_columns,1001.0720.pdf,3,4b05c0df25ac296df90dac25d6c357c366875c01ab2041d3cb1ebcc75c3b622f.png,1fa3e4b3632460fb2a4afa6f78f55a8c8502677d517ce89ecfcc06a2dcfd2c9a
data/raw/doclaynet_hard_negatives/doclaynet_test_7e36a87367196cd5d8a9.png,test,doclaynet:1001.0892.pdf,3,narrative_document,0,doclaynet,scientific_articles,arxiv_two_columns,1001.0892.pdf,1,242ee73514175b0e3a1bf968263fe7485bb637dc1f5b97c45b806bfbf6a5e9a7.png,396fd73538a52f2808850821ea1fd14447cc912e95e6d1c94c39a32434d89890
data/raw/doclaynet_hard_negatives/doclaynet_test_953cb157f1aba98f7e8a.png,test,doclaynet:1001.0311.pdf,3,narrative_document,0,doclaynet,scientific_articles,arxiv_mediumspaced,1001.0311.pdf,4,acd8d28289e4389839dcb802f25ff134782beb1cd1d99467f4ea9f362ee2d47e.png,5bf33aa2dce5aff231ec61451321ade9d21e6c6d55b0b621acbf0cb0e485aa17
data/raw/doclaynet_hard_negatives/doclaynet_test_c5facbd902f66ee8793d.png,test,doclaynet:1001.1855.pdf,3,narrative_document,0,doclaynet,scientific_articles,arxiv_two_columns,1001.1855.pdf,3,a23d19f567f32ee32e646c33307063814ee30a1ce23ddc05f0ee9e43e1c48253.png,15fa6cc63cd658cfcc90d840e45d216be2cb6120a232a348ded204eb4e170833
data/raw/doclaynet_hard_negatives/doclaynet_test_50dea9c5e9e182234f14.png,test,doclaynet:1001.2538.pdf,3,narrative_document,0,doclaynet,scientific_articles,arxiv_two_columns,1001.2538.pdf,3,233af507a6acbaac265ee06fb713da4578588473fcc606aac7de2166201d3384.png,eae4396cf954cfc00478c110b51a527b17127590fb40258514bcc3b34dff2a80
data/raw/doclaynet_hard_negatives/doclaynet_test_5e0a77fcbbd56d67e29e.png,test,doclaynet:1002.1987.pdf,3,narrative_document,0,doclaynet,scientific_articles,arxiv_mediumspaced,1002.1987.pdf,2,725f33ba9eaf8a7576a699cadb8d776d01e6cbc0971006b07f100be529959773.png,efafcae453680abb3fea5f9d0f9bdac819f43f3de380b9a921168e7b863a04de
data/raw/doclaynet_hard_negatives/doclaynet_test_ecc4f34fd791356b89f0.png,test,doclaynet:1001.2580.pdf,3,narrative_document,0,doclaynet,scientific_articles,arxiv_mediumspaced,1001.2580.pdf,9,5d5c2cd99d16b94dfc43f72e8bf426e06e727dd1e537e02d1a9d2ac335ef29f9.png,138559d154943b614547cb82f7842663366edf4d5656f441ffcedb3f70fe068d
data/raw/doclaynet_hard_negatives/doclaynet_test_054b54ef7100e6372e3d.png,test,doclaynet:1001.0110.pdf,3,narrative_document,0,doclaynet,scientific_articles,arxiv_mediumspaced,1001.0110.pdf,9,95091e30d0410bceafeef0234a1c029e5e465e884b3c80a0f4eb5ea36ce2be26.png,e3f086a29683b2e95569604ce68d1d5c198c0900911590d0ce6a44afbf264c58
data/raw/doclaynet_hard_negatives/doclaynet_test_aa427259114cb3112df0.png,test,doclaynet:1001.0382.pdf,3,narrative_document,0,doclaynet,scientific_articles,arxiv_two_columns,1001.0382.pdf,1,aca5ea4e25b7a9e1dd232880f27196fddf4f3e514c31254f0278b67c757fca10.png,851a209020159b4618f794f508b8295fe4f4f3900139bf3fcb6d725967592a0a
data/raw/doclaynet_hard_negatives/doclaynet_test_11ee50c29ba172a4e9de.png,test,doclaynet:1001.0397.pdf,3,narrative_document,0,doclaynet,scientific_articles,arxiv_mediumspaced,1001.0397.pdf,5,eeb93b8f2c7649b38d0ba3cc43b0e23db23cb90e2c00dd631d60ac73026e8bee.png,ee329451e232f1df1a532b0238086870160b08bef0b92ed28ba3b92e513a383b
data/raw/doclaynet_hard_negatives/doclaynet_test_7b5b7910c2afb6bf5b05.png,test,doclaynet:1001.0057.pdf,3,narrative_document,0,doclaynet,scientific_articles,arxiv_two_columns,1001.0057.pdf,6,6d5768f00802abfbe409f6e5f6bb718a0706cdad1594d34fe7cf054503a6ff55.png,1b1ed92e2bd87d9098c323c2e570739077c8eff00acd18911978b5b20bb36640
data/raw/doclaynet_hard_negatives/doclaynet_test_1acca156811d45573661.png,test,doclaynet:1001.1732.pdf,3,narrative_document,0,doclaynet,scientific_articles,arxiv_two_columns,1001.1732.pdf,13,de54e4216feb64768f2fb40721b0a78e125d3d1c9776a2eec67dd9ef913c5082.png,45e501c614f8ad6474a878f00a17489887e53bdd1aacbafe85ecaec623ace740
data/raw/doclaynet_hard_negatives/doclaynet_test_87eb666d349b612ce37e.png,test,doclaynet:1001.2120.pdf,3,narrative_document,0,doclaynet,scientific_articles,arxiv_two_columns,1001.2120.pdf,16,7ccae5369db7a0ea14386a5a6fb2b9fdc51ed2a93913b251630bb98b790158a3.png,58b44c4359d4ded641c9aada458b6eedadc4fb5e6d4666b9b6193da4ddfe4934
data/raw/doclaynet_hard_negatives/doclaynet_test_f98b14e8858827165f20.png,test,doclaynet:1001.2602.pdf,3,narrative_document,0,doclaynet,scientific_articles,arxiv_two_columns,1001.2602.pdf,3,808136b7da653a8fb3ef57db9440ae4569cde53193a5ef5a8b631f6879ce63b9.png,d55d5e7bd5a935ef216a8143bde8b137f0dc9a0b914777ea46d8ba03380b3308
data/raw/doclaynet_hard_negatives/doclaynet_test_2c920f08164e5edc38e9.png,test,doclaynet:1001.3103.pdf,3,narrative_document,0,doclaynet,scientific_articles,arxiv_two_columns,1001.3103.pdf,13,67204ef85dd2c9203d28632b519144521087f8bb5922dc1cc809debc8b7eb270.png,57885274c2132d143b3de638fc30c498fab9fd2a27ff9aad7c45b19ece3569c6
data/raw/doclaynet_hard_negatives/doclaynet_test_e900edcfc4bfe10d9420.png,test,doclaynet:1002.4495.pdf,3,narrative_document,0,doclaynet,scientific_articles,arxiv_mediumspaced,1002.4495.pdf,3,7ef73ffc5cb2ce93f420d68e4a013835298e6d952c7f91c126f198ee7d0a8198.png,654286ee78e94f3bc211dd0c94b883e79c1a0fc276eda0565a5febc748f61aff
data/raw/doclaynet_hard_negatives/doclaynet_test_59c0350e8fa5cec58655.png,test,doclaynet:1001.3421.pdf,3,narrative_document,0,doclaynet,scientific_articles,arxiv_two_columns,1001.3421.pdf,2,6e877f30a7743152e9f4e6f22c10b1ff55a3aa6fb6543095d6298f32b2934d47.png,42ab64840ea429c6f4b164d7bbf658220561bdc81c512540c31d7bf47f13e0e9
data/raw/doclaynet_hard_negatives/doclaynet_test_e984c1d771fbfa4fdf71.png,test,doclaynet:1001.1590.pdf,3,narrative_document,0,doclaynet,scientific_articles,arxiv_mediumspaced,1001.1590.pdf,16,1a5529a13f71d04022958fd5ef766d1fd2433ced2b377990c43290a315d287d7.png,28da1016f30170a837e82822d8d956f9171e7cc4fe500ad2f9774afa0b3a7870
data/raw/doclaynet_hard_negatives/doclaynet_test_9cb4c78b28863d0b0580.png,test,doclaynet:uksi_20200438_en.pdf,3,narrative_document,0,doclaynet,laws_and_regulations,gb_laws,uksi_20200438_en.pdf,0,4956a1b464acef7f6a4e86bc8a790a8c8fe96d9ffda72a1a159c6489aa78a1dd.png,6a6ee5384cbdcda858afbc53545e6b72c826ed9b8031aae9e51da4c6787af8bc
data/raw/doclaynet_hard_negatives/doclaynet_test_6f98ea71e2f4225c1cd4.png,test,doclaynet:FStrPrivFinG.pdf,3,narrative_document,0,doclaynet,laws_and_regulations,german_laws,FStrPrivFinG.pdf,4,500aacd8376bf042492e8e8cf32e2223c2b7be57d3e5e324ad72991d1b2f09b2.png,c149a7f1cf7ead94fb22e8d1b8c09a87dbb73b57367c43f2ec5ee35014d3bb58
data/raw/doclaynet_hard_negatives/doclaynet_test_b212289f4849320ad071.png,test,doclaynet:PLAW-116publ49.pdf,3,narrative_document,0,doclaynet,laws_and_regulations,us_laws,PLAW-116publ49.pdf,0,93378882ca73cd6278221d33aa5260f47ea5be24739f2cd3eb8d5a56bf0ffa2e.png,e0d0db730586ffbb16f5bd1923efe9d53713acee13f62818b50961f0e08c4491
data/raw/doclaynet_hard_negatives/doclaynet_test_e80c2052c42b5b2e6040.png,test,doclaynet:uksi_20200199_en.pdf,3,narrative_document,0,doclaynet,laws_and_regulations,gb_laws,uksi_20200199_en.pdf,0,3644b68e13867af5a75476a00d1335236e7e04896e0c8a8a5e9185972d341148.png,b2ad92d27a15ff8d66270bb803209a83a896f7bd0e54ba414fc8937fe9884adf
data/raw/doclaynet_hard_negatives/doclaynet_test_5d9bf1f434fa731fe62f.png,test,doclaynet:uksi_20200433_en.pdf,3,narrative_document,0,doclaynet,laws_and_regulations,gb_laws,uksi_20200433_en.pdf,0,76711d735dbdaeb3fb2d535e0bf5f4d53738f9dc2da6aa73d1d19a669f3fcd7c.png,1fa39371bce190857d7ce057b5279029060c3c107bb55fddaaa0597540a03203
data/raw/doclaynet_hard_negatives/doclaynet_test_1d9c51dba36c3bcfdc0c.png,test,doclaynet:FzMechAusbV.pdf,3,narrative_document,0,doclaynet,laws_and_regulations,german_laws,FzMechAusbV.pdf,5,3d337ff16bbf111f6905a6c822a54105e964e64651071970e0aa076d8d08c682.png,a5489e375f3ae594b55e0fd2a97110c40737024f6afde5a52e94169ec902e837
data/raw/doclaynet_hard_negatives/doclaynet_test_33a39ec6ca9a344ab3c9.png,test,doclaynet:uksi_20210538_en.pdf,3,narrative_document,0,doclaynet,laws_and_regulations,gb_laws,uksi_20210538_en.pdf,2,b981a4003ddab36b379ae2a63e50c7b5e5b69c6c58d3583c5ae1a41c8e64d05c.png,93ac8bf4a88c4556ab81853147c2373b8c168a89bbea478f77b69ae61458f60e
data/raw/doclaynet_hard_negatives/doclaynet_test_a691850e238aaacfd4b3.png,test,doclaynet:uksi_20200434_en.pdf,3,narrative_document,0,doclaynet,laws_and_regulations,gb_laws,uksi_20200434_en.pdf,0,074b42c5093f46ea948711f38b3469a7fef5b0f1913baf954c0167f6265e9389.png,e9e3b327788dcdc7fe1a6c3147fae2e9a953748f5815c351d5e45f98da27a544
data/raw/doclaynet_hard_negatives/doclaynet_test_a16473933955eeb55f6f.png,test,doclaynet:FStrBAG.pdf,3,narrative_document,0,doclaynet,laws_and_regulations,german_laws,FStrBAG.pdf,1,ce1bc89f77ba7b858d6e6b9b030f0a825fd43d8c9ca72e534fadc6047c6cb381.png,e78b03cfc6e3a89ac95d31c20bbde3f5ea21c56d73154571630aa08ce59046cc
data/raw/doclaynet_hard_negatives/doclaynet_test_e7e715a77781da2a6201.png,test,doclaynet:FStrKrV.pdf,3,narrative_document,0,doclaynet,laws_and_regulations,german_laws,FStrKrV.pdf,0,8ba84c5085b7502b8a253d5ec429690884bfbc742a41f72a9462aec9511ffa09.png,91a6baf7b32cb13c648d018e4446094b2a1f071eac0ad06a9534c9ed251f90ca
data/raw/doclaynet_hard_negatives/doclaynet_test_8b243f524a394f318c80.png,test,doclaynet:uksi_20210577_en.pdf,3,narrative_document,0,doclaynet,laws_and_regulations,gb_laws,uksi_20210577_en.pdf,0,2bdc0bfe2185c41970392ebf11429417499b49e618db72077c070c64a0ebde12.png,8cd80f8f80189f9d2e5040cbf60c5b69cefe1ab62c43dc2dab91b8051edb589c
data/raw/doclaynet_hard_negatives/doclaynet_test_5077e61bd071cd8321d4.png,test,doclaynet:FeinGehStempG.pdf,3,narrative_document,0,doclaynet,laws_and_regulations,german_laws,FeinGehStempG.pdf,0,4cf86758d320d74a1693fc535ee83c3de9fceb0bcef9f9e9992991df1acefd33.png,4e715f17cae7ba6f842629a3a7d2531cbde5c82111de4a78995320df1ee3dd00
data/raw/doclaynet_hard_negatives/doclaynet_test_3841649ef95f8825a460.png,test,doclaynet:PLAW-116publ30.pdf,3,narrative_document,0,doclaynet,laws_and_regulations,us_laws,PLAW-116publ30.pdf,1,c871d52ca79ee91d5ee3c9ebf2b7ab451a5f1e4bad9530f9a95a938949db9ac5.png,d1c1ec8313e9680faf1069076ce4bfd57a7b7cf9f1916d4861d41a64e52efc5f
data/raw/doclaynet_hard_negatives/doclaynet_test_a61d0abefb086fc691d5.png,test,doclaynet:uksi_20200412_en.pdf,3,narrative_document,0,doclaynet,laws_and_regulations,gb_laws,uksi_20200412_en.pdf,2,42ee9a7cb0535fb59006a8d30e44975203082d78adb137d95df9914952a9b107.png,8e557224540443c010c5774b1ad4bf3d90ed1d58e5949f18cacd27de12aaba00
data/raw/doclaynet_hard_negatives/doclaynet_test_3355f1c5e58edf4cd7de.png,test,doclaynet:uksi_20200410_en.pdf,3,narrative_document,0,doclaynet,laws_and_regulations,gb_laws,uksi_20200410_en.pdf,0,ed7a4a0de24c8e2b2813f06eb67a3ec63ed475c710a69fe7366c70cf412e6670.png,e4cb461db07768fbf653443cd501f5cfd8d482cfeafee2de49735d3776f34c54
data/raw/doclaynet_hard_negatives/doclaynet_test_42185abf942d8e91a022.png,test,doclaynet:FSBeitrV.pdf,3,narrative_document,0,doclaynet,laws_and_regulations,german_laws,FSBeitrV.pdf,51,80d348a114c5e4ccffabc10d4a0d5b4125dfe6d280f3a2bcb9e407092e375e84.png,b558f4ecab6a6e2532257463e7ebcac88f68e6551f62cc3b4ec889fbce6e1308
data/raw/doclaynet_hard_negatives/doclaynet_test_fcbb5657952569b8009c.png,test,doclaynet:uksi_20200462_en.pdf,3,narrative_document,0,doclaynet,laws_and_regulations,gb_laws,uksi_20200462_en.pdf,1,729b21c6cf8cc059a0e0d19cac8db79d395d20f1f3fe4b3885fb987e87ea4953.png,10ae2d80e8203e58ead9dd32f4cf1c120e0087e9a17b4669aaa7f1207d3add77
data/raw/doclaynet_hard_negatives/doclaynet_test_563573b0a2c811cbeefa.png,test,doclaynet:FinStabDEV.pdf,3,narrative_document,0,doclaynet,laws_and_regulations,german_laws,FinStabDEV.pdf,5,a7db878097a66665d58786c7bfc80e04b4636ecd569aa9908a02b367f620805a.png,80c4dbaf85ae098dbab89f72fc51f2659cbddebe4705977f95722a11ac893351
data/raw/doclaynet_hard_negatives/doclaynet_test_27853990c8e9a8148c16.png,test,doclaynet:Botswana-constitution.pdf,3,narrative_document,0,doclaynet,laws_and_regulations,botswana_laws,Botswana-constitution.pdf,35,62a3e68960caca9b0b714e5c573eec6340bbdf111cb9fbe759c0e0741815ec83.png,801159b309521fdbb23a029d8af09f123b9edd85cf96cc9acec188f0c0b0b55e
data/raw/doclaynet_hard_negatives/doclaynet_test_829f1b33cb92862f66b6.png,test,doclaynet:glider_flying_handbook_errata_13a.pdf,3,narrative_document,0,doclaynet,laws_and_regulations,faa_regulations,glider_flying_handbook_errata_13a.pdf,0,d603228eba52ba874f168ef6cc0b8110c3d9ceeb2cc7dae0bfee482b5d75fb74.png,fa3b424a5a0c1358d9fdcf089b22c5c1a04b2fa9527edf8ecca9eadac7f416c1
data/raw/doclaynet_hard_negatives/doclaynet_test_30e41672aadc19cb61fa.png,test,doclaynet:cug-complete.pdf,3,narrative_document,0,doclaynet,laws_and_regulations,faa_regulations,cug-complete.pdf,12,1b256330a763fd4dcc3b5cc8032936af37feae0311215da0d2095bdec89b6fc1.png,8118e33a071b4d8f884ee6108d7a813da910e85de655e32cc198e02efa08577d
data/raw/doclaynet_hard_negatives/doclaynet_test_5c7c2305ef11c0841d1c.png,test,doclaynet:FloristMFPrV.pdf,3,narrative_document,0,doclaynet,laws_and_regulations,german_laws,FloristMFPrV.pdf,0,a65d07ce144ba8ec5713dabc8aa3a8ef65614869d942b6554b39636976e8c0db.png,ffed759f18987fb64e50a5cfade5b35ad0115c5cf123105364ebb7e1ff69fb65
data/raw/doclaynet_hard_negatives/doclaynet_test_d54a03b053b4f15a6021.png,test,doclaynet:FANG.pdf,3,narrative_document,0,doclaynet,laws_and_regulations,german_laws,FANG.pdf,0,55f52fd3ec4a6951449fea7676664aec5c8da0facb1097216aa4d18989d876e8.png,d557800ffefbf375a0fb10fbabcbba7d4e0bd2dd6898bd96ff00a060f10db866
data/raw/doclaynet_hard_negatives/doclaynet_test_af20b4a54432f40f32e3.png,test,doclaynet:FinAusglVtr_AUT.pdf,3,narrative_document,0,doclaynet,laws_and_regulations,german_laws,FinAusglVtr_AUT.pdf,0,c5aaf1585abcb5dfc78d73af72eecb0f0d9154a77bca62e6c212fc2f6816fe1d.png,c8c4621d57e6f1419fa4ce37365124f702a313e0fa9690d0d9774a556197d100
data/raw/doclaynet_hard_negatives/doclaynet_test_d9e1e0715b3896a6a7a7.png,test,doclaynet:uksi_20210582_en.pdf,3,narrative_document,0,doclaynet,laws_and_regulations,gb_laws,uksi_20210582_en.pdf,11,c03fd365f68ea07a528c91edd91ee032b3a1a5ecef8c846799e061ad0314284b.png,11919c94f221b7216ab222a095f8f4ecbb878a4ec47455628915e3da74f50519
data/raw/doclaynet_hard_negatives/doclaynet_test_dcea91469f7d0a217fc8.png,test,doclaynet:PLAW-116publ28.pdf,3,narrative_document,0,doclaynet,laws_and_regulations,us_laws,PLAW-116publ28.pdf,0,839ffe7afb9f14a687b2f7824ef18330bbc780ec0e494da9d344fecfdcf4a988.png,62e7df25c55550832e0b3a60484218df9f89a50c974b26f7bd3a1ec6ae845a71
data/raw/doclaynet_hard_negatives/doclaynet_test_58225ec3935b335b9fa6.png,test,doclaynet:uksi_20200124_en.pdf,3,narrative_document,0,doclaynet,laws_and_regulations,gb_laws,uksi_20200124_en.pdf,0,3939e500496a13676751283679088c2496cb73cd5cf9a2903a85e55052199ca9.png,c0670dc206c80da60b858fcaa6dfaf00b75d403d0c609d72fc13a8b6a5eee314
data/raw/doclaynet_hard_negatives/doclaynet_test_3eb62157c6acfcd64c2d.png,test,doclaynet:FinaRisikoV.pdf,3,narrative_document,0,doclaynet,laws_and_regulations,german_laws,FinaRisikoV.pdf,0,2f4478f13234046bbad5a92068d9dd7b7f9b817522cfa80c8cb0fcc1fcc1c1a5.png,4d33be0455e3c06910abd0f4e87186e94d9abec87f1373b7cc031c58583da33e
data/raw/doclaynet_hard_negatives/doclaynet_test_203d3188ac9d495be434.png,test,doclaynet:uksi_20210522_en.pdf,3,narrative_document,0,doclaynet,laws_and_regulations,gb_laws,uksi_20210522_en.pdf,0,fb65b36bda58f6cdbb27343a966e5c61ac586a0a8cdf3c68569c3e8b0539ca73.png,6793212d07ecf08fc4a375437db3aa1c3212ced236c7dc5250cbd6215809000d
data/raw/doclaynet_hard_negatives/doclaynet_test_c1d8c2006df5cb68d420.png,test,doclaynet:FeuAO.pdf,3,narrative_document,0,doclaynet,laws_and_regulations,german_laws,FeuAO.pdf,2,e79cadefb28b715267531c76e0e384453eab16d76fe14136517205e46a548b1d.png,118b4735cc10149bbb73f67e4023bff1453e393b5e047fd2eb8cdfa9152210cc
data/raw/doclaynet_hard_negatives/doclaynet_test_ef89fcc2311febe2d010.png,test,"doclaynet:Presidential Decree No. 1067, s. 1976 | Official Gazette of the Republic of the Philippines.pdf",3,narrative_document,0,doclaynet,laws_and_regulations,philippine_laws,"Presidential Decree No. 1067, s. 1976 | Official Gazette of the Republic of the Philippines.pdf",15,faaaf9decc1ac252e416c91984eb0e792a1c77a448564506eb9f7d9dfaaef2e9.png,5f2e6e2f327cb994b87b96297f3d0f7af4503a1018ed6e89ac8d94f7637108d0
data/raw/doclaynet_hard_negatives/doclaynet_test_49af0ece941e9b387770.png,test,doclaynet:FStrPrivFinBestV.pdf,3,narrative_document,0,doclaynet,laws_and_regulations,german_laws,FStrPrivFinBestV.pdf,0,40f75473544afdf9383756f928bd68ff6c93e98b0379b9c727f207a42e716787.png,90f333ac924e07121e31ef869b335515e8f640bbcef666bc012e5e483ce19b17
data/raw/doclaynet_hard_negatives/doclaynet_test_495433356b238da4463a.png,test,doclaynet:wang_luo_an_quan_fa_cybersecurity_law_.pdf,3,narrative_document,0,doclaynet,laws_and_regulations,chinese_laws,wang_luo_an_quan_fa_cybersecurity_law_.pdf,6,9592bf47e367efb42b799c58445f75a25b2b3faf8da4e7c2b5baaed96c17ecd0.png,2e8a5bca962306040de2e4a1ec8a537f1dfbb4c48f0f65f83213354ec44ac005
data/raw/doclaynet_hard_negatives/doclaynet_test_c20d9efa41943ad7cec9.png,test,doclaynet:00-80T-80.pdf,3,narrative_document,0,doclaynet,laws_and_regulations,faa_regulations,00-80T-80.pdf,296,327c8ff1e55a3c09c3b8f6fc26152017452e7d1a5b4516c71930b6739755ee88.png,879d99bcd5322e80a4f8c7c3d71fee87325f00353b991dcc3dc9359090bcf37c
data/raw/doclaynet_hard_negatives/doclaynet_test_a5360651fddad3ffa763.png,test,doclaynet:0001202012210122.pdf,3,narrative_document,0,doclaynet,laws_and_regulations,russian_laws,0001202012210122.pdf,37,b6950874ba8092749bd0d28dc90b7410cc22294b6cfb779d3a73c3d7a090f4f7.png,ae60add4bfff31d6d0420a0ea42e5787cb4814fb14f02b78efc977f7ff1ceec1
data/raw/doclaynet_hard_negatives/doclaynet_test_1873c5a0093d2ae5e4b9.png,test,doclaynet:uksi_20200169_en.pdf,3,narrative_document,0,doclaynet,laws_and_regulations,gb_laws,uksi_20200169_en.pdf,0,20a5b94498d3349c38a4e8e3c395655c6b8950f1aab595dc5be31ce662956640.png,1567539b04ac7115deb2cbbea4a8805df4f0e752250ef15d36d20da3d71194ec
data/raw/doclaynet_hard_negatives/doclaynet_test_14e6e603644b7df82b31.png,test,doclaynet:uksi_20210574_en.pdf,3,narrative_document,0,doclaynet,laws_and_regulations,gb_laws,uksi_20210574_en.pdf,0,18f658356253c4bdd9804508d3106fdeaa47697208c1bd0e006b025da1ad9aec.png,1e434b73b638a9470e5897a208c50c9037f09de35db6dc551703905490d4bf41
data/raw/doclaynet_hard_negatives/doclaynet_test_7067e25596f2e198ea3e.png,test,doclaynet:FMVtr_1973.pdf,3,narrative_document,0,doclaynet,laws_and_regulations,german_laws,FMVtr_1973.pdf,0,b7188c941a031471e80d9970c20287fbdfb2918ad1e1a3abc975a7f222800033.png,77243df74ae80a8f4e0435005b154ac949d4f00b7cdbe7889aab61cf28105385
data/raw/doclaynet_hard_negatives/doclaynet_test_ae87a0e4e24a461a5f16.png,test,doclaynet:uksi_20200471_en.pdf,3,narrative_document,0,doclaynet,laws_and_regulations,gb_laws,uksi_20200471_en.pdf,7,a8e3eda277043c7478bc690c8ce1575d00b8392d67ca931d5099f6ff32cd4f3f.png,0cc2a8e062682145fecf6d6c867ef864df051e86271a8eb31f40b675aa732b93
data/raw/doclaynet_hard_negatives/doclaynet_test_70598f57351a56266fd5.png,test,doclaynet:s24Bc003781002en13.0_r01C168.pdf,3,narrative_document,0,doclaynet,laws_and_regulations,japanese_laws,s24Bc003781002en13.0_r01C168.pdf,51,3667b01d7ac01e63711d8ee392c649754d59f61e382fd682408885b5f1d1488a.png,2d7c5439f331594630f440e286604cde8a7fb524567b0a83c358fdbdc0cd3839
data/raw/doclaynet_hard_negatives/doclaynet_test_7998279a2eb34527a645.png,test,doclaynet:20040512-RA-9296-GMA.pdf,3,narrative_document,0,doclaynet,laws_and_regulations,philippine_laws,20040512-RA-9296-GMA.pdf,0,b5b3351801fb2983cdb837b8bf5b9c87914ffb3514f488137a0d6dce25893c0a.png,d96de3c9129ad215e76724b678f2b291ad5cea97005d587cd90963f7b45df34a
data/raw/doclaynet_hard_negatives/doclaynet_test_10aa803bf5869d8e91c8.png,test,doclaynet:FABaumPflPrV.pdf,3,narrative_document,0,doclaynet,laws_and_regulations,german_laws,FABaumPflPrV.pdf,0,62fedf68921d279002ade66bdb54dcaf5f5ab2eb3f4c546fa3156cbe00555404.png,42cee1367e16d97de6c0b643ea3a7a00744fe7c2ffc3da75b8bb3e9c228bce9e
data/raw/doclaynet_hard_negatives/doclaynet_test_f3761a4ba59eddf714b9.png,test,doclaynet:uksi_20200468_en.pdf,3,narrative_document,0,doclaynet,laws_and_regulations,gb_laws,uksi_20200468_en.pdf,7,b54dd16e15d24c9615ddf4979982bd0124874b50aeccb39e17306e277ac6bd26.png,e809a0507613928fd254e5e8b3c8065ab07801dd80d55ff6d0f69a47ddd9bd81
data/raw/doclaynet_hard_negatives/doclaynet_test_b4831f077ed2065b1d94.png,test,doclaynet:uksi_20200438_en.pdf,3,narrative_document,0,doclaynet,laws_and_regulations,gb_laws,uksi_20200438_en.pdf,3,7e7484f2b288ecf69645e4f4139e5d21b4bb6feaee9d70789abe5a1626a4686b.png,0f0ea36e7e26f886c756d589b5580dc1213071b9d5ebdb9f805d2cddc3948a7e
data/raw/doclaynet_hard_negatives/doclaynet_test_1ed869b6f09b4fb7b018.png,test,doclaynet:FStrPrivFinG.pdf,3,narrative_document,0,doclaynet,laws_and_regulations,german_laws,FStrPrivFinG.pdf,0,bf8b6658d72622cf54a5491290fcbd7afbc03cc6bf8614f520e407baf047011b.png,2f3a92a513a4a01b2e244ad19c4541fb7f0fa875c10b410458ab69777ce515a7
data/raw/doclaynet_hard_negatives/doclaynet_test_9053e6e3cf466080936c.png,test,doclaynet:uksi_20200199_en.pdf,3,narrative_document,0,doclaynet,laws_and_regulations,gb_laws,uksi_20200199_en.pdf,1,ad2931edb332653f0f5ba66b9eb3e60b87707b506375e74e0b42429740306128.png,7a80db38d29c7d549bd7af4d606853743d6563a4d03d23123ef1c73b029cf380
data/raw/doclaynet_hard_negatives/doclaynet_test_9a13ebce55257349220b.png,test,doclaynet:uksi_20200433_en.pdf,3,narrative_document,0,doclaynet,laws_and_regulations,gb_laws,uksi_20200433_en.pdf,1,7272f2319fdabbd80dd0251d85dec8f3369fbc19ec6ccfd44909f3e35368d8e8.png,08e436434a8d083486864f11ba22bdea357e2b8af13d7e15ea29358f8d3b5f00
data/raw/doclaynet_hard_negatives/doclaynet_test_3af2b2d45f231ca341e0.png,test,doclaynet:FzMechAusbV.pdf,3,narrative_document,0,doclaynet,laws_and_regulations,german_laws,FzMechAusbV.pdf,3,7526f675244aee850c27c0379aa42254443056b759c6c10328ce0161aaa0ff3c.png,0c2650ded6a8331105d645d15515d0901e31fe377e2dda26cbb4eb55d6bf3174
data/raw/doclaynet_hard_negatives/doclaynet_test_6de5ffe5c007932e8559.png,test,doclaynet:uksi_20210538_en.pdf,3,narrative_document,0,doclaynet,laws_and_regulations,gb_laws,uksi_20210538_en.pdf,1,65ded3992b6b8ebf694e9d6e411c3ae38bd6f2afc4d0bf4ddb2580414db3c355.png,05cc0d613ff10d9defac075e98c289392a91f0f171657099c5969120ac92629b
data/raw/doclaynet_hard_negatives/doclaynet_test_e3347a45d42a2c5925ae.png,test,doclaynet:uksi_20200434_en.pdf,3,narrative_document,0,doclaynet,laws_and_regulations,gb_laws,uksi_20200434_en.pdf,1,46f1d328c09ca3cbfe683d938b7e1c6d00924492ee959112b55b4124d14f3ea4.png,dd441e567f0a0391ca03cf5dd43e8c1106c43baa99eda312c40f1a19ef378be0
data/raw/doclaynet_hard_negatives/doclaynet_test_b789e1b0a3bf8606b5bb.png,test,doclaynet:FStrBAG.pdf,3,narrative_document,0,doclaynet,laws_and_regulations,german_laws,FStrBAG.pdf,0,7c8d09cf8373ec33c62ffce304fb2b2b1eaa0173de40d98712244761714f5ac2.png,9b91aad179ea141fa7d91f30b71a96a478a5c5a6db4013571e327d0d201fbb7b
data/raw/doclaynet_hard_negatives/doclaynet_test_62e55bba5a9456379f29.png,test,doclaynet:uksi_20210577_en.pdf,3,narrative_document,0,doclaynet,laws_and_regulations,gb_laws,uksi_20210577_en.pdf,1,a1f8e7a937524e24d308a62296436f7c6dbbfc4b1b12381913e6486ec6e6898a.png,9646c3aad82397290738dd7291a5c4aaa7de605ee186bd68f5a182b0628d4499
data/raw/doclaynet_hard_negatives/doclaynet_test_d1660b98fbaf17ed9fb8.png,test,doclaynet:PLAW-116publ30.pdf,3,narrative_document,0,doclaynet,laws_and_regulations,us_laws,PLAW-116publ30.pdf,0,ff69aaffb9dcb6b8b682804fff48a54d96bf2d594ecae9749835dc048769213f.png,768b189001bb510b1517e5a22feac3679239ae6885b72e120afa06ae8f70974d
data/raw/doclaynet_hard_negatives/doclaynet_test_8a1518302e2afc4507a5.png,test,doclaynet:uksi_20200412_en.pdf,3,narrative_document,0,doclaynet,laws_and_regulations,gb_laws,uksi_20200412_en.pdf,0,477a76933cd1bf277e0b316f6427269721a7aecc22296f81353468f3b0e7b103.png,b6fcc8231abb69f15df165724d4451ecb85190066a2791be88f15dfb256e50e2
data/raw/doclaynet_hard_negatives/doclaynet_test_1b9a8557bafa1b271241.png,test,doclaynet:FSBeitrV.pdf,3,narrative_document,0,doclaynet,laws_and_regulations,german_laws,FSBeitrV.pdf,22,138ca24fd799e92e0cb610108eb58736354e6c852fd97978f106c8a3825455bc.png,c7e3d5901b91c10f84e29fe87ddd18ea89dd437642992e60c57ccc93d285ffa3
data/raw/doclaynet_hard_negatives/doclaynet_test_b7d1060e850f2c97a775.png,test,doclaynet:FinStabDEV.pdf,3,narrative_document,0,doclaynet,laws_and_regulations,german_laws,FinStabDEV.pdf,0,b750fa05ed1bf24cdccb6c0026bb46dbb585a79a934996414d1b7d4015464b11.png,9e56d845b2f7dd6372099621091b7e960ffa32ec03366b1bf1fe4f9c9f7531ec
data/raw/doclaynet_hard_negatives/doclaynet_test_0834fea0810520d9eb65.png,test,doclaynet:Botswana-constitution.pdf,3,narrative_document,0,doclaynet,laws_and_regulations,botswana_laws,Botswana-constitution.pdf,34,d19567f1e6f40c29554c32ff9a0c853005c9fd51bce0f6f93ff7b8886b4bf1b0.png,30b88e60518ec943a3a2b1cbd27b5c8c9cf7a9f2d7a3f85fd8a90ea679ae48ca
data/raw/doclaynet_hard_negatives/doclaynet_test_dba087bcfbf55ce6d882.png,test,doclaynet:cug-complete.pdf,3,narrative_document,0,doclaynet,laws_and_regulations,faa_regulations,cug-complete.pdf,75,f746cc7de6dd3809845f6d0c881577f6b9282c91c866246fda77c8b0bcb7a535.png,168cbea03ac0907dbdd43d87507761faee4e0b1a420d455674ea9335e6aa8a07
data/raw/doclaynet_hard_negatives/doclaynet_test_e4ab56af697ec811cd7b.png,test,doclaynet:FloristMFPrV.pdf,3,narrative_document,0,doclaynet,laws_and_regulations,german_laws,FloristMFPrV.pdf,7,9c989101d58199a52e185ea03be0456ebc7eef3a534431e640b82b35c8a15dc1.png,1ae3f88ac5689f848afd2d188e17650ce53eae3179962b389d6ffb8abe21d210
data/raw/doclaynet_hard_negatives/doclaynet_test_776a759e43d36183cd37.png,test,doclaynet:FANG.pdf,3,narrative_document,0,doclaynet,laws_and_regulations,german_laws,FANG.pdf,3,cfa3052ff79548db033e28ff2b9596d075673d4fc4c23dd027ec9ac42c7f28a2.png,835711cb34c45f9d1f1898da42f1d49f93550795bcd31b24f9828d09321618e4
data/raw/doclaynet_hard_negatives/doclaynet_test_5bec87ba78451dc05239.png,test,doclaynet:uksi_20210582_en.pdf,3,narrative_document,0,doclaynet,laws_and_regulations,gb_laws,uksi_20210582_en.pdf,64,9077474a1e7dccbe8952537abd87f14fcabc708581b1f08d962cd9200f90c94c.png,cf350bbc20e1a86972a80079653f648174925ae66bd783f74f741c6940db86cf
data/raw/doclaynet_hard_negatives/doclaynet_test_c37d72c4c1464fe1312d.png,test,doclaynet:PLAW-116publ28.pdf,3,narrative_document,0,doclaynet,laws_and_regulations,us_laws,PLAW-116publ28.pdf,1,df847aacd0d0f6dbe3a22cc14a42a4b246eecab6d69a11c880ccb83d779c950a.png,34fe8b18878c6576cc78d3fd40099ab2555de6e8f8ccd453a90a7f33ae46790f
data/raw/doclaynet_hard_negatives/doclaynet_test_f199cc1461bcba73df14.png,test,doclaynet:FinaRisikoV.pdf,3,narrative_document,0,doclaynet,laws_and_regulations,german_laws,FinaRisikoV.pdf,14,4bd85888236e9ef4d2b70d52f72cb6c11c4c8329b4e54097ec4754d427f4d5cf.png,9a4511b097572e0b690a09fb7b18af6ec6db3dfff81bf3aaf9f3bbec30cdd7dd
data/raw/doclaynet_hard_negatives/doclaynet_test_f40d1f6e89f84a3e2922.png,test,doclaynet:uksi_20210522_en.pdf,3,narrative_document,0,doclaynet,laws_and_regulations,gb_laws,uksi_20210522_en.pdf,1,710f18009fec8e9ba6131866341825eeb4b63be6b62f8ebf2dfaac471a919fa9.png,b69224226b81e1bc4f756d980a7ca9039efbd7a99247c87ed1af9e4ad9842a8b
data/raw/doclaynet_hard_negatives/doclaynet_test_8c4e0b14045ae7380a86.png,test,doclaynet:FeuAO.pdf,3,narrative_document,0,doclaynet,laws_and_regulations,german_laws,FeuAO.pdf,0,b37a76240e3dedd1d870d4526c8a9031ab949ba116ad9b0bae5b6afcda208f2e.png,eb1537370236290260b06116fa9b27b06827ce53039e4b543878d76db3624d42
data/raw/doclaynet_hard_negatives/doclaynet_test_15267799cce76125b1d2.png,test,"doclaynet:Presidential Decree No. 1067, s. 1976 | Official Gazette of the Republic of the Philippines.pdf",3,narrative_document,0,doclaynet,laws_and_regulations,philippine_laws,"Presidential Decree No. 1067, s. 1976 | Official Gazette of the Republic of the Philippines.pdf",1,de05256de9ae3327b4cf6a06c6cbc891041e1b3b5fec2070015a83c864c83cd5.png,17e6bd0cabb35596edea630f0eea7a5b16ffba091a5c8de528ba1fb4ad91f14d
data/raw/doclaynet_hard_negatives/doclaynet_test_6227ac6cfd4493e55034.png,test,doclaynet:wang_luo_an_quan_fa_cybersecurity_law_.pdf,3,narrative_document,0,doclaynet,laws_and_regulations,chinese_laws,wang_luo_an_quan_fa_cybersecurity_law_.pdf,2,5c5d5148609e4c40cf30e2c3f178a1fb249605753357ca7d9083be91ddad2508.png,47004edbfcf4ac064ebfe777c4eb351fcf35f1ec390ce314068f1d1f1c8ddebe
data/raw/doclaynet_hard_negatives/doclaynet_test_9f78d9e0fe083c280639.png,test,doclaynet:00-80T-80.pdf,3,narrative_document,0,doclaynet,laws_and_regulations,faa_regulations,00-80T-80.pdf,39,7e0b5ee75bb64c77b06c1220fdc1a5b085c3ff091d6fb64bb88c586badedf294.png,36ee26207f2d94d19f4387fc51a013336a9ba58f582ced5c5f2d263b2491319f
data/raw/doclaynet_hard_negatives/doclaynet_test_5e62efcce15570a86012.png,test,doclaynet:0001202012210122.pdf,3,narrative_document,0,doclaynet,laws_and_regulations,russian_laws,0001202012210122.pdf,23,830bb4631751ec3baf23b845d0216443ca36774af6155723fc6a881532adfa96.png,41d5be453da8385dc74710bb1c3ca52d1e7e7cb908e7cf5b3b18758364ef01b5
data/raw/doclaynet_hard_negatives/doclaynet_test_0fd967ca4a24a28cc5ec.png,test,doclaynet:uksi_20200169_en.pdf,3,narrative_document,0,doclaynet,laws_and_regulations,gb_laws,uksi_20200169_en.pdf,1,234dcdca7b42d65e8d2b9db614699a39a8c4ddede32e9b52f98551617553f365.png,8e1738a82f3f4db24e62cc758b082964a544ae93c315c4aaad31fb4846ba2d4b
data/raw/doclaynet_hard_negatives/doclaynet_test_f5f50c74434dccd9ffaa.png,test,doclaynet:uksi_20210574_en.pdf,3,narrative_document,0,doclaynet,laws_and_regulations,gb_laws,uksi_20210574_en.pdf,1,ca8b2a67ce72161aa713f2c20022d4ce6a005a1a8ea3ba3ef2143afebefd03c1.png,b6ddfd3dd9dede792284c809ac60c6f897513e2da44647322bb1d9ad0af496dd
data/raw/doclaynet_hard_negatives/doclaynet_test_f2e2ff07453ba000f7e0.png,test,doclaynet:uksi_20200471_en.pdf,3,narrative_document,0,doclaynet,laws_and_regulations,gb_laws,uksi_20200471_en.pdf,5,a1ff21677d115c8aaacb6a2f0e795213b4183bcf9d7dad3aedcf90b595e5207f.png,3351a35a2e28be741049bff689803bbbac1ad39e0900b8a9c5e3e8d385ad5e35
data/raw/doclaynet_hard_negatives/doclaynet_test_dd7433cf99e34f3b89ed.png,test,doclaynet:s24Bc003781002en13.0_r01C168.pdf,3,narrative_document,0,doclaynet,laws_and_regulations,japanese_laws,s24Bc003781002en13.0_r01C168.pdf,27,675bdee15957d222678cb6aa6b547c9a73fcfed62730fa7ab31b27c295e7026d.png,2883773df03cc245b9be8a5f8c0ee4138e27c5553b252a37230668f00de707f9
data/raw/doclaynet_hard_negatives/doclaynet_test_c2f79a1a2c4fa11a25f4.png,test,doclaynet:FABaumPflPrV.pdf,3,narrative_document,0,doclaynet,laws_and_regulations,german_laws,FABaumPflPrV.pdf,4,56808da3cf7c720e2165df3d5406e6c046cbefe8893c101ee787918c54c02815.png,2b634be0310dcad6aa2845347ccd9db35d4d2608e60bb1b053f9313548f40cfd
data/raw/doclaynet_hard_negatives/doclaynet_test_835f449c99174b7b97de.png,test,doclaynet:uksi_20200468_en.pdf,3,narrative_document,0,doclaynet,laws_and_regulations,gb_laws,uksi_20200468_en.pdf,4,4a0258ed64207da437b542557c2c40de1b7954549da771a58f7160b8673146e6.png,8c8440c2eb4f2ff1ea5f9bba7d6232d17b94c26c3d9de6ab10142d0c9ba76d8f
data/raw/doclaynet_hard_negatives/doclaynet_test_bd0702df79cc80ec83c5.png,test,doclaynet:EN-c4g annexivfinoffer en.pdf,2,structured_document,0,doclaynet,government_tenders,eu_tenders,EN-c4g annexivfinoffer en.pdf,0,1e18f9b25788714298016e62a6a9129b69dbf627aeb0d6683d731a9baa955414.png,fff727298dd0e68b6de0d2ea755595696b892025d0d4a530186fea15f001c6b9
data/raw/doclaynet_hard_negatives/doclaynet_test_07d89b8d735950ea57b0.png,test,doclaynet:EN-Draft FWC for services 0142.pdf,2,structured_document,0,doclaynet,government_tenders,eu_tenders,EN-Draft FWC for services 0142.pdf,5,ead36d31f9ba11f88651ec6b03c509d0cc7e5f9c3815d22d3702242447cbc7d8.png,045b06eed45dd9f008dceda565a0f669077012abffd83c63132e0ca1a5692d5a
data/raw/doclaynet_hard_negatives/doclaynet_test_3a5ba9918caea7052735.png,test,doclaynet:EN-Draft contract.pdf,2,structured_document,0,doclaynet,government_tenders,eu_tenders,EN-Draft contract.pdf,26,ab7652088c1d86b1fcf191f07c7802e1261d17f1903c32de7a495e0c66ed5b2d.png,a302043157e6cb90bf5916067cd194826e7c0fad3a103b2c716f5d56dd215098
data/raw/doclaynet_hard_negatives/doclaynet_test_2d4944b97f879ff57c16.png,test,doclaynet:EN-Procurement Document 3 - General Administrative And Submission Clauses (GASC).pdf,2,structured_document,0,doclaynet,government_tenders,eu_tenders,EN-Procurement Document 3 - General Administrative And Submission Clauses (GASC).pdf,11,f80f080c514f8bf0f50b2449e28dfd7e86d197cebc213a6245cf859823a2bf0f.png,c0ce4a1c147f0d5ac6c6cfcdce7f3854b93a2f01c1b853bf6182eb1fb65a827f
data/raw/doclaynet_hard_negatives/doclaynet_test_a446455099ddb6ccd550.png,test,doclaynet:Auftragsbekanntmachung_National.pdf,2,structured_document,0,doclaynet,government_tenders,bavaria_tenders,Auftragsbekanntmachung_National.pdf,1,a1e5e515d5c812b303dab561095ccc7c54dd9a28c26f2b4d5b7a7c03d40928b9.png,3ad97eb0fc6d89741eef910a931177b81a8f4e19f32f35471b97a594c5feb15a
data/raw/doclaynet_hard_negatives/doclaynet_test_08cf6d3e1eeaed969326.png,test,doclaynet:EN-c4l tenderform en.pdf,2,structured_document,0,doclaynet,government_tenders,eu_tenders,EN-c4l tenderform en.pdf,4,34667f34d1c44e7fd69a808beb05478a472f53c458ef70724547d91bc90fb869.png,b45cd8d0a4680c50d1400320f74d0870276015c08fa57cf6c558d0a8cc30adba
data/raw/doclaynet_hard_negatives/doclaynet_test_42d1505bc7698eb9075b.png,test,"doclaynet:EN-Technical Annex A_DPR_12924-Lot 1, Tasks and DL table.pdf",2,structured_document,0,doclaynet,government_tenders,eu_tenders,"EN-Technical Annex A_DPR_12924-Lot 1, Tasks and DL table.pdf",4,4c5dedc0b74edb7465f7fe97129a83fe403531bdbfec6a17962fe6d25c15f92b.png,7cc88cbf4a352dbc511735b8e71108f84c6e5930cbacbe8a65e6371293f0915f
data/raw/doclaynet_hard_negatives/doclaynet_test_ee830678965a8c64b86d.png,test,doclaynet:EN-Lot1 Lot2 Vol1 Sec5 d4l admingrid en.pdf,2,structured_document,0,doclaynet,government_tenders,eu_tenders,EN-Lot1 Lot2 Vol1 Sec5 d4l admingrid en.pdf,0,fcff4bd12bd0f21b4501ce6015dfe8b6f42f5b6a100f950d801f0aaf16071b00.png,4c054ed1e671cc1f101c748169ed1f1e8eda0d1f8c9735bb62fbe3fcbc36ba1e
data/raw/doclaynet_hard_negatives/doclaynet_test_45679c69e036e751f656.png,test,doclaynet:EN-Changes No 1 to TD.pdf,2,structured_document,0,doclaynet,government_tenders,eu_tenders,EN-Changes No 1 to TD.pdf,1,640947997c30fc0a448c5917c8eeb5a3cbe5370efc4982f2533e1b105d7ccc6f.png,8a46baad4d5225d1680fc5c118293d514bec2295c2b7e2af6ee5d729d89fed61
data/raw/doclaynet_hard_negatives/doclaynet_test_27ba68e58724d120c160.png,test,doclaynet:EN-AA-000799-002-D-01_TACONT draft.pdf,2,structured_document,0,doclaynet,government_tenders,eu_tenders,EN-AA-000799-002-D-01_TACONT draft.pdf,2,b3c7dc1264e1b6650812992fe24740e249cbf57c3f095427384bd44fa45610e6.png,b6dfe8be73f7c7d5c490c1c1fd2dfeeca6bec59908edc8d38cbb820ec071485b
data/raw/doclaynet_hard_negatives/doclaynet_test_97e6e4bb6e714e54422a.png,test,doclaynet:EN-Annex 2.1 - Overview of components.pdf,2,structured_document,0,doclaynet,government_tenders,eu_tenders,EN-Annex 2.1 - Overview of components.pdf,3,5b9c87b53f31cc7275f9378583d351859a0f5899e3afaac6e0b51e25a89140eb.png,1d304e874d515ceb95ad5c126da36ff06e176778de6ce712462d3bda5b52f40e
data/raw/doclaynet_hard_negatives/doclaynet_test_21613a2fa75eb03aafec.png,test,"doclaynet:EN-Annex II - EU-OSHA websites, SM accounts and tools.pdf",2,structured_document,0,doclaynet,government_tenders,eu_tenders,"EN-Annex II - EU-OSHA websites, SM accounts and tools.pdf",1,f1a7d4bf7e565c46fb9ba610d718eae24318a6d4e550c53eec80956d2ba800f2.png,82f7fedae62a06c3f93edb9742e0fec892133ce29bc680307c16b8e12f47198b
data/raw/doclaynet_hard_negatives/doclaynet_test_71bcb56875eaeba26fc7.png,test,doclaynet:FR-Projet de contrat-cadre 18-05-21.pdf,2,structured_document,0,doclaynet,government_tenders,eu_tenders,FR-Projet de contrat-cadre 18-05-21.pdf,43,dc8eb2e231f166ab0b59cf1dcfe5c1737d249549fdaa1cf168023e0618f950e0.png,77f0cdd22fcbcdb519f44fb1e91b69336b19c6697ac1fa04e4ec179adc401315
data/raw/doclaynet_hard_negatives/doclaynet_test_242f62dce563ca00bd1d.png,test,doclaynet:EN-AA-000799-002-C-07_TAGUA EN.pdf,2,structured_document,0,doclaynet,government_tenders,eu_tenders,EN-AA-000799-002-C-07_TAGUA EN.pdf,0,897f11637447c85dc787678d97428a7733736b7da11e65fadbeb92c3f11239ca.png,a8899de7458c4d4f3f8d70b4dc1cbdf91adff807489b111f0376ffb7b1ef8ddd
data/raw/doclaynet_hard_negatives/doclaynet_test_309b1405acf027c1ca07.png,test,doclaynet:EN-01. Invitation to Tender e-submission_F-COD-20-T03.pdf,2,structured_document,0,doclaynet,government_tenders,eu_tenders,EN-01. Invitation to Tender e-submission_F-COD-20-T03.pdf,1,14654fbc59c74412a4251f06820ab30b096722f9cc41e15103024d10f5693503.png,1041efcea880f9ae437f736c7e3c295085a5864239567faabcbdcfba2ee17305
data/raw/doclaynet_hard_negatives/doclaynet_test_1e9855dabc17d285debe.png,test,doclaynet:EN-ECHA2020_666_Tender Specifications_002.pdf,2,structured_document,0,doclaynet,government_tenders,eu_tenders,EN-ECHA2020_666_Tender Specifications_002.pdf,50,20b1b94994d3eede1d17976ada9d35775ba26eb2f27c74124d2f0ccf783b57b1.png,08a7759bb0d4c44b2b44eb03d5a0ac716fca02f8e5a482d6b2724b8dd0a39821
data/raw/doclaynet_hard_negatives/doclaynet_test_669e8740510c20426507.png,test,doclaynet:EN-c4g annexivfinoffer en.pdf,2,structured_document,0,doclaynet,government_tenders,eu_tenders,EN-c4g annexivfinoffer en.pdf,3,22390bae2f18370f308ddf626a935c6c758b8de2f1d45951fc9c244565ec14b9.png,b918a9d298e0f2cb80e5f8edb6bca26d686f1012dde3bd8e50b3e76764e2a01e
data/raw/doclaynet_hard_negatives/doclaynet_test_bd5c9b40b568659f9677.png,test,doclaynet:EN-Draft FWC for services 0142.pdf,2,structured_document,0,doclaynet,government_tenders,eu_tenders,EN-Draft FWC for services 0142.pdf,36,b2dedeb8b95fda4196185909b450168f5721f1f4e0066dbe677e53db143c6bf4.png,0ff05b355bd71cdb173da7ed8e8cacf9483024907303c026b26ee8fd7fd92371
data/raw/doclaynet_hard_negatives/doclaynet_test_48cf899873e00352287a.png,test,doclaynet:EN-Draft contract.pdf,2,structured_document,0,doclaynet,government_tenders,eu_tenders,EN-Draft contract.pdf,4,64d2584276761a2d2b4060fbd39d10fbb674e4405def325d3d23bbb147d2914e.png,fbd31fa40600b6378eb868c32d42b8461d49db9dd463848be902f5623fc60088
data/raw/doclaynet_hard_negatives/doclaynet_test_1413d93932d58c7ba9d4.png,test,doclaynet:EN-Procurement Document 3 - General Administrative And Submission Clauses (GASC).pdf,2,structured_document,0,doclaynet,government_tenders,eu_tenders,EN-Procurement Document 3 - General Administrative And Submission Clauses (GASC).pdf,15,30efafcddc6c0b9e7a222a3fb31b5aebc85a9c67c511b88faae7be07cebfeb7d.png,ccf197f9e05b74eddce5efd0385f501628a29baff72d63ea1f1504a78bf92290
data/raw/doclaynet_hard_negatives/doclaynet_test_c3dd2ec761a8511242f2.png,test,doclaynet:Auftragsbekanntmachung_National.pdf,2,structured_document,0,doclaynet,government_tenders,bavaria_tenders,Auftragsbekanntmachung_National.pdf,2,30613b728f6dd7ec88b198b610b169f799b654bdf20ee94c88eeaa1215bf446a.png,e7e76ce36233438a19e0d8c4e6695fec638ca854eb0f30a393851a78eeedd8c5
data/raw/doclaynet_hard_negatives/doclaynet_test_33202738c55a1fa009a0.png,test,doclaynet:EN-c4l tenderform en.pdf,2,structured_document,0,doclaynet,government_tenders,eu_tenders,EN-c4l tenderform en.pdf,8,36f49ef1c433eec49533e1e01e2db6cd5cb60d0aeaf500987ad01411d9fd8395.png,5568a3eea31389a2be3b7598e7bff63a4ea0b68bb08506fb437721e4bf7d00c4
data/raw/doclaynet_hard_negatives/doclaynet_test_bda37bc55823ef25f3ad.png,test,"doclaynet:EN-Technical Annex A_DPR_12924-Lot 1, Tasks and DL table.pdf",2,structured_document,0,doclaynet,government_tenders,eu_tenders,"EN-Technical Annex A_DPR_12924-Lot 1, Tasks and DL table.pdf",0,91e7b212a78d38c2860025faf644b6e20de9ac84681dd43814cc94a740bfbf83.png,458f278b9b92a1caa39d2b65ca224f6fb386cbe0d5745a246a358a77f74c7f3d
data/raw/doclaynet_hard_negatives/doclaynet_test_2aa284890559d315972a.png,test,doclaynet:EN-Lot1 Lot2 Vol1 Sec5 d4l admingrid en.pdf,2,structured_document,0,doclaynet,government_tenders,eu_tenders,EN-Lot1 Lot2 Vol1 Sec5 d4l admingrid en.pdf,1,59c68f2d9fa7e76e0dc46448103c869b9d62aaf40a66e6d0dff6fcf6a3998363.png,d53c3c54a71c2a107ac282e455c922cb7f8a0ec18ef0b3d7d72b957a324bf400
data/raw/doclaynet_hard_negatives/doclaynet_test_68cab75ccc73b83b5d00.png,test,doclaynet:EN-Changes No 1 to TD.pdf,2,structured_document,0,doclaynet,government_tenders,eu_tenders,EN-Changes No 1 to TD.pdf,0,a3157b0fa99835e31ab2ead51fbfa1adf42bc6090b7d77aed0379ff98f94fd93.png,81eead12599f7deb23df95592b2c9b1b4b4df200aa903c61d8a8d155739f4238
data/raw/doclaynet_hard_negatives/doclaynet_test_a59a6c42b399ba979550.png,test,doclaynet:EN-AA-000799-002-D-01_TACONT draft.pdf,2,structured_document,0,doclaynet,government_tenders,eu_tenders,EN-AA-000799-002-D-01_TACONT draft.pdf,1,01a48e8e2e1ce5f3c701372197c3fc8d4b968f5ec2201776dc6bae62d43a0541.png,38d1fab9cf59b5056a46aea9fd12f6709f2133568087e7b17bf2f38875c32c5c
data/raw/doclaynet_hard_negatives/doclaynet_test_d4a2c6775a78a9701ccb.png,test,doclaynet:EN-Annex 2.1 - Overview of components.pdf,2,structured_document,0,doclaynet,government_tenders,eu_tenders,EN-Annex 2.1 - Overview of components.pdf,1,d87d58a4730abd08066cdb0e70cb28ad735fa5a740b17c75c4cb850d5e6fb41f.png,bf5cc795a645ede7d2453617a7cf25ef8378e0296601e939cf42f39ec0410e41
data/raw/doclaynet_hard_negatives/doclaynet_test_618676d3448cdf05c8c9.png,test,"doclaynet:EN-Annex II - EU-OSHA websites, SM accounts and tools.pdf",2,structured_document,0,doclaynet,government_tenders,eu_tenders,"EN-Annex II - EU-OSHA websites, SM accounts and tools.pdf",0,ccba8934a032d6eb61b7f71fd87c98e16e4f732a043e030bdd30b1141a8d7ac4.png,8267cfc313c47148799f9ce1a26b3d2eed182d3aa89336ae12f9cafec910b1d7
data/raw/doclaynet_hard_negatives/doclaynet_test_6c278a306a0a0c3ea060.png,test,doclaynet:FR-Projet de contrat-cadre 18-05-21.pdf,2,structured_document,0,doclaynet,government_tenders,eu_tenders,FR-Projet de contrat-cadre 18-05-21.pdf,11,36d18d49bf3efeee57b771a8cd1e25aa54018fa9f7f498f68ff18652b1fc3c3c.png,9dbfc599c66d620a01dbfe2facab1b580f19a546a438600f4ecb7647947f2c22
data/raw/doclaynet_hard_negatives/doclaynet_test_b6604d25a6a86c23244f.png,test,doclaynet:EN-01. Invitation to Tender e-submission_F-COD-20-T03.pdf,2,structured_document,0,doclaynet,government_tenders,eu_tenders,EN-01. Invitation to Tender e-submission_F-COD-20-T03.pdf,4,149e13c5815db5231b357d5cd2691e9d0460155f05399e6c5da72ec4be34a967.png,8d4a76597f25b4b1626b82378435ad022eb8e97288e58c286e70860ed2ae8e23
data/raw/doclaynet_hard_negatives/doclaynet_test_8e13823ba9baddb4abbf.png,test,doclaynet:EN-ECHA2020_666_Tender Specifications_002.pdf,2,structured_document,0,doclaynet,government_tenders,eu_tenders,EN-ECHA2020_666_Tender Specifications_002.pdf,1,b6bb5da6390bd0c8f70d737e9f581e0ebca0fd602862c0ce1103472b26ec384f.png,e4d81545fb4b609464c969329f853ecd38572ca79fc6ec9f4101ee151578d49c
data/raw/doclaynet_hard_negatives/doclaynet_test_db5c1f535737ccb14bdf.png,test,doclaynet:EN-c4g annexivfinoffer en.pdf,2,structured_document,0,doclaynet,government_tenders,eu_tenders,EN-c4g annexivfinoffer en.pdf,1,6b269b180074b6989d3b1380c3fe5476a6b7e946e03454eeab8369e4ec7082af.png,63f8e5242399443785e08b95856959977be8d8bb0342b36912a3a7763dafbedf
data/raw/doclaynet_hard_negatives/doclaynet_test_965707c1713eacfd4fca.png,test,doclaynet:EN-Draft FWC for services 0142.pdf,2,structured_document,0,doclaynet,government_tenders,eu_tenders,EN-Draft FWC for services 0142.pdf,29,e34aba34a5587ab3f965c0b2ccc5d41f7f0b37240f1c6cbe4f5c393d44b0310e.png,dcc01390181519d6c42e9eb3207ec61713e59b24c18aae30409016ad996b3ede
data/raw/doclaynet_hard_negatives/doclaynet_test_cefd5419fa2eeeabb552.png,test,doclaynet:EN-Draft contract.pdf,2,structured_document,0,doclaynet,government_tenders,eu_tenders,EN-Draft contract.pdf,2,acdbbb87bda91abbb08dbf8f73bfbf24aede8359850e0091e76a80201861e4ed.png,a67507a3154776fb1587fb6915bab3d622f6e32233a81a608792f63de9bb5217
data/raw/doclaynet_hard_negatives/doclaynet_test_b5c4756f85c2236e6436.png,test,doclaynet:EN-Procurement Document 3 - General Administrative And Submission Clauses (GASC).pdf,2,structured_document,0,doclaynet,government_tenders,eu_tenders,EN-Procurement Document 3 - General Administrative And Submission Clauses (GASC).pdf,7,17292a4a3fff554d4e9b850eded86372af9b0c3f9c471fbe9fa4fb1bf279bb92.png,ef572bca0915ba7e634cd1e47884dce4bc02279a52daeccbfe707f77503ac372
data/raw/doclaynet_hard_negatives/doclaynet_test_0ed166e212b4ef9a5ae2.png,test,doclaynet:Auftragsbekanntmachung_National.pdf,2,structured_document,0,doclaynet,government_tenders,bavaria_tenders,Auftragsbekanntmachung_National.pdf,0,a32681fb259e09ab5d1aada72033cd4bf03ee8de7d7bc8beacea835c63ffea77.png,67158719478866ceb53730742c83b54b7ed28b0530d46c8c6b8b5b121864cbc7
data/raw/doclaynet_hard_negatives/doclaynet_test_e917fafd21717954fbbf.png,test,doclaynet:EN-c4l tenderform en.pdf,2,structured_document,0,doclaynet,government_tenders,eu_tenders,EN-c4l tenderform en.pdf,1,c38f6b4ce319900dc2aa226112fa5a720becd83d20b1760800ad15f36cb5c442.png,48688f12987771a2096f46f500a5736f7d68daf4a6c89ab2e6a290edfc798fdc
data/raw/doclaynet_hard_negatives/doclaynet_test_a4b6350aeee0a4c44397.png,test,"doclaynet:EN-Technical Annex A_DPR_12924-Lot 1, Tasks and DL table.pdf",2,structured_document,0,doclaynet,government_tenders,eu_tenders,"EN-Technical Annex A_DPR_12924-Lot 1, Tasks and DL table.pdf",12,8a2e2aecd66fb6d6506dd4d70b9efbc6bbba2da19dc6cb724ad8b2e3e06b2741.png,6873e7bb075f283397c2ee1438a204592c4dce3ee1282f72e6312770cba27638
data/raw/doclaynet_hard_negatives/doclaynet_test_9e22db804be0e5b24e63.png,test,doclaynet:EN-AA-000799-002-D-01_TACONT draft.pdf,2,structured_document,0,doclaynet,government_tenders,eu_tenders,EN-AA-000799-002-D-01_TACONT draft.pdf,3,5f9484d8d6f2739a3874110d7636d31f2080a6850635984e87d5fb959a0f55fa.png,f29f0ecd033545b66fd4120bbfb26b1faf77aec038718039e2173dde0510256a
data/raw/doclaynet_hard_negatives/doclaynet_test_cdc38c79ea466c185655.png,test,doclaynet:EN-Annex 2.1 - Overview of components.pdf,2,structured_document,0,doclaynet,government_tenders,eu_tenders,EN-Annex 2.1 - Overview of components.pdf,5,e34804c973ecbacc67416895bad3b14686c11191fa091deda8d1a538053d2525.png,2a48f93cbf472ac238a4bda8761b48c0fc82bb397524e9a2875c47d15d187b2a
data/raw/doclaynet_hard_negatives/doclaynet_test_32d47435dffdf4de3b8e.png,test,"doclaynet:EN-Annex II - EU-OSHA websites, SM accounts and tools.pdf",2,structured_document,0,doclaynet,government_tenders,eu_tenders,"EN-Annex II - EU-OSHA websites, SM accounts and tools.pdf",3,5ad1181be445f719c2d22d756324177abc72f62b83b0c5c98714db6f116df106.png,bf0d47d7e99ff9b1f4e956b17a5b541d6f0f0b8a9a61bfeb9b5a9fa37ba0e701
data/raw/doclaynet_hard_negatives/doclaynet_test_b98e9d1e4edcb444ba9a.png,test,doclaynet:FR-Projet de contrat-cadre 18-05-21.pdf,2,structured_document,0,doclaynet,government_tenders,eu_tenders,FR-Projet de contrat-cadre 18-05-21.pdf,12,7df83d899a53b726e66f4c8dec6286d915216fd4b67116be9c5075bb55c8f438.png,51eafa6ca0d3f8077d33bcff6b80e08e1d0bf6e52501a0aa85eba8325e852686
data/raw/doclaynet_hard_negatives/doclaynet_test_3f0f609b1d8be5fe34db.png,test,doclaynet:EN-01. Invitation to Tender e-submission_F-COD-20-T03.pdf,2,structured_document,0,doclaynet,government_tenders,eu_tenders,EN-01. Invitation to Tender e-submission_F-COD-20-T03.pdf,2,bd452c9d0249220d33d7f777c386e578ebdbf0220432a3f4c7ddc3ed45bc3827.png,64b6758188ad1bd6d8f75c4f1aa935449c3a8acefcc6d413d5966b7654a1e494
data/raw/doclaynet_hard_negatives/doclaynet_test_f6da07e4d22fa6ea3dc2.png,test,doclaynet:EN-ECHA2020_666_Tender Specifications_002.pdf,2,structured_document,0,doclaynet,government_tenders,eu_tenders,EN-ECHA2020_666_Tender Specifications_002.pdf,42,8d0ae4fd188c9dda4e4322f78bae88f538fcaceb45bef674ee64376f0e622a80.png,63e29629537ec98328a40a111dcc26e0c0a4ab0cda8985fea829364f7af40cc4
data/raw/doclaynet_hard_negatives/doclaynet_test_6399ea09fa221c5ad324.png,test,doclaynet:EN-c4g annexivfinoffer en.pdf,2,structured_document,0,doclaynet,government_tenders,eu_tenders,EN-c4g annexivfinoffer en.pdf,2,2d8f99a213ae764ba0ca4949f93dd6b13a7824304b3c03b7a9c536141274cd3f.png,101ad64f38ee8b123dee60503905fa009b4b06a67ee9f451569c9011f44f019f
data/raw/doclaynet_hard_negatives/doclaynet_test_3a8749636c7285a0a71b.png,test,doclaynet:EN-Draft FWC for services 0142.pdf,2,structured_document,0,doclaynet,government_tenders,eu_tenders,EN-Draft FWC for services 0142.pdf,37,4d95ca8aaf95e4751a78473dba17e0aaeb523c5bbab5fb5329eb9531ca379024.png,f9bf2a71e2a1f2bd32ed5456593d603417316ccd63fc6db17eaf79ff0ef09455
data/raw/doclaynet_hard_negatives/doclaynet_test_2ede55f6d2dc682e326d.png,test,doclaynet:EN-Draft contract.pdf,2,structured_document,0,doclaynet,government_tenders,eu_tenders,EN-Draft contract.pdf,28,06eefd4068bca28e1b0e39a1b5e582a0e1b5641f0f69297bcd70c665e44aba71.png,cbdae71c90372244b6c06975a7a6ea89d741e656739d4d71da68814ff3ffcd7f
data/raw/doclaynet_hard_negatives/doclaynet_test_9fc665e825d6f2f8469c.png,test,doclaynet:EN-Procurement Document 3 - General Administrative And Submission Clauses (GASC).pdf,2,structured_document,0,doclaynet,government_tenders,eu_tenders,EN-Procurement Document 3 - General Administrative And Submission Clauses (GASC).pdf,1,08d3c1c78cdcdf1fb34bad7033bfd469200a874329d74eaa644131edaa6eda28.png,fb902140f396c06bb59c9cb02f31d8b57c7d39c45621f821493cc7cd61ebfd23
data/raw/doclaynet_hard_negatives/doclaynet_test_01e43fdc85ea87f721a0.png,test,doclaynet:EN-c4l tenderform en.pdf,2,structured_document,0,doclaynet,government_tenders,eu_tenders,EN-c4l tenderform en.pdf,2,b21a69f9c0619fff6698fd6815a4808b2c16c7b054c71d1cdfa6a000c93e54ff.png,2a9104a19df07c9580c3e7b9e433e5c88c74d5f9a5f8b46bb5870252bf0b4de8
data/raw/doclaynet_hard_negatives/doclaynet_test_707a7ed2cf52bc5e88fb.png,test,"doclaynet:EN-Technical Annex A_DPR_12924-Lot 1, Tasks and DL table.pdf",2,structured_document,0,doclaynet,government_tenders,eu_tenders,"EN-Technical Annex A_DPR_12924-Lot 1, Tasks and DL table.pdf",1,6650b2db773cb8e1f6518870c1c9efc2efca12dc4ddecf8d20312bf46a29179e.png,f29f9a224c3afa5de0d1035adac0841e4e1eae09093990970f1ddc9a21cbfda4
data/raw/doclaynet_hard_negatives/doclaynet_test_9a4625f40476d3672877.png,test,doclaynet:EN-AA-000799-002-D-01_TACONT draft.pdf,2,structured_document,0,doclaynet,government_tenders,eu_tenders,EN-AA-000799-002-D-01_TACONT draft.pdf,6,21c1373123ba08a6d81d2ea35d4dbfb916838c18f19f93e498dedc8608b85f2e.png,f7d25ba4aa9745932b742d8e45a32437a72ed089f242caf9a46f47d2b9bf3ca1
data/raw/doclaynet_hard_negatives/doclaynet_test_a1b7b64564f7b30286e2.png,test,doclaynet:EN-Annex 2.1 - Overview of components.pdf,2,structured_document,0,doclaynet,government_tenders,eu_tenders,EN-Annex 2.1 - Overview of components.pdf,2,d400ffc9a273a51700331d41cf0c087d93eb0a59c187361f53b93101e04e8e24.png,dfc23b1e4fcd3d78add62bf9e511daa09340470ec7edcd79fe145aa068c7366a
data/raw/doclaynet_hard_negatives/doclaynet_test_f42fa5d0320e80b3cf9a.png,test,"doclaynet:EN-Annex II - EU-OSHA websites, SM accounts and tools.pdf",2,structured_document,0,doclaynet,government_tenders,eu_tenders,"EN-Annex II - EU-OSHA websites, SM accounts and tools.pdf",2,515a61af8b663effd1120bcc1bc3b0a684234194a51ac57d957a8f71c65a4f06.png,41e6bf585d2fcefbed9bf1a3fc60f383b1ebbc01924b6bb459bea36f5e78b1df
data/raw/doclaynet_hard_negatives/doclaynet_test_d2a7c022c4be3d30b6aa.png,test,doclaynet:FR-Projet de contrat-cadre 18-05-21.pdf,2,structured_document,0,doclaynet,government_tenders,eu_tenders,FR-Projet de contrat-cadre 18-05-21.pdf,6,59f59177fa63709b97cd272a99d1eb57912c131be363cc54bf6215dc7e0140e4.png,c0a8a0ef56ac89bb6d004e9a23eb6a1eac97e20bd24d6d6fdc7bca26dccaf6bd
data/raw/doclaynet_hard_negatives/doclaynet_test_4e67a2ea8486ac1269c7.png,test,doclaynet:EN-01. Invitation to Tender e-submission_F-COD-20-T03.pdf,2,structured_document,0,doclaynet,government_tenders,eu_tenders,EN-01. Invitation to Tender e-submission_F-COD-20-T03.pdf,0,e5d28d650563176e9cf5b1fc27d9d6312005aef444e8a723460fc0e46eea053a.png,7fb5522217c9164ff36a3cadbedc08906db794d73b92fd728d7ab67b5c08f350
data/raw/doclaynet_hard_negatives/doclaynet_test_9c8c0413d58b47532a6f.png,test,doclaynet:EN-ECHA2020_666_Tender Specifications_002.pdf,2,structured_document,0,doclaynet,government_tenders,eu_tenders,EN-ECHA2020_666_Tender Specifications_002.pdf,36,00ce1361fadad2fa289d02632f9e2379da0144a58670a551561a68c94c909854.png,bbecccdb294ce4a50b8875a16ef8166b0eb599e9cd3994cd0975208e7e0ab7e1
data/raw/doclaynet_hard_negatives/doclaynet_test_e433d58a134eb5c15552.png,test,doclaynet:EN-Draft FWC for services 0142.pdf,2,structured_document,0,doclaynet,government_tenders,eu_tenders,EN-Draft FWC for services 0142.pdf,2,d3c55d4cc3a338c767d162ecd29889f09a683b3902714fdde9fa7e774fa8226a.png,bfa766df506c25d4dcd3c2201157e7f6b1aca1284e9d41ff40a1edde8b929838
data/raw/doclaynet_hard_negatives/doclaynet_test_7c1634f96cc396b27648.png,test,doclaynet:EN-Draft contract.pdf,2,structured_document,0,doclaynet,government_tenders,eu_tenders,EN-Draft contract.pdf,0,ac3645fe705347a7c6c1b6c1d64301c06bdeaa0e9f1c82f23f69f2fad46a1243.png,5d73688dcd36784851e607b813edba2622daa3aac2f7f743be38c1e70689845d
data/raw/doclaynet_hard_negatives/doclaynet_test_4e4fbeb1b185fb7feacb.png,test,doclaynet:EN-Procurement Document 3 - General Administrative And Submission Clauses (GASC).pdf,2,structured_document,0,doclaynet,government_tenders,eu_tenders,EN-Procurement Document 3 - General Administrative And Submission Clauses (GASC).pdf,18,d93ea2054140324d443e3dd868d0a7a0326a33c3e79b78f9ec6abc252207918c.png,00a8983b37d8c8cae89049efcbb6a2e7cd28b59c9478e185c50d1aaf464f9aae
data/raw/doclaynet_hard_negatives/doclaynet_test_a37766a781846ef06e2e.png,test,doclaynet:EN-c4l tenderform en.pdf,2,structured_document,0,doclaynet,government_tenders,eu_tenders,EN-c4l tenderform en.pdf,0,648a395d45b05d90d731b056945ffd499a93e8dae59310042ef8f6cb039fbd4b.png,429500428cea812fc524af69a6ab93f1f1d5885cfc64dc7ccef03c67d73c4949
data/raw/doclaynet_hard_negatives/doclaynet_test_ef4212b6174f735461d0.png,test,"doclaynet:EN-Technical Annex A_DPR_12924-Lot 1, Tasks and DL table.pdf",2,structured_document,0,doclaynet,government_tenders,eu_tenders,"EN-Technical Annex A_DPR_12924-Lot 1, Tasks and DL table.pdf",10,8a79e12d8274df039d4391ed259695e2c03a3b8b76001df093191470df75e3eb.png,3037a08dd6ae6958102d5b44557feabc95890f29f78cd87358343311aa4743c3
data/raw/doclaynet_hard_negatives/doclaynet_test_f3fe084915aa6b8f1f4e.png,test,doclaynet:EN-AA-000799-002-D-01_TACONT draft.pdf,2,structured_document,0,doclaynet,government_tenders,eu_tenders,EN-AA-000799-002-D-01_TACONT draft.pdf,0,7399838f6b46b0b7922eb95e09cae67c1ed03290070262ed648ad012b2f26b37.png,63ec36bbd5a332b7dd59cd7a592c220f83810e8fc084b4af522cfade33a24bb5
data/raw/doclaynet_hard_negatives/doclaynet_test_4ded81b3b43880b64af1.png,test,doclaynet:EN-Annex 2.1 - Overview of components.pdf,2,structured_document,0,doclaynet,government_tenders,eu_tenders,EN-Annex 2.1 - Overview of components.pdf,0,0231b7eb4f021317c3795fab0c930b3b116cba194b81b240551232cad447b4b2.png,dfbba434ecabb16aab1c3063d15a105b67e30303d8af6e8b6f13b7e628f24239
data/raw/doclaynet_hard_negatives/doclaynet_test_57972e1e029a4525fcd0.png,test,doclaynet:FR-Projet de contrat-cadre 18-05-21.pdf,2,structured_document,0,doclaynet,government_tenders,eu_tenders,FR-Projet de contrat-cadre 18-05-21.pdf,75,f4118d2bc334935c34bd8214f6d9980b39d0e43ba81b145a7ecb0033bc2ca127.png,3dd60faecabd1a0e8908d04c4b45f9454aded9e72e1704a05a16e53bae8a1709
data/raw/doclaynet_hard_negatives/doclaynet_test_30471552ae8636e1cf11.png,test,doclaynet:EN-01. Invitation to Tender e-submission_F-COD-20-T03.pdf,2,structured_document,0,doclaynet,government_tenders,eu_tenders,EN-01. Invitation to Tender e-submission_F-COD-20-T03.pdf,3,55d12dcf64769993586f9155561cec9418e6b1712190cc697d5e251c1e15eefe.png,4dce2ba4300f8d002c0e57f5a7f2d6910f67c492921b85c7c2fb7ac6bf759f74
data/raw/doclaynet_hard_negatives/doclaynet_test_ebbca2df6b7abeadab64.png,test,doclaynet:EN-ECHA2020_666_Tender Specifications_002.pdf,2,structured_document,0,doclaynet,government_tenders,eu_tenders,EN-ECHA2020_666_Tender Specifications_002.pdf,35,1ef6219d1421279a9b648737d3413314bb6e0b8a83414e6567c2c44077d1cb5c.png,e66d4c59bfce147550aa578e36f016723d9f1d586e703edaa94ec5d345af39bd
data/raw/doclaynet_hard_negatives/doclaynet_test_2eb6c50420b2e5a808b3.png,test,doclaynet:sg247938.pdf,3,narrative_document,0,doclaynet,manuals,redbooks,sg247938.pdf,227,2b7bfa9250bf6ecd6cb3dc591774aba3a002eb236d2a3c9507f1bd15007aac57.png,894b5882df5ed1d4ef0159e1cef418db21e68d3a6f6bf3da5a026c54ca1e2530
data/raw/doclaynet_hard_negatives/doclaynet_test_8e20ba465c6459c7e96d.png,test,doclaynet:Microscope_Manual.pdf,3,narrative_document,0,doclaynet,manuals,manuals,Microscope_Manual.pdf,8,18a6527431802b2cfc59b051eaa23645b65535206fb6562c7dbafb1d6defaeb1.png,506fc9fecba84b4df2c65c8d54e7a308026896062afb6963e50dbff1dc78741a
data/raw/doclaynet_hard_negatives/doclaynet_test_78f5e13a4b6d83efb9c8.png,test,doclaynet:sg246915.pdf,3,narrative_document,0,doclaynet,manuals,redbooks,sg246915.pdf,386,97680c84d515e975a6f5d90f9c1a482b724d4f8c790f46e1abc0a394ed7e9e01.png,73853beea6d14128c366b2c9da64bf4cedd9f467c70dfaaa5b6a8884c08926d9
data/raw/doclaynet_hard_negatives/doclaynet_test_fb0370574e5b78fb6230.png,test,doclaynet:sg248459.pdf,3,narrative_document,0,doclaynet,manuals,redbooks,sg248459.pdf,124,f792e252d22b6dd24797fe0eeba24bfc6b2b9d4d05eaa8bbc1c04d7a4fb5a7b9.png,6f33a85a29a8b38f74ee65113effb92df1d27cdddae68fc8511d0591509c8df9
data/raw/doclaynet_hard_negatives/doclaynet_test_dca938db958fa0843633.png,test,doclaynet:IBM-i-s5445349.pdf,3,narrative_document,0,doclaynet,manuals,manuals,IBM-i-s5445349.pdf,135,33eefc54295ccc742e2363eeaf852998dd347e403650128e6881d746420229eb.png,c1f0d7e582115e53615de7c681ca29d10aec0bdc35b4f241e81f7123e7816615
data/raw/doclaynet_hard_negatives/doclaynet_test_805badc534d00a0f86d8.png,test,doclaynet:basic-english-language-skills.PDF,3,narrative_document,0,doclaynet,manuals,manuals,basic-english-language-skills.PDF,32,a5361ef71f15414a1f6b8521e3fe03d9cffbff83f30591949a3d8fde5b373691.png,f0828d00b5b7f2f3797e4d7c956fddf5b8e062b4be6e9aa74ff38b9ea337e53d
data/raw/doclaynet_hard_negatives/doclaynet_test_dda9c12ab3012ee5eaa9.png,test,doclaynet:Excel Training Manual 1.pdf,3,narrative_document,0,doclaynet,manuals,manuals,Excel Training Manual 1.pdf,6,f5134b6c94e97cf92ac975729474fe1346451ca16ad6ca804d1a9088c8fc6fb6.png,8e542aeacafe3d67d2c2de3afa1ca5f927bebdae9fc0a7258a9513a992eaa993
data/raw/doclaynet_hard_negatives/doclaynet_test_d82d16d33845955692d2.png,test,doclaynet:sg247938.pdf,3,narrative_document,0,doclaynet,manuals,redbooks,sg247938.pdf,475,fa03018adfdb256951766d9ce129aa9a6eb8f4326aef0be156db0e13cb5d20b9.png,d61fc0c1204bf39b2003dd37634cb811a489a3f524ba05ba3fd3a3d7551c81f3
data/raw/doclaynet_hard_negatives/doclaynet_test_7248c6e5fa1727a3d519.png,test,doclaynet:Microscope_Manual.pdf,3,narrative_document,0,doclaynet,manuals,manuals,Microscope_Manual.pdf,1,40cd8e32b5bb90a96faee3e25959aca9ca0645132a6a37263ef82bc6c932b174.png,140b98b581bc20df3406404cbda0c20a83b4ebfb8e1ac328d457b88092a1e9e7
data/raw/doclaynet_hard_negatives/doclaynet_test_ed536f064699d7586466.png,test,doclaynet:sg246915.pdf,3,narrative_document,0,doclaynet,manuals,redbooks,sg246915.pdf,100,d8dce8722dbd8e32d692389204d43b6275b67abd9ec1a525436de9bc377b4dcd.png,82eeb0016314c16a4955687f4aa37702ded366870136beb1d12e16baceb76939
data/raw/doclaynet_hard_negatives/doclaynet_test_7a014b1431ccb44a5875.png,test,doclaynet:sg248459.pdf,3,narrative_document,0,doclaynet,manuals,redbooks,sg248459.pdf,146,34d77892d93f0cb3a35380553537fedd1d941e556e344c98d3a79c6a9adf0c3c.png,68d61590fce7e61b2e8874bf05ef75e329823f4e37bebace6bbba1577793677b
data/raw/doclaynet_hard_negatives/doclaynet_test_5a54092a17ccc8d10676.png,test,doclaynet:IBM-i-s5445349.pdf,3,narrative_document,0,doclaynet,manuals,manuals,IBM-i-s5445349.pdf,261,ef35267c64ebbbaa3345d1ba0120785ad0a2cfcdce9a4b53b87b9581d0b8c8b3.png,4f42ac1a76da9e0e9462f4e933c55b4bca1e32a0555a49305ec29ae71f196f08
data/raw/doclaynet_hard_negatives/doclaynet_test_e9d3194cad809f734c34.png,test,doclaynet:basic-english-language-skills.PDF,3,narrative_document,0,doclaynet,manuals,manuals,basic-english-language-skills.PDF,38,14091e0cac82c96150900389bf054d744a630675a6c9b2996b5437d565e8c752.png,07e375b345d7b47f7463c42893e4cc446557d090f59567a12e392fa3e248c081
data/raw/doclaynet_hard_negatives/doclaynet_test_e4915f3ba925766e30fa.png,test,doclaynet:Excel Training Manual 1.pdf,3,narrative_document,0,doclaynet,manuals,manuals,Excel Training Manual 1.pdf,2,65775456a793c931565b1e160599ed957a01d43966cce81cff23d4b80d135a31.png,f7e0d050150bbe8d5441acf51ce91a17f4fbf47a16194642e8f3093c8fd8dc0a
data/raw/doclaynet_hard_negatives/doclaynet_test_99ebb35ef8ad90ac77bc.png,test,doclaynet:sg247938.pdf,3,narrative_document,0,doclaynet,manuals,redbooks,sg247938.pdf,452,9fc76f5440aaaf6100fb81abf03b6d4d8174ca9a56be6ec80b85bda92b146874.png,e356946c1088348aeba9afc9c7a47cde5c674b43ef54454246a15cab9256dca3
data/raw/doclaynet_hard_negatives/doclaynet_test_d6d969aae59257e95fa9.png,test,doclaynet:Microscope_Manual.pdf,3,narrative_document,0,doclaynet,manuals,manuals,Microscope_Manual.pdf,6,90d2f4977e3109aabd3a5e19118dd677ec8fcc040f2bd2732eb9e16caa6a2f2a.png,12e826f2cc6128482097ff3abc81c99aa3fdaf83ea3302b2f848dd3a6b8ddd9d
data/raw/doclaynet_hard_negatives/doclaynet_test_ac0dbd6e9ec9a034c810.png,test,doclaynet:sg246915.pdf,3,narrative_document,0,doclaynet,manuals,redbooks,sg246915.pdf,401,d94629c6ceee131ebc2ca59b08e487118c1fd6e481c63e7fe64314ef547f0cec.png,414d32399aac72aab20afad1068504540dbebc3e56b83fea99eb5b1ee15f5a3a
data/raw/doclaynet_hard_negatives/doclaynet_test_4d7d5638fa55c7ded200.png,test,doclaynet:sg248459.pdf,3,narrative_document,0,doclaynet,manuals,redbooks,sg248459.pdf,133,c75f593864527844822e0029e9255592df40412b6f3248be89362a2c6516830a.png,441b445a68b31f15f6d8d343941a6657855aa6bc51445028e69bbdcf2c87c30f
data/raw/doclaynet_hard_negatives/doclaynet_test_d4aa12ca5c0a62177349.png,test,doclaynet:IBM-i-s5445349.pdf,3,narrative_document,0,doclaynet,manuals,manuals,IBM-i-s5445349.pdf,386,3a499c2d7d40bc6059780255d4cc58ebcbbf829b9aae4575faf407fd678c89f1.png,7e407c8c78e68f8766668b871be971808dead1e385c505f28cb6f01f0ae2a30a
data/raw/doclaynet_hard_negatives/doclaynet_test_5cf57b1735af563d6b3d.png,test,doclaynet:basic-english-language-skills.PDF,3,narrative_document,0,doclaynet,manuals,manuals,basic-english-language-skills.PDF,49,c4171482cc3a86bf6cd8167389659ef72038c37dad62ecfc9691357d3b10efe8.png,8cc0baa2a107fd0053b04c4974306970ca61852b2fa552b2bb339a06c6190dc9
data/raw/doclaynet_hard_negatives/doclaynet_test_a4b95ce4a6cedfd149a6.png,test,doclaynet:Excel Training Manual 1.pdf,3,narrative_document,0,doclaynet,manuals,manuals,Excel Training Manual 1.pdf,8,3b2fd050765f23995a50d2e8c7fa3cf5d70122a1d1f03fc80816ea48369eec92.png,7eb99927a2f3f447938726b2b7ce90d71b19e3592819c29df988b16264e3576e
data/raw/doclaynet_hard_negatives/doclaynet_test_32433e74f1144f4b7d5c.png,test,doclaynet:sg247938.pdf,3,narrative_document,0,doclaynet,manuals,redbooks,sg247938.pdf,338,3521489e5c729575b2b479a659cd292f0ec85b3e99dc1f38042c3beb3690a934.png,f842a6a3d6c780622e1396fcb892c699ccea3908f7206f7ed01ebe7584c4e4b8
data/raw/doclaynet_hard_negatives/doclaynet_test_f37205c69b9e75db048d.png,test,doclaynet:Microscope_Manual.pdf,3,narrative_document,0,doclaynet,manuals,manuals,Microscope_Manual.pdf,4,7a0cf07387c2935833f674199cef4f0be27cc0d43953198c09b47ed2d363d292.png,18ace65af03c9784e0d682fc0c3ab6dd225d3764817799819fdfe1ffe4e9d11e
data/raw/doclaynet_hard_negatives/doclaynet_test_e9199ca8f50e8bbea398.png,test,doclaynet:sg246915.pdf,3,narrative_document,0,doclaynet,manuals,redbooks,sg246915.pdf,369,c0ca8e928e27dc1bef2e3e7524306086a80305b7e26223a8c1c561f2c1aaf836.png,69fab5dacffd641cbe7143b34fbb820344720f27da1191fe89e983290a4129fd
data/raw/doclaynet_hard_negatives/doclaynet_test_a5fa345b1b4593708760.png,test,doclaynet:sg248459.pdf,3,narrative_document,0,doclaynet,manuals,redbooks,sg248459.pdf,51,aea8c47b3ef3df043669d2f58040c746b359eec48437227c8a13d2bb2d317f84.png,2ec8b3b4b82ee2892cb7f2e2819e25c3c38a4fda2be467d639df9d7303307df1
data/raw/doclaynet_hard_negatives/doclaynet_test_ab1d6ba313d1e483bc8b.png,test,doclaynet:IBM-i-s5445349.pdf,3,narrative_document,0,doclaynet,manuals,manuals,IBM-i-s5445349.pdf,139,20bd7230ac1b0146fe043168d5eb943553e6320bfbf733b586615264d2ae8ba2.png,93e800001b8b6d6130cc5138613f8b31d3cb6cea9c9e0d1d7543f06b1a510db6
data/raw/doclaynet_hard_negatives/doclaynet_test_4749437f879b74328d35.png,test,doclaynet:basic-english-language-skills.PDF,3,narrative_document,0,doclaynet,manuals,manuals,basic-english-language-skills.PDF,51,e66502cca37dc225f9ddd5df05b822e63a6e76b03f5d17f329bc166e150a35b1.png,cf7467a7253747c12769822540d905b5e456ae2e063d856ac55664fd7fe69646
data/raw/doclaynet_hard_negatives/doclaynet_test_8365f9b3ef3624c9d199.png,test,doclaynet:Excel Training Manual 1.pdf,3,narrative_document,0,doclaynet,manuals,manuals,Excel Training Manual 1.pdf,12,7893c395db1d53659d07dcc81eaa17bb7ac93d33340ecb7b2125f412f41352db.png,303346a14eafcb78c8a17129eda1b7dc591d85b861d88a1907e14d7ef3022a69
data/raw/doclaynet_hard_negatives/doclaynet_test_038b51c9be093c602614.png,test,doclaynet:sg247938.pdf,3,narrative_document,0,doclaynet,manuals,redbooks,sg247938.pdf,601,b9dbda4a26b6872dd9a642d8f454a76379ed28b806350ce3d588904a3b7537a7.png,67bb13cd34769e8b89f36ced63aecddb752f9dd12bf8cd132ede37f69a01205d
data/raw/doclaynet_hard_negatives/doclaynet_test_b8701f962e9eb30728a0.png,test,doclaynet:Microscope_Manual.pdf,3,narrative_document,0,doclaynet,manuals,manuals,Microscope_Manual.pdf,0,ea186308a8916803010a4dfb243c1bb0cabb55501641511ce149edf7d87192a5.png,3414516a8b94dfe2617de1f3c1857cd4cd9b9a54027082e2a677574c83076378
data/raw/doclaynet_hard_negatives/doclaynet_test_120360e77a4e255765fb.png,test,doclaynet:sg246915.pdf,3,narrative_document,0,doclaynet,manuals,redbooks,sg246915.pdf,106,c47f78ec687115ec681529942cc2f7fbe50c2f9c07bbb162f0661b2187547a52.png,8b29f196b9fa6115eec4c9bdf75c6aa76bd51ffcb870581581c6ac4bd940defa
data/raw/doclaynet_hard_negatives/doclaynet_test_7bbc195bd830c509c7f3.png,test,doclaynet:sg248459.pdf,3,narrative_document,0,doclaynet,manuals,redbooks,sg248459.pdf,105,5b95b7ddb60d40ae24300eba65e6a1adaeee0c6fb2abd9270b68b9a150387651.png,49e46becd5f6041564ff6b8ae952bdd8a67dd07c34cd6d435e5926df89c7df06
data/raw/doclaynet_hard_negatives/doclaynet_test_87edd4e2f28ab4004144.png,test,doclaynet:IBM-i-s5445349.pdf,3,narrative_document,0,doclaynet,manuals,manuals,IBM-i-s5445349.pdf,73,6ecb89d8cc291fac0fbc86ef83c628f4889a0b838481947ae9360e0a3a89c69d.png,01d422dee71f2cb15b41759451fef6c48aa6ef440260c61897d043e9096eb542
data/raw/doclaynet_hard_negatives/doclaynet_test_d1fd51b9369587e67b4d.png,test,doclaynet:basic-english-language-skills.PDF,3,narrative_document,0,doclaynet,manuals,manuals,basic-english-language-skills.PDF,13,47b742483ce237da44e9deda5b788606ceba6307517342fea6a47e3a5ebb44c4.png,2dd2428eff174468f571cc4afef2c196b478cae7570693f9e8593deb447d418d
data/raw/doclaynet_hard_negatives/doclaynet_test_905ae614b5b376d20317.png,test,doclaynet:Excel Training Manual 1.pdf,3,narrative_document,0,doclaynet,manuals,manuals,Excel Training Manual 1.pdf,10,6849d173f69ec152050793babf91b924e65015ce96542079a1624e5bf2395f57.png,1e4e531a6bcda29343911f122c6eec8ddb5f4df363ec53205c01b6d543ba0505
data/raw/doclaynet_hard_negatives/doclaynet_test_fe3acd72eca7cb308c3b.png,test,doclaynet:7344821_AdobeOCR.pdf,3,narrative_document,0,doclaynet,patents,patents_euv_sensitivity,7344821_AdobeOCR.pdf,24,ee505c6a311a168c7e2a4d2f393b0183f7270b0b8b8a1d7cd07b9fad677f0c9d.png,aa9a6dbb1f5d4abc9b434c36d1859b55627a8ba61841ed2803a89c3dfd1b50f8
data/raw/doclaynet_hard_negatives/doclaynet_test_b4662598f7dd1eaa6e08.png,test,doclaynet:EP3800018A1.pdf,3,narrative_document,0,doclaynet,patents,patents_ep,EP3800018A1.pdf,0,0cb12d33b02867dc8708f4877480743533f1248683091188000d25456ba12d73.png,a32e8b3fc96a637a4e7d486fbf1dce9b207a428bed81ea757a50a4c7f26bf793
data/raw/doclaynet_hard_negatives/doclaynet_test_2ff30774f4c6bded167a.png,test,doclaynet:7902392_AdobeOCR.pdf,3,narrative_document,0,doclaynet,patents,patents_superacid_pags,7902392_AdobeOCR.pdf,11,539826805d7fdfe56ff1c6e2e7e2a20dfc8ff3b8d59857ac04163057a8d2cf3b.png,e30e20b4b98d607e2a80201eeb4b2d320a1e0e6938685b88e007e27e9e433c50
data/raw/doclaynet_hard_negatives/doclaynet_test_01ebb80ce640c5d37a78.png,test,doclaynet:WO2020081008A1.pdf,3,narrative_document,0,doclaynet,patents,patents_wp,WO2020081008A1.pdf,22,c31b8815cf6495d9fa02217e67cf06855516687ef3f4a81f9cf3690d511383bc.png,1b789cda22fb3bd155e58cf340ce757acd8014bcbd390ed17fcb8e106a8a8a23
data/raw/doclaynet_hard_negatives/doclaynet_test_778333c331aa5e858f59.png,test,doclaynet:7851130_AdobeOCR.pdf,3,narrative_document,0,doclaynet,patents,patents_euv_sensitivity,7851130_AdobeOCR.pdf,47,a9a1744322ef6e9c69a3fe12165bb0358476b4df3cf0d8f1d32ae4a8d2430a5f.png,dc9af03f654ddf642c9ef3009dc28a92cfa36932c81b2b60cf1007ac92cdf8ed
data/raw/doclaynet_hard_negatives/doclaynet_test_cad7bcfe7862ef74e8dc.png,test,doclaynet:7144993_AdobeOCR.pdf,3,narrative_document,0,doclaynet,patents,patents_superacid_pags,7144993_AdobeOCR.pdf,10,9e0b359594b0948810df5dc8318a3298b5ca5d5d4bda31908bdb8d5fc6af3f2c.png,15e38d325b7c971688a64df6ede04896adc4a4cced2cf03b1b47fb77f79c9e5d
data/raw/doclaynet_hard_negatives/doclaynet_test_1545beae08c9a30ef749.png,test,doclaynet:9423690_AdobeOCR.pdf,3,narrative_document,0,doclaynet,patents,patents_euv_sensitivity,9423690_AdobeOCR.pdf,67,844c670039037b64923937a37de5e458b850b0ef6aa5771d6ffbde0e95190545.png,9eba24f7dc3f0908cd7ec3ee9af6d0ffb6304d05b52f7810d8699f210cc8e7f6
data/raw/doclaynet_hard_negatives/doclaynet_test_f153fd105e7258e43dc5.png,test,doclaynet:WO2020210020A1.pdf,3,narrative_document,0,doclaynet,patents,patents_wp,WO2020210020A1.pdf,29,8b8815908aaf3e36525ad9197c92586be862e2d075bc58e1646096687c9f0fb8.png,a2c666884a5af6d278ea731b4a734c23bc61008f11fafa274a4a553b28f6fe77
data/raw/doclaynet_hard_negatives/doclaynet_test_9e239be8daf71f1764bd.png,test,doclaynet:20050176978_AdobeOCR.pdf,3,narrative_document,0,doclaynet,patents,patents_superacid_pags,20050176978_AdobeOCR.pdf,9,190774629a25bfd27e3e0610edd5cea94fb5c980198c5130fac2c56d074429dc.png,cf5e800fa9e60203a32232bbba94f17f073d78feff99378b24dba8679448f7d6
data/raw/doclaynet_hard_negatives/doclaynet_test_02b9f3c2a3c9adf372ff.png,test,doclaynet:8846844_AdobeOCR.pdf,3,narrative_document,0,doclaynet,patents,patents_superacid_pags,8846844_AdobeOCR.pdf,0,b2f57341933f327c1d14aff01ea0793f84819293bb5470510c619653a560ea61.png,1205f913fb8e8e664a220cacf6ce45ab76ace5d8233b98408ef3d8d836b3a426
data/raw/doclaynet_hard_negatives/doclaynet_test_ea686bd5df0c1fc6b2b7.png,test,doclaynet:EP1499943B1.pdf,3,narrative_document,0,doclaynet,patents,patents_ep,EP1499943B1.pdf,8,870748a9a8d7c8957d02f8b79606ef02921ed32d0fe33bb3023482c97661271e.png,61aa8955c89d69d8c8023d9d88024ed9bc5bbfb750d19ed9b3856505c4d72822
data/raw/doclaynet_hard_negatives/doclaynet_test_5b94edc6ca7413234ca0.png,test,doclaynet:CN100339781C.pdf,3,narrative_document,0,doclaynet,patents,patents_cn,CN100339781C.pdf,19,ed9d052310a24b5c0969c98d472eeca51acbb115ffcd6149ff33ff9a5626b12d.png,249a36b9946e02aa937a3cd49cf4f4ecf0db9c1f06f3bac6d05bf84b79565963
data/raw/doclaynet_hard_negatives/doclaynet_test_22e0734f41556f06fcb2.png,test,doclaynet:KR100680003B1.pdf,3,narrative_document,0,doclaynet,patents,patents_kr,KR100680003B1.pdf,7,1cfdaf1a563cbb53ed1c105fb07fe0ddd42cc9aa74de8d7eb88337d0d9b31fb8.png,22624b13da733838ddf08aef83d658e6d099fbb2f2d6be10fb71e272be93c070
data/raw/doclaynet_hard_negatives/doclaynet_test_b340066658f89af39140.png,test,doclaynet:20020111024_AdobeOCR.pdf,3,narrative_document,0,doclaynet,patents,patents_superacid_pags,20020111024_AdobeOCR.pdf,14,70bf60f0ce215033f1cf51a41d610ae27795140e3108c33b32cc6380b84b554f.png,4493e3bc6127db03d29a009462ab761b71ab84c566697b52c65b247e54442015
data/raw/doclaynet_hard_negatives/doclaynet_test_5efa0f21d114f3ad4abc.png,test,doclaynet:20190010119_AdobeOCR.pdf,3,narrative_document,0,doclaynet,patents,patents_euv_sensitivity,20190010119_AdobeOCR.pdf,9,ff132b5f9485ebebd9629a00b28fe113832d8205b9619780d27b305aa3e2e362.png,43393b35d36205544d0fba12c747fe62cd7e86c00f834a727cef8cc23ac02dc0
data/raw/doclaynet_hard_negatives/doclaynet_test_d61b947146552ce3d95a.png,test,doclaynet:9840656_AdobeOCR.pdf,3,narrative_document,0,doclaynet,patents,patents_superacid_pags,9840656_AdobeOCR.pdf,1,b9e84b2284e955ea83b65bb168bdb717b6e940969a241eaa12aa62887cff9d0b.png,529afae44133433be99ba45c915ccb75920c13e65bfac9fd23649a141415a7d2
data/raw/doclaynet_hard_negatives/doclaynet_test_8295f980f2ef5c70c953.png,test,doclaynet:5763671_AdobeOCR.pdf,3,narrative_document,0,doclaynet,patents,patents_superacid_pags,5763671_AdobeOCR.pdf,21,5ddc6775c495c7061de4b69d8246185dca5526ee386b5dd08d93f8f72cfc2c9c.png,5e297dd5c3f7392fbb4a076f28af79f2ea72cab80fc3f22bdf44598f05b45ea8
data/raw/doclaynet_hard_negatives/doclaynet_test_d181c50f6659183800c6.png,test,doclaynet:6482565_AdobeOCR.pdf,3,narrative_document,0,doclaynet,patents,patents_euv_sensitivity,6482565_AdobeOCR.pdf,19,8aaa11a0a88d06eb78b9135b4fa8b2c57c2ee293eb5e0bb85e1d9ad930e398a3.png,a2fb8a39b680c2887f19129b1e9c867236835731b540030aec7e304aa95b0570
data/raw/doclaynet_hard_negatives/doclaynet_test_bb0b383e6e6768359f7d.png,test,doclaynet:20090197849_AdobeOCR.pdf,3,narrative_document,0,doclaynet,patents,patents_superacid_pags,20090197849_AdobeOCR.pdf,35,644a9be436c322a03d5c16a258dd00a3f5c020c378335d72a90c30242300ab94.png,d3c817fdd90b656f7862097d7946b13fce4494483784020288786e0ec8cc1419
data/raw/doclaynet_hard_negatives/doclaynet_test_672f781fc17e0b1869f1.png,test,doclaynet:JP2017066264A.pdf,3,narrative_document,0,doclaynet,patents,patents_jp,JP2017066264A.pdf,12,35af2587614db000ea736d58e3daa93fa80482843e638685a3c22eead033a041.png,0960df5d15f737fa89a96ce81b1241634a3dd45840c618847fa789f37401f82c
data/raw/doclaynet_hard_negatives/doclaynet_test_1be53c083be882cc9e95.png,test,doclaynet:20190287691_AdobeOCR.pdf,3,narrative_document,0,doclaynet,patents,patents_superacid_pags,20190287691_AdobeOCR.pdf,68,156b2edaf141e44927fa200e224c8955dd5d32427496818f55a80eaae12da960.png,d9bab6fed965206ad990dd4e6b6257c75b8ab1b89bc498cb3082b5681acf4ef4
data/raw/doclaynet_hard_negatives/doclaynet_test_8f4a84a75652446e98ed.png,test,doclaynet:6503413_AdobeOCR.pdf,3,narrative_document,0,doclaynet,patents,patents_superacid_pags,6503413_AdobeOCR.pdf,24,eaad823ad8b0f565220e87ce139a83e13a04d91ed7e44c08b634d48e1879229e.png,9e5771ec36676541e59855c84b71a78a661e1a11be9b342d06b8a471f5e98641
data/raw/doclaynet_hard_negatives/doclaynet_test_1bf78a3dc821776bf9e7.png,test,doclaynet:20210033970_AdobeOCR.pdf,3,narrative_document,0,doclaynet,patents,patents_euv_sensitivity,20210033970_AdobeOCR.pdf,25,ee8720c5e97060bfdb76912ff16367935569f13262082b636428aff25ca98579.png,91b91f284481f7ed679d86b7ba42b93bea0b7b41cbeb9ecbb8acbdce8bf18c14
data/raw/doclaynet_hard_negatives/doclaynet_test_588a3da49e1bd101e4a8.png,test,doclaynet:8188171_AdobeOCR.pdf,3,narrative_document,0,doclaynet,patents,patents_superacid_pags,8188171_AdobeOCR.pdf,0,ff86d932d02036ee106321d65dc869effaf785754a5fa0d29657b4e0ed1397d2.png,57ac5980c6499534cb3352b193b802677749825083f6c42a9f05794431ef9b2d
data/raw/doclaynet_hard_negatives/doclaynet_test_3e345a379ff2dfa10163.png,test,doclaynet:20120003590_AdobeOCR.pdf,3,narrative_document,0,doclaynet,patents,patents_euv_sensitivity,20120003590_AdobeOCR.pdf,48,9deb7e396d4fe749f90efa70198b4d8d9f12022e7e0614cec1177df48276e602.png,4d709a4d78655874d70587e498c2d3e01b168e423b8c40d0a054f323ff958d99
data/raw/doclaynet_hard_negatives/doclaynet_test_f3c7b4a7fd7f4985a2cd.png,test,doclaynet:5648520_AdobeOCR.pdf,3,narrative_document,0,doclaynet,patents,patents_superacid_pags,5648520_AdobeOCR.pdf,8,e10f9660c56e2e44b105d3664e60a7124a94dd70f68111a3773c366e134dc7c1.png,a29df186f359cf14b0c05c131e8ffc74a758525337ee6c2fd7e41f873e4ecef1
data/raw/doclaynet_hard_negatives/doclaynet_test_65a63be6e505217feae7.png,test,doclaynet:20200352177_AdobeOCR.pdf,3,narrative_document,0,doclaynet,patents,patents_superacid_pags,20200352177_AdobeOCR.pdf,18,094f33da50af1f64e3eeff341e388e73bc26fc63e30b383c7829e431f4d4d8f4.png,f853745bb020ccbd7bea490c75dd4416a4869243a7b1b1cc2d5d6e81b0bb9fa2
data/raw/doclaynet_hard_negatives/doclaynet_test_37d5db45189aadbcaeba.png,test,doclaynet:9164380_AdobeOCR.pdf,3,narrative_document,0,doclaynet,patents,patents_superacid_pags,9164380_AdobeOCR.pdf,59,713eab81441e1814fa3e928e11131cedb1bf9498e3bd6302e3b16a618796729c.png,b3ba413f7490291baa0b28552605ad935e11a2c308f1412133d60c1046df6ad0
data/raw/doclaynet_hard_negatives/doclaynet_test_e421d4ad3d284533c4a5.png,test,doclaynet:EP2000008B1.pdf,3,narrative_document,0,doclaynet,patents,patents_ep,EP2000008B1.pdf,11,fef32e2758c8847413923399938993f27241bd2497d588e86a3665dcae8dd87e.png,6d08e97a51c6124337ff79438f28d2fa3917272ad9ed8d086e5744ab07eb3c4b
data/raw/doclaynet_hard_negatives/doclaynet_test_5997c2691b589e59da3b.png,test,doclaynet:7335411_AdobeOCR.pdf,3,narrative_document,0,doclaynet,patents,patents_superacid_pags,7335411_AdobeOCR.pdf,0,2cc367a84acd69867a68777fff6c4f36aab9632021a60f194dd1dc89788dba0d.png,58a408669145835ae474dd10523988162559a3de723b6695dbee2da3d00b482d
data/raw/doclaynet_hard_negatives/doclaynet_test_b80f5a68f6d084f24d2b.png,test,doclaynet:7049044_AdobeOCR.pdf,3,narrative_document,0,doclaynet,patents,patents_euv_sensitivity,7049044_AdobeOCR.pdf,11,d257f3a14d5097b83f5a1880311662930999db43a597927e0e98bd5e83611879.png,5da80a2f06a6d38c67210bf49e5aeef93ad495822882093bce12e1c76292590c
data/raw/doclaynet_hard_negatives/doclaynet_test_39fc8fb2d02f79c179a7.png,test,doclaynet:20200050106_AdobeOCR.pdf,3,narrative_document,0,doclaynet,patents,patents_euv_sensitivity,20200050106_AdobeOCR.pdf,29,9233cee51d877e5e718fc35af6b3e8b5d1336aad5b505e2ee71f6609f4f73a42.png,f7a66727d2d81221de9f27cdf7ca6bc8d9498cf3b3384d3da8937d3a1c917247
data/raw/doclaynet_hard_negatives/doclaynet_test_1a689e3b62a7f3cb57df.png,test,doclaynet:6930141_AdobeOCR.pdf,3,narrative_document,0,doclaynet,patents,patents_superacid_pags,6930141_AdobeOCR.pdf,12,e24719a031002203052886ba4428d51a1544dd69ca8b71dc713627d4bff19726.png,71e9f7e28de46490108e0721f78bf06f1b0cf3697d3bcf19c496d3dbc1349bcb
data/raw/doclaynet_hard_negatives/doclaynet_test_d46b0b97451f9323f370.png,test,doclaynet:7344821_AdobeOCR.pdf,3,narrative_document,0,doclaynet,patents,patents_euv_sensitivity,7344821_AdobeOCR.pdf,42,81dca06253724d08c1c223272dcfddb95d1aba5b66ddcd4492802508936104b6.png,4a00feeb9736813e941ef05215c1306f380faa410b893065d206d1a08ecf357a
data/raw/doclaynet_hard_negatives/doclaynet_test_c0369e99f49387d4a4f3.png,test,doclaynet:EP3800018A1.pdf,3,narrative_document,0,doclaynet,patents,patents_ep,EP3800018A1.pdf,4,52ff154f870f80910783d9a0dc4f94cf1f4783bbe515de5d75ee864fdf2bea50.png,66ec4fb8b2a22bbd1487342dee8fc260910cf5c173db2aed2454067331e3b4c7
data/raw/doclaynet_hard_negatives/doclaynet_test_68fe3ef89ee8750d23e0.png,test,doclaynet:7902392_AdobeOCR.pdf,3,narrative_document,0,doclaynet,patents,patents_superacid_pags,7902392_AdobeOCR.pdf,0,f11c6f167de7ccc45dcfac7da2cf7a4c2d5e66611d5e4a400a70f4e8f1fb31c2.png,4d93bd47f29b713e72dfb310a3be0bc8cf3cd2e18bf0ece06d6e01a00f7eca81
data/raw/doclaynet_hard_negatives/doclaynet_test_ac7e1548b7a62b6755e4.png,test,doclaynet:WO2020081008A1.pdf,3,narrative_document,0,doclaynet,patents,patents_wp,WO2020081008A1.pdf,36,a326739490028863f42664ff2603e562b835d101fa61e82433c74b4fbc4fec3c.png,ae9275cc6f09d7158e182609ef88e4281430e8ab9beec9ec2165fb15752c3037
data/raw/doclaynet_hard_negatives/doclaynet_test_65d9e60d9e6dac499c92.png,test,doclaynet:7851130_AdobeOCR.pdf,3,narrative_document,0,doclaynet,patents,patents_euv_sensitivity,7851130_AdobeOCR.pdf,42,da0be280c3f42fb7aa9908535523c0347aa5315b5b51956c69ebb5638dc0e38c.png,9f345931d09a93cfe4ac91abb6a4adb36d476e336eccfa22b2d9b267faa170fd
data/raw/doclaynet_hard_negatives/doclaynet_test_1da5231a33d5f0511f61.png,test,doclaynet:7144993_AdobeOCR.pdf,3,narrative_document,0,doclaynet,patents,patents_superacid_pags,7144993_AdobeOCR.pdf,0,892944e20446aecaaf6c45985095ba13a6530f51856da2fdbb8fbdd9c6960cd0.png,c91083ba663582a0452a8e222fcc0e9c7d44acd0b1ab385bc8e247f65eabf9a1
data/raw/doclaynet_hard_negatives/doclaynet_test_f7f7c94bfe6e16e5210c.png,test,doclaynet:9423690_AdobeOCR.pdf,3,narrative_document,0,doclaynet,patents,patents_euv_sensitivity,9423690_AdobeOCR.pdf,73,a8378ad494a63e5835e1bba75a41676aa3a9c2ad60e9906e864d2433b630de7d.png,b00a5f08255e6dbc8f80dbd94ae36bc9dd7085f86fee1ea1e413d512c52df0c5
data/raw/doclaynet_hard_negatives/doclaynet_test_0e9d79d7afb7ee8bf44c.png,test,doclaynet:WO2020210020A1.pdf,3,narrative_document,0,doclaynet,patents,patents_wp,WO2020210020A1.pdf,13,b9e6d07f36d5c340aebbcc1e7366a3a700595769911d326d276d10faeb60f438.png,32435d770465a2ba74978b97b687349c3800d3576951fec764bd384a36c13c37
data/raw/doclaynet_hard_negatives/doclaynet_test_3506558951f745f249c4.png,test,doclaynet:20050176978_AdobeOCR.pdf,3,narrative_document,0,doclaynet,patents,patents_superacid_pags,20050176978_AdobeOCR.pdf,0,fd9bac70f870a7e23341f53142b823559e0224a261489280c0ed71a976a493aa.png,af8ca7a0ae6eb4ca6cae3cebaa6c4c4f154d93a7e5e031af0df2722e2f9e2bf3
data/raw/doclaynet_hard_negatives/doclaynet_test_4b1e55cc7365da85de8c.png,test,doclaynet:EP1499943B1.pdf,3,narrative_document,0,doclaynet,patents,patents_ep,EP1499943B1.pdf,16,46a864eb17eaf7051ebe295eef0f2ad6eb495acf6d8c8f1516e514c552d4dc23.png,ad713a256f365ddb6438e930780eecae0c9fb080a32f8bd97437091b26decf63
data/raw/doclaynet_hard_negatives/doclaynet_test_f8cfea6236d9067e105f.png,test,doclaynet:CN100339781C.pdf,3,narrative_document,0,doclaynet,patents,patents_cn,CN100339781C.pdf,23,85a75194df6ceda528964e72d74a30bb8143a702b849f808b5e15f58ad722e88.png,e89306ae1df722c6dbd2a7060b931c128ebac5a501bccc129327b37168fbaf7d
data/raw/doclaynet_hard_negatives/doclaynet_test_67cae005d51c45bfbc03.png,test,doclaynet:KR100680003B1.pdf,3,narrative_document,0,doclaynet,patents,patents_kr,KR100680003B1.pdf,0,3106daee03439689b96fe26e5c2bd4a0090f9db8f47f3f194977660352b67c22.png,34fda8a389568cc04e87d0fdbb9937b9c16c5ee6ae43ef564d29a418f1c20acc
data/raw/doclaynet_hard_negatives/doclaynet_test_18b8c756e5e158ce2b77.png,test,doclaynet:20020111024_AdobeOCR.pdf,3,narrative_document,0,doclaynet,patents,patents_superacid_pags,20020111024_AdobeOCR.pdf,0,a5da1b1951c04eb14f5bf21fb942fab92afc6285c120cf84aea99ba584ac99bc.png,501bcb0eda6dbc50012f8e12eded77dd4b56a04ed7fc5d52f91c69705f004418
data/raw/doclaynet_hard_negatives/doclaynet_test_a4bc34ff99fcc1e97d4b.png,test,doclaynet:20190010119_AdobeOCR.pdf,3,narrative_document,0,doclaynet,patents,patents_euv_sensitivity,20190010119_AdobeOCR.pdf,52,c7632e35d67642ee82938f018ba8e71316dc40e8ca855aa085698a293ca57ff7.png,128d7d986e427f88ae286a54514502fdc800c2947e05b4f5fab8bde9bed0a33f
data/raw/doclaynet_hard_negatives/doclaynet_test_6b734541fd51143970f8.png,test,doclaynet:9840656_AdobeOCR.pdf,3,narrative_document,0,doclaynet,patents,patents_superacid_pags,9840656_AdobeOCR.pdf,0,899b57980f899e9aff6b08a7f52c08fa2d92298a2f92638b99f072b6165946df.png,20e928af265287abf952dff8a3f2fcb5ad973d2474ecd66066deff01f343d517
data/raw/doclaynet_hard_negatives/doclaynet_test_3f3b6209adb1492387c7.png,test,doclaynet:5763671_AdobeOCR.pdf,3,narrative_document,0,doclaynet,patents,patents_superacid_pags,5763671_AdobeOCR.pdf,4,4449448fb0004eb448b6358d11033081a762765bc476e69db1107302ce9f9d11.png,5d98327cafd1b1451389e2324ff45af4d69f2955b48bc723814a3e92399467c0
data/raw/doclaynet_hard_negatives/doclaynet_test_310443081414e6dcc229.png,test,doclaynet:6482565_AdobeOCR.pdf,3,narrative_document,0,doclaynet,patents,patents_euv_sensitivity,6482565_AdobeOCR.pdf,9,afc05664bf161f9b1a62ef099d943a10c465edcbc87d9fdb0c2121637b6716e7.png,c4ba108dc486708582d5d2773a078147bc91aa3fff9872861910835942a54335
data/raw/doclaynet_hard_negatives/doclaynet_test_7ba42af9a216e9304160.png,test,doclaynet:20090197849_AdobeOCR.pdf,3,narrative_document,0,doclaynet,patents,patents_superacid_pags,20090197849_AdobeOCR.pdf,0,fe2cf2af3ce32f32ae20fddcc3da66590ae790fad8f765c1b2bcaf6f8a975827.png,f492e4ece16aef3a0ca68e37bd003b6c2394e0f38b5cf596e099116b99166139
data/raw/doclaynet_hard_negatives/doclaynet_test_fb26903a8e2eb83953d8.png,test,doclaynet:JP2017066264A.pdf,3,narrative_document,0,doclaynet,patents,patents_jp,JP2017066264A.pdf,6,91d12dba6aa04b066332fcc81a06051b57aa35c7d7dc488e2853ff038fcc2396.png,4f4f3b5fd39466df2fb2deddf43f5f0ff999261175d81b31cbc2e6b976bdfa43
data/raw/doclaynet_hard_negatives/doclaynet_test_f22f6c3de3aca4d7acf2.png,test,doclaynet:20190287691_AdobeOCR.pdf,3,narrative_document,0,doclaynet,patents,patents_superacid_pags,20190287691_AdobeOCR.pdf,136,c0f69dbe970e38af699b47f6c228f86ce9bdf28f6fb9b87032ba7a499f98c775.png,efcbf78dfacc48949bdbf61097025c96f468f043f46bd84b086e6b0d7ffe8843
data/raw/doclaynet_hard_negatives/doclaynet_test_48e50a4e7af44451bf9b.png,test,doclaynet:6503413_AdobeOCR.pdf,3,narrative_document,0,doclaynet,patents,patents_superacid_pags,6503413_AdobeOCR.pdf,25,d0c92c5fc251a199757643631a3ed357853f71db9e4a603401963b506a5d14ea.png,129dd495b10acf18ae80a2aee269eef9c4f008cbe8b9c177e15afadccbdf3311
data/raw/doclaynet_hard_negatives/doclaynet_test_fb8c48282084e06c8c1f.png,test,doclaynet:20210033970_AdobeOCR.pdf,3,narrative_document,0,doclaynet,patents,patents_euv_sensitivity,20210033970_AdobeOCR.pdf,87,d971d7e54bd1c65e9ba4f36d28a0cc8190793f3a036e4d07a1cb05fa7da11c83.png,efb9ac327c733f32ac913343ab8c864438c8ee44ebcc26889779c7da155fa422
data/raw/doclaynet_hard_negatives/doclaynet_test_261508be534fd6429fdb.png,test,doclaynet:8188171_AdobeOCR.pdf,3,narrative_document,0,doclaynet,patents,patents_superacid_pags,8188171_AdobeOCR.pdf,5,b60842921e0f48927146d63a7d2c4127e92235105d88044379d17d5bc9588b60.png,468d2adc3fe9e2bdeefe006080864409d23486cd7d4b6a97d9acb79d3f94f199
data/raw/doclaynet_hard_negatives/doclaynet_test_0d6efac5c3cf85a0cb5b.png,test,doclaynet:20120003590_AdobeOCR.pdf,3,narrative_document,0,doclaynet,patents,patents_euv_sensitivity,20120003590_AdobeOCR.pdf,106,83bb96f07100d376ef2eb74838c0da5dc9b5ef705b8c0938be03b761c15e3787.png,b09eed0b811355379d618925e7870cdd089d018fec1ddc88ece2ccf508eef2d3
data/raw/doclaynet_hard_negatives/doclaynet_test_5808d7977f7d02f62507.png,test,doclaynet:5648520_AdobeOCR.pdf,3,narrative_document,0,doclaynet,patents,patents_superacid_pags,5648520_AdobeOCR.pdf,0,d6c4d0d5bc372bb13e485ce68f9ac5e0b1b86b5e212f5e8b05a6dd29006a238a.png,3d994e5e0183f2c68439865df4c286a08d94f6ddc2a094c4310a6d743317d4f1
data/raw/doclaynet_hard_negatives/doclaynet_test_00910026cf9b379a723f.png,test,doclaynet:20200352177_AdobeOCR.pdf,3,narrative_document,0,doclaynet,patents,patents_superacid_pags,20200352177_AdobeOCR.pdf,10,619ffa25eddd8abea7d7833ad4b63b886171af83f42322ca3f141355b032c67e.png,6461814e38cd68cd38446dc96c283cfb62d71dbdb3c0a8c0916d005af7e5a98a
data/raw/doclaynet_hard_negatives/doclaynet_test_1a35d32487268c32f236.png,test,doclaynet:9164380_AdobeOCR.pdf,3,narrative_document,0,doclaynet,patents,patents_superacid_pags,9164380_AdobeOCR.pdf,12,2b51ead3be0330c5e965a0dccfbd37ae756fb5c3dc555be8fc9eec564de63092.png,e0129e6aad53ee1e753045129515a2e187fb5fe14774b54da4c259190e33fe09
data/raw/doclaynet_hard_negatives/doclaynet_test_d1b1fce80f853fb7e6de.png,test,doclaynet:EP2000008B1.pdf,3,narrative_document,0,doclaynet,patents,patents_ep,EP2000008B1.pdf,8,b9efefd6408fd0b54be83f68830e78417fe974614320085d3a7641c19835da44.png,9ec01f0ba307bda1473b6437b3d02fff0e3a1c5c3b8953ad6feed894ce6efdaf
data/raw/doclaynet_hard_negatives/doclaynet_test_07df179624d845e666ae.png,test,doclaynet:7049044_AdobeOCR.pdf,3,narrative_document,0,doclaynet,patents,patents_euv_sensitivity,7049044_AdobeOCR.pdf,0,78a388960a7656a1f8a6b67eced69e8581ede2467cf5a37cf1f06533ac7652b1.png,b8113e8e19b83417e28890f78fbb4f88a2ae65de43b81df65c6f07bbcc87f6b3
data/raw/doclaynet_hard_negatives/doclaynet_test_3dcf288ffd0638ade68d.png,test,doclaynet:20200050106_AdobeOCR.pdf,3,narrative_document,0,doclaynet,patents,patents_euv_sensitivity,20200050106_AdobeOCR.pdf,40,211d95b71f1e794a3d831464e4391442f641b7c6f29e9e9c2cd4ab608e929acd.png,cbf1f910397890f7e71daefd084e2193831de340b31cca67b2a74470eeb9694a
data/raw/doclaynet_hard_negatives/doclaynet_test_ce7bf090d0669ed951fb.png,test,doclaynet:6930141_AdobeOCR.pdf,3,narrative_document,0,doclaynet,patents,patents_superacid_pags,6930141_AdobeOCR.pdf,10,4e14010e059b0f170238e16e3a7a3f6c9900181cd26ff2efc744bd47b3796970.png,0a4b886b0c0f367cd9fa988e781cc11cb37372cea944b0b8a3d2ec2ccc5958af
data/raw/doclaynet_hard_negatives/doclaynet_test_b79ebea7ad45d6ebe807.png,test,doclaynet:7344821_AdobeOCR.pdf,3,narrative_document,0,doclaynet,patents,patents_euv_sensitivity,7344821_AdobeOCR.pdf,19,7bacc6a70a22093d44ff622e5eaa03eaee8f8ce1edb131d00467d2e2faab6ded.png,3fea3eab95ce48ce1fc2f0936019edb0a3d7c9afc699a1c9a47c3cb9566fbfb6
data/raw/doclaynet_hard_negatives/doclaynet_test_5d7cdf448348d0c7bb06.png,test,doclaynet:EP3800018A1.pdf,3,narrative_document,0,doclaynet,patents,patents_ep,EP3800018A1.pdf,7,26f6c265e8ecad23c1a2f5365522508b75e000f501fba829afb833a195ded1ac.png,126ddd2bcc2eee80c631e4e828d7e7326dc1cee6aaf281ba311fbe80bbbfe154
data/raw/doclaynet_hard_negatives/doclaynet_test_416f236e36bbe7fc83b1.png,test,doclaynet:WO2020081008A1.pdf,3,narrative_document,0,doclaynet,patents,patents_wp,WO2020081008A1.pdf,29,edf8699ec0c9ec104badfc5e3c4fc675e04ec78e3350ccc4c6f2e7611bf5630c.png,c3d18c867c4a50d336dc7e4c1f1ce1d07b17d79f662a6b3c04f35531a283c788
data/raw/doclaynet_hard_negatives/doclaynet_test_e2d9bad1ae9a60985fa4.png,test,doclaynet:7851130_AdobeOCR.pdf,3,narrative_document,0,doclaynet,patents,patents_euv_sensitivity,7851130_AdobeOCR.pdf,26,ddaca843c41a1530994b64f02acf266b29f80213788f856b5468bfc7b324f79f.png,d3658a6bbd6bc743a803f6ff54c7c96c1ed4c3859bc0f14aa5600203d50224cf
data/raw/doclaynet_hard_negatives/doclaynet_test_85d4d9ce367ef7e1a64d.png,test,doclaynet:7144993_AdobeOCR.pdf,3,narrative_document,0,doclaynet,patents,patents_superacid_pags,7144993_AdobeOCR.pdf,12,e264da779290336b0115ef842e6d4578ac24116b9cf3c2906d7c3d8b252ca4eb.png,f9a8d83c56f38751c97ebdb006189af87e150d6a734b4305ca6120ca4e04db7a
data/raw/doclaynet_hard_negatives/doclaynet_test_6f986148a14f441738a3.png,test,doclaynet:9423690_AdobeOCR.pdf,3,narrative_document,0,doclaynet,patents,patents_euv_sensitivity,9423690_AdobeOCR.pdf,114,13f1ebb9d0b9434d615695683186c3691623b458e86adc0c7e2ec19a11c2ccae.png,ca4e3c9ae3f320692503a490037e81d4352bd7be4ccb7d81428544c1aebce661
data/raw/doclaynet_hard_negatives/doclaynet_test_9ba0e3450270a99b5c5a.png,test,doclaynet:WO2020210020A1.pdf,3,narrative_document,0,doclaynet,patents,patents_wp,WO2020210020A1.pdf,6,e32dacdfd7f9e28048e5fb0a07948f25b1ba175188eb10d5931d48f95573c5d2.png,fb0db5c9b68a2d564627bfec0c9cd846342f3ec22f6f1bfc17c4053b04e95456
data/raw/doclaynet_hard_negatives/doclaynet_test_8c4fcdc0da9a0205159f.png,test,doclaynet:EP1499943B1.pdf,3,narrative_document,0,doclaynet,patents,patents_ep,EP1499943B1.pdf,15,e7d139dcac82be8506e1659b2769d0016cd50e4e86cf9350cdfe180c6fd178ca.png,c65198a12e3095b6e7f92224135f1df4d49818b577fb3935eaa8ceda240a9405
data/raw/doclaynet_hard_negatives/doclaynet_test_c60fdc8a16dc39b58add.png,test,doclaynet:CN100339781C.pdf,3,narrative_document,0,doclaynet,patents,patents_cn,CN100339781C.pdf,5,d2a640b256e8276a642868b96bc9f076e4b775508d9f0ea88660f54961e18ea5.png,4bc29793beffb611fc1a4238f9fd19d81a51ca35b024019de2c387eb57666c30
data/raw/doclaynet_hard_negatives/doclaynet_test_aa1c63814536a6ce29f4.png,test,doclaynet:KR100680003B1.pdf,3,narrative_document,0,doclaynet,patents,patents_kr,KR100680003B1.pdf,8,69e63a3dff5bef43d2129dfa999983edf10f21fd551d9697f24156e1681f12e5.png,30c807d612d2079da462d21da116e5ea819c727ed42f26eee055150f33d2c3f4
data/raw/doclaynet_hard_negatives/doclaynet_test_ce812c8bf45a93f1c004.png,test,doclaynet:20020111024_AdobeOCR.pdf,3,narrative_document,0,doclaynet,patents,patents_superacid_pags,20020111024_AdobeOCR.pdf,24,84614120c31092df0b86b9501d9c03f24aa721319ced9ea70e584cc7ff305120.png,0f1629d98d9c167f52d9050620e4156fd0dd00f1e3b572a984f02e30187c4731
