filepath,source,predicted_class,invoice_label,confidence,source_doc
data/raw/pool/pos_cord_receipts_00000.jpg,cord_receipts,advertisement,1,0.8017,data/raw/pool/pos_cord_receipts_00000.jpg
data/raw/pool/pos_cord_receipts_00001.jpg,cord_receipts,invoice,1,0.5699,data/raw/pool/pos_cord_receipts_00001.jpg
data/raw/pool/pos_cord_receipts_00002.jpg,cord_receipts,form,1,0.4654,data/raw/pool/pos_cord_receipts_00002.jpg
data/raw/pool/pos_cord_receipts_00003.jpg,cord_receipts,budget,1,0.4254,data/raw/pool/pos_cord_receipts_00003.jpg
data/raw/pool/pos_cord_receipts_00004.jpg,cord_receipts,invoice,1,0.6964,data/raw/pool/pos_cord_receipts_00004.jpg
data/raw/pool/pos_cord_receipts_00005.jpg,cord_receipts,budget,1,0.8710,data/raw/pool/pos_cord_receipts_00005.jpg
data/raw/pool/pos_cord_receipts_00006.jpg,cord_receipts,invoice,1,0.7203,data/raw/pool/pos_cord_receipts_00006.jpg
data/raw/pool/pos_cord_receipts_00007.jpg,cord_receipts,budget,1,0.3652,data/raw/pool/pos_cord_receipts_00007.jpg
data/raw/pool/pos_cord_receipts_00008.jpg,cord_receipts,invoice,1,0.7544,data/raw/pool/pos_cord_receipts_00008.jpg
data/raw/pool/pos_cord_receipts_00009.jpg,cord_receipts,advertisement,1,0.6139,data/raw/pool/pos_cord_receipts_00009.jpg
data/raw/pool/pos_cord_receipts_00010.jpg,cord_receipts,advertisement,1,0.8037,data/raw/pool/pos_cord_receipts_00010.jpg
data/raw/pool/pos_cord_receipts_00011.jpg,cord_receipts,advertisement,1,0.4488,data/raw/pool/pos_cord_receipts_00011.jpg
data/raw/pool/pos_cord_receipts_00012.jpg,cord_receipts,invoice,1,0.5028,data/raw/pool/pos_cord_receipts_00012.jpg
data/raw/pool/pos_cord_receipts_00013.jpg,cord_receipts,invoice,1,0.8279,data/raw/pool/pos_cord_receipts_00013.jpg
data/raw/pool/pos_cord_receipts_00014.jpg,cord_receipts,invoice,1,0.6129,data/raw/pool/pos_cord_receipts_00014.jpg
data/raw/pool/pos_cord_receipts_00015.jpg,cord_receipts,advertisement,1,0.6172,data/raw/pool/pos_cord_receipts_00015.jpg
data/raw/pool/pos_cord_receipts_00016.jpg,cord_receipts,invoice,1,0.4181,data/raw/pool/pos_cord_receipts_00016.jpg
data/raw/pool/pos_cord_receipts_00017.jpg,cord_receipts,invoice,1,0.4191,data/raw/pool/pos_cord_receipts_00017.jpg
data/raw/pool/pos_cord_receipts_00018.jpg,cord_receipts,file folder,1,0.3710,data/raw/pool/pos_cord_receipts_00018.jpg
data/raw/pool/pos_cord_receipts_00019.jpg,cord_receipts,budget,1,0.5384,data/raw/pool/pos_cord_receipts_00019.jpg
data/raw/pool/pos_cord_receipts_00020.jpg,cord_receipts,advertisement,1,0.8296,data/raw/pool/pos_cord_receipts_00020.jpg
data/raw/pool/pos_cord_receipts_00021.jpg,cord_receipts,advertisement,1,0.6354,data/raw/pool/pos_cord_receipts_00021.jpg
data/raw/pool/pos_cord_receipts_00022.jpg,cord_receipts,invoice,1,0.6467,data/raw/pool/pos_cord_receipts_00022.jpg
data/raw/pool/pos_cord_receipts_00023.jpg,cord_receipts,scientific report,1,0.2629,data/raw/pool/pos_cord_receipts_00023.jpg
data/raw/pool/pos_cord_receipts_00024.jpg,cord_receipts,specification,1,0.7513,data/raw/pool/pos_cord_receipts_00024.jpg
data/raw/pool/pos_cord_receipts_00025.jpg,cord_receipts,handwritten,1,0.4241,data/raw/pool/pos_cord_receipts_00025.jpg
data/raw/pool/pos_cord_receipts_00026.jpg,cord_receipts,advertisement,1,0.4244,data/raw/pool/pos_cord_receipts_00026.jpg
data/raw/pool/pos_cord_receipts_00027.jpg,cord_receipts,handwritten,1,0.4199,data/raw/pool/pos_cord_receipts_00027.jpg
data/raw/pool/pos_cord_receipts_00028.jpg,cord_receipts,advertisement,1,0.8418,data/raw/pool/pos_cord_receipts_00028.jpg
data/raw/pool/pos_cord_receipts_00029.jpg,cord_receipts,budget,1,0.6126,data/raw/pool/pos_cord_receipts_00029.jpg
data/raw/pool/pos_cord_receipts_00030.jpg,cord_receipts,advertisement,1,0.3523,data/raw/pool/pos_cord_receipts_00030.jpg
data/raw/pool/pos_cord_receipts_00031.jpg,cord_receipts,invoice,1,0.4352,data/raw/pool/pos_cord_receipts_00031.jpg
data/raw/pool/pos_cord_receipts_00032.jpg,cord_receipts,handwritten,1,0.5044,data/raw/pool/pos_cord_receipts_00032.jpg
data/raw/pool/pos_cord_receipts_00033.jpg,cord_receipts,invoice,1,0.6850,data/raw/pool/pos_cord_receipts_00033.jpg
data/raw/pool/pos_cord_receipts_00034.jpg,cord_receipts,advertisement,1,0.6245,data/raw/pool/pos_cord_receipts_00034.jpg
data/raw/pool/pos_cord_receipts_00035.jpg,cord_receipts,file folder,1,0.5350,data/raw/pool/pos_cord_receipts_00035.jpg
data/raw/pool/pos_cord_receipts_00036.jpg,cord_receipts,presentation,1,0.2949,data/raw/pool/pos_cord_receipts_00036.jpg
data/raw/pool/pos_cord_receipts_00037.jpg,cord_receipts,invoice,1,0.5737,data/raw/pool/pos_cord_receipts_00037.jpg
data/raw/pool/pos_cord_receipts_00038.jpg,cord_receipts,advertisement,1,0.8236,data/raw/pool/pos_cord_receipts_00038.jpg
data/raw/pool/pos_cord_receipts_00039.jpg,cord_receipts,invoice,1,0.4041,data/raw/pool/pos_cord_receipts_00039.jpg
data/raw/pool/pos_cord_receipts_00040.jpg,cord_receipts,advertisement,1,0.4883,data/raw/pool/pos_cord_receipts_00040.jpg
data/raw/pool/pos_cord_receipts_00041.jpg,cord_receipts,invoice,1,0.8724,data/raw/pool/pos_cord_receipts_00041.jpg
data/raw/pool/pos_cord_receipts_00042.jpg,cord_receipts,advertisement,1,0.4372,data/raw/pool/pos_cord_receipts_00042.jpg
data/raw/pool/pos_cord_receipts_00043.jpg,cord_receipts,file folder,1,0.5952,data/raw/pool/pos_cord_receipts_00043.jpg
data/raw/pool/pos_cord_receipts_00044.jpg,cord_receipts,invoice,1,0.5302,data/raw/pool/pos_cord_receipts_00044.jpg
data/raw/pool/pos_cord_receipts_00045.jpg,cord_receipts,invoice,1,0.7679,data/raw/pool/pos_cord_receipts_00045.jpg
data/raw/pool/pos_cord_receipts_00046.jpg,cord_receipts,advertisement,1,0.7645,data/raw/pool/pos_cord_receipts_00046.jpg
data/raw/pool/pos_cord_receipts_00047.jpg,cord_receipts,handwritten,1,0.5872,data/raw/pool/pos_cord_receipts_00047.jpg
data/raw/pool/pos_cord_receipts_00048.jpg,cord_receipts,advertisement,1,0.6878,data/raw/pool/pos_cord_receipts_00048.jpg
data/raw/pool/pos_cord_receipts_00049.jpg,cord_receipts,budget,1,0.8251,data/raw/pool/pos_cord_receipts_00049.jpg
data/raw/pool/pos_cord_receipts_00050.jpg,cord_receipts,invoice,1,0.5246,data/raw/pool/pos_cord_receipts_00050.jpg
data/raw/pool/pos_cord_receipts_00051.jpg,cord_receipts,invoice,1,0.5195,data/raw/pool/pos_cord_receipts_00051.jpg
data/raw/pool/pos_cord_receipts_00052.jpg,cord_receipts,file folder,1,0.5992,data/raw/pool/pos_cord_receipts_00052.jpg
data/raw/pool/pos_cord_receipts_00053.jpg,cord_receipts,invoice,1,0.7297,data/raw/pool/pos_cord_receipts_00053.jpg
data/raw/pool/pos_cord_receipts_00054.jpg,cord_receipts,invoice,1,0.7701,data/raw/pool/pos_cord_receipts_00054.jpg
data/raw/pool/pos_cord_receipts_00055.jpg,cord_receipts,invoice,1,0.7022,data/raw/pool/pos_cord_receipts_00055.jpg
data/raw/pool/pos_cord_receipts_00056.jpg,cord_receipts,invoice,1,0.6144,data/raw/pool/pos_cord_receipts_00056.jpg
data/raw/pool/pos_cord_receipts_00057.jpg,cord_receipts,invoice,1,0.8050,data/raw/pool/pos_cord_receipts_00057.jpg
data/raw/pool/pos_cord_receipts_00058.jpg,cord_receipts,invoice,1,0.5710,data/raw/pool/pos_cord_receipts_00058.jpg
data/raw/pool/pos_cord_receipts_00059.jpg,cord_receipts,budget,1,0.6114,data/raw/pool/pos_cord_receipts_00059.jpg
data/raw/pool/pos_cord_receipts_00060.jpg,cord_receipts,advertisement,1,0.5050,data/raw/pool/pos_cord_receipts_00060.jpg
data/raw/pool/pos_cord_receipts_00061.jpg,cord_receipts,budget,1,0.6171,data/raw/pool/pos_cord_receipts_00061.jpg
data/raw/pool/pos_cord_receipts_00062.jpg,cord_receipts,invoice,1,0.5068,data/raw/pool/pos_cord_receipts_00062.jpg
data/raw/pool/pos_cord_receipts_00063.jpg,cord_receipts,advertisement,1,0.7687,data/raw/pool/pos_cord_receipts_00063.jpg
data/raw/pool/pos_cord_receipts_00064.jpg,cord_receipts,scientific report,1,0.6510,data/raw/pool/pos_cord_receipts_00064.jpg
data/raw/pool/pos_cord_receipts_00065.jpg,cord_receipts,invoice,1,0.7375,data/raw/pool/pos_cord_receipts_00065.jpg
data/raw/pool/pos_cord_receipts_00066.jpg,cord_receipts,advertisement,1,0.7842,data/raw/pool/pos_cord_receipts_00066.jpg
data/raw/pool/pos_cord_receipts_00067.jpg,cord_receipts,invoice,1,0.5913,data/raw/pool/pos_cord_receipts_00067.jpg
data/raw/pool/pos_cord_receipts_00068.jpg,cord_receipts,invoice,1,0.7352,data/raw/pool/pos_cord_receipts_00068.jpg
data/raw/pool/pos_cord_receipts_00069.jpg,cord_receipts,advertisement,1,0.7339,data/raw/pool/pos_cord_receipts_00069.jpg
data/raw/pool/pos_cord_receipts_00070.jpg,cord_receipts,budget,1,0.5920,data/raw/pool/pos_cord_receipts_00070.jpg
data/raw/pool/pos_cord_receipts_00071.jpg,cord_receipts,advertisement,1,0.4589,data/raw/pool/pos_cord_receipts_00071.jpg
data/raw/pool/pos_cord_receipts_00072.jpg,cord_receipts,form,1,0.5322,data/raw/pool/pos_cord_receipts_00072.jpg
data/raw/pool/pos_cord_receipts_00073.jpg,cord_receipts,handwritten,1,0.3945,data/raw/pool/pos_cord_receipts_00073.jpg
data/raw/pool/pos_cord_receipts_00074.jpg,cord_receipts,advertisement,1,0.7821,data/raw/pool/pos_cord_receipts_00074.jpg
data/raw/pool/pos_cord_receipts_00075.jpg,cord_receipts,invoice,1,0.8220,data/raw/pool/pos_cord_receipts_00075.jpg
data/raw/pool/pos_cord_receipts_00076.jpg,cord_receipts,advertisement,1,0.4990,data/raw/pool/pos_cord_receipts_00076.jpg
data/raw/pool/pos_cord_receipts_00077.jpg,cord_receipts,invoice,1,0.6991,data/raw/pool/pos_cord_receipts_00077.jpg
data/raw/pool/pos_cord_receipts_00078.jpg,cord_receipts,advertisement,1,0.4804,data/raw/pool/pos_cord_receipts_00078.jpg
data/raw/pool/pos_cord_receipts_00079.jpg,cord_receipts,advertisement,1,0.7916,data/raw/pool/pos_cord_receipts_00079.jpg
data/raw/pool/pos_cord_receipts_00080.jpg,cord_receipts,invoice,1,0.8344,data/raw/pool/pos_cord_receipts_00080.jpg
data/raw/pool/pos_cord_receipts_00081.jpg,cord_receipts,file folder,1,0.3384,data/raw/pool/pos_cord_receipts_00081.jpg
data/raw/pool/pos_cord_receipts_00082.jpg,cord_receipts,advertisement,1,0.8652,data/raw/pool/pos_cord_receipts_00082.jpg
data/raw/pool/pos_cord_receipts_00083.jpg,cord_receipts,advertisement,1,0.7218,data/raw/pool/pos_cord_receipts_00083.jpg
data/raw/pool/pos_cord_receipts_00084.jpg,cord_receipts,invoice,1,0.6058,data/raw/pool/pos_cord_receipts_00084.jpg
data/raw/pool/pos_cord_receipts_00085.jpg,cord_receipts,advertisement,1,0.4602,data/raw/pool/pos_cord_receipts_00085.jpg
data/raw/pool/pos_cord_receipts_00086.jpg,cord_receipts,invoice,1,0.5561,data/raw/pool/pos_cord_receipts_00086.jpg
data/raw/pool/pos_cord_receipts_00087.jpg,cord_receipts,invoice,1,0.5080,data/raw/pool/pos_cord_receipts_00087.jpg
data/raw/pool/pos_cord_receipts_00088.jpg,cord_receipts,advertisement,1,0.3484,data/raw/pool/pos_cord_receipts_00088.jpg
data/raw/pool/pos_cord_receipts_00089.jpg,cord_receipts,advertisement,1,0.8477,data/raw/pool/pos_cord_receipts_00089.jpg
data/raw/pool/pos_cord_receipts_00090.jpg,cord_receipts,budget,1,0.5058,data/raw/pool/pos_cord_receipts_00090.jpg
data/raw/pool/pos_cord_receipts_00091.jpg,cord_receipts,advertisement,1,0.7700,data/raw/pool/pos_cord_receipts_00091.jpg
data/raw/pool/pos_cord_receipts_00092.jpg,cord_receipts,advertisement,1,0.8189,data/raw/pool/pos_cord_receipts_00092.jpg
data/raw/pool/pos_cord_receipts_00093.jpg,cord_receipts,advertisement,1,0.5185,data/raw/pool/pos_cord_receipts_00093.jpg
data/raw/pool/pos_cord_receipts_00094.jpg,cord_receipts,form,1,0.5440,data/raw/pool/pos_cord_receipts_00094.jpg
data/raw/pool/pos_cord_receipts_00095.jpg,cord_receipts,invoice,1,0.5150,data/raw/pool/pos_cord_receipts_00095.jpg
data/raw/pool/pos_cord_receipts_00096.jpg,cord_receipts,invoice,1,0.6592,data/raw/pool/pos_cord_receipts_00096.jpg
data/raw/pool/pos_cord_receipts_00097.jpg,cord_receipts,invoice,1,0.5117,data/raw/pool/pos_cord_receipts_00097.jpg
data/raw/pool/pos_cord_receipts_00098.jpg,cord_receipts,invoice,1,0.7595,data/raw/pool/pos_cord_receipts_00098.jpg
data/raw/pool/pos_cord_receipts_00099.jpg,cord_receipts,advertisement,1,0.6161,data/raw/pool/pos_cord_receipts_00099.jpg
data/raw/pool/pos_cord_receipts_00100.jpg,cord_receipts,invoice,1,0.3691,data/raw/pool/pos_cord_receipts_00100.jpg
data/raw/pool/pos_cord_receipts_00101.jpg,cord_receipts,budget,1,0.7019,data/raw/pool/pos_cord_receipts_00101.jpg
data/raw/pool/pos_cord_receipts_00102.jpg,cord_receipts,file folder,1,0.8772,data/raw/pool/pos_cord_receipts_00102.jpg
data/raw/pool/pos_cord_receipts_00103.jpg,cord_receipts,invoice,1,0.7737,data/raw/pool/pos_cord_receipts_00103.jpg
data/raw/pool/pos_cord_receipts_00104.jpg,cord_receipts,invoice,1,0.3593,data/raw/pool/pos_cord_receipts_00104.jpg
data/raw/pool/pos_cord_receipts_00105.jpg,cord_receipts,handwritten,1,0.7850,data/raw/pool/pos_cord_receipts_00105.jpg
data/raw/pool/pos_cord_receipts_00106.jpg,cord_receipts,advertisement,1,0.4114,data/raw/pool/pos_cord_receipts_00106.jpg
data/raw/pool/pos_cord_receipts_00107.jpg,cord_receipts,invoice,1,0.8517,data/raw/pool/pos_cord_receipts_00107.jpg
data/raw/pool/pos_cord_receipts_00108.jpg,cord_receipts,advertisement,1,0.7947,data/raw/pool/pos_cord_receipts_00108.jpg
data/raw/pool/pos_cord_receipts_00109.jpg,cord_receipts,invoice,1,0.5710,data/raw/pool/pos_cord_receipts_00109.jpg
data/raw/pool/pos_cord_receipts_00110.jpg,cord_receipts,invoice,1,0.4990,data/raw/pool/pos_cord_receipts_00110.jpg
data/raw/pool/pos_cord_receipts_00111.jpg,cord_receipts,invoice,1,0.8406,data/raw/pool/pos_cord_receipts_00111.jpg
data/raw/pool/pos_cord_receipts_00112.jpg,cord_receipts,budget,1,0.8644,data/raw/pool/pos_cord_receipts_00112.jpg
data/raw/pool/pos_cord_receipts_00113.jpg,cord_receipts,advertisement,1,0.7839,data/raw/pool/pos_cord_receipts_00113.jpg
data/raw/pool/pos_cord_receipts_00114.jpg,cord_receipts,invoice,1,0.4773,data/raw/pool/pos_cord_receipts_00114.jpg
data/raw/pool/pos_cord_receipts_00115.jpg,cord_receipts,advertisement,1,0.6409,data/raw/pool/pos_cord_receipts_00115.jpg
data/raw/pool/pos_cord_receipts_00116.jpg,cord_receipts,budget,1,0.3024,data/raw/pool/pos_cord_receipts_00116.jpg
data/raw/pool/pos_cord_receipts_00117.jpg,cord_receipts,scientific report,1,0.5216,data/raw/pool/pos_cord_receipts_00117.jpg
data/raw/pool/pos_cord_receipts_00118.jpg,cord_receipts,advertisement,1,0.4725,data/raw/pool/pos_cord_receipts_00118.jpg
data/raw/pool/pos_cord_receipts_00119.jpg,cord_receipts,advertisement,1,0.6393,data/raw/pool/pos_cord_receipts_00119.jpg
data/raw/pool/pos_cord_receipts_00120.jpg,cord_receipts,budget,1,0.3680,data/raw/pool/pos_cord_receipts_00120.jpg
data/raw/pool/pos_cord_receipts_00121.jpg,cord_receipts,invoice,1,0.5442,data/raw/pool/pos_cord_receipts_00121.jpg
data/raw/pool/pos_cord_receipts_00122.jpg,cord_receipts,advertisement,1,0.8314,data/raw/pool/pos_cord_receipts_00122.jpg
data/raw/pool/pos_cord_receipts_00123.jpg,cord_receipts,invoice,1,0.7206,data/raw/pool/pos_cord_receipts_00123.jpg
data/raw/pool/pos_cord_receipts_00124.jpg,cord_receipts,invoice,1,0.7812,data/raw/pool/pos_cord_receipts_00124.jpg
data/raw/pool/pos_cord_receipts_00125.jpg,cord_receipts,advertisement,1,0.5748,data/raw/pool/pos_cord_receipts_00125.jpg
data/raw/pool/pos_cord_receipts_00126.jpg,cord_receipts,invoice,1,0.7857,data/raw/pool/pos_cord_receipts_00126.jpg
data/raw/pool/pos_cord_receipts_00127.jpg,cord_receipts,handwritten,1,0.4601,data/raw/pool/pos_cord_receipts_00127.jpg
data/raw/pool/pos_cord_receipts_00128.jpg,cord_receipts,advertisement,1,0.7090,data/raw/pool/pos_cord_receipts_00128.jpg
data/raw/pool/pos_cord_receipts_00129.jpg,cord_receipts,advertisement,1,0.8798,data/raw/pool/pos_cord_receipts_00129.jpg
data/raw/pool/pos_cord_receipts_00130.jpg,cord_receipts,advertisement,1,0.4924,data/raw/pool/pos_cord_receipts_00130.jpg
data/raw/pool/pos_cord_receipts_00131.jpg,cord_receipts,advertisement,1,0.6226,data/raw/pool/pos_cord_receipts_00131.jpg
data/raw/pool/pos_cord_receipts_00132.jpg,cord_receipts,advertisement,1,0.8775,data/raw/pool/pos_cord_receipts_00132.jpg
data/raw/pool/pos_cord_receipts_00133.jpg,cord_receipts,advertisement,1,0.3247,data/raw/pool/pos_cord_receipts_00133.jpg
data/raw/pool/pos_cord_receipts_00134.jpg,cord_receipts,invoice,1,0.3382,data/raw/pool/pos_cord_receipts_00134.jpg
data/raw/pool/pos_cord_receipts_00135.jpg,cord_receipts,budget,1,0.6106,data/raw/pool/pos_cord_receipts_00135.jpg
data/raw/pool/pos_cord_receipts_00136.jpg,cord_receipts,budget,1,0.3906,data/raw/pool/pos_cord_receipts_00136.jpg
data/raw/pool/pos_cord_receipts_00137.jpg,cord_receipts,advertisement,1,0.4078,data/raw/pool/pos_cord_receipts_00137.jpg
data/raw/pool/pos_cord_receipts_00138.jpg,cord_receipts,specification,1,0.4149,data/raw/pool/pos_cord_receipts_00138.jpg
data/raw/pool/pos_cord_receipts_00139.jpg,cord_receipts,invoice,1,0.8612,data/raw/pool/pos_cord_receipts_00139.jpg
data/raw/pool/pos_cord_receipts_00140.jpg,cord_receipts,budget,1,0.3323,data/raw/pool/pos_cord_receipts_00140.jpg
data/raw/pool/pos_cord_receipts_00141.jpg,cord_receipts,file folder,1,0.4660,data/raw/pool/pos_cord_receipts_00141.jpg
data/raw/pool/pos_cord_receipts_00142.jpg,cord_receipts,budget,1,0.4851,data/raw/pool/pos_cord_receipts_00142.jpg
data/raw/pool/pos_cord_receipts_00143.jpg,cord_receipts,invoice,1,0.6572,data/raw/pool/pos_cord_receipts_00143.jpg
data/raw/pool/pos_cord_receipts_00144.jpg,cord_receipts,advertisement,1,0.6396,data/raw/pool/pos_cord_receipts_00144.jpg
data/raw/pool/pos_cord_receipts_00145.jpg,cord_receipts,invoice,1,0.4517,data/raw/pool/pos_cord_receipts_00145.jpg
data/raw/pool/pos_cord_receipts_00146.jpg,cord_receipts,budget,1,0.8471,data/raw/pool/pos_cord_receipts_00146.jpg
data/raw/pool/pos_cord_receipts_00147.jpg,cord_receipts,scientific publication,1,0.2414,data/raw/pool/pos_cord_receipts_00147.jpg
data/raw/pool/pos_cord_receipts_00148.jpg,cord_receipts,advertisement,1,0.6079,data/raw/pool/pos_cord_receipts_00148.jpg
data/raw/pool/pos_cord_receipts_00149.jpg,cord_receipts,budget,1,0.5158,data/raw/pool/pos_cord_receipts_00149.jpg
data/raw/pool/pos_cord_receipts_00150.jpg,cord_receipts,invoice,1,0.5194,data/raw/pool/pos_cord_receipts_00150.jpg
data/raw/pool/pos_cord_receipts_00151.jpg,cord_receipts,advertisement,1,0.2854,data/raw/pool/pos_cord_receipts_00151.jpg
data/raw/pool/pos_cord_receipts_00152.jpg,cord_receipts,invoice,1,0.6590,data/raw/pool/pos_cord_receipts_00152.jpg
data/raw/pool/pos_cord_receipts_00153.jpg,cord_receipts,invoice,1,0.6677,data/raw/pool/pos_cord_receipts_00153.jpg
data/raw/pool/pos_cord_receipts_00154.jpg,cord_receipts,invoice,1,0.8054,data/raw/pool/pos_cord_receipts_00154.jpg
data/raw/pool/pos_cord_receipts_00155.jpg,cord_receipts,budget,1,0.4656,data/raw/pool/pos_cord_receipts_00155.jpg
data/raw/pool/pos_cord_receipts_00156.jpg,cord_receipts,handwritten,1,0.4231,data/raw/pool/pos_cord_receipts_00156.jpg
data/raw/pool/pos_cord_receipts_00157.jpg,cord_receipts,invoice,1,0.3870,data/raw/pool/pos_cord_receipts_00157.jpg
data/raw/pool/pos_cord_receipts_00158.jpg,cord_receipts,budget,1,0.4628,data/raw/pool/pos_cord_receipts_00158.jpg
data/raw/pool/pos_cord_receipts_00159.jpg,cord_receipts,handwritten,1,0.7642,data/raw/pool/pos_cord_receipts_00159.jpg
data/raw/pool/pos_cord_receipts_00160.jpg,cord_receipts,invoice,1,0.5758,data/raw/pool/pos_cord_receipts_00160.jpg
data/raw/pool/pos_cord_receipts_00161.jpg,cord_receipts,advertisement,1,0.3535,data/raw/pool/pos_cord_receipts_00161.jpg
data/raw/pool/pos_cord_receipts_00162.jpg,cord_receipts,invoice,1,0.5286,data/raw/pool/pos_cord_receipts_00162.jpg
data/raw/pool/pos_cord_receipts_00163.jpg,cord_receipts,invoice,1,0.8303,data/raw/pool/pos_cord_receipts_00163.jpg
data/raw/pool/pos_cord_receipts_00164.jpg,cord_receipts,invoice,1,0.8266,data/raw/pool/pos_cord_receipts_00164.jpg
data/raw/pool/pos_cord_receipts_00165.jpg,cord_receipts,advertisement,1,0.6500,data/raw/pool/pos_cord_receipts_00165.jpg
data/raw/pool/pos_cord_receipts_00166.jpg,cord_receipts,invoice,1,0.2810,data/raw/pool/pos_cord_receipts_00166.jpg
data/raw/pool/pos_cord_receipts_00167.jpg,cord_receipts,handwritten,1,0.2837,data/raw/pool/pos_cord_receipts_00167.jpg
data/raw/pool/pos_cord_receipts_00168.jpg,cord_receipts,invoice,1,0.7057,data/raw/pool/pos_cord_receipts_00168.jpg
data/raw/pool/pos_cord_receipts_00169.jpg,cord_receipts,advertisement,1,0.4923,data/raw/pool/pos_cord_receipts_00169.jpg
data/raw/pool/pos_cord_receipts_00170.jpg,cord_receipts,budget,1,0.4144,data/raw/pool/pos_cord_receipts_00170.jpg
data/raw/pool/pos_cord_receipts_00171.jpg,cord_receipts,budget,1,0.8181,data/raw/pool/pos_cord_receipts_00171.jpg
data/raw/pool/pos_cord_receipts_00172.jpg,cord_receipts,advertisement,1,0.4573,data/raw/pool/pos_cord_receipts_00172.jpg
data/raw/pool/pos_cord_receipts_00173.jpg,cord_receipts,advertisement,1,0.7800,data/raw/pool/pos_cord_receipts_00173.jpg
data/raw/pool/pos_cord_receipts_00174.jpg,cord_receipts,invoice,1,0.5380,data/raw/pool/pos_cord_receipts_00174.jpg
data/raw/pool/pos_cord_receipts_00175.jpg,cord_receipts,scientific report,1,0.2988,data/raw/pool/pos_cord_receipts_00175.jpg
data/raw/pool/pos_cord_receipts_00176.jpg,cord_receipts,invoice,1,0.8526,data/raw/pool/pos_cord_receipts_00176.jpg
data/raw/pool/pos_cord_receipts_00177.jpg,cord_receipts,budget,1,0.7448,data/raw/pool/pos_cord_receipts_00177.jpg
data/raw/pool/pos_cord_receipts_00178.jpg,cord_receipts,form,1,0.3504,data/raw/pool/pos_cord_receipts_00178.jpg
data/raw/pool/pos_cord_receipts_00179.jpg,cord_receipts,invoice,1,0.7292,data/raw/pool/pos_cord_receipts_00179.jpg
data/raw/pool/pos_cord_receipts_00180.jpg,cord_receipts,invoice,1,0.8761,data/raw/pool/pos_cord_receipts_00180.jpg
data/raw/pool/pos_cord_receipts_00181.jpg,cord_receipts,invoice,1,0.8397,data/raw/pool/pos_cord_receipts_00181.jpg
data/raw/pool/pos_cord_receipts_00182.jpg,cord_receipts,invoice,1,0.4901,data/raw/pool/pos_cord_receipts_00182.jpg
data/raw/pool/pos_cord_receipts_00183.jpg,cord_receipts,advertisement,1,0.7841,data/raw/pool/pos_cord_receipts_00183.jpg
data/raw/pool/pos_cord_receipts_00184.jpg,cord_receipts,budget,1,0.3309,data/raw/pool/pos_cord_receipts_00184.jpg
data/raw/pool/pos_cord_receipts_00185.jpg,cord_receipts,budget,1,0.4899,data/raw/pool/pos_cord_receipts_00185.jpg
data/raw/pool/pos_cord_receipts_00186.jpg,cord_receipts,advertisement,1,0.6006,data/raw/pool/pos_cord_receipts_00186.jpg
data/raw/pool/pos_cord_receipts_00187.jpg,cord_receipts,advertisement,1,0.8432,data/raw/pool/pos_cord_receipts_00187.jpg
data/raw/pool/pos_cord_receipts_00188.jpg,cord_receipts,budget,1,0.4110,data/raw/pool/pos_cord_receipts_00188.jpg
data/raw/pool/pos_cord_receipts_00189.jpg,cord_receipts,advertisement,1,0.8710,data/raw/pool/pos_cord_receipts_00189.jpg
data/raw/pool/pos_cord_receipts_00190.jpg,cord_receipts,advertisement,1,0.8244,data/raw/pool/pos_cord_receipts_00190.jpg
data/raw/pool/pos_cord_receipts_00191.jpg,cord_receipts,advertisement,1,0.4362,data/raw/pool/pos_cord_receipts_00191.jpg
data/raw/pool/pos_cord_receipts_00192.jpg,cord_receipts,invoice,1,0.7517,data/raw/pool/pos_cord_receipts_00192.jpg
data/raw/pool/pos_cord_receipts_00193.jpg,cord_receipts,presentation,1,0.3718,data/raw/pool/pos_cord_receipts_00193.jpg
data/raw/pool/pos_cord_receipts_00194.jpg,cord_receipts,presentation,1,0.2878,data/raw/pool/pos_cord_receipts_00194.jpg
data/raw/pool/pos_cord_receipts_00195.jpg,cord_receipts,advertisement,1,0.5690,data/raw/pool/pos_cord_receipts_00195.jpg
data/raw/pool/pos_cord_receipts_00196.jpg,cord_receipts,budget,1,0.4260,data/raw/pool/pos_cord_receipts_00196.jpg
data/raw/pool/pos_cord_receipts_00197.jpg,cord_receipts,advertisement,1,0.5514,data/raw/pool/pos_cord_receipts_00197.jpg
data/raw/pool/pos_cord_receipts_00198.jpg,cord_receipts,invoice,1,0.8461,data/raw/pool/pos_cord_receipts_00198.jpg
data/raw/pool/pos_cord_receipts_00199.jpg,cord_receipts,advertisement,1,0.4476,data/raw/pool/pos_cord_receipts_00199.jpg
data/raw/pool/pos_cord_receipts_00200.jpg,cord_receipts,budget,1,0.8150,data/raw/pool/pos_cord_receipts_00200.jpg
data/raw/pool/pos_cord_receipts_00201.jpg,cord_receipts,budget,1,0.7645,data/raw/pool/pos_cord_receipts_00201.jpg
data/raw/pool/pos_cord_receipts_00202.jpg,cord_receipts,advertisement,1,0.4071,data/raw/pool/pos_cord_receipts_00202.jpg
data/raw/pool/pos_cord_receipts_00203.jpg,cord_receipts,advertisement,1,0.6853,data/raw/pool/pos_cord_receipts_00203.jpg
data/raw/pool/pos_cord_receipts_00204.jpg,cord_receipts,budget,1,0.4518,data/raw/pool/pos_cord_receipts_00204.jpg
data/raw/pool/pos_cord_receipts_00205.jpg,cord_receipts,advertisement,1,0.8625,data/raw/pool/pos_cord_receipts_00205.jpg
data/raw/pool/pos_cord_receipts_00206.jpg,cord_receipts,invoice,1,0.3510,data/raw/pool/pos_cord_receipts_00206.jpg
data/raw/pool/pos_cord_receipts_00207.jpg,cord_receipts,advertisement,1,0.6501,data/raw/pool/pos_cord_receipts_00207.jpg
data/raw/pool/pos_cord_receipts_00208.jpg,cord_receipts,invoice,1,0.8572,data/raw/pool/pos_cord_receipts_00208.jpg
data/raw/pool/pos_cord_receipts_00209.jpg,cord_receipts,advertisement,1,0.6654,data/raw/pool/pos_cord_receipts_00209.jpg
data/raw/pool/pos_cord_receipts_00210.jpg,cord_receipts,advertisement,1,0.7874,data/raw/pool/pos_cord_receipts_00210.jpg
data/raw/pool/pos_cord_receipts_00211.jpg,cord_receipts,advertisement,1,0.7513,data/raw/pool/pos_cord_receipts_00211.jpg
data/raw/pool/pos_cord_receipts_00212.jpg,cord_receipts,advertisement,1,0.3329,data/raw/pool/pos_cord_receipts_00212.jpg
data/raw/pool/pos_cord_receipts_00213.jpg,cord_receipts,invoice,1,0.8629,data/raw/pool/pos_cord_receipts_00213.jpg
data/raw/pool/pos_cord_receipts_00214.jpg,cord_receipts,invoice,1,0.6436,data/raw/pool/pos_cord_receipts_00214.jpg
data/raw/pool/pos_cord_receipts_00215.jpg,cord_receipts,advertisement,1,0.7117,data/raw/pool/pos_cord_receipts_00215.jpg
data/raw/pool/pos_cord_receipts_00216.jpg,cord_receipts,invoice,1,0.5477,data/raw/pool/pos_cord_receipts_00216.jpg
data/raw/pool/pos_cord_receipts_00217.jpg,cord_receipts,form,1,0.4897,data/raw/pool/pos_cord_receipts_00217.jpg
data/raw/pool/pos_cord_receipts_00218.jpg,cord_receipts,invoice,1,0.6414,data/raw/pool/pos_cord_receipts_00218.jpg
data/raw/pool/pos_cord_receipts_00219.jpg,cord_receipts,budget,1,0.6798,data/raw/pool/pos_cord_receipts_00219.jpg
data/raw/pool/pos_cord_receipts_00220.jpg,cord_receipts,budget,1,0.7153,data/raw/pool/pos_cord_receipts_00220.jpg
data/raw/pool/pos_cord_receipts_00221.jpg,cord_receipts,advertisement,1,0.5454,data/raw/pool/pos_cord_receipts_00221.jpg
data/raw/pool/pos_cord_receipts_00222.jpg,cord_receipts,advertisement,1,0.7536,data/raw/pool/pos_cord_receipts_00222.jpg
data/raw/pool/pos_cord_receipts_00223.jpg,cord_receipts,advertisement,1,0.4178,data/raw/pool/pos_cord_receipts_00223.jpg
data/raw/pool/pos_cord_receipts_00224.jpg,cord_receipts,invoice,1,0.8450,data/raw/pool/pos_cord_receipts_00224.jpg
data/raw/pool/pos_cord_receipts_00225.jpg,cord_receipts,budget,1,0.4031,data/raw/pool/pos_cord_receipts_00225.jpg
data/raw/pool/pos_cord_receipts_00226.jpg,cord_receipts,budget,1,0.5246,data/raw/pool/pos_cord_receipts_00226.jpg
data/raw/pool/pos_cord_receipts_00227.jpg,cord_receipts,advertisement,1,0.3006,data/raw/pool/pos_cord_receipts_00227.jpg
data/raw/pool/pos_cord_receipts_00228.jpg,cord_receipts,advertisement,1,0.7425,data/raw/pool/pos_cord_receipts_00228.jpg
data/raw/pool/pos_cord_receipts_00229.jpg,cord_receipts,budget,1,0.6687,data/raw/pool/pos_cord_receipts_00229.jpg
data/raw/pool/pos_cord_receipts_00230.jpg,cord_receipts,budget,1,0.2488,data/raw/pool/pos_cord_receipts_00230.jpg
data/raw/pool/pos_cord_receipts_00231.jpg,cord_receipts,invoice,1,0.8596,data/raw/pool/pos_cord_receipts_00231.jpg
data/raw/pool/pos_cord_receipts_00232.jpg,cord_receipts,budget,1,0.8828,data/raw/pool/pos_cord_receipts_00232.jpg
data/raw/pool/pos_cord_receipts_00233.jpg,cord_receipts,invoice,1,0.3990,data/raw/pool/pos_cord_receipts_00233.jpg
data/raw/pool/pos_cord_receipts_00234.jpg,cord_receipts,advertisement,1,0.4044,data/raw/pool/pos_cord_receipts_00234.jpg
data/raw/pool/pos_cord_receipts_00235.jpg,cord_receipts,budget,1,0.7313,data/raw/pool/pos_cord_receipts_00235.jpg
data/raw/pool/pos_cord_receipts_00236.jpg,cord_receipts,invoice,1,0.7182,data/raw/pool/pos_cord_receipts_00236.jpg
data/raw/pool/pos_cord_receipts_00237.jpg,cord_receipts,invoice,1,0.7567,data/raw/pool/pos_cord_receipts_00237.jpg
data/raw/pool/pos_cord_receipts_00238.jpg,cord_receipts,invoice,1,0.8334,data/raw/pool/pos_cord_receipts_00238.jpg
data/raw/pool/pos_cord_receipts_00239.jpg,cord_receipts,advertisement,1,0.3968,data/raw/pool/pos_cord_receipts_00239.jpg
data/raw/pool/pos_cord_receipts_00240.jpg,cord_receipts,invoice,1,0.4846,data/raw/pool/pos_cord_receipts_00240.jpg
data/raw/pool/pos_cord_receipts_00241.jpg,cord_receipts,invoice,1,0.6464,data/raw/pool/pos_cord_receipts_00241.jpg
data/raw/pool/pos_cord_receipts_00242.jpg,cord_receipts,invoice,1,0.5022,data/raw/pool/pos_cord_receipts_00242.jpg
data/raw/pool/pos_cord_receipts_00243.jpg,cord_receipts,budget,1,0.7446,data/raw/pool/pos_cord_receipts_00243.jpg
data/raw/pool/pos_cord_receipts_00244.jpg,cord_receipts,invoice,1,0.5277,data/raw/pool/pos_cord_receipts_00244.jpg
data/raw/pool/pos_cord_receipts_00245.jpg,cord_receipts,budget,1,0.5028,data/raw/pool/pos_cord_receipts_00245.jpg
data/raw/pool/pos_cord_receipts_00246.jpg,cord_receipts,advertisement,1,0.3150,data/raw/pool/pos_cord_receipts_00246.jpg
data/raw/pool/pos_cord_receipts_00247.jpg,cord_receipts,invoice,1,0.8703,data/raw/pool/pos_cord_receipts_00247.jpg
data/raw/pool/pos_cord_receipts_00248.jpg,cord_receipts,advertisement,1,0.7369,data/raw/pool/pos_cord_receipts_00248.jpg
data/raw/pool/pos_cord_receipts_00249.jpg,cord_receipts,invoice,1,0.7192,data/raw/pool/pos_cord_receipts_00249.jpg
data/raw/pool/pos_cord_receipts_00250.jpg,cord_receipts,file folder,1,0.3348,data/raw/pool/pos_cord_receipts_00250.jpg
data/raw/pool/pos_cord_receipts_00251.jpg,cord_receipts,invoice,1,0.5382,data/raw/pool/pos_cord_receipts_00251.jpg
data/raw/pool/pos_cord_receipts_00252.jpg,cord_receipts,invoice,1,0.6797,data/raw/pool/pos_cord_receipts_00252.jpg
data/raw/pool/pos_cord_receipts_00253.jpg,cord_receipts,advertisement,1,0.8259,data/raw/pool/pos_cord_receipts_00253.jpg
data/raw/pool/pos_cord_receipts_00254.jpg,cord_receipts,invoice,1,0.4487,data/raw/pool/pos_cord_receipts_00254.jpg
data/raw/pool/pos_cord_receipts_00255.jpg,cord_receipts,invoice,1,0.6992,data/raw/pool/pos_cord_receipts_00255.jpg
data/raw/pool/pos_cord_receipts_00256.jpg,cord_receipts,budget,1,0.5697,data/raw/pool/pos_cord_receipts_00256.jpg
data/raw/pool/pos_cord_receipts_00257.jpg,cord_receipts,advertisement,1,0.6796,data/raw/pool/pos_cord_receipts_00257.jpg
data/raw/pool/pos_cord_receipts_00258.jpg,cord_receipts,advertisement,1,0.7155,data/raw/pool/pos_cord_receipts_00258.jpg
data/raw/pool/pos_cord_receipts_00259.jpg,cord_receipts,file folder,1,0.2414,data/raw/pool/pos_cord_receipts_00259.jpg
data/raw/pool/pos_cord_receipts_00260.jpg,cord_receipts,invoice,1,0.8232,data/raw/pool/pos_cord_receipts_00260.jpg
data/raw/pool/pos_cord_receipts_00261.jpg,cord_receipts,invoice,1,0.8450,data/raw/pool/pos_cord_receipts_00261.jpg
data/raw/pool/pos_cord_receipts_00262.jpg,cord_receipts,advertisement,1,0.3377,data/raw/pool/pos_cord_receipts_00262.jpg
data/raw/pool/pos_cord_receipts_00263.jpg,cord_receipts,file folder,1,0.7171,data/raw/pool/pos_cord_receipts_00263.jpg
data/raw/pool/pos_cord_receipts_00264.jpg,cord_receipts,budget,1,0.7721,data/raw/pool/pos_cord_receipts_00264.jpg
data/raw/pool/pos_cord_receipts_00265.jpg,cord_receipts,advertisement,1,0.5992,data/raw/pool/pos_cord_receipts_00265.jpg
data/raw/pool/pos_cord_receipts_00266.jpg,cord_receipts,invoice,1,0.5524,data/raw/pool/pos_cord_receipts_00266.jpg
data/raw/pool/pos_cord_receipts_00267.jpg,cord_receipts,advertisement,1,0.6046,data/raw/pool/pos_cord_receipts_00267.jpg
data/raw/pool/pos_cord_receipts_00268.jpg,cord_receipts,budget,1,0.8544,data/raw/pool/pos_cord_receipts_00268.jpg
data/raw/pool/pos_cord_receipts_00269.jpg,cord_receipts,invoice,1,0.8480,data/raw/pool/pos_cord_receipts_00269.jpg
data/raw/pool/pos_cord_receipts_00270.jpg,cord_receipts,advertisement,1,0.6299,data/raw/pool/pos_cord_receipts_00270.jpg
data/raw/pool/pos_cord_receipts_00271.jpg,cord_receipts,budget,1,0.3245,data/raw/pool/pos_cord_receipts_00271.jpg
data/raw/pool/pos_cord_receipts_00272.jpg,cord_receipts,invoice,1,0.2485,data/raw/pool/pos_cord_receipts_00272.jpg
data/raw/pool/pos_cord_receipts_00273.jpg,cord_receipts,invoice,1,0.3096,data/raw/pool/pos_cord_receipts_00273.jpg
data/raw/pool/pos_cord_receipts_00274.jpg,cord_receipts,invoice,1,0.8327,data/raw/pool/pos_cord_receipts_00274.jpg
data/raw/pool/pos_cord_receipts_00275.jpg,cord_receipts,budget,1,0.8050,data/raw/pool/pos_cord_receipts_00275.jpg
data/raw/pool/pos_cord_receipts_00276.jpg,cord_receipts,invoice,1,0.7699,data/raw/pool/pos_cord_receipts_00276.jpg
data/raw/pool/pos_cord_receipts_00277.jpg,cord_receipts,advertisement,1,0.7949,data/raw/pool/pos_cord_receipts_00277.jpg
data/raw/pool/pos_cord_receipts_00278.jpg,cord_receipts,advertisement,1,0.8388,data/raw/pool/pos_cord_receipts_00278.jpg
data/raw/pool/pos_cord_receipts_00279.jpg,cord_receipts,invoice,1,0.4441,data/raw/pool/pos_cord_receipts_00279.jpg
data/raw/pool/pos_cord_receipts_00280.jpg,cord_receipts,invoice,1,0.7658,data/raw/pool/pos_cord_receipts_00280.jpg
data/raw/pool/pos_cord_receipts_00281.jpg,cord_receipts,advertisement,1,0.3223,data/raw/pool/pos_cord_receipts_00281.jpg
data/raw/pool/pos_cord_receipts_00282.jpg,cord_receipts,handwritten,1,0.6894,data/raw/pool/pos_cord_receipts_00282.jpg
data/raw/pool/pos_cord_receipts_00283.jpg,cord_receipts,file folder,1,0.3036,data/raw/pool/pos_cord_receipts_00283.jpg
data/raw/pool/pos_cord_receipts_00284.jpg,cord_receipts,invoice,1,0.4716,data/raw/pool/pos_cord_receipts_00284.jpg
data/raw/pool/pos_cord_receipts_00285.jpg,cord_receipts,advertisement,1,0.5992,data/raw/pool/pos_cord_receipts_00285.jpg
data/raw/pool/pos_cord_receipts_00286.jpg,cord_receipts,specification,1,0.3195,data/raw/pool/pos_cord_receipts_00286.jpg
data/raw/pool/pos_cord_receipts_00287.jpg,cord_receipts,advertisement,1,0.8442,data/raw/pool/pos_cord_receipts_00287.jpg
data/raw/pool/pos_cord_receipts_00288.jpg,cord_receipts,specification,1,0.5271,data/raw/pool/pos_cord_receipts_00288.jpg
data/raw/pool/pos_cord_receipts_00289.jpg,cord_receipts,invoice,1,0.7963,data/raw/pool/pos_cord_receipts_00289.jpg
data/raw/pool/pos_cord_receipts_00290.jpg,cord_receipts,specification,1,0.1891,data/raw/pool/pos_cord_receipts_00290.jpg
data/raw/pool/pos_cord_receipts_00291.jpg,cord_receipts,invoice,1,0.2947,data/raw/pool/pos_cord_receipts_00291.jpg
data/raw/pool/pos_cord_receipts_00292.jpg,cord_receipts,invoice,1,0.3836,data/raw/pool/pos_cord_receipts_00292.jpg
data/raw/pool/pos_cord_receipts_00293.jpg,cord_receipts,invoice,1,0.3576,data/raw/pool/pos_cord_receipts_00293.jpg
data/raw/pool/pos_cord_receipts_00294.jpg,cord_receipts,invoice,1,0.5134,data/raw/pool/pos_cord_receipts_00294.jpg
data/raw/pool/pos_cord_receipts_00295.jpg,cord_receipts,invoice,1,0.6715,data/raw/pool/pos_cord_receipts_00295.jpg
data/raw/pool/pos_cord_receipts_00296.jpg,cord_receipts,advertisement,1,0.8839,data/raw/pool/pos_cord_receipts_00296.jpg
data/raw/pool/pos_cord_receipts_00297.jpg,cord_receipts,budget,1,0.3765,data/raw/pool/pos_cord_receipts_00297.jpg
data/raw/pool/pos_cord_receipts_00298.jpg,cord_receipts,budget,1,0.4949,data/raw/pool/pos_cord_receipts_00298.jpg
data/raw/pool/pos_cord_receipts_00299.jpg,cord_receipts,invoice,1,0.6421,data/raw/pool/pos_cord_receipts_00299.jpg
data/raw/pool/pos_cord_receipts_00300.jpg,cord_receipts,invoice,1,0.8166,data/raw/pool/pos_cord_receipts_00300.jpg
data/raw/pool/pos_cord_receipts_00301.jpg,cord_receipts,invoice,1,0.4716,data/raw/pool/pos_cord_receipts_00301.jpg
data/raw/pool/pos_cord_receipts_00302.jpg,cord_receipts,invoice,1,0.5897,data/raw/pool/pos_cord_receipts_00302.jpg
data/raw/pool/pos_cord_receipts_00303.jpg,cord_receipts,invoice,1,0.6154,data/raw/pool/pos_cord_receipts_00303.jpg
data/raw/pool/pos_cord_receipts_00304.jpg,cord_receipts,budget,1,0.4358,data/raw/pool/pos_cord_receipts_00304.jpg
data/raw/pool/pos_cord_receipts_00305.jpg,cord_receipts,budget,1,0.5005,data/raw/pool/pos_cord_receipts_00305.jpg
data/raw/pool/pos_cord_receipts_00306.jpg,cord_receipts,invoice,1,0.7248,data/raw/pool/pos_cord_receipts_00306.jpg
data/raw/pool/pos_cord_receipts_00307.jpg,cord_receipts,advertisement,1,0.8894,data/raw/pool/pos_cord_receipts_00307.jpg
data/raw/pool/pos_cord_receipts_00308.jpg,cord_receipts,advertisement,1,0.8368,data/raw/pool/pos_cord_receipts_00308.jpg
data/raw/pool/pos_cord_receipts_00309.jpg,cord_receipts,file folder,1,0.2256,data/raw/pool/pos_cord_receipts_00309.jpg
data/raw/pool/pos_cord_receipts_00310.jpg,cord_receipts,invoice,1,0.6690,data/raw/pool/pos_cord_receipts_00310.jpg
data/raw/pool/pos_cord_receipts_00311.jpg,cord_receipts,invoice,1,0.7802,data/raw/pool/pos_cord_receipts_00311.jpg
data/raw/pool/pos_cord_receipts_00312.jpg,cord_receipts,advertisement,1,0.7550,data/raw/pool/pos_cord_receipts_00312.jpg
data/raw/pool/pos_cord_receipts_00313.jpg,cord_receipts,budget,1,0.5771,data/raw/pool/pos_cord_receipts_00313.jpg
data/raw/pool/pos_cord_receipts_00314.jpg,cord_receipts,invoice,1,0.6378,data/raw/pool/pos_cord_receipts_00314.jpg
data/raw/pool/pos_cord_receipts_00315.jpg,cord_receipts,file folder,1,0.3968,data/raw/pool/pos_cord_receipts_00315.jpg
data/raw/pool/pos_cord_receipts_00316.jpg,cord_receipts,budget,1,0.6803,data/raw/pool/pos_cord_receipts_00316.jpg
data/raw/pool/pos_cord_receipts_00317.jpg,cord_receipts,budget,1,0.3845,data/raw/pool/pos_cord_receipts_00317.jpg
data/raw/pool/pos_cord_receipts_00318.jpg,cord_receipts,advertisement,1,0.7822,data/raw/pool/pos_cord_receipts_00318.jpg
data/raw/pool/pos_cord_receipts_00319.jpg,cord_receipts,invoice,1,0.7269,data/raw/pool/pos_cord_receipts_00319.jpg
data/raw/pool/pos_cord_receipts_00320.jpg,cord_receipts,advertisement,1,0.3042,data/raw/pool/pos_cord_receipts_00320.jpg
data/raw/pool/pos_cord_receipts_00321.jpg,cord_receipts,invoice,1,0.8143,data/raw/pool/pos_cord_receipts_00321.jpg
data/raw/pool/pos_cord_receipts_00322.jpg,cord_receipts,invoice,1,0.7560,data/raw/pool/pos_cord_receipts_00322.jpg
data/raw/pool/pos_cord_receipts_00323.jpg,cord_receipts,advertisement,1,0.7961,data/raw/pool/pos_cord_receipts_00323.jpg
data/raw/pool/pos_cord_receipts_00324.jpg,cord_receipts,invoice,1,0.5498,data/raw/pool/pos_cord_receipts_00324.jpg
data/raw/pool/pos_cord_receipts_00325.jpg,cord_receipts,invoice,1,0.6309,data/raw/pool/pos_cord_receipts_00325.jpg
data/raw/pool/pos_cord_receipts_00326.jpg,cord_receipts,invoice,1,0.5238,data/raw/pool/pos_cord_receipts_00326.jpg
data/raw/pool/pos_cord_receipts_00327.jpg,cord_receipts,advertisement,1,0.6414,data/raw/pool/pos_cord_receipts_00327.jpg
data/raw/pool/pos_cord_receipts_00328.jpg,cord_receipts,invoice,1,0.5407,data/raw/pool/pos_cord_receipts_00328.jpg
data/raw/pool/pos_cord_receipts_00329.jpg,cord_receipts,advertisement,1,0.4913,data/raw/pool/pos_cord_receipts_00329.jpg
data/raw/pool/pos_cord_receipts_00330.jpg,cord_receipts,invoice,1,0.7352,data/raw/pool/pos_cord_receipts_00330.jpg
data/raw/pool/pos_cord_receipts_00331.jpg,cord_receipts,handwritten,1,0.5807,data/raw/pool/pos_cord_receipts_00331.jpg
data/raw/pool/pos_cord_receipts_00332.jpg,cord_receipts,budget,1,0.6797,data/raw/pool/pos_cord_receipts_00332.jpg
data/raw/pool/pos_cord_receipts_00333.jpg,cord_receipts,advertisement,1,0.7489,data/raw/pool/pos_cord_receipts_00333.jpg
data/raw/pool/pos_cord_receipts_00334.jpg,cord_receipts,invoice,1,0.7162,data/raw/pool/pos_cord_receipts_00334.jpg
data/raw/pool/pos_cord_receipts_00335.jpg,cord_receipts,invoice,1,0.4548,data/raw/pool/pos_cord_receipts_00335.jpg
data/raw/pool/pos_cord_receipts_00336.jpg,cord_receipts,invoice,1,0.5508,data/raw/pool/pos_cord_receipts_00336.jpg
data/raw/pool/pos_cord_receipts_00337.jpg,cord_receipts,invoice,1,0.6713,data/raw/pool/pos_cord_receipts_00337.jpg
data/raw/pool/pos_cord_receipts_00338.jpg,cord_receipts,advertisement,1,0.2797,data/raw/pool/pos_cord_receipts_00338.jpg
data/raw/pool/pos_cord_receipts_00339.jpg,cord_receipts,advertisement,1,0.7848,data/raw/pool/pos_cord_receipts_00339.jpg
data/raw/pool/pos_cord_receipts_00340.jpg,cord_receipts,advertisement,1,0.7065,data/raw/pool/pos_cord_receipts_00340.jpg
data/raw/pool/pos_cord_receipts_00341.jpg,cord_receipts,invoice,1,0.3965,data/raw/pool/pos_cord_receipts_00341.jpg
data/raw/pool/pos_cord_receipts_00342.jpg,cord_receipts,invoice,1,0.8546,data/raw/pool/pos_cord_receipts_00342.jpg
data/raw/pool/pos_cord_receipts_00343.jpg,cord_receipts,advertisement,1,0.6946,data/raw/pool/pos_cord_receipts_00343.jpg
data/raw/pool/pos_cord_receipts_00344.jpg,cord_receipts,advertisement,1,0.6678,data/raw/pool/pos_cord_receipts_00344.jpg
data/raw/pool/pos_cord_receipts_00345.jpg,cord_receipts,advertisement,1,0.4795,data/raw/pool/pos_cord_receipts_00345.jpg
data/raw/pool/pos_cord_receipts_00346.jpg,cord_receipts,advertisement,1,0.3650,data/raw/pool/pos_cord_receipts_00346.jpg
data/raw/pool/pos_cord_receipts_00347.jpg,cord_receipts,handwritten,1,0.3315,data/raw/pool/pos_cord_receipts_00347.jpg
data/raw/pool/pos_cord_receipts_00348.jpg,cord_receipts,invoice,1,0.9005,data/raw/pool/pos_cord_receipts_00348.jpg
data/raw/pool/pos_cord_receipts_00349.jpg,cord_receipts,budget,1,0.7237,data/raw/pool/pos_cord_receipts_00349.jpg
data/raw/pool/pos_cord_receipts_00350.jpg,cord_receipts,advertisement,1,0.8325,data/raw/pool/pos_cord_receipts_00350.jpg
data/raw/pool/pos_cord_receipts_00351.jpg,cord_receipts,invoice,1,0.8226,data/raw/pool/pos_cord_receipts_00351.jpg
data/raw/pool/pos_cord_receipts_00352.jpg,cord_receipts,invoice,1,0.8013,data/raw/pool/pos_cord_receipts_00352.jpg
data/raw/pool/pos_cord_receipts_00353.jpg,cord_receipts,advertisement,1,0.6044,data/raw/pool/pos_cord_receipts_00353.jpg
data/raw/pool/pos_cord_receipts_00354.jpg,cord_receipts,invoice,1,0.8842,data/raw/pool/pos_cord_receipts_00354.jpg
data/raw/pool/pos_cord_receipts_00355.jpg,cord_receipts,budget,1,0.8143,data/raw/pool/pos_cord_receipts_00355.jpg
data/raw/pool/pos_cord_receipts_00356.jpg,cord_receipts,advertisement,1,0.3450,data/raw/pool/pos_cord_receipts_00356.jpg
data/raw/pool/pos_cord_receipts_00357.jpg,cord_receipts,invoice,1,0.5938,data/raw/pool/pos_cord_receipts_00357.jpg
data/raw/pool/pos_cord_receipts_00358.jpg,cord_receipts,invoice,1,0.6422,data/raw/pool/pos_cord_receipts_00358.jpg
data/raw/pool/pos_cord_receipts_00359.jpg,cord_receipts,budget,1,0.7517,data/raw/pool/pos_cord_receipts_00359.jpg
data/raw/pool/pos_cord_receipts_00360.jpg,cord_receipts,advertisement,1,0.6154,data/raw/pool/pos_cord_receipts_00360.jpg
data/raw/pool/pos_cord_receipts_00361.jpg,cord_receipts,advertisement,1,0.3978,data/raw/pool/pos_cord_receipts_00361.jpg
data/raw/pool/pos_cord_receipts_00362.jpg,cord_receipts,budget,1,0.8149,data/raw/pool/pos_cord_receipts_00362.jpg
data/raw/pool/pos_cord_receipts_00363.jpg,cord_receipts,invoice,1,0.7948,data/raw/pool/pos_cord_receipts_00363.jpg
data/raw/pool/pos_cord_receipts_00364.jpg,cord_receipts,invoice,1,0.4467,data/raw/pool/pos_cord_receipts_00364.jpg
data/raw/pool/pos_cord_receipts_00365.jpg,cord_receipts,advertisement,1,0.7135,data/raw/pool/pos_cord_receipts_00365.jpg
data/raw/pool/pos_cord_receipts_00366.jpg,cord_receipts,invoice,1,0.6726,data/raw/pool/pos_cord_receipts_00366.jpg
data/raw/pool/pos_cord_receipts_00367.jpg,cord_receipts,advertisement,1,0.6896,data/raw/pool/pos_cord_receipts_00367.jpg
data/raw/pool/pos_cord_receipts_00368.jpg,cord_receipts,invoice,1,0.4311,data/raw/pool/pos_cord_receipts_00368.jpg
data/raw/pool/pos_cord_receipts_00369.jpg,cord_receipts,budget,1,0.5034,data/raw/pool/pos_cord_receipts_00369.jpg
data/raw/pool/pos_cord_receipts_00370.jpg,cord_receipts,invoice,1,0.8178,data/raw/pool/pos_cord_receipts_00370.jpg
data/raw/pool/pos_cord_receipts_00371.jpg,cord_receipts,invoice,1,0.2634,data/raw/pool/pos_cord_receipts_00371.jpg
data/raw/pool/pos_cord_receipts_00372.jpg,cord_receipts,advertisement,1,0.2725,data/raw/pool/pos_cord_receipts_00372.jpg
data/raw/pool/pos_cord_receipts_00373.jpg,cord_receipts,invoice,1,0.6894,data/raw/pool/pos_cord_receipts_00373.jpg
data/raw/pool/pos_cord_receipts_00374.jpg,cord_receipts,budget,1,0.3120,data/raw/pool/pos_cord_receipts_00374.jpg
data/raw/pool/pos_cord_receipts_00375.jpg,cord_receipts,invoice,1,0.8497,data/raw/pool/pos_cord_receipts_00375.jpg
data/raw/pool/pos_cord_receipts_00376.jpg,cord_receipts,invoice,1,0.4970,data/raw/pool/pos_cord_receipts_00376.jpg
data/raw/pool/pos_cord_receipts_00377.jpg,cord_receipts,advertisement,1,0.6178,data/raw/pool/pos_cord_receipts_00377.jpg
data/raw/pool/pos_cord_receipts_00378.jpg,cord_receipts,invoice,1,0.3572,data/raw/pool/pos_cord_receipts_00378.jpg
data/raw/pool/pos_cord_receipts_00379.jpg,cord_receipts,advertisement,1,0.6989,data/raw/pool/pos_cord_receipts_00379.jpg
data/raw/pool/pos_cord_receipts_00380.jpg,cord_receipts,invoice,1,0.6147,data/raw/pool/pos_cord_receipts_00380.jpg
data/raw/pool/pos_cord_receipts_00381.jpg,cord_receipts,invoice,1,0.6012,data/raw/pool/pos_cord_receipts_00381.jpg
data/raw/pool/pos_cord_receipts_00382.jpg,cord_receipts,invoice,1,0.8342,data/raw/pool/pos_cord_receipts_00382.jpg
data/raw/pool/pos_cord_receipts_00383.jpg,cord_receipts,invoice,1,0.6955,data/raw/pool/pos_cord_receipts_00383.jpg
data/raw/pool/pos_cord_receipts_00384.jpg,cord_receipts,budget,1,0.5085,data/raw/pool/pos_cord_receipts_00384.jpg
data/raw/pool/pos_cord_receipts_00385.jpg,cord_receipts,invoice,1,0.7114,data/raw/pool/pos_cord_receipts_00385.jpg
data/raw/pool/pos_cord_receipts_00386.jpg,cord_receipts,budget,1,0.8436,data/raw/pool/pos_cord_receipts_00386.jpg
data/raw/pool/pos_cord_receipts_00387.jpg,cord_receipts,advertisement,1,0.5467,data/raw/pool/pos_cord_receipts_00387.jpg
data/raw/pool/pos_cord_receipts_00388.jpg,cord_receipts,budget,1,0.4352,data/raw/pool/pos_cord_receipts_00388.jpg
data/raw/pool/pos_cord_receipts_00389.jpg,cord_receipts,invoice,1,0.8347,data/raw/pool/pos_cord_receipts_00389.jpg
data/raw/pool/pos_cord_receipts_00390.jpg,cord_receipts,advertisement,1,0.6975,data/raw/pool/pos_cord_receipts_00390.jpg
data/raw/pool/pos_cord_receipts_00391.jpg,cord_receipts,budget,1,0.4412,data/raw/pool/pos_cord_receipts_00391.jpg
data/raw/pool/pos_cord_receipts_00392.jpg,cord_receipts,invoice,1,0.3642,data/raw/pool/pos_cord_receipts_00392.jpg
data/raw/pool/pos_cord_receipts_00393.jpg,cord_receipts,advertisement,1,0.3043,data/raw/pool/pos_cord_receipts_00393.jpg
data/raw/pool/pos_cord_receipts_00394.jpg,cord_receipts,invoice,1,0.5465,data/raw/pool/pos_cord_receipts_00394.jpg
data/raw/pool/pos_cord_receipts_00395.jpg,cord_receipts,invoice,1,0.8782,data/raw/pool/pos_cord_receipts_00395.jpg
data/raw/pool/pos_cord_receipts_00396.jpg,cord_receipts,advertisement,1,0.5535,data/raw/pool/pos_cord_receipts_00396.jpg
data/raw/pool/pos_cord_receipts_00397.jpg,cord_receipts,advertisement,1,0.7223,data/raw/pool/pos_cord_receipts_00397.jpg
data/raw/pool/pos_cord_receipts_00398.jpg,cord_receipts,file folder,1,0.4352,data/raw/pool/pos_cord_receipts_00398.jpg
data/raw/pool/pos_cord_receipts_00399.jpg,cord_receipts,budget,1,0.6336,data/raw/pool/pos_cord_receipts_00399.jpg
data/raw/pool/pos_cord_receipts_00400.jpg,cord_receipts,handwritten,1,0.7824,data/raw/pool/pos_cord_receipts_00400.jpg
data/raw/pool/pos_cord_receipts_00401.jpg,cord_receipts,invoice,1,0.8819,data/raw/pool/pos_cord_receipts_00401.jpg
data/raw/pool/pos_cord_receipts_00402.jpg,cord_receipts,invoice,1,0.7544,data/raw/pool/pos_cord_receipts_00402.jpg
data/raw/pool/pos_cord_receipts_00403.jpg,cord_receipts,advertisement,1,0.6518,data/raw/pool/pos_cord_receipts_00403.jpg
data/raw/pool/pos_cord_receipts_00404.jpg,cord_receipts,advertisement,1,0.7302,data/raw/pool/pos_cord_receipts_00404.jpg
data/raw/pool/pos_cord_receipts_00405.jpg,cord_receipts,file folder,1,0.4605,data/raw/pool/pos_cord_receipts_00405.jpg
data/raw/pool/pos_cord_receipts_00406.jpg,cord_receipts,invoice,1,0.8233,data/raw/pool/pos_cord_receipts_00406.jpg
data/raw/pool/pos_cord_receipts_00407.jpg,cord_receipts,invoice,1,0.8040,data/raw/pool/pos_cord_receipts_00407.jpg
data/raw/pool/pos_cord_receipts_00408.jpg,cord_receipts,advertisement,1,0.6448,data/raw/pool/pos_cord_receipts_00408.jpg
data/raw/pool/pos_cord_receipts_00409.jpg,cord_receipts,advertisement,1,0.5574,data/raw/pool/pos_cord_receipts_00409.jpg
data/raw/pool/pos_cord_receipts_00410.jpg,cord_receipts,handwritten,1,0.2464,data/raw/pool/pos_cord_receipts_00410.jpg
data/raw/pool/pos_cord_receipts_00411.jpg,cord_receipts,invoice,1,0.4895,data/raw/pool/pos_cord_receipts_00411.jpg
data/raw/pool/pos_cord_receipts_00412.jpg,cord_receipts,advertisement,1,0.4997,data/raw/pool/pos_cord_receipts_00412.jpg
data/raw/pool/pos_cord_receipts_00413.jpg,cord_receipts,handwritten,1,0.8029,data/raw/pool/pos_cord_receipts_00413.jpg
data/raw/pool/pos_cord_receipts_00414.jpg,cord_receipts,specification,1,0.3145,data/raw/pool/pos_cord_receipts_00414.jpg
data/raw/pool/pos_cord_receipts_00415.jpg,cord_receipts,budget,1,0.5307,data/raw/pool/pos_cord_receipts_00415.jpg
data/raw/pool/pos_cord_receipts_00416.jpg,cord_receipts,budget,1,0.8555,data/raw/pool/pos_cord_receipts_00416.jpg
data/raw/pool/pos_cord_receipts_00417.jpg,cord_receipts,invoice,1,0.8203,data/raw/pool/pos_cord_receipts_00417.jpg
data/raw/pool/pos_cord_receipts_00418.jpg,cord_receipts,budget,1,0.7337,data/raw/pool/pos_cord_receipts_00418.jpg
data/raw/pool/pos_cord_receipts_00419.jpg,cord_receipts,advertisement,1,0.8018,data/raw/pool/pos_cord_receipts_00419.jpg
data/raw/pool/pos_cord_receipts_00420.jpg,cord_receipts,form,1,0.1980,data/raw/pool/pos_cord_receipts_00420.jpg
data/raw/pool/pos_cord_receipts_00421.jpg,cord_receipts,advertisement,1,0.6550,data/raw/pool/pos_cord_receipts_00421.jpg
data/raw/pool/pos_cord_receipts_00422.jpg,cord_receipts,advertisement,1,0.7789,data/raw/pool/pos_cord_receipts_00422.jpg
data/raw/pool/pos_cord_receipts_00423.jpg,cord_receipts,file folder,1,0.2654,data/raw/pool/pos_cord_receipts_00423.jpg
data/raw/pool/pos_cord_receipts_00424.jpg,cord_receipts,advertisement,1,0.8365,data/raw/pool/pos_cord_receipts_00424.jpg
data/raw/pool/pos_cord_receipts_00425.jpg,cord_receipts,advertisement,1,0.5255,data/raw/pool/pos_cord_receipts_00425.jpg
data/raw/pool/pos_cord_receipts_00426.jpg,cord_receipts,budget,1,0.6528,data/raw/pool/pos_cord_receipts_00426.jpg
data/raw/pool/pos_cord_receipts_00427.jpg,cord_receipts,advertisement,1,0.4205,data/raw/pool/pos_cord_receipts_00427.jpg
data/raw/pool/pos_cord_receipts_00428.jpg,cord_receipts,advertisement,1,0.8093,data/raw/pool/pos_cord_receipts_00428.jpg
data/raw/pool/pos_cord_receipts_00429.jpg,cord_receipts,advertisement,1,0.4824,data/raw/pool/pos_cord_receipts_00429.jpg
data/raw/pool/pos_cord_receipts_00430.jpg,cord_receipts,invoice,1,0.4514,data/raw/pool/pos_cord_receipts_00430.jpg
data/raw/pool/pos_cord_receipts_00431.jpg,cord_receipts,advertisement,1,0.3281,data/raw/pool/pos_cord_receipts_00431.jpg
data/raw/pool/pos_cord_receipts_00432.jpg,cord_receipts,invoice,1,0.6978,data/raw/pool/pos_cord_receipts_00432.jpg
data/raw/pool/pos_cord_receipts_00433.jpg,cord_receipts,invoice,1,0.8812,data/raw/pool/pos_cord_receipts_00433.jpg
data/raw/pool/pos_cord_receipts_00434.jpg,cord_receipts,invoice,1,0.7343,data/raw/pool/pos_cord_receipts_00434.jpg
data/raw/pool/pos_cord_receipts_00435.jpg,cord_receipts,invoice,1,0.6698,data/raw/pool/pos_cord_receipts_00435.jpg
data/raw/pool/pos_cord_receipts_00436.jpg,cord_receipts,advertisement,1,0.5691,data/raw/pool/pos_cord_receipts_00436.jpg
data/raw/pool/pos_cord_receipts_00437.jpg,cord_receipts,invoice,1,0.7635,data/raw/pool/pos_cord_receipts_00437.jpg
data/raw/pool/pos_cord_receipts_00438.jpg,cord_receipts,budget,1,0.7639,data/raw/pool/pos_cord_receipts_00438.jpg
data/raw/pool/pos_cord_receipts_00439.jpg,cord_receipts,invoice,1,0.7798,data/raw/pool/pos_cord_receipts_00439.jpg
data/raw/pool/pos_cord_receipts_00440.jpg,cord_receipts,invoice,1,0.3815,data/raw/pool/pos_cord_receipts_00440.jpg
data/raw/pool/pos_cord_receipts_00441.jpg,cord_receipts,invoice,1,0.8301,data/raw/pool/pos_cord_receipts_00441.jpg
data/raw/pool/pos_cord_receipts_00442.jpg,cord_receipts,budget,1,0.6634,data/raw/pool/pos_cord_receipts_00442.jpg
data/raw/pool/pos_cord_receipts_00443.jpg,cord_receipts,advertisement,1,0.8452,data/raw/pool/pos_cord_receipts_00443.jpg
data/raw/pool/pos_cord_receipts_00444.jpg,cord_receipts,invoice,1,0.6104,data/raw/pool/pos_cord_receipts_00444.jpg
data/raw/pool/pos_cord_receipts_00445.jpg,cord_receipts,advertisement,1,0.8051,data/raw/pool/pos_cord_receipts_00445.jpg
data/raw/pool/pos_cord_receipts_00446.jpg,cord_receipts,advertisement,1,0.6487,data/raw/pool/pos_cord_receipts_00446.jpg
data/raw/pool/pos_cord_receipts_00447.jpg,cord_receipts,advertisement,1,0.7457,data/raw/pool/pos_cord_receipts_00447.jpg
data/raw/pool/pos_cord_receipts_00448.jpg,cord_receipts,budget,1,0.5761,data/raw/pool/pos_cord_receipts_00448.jpg
data/raw/pool/pos_cord_receipts_00449.jpg,cord_receipts,specification,1,0.3435,data/raw/pool/pos_cord_receipts_00449.jpg
data/raw/pool/pos_cord_receipts_00450.jpg,cord_receipts,advertisement,1,0.7060,data/raw/pool/pos_cord_receipts_00450.jpg
data/raw/pool/pos_cord_receipts_00451.jpg,cord_receipts,invoice,1,0.7020,data/raw/pool/pos_cord_receipts_00451.jpg
data/raw/pool/pos_cord_receipts_00452.jpg,cord_receipts,budget,1,0.4511,data/raw/pool/pos_cord_receipts_00452.jpg
data/raw/pool/pos_cord_receipts_00453.jpg,cord_receipts,invoice,1,0.6464,data/raw/pool/pos_cord_receipts_00453.jpg
data/raw/pool/pos_cord_receipts_00454.jpg,cord_receipts,invoice,1,0.4751,data/raw/pool/pos_cord_receipts_00454.jpg
data/raw/pool/pos_cord_receipts_00455.jpg,cord_receipts,budget,1,0.6205,data/raw/pool/pos_cord_receipts_00455.jpg
data/raw/pool/pos_cord_receipts_00456.jpg,cord_receipts,invoice,1,0.6746,data/raw/pool/pos_cord_receipts_00456.jpg
data/raw/pool/pos_cord_receipts_00457.jpg,cord_receipts,invoice,1,0.8857,data/raw/pool/pos_cord_receipts_00457.jpg
data/raw/pool/pos_cord_receipts_00458.jpg,cord_receipts,advertisement,1,0.5419,data/raw/pool/pos_cord_receipts_00458.jpg
data/raw/pool/pos_cord_receipts_00459.jpg,cord_receipts,scientific publication,1,0.3554,data/raw/pool/pos_cord_receipts_00459.jpg
data/raw/pool/pos_cord_receipts_00460.jpg,cord_receipts,presentation,1,0.6210,data/raw/pool/pos_cord_receipts_00460.jpg
data/raw/pool/pos_cord_receipts_00461.jpg,cord_receipts,advertisement,1,0.6542,data/raw/pool/pos_cord_receipts_00461.jpg
data/raw/pool/pos_cord_receipts_00462.jpg,cord_receipts,invoice,1,0.5368,data/raw/pool/pos_cord_receipts_00462.jpg
data/raw/pool/pos_cord_receipts_00463.jpg,cord_receipts,handwritten,1,0.4716,data/raw/pool/pos_cord_receipts_00463.jpg
data/raw/pool/pos_cord_receipts_00464.jpg,cord_receipts,invoice,1,0.5236,data/raw/pool/pos_cord_receipts_00464.jpg
data/raw/pool/pos_cord_receipts_00465.jpg,cord_receipts,advertisement,1,0.5051,data/raw/pool/pos_cord_receipts_00465.jpg
data/raw/pool/pos_cord_receipts_00466.jpg,cord_receipts,invoice,1,0.7051,data/raw/pool/pos_cord_receipts_00466.jpg
data/raw/pool/pos_cord_receipts_00467.jpg,cord_receipts,advertisement,1,0.8674,data/raw/pool/pos_cord_receipts_00467.jpg
data/raw/pool/pos_cord_receipts_00468.jpg,cord_receipts,budget,1,0.3751,data/raw/pool/pos_cord_receipts_00468.jpg
data/raw/pool/pos_cord_receipts_00469.jpg,cord_receipts,specification,1,0.6721,data/raw/pool/pos_cord_receipts_00469.jpg
data/raw/pool/pos_cord_receipts_00470.jpg,cord_receipts,invoice,1,0.8494,data/raw/pool/pos_cord_receipts_00470.jpg
data/raw/pool/pos_cord_receipts_00471.jpg,cord_receipts,invoice,1,0.8408,data/raw/pool/pos_cord_receipts_00471.jpg
data/raw/pool/pos_cord_receipts_00472.jpg,cord_receipts,invoice,1,0.8435,data/raw/pool/pos_cord_receipts_00472.jpg
data/raw/pool/pos_cord_receipts_00473.jpg,cord_receipts,invoice,1,0.3821,data/raw/pool/pos_cord_receipts_00473.jpg
data/raw/pool/pos_cord_receipts_00474.jpg,cord_receipts,advertisement,1,0.8251,data/raw/pool/pos_cord_receipts_00474.jpg
data/raw/pool/pos_cord_receipts_00475.jpg,cord_receipts,invoice,1,0.8494,data/raw/pool/pos_cord_receipts_00475.jpg
data/raw/pool/pos_cord_receipts_00476.jpg,cord_receipts,budget,1,0.6355,data/raw/pool/pos_cord_receipts_00476.jpg
data/raw/pool/pos_cord_receipts_00477.jpg,cord_receipts,invoice,1,0.5458,data/raw/pool/pos_cord_receipts_00477.jpg
data/raw/pool/pos_cord_receipts_00478.jpg,cord_receipts,budget,1,0.3268,data/raw/pool/pos_cord_receipts_00478.jpg
data/raw/pool/pos_cord_receipts_00479.jpg,cord_receipts,invoice,1,0.5666,data/raw/pool/pos_cord_receipts_00479.jpg
data/raw/pool/pos_cord_receipts_00480.jpg,cord_receipts,advertisement,1,0.8212,data/raw/pool/pos_cord_receipts_00480.jpg
data/raw/pool/pos_cord_receipts_00481.jpg,cord_receipts,invoice,1,0.3496,data/raw/pool/pos_cord_receipts_00481.jpg
data/raw/pool/pos_cord_receipts_00482.jpg,cord_receipts,advertisement,1,0.6757,data/raw/pool/pos_cord_receipts_00482.jpg
data/raw/pool/pos_cord_receipts_00483.jpg,cord_receipts,invoice,1,0.4573,data/raw/pool/pos_cord_receipts_00483.jpg
data/raw/pool/pos_cord_receipts_00484.jpg,cord_receipts,invoice,1,0.7507,data/raw/pool/pos_cord_receipts_00484.jpg
data/raw/pool/pos_cord_receipts_00485.jpg,cord_receipts,budget,1,0.6627,data/raw/pool/pos_cord_receipts_00485.jpg
data/raw/pool/pos_cord_receipts_00486.jpg,cord_receipts,budget,1,0.6354,data/raw/pool/pos_cord_receipts_00486.jpg
data/raw/pool/pos_cord_receipts_00487.jpg,cord_receipts,invoice,1,0.3691,data/raw/pool/pos_cord_receipts_00487.jpg
data/raw/pool/pos_cord_receipts_00488.jpg,cord_receipts,invoice,1,0.3256,data/raw/pool/pos_cord_receipts_00488.jpg
data/raw/pool/pos_cord_receipts_00489.jpg,cord_receipts,invoice,1,0.6450,data/raw/pool/pos_cord_receipts_00489.jpg
data/raw/pool/pos_cord_receipts_00490.jpg,cord_receipts,advertisement,1,0.7610,data/raw/pool/pos_cord_receipts_00490.jpg
data/raw/pool/pos_cord_receipts_00491.jpg,cord_receipts,advertisement,1,0.8015,data/raw/pool/pos_cord_receipts_00491.jpg
data/raw/pool/pos_cord_receipts_00492.jpg,cord_receipts,invoice,1,0.7200,data/raw/pool/pos_cord_receipts_00492.jpg
data/raw/pool/pos_cord_receipts_00493.jpg,cord_receipts,advertisement,1,0.4513,data/raw/pool/pos_cord_receipts_00493.jpg
data/raw/pool/pos_cord_receipts_00494.jpg,cord_receipts,file folder,1,0.8581,data/raw/pool/pos_cord_receipts_00494.jpg
data/raw/pool/pos_cord_receipts_00495.jpg,cord_receipts,advertisement,1,0.7427,data/raw/pool/pos_cord_receipts_00495.jpg
data/raw/pool/pos_cord_receipts_00496.jpg,cord_receipts,budget,1,0.5006,data/raw/pool/pos_cord_receipts_00496.jpg
data/raw/pool/pos_cord_receipts_00497.jpg,cord_receipts,advertisement,1,0.4368,data/raw/pool/pos_cord_receipts_00497.jpg
data/raw/pool/pos_cord_receipts_00498.jpg,cord_receipts,file folder,1,0.3451,data/raw/pool/pos_cord_receipts_00498.jpg
data/raw/pool/pos_cord_receipts_00499.jpg,cord_receipts,invoice,1,0.7068,data/raw/pool/pos_cord_receipts_00499.jpg
data/raw/pool/pos_cord_receipts_00500.jpg,cord_receipts,invoice,1,0.6461,data/raw/pool/pos_cord_receipts_00500.jpg
data/raw/pool/pos_cord_receipts_00501.jpg,cord_receipts,file folder,1,0.3312,data/raw/pool/pos_cord_receipts_00501.jpg
data/raw/pool/pos_cord_receipts_00502.jpg,cord_receipts,advertisement,1,0.7956,data/raw/pool/pos_cord_receipts_00502.jpg
data/raw/pool/pos_cord_receipts_00503.jpg,cord_receipts,invoice,1,0.4949,data/raw/pool/pos_cord_receipts_00503.jpg
data/raw/pool/pos_cord_receipts_00504.jpg,cord_receipts,invoice,1,0.2570,data/raw/pool/pos_cord_receipts_00504.jpg
data/raw/pool/pos_cord_receipts_00505.jpg,cord_receipts,advertisement,1,0.8620,data/raw/pool/pos_cord_receipts_00505.jpg
data/raw/pool/pos_cord_receipts_00506.jpg,cord_receipts,budget,1,0.3533,data/raw/pool/pos_cord_receipts_00506.jpg
data/raw/pool/pos_cord_receipts_00507.jpg,cord_receipts,advertisement,1,0.7846,data/raw/pool/pos_cord_receipts_00507.jpg
data/raw/pool/pos_cord_receipts_00508.jpg,cord_receipts,invoice,1,0.8049,data/raw/pool/pos_cord_receipts_00508.jpg
data/raw/pool/pos_cord_receipts_00509.jpg,cord_receipts,invoice,1,0.6078,data/raw/pool/pos_cord_receipts_00509.jpg
data/raw/pool/pos_cord_receipts_00510.jpg,cord_receipts,budget,1,0.8308,data/raw/pool/pos_cord_receipts_00510.jpg
data/raw/pool/pos_cord_receipts_00511.jpg,cord_receipts,advertisement,1,0.4553,data/raw/pool/pos_cord_receipts_00511.jpg
data/raw/pool/pos_cord_receipts_00512.jpg,cord_receipts,advertisement,1,0.5524,data/raw/pool/pos_cord_receipts_00512.jpg
data/raw/pool/pos_cord_receipts_00513.jpg,cord_receipts,invoice,1,0.7063,data/raw/pool/pos_cord_receipts_00513.jpg
data/raw/pool/pos_cord_receipts_00514.jpg,cord_receipts,advertisement,1,0.3875,data/raw/pool/pos_cord_receipts_00514.jpg
data/raw/pool/pos_cord_receipts_00515.jpg,cord_receipts,handwritten,1,0.4382,data/raw/pool/pos_cord_receipts_00515.jpg
data/raw/pool/pos_cord_receipts_00516.jpg,cord_receipts,invoice,1,0.4028,data/raw/pool/pos_cord_receipts_00516.jpg
data/raw/pool/pos_cord_receipts_00517.jpg,cord_receipts,specification,1,0.3176,data/raw/pool/pos_cord_receipts_00517.jpg
data/raw/pool/pos_cord_receipts_00518.jpg,cord_receipts,advertisement,1,0.4046,data/raw/pool/pos_cord_receipts_00518.jpg
data/raw/pool/pos_cord_receipts_00519.jpg,cord_receipts,advertisement,1,0.7806,data/raw/pool/pos_cord_receipts_00519.jpg
data/raw/pool/pos_cord_receipts_00520.jpg,cord_receipts,advertisement,1,0.8610,data/raw/pool/pos_cord_receipts_00520.jpg
data/raw/pool/pos_cord_receipts_00521.jpg,cord_receipts,invoice,1,0.8209,data/raw/pool/pos_cord_receipts_00521.jpg
data/raw/pool/pos_cord_receipts_00522.jpg,cord_receipts,invoice,1,0.7290,data/raw/pool/pos_cord_receipts_00522.jpg
data/raw/pool/pos_cord_receipts_00523.jpg,cord_receipts,advertisement,1,0.4926,data/raw/pool/pos_cord_receipts_00523.jpg
data/raw/pool/pos_cord_receipts_00524.jpg,cord_receipts,advertisement,1,0.5142,data/raw/pool/pos_cord_receipts_00524.jpg
data/raw/pool/pos_cord_receipts_00525.jpg,cord_receipts,budget,1,0.6935,data/raw/pool/pos_cord_receipts_00525.jpg
data/raw/pool/pos_cord_receipts_00526.jpg,cord_receipts,invoice,1,0.8283,data/raw/pool/pos_cord_receipts_00526.jpg
data/raw/pool/pos_cord_receipts_00527.jpg,cord_receipts,advertisement,1,0.8367,data/raw/pool/pos_cord_receipts_00527.jpg
data/raw/pool/pos_cord_receipts_00528.jpg,cord_receipts,advertisement,1,0.5793,data/raw/pool/pos_cord_receipts_00528.jpg
data/raw/pool/pos_cord_receipts_00529.jpg,cord_receipts,invoice,1,0.8707,data/raw/pool/pos_cord_receipts_00529.jpg
data/raw/pool/pos_cord_receipts_00530.jpg,cord_receipts,advertisement,1,0.8573,data/raw/pool/pos_cord_receipts_00530.jpg
data/raw/pool/pos_cord_receipts_00531.jpg,cord_receipts,advertisement,1,0.8279,data/raw/pool/pos_cord_receipts_00531.jpg
data/raw/pool/pos_cord_receipts_00532.jpg,cord_receipts,invoice,1,0.7132,data/raw/pool/pos_cord_receipts_00532.jpg
data/raw/pool/pos_cord_receipts_00533.jpg,cord_receipts,invoice,1,0.8799,data/raw/pool/pos_cord_receipts_00533.jpg
data/raw/pool/pos_cord_receipts_00534.jpg,cord_receipts,advertisement,1,0.6022,data/raw/pool/pos_cord_receipts_00534.jpg
data/raw/pool/pos_cord_receipts_00535.jpg,cord_receipts,advertisement,1,0.8206,data/raw/pool/pos_cord_receipts_00535.jpg
data/raw/pool/pos_cord_receipts_00536.jpg,cord_receipts,advertisement,1,0.3974,data/raw/pool/pos_cord_receipts_00536.jpg
data/raw/pool/pos_cord_receipts_00537.jpg,cord_receipts,advertisement,1,0.4683,data/raw/pool/pos_cord_receipts_00537.jpg
data/raw/pool/pos_cord_receipts_00538.jpg,cord_receipts,invoice,1,0.3968,data/raw/pool/pos_cord_receipts_00538.jpg
data/raw/pool/pos_cord_receipts_00539.jpg,cord_receipts,budget,1,0.5526,data/raw/pool/pos_cord_receipts_00539.jpg
data/raw/pool/pos_cord_receipts_00540.jpg,cord_receipts,advertisement,1,0.5185,data/raw/pool/pos_cord_receipts_00540.jpg
data/raw/pool/pos_cord_receipts_00541.jpg,cord_receipts,file folder,1,0.4162,data/raw/pool/pos_cord_receipts_00541.jpg
data/raw/pool/pos_cord_receipts_00542.jpg,cord_receipts,invoice,1,0.7628,data/raw/pool/pos_cord_receipts_00542.jpg
data/raw/pool/pos_cord_receipts_00543.jpg,cord_receipts,advertisement,1,0.8605,data/raw/pool/pos_cord_receipts_00543.jpg
data/raw/pool/pos_cord_receipts_00544.jpg,cord_receipts,budget,1,0.7186,data/raw/pool/pos_cord_receipts_00544.jpg
data/raw/pool/pos_cord_receipts_00545.jpg,cord_receipts,advertisement,1,0.8478,data/raw/pool/pos_cord_receipts_00545.jpg
data/raw/pool/pos_cord_receipts_00546.jpg,cord_receipts,invoice,1,0.7684,data/raw/pool/pos_cord_receipts_00546.jpg
data/raw/pool/pos_cord_receipts_00547.jpg,cord_receipts,advertisement,1,0.6870,data/raw/pool/pos_cord_receipts_00547.jpg
data/raw/pool/pos_cord_receipts_00548.jpg,cord_receipts,handwritten,1,0.5670,data/raw/pool/pos_cord_receipts_00548.jpg
data/raw/pool/pos_cord_receipts_00549.jpg,cord_receipts,advertisement,1,0.4836,data/raw/pool/pos_cord_receipts_00549.jpg
data/raw/pool/pos_cord_receipts_00550.jpg,cord_receipts,invoice,1,0.8280,data/raw/pool/pos_cord_receipts_00550.jpg
data/raw/pool/pos_cord_receipts_00551.jpg,cord_receipts,budget,1,0.8173,data/raw/pool/pos_cord_receipts_00551.jpg
data/raw/pool/pos_cord_receipts_00552.jpg,cord_receipts,advertisement,1,0.7092,data/raw/pool/pos_cord_receipts_00552.jpg
data/raw/pool/pos_cord_receipts_00553.jpg,cord_receipts,advertisement,1,0.6239,data/raw/pool/pos_cord_receipts_00553.jpg
data/raw/pool/pos_cord_receipts_00554.jpg,cord_receipts,handwritten,1,0.5885,data/raw/pool/pos_cord_receipts_00554.jpg
data/raw/pool/pos_cord_receipts_00555.jpg,cord_receipts,advertisement,1,0.8616,data/raw/pool/pos_cord_receipts_00555.jpg
data/raw/pool/pos_cord_receipts_00556.jpg,cord_receipts,invoice,1,0.8249,data/raw/pool/pos_cord_receipts_00556.jpg
data/raw/pool/pos_cord_receipts_00557.jpg,cord_receipts,advertisement,1,0.6175,data/raw/pool/pos_cord_receipts_00557.jpg
data/raw/pool/pos_cord_receipts_00558.jpg,cord_receipts,scientific publication,1,0.4648,data/raw/pool/pos_cord_receipts_00558.jpg
data/raw/pool/pos_cord_receipts_00559.jpg,cord_receipts,invoice,1,0.9031,data/raw/pool/pos_cord_receipts_00559.jpg
data/raw/pool/pos_cord_receipts_00560.jpg,cord_receipts,invoice,1,0.7915,data/raw/pool/pos_cord_receipts_00560.jpg
data/raw/pool/pos_cord_receipts_00561.jpg,cord_receipts,advertisement,1,0.8578,data/raw/pool/pos_cord_receipts_00561.jpg
data/raw/pool/pos_cord_receipts_00562.jpg,cord_receipts,budget,1,0.5680,data/raw/pool/pos_cord_receipts_00562.jpg
data/raw/pool/pos_cord_receipts_00563.jpg,cord_receipts,invoice,1,0.8405,data/raw/pool/pos_cord_receipts_00563.jpg
data/raw/pool/pos_cord_receipts_00564.jpg,cord_receipts,scientific publication,1,0.3831,data/raw/pool/pos_cord_receipts_00564.jpg
data/raw/pool/pos_cord_receipts_00565.jpg,cord_receipts,advertisement,1,0.4189,data/raw/pool/pos_cord_receipts_00565.jpg
data/raw/pool/pos_cord_receipts_00566.jpg,cord_receipts,handwritten,1,0.3691,data/raw/pool/pos_cord_receipts_00566.jpg
data/raw/pool/pos_cord_receipts_00567.jpg,cord_receipts,advertisement,1,0.6515,data/raw/pool/pos_cord_receipts_00567.jpg
data/raw/pool/pos_cord_receipts_00568.jpg,cord_receipts,invoice,1,0.7925,data/raw/pool/pos_cord_receipts_00568.jpg
data/raw/pool/pos_cord_receipts_00569.jpg,cord_receipts,invoice,1,0.4585,data/raw/pool/pos_cord_receipts_00569.jpg
data/raw/pool/pos_cord_receipts_00570.jpg,cord_receipts,advertisement,1,0.4171,data/raw/pool/pos_cord_receipts_00570.jpg
data/raw/pool/pos_cord_receipts_00571.jpg,cord_receipts,invoice,1,0.3685,data/raw/pool/pos_cord_receipts_00571.jpg
data/raw/pool/pos_cord_receipts_00572.jpg,cord_receipts,presentation,1,0.3943,data/raw/pool/pos_cord_receipts_00572.jpg
data/raw/pool/pos_cord_receipts_00573.jpg,cord_receipts,specification,1,0.2652,data/raw/pool/pos_cord_receipts_00573.jpg
data/raw/pool/pos_cord_receipts_00574.jpg,cord_receipts,advertisement,1,0.8493,data/raw/pool/pos_cord_receipts_00574.jpg
data/raw/pool/pos_cord_receipts_00575.jpg,cord_receipts,invoice,1,0.4766,data/raw/pool/pos_cord_receipts_00575.jpg
data/raw/pool/pos_cord_receipts_00576.jpg,cord_receipts,advertisement,1,0.6756,data/raw/pool/pos_cord_receipts_00576.jpg
data/raw/pool/pos_cord_receipts_00577.jpg,cord_receipts,invoice,1,0.7166,data/raw/pool/pos_cord_receipts_00577.jpg
data/raw/pool/pos_cord_receipts_00578.jpg,cord_receipts,budget,1,0.3661,data/raw/pool/pos_cord_receipts_00578.jpg
data/raw/pool/pos_cord_receipts_00579.jpg,cord_receipts,advertisement,1,0.4066,data/raw/pool/pos_cord_receipts_00579.jpg
data/raw/pool/pos_cord_receipts_00580.jpg,cord_receipts,advertisement,1,0.5175,data/raw/pool/pos_cord_receipts_00580.jpg
data/raw/pool/pos_cord_receipts_00581.jpg,cord_receipts,invoice,1,0.5729,data/raw/pool/pos_cord_receipts_00581.jpg
data/raw/pool/pos_cord_receipts_00582.jpg,cord_receipts,advertisement,1,0.5586,data/raw/pool/pos_cord_receipts_00582.jpg
data/raw/pool/pos_cord_receipts_00583.jpg,cord_receipts,budget,1,0.4304,data/raw/pool/pos_cord_receipts_00583.jpg
data/raw/pool/pos_cord_receipts_00584.jpg,cord_receipts,budget,1,0.8745,data/raw/pool/pos_cord_receipts_00584.jpg
data/raw/pool/pos_cord_receipts_00585.jpg,cord_receipts,budget,1,0.7725,data/raw/pool/pos_cord_receipts_00585.jpg
data/raw/pool/pos_cord_receipts_00586.jpg,cord_receipts,advertisement,1,0.8496,data/raw/pool/pos_cord_receipts_00586.jpg
data/raw/pool/pos_cord_receipts_00587.jpg,cord_receipts,advertisement,1,0.7225,data/raw/pool/pos_cord_receipts_00587.jpg
data/raw/pool/pos_cord_receipts_00588.jpg,cord_receipts,invoice,1,0.3899,data/raw/pool/pos_cord_receipts_00588.jpg
data/raw/pool/pos_cord_receipts_00589.jpg,cord_receipts,advertisement,1,0.6886,data/raw/pool/pos_cord_receipts_00589.jpg
data/raw/pool/pos_cord_receipts_00590.jpg,cord_receipts,advertisement,1,0.6590,data/raw/pool/pos_cord_receipts_00590.jpg
data/raw/pool/pos_cord_receipts_00591.jpg,cord_receipts,invoice,1,0.5519,data/raw/pool/pos_cord_receipts_00591.jpg
data/raw/pool/pos_cord_receipts_00592.jpg,cord_receipts,file folder,1,0.4956,data/raw/pool/pos_cord_receipts_00592.jpg
data/raw/pool/pos_cord_receipts_00593.jpg,cord_receipts,handwritten,1,0.6729,data/raw/pool/pos_cord_receipts_00593.jpg
data/raw/pool/pos_cord_receipts_00594.jpg,cord_receipts,advertisement,1,0.4673,data/raw/pool/pos_cord_receipts_00594.jpg
data/raw/pool/pos_cord_receipts_00595.jpg,cord_receipts,invoice,1,0.5624,data/raw/pool/pos_cord_receipts_00595.jpg
data/raw/pool/pos_cord_receipts_00596.jpg,cord_receipts,invoice,1,0.6267,data/raw/pool/pos_cord_receipts_00596.jpg
data/raw/pool/pos_cord_receipts_00597.jpg,cord_receipts,form,1,0.2733,data/raw/pool/pos_cord_receipts_00597.jpg
data/raw/pool/pos_cord_receipts_00598.jpg,cord_receipts,invoice,1,0.7705,data/raw/pool/pos_cord_receipts_00598.jpg
data/raw/pool/pos_cord_receipts_00599.jpg,cord_receipts,budget,1,0.4598,data/raw/pool/pos_cord_receipts_00599.jpg
data/raw/pool/pos_sroie_receipts_00000.jpg,sroie_receipts,invoice,1,0.8475,data/raw/pool/pos_sroie_receipts_00000.jpg
data/raw/pool/pos_sroie_receipts_00001.jpg,sroie_receipts,specification,1,0.5095,data/raw/pool/pos_sroie_receipts_00001.jpg
data/raw/pool/pos_sroie_receipts_00002.jpg,sroie_receipts,specification,1,0.6874,data/raw/pool/pos_sroie_receipts_00002.jpg
data/raw/pool/pos_sroie_receipts_00003.jpg,sroie_receipts,invoice,1,0.5059,data/raw/pool/pos_sroie_receipts_00003.jpg
data/raw/pool/pos_sroie_receipts_00004.jpg,sroie_receipts,specification,1,0.7495,data/raw/pool/pos_sroie_receipts_00004.jpg
data/raw/pool/pos_sroie_receipts_00005.jpg,sroie_receipts,form,1,0.4490,data/raw/pool/pos_sroie_receipts_00005.jpg
data/raw/pool/pos_sroie_receipts_00006.jpg,sroie_receipts,budget,1,0.6247,data/raw/pool/pos_sroie_receipts_00006.jpg
data/raw/pool/pos_sroie_receipts_00007.jpg,sroie_receipts,invoice,1,0.8027,data/raw/pool/pos_sroie_receipts_00007.jpg
data/raw/pool/pos_sroie_receipts_00008.jpg,sroie_receipts,invoice,1,0.8617,data/raw/pool/pos_sroie_receipts_00008.jpg
data/raw/pool/pos_sroie_receipts_00009.jpg,sroie_receipts,form,1,0.5664,data/raw/pool/pos_sroie_receipts_00009.jpg
data/raw/pool/pos_sroie_receipts_00010.jpg,sroie_receipts,invoice,1,0.8888,data/raw/pool/pos_sroie_receipts_00010.jpg
data/raw/pool/pos_sroie_receipts_00011.jpg,sroie_receipts,budget,1,0.4767,data/raw/pool/pos_sroie_receipts_00011.jpg
data/raw/pool/pos_sroie_receipts_00012.jpg,sroie_receipts,form,1,0.6217,data/raw/pool/pos_sroie_receipts_00012.jpg
data/raw/pool/pos_sroie_receipts_00013.jpg,sroie_receipts,invoice,1,0.3210,data/raw/pool/pos_sroie_receipts_00013.jpg
data/raw/pool/pos_sroie_receipts_00014.jpg,sroie_receipts,form,1,0.6457,data/raw/pool/pos_sroie_receipts_00014.jpg
data/raw/pool/pos_sroie_receipts_00015.jpg,sroie_receipts,form,1,0.6217,data/raw/pool/pos_sroie_receipts_00015.jpg
data/raw/pool/pos_sroie_receipts_00016.jpg,sroie_receipts,invoice,1,0.6485,data/raw/pool/pos_sroie_receipts_00016.jpg
data/raw/pool/pos_sroie_receipts_00017.jpg,sroie_receipts,invoice,1,0.8237,data/raw/pool/pos_sroie_receipts_00017.jpg
data/raw/pool/pos_sroie_receipts_00018.jpg,sroie_receipts,invoice,1,0.6485,data/raw/pool/pos_sroie_receipts_00018.jpg
data/raw/pool/pos_sroie_receipts_00019.jpg,sroie_receipts,specification,1,0.7479,data/raw/pool/pos_sroie_receipts_00019.jpg
data/raw/pool/pos_sroie_receipts_00020.jpg,sroie_receipts,budget,1,0.5219,data/raw/pool/pos_sroie_receipts_00020.jpg
data/raw/pool/pos_sroie_receipts_00021.jpg,sroie_receipts,budget,1,0.6276,data/raw/pool/pos_sroie_receipts_00021.jpg
data/raw/pool/pos_sroie_receipts_00022.jpg,sroie_receipts,form,1,0.8243,data/raw/pool/pos_sroie_receipts_00022.jpg
data/raw/pool/pos_sroie_receipts_00023.jpg,sroie_receipts,invoice,1,0.7040,data/raw/pool/pos_sroie_receipts_00023.jpg
data/raw/pool/pos_sroie_receipts_00024.jpg,sroie_receipts,invoice,1,0.6332,data/raw/pool/pos_sroie_receipts_00024.jpg
data/raw/pool/pos_sroie_receipts_00025.jpg,sroie_receipts,invoice,1,0.6651,data/raw/pool/pos_sroie_receipts_00025.jpg
data/raw/pool/pos_sroie_receipts_00026.jpg,sroie_receipts,invoice,1,0.6651,data/raw/pool/pos_sroie_receipts_00026.jpg
data/raw/pool/pos_sroie_receipts_00027.jpg,sroie_receipts,invoice,1,0.8744,data/raw/pool/pos_sroie_receipts_00027.jpg
data/raw/pool/pos_sroie_receipts_00028.jpg,sroie_receipts,handwritten,1,0.6030,data/raw/pool/pos_sroie_receipts_00028.jpg
data/raw/pool/pos_sroie_receipts_00029.jpg,sroie_receipts,invoice,1,0.5484,data/raw/pool/pos_sroie_receipts_00029.jpg
data/raw/pool/pos_sroie_receipts_00030.jpg,sroie_receipts,specification,1,0.5806,data/raw/pool/pos_sroie_receipts_00030.jpg
data/raw/pool/pos_sroie_receipts_00031.jpg,sroie_receipts,scientific publication,1,0.4662,data/raw/pool/pos_sroie_receipts_00031.jpg
data/raw/pool/pos_sroie_receipts_00032.jpg,sroie_receipts,invoice,1,0.7807,data/raw/pool/pos_sroie_receipts_00032.jpg
data/raw/pool/pos_sroie_receipts_00033.jpg,sroie_receipts,specification,1,0.2735,data/raw/pool/pos_sroie_receipts_00033.jpg
data/raw/pool/pos_sroie_receipts_00034.jpg,sroie_receipts,invoice,1,0.8443,data/raw/pool/pos_sroie_receipts_00034.jpg
data/raw/pool/pos_sroie_receipts_00035.jpg,sroie_receipts,invoice,1,0.8724,data/raw/pool/pos_sroie_receipts_00035.jpg
data/raw/pool/pos_sroie_receipts_00036.jpg,sroie_receipts,invoice,1,0.2711,data/raw/pool/pos_sroie_receipts_00036.jpg
data/raw/pool/pos_sroie_receipts_00037.jpg,sroie_receipts,invoice,1,0.7498,data/raw/pool/pos_sroie_receipts_00037.jpg
data/raw/pool/pos_sroie_receipts_00038.jpg,sroie_receipts,invoice,1,0.8400,data/raw/pool/pos_sroie_receipts_00038.jpg
data/raw/pool/pos_sroie_receipts_00039.jpg,sroie_receipts,invoice,1,0.8991,data/raw/pool/pos_sroie_receipts_00039.jpg
data/raw/pool/pos_sroie_receipts_00040.jpg,sroie_receipts,specification,1,0.7258,data/raw/pool/pos_sroie_receipts_00040.jpg
data/raw/pool/pos_sroie_receipts_00041.jpg,sroie_receipts,invoice,1,0.8138,data/raw/pool/pos_sroie_receipts_00041.jpg
data/raw/pool/pos_sroie_receipts_00042.jpg,sroie_receipts,invoice,1,0.8964,data/raw/pool/pos_sroie_receipts_00042.jpg
data/raw/pool/pos_sroie_receipts_00043.jpg,sroie_receipts,form,1,0.4044,data/raw/pool/pos_sroie_receipts_00043.jpg
data/raw/pool/pos_sroie_receipts_00044.jpg,sroie_receipts,invoice,1,0.5848,data/raw/pool/pos_sroie_receipts_00044.jpg
data/raw/pool/pos_sroie_receipts_00045.jpg,sroie_receipts,scientific publication,1,0.4059,data/raw/pool/pos_sroie_receipts_00045.jpg
data/raw/pool/pos_sroie_receipts_00046.jpg,sroie_receipts,scientific publication,1,0.6842,data/raw/pool/pos_sroie_receipts_00046.jpg
data/raw/pool/pos_sroie_receipts_00047.jpg,sroie_receipts,invoice,1,0.8630,data/raw/pool/pos_sroie_receipts_00047.jpg
data/raw/pool/pos_sroie_receipts_00048.jpg,sroie_receipts,invoice,1,0.5517,data/raw/pool/pos_sroie_receipts_00048.jpg
data/raw/pool/pos_sroie_receipts_00049.jpg,sroie_receipts,invoice,1,0.8465,data/raw/pool/pos_sroie_receipts_00049.jpg
data/raw/pool/pos_sroie_receipts_00050.jpg,sroie_receipts,invoice,1,0.8508,data/raw/pool/pos_sroie_receipts_00050.jpg
data/raw/pool/pos_sroie_receipts_00051.jpg,sroie_receipts,invoice,1,0.8614,data/raw/pool/pos_sroie_receipts_00051.jpg
data/raw/pool/pos_sroie_receipts_00052.jpg,sroie_receipts,scientific publication,1,0.6885,data/raw/pool/pos_sroie_receipts_00052.jpg
data/raw/pool/pos_sroie_receipts_00053.jpg,sroie_receipts,budget,1,0.5959,data/raw/pool/pos_sroie_receipts_00053.jpg
data/raw/pool/pos_sroie_receipts_00054.jpg,sroie_receipts,invoice,1,0.4037,data/raw/pool/pos_sroie_receipts_00054.jpg
data/raw/pool/pos_sroie_receipts_00055.jpg,sroie_receipts,invoice,1,0.7694,data/raw/pool/pos_sroie_receipts_00055.jpg
data/raw/pool/pos_sroie_receipts_00056.jpg,sroie_receipts,scientific publication,1,0.7603,data/raw/pool/pos_sroie_receipts_00056.jpg
data/raw/pool/pos_sroie_receipts_00057.jpg,sroie_receipts,specification,1,0.4941,data/raw/pool/pos_sroie_receipts_00057.jpg
data/raw/pool/pos_sroie_receipts_00058.jpg,sroie_receipts,scientific publication,1,0.8044,data/raw/pool/pos_sroie_receipts_00058.jpg
data/raw/pool/pos_sroie_receipts_00059.jpg,sroie_receipts,scientific publication,1,0.4789,data/raw/pool/pos_sroie_receipts_00059.jpg
data/raw/pool/pos_sroie_receipts_00060.jpg,sroie_receipts,scientific publication,1,0.6587,data/raw/pool/pos_sroie_receipts_00060.jpg
data/raw/pool/pos_sroie_receipts_00061.jpg,sroie_receipts,specification,1,0.5351,data/raw/pool/pos_sroie_receipts_00061.jpg
data/raw/pool/pos_sroie_receipts_00062.jpg,sroie_receipts,invoice,1,0.8053,data/raw/pool/pos_sroie_receipts_00062.jpg
data/raw/pool/pos_sroie_receipts_00063.jpg,sroie_receipts,invoice,1,0.6751,data/raw/pool/pos_sroie_receipts_00063.jpg
data/raw/pool/pos_sroie_receipts_00064.jpg,sroie_receipts,specification,1,0.6745,data/raw/pool/pos_sroie_receipts_00064.jpg
data/raw/pool/pos_sroie_receipts_00065.jpg,sroie_receipts,specification,1,0.6498,data/raw/pool/pos_sroie_receipts_00065.jpg
data/raw/pool/pos_sroie_receipts_00066.jpg,sroie_receipts,specification,1,0.3925,data/raw/pool/pos_sroie_receipts_00066.jpg
data/raw/pool/pos_sroie_receipts_00067.jpg,sroie_receipts,invoice,1,0.8231,data/raw/pool/pos_sroie_receipts_00067.jpg
data/raw/pool/pos_sroie_receipts_00068.jpg,sroie_receipts,invoice,1,0.4076,data/raw/pool/pos_sroie_receipts_00068.jpg
data/raw/pool/pos_sroie_receipts_00069.jpg,sroie_receipts,form,1,0.4712,data/raw/pool/pos_sroie_receipts_00069.jpg
data/raw/pool/pos_sroie_receipts_00070.jpg,sroie_receipts,invoice,1,0.7922,data/raw/pool/pos_sroie_receipts_00070.jpg
data/raw/pool/pos_sroie_receipts_00071.jpg,sroie_receipts,invoice,1,0.8059,data/raw/pool/pos_sroie_receipts_00071.jpg
data/raw/pool/pos_sroie_receipts_00072.jpg,sroie_receipts,invoice,1,0.7995,data/raw/pool/pos_sroie_receipts_00072.jpg
data/raw/pool/pos_sroie_receipts_00073.jpg,sroie_receipts,form,1,0.4778,data/raw/pool/pos_sroie_receipts_00073.jpg
data/raw/pool/pos_sroie_receipts_00074.jpg,sroie_receipts,budget,1,0.7535,data/raw/pool/pos_sroie_receipts_00074.jpg
data/raw/pool/pos_sroie_receipts_00075.jpg,sroie_receipts,form,1,0.7568,data/raw/pool/pos_sroie_receipts_00075.jpg
data/raw/pool/pos_sroie_receipts_00076.jpg,sroie_receipts,budget,1,0.4746,data/raw/pool/pos_sroie_receipts_00076.jpg
data/raw/pool/pos_sroie_receipts_00077.jpg,sroie_receipts,budget,1,0.7296,data/raw/pool/pos_sroie_receipts_00077.jpg
data/raw/pool/pos_sroie_receipts_00078.jpg,sroie_receipts,invoice,1,0.8141,data/raw/pool/pos_sroie_receipts_00078.jpg
data/raw/pool/pos_sroie_receipts_00079.jpg,sroie_receipts,invoice,1,0.8483,data/raw/pool/pos_sroie_receipts_00079.jpg
data/raw/pool/pos_sroie_receipts_00080.jpg,sroie_receipts,specification,1,0.7502,data/raw/pool/pos_sroie_receipts_00080.jpg
data/raw/pool/pos_sroie_receipts_00081.jpg,sroie_receipts,invoice,1,0.7221,data/raw/pool/pos_sroie_receipts_00081.jpg
data/raw/pool/pos_sroie_receipts_00082.jpg,sroie_receipts,form,1,0.4051,data/raw/pool/pos_sroie_receipts_00082.jpg
data/raw/pool/pos_sroie_receipts_00083.jpg,sroie_receipts,form,1,0.8246,data/raw/pool/pos_sroie_receipts_00083.jpg
data/raw/pool/pos_sroie_receipts_00084.jpg,sroie_receipts,form,1,0.3398,data/raw/pool/pos_sroie_receipts_00084.jpg
data/raw/pool/pos_sroie_receipts_00085.jpg,sroie_receipts,invoice,1,0.7032,data/raw/pool/pos_sroie_receipts_00085.jpg
data/raw/pool/pos_sroie_receipts_00086.jpg,sroie_receipts,form,1,0.4510,data/raw/pool/pos_sroie_receipts_00086.jpg
data/raw/pool/pos_sroie_receipts_00087.jpg,sroie_receipts,specification,1,0.6259,data/raw/pool/pos_sroie_receipts_00087.jpg
data/raw/pool/pos_sroie_receipts_00088.jpg,sroie_receipts,invoice,1,0.7987,data/raw/pool/pos_sroie_receipts_00088.jpg
data/raw/pool/pos_sroie_receipts_00089.jpg,sroie_receipts,invoice,1,0.7784,data/raw/pool/pos_sroie_receipts_00089.jpg
data/raw/pool/pos_sroie_receipts_00090.jpg,sroie_receipts,invoice,1,0.8059,data/raw/pool/pos_sroie_receipts_00090.jpg
data/raw/pool/pos_sroie_receipts_00091.jpg,sroie_receipts,invoice,1,0.8990,data/raw/pool/pos_sroie_receipts_00091.jpg
data/raw/pool/pos_sroie_receipts_00092.jpg,sroie_receipts,invoice,1,0.8772,data/raw/pool/pos_sroie_receipts_00092.jpg
data/raw/pool/pos_sroie_receipts_00093.jpg,sroie_receipts,form,1,0.6388,data/raw/pool/pos_sroie_receipts_00093.jpg
data/raw/pool/pos_sroie_receipts_00094.jpg,sroie_receipts,form,1,0.6388,data/raw/pool/pos_sroie_receipts_00094.jpg
data/raw/pool/pos_sroie_receipts_00095.jpg,sroie_receipts,form,1,0.6388,data/raw/pool/pos_sroie_receipts_00095.jpg
data/raw/pool/pos_sroie_receipts_00096.jpg,sroie_receipts,invoice,1,0.8439,data/raw/pool/pos_sroie_receipts_00096.jpg
data/raw/pool/pos_sroie_receipts_00097.jpg,sroie_receipts,invoice,1,0.8439,data/raw/pool/pos_sroie_receipts_00097.jpg
data/raw/pool/pos_sroie_receipts_00098.jpg,sroie_receipts,invoice,1,0.8439,data/raw/pool/pos_sroie_receipts_00098.jpg
data/raw/pool/pos_sroie_receipts_00099.jpg,sroie_receipts,invoice,1,0.8292,data/raw/pool/pos_sroie_receipts_00099.jpg
data/raw/pool/pos_sroie_receipts_00100.jpg,sroie_receipts,invoice,1,0.8292,data/raw/pool/pos_sroie_receipts_00100.jpg
data/raw/pool/pos_sroie_receipts_00101.jpg,sroie_receipts,invoice,1,0.8334,data/raw/pool/pos_sroie_receipts_00101.jpg
data/raw/pool/pos_sroie_receipts_00102.jpg,sroie_receipts,budget,1,0.4813,data/raw/pool/pos_sroie_receipts_00102.jpg
data/raw/pool/pos_sroie_receipts_00103.jpg,sroie_receipts,budget,1,0.4790,data/raw/pool/pos_sroie_receipts_00103.jpg
data/raw/pool/pos_sroie_receipts_00104.jpg,sroie_receipts,specification,1,0.5829,data/raw/pool/pos_sroie_receipts_00104.jpg
data/raw/pool/pos_sroie_receipts_00105.jpg,sroie_receipts,invoice,1,0.8228,data/raw/pool/pos_sroie_receipts_00105.jpg
data/raw/pool/pos_sroie_receipts_00106.jpg,sroie_receipts,invoice,1,0.6987,data/raw/pool/pos_sroie_receipts_00106.jpg
data/raw/pool/pos_sroie_receipts_00107.jpg,sroie_receipts,invoice,1,0.6546,data/raw/pool/pos_sroie_receipts_00107.jpg
data/raw/pool/pos_sroie_receipts_00108.jpg,sroie_receipts,invoice,1,0.8805,data/raw/pool/pos_sroie_receipts_00108.jpg
data/raw/pool/pos_sroie_receipts_00109.jpg,sroie_receipts,form,1,0.5521,data/raw/pool/pos_sroie_receipts_00109.jpg
data/raw/pool/pos_sroie_receipts_00110.jpg,sroie_receipts,invoice,1,0.8881,data/raw/pool/pos_sroie_receipts_00110.jpg
data/raw/pool/pos_sroie_receipts_00111.jpg,sroie_receipts,specification,1,0.4480,data/raw/pool/pos_sroie_receipts_00111.jpg
data/raw/pool/pos_sroie_receipts_00112.jpg,sroie_receipts,budget,1,0.6340,data/raw/pool/pos_sroie_receipts_00112.jpg
data/raw/pool/pos_sroie_receipts_00113.jpg,sroie_receipts,specification,1,0.8907,data/raw/pool/pos_sroie_receipts_00113.jpg
data/raw/pool/pos_sroie_receipts_00114.jpg,sroie_receipts,form,1,0.6757,data/raw/pool/pos_sroie_receipts_00114.jpg
data/raw/pool/pos_sroie_receipts_00115.jpg,sroie_receipts,form,1,0.8385,data/raw/pool/pos_sroie_receipts_00115.jpg
data/raw/pool/pos_sroie_receipts_00116.jpg,sroie_receipts,form,1,0.8384,data/raw/pool/pos_sroie_receipts_00116.jpg
data/raw/pool/pos_sroie_receipts_00117.jpg,sroie_receipts,form,1,0.7798,data/raw/pool/pos_sroie_receipts_00117.jpg
data/raw/pool/pos_sroie_receipts_00118.jpg,sroie_receipts,handwritten,1,0.3520,data/raw/pool/pos_sroie_receipts_00118.jpg
data/raw/pool/pos_sroie_receipts_00119.jpg,sroie_receipts,form,1,0.5060,data/raw/pool/pos_sroie_receipts_00119.jpg
data/raw/pool/pos_sroie_receipts_00120.jpg,sroie_receipts,invoice,1,0.7178,data/raw/pool/pos_sroie_receipts_00120.jpg
data/raw/pool/pos_sroie_receipts_00121.jpg,sroie_receipts,form,1,0.5372,data/raw/pool/pos_sroie_receipts_00121.jpg
data/raw/pool/pos_sroie_receipts_00122.jpg,sroie_receipts,form,1,0.7140,data/raw/pool/pos_sroie_receipts_00122.jpg
data/raw/pool/pos_sroie_receipts_00123.jpg,sroie_receipts,invoice,1,0.5127,data/raw/pool/pos_sroie_receipts_00123.jpg
data/raw/pool/pos_sroie_receipts_00124.jpg,sroie_receipts,form,1,0.3730,data/raw/pool/pos_sroie_receipts_00124.jpg
data/raw/pool/pos_sroie_receipts_00125.jpg,sroie_receipts,form,1,0.5303,data/raw/pool/pos_sroie_receipts_00125.jpg
data/raw/pool/pos_sroie_receipts_00126.jpg,sroie_receipts,form,1,0.7007,data/raw/pool/pos_sroie_receipts_00126.jpg
data/raw/pool/pos_sroie_receipts_00127.jpg,sroie_receipts,form,1,0.5761,data/raw/pool/pos_sroie_receipts_00127.jpg
data/raw/pool/pos_sroie_receipts_00128.jpg,sroie_receipts,form,1,0.6082,data/raw/pool/pos_sroie_receipts_00128.jpg
data/raw/pool/pos_sroie_receipts_00129.jpg,sroie_receipts,form,1,0.7467,data/raw/pool/pos_sroie_receipts_00129.jpg
data/raw/pool/pos_sroie_receipts_00130.jpg,sroie_receipts,form,1,0.6301,data/raw/pool/pos_sroie_receipts_00130.jpg
data/raw/pool/pos_sroie_receipts_00131.jpg,sroie_receipts,form,1,0.5451,data/raw/pool/pos_sroie_receipts_00131.jpg
data/raw/pool/pos_sroie_receipts_00132.jpg,sroie_receipts,specification,1,0.4432,data/raw/pool/pos_sroie_receipts_00132.jpg
data/raw/pool/pos_sroie_receipts_00133.jpg,sroie_receipts,invoice,1,0.7760,data/raw/pool/pos_sroie_receipts_00133.jpg
data/raw/pool/pos_sroie_receipts_00134.jpg,sroie_receipts,form,1,0.7223,data/raw/pool/pos_sroie_receipts_00134.jpg
data/raw/pool/pos_sroie_receipts_00135.jpg,sroie_receipts,form,1,0.6396,data/raw/pool/pos_sroie_receipts_00135.jpg
data/raw/pool/pos_sroie_receipts_00136.jpg,sroie_receipts,form,1,0.7358,data/raw/pool/pos_sroie_receipts_00136.jpg
data/raw/pool/pos_sroie_receipts_00137.jpg,sroie_receipts,scientific report,1,0.4630,data/raw/pool/pos_sroie_receipts_00137.jpg
data/raw/pool/pos_sroie_receipts_00138.jpg,sroie_receipts,scientific report,1,0.4630,data/raw/pool/pos_sroie_receipts_00138.jpg
data/raw/pool/pos_sroie_receipts_00139.jpg,sroie_receipts,budget,1,0.7408,data/raw/pool/pos_sroie_receipts_00139.jpg
data/raw/pool/pos_sroie_receipts_00140.jpg,sroie_receipts,budget,1,0.7408,data/raw/pool/pos_sroie_receipts_00140.jpg
data/raw/pool/pos_sroie_receipts_00141.jpg,sroie_receipts,specification,1,0.3158,data/raw/pool/pos_sroie_receipts_00141.jpg
data/raw/pool/pos_sroie_receipts_00142.jpg,sroie_receipts,budget,1,0.6770,data/raw/pool/pos_sroie_receipts_00142.jpg
data/raw/pool/pos_sroie_receipts_00143.jpg,sroie_receipts,form,1,0.2586,data/raw/pool/pos_sroie_receipts_00143.jpg
data/raw/pool/pos_sroie_receipts_00144.jpg,sroie_receipts,invoice,1,0.7502,data/raw/pool/pos_sroie_receipts_00144.jpg
data/raw/pool/pos_sroie_receipts_00145.jpg,sroie_receipts,invoice,1,0.6721,data/raw/pool/pos_sroie_receipts_00145.jpg
data/raw/pool/pos_sroie_receipts_00146.jpg,sroie_receipts,invoice,1,0.8516,data/raw/pool/pos_sroie_receipts_00146.jpg
data/raw/pool/pos_sroie_receipts_00147.jpg,sroie_receipts,invoice,1,0.5015,data/raw/pool/pos_sroie_receipts_00147.jpg
data/raw/pool/pos_sroie_receipts_00148.jpg,sroie_receipts,invoice,1,0.7402,data/raw/pool/pos_sroie_receipts_00148.jpg
data/raw/pool/pos_sroie_receipts_00149.jpg,sroie_receipts,invoice,1,0.8121,data/raw/pool/pos_sroie_receipts_00149.jpg
data/raw/pool/pos_sroie_receipts_00150.jpg,sroie_receipts,invoice,1,0.8796,data/raw/pool/pos_sroie_receipts_00150.jpg
data/raw/pool/pos_sroie_receipts_00151.jpg,sroie_receipts,invoice,1,0.8681,data/raw/pool/pos_sroie_receipts_00151.jpg
data/raw/pool/pos_sroie_receipts_00152.jpg,sroie_receipts,invoice,1,0.8542,data/raw/pool/pos_sroie_receipts_00152.jpg
data/raw/pool/pos_sroie_receipts_00153.jpg,sroie_receipts,invoice,1,0.6342,data/raw/pool/pos_sroie_receipts_00153.jpg
data/raw/pool/pos_sroie_receipts_00154.jpg,sroie_receipts,specification,1,0.6323,data/raw/pool/pos_sroie_receipts_00154.jpg
data/raw/pool/pos_sroie_receipts_00155.jpg,sroie_receipts,invoice,1,0.8004,data/raw/pool/pos_sroie_receipts_00155.jpg
data/raw/pool/pos_sroie_receipts_00156.jpg,sroie_receipts,invoice,1,0.5033,data/raw/pool/pos_sroie_receipts_00156.jpg
data/raw/pool/pos_sroie_receipts_00157.jpg,sroie_receipts,form,1,0.8473,data/raw/pool/pos_sroie_receipts_00157.jpg
data/raw/pool/pos_sroie_receipts_00158.jpg,sroie_receipts,invoice,1,0.8728,data/raw/pool/pos_sroie_receipts_00158.jpg
data/raw/pool/pos_sroie_receipts_00159.jpg,sroie_receipts,invoice,1,0.8591,data/raw/pool/pos_sroie_receipts_00159.jpg
data/raw/pool/pos_sroie_receipts_00160.jpg,sroie_receipts,invoice,1,0.8461,data/raw/pool/pos_sroie_receipts_00160.jpg
data/raw/pool/pos_sroie_receipts_00161.jpg,sroie_receipts,invoice,1,0.7840,data/raw/pool/pos_sroie_receipts_00161.jpg
data/raw/pool/pos_sroie_receipts_00162.jpg,sroie_receipts,specification,1,0.5513,data/raw/pool/pos_sroie_receipts_00162.jpg
data/raw/pool/pos_sroie_receipts_00163.jpg,sroie_receipts,invoice,1,0.3375,data/raw/pool/pos_sroie_receipts_00163.jpg
data/raw/pool/pos_sroie_receipts_00164.jpg,sroie_receipts,invoice,1,0.5132,data/raw/pool/pos_sroie_receipts_00164.jpg
data/raw/pool/pos_sroie_receipts_00165.jpg,sroie_receipts,form,1,0.3945,data/raw/pool/pos_sroie_receipts_00165.jpg
data/raw/pool/pos_sroie_receipts_00166.jpg,sroie_receipts,invoice,1,0.8814,data/raw/pool/pos_sroie_receipts_00166.jpg
data/raw/pool/pos_sroie_receipts_00167.jpg,sroie_receipts,invoice,1,0.7379,data/raw/pool/pos_sroie_receipts_00167.jpg
data/raw/pool/pos_sroie_receipts_00168.jpg,sroie_receipts,form,1,0.5184,data/raw/pool/pos_sroie_receipts_00168.jpg
data/raw/pool/pos_sroie_receipts_00169.jpg,sroie_receipts,invoice,1,0.7921,data/raw/pool/pos_sroie_receipts_00169.jpg
data/raw/pool/pos_sroie_receipts_00170.jpg,sroie_receipts,invoice,1,0.8620,data/raw/pool/pos_sroie_receipts_00170.jpg
data/raw/pool/pos_sroie_receipts_00171.jpg,sroie_receipts,invoice,1,0.8616,data/raw/pool/pos_sroie_receipts_00171.jpg
data/raw/pool/pos_sroie_receipts_00172.jpg,sroie_receipts,invoice,1,0.8028,data/raw/pool/pos_sroie_receipts_00172.jpg
data/raw/pool/pos_sroie_receipts_00173.jpg,sroie_receipts,invoice,1,0.4493,data/raw/pool/pos_sroie_receipts_00173.jpg
data/raw/pool/pos_sroie_receipts_00174.jpg,sroie_receipts,invoice,1,0.5243,data/raw/pool/pos_sroie_receipts_00174.jpg
data/raw/pool/pos_sroie_receipts_00175.jpg,sroie_receipts,handwritten,1,0.4830,data/raw/pool/pos_sroie_receipts_00175.jpg
data/raw/pool/pos_sroie_receipts_00176.jpg,sroie_receipts,specification,1,0.7157,data/raw/pool/pos_sroie_receipts_00176.jpg
data/raw/pool/pos_sroie_receipts_00177.jpg,sroie_receipts,invoice,1,0.6964,data/raw/pool/pos_sroie_receipts_00177.jpg
data/raw/pool/pos_sroie_receipts_00178.jpg,sroie_receipts,invoice,1,0.8369,data/raw/pool/pos_sroie_receipts_00178.jpg
data/raw/pool/pos_sroie_receipts_00179.jpg,sroie_receipts,invoice,1,0.7823,data/raw/pool/pos_sroie_receipts_00179.jpg
data/raw/pool/pos_sroie_receipts_00180.jpg,sroie_receipts,specification,1,0.8153,data/raw/pool/pos_sroie_receipts_00180.jpg
data/raw/pool/pos_sroie_receipts_00181.jpg,sroie_receipts,specification,1,0.4063,data/raw/pool/pos_sroie_receipts_00181.jpg
data/raw/pool/pos_sroie_receipts_00182.jpg,sroie_receipts,form,1,0.7519,data/raw/pool/pos_sroie_receipts_00182.jpg
data/raw/pool/pos_sroie_receipts_00183.jpg,sroie_receipts,invoice,1,0.5763,data/raw/pool/pos_sroie_receipts_00183.jpg
data/raw/pool/pos_sroie_receipts_00184.jpg,sroie_receipts,form,1,0.3917,data/raw/pool/pos_sroie_receipts_00184.jpg
data/raw/pool/pos_sroie_receipts_00185.jpg,sroie_receipts,form,1,0.5710,data/raw/pool/pos_sroie_receipts_00185.jpg
data/raw/pool/pos_sroie_receipts_00186.jpg,sroie_receipts,invoice,1,0.8773,data/raw/pool/pos_sroie_receipts_00186.jpg
data/raw/pool/pos_sroie_receipts_00187.jpg,sroie_receipts,form,1,0.5611,data/raw/pool/pos_sroie_receipts_00187.jpg
data/raw/pool/pos_sroie_receipts_00188.jpg,sroie_receipts,form,1,0.3025,data/raw/pool/pos_sroie_receipts_00188.jpg
data/raw/pool/pos_sroie_receipts_00189.jpg,sroie_receipts,handwritten,1,0.6252,data/raw/pool/pos_sroie_receipts_00189.jpg
data/raw/pool/pos_sroie_receipts_00190.jpg,sroie_receipts,invoice,1,0.6550,data/raw/pool/pos_sroie_receipts_00190.jpg
data/raw/pool/pos_sroie_receipts_00191.jpg,sroie_receipts,invoice,1,0.8913,data/raw/pool/pos_sroie_receipts_00191.jpg
data/raw/pool/pos_sroie_receipts_00192.jpg,sroie_receipts,invoice,1,0.8946,data/raw/pool/pos_sroie_receipts_00192.jpg
data/raw/pool/pos_sroie_receipts_00193.jpg,sroie_receipts,specification,1,0.7194,data/raw/pool/pos_sroie_receipts_00193.jpg
data/raw/pool/pos_sroie_receipts_00194.jpg,sroie_receipts,invoice,1,0.5145,data/raw/pool/pos_sroie_receipts_00194.jpg
data/raw/pool/pos_sroie_receipts_00195.jpg,sroie_receipts,invoice,1,0.4795,data/raw/pool/pos_sroie_receipts_00195.jpg
data/raw/pool/pos_sroie_receipts_00196.jpg,sroie_receipts,invoice,1,0.8357,data/raw/pool/pos_sroie_receipts_00196.jpg
data/raw/pool/pos_sroie_receipts_00197.jpg,sroie_receipts,letter,1,0.5129,data/raw/pool/pos_sroie_receipts_00197.jpg
data/raw/pool/pos_sroie_receipts_00198.jpg,sroie_receipts,specification,1,0.7290,data/raw/pool/pos_sroie_receipts_00198.jpg
data/raw/pool/pos_sroie_receipts_00199.jpg,sroie_receipts,invoice,1,0.6227,data/raw/pool/pos_sroie_receipts_00199.jpg
data/raw/pool/pos_sroie_receipts_00200.jpg,sroie_receipts,invoice,1,0.4042,data/raw/pool/pos_sroie_receipts_00200.jpg
data/raw/pool/pos_sroie_receipts_00201.jpg,sroie_receipts,invoice,1,0.7303,data/raw/pool/pos_sroie_receipts_00201.jpg
data/raw/pool/pos_sroie_receipts_00202.jpg,sroie_receipts,budget,1,0.5967,data/raw/pool/pos_sroie_receipts_00202.jpg
data/raw/pool/pos_sroie_receipts_00203.jpg,sroie_receipts,invoice,1,0.7932,data/raw/pool/pos_sroie_receipts_00203.jpg
data/raw/pool/pos_sroie_receipts_00204.jpg,sroie_receipts,invoice,1,0.7009,data/raw/pool/pos_sroie_receipts_00204.jpg
data/raw/pool/pos_sroie_receipts_00205.jpg,sroie_receipts,invoice,1,0.8794,data/raw/pool/pos_sroie_receipts_00205.jpg
data/raw/pool/pos_sroie_receipts_00206.jpg,sroie_receipts,invoice,1,0.7804,data/raw/pool/pos_sroie_receipts_00206.jpg
data/raw/pool/pos_sroie_receipts_00207.jpg,sroie_receipts,invoice,1,0.8047,data/raw/pool/pos_sroie_receipts_00207.jpg
data/raw/pool/pos_sroie_receipts_00208.jpg,sroie_receipts,invoice,1,0.6919,data/raw/pool/pos_sroie_receipts_00208.jpg
data/raw/pool/pos_sroie_receipts_00209.jpg,sroie_receipts,invoice,1,0.8824,data/raw/pool/pos_sroie_receipts_00209.jpg
data/raw/pool/pos_sroie_receipts_00210.jpg,sroie_receipts,invoice,1,0.8238,data/raw/pool/pos_sroie_receipts_00210.jpg
data/raw/pool/pos_sroie_receipts_00211.jpg,sroie_receipts,invoice,1,0.7426,data/raw/pool/pos_sroie_receipts_00211.jpg
data/raw/pool/pos_sroie_receipts_00212.jpg,sroie_receipts,invoice,1,0.8584,data/raw/pool/pos_sroie_receipts_00212.jpg
data/raw/pool/pos_sroie_receipts_00213.jpg,sroie_receipts,invoice,1,0.7773,data/raw/pool/pos_sroie_receipts_00213.jpg
data/raw/pool/pos_sroie_receipts_00214.jpg,sroie_receipts,invoice,1,0.7921,data/raw/pool/pos_sroie_receipts_00214.jpg
data/raw/pool/pos_sroie_receipts_00215.jpg,sroie_receipts,invoice,1,0.7921,data/raw/pool/pos_sroie_receipts_00215.jpg
data/raw/pool/pos_sroie_receipts_00216.jpg,sroie_receipts,invoice,1,0.7921,data/raw/pool/pos_sroie_receipts_00216.jpg
data/raw/pool/pos_sroie_receipts_00217.jpg,sroie_receipts,invoice,1,0.7022,data/raw/pool/pos_sroie_receipts_00217.jpg
data/raw/pool/pos_sroie_receipts_00218.jpg,sroie_receipts,invoice,1,0.7022,data/raw/pool/pos_sroie_receipts_00218.jpg
data/raw/pool/pos_sroie_receipts_00219.jpg,sroie_receipts,invoice,1,0.7022,data/raw/pool/pos_sroie_receipts_00219.jpg
data/raw/pool/pos_sroie_receipts_00220.jpg,sroie_receipts,invoice,1,0.4091,data/raw/pool/pos_sroie_receipts_00220.jpg
data/raw/pool/pos_sroie_receipts_00221.jpg,sroie_receipts,invoice,1,0.4091,data/raw/pool/pos_sroie_receipts_00221.jpg
data/raw/pool/pos_sroie_receipts_00222.jpg,sroie_receipts,invoice,1,0.4091,data/raw/pool/pos_sroie_receipts_00222.jpg
data/raw/pool/pos_sroie_receipts_00223.jpg,sroie_receipts,specification,1,0.8322,data/raw/pool/pos_sroie_receipts_00223.jpg
data/raw/pool/pos_sroie_receipts_00224.jpg,sroie_receipts,specification,1,0.8322,data/raw/pool/pos_sroie_receipts_00224.jpg
data/raw/pool/pos_sroie_receipts_00225.jpg,sroie_receipts,specification,1,0.8322,data/raw/pool/pos_sroie_receipts_00225.jpg
data/raw/pool/pos_sroie_receipts_00226.jpg,sroie_receipts,budget,1,0.7200,data/raw/pool/pos_sroie_receipts_00226.jpg
data/raw/pool/pos_sroie_receipts_00227.jpg,sroie_receipts,budget,1,0.5000,data/raw/pool/pos_sroie_receipts_00227.jpg
data/raw/pool/pos_sroie_receipts_00228.jpg,sroie_receipts,form,1,0.6176,data/raw/pool/pos_sroie_receipts_00228.jpg
data/raw/pool/pos_sroie_receipts_00229.jpg,sroie_receipts,invoice,1,0.5319,data/raw/pool/pos_sroie_receipts_00229.jpg
data/raw/pool/pos_sroie_receipts_00230.jpg,sroie_receipts,invoice,1,0.4986,data/raw/pool/pos_sroie_receipts_00230.jpg
data/raw/pool/pos_sroie_receipts_00231.jpg,sroie_receipts,invoice,1,0.6273,data/raw/pool/pos_sroie_receipts_00231.jpg
data/raw/pool/pos_sroie_receipts_00232.jpg,sroie_receipts,form,1,0.7366,data/raw/pool/pos_sroie_receipts_00232.jpg
data/raw/pool/pos_sroie_receipts_00233.jpg,sroie_receipts,invoice,1,0.7437,data/raw/pool/pos_sroie_receipts_00233.jpg
data/raw/pool/pos_sroie_receipts_00234.jpg,sroie_receipts,budget,1,0.5546,data/raw/pool/pos_sroie_receipts_00234.jpg
data/raw/pool/pos_sroie_receipts_00235.jpg,sroie_receipts,invoice,1,0.8394,data/raw/pool/pos_sroie_receipts_00235.jpg
data/raw/pool/pos_sroie_receipts_00236.jpg,sroie_receipts,invoice,1,0.4565,data/raw/pool/pos_sroie_receipts_00236.jpg
data/raw/pool/pos_sroie_receipts_00237.jpg,sroie_receipts,invoice,1,0.7006,data/raw/pool/pos_sroie_receipts_00237.jpg
data/raw/pool/pos_sroie_receipts_00238.jpg,sroie_receipts,invoice,1,0.6646,data/raw/pool/pos_sroie_receipts_00238.jpg
data/raw/pool/pos_sroie_receipts_00239.jpg,sroie_receipts,invoice,1,0.7638,data/raw/pool/pos_sroie_receipts_00239.jpg
data/raw/pool/pos_sroie_receipts_00240.jpg,sroie_receipts,invoice,1,0.6095,data/raw/pool/pos_sroie_receipts_00240.jpg
data/raw/pool/pos_sroie_receipts_00241.jpg,sroie_receipts,invoice,1,0.5776,data/raw/pool/pos_sroie_receipts_00241.jpg
data/raw/pool/pos_sroie_receipts_00242.jpg,sroie_receipts,invoice,1,0.5427,data/raw/pool/pos_sroie_receipts_00242.jpg
data/raw/pool/pos_sroie_receipts_00243.jpg,sroie_receipts,invoice,1,0.8098,data/raw/pool/pos_sroie_receipts_00243.jpg
data/raw/pool/pos_sroie_receipts_00244.jpg,sroie_receipts,invoice,1,0.8098,data/raw/pool/pos_sroie_receipts_00244.jpg
data/raw/pool/pos_sroie_receipts_00245.jpg,sroie_receipts,invoice,1,0.4743,data/raw/pool/pos_sroie_receipts_00245.jpg
data/raw/pool/pos_sroie_receipts_00246.jpg,sroie_receipts,invoice,1,0.4743,data/raw/pool/pos_sroie_receipts_00246.jpg
data/raw/pool/pos_sroie_receipts_00247.jpg,sroie_receipts,advertisement,1,0.2754,data/raw/pool/pos_sroie_receipts_00247.jpg
data/raw/pool/pos_sroie_receipts_00248.jpg,sroie_receipts,advertisement,1,0.2754,data/raw/pool/pos_sroie_receipts_00248.jpg
data/raw/pool/pos_sroie_receipts_00249.jpg,sroie_receipts,scientific publication,1,0.2868,data/raw/pool/pos_sroie_receipts_00249.jpg
data/raw/pool/pos_sroie_receipts_00250.jpg,sroie_receipts,scientific publication,1,0.2868,data/raw/pool/pos_sroie_receipts_00250.jpg
data/raw/pool/pos_sroie_receipts_00251.jpg,sroie_receipts,budget,1,0.8320,data/raw/pool/pos_sroie_receipts_00251.jpg
data/raw/pool/pos_sroie_receipts_00252.jpg,sroie_receipts,invoice,1,0.7516,data/raw/pool/pos_sroie_receipts_00252.jpg
data/raw/pool/pos_sroie_receipts_00253.jpg,sroie_receipts,scientific report,1,0.3806,data/raw/pool/pos_sroie_receipts_00253.jpg
data/raw/pool/pos_sroie_receipts_00254.jpg,sroie_receipts,invoice,1,0.8801,data/raw/pool/pos_sroie_receipts_00254.jpg
data/raw/pool/pos_sroie_receipts_00255.jpg,sroie_receipts,invoice,1,0.8905,data/raw/pool/pos_sroie_receipts_00255.jpg
data/raw/pool/pos_sroie_receipts_00256.jpg,sroie_receipts,invoice,1,0.8929,data/raw/pool/pos_sroie_receipts_00256.jpg
data/raw/pool/pos_sroie_receipts_00257.jpg,sroie_receipts,invoice,1,0.8860,data/raw/pool/pos_sroie_receipts_00257.jpg
data/raw/pool/pos_sroie_receipts_00258.jpg,sroie_receipts,invoice,1,0.8860,data/raw/pool/pos_sroie_receipts_00258.jpg
data/raw/pool/pos_sroie_receipts_00259.jpg,sroie_receipts,specification,1,0.8951,data/raw/pool/pos_sroie_receipts_00259.jpg
data/raw/pool/pos_sroie_receipts_00260.jpg,sroie_receipts,specification,1,0.8951,data/raw/pool/pos_sroie_receipts_00260.jpg
data/raw/pool/pos_sroie_receipts_00261.jpg,sroie_receipts,invoice,1,0.7590,data/raw/pool/pos_sroie_receipts_00261.jpg
data/raw/pool/pos_sroie_receipts_00262.jpg,sroie_receipts,invoice,1,0.7590,data/raw/pool/pos_sroie_receipts_00262.jpg
data/raw/pool/pos_sroie_receipts_00263.jpg,sroie_receipts,invoice,1,0.6272,data/raw/pool/pos_sroie_receipts_00263.jpg
data/raw/pool/pos_sroie_receipts_00264.jpg,sroie_receipts,invoice,1,0.6272,data/raw/pool/pos_sroie_receipts_00264.jpg
data/raw/pool/pos_sroie_receipts_00265.jpg,sroie_receipts,budget,1,0.4428,data/raw/pool/pos_sroie_receipts_00265.jpg
data/raw/pool/pos_sroie_receipts_00266.jpg,sroie_receipts,specification,1,0.3943,data/raw/pool/pos_sroie_receipts_00266.jpg
data/raw/pool/pos_sroie_receipts_00267.jpg,sroie_receipts,specification,1,0.2334,data/raw/pool/pos_sroie_receipts_00267.jpg
data/raw/pool/pos_sroie_receipts_00268.jpg,sroie_receipts,budget,1,0.7647,data/raw/pool/pos_sroie_receipts_00268.jpg
data/raw/pool/pos_sroie_receipts_00269.jpg,sroie_receipts,invoice,1,0.8333,data/raw/pool/pos_sroie_receipts_00269.jpg
data/raw/pool/pos_sroie_receipts_00270.jpg,sroie_receipts,invoice,1,0.8962,data/raw/pool/pos_sroie_receipts_00270.jpg
data/raw/pool/pos_sroie_receipts_00271.jpg,sroie_receipts,invoice,1,0.5805,data/raw/pool/pos_sroie_receipts_00271.jpg
data/raw/pool/pos_sroie_receipts_00272.jpg,sroie_receipts,budget,1,0.8485,data/raw/pool/pos_sroie_receipts_00272.jpg
data/raw/pool/pos_sroie_receipts_00273.jpg,sroie_receipts,budget,1,0.4319,data/raw/pool/pos_sroie_receipts_00273.jpg
data/raw/pool/pos_sroie_receipts_00274.jpg,sroie_receipts,form,1,0.8189,data/raw/pool/pos_sroie_receipts_00274.jpg
data/raw/pool/pos_sroie_receipts_00275.jpg,sroie_receipts,form,1,0.4843,data/raw/pool/pos_sroie_receipts_00275.jpg
data/raw/pool/pos_sroie_receipts_00276.jpg,sroie_receipts,invoice,1,0.4975,data/raw/pool/pos_sroie_receipts_00276.jpg
data/raw/pool/pos_sroie_receipts_00277.jpg,sroie_receipts,invoice,1,0.8079,data/raw/pool/pos_sroie_receipts_00277.jpg
data/raw/pool/pos_sroie_receipts_00278.jpg,sroie_receipts,invoice,1,0.5082,data/raw/pool/pos_sroie_receipts_00278.jpg
data/raw/pool/pos_sroie_receipts_00279.jpg,sroie_receipts,invoice,1,0.6800,data/raw/pool/pos_sroie_receipts_00279.jpg
data/raw/pool/pos_sroie_receipts_00280.jpg,sroie_receipts,form,1,0.4588,data/raw/pool/pos_sroie_receipts_00280.jpg
data/raw/pool/pos_sroie_receipts_00281.jpg,sroie_receipts,invoice,1,0.8523,data/raw/pool/pos_sroie_receipts_00281.jpg
data/raw/pool/pos_sroie_receipts_00282.jpg,sroie_receipts,invoice,1,0.7152,data/raw/pool/pos_sroie_receipts_00282.jpg
data/raw/pool/pos_sroie_receipts_00283.jpg,sroie_receipts,invoice,1,0.8690,data/raw/pool/pos_sroie_receipts_00283.jpg
data/raw/pool/pos_sroie_receipts_00284.jpg,sroie_receipts,specification,1,0.4934,data/raw/pool/pos_sroie_receipts_00284.jpg
data/raw/pool/pos_sroie_receipts_00285.jpg,sroie_receipts,budget,1,0.3721,data/raw/pool/pos_sroie_receipts_00285.jpg
data/raw/pool/pos_sroie_receipts_00286.jpg,sroie_receipts,invoice,1,0.8966,data/raw/pool/pos_sroie_receipts_00286.jpg
data/raw/pool/pos_sroie_receipts_00287.jpg,sroie_receipts,invoice,1,0.6418,data/raw/pool/pos_sroie_receipts_00287.jpg
data/raw/pool/pos_sroie_receipts_00288.jpg,sroie_receipts,invoice,1,0.8723,data/raw/pool/pos_sroie_receipts_00288.jpg
data/raw/pool/pos_sroie_receipts_00289.jpg,sroie_receipts,invoice,1,0.8589,data/raw/pool/pos_sroie_receipts_00289.jpg
data/raw/pool/pos_sroie_receipts_00290.jpg,sroie_receipts,invoice,1,0.8173,data/raw/pool/pos_sroie_receipts_00290.jpg
data/raw/pool/pos_sroie_receipts_00291.jpg,sroie_receipts,invoice,1,0.7970,data/raw/pool/pos_sroie_receipts_00291.jpg
data/raw/pool/pos_sroie_receipts_00292.jpg,sroie_receipts,invoice,1,0.7373,data/raw/pool/pos_sroie_receipts_00292.jpg
data/raw/pool/pos_sroie_receipts_00293.jpg,sroie_receipts,form,1,0.4557,data/raw/pool/pos_sroie_receipts_00293.jpg
data/raw/pool/pos_sroie_receipts_00294.jpg,sroie_receipts,budget,1,0.3579,data/raw/pool/pos_sroie_receipts_00294.jpg
data/raw/pool/pos_sroie_receipts_00295.jpg,sroie_receipts,invoice,1,0.6408,data/raw/pool/pos_sroie_receipts_00295.jpg
data/raw/pool/pos_sroie_receipts_00296.jpg,sroie_receipts,invoice,1,0.8856,data/raw/pool/pos_sroie_receipts_00296.jpg
data/raw/pool/pos_sroie_receipts_00297.jpg,sroie_receipts,invoice,1,0.7564,data/raw/pool/pos_sroie_receipts_00297.jpg
data/raw/pool/pos_sroie_receipts_00298.jpg,sroie_receipts,specification,1,0.4917,data/raw/pool/pos_sroie_receipts_00298.jpg
data/raw/pool/pos_sroie_receipts_00299.jpg,sroie_receipts,invoice,1,0.7823,data/raw/pool/pos_sroie_receipts_00299.jpg
data/raw/pool/pos_sroie_receipts_00300.jpg,sroie_receipts,invoice,1,0.5708,data/raw/pool/pos_sroie_receipts_00300.jpg
data/raw/pool/pos_sroie_receipts_00301.jpg,sroie_receipts,handwritten,1,0.4673,data/raw/pool/pos_sroie_receipts_00301.jpg
data/raw/pool/pos_sroie_receipts_00302.jpg,sroie_receipts,scientific report,1,0.4946,data/raw/pool/pos_sroie_receipts_00302.jpg
data/raw/pool/pos_sroie_receipts_00303.jpg,sroie_receipts,invoice,1,0.8696,data/raw/pool/pos_sroie_receipts_00303.jpg
data/raw/pool/pos_sroie_receipts_00304.jpg,sroie_receipts,invoice,1,0.8922,data/raw/pool/pos_sroie_receipts_00304.jpg
data/raw/pool/pos_sroie_receipts_00305.jpg,sroie_receipts,invoice,1,0.5075,data/raw/pool/pos_sroie_receipts_00305.jpg
data/raw/pool/pos_sroie_receipts_00306.jpg,sroie_receipts,budget,1,0.8508,data/raw/pool/pos_sroie_receipts_00306.jpg
data/raw/pool/pos_sroie_receipts_00307.jpg,sroie_receipts,scientific publication,1,0.5298,data/raw/pool/pos_sroie_receipts_00307.jpg
data/raw/pool/pos_sroie_receipts_00308.jpg,sroie_receipts,specification,1,0.3360,data/raw/pool/pos_sroie_receipts_00308.jpg
data/raw/pool/pos_sroie_receipts_00309.jpg,sroie_receipts,invoice,1,0.4902,data/raw/pool/pos_sroie_receipts_00309.jpg
data/raw/pool/pos_sroie_receipts_00310.jpg,sroie_receipts,invoice,1,0.4516,data/raw/pool/pos_sroie_receipts_00310.jpg
data/raw/pool/pos_sroie_receipts_00311.jpg,sroie_receipts,budget,1,0.4977,data/raw/pool/pos_sroie_receipts_00311.jpg
data/raw/pool/pos_sroie_receipts_00312.jpg,sroie_receipts,scientific report,1,0.3511,data/raw/pool/pos_sroie_receipts_00312.jpg
data/raw/pool/pos_sroie_receipts_00313.jpg,sroie_receipts,invoice,1,0.8656,data/raw/pool/pos_sroie_receipts_00313.jpg
data/raw/pool/pos_sroie_receipts_00314.jpg,sroie_receipts,invoice,1,0.8967,data/raw/pool/pos_sroie_receipts_00314.jpg
data/raw/pool/pos_sroie_receipts_00315.jpg,sroie_receipts,budget,1,0.6456,data/raw/pool/pos_sroie_receipts_00315.jpg
data/raw/pool/pos_sroie_receipts_00316.jpg,sroie_receipts,specification,1,0.3894,data/raw/pool/pos_sroie_receipts_00316.jpg
data/raw/pool/pos_sroie_receipts_00317.jpg,sroie_receipts,invoice,1,0.7957,data/raw/pool/pos_sroie_receipts_00317.jpg
data/raw/pool/pos_sroie_receipts_00318.jpg,sroie_receipts,invoice,1,0.8137,data/raw/pool/pos_sroie_receipts_00318.jpg
data/raw/pool/pos_sroie_receipts_00319.jpg,sroie_receipts,scientific publication,1,0.6695,data/raw/pool/pos_sroie_receipts_00319.jpg
data/raw/pool/pos_sroie_receipts_00320.jpg,sroie_receipts,invoice,1,0.8770,data/raw/pool/pos_sroie_receipts_00320.jpg
data/raw/pool/pos_sroie_receipts_00321.jpg,sroie_receipts,invoice,1,0.8808,data/raw/pool/pos_sroie_receipts_00321.jpg
data/raw/pool/pos_sroie_receipts_00322.jpg,sroie_receipts,specification,1,0.6989,data/raw/pool/pos_sroie_receipts_00322.jpg
data/raw/pool/pos_sroie_receipts_00323.jpg,sroie_receipts,invoice,1,0.7732,data/raw/pool/pos_sroie_receipts_00323.jpg
data/raw/pool/pos_sroie_receipts_00324.jpg,sroie_receipts,invoice,1,0.3117,data/raw/pool/pos_sroie_receipts_00324.jpg
data/raw/pool/pos_sroie_receipts_00325.jpg,sroie_receipts,invoice,1,0.6421,data/raw/pool/pos_sroie_receipts_00325.jpg
data/raw/pool/pos_sroie_receipts_00326.jpg,sroie_receipts,invoice,1,0.8835,data/raw/pool/pos_sroie_receipts_00326.jpg
data/raw/pool/pos_sroie_receipts_00327.jpg,sroie_receipts,invoice,1,0.8679,data/raw/pool/pos_sroie_receipts_00327.jpg
data/raw/pool/pos_sroie_receipts_00328.jpg,sroie_receipts,invoice,1,0.8880,data/raw/pool/pos_sroie_receipts_00328.jpg
data/raw/pool/pos_sroie_receipts_00329.jpg,sroie_receipts,invoice,1,0.9031,data/raw/pool/pos_sroie_receipts_00329.jpg
data/raw/pool/pos_sroie_receipts_00330.jpg,sroie_receipts,invoice,1,0.4954,data/raw/pool/pos_sroie_receipts_00330.jpg
data/raw/pool/pos_sroie_receipts_00331.jpg,sroie_receipts,invoice,1,0.8005,data/raw/pool/pos_sroie_receipts_00331.jpg
data/raw/pool/pos_sroie_receipts_00332.jpg,sroie_receipts,invoice,1,0.4462,data/raw/pool/pos_sroie_receipts_00332.jpg
data/raw/pool/pos_sroie_receipts_00333.jpg,sroie_receipts,specification,1,0.3694,data/raw/pool/pos_sroie_receipts_00333.jpg
data/raw/pool/pos_sroie_receipts_00334.jpg,sroie_receipts,invoice,1,0.8536,data/raw/pool/pos_sroie_receipts_00334.jpg
data/raw/pool/pos_sroie_receipts_00335.jpg,sroie_receipts,invoice,1,0.8889,data/raw/pool/pos_sroie_receipts_00335.jpg
data/raw/pool/pos_sroie_receipts_00336.jpg,sroie_receipts,invoice,1,0.5839,data/raw/pool/pos_sroie_receipts_00336.jpg
data/raw/pool/pos_sroie_receipts_00337.jpg,sroie_receipts,budget,1,0.3860,data/raw/pool/pos_sroie_receipts_00337.jpg
data/raw/pool/pos_sroie_receipts_00338.jpg,sroie_receipts,invoice,1,0.4260,data/raw/pool/pos_sroie_receipts_00338.jpg
data/raw/pool/pos_sroie_receipts_00339.jpg,sroie_receipts,scientific report,1,0.5312,data/raw/pool/pos_sroie_receipts_00339.jpg
data/raw/pool/pos_sroie_receipts_00340.jpg,sroie_receipts,budget,1,0.4563,data/raw/pool/pos_sroie_receipts_00340.jpg
data/raw/pool/pos_sroie_receipts_00341.jpg,sroie_receipts,budget,1,0.3899,data/raw/pool/pos_sroie_receipts_00341.jpg
data/raw/pool/pos_sroie_receipts_00342.jpg,sroie_receipts,invoice,1,0.6423,data/raw/pool/pos_sroie_receipts_00342.jpg
data/raw/pool/pos_sroie_receipts_00343.jpg,sroie_receipts,specification,1,0.8936,data/raw/pool/pos_sroie_receipts_00343.jpg
data/raw/pool/pos_sroie_receipts_00344.jpg,sroie_receipts,invoice,1,0.5029,data/raw/pool/pos_sroie_receipts_00344.jpg
data/raw/pool/pos_sroie_receipts_00345.jpg,sroie_receipts,invoice,1,0.8095,data/raw/pool/pos_sroie_receipts_00345.jpg
data/raw/pool/pos_sroie_receipts_00346.jpg,sroie_receipts,invoice,1,0.8174,data/raw/pool/pos_sroie_receipts_00346.jpg
data/raw/pool/pos_sroie_receipts_00347.jpg,sroie_receipts,invoice,1,0.7171,data/raw/pool/pos_sroie_receipts_00347.jpg
data/raw/pool/pos_sroie_receipts_00348.jpg,sroie_receipts,invoice,1,0.4173,data/raw/pool/pos_sroie_receipts_00348.jpg
data/raw/pool/pos_sroie_receipts_00349.jpg,sroie_receipts,invoice,1,0.8294,data/raw/pool/pos_sroie_receipts_00349.jpg
data/raw/pool/pos_sroie_receipts_00350.jpg,sroie_receipts,invoice,1,0.7082,data/raw/pool/pos_sroie_receipts_00350.jpg
data/raw/pool/pos_sroie_receipts_00351.jpg,sroie_receipts,form,1,0.5143,data/raw/pool/pos_sroie_receipts_00351.jpg
data/raw/pool/pos_sroie_receipts_00352.jpg,sroie_receipts,form,1,0.4538,data/raw/pool/pos_sroie_receipts_00352.jpg
data/raw/pool/pos_sroie_receipts_00353.jpg,sroie_receipts,invoice,1,0.7147,data/raw/pool/pos_sroie_receipts_00353.jpg
data/raw/pool/pos_sroie_receipts_00354.jpg,sroie_receipts,invoice,1,0.7378,data/raw/pool/pos_sroie_receipts_00354.jpg
data/raw/pool/pos_sroie_receipts_00355.jpg,sroie_receipts,budget,1,0.8534,data/raw/pool/pos_sroie_receipts_00355.jpg
data/raw/pool/pos_sroie_receipts_00356.jpg,sroie_receipts,invoice,1,0.6431,data/raw/pool/pos_sroie_receipts_00356.jpg
data/raw/pool/pos_sroie_receipts_00357.jpg,sroie_receipts,invoice,1,0.4527,data/raw/pool/pos_sroie_receipts_00357.jpg
data/raw/pool/pos_sroie_receipts_00358.jpg,sroie_receipts,budget,1,0.7409,data/raw/pool/pos_sroie_receipts_00358.jpg
data/raw/pool/pos_sroie_receipts_00359.jpg,sroie_receipts,budget,1,0.3719,data/raw/pool/pos_sroie_receipts_00359.jpg
data/raw/pool/pos_sroie_receipts_00360.jpg,sroie_receipts,budget,1,0.7760,data/raw/pool/pos_sroie_receipts_00360.jpg
data/raw/pool/pos_sroie_receipts_00361.jpg,sroie_receipts,form,1,0.4041,data/raw/pool/pos_sroie_receipts_00361.jpg
data/raw/pool/pos_sroie_receipts_00362.jpg,sroie_receipts,budget,1,0.6969,data/raw/pool/pos_sroie_receipts_00362.jpg
data/raw/pool/pos_sroie_receipts_00363.jpg,sroie_receipts,budget,1,0.8254,data/raw/pool/pos_sroie_receipts_00363.jpg
data/raw/pool/pos_sroie_receipts_00364.jpg,sroie_receipts,invoice,1,0.5557,data/raw/pool/pos_sroie_receipts_00364.jpg
data/raw/pool/pos_sroie_receipts_00365.jpg,sroie_receipts,invoice,1,0.4810,data/raw/pool/pos_sroie_receipts_00365.jpg
data/raw/pool/pos_sroie_receipts_00366.jpg,sroie_receipts,invoice,1,0.5449,data/raw/pool/pos_sroie_receipts_00366.jpg
data/raw/pool/pos_sroie_receipts_00367.jpg,sroie_receipts,budget,1,0.8357,data/raw/pool/pos_sroie_receipts_00367.jpg
data/raw/pool/pos_sroie_receipts_00368.jpg,sroie_receipts,invoice,1,0.6374,data/raw/pool/pos_sroie_receipts_00368.jpg
data/raw/pool/pos_sroie_receipts_00369.jpg,sroie_receipts,invoice,1,0.6436,data/raw/pool/pos_sroie_receipts_00369.jpg
data/raw/pool/pos_sroie_receipts_00370.jpg,sroie_receipts,invoice,1,0.6317,data/raw/pool/pos_sroie_receipts_00370.jpg
data/raw/pool/pos_sroie_receipts_00371.jpg,sroie_receipts,budget,1,0.4675,data/raw/pool/pos_sroie_receipts_00371.jpg
data/raw/pool/pos_sroie_receipts_00372.jpg,sroie_receipts,invoice,1,0.6868,data/raw/pool/pos_sroie_receipts_00372.jpg
data/raw/pool/pos_sroie_receipts_00373.jpg,sroie_receipts,invoice,1,0.5582,data/raw/pool/pos_sroie_receipts_00373.jpg
data/raw/pool/pos_sroie_receipts_00374.jpg,sroie_receipts,form,1,0.7685,data/raw/pool/pos_sroie_receipts_00374.jpg
data/raw/pool/pos_sroie_receipts_00375.jpg,sroie_receipts,form,1,0.3858,data/raw/pool/pos_sroie_receipts_00375.jpg
data/raw/pool/pos_sroie_receipts_00376.jpg,sroie_receipts,budget,1,0.7000,data/raw/pool/pos_sroie_receipts_00376.jpg
data/raw/pool/pos_sroie_receipts_00377.jpg,sroie_receipts,budget,1,0.6169,data/raw/pool/pos_sroie_receipts_00377.jpg
data/raw/pool/pos_sroie_receipts_00378.jpg,sroie_receipts,invoice,1,0.6344,data/raw/pool/pos_sroie_receipts_00378.jpg
data/raw/pool/pos_sroie_receipts_00379.jpg,sroie_receipts,budget,1,0.4621,data/raw/pool/pos_sroie_receipts_00379.jpg
data/raw/pool/pos_sroie_receipts_00380.jpg,sroie_receipts,budget,1,0.5023,data/raw/pool/pos_sroie_receipts_00380.jpg
data/raw/pool/pos_sroie_receipts_00381.jpg,sroie_receipts,invoice,1,0.4461,data/raw/pool/pos_sroie_receipts_00381.jpg
data/raw/pool/pos_sroie_receipts_00382.jpg,sroie_receipts,budget,1,0.6377,data/raw/pool/pos_sroie_receipts_00382.jpg
data/raw/pool/pos_sroie_receipts_00383.jpg,sroie_receipts,invoice,1,0.6747,data/raw/pool/pos_sroie_receipts_00383.jpg
data/raw/pool/pos_sroie_receipts_00384.jpg,sroie_receipts,invoice,1,0.6500,data/raw/pool/pos_sroie_receipts_00384.jpg
data/raw/pool/pos_sroie_receipts_00385.jpg,sroie_receipts,invoice,1,0.7994,data/raw/pool/pos_sroie_receipts_00385.jpg
data/raw/pool/pos_sroie_receipts_00386.jpg,sroie_receipts,invoice,1,0.6455,data/raw/pool/pos_sroie_receipts_00386.jpg
data/raw/pool/pos_sroie_receipts_00387.jpg,sroie_receipts,invoice,1,0.6504,data/raw/pool/pos_sroie_receipts_00387.jpg
data/raw/pool/pos_sroie_receipts_00388.jpg,sroie_receipts,invoice,1,0.7171,data/raw/pool/pos_sroie_receipts_00388.jpg
data/raw/pool/pos_sroie_receipts_00389.jpg,sroie_receipts,invoice,1,0.5992,data/raw/pool/pos_sroie_receipts_00389.jpg
data/raw/pool/pos_sroie_receipts_00390.jpg,sroie_receipts,invoice,1,0.5341,data/raw/pool/pos_sroie_receipts_00390.jpg
data/raw/pool/pos_sroie_receipts_00391.jpg,sroie_receipts,budget,1,0.4547,data/raw/pool/pos_sroie_receipts_00391.jpg
data/raw/pool/pos_sroie_receipts_00392.jpg,sroie_receipts,invoice,1,0.6918,data/raw/pool/pos_sroie_receipts_00392.jpg
data/raw/pool/pos_sroie_receipts_00393.jpg,sroie_receipts,invoice,1,0.6961,data/raw/pool/pos_sroie_receipts_00393.jpg
data/raw/pool/pos_sroie_receipts_00394.jpg,sroie_receipts,invoice,1,0.6811,data/raw/pool/pos_sroie_receipts_00394.jpg
data/raw/pool/pos_sroie_receipts_00395.jpg,sroie_receipts,invoice,1,0.6551,data/raw/pool/pos_sroie_receipts_00395.jpg
data/raw/pool/pos_sroie_receipts_00396.jpg,sroie_receipts,invoice,1,0.5339,data/raw/pool/pos_sroie_receipts_00396.jpg
data/raw/pool/pos_sroie_receipts_00397.jpg,sroie_receipts,form,1,0.4496,data/raw/pool/pos_sroie_receipts_00397.jpg
data/raw/pool/pos_sroie_receipts_00398.jpg,sroie_receipts,invoice,1,0.7736,data/raw/pool/pos_sroie_receipts_00398.jpg
data/raw/pool/pos_sroie_receipts_00399.jpg,sroie_receipts,invoice,1,0.7824,data/raw/pool/pos_sroie_receipts_00399.jpg
data/raw/pool/pos_sroie_receipts_00400.jpg,sroie_receipts,invoice,1,0.4779,data/raw/pool/pos_sroie_receipts_00400.jpg
data/raw/pool/pos_sroie_receipts_00401.jpg,sroie_receipts,invoice,1,0.8805,data/raw/pool/pos_sroie_receipts_00401.jpg
data/raw/pool/pos_sroie_receipts_00402.jpg,sroie_receipts,specification,1,0.5869,data/raw/pool/pos_sroie_receipts_00402.jpg
data/raw/pool/pos_sroie_receipts_00403.jpg,sroie_receipts,invoice,1,0.5832,data/raw/pool/pos_sroie_receipts_00403.jpg
data/raw/pool/pos_sroie_receipts_00404.jpg,sroie_receipts,invoice,1,0.7716,data/raw/pool/pos_sroie_receipts_00404.jpg
data/raw/pool/pos_sroie_receipts_00405.jpg,sroie_receipts,form,1,0.8344,data/raw/pool/pos_sroie_receipts_00405.jpg
data/raw/pool/pos_sroie_receipts_00406.jpg,sroie_receipts,invoice,1,0.5543,data/raw/pool/pos_sroie_receipts_00406.jpg
data/raw/pool/pos_sroie_receipts_00407.jpg,sroie_receipts,invoice,1,0.5227,data/raw/pool/pos_sroie_receipts_00407.jpg
data/raw/pool/pos_sroie_receipts_00408.jpg,sroie_receipts,handwritten,1,0.3346,data/raw/pool/pos_sroie_receipts_00408.jpg
data/raw/pool/pos_sroie_receipts_00409.jpg,sroie_receipts,invoice,1,0.7364,data/raw/pool/pos_sroie_receipts_00409.jpg
data/raw/pool/pos_sroie_receipts_00410.jpg,sroie_receipts,invoice,1,0.7939,data/raw/pool/pos_sroie_receipts_00410.jpg
data/raw/pool/pos_sroie_receipts_00411.jpg,sroie_receipts,invoice,1,0.7795,data/raw/pool/pos_sroie_receipts_00411.jpg
data/raw/pool/pos_sroie_receipts_00412.jpg,sroie_receipts,form,1,0.3740,data/raw/pool/pos_sroie_receipts_00412.jpg
data/raw/pool/pos_sroie_receipts_00413.jpg,sroie_receipts,specification,1,0.5061,data/raw/pool/pos_sroie_receipts_00413.jpg
data/raw/pool/pos_sroie_receipts_00414.jpg,sroie_receipts,specification,1,0.5985,data/raw/pool/pos_sroie_receipts_00414.jpg
data/raw/pool/pos_sroie_receipts_00415.jpg,sroie_receipts,invoice,1,0.7960,data/raw/pool/pos_sroie_receipts_00415.jpg
data/raw/pool/pos_sroie_receipts_00416.jpg,sroie_receipts,invoice,1,0.8454,data/raw/pool/pos_sroie_receipts_00416.jpg
data/raw/pool/pos_sroie_receipts_00417.jpg,sroie_receipts,invoice,1,0.2965,data/raw/pool/pos_sroie_receipts_00417.jpg
data/raw/pool/pos_sroie_receipts_00418.jpg,sroie_receipts,invoice,1,0.7747,data/raw/pool/pos_sroie_receipts_00418.jpg
data/raw/pool/pos_sroie_receipts_00419.jpg,sroie_receipts,invoice,1,0.7081,data/raw/pool/pos_sroie_receipts_00419.jpg
data/raw/pool/pos_sroie_receipts_00420.jpg,sroie_receipts,form,1,0.4032,data/raw/pool/pos_sroie_receipts_00420.jpg
data/raw/pool/pos_sroie_receipts_00421.jpg,sroie_receipts,form,1,0.7790,data/raw/pool/pos_sroie_receipts_00421.jpg
data/raw/pool/pos_sroie_receipts_00422.jpg,sroie_receipts,invoice,1,0.7629,data/raw/pool/pos_sroie_receipts_00422.jpg
data/raw/pool/pos_sroie_receipts_00423.jpg,sroie_receipts,specification,1,0.6376,data/raw/pool/pos_sroie_receipts_00423.jpg
data/raw/pool/pos_sroie_receipts_00424.jpg,sroie_receipts,form,1,0.7832,data/raw/pool/pos_sroie_receipts_00424.jpg
data/raw/pool/pos_sroie_receipts_00425.jpg,sroie_receipts,invoice,1,0.5213,data/raw/pool/pos_sroie_receipts_00425.jpg
data/raw/pool/pos_sroie_receipts_00426.jpg,sroie_receipts,invoice,1,0.8742,data/raw/pool/pos_sroie_receipts_00426.jpg
data/raw/pool/pos_sroie_receipts_00427.jpg,sroie_receipts,invoice,1,0.8457,data/raw/pool/pos_sroie_receipts_00427.jpg
data/raw/pool/pos_sroie_receipts_00428.jpg,sroie_receipts,form,1,0.4747,data/raw/pool/pos_sroie_receipts_00428.jpg
data/raw/pool/pos_sroie_receipts_00429.jpg,sroie_receipts,invoice,1,0.8269,data/raw/pool/pos_sroie_receipts_00429.jpg
data/raw/pool/pos_sroie_receipts_00430.jpg,sroie_receipts,invoice,1,0.8121,data/raw/pool/pos_sroie_receipts_00430.jpg
data/raw/pool/pos_sroie_receipts_00431.jpg,sroie_receipts,invoice,1,0.7347,data/raw/pool/pos_sroie_receipts_00431.jpg
data/raw/pool/pos_sroie_receipts_00432.jpg,sroie_receipts,form,1,0.8192,data/raw/pool/pos_sroie_receipts_00432.jpg
data/raw/pool/pos_sroie_receipts_00433.jpg,sroie_receipts,budget,1,0.6024,data/raw/pool/pos_sroie_receipts_00433.jpg
data/raw/pool/pos_sroie_receipts_00434.jpg,sroie_receipts,budget,1,0.4870,data/raw/pool/pos_sroie_receipts_00434.jpg
data/raw/pool/pos_sroie_receipts_00435.jpg,sroie_receipts,invoice,1,0.5911,data/raw/pool/pos_sroie_receipts_00435.jpg
data/raw/pool/pos_sroie_receipts_00436.jpg,sroie_receipts,invoice,1,0.7471,data/raw/pool/pos_sroie_receipts_00436.jpg
data/raw/pool/pos_sroie_receipts_00437.jpg,sroie_receipts,invoice,1,0.8370,data/raw/pool/pos_sroie_receipts_00437.jpg
data/raw/pool/pos_sroie_receipts_00438.jpg,sroie_receipts,invoice,1,0.6013,data/raw/pool/pos_sroie_receipts_00438.jpg
data/raw/pool/pos_sroie_receipts_00439.jpg,sroie_receipts,invoice,1,0.5126,data/raw/pool/pos_sroie_receipts_00439.jpg
data/raw/pool/pos_sroie_receipts_00440.jpg,sroie_receipts,invoice,1,0.5100,data/raw/pool/pos_sroie_receipts_00440.jpg
data/raw/pool/pos_sroie_receipts_00441.jpg,sroie_receipts,form,1,0.8831,data/raw/pool/pos_sroie_receipts_00441.jpg
data/raw/pool/pos_sroie_receipts_00442.jpg,sroie_receipts,invoice,1,0.6890,data/raw/pool/pos_sroie_receipts_00442.jpg
data/raw/pool/pos_sroie_receipts_00443.jpg,sroie_receipts,form,1,0.4446,data/raw/pool/pos_sroie_receipts_00443.jpg
data/raw/pool/pos_sroie_receipts_00444.jpg,sroie_receipts,invoice,1,0.8765,data/raw/pool/pos_sroie_receipts_00444.jpg
data/raw/pool/pos_sroie_receipts_00445.jpg,sroie_receipts,invoice,1,0.5160,data/raw/pool/pos_sroie_receipts_00445.jpg
data/raw/pool/pos_sroie_receipts_00446.jpg,sroie_receipts,budget,1,0.8768,data/raw/pool/pos_sroie_receipts_00446.jpg
data/raw/pool/pos_sroie_receipts_00447.jpg,sroie_receipts,form,1,0.5529,data/raw/pool/pos_sroie_receipts_00447.jpg
data/raw/pool/pos_sroie_receipts_00448.jpg,sroie_receipts,invoice,1,0.6717,data/raw/pool/pos_sroie_receipts_00448.jpg
data/raw/pool/pos_sroie_receipts_00449.jpg,sroie_receipts,invoice,1,0.5800,data/raw/pool/pos_sroie_receipts_00449.jpg
data/raw/pool/pos_sroie_receipts_00450.jpg,sroie_receipts,invoice,1,0.8644,data/raw/pool/pos_sroie_receipts_00450.jpg
data/raw/pool/pos_sroie_receipts_00451.jpg,sroie_receipts,invoice,1,0.7987,data/raw/pool/pos_sroie_receipts_00451.jpg
data/raw/pool/pos_sroie_receipts_00452.jpg,sroie_receipts,scientific publication,1,0.4256,data/raw/pool/pos_sroie_receipts_00452.jpg
data/raw/pool/pos_sroie_receipts_00453.jpg,sroie_receipts,invoice,1,0.4212,data/raw/pool/pos_sroie_receipts_00453.jpg
data/raw/pool/pos_sroie_receipts_00454.jpg,sroie_receipts,specification,1,0.7302,data/raw/pool/pos_sroie_receipts_00454.jpg
data/raw/pool/pos_sroie_receipts_00455.jpg,sroie_receipts,budget,1,0.7475,data/raw/pool/pos_sroie_receipts_00455.jpg
data/raw/pool/pos_sroie_receipts_00456.jpg,sroie_receipts,invoice,1,0.8101,data/raw/pool/pos_sroie_receipts_00456.jpg
data/raw/pool/pos_sroie_receipts_00457.jpg,sroie_receipts,invoice,1,0.8560,data/raw/pool/pos_sroie_receipts_00457.jpg
data/raw/pool/pos_sroie_receipts_00458.jpg,sroie_receipts,invoice,1,0.5287,data/raw/pool/pos_sroie_receipts_00458.jpg
data/raw/pool/pos_sroie_receipts_00459.jpg,sroie_receipts,invoice,1,0.5459,data/raw/pool/pos_sroie_receipts_00459.jpg
data/raw/pool/pos_sroie_receipts_00460.jpg,sroie_receipts,scientific publication,1,0.3123,data/raw/pool/pos_sroie_receipts_00460.jpg
data/raw/pool/pos_sroie_receipts_00461.jpg,sroie_receipts,invoice,1,0.3745,data/raw/pool/pos_sroie_receipts_00461.jpg
data/raw/pool/pos_sroie_receipts_00462.jpg,sroie_receipts,scientific publication,1,0.7505,data/raw/pool/pos_sroie_receipts_00462.jpg
data/raw/pool/pos_sroie_receipts_00463.jpg,sroie_receipts,scientific publication,1,0.2540,data/raw/pool/pos_sroie_receipts_00463.jpg
data/raw/pool/pos_sroie_receipts_00464.jpg,sroie_receipts,invoice,1,0.7942,data/raw/pool/pos_sroie_receipts_00464.jpg
data/raw/pool/pos_sroie_receipts_00465.jpg,sroie_receipts,specification,1,0.6704,data/raw/pool/pos_sroie_receipts_00465.jpg
data/raw/pool/pos_sroie_receipts_00466.jpg,sroie_receipts,invoice,1,0.3326,data/raw/pool/pos_sroie_receipts_00466.jpg
data/raw/pool/pos_sroie_receipts_00467.jpg,sroie_receipts,specification,1,0.4176,data/raw/pool/pos_sroie_receipts_00467.jpg
data/raw/pool/pos_sroie_receipts_00468.jpg,sroie_receipts,budget,1,0.6707,data/raw/pool/pos_sroie_receipts_00468.jpg
data/raw/pool/pos_sroie_receipts_00469.jpg,sroie_receipts,scientific report,1,0.2347,data/raw/pool/pos_sroie_receipts_00469.jpg
data/raw/pool/pos_sroie_receipts_00470.jpg,sroie_receipts,invoice,1,0.4615,data/raw/pool/pos_sroie_receipts_00470.jpg
data/raw/pool/pos_sroie_receipts_00471.jpg,sroie_receipts,invoice,1,0.6487,data/raw/pool/pos_sroie_receipts_00471.jpg
data/raw/pool/pos_sroie_receipts_00472.jpg,sroie_receipts,invoice,1,0.5294,data/raw/pool/pos_sroie_receipts_00472.jpg
data/raw/pool/pos_sroie_receipts_00473.jpg,sroie_receipts,invoice,1,0.3618,data/raw/pool/pos_sroie_receipts_00473.jpg
data/raw/pool/pos_sroie_receipts_00474.jpg,sroie_receipts,budget,1,0.3722,data/raw/pool/pos_sroie_receipts_00474.jpg
data/raw/pool/pos_sroie_receipts_00475.jpg,sroie_receipts,invoice,1,0.3257,data/raw/pool/pos_sroie_receipts_00475.jpg
data/raw/pool/pos_sroie_receipts_00476.jpg,sroie_receipts,handwritten,1,0.4673,data/raw/pool/pos_sroie_receipts_00476.jpg
data/raw/pool/pos_sroie_receipts_00477.jpg,sroie_receipts,invoice,1,0.6243,data/raw/pool/pos_sroie_receipts_00477.jpg
data/raw/pool/pos_sroie_receipts_00478.jpg,sroie_receipts,invoice,1,0.4834,data/raw/pool/pos_sroie_receipts_00478.jpg
data/raw/pool/pos_sroie_receipts_00479.jpg,sroie_receipts,invoice,1,0.7213,data/raw/pool/pos_sroie_receipts_00479.jpg
data/raw/pool/pos_sroie_receipts_00480.jpg,sroie_receipts,form,1,0.6229,data/raw/pool/pos_sroie_receipts_00480.jpg
data/raw/pool/pos_sroie_receipts_00481.jpg,sroie_receipts,specification,1,0.4173,data/raw/pool/pos_sroie_receipts_00481.jpg
data/raw/pool/pos_sroie_receipts_00482.jpg,sroie_receipts,form,1,0.5837,data/raw/pool/pos_sroie_receipts_00482.jpg
data/raw/pool/pos_sroie_receipts_00483.jpg,sroie_receipts,budget,1,0.4487,data/raw/pool/pos_sroie_receipts_00483.jpg
data/raw/pool/pos_sroie_receipts_00484.jpg,sroie_receipts,invoice,1,0.5143,data/raw/pool/pos_sroie_receipts_00484.jpg
data/raw/pool/pos_sroie_receipts_00485.jpg,sroie_receipts,invoice,1,0.4616,data/raw/pool/pos_sroie_receipts_00485.jpg
data/raw/pool/pos_sroie_receipts_00486.jpg,sroie_receipts,invoice,1,0.8950,data/raw/pool/pos_sroie_receipts_00486.jpg
data/raw/pool/pos_sroie_receipts_00487.jpg,sroie_receipts,invoice,1,0.8891,data/raw/pool/pos_sroie_receipts_00487.jpg
data/raw/pool/pos_sroie_receipts_00488.jpg,sroie_receipts,invoice,1,0.8636,data/raw/pool/pos_sroie_receipts_00488.jpg
data/raw/pool/pos_sroie_receipts_00489.jpg,sroie_receipts,invoice,1,0.8196,data/raw/pool/pos_sroie_receipts_00489.jpg
data/raw/pool/pos_sroie_receipts_00490.jpg,sroie_receipts,invoice,1,0.8499,data/raw/pool/pos_sroie_receipts_00490.jpg
data/raw/pool/pos_sroie_receipts_00491.jpg,sroie_receipts,form,1,0.4863,data/raw/pool/pos_sroie_receipts_00491.jpg
data/raw/pool/pos_sroie_receipts_00492.jpg,sroie_receipts,invoice,1,0.8368,data/raw/pool/pos_sroie_receipts_00492.jpg
data/raw/pool/pos_sroie_receipts_00493.jpg,sroie_receipts,form,1,0.7912,data/raw/pool/pos_sroie_receipts_00493.jpg
data/raw/pool/pos_sroie_receipts_00494.jpg,sroie_receipts,form,1,0.7550,data/raw/pool/pos_sroie_receipts_00494.jpg
data/raw/pool/pos_sroie_receipts_00495.jpg,sroie_receipts,form,1,0.8228,data/raw/pool/pos_sroie_receipts_00495.jpg
data/raw/pool/pos_sroie_receipts_00496.jpg,sroie_receipts,form,1,0.7623,data/raw/pool/pos_sroie_receipts_00496.jpg
data/raw/pool/pos_sroie_receipts_00497.jpg,sroie_receipts,form,1,0.8661,data/raw/pool/pos_sroie_receipts_00497.jpg
data/raw/pool/pos_sroie_receipts_00498.jpg,sroie_receipts,form,1,0.8524,data/raw/pool/pos_sroie_receipts_00498.jpg
data/raw/pool/pos_sroie_receipts_00499.jpg,sroie_receipts,form,1,0.8657,data/raw/pool/pos_sroie_receipts_00499.jpg
data/raw/pool/pos_sroie_receipts_00500.jpg,sroie_receipts,form,1,0.7398,data/raw/pool/pos_sroie_receipts_00500.jpg
data/raw/pool/pos_sroie_receipts_00501.jpg,sroie_receipts,form,1,0.8244,data/raw/pool/pos_sroie_receipts_00501.jpg
data/raw/pool/pos_sroie_receipts_00502.jpg,sroie_receipts,form,1,0.7479,data/raw/pool/pos_sroie_receipts_00502.jpg
data/raw/pool/pos_sroie_receipts_00503.jpg,sroie_receipts,form,1,0.8655,data/raw/pool/pos_sroie_receipts_00503.jpg
data/raw/pool/pos_sroie_receipts_00504.jpg,sroie_receipts,form,1,0.8655,data/raw/pool/pos_sroie_receipts_00504.jpg
data/raw/pool/pos_sroie_receipts_00505.jpg,sroie_receipts,form,1,0.8726,data/raw/pool/pos_sroie_receipts_00505.jpg
data/raw/pool/pos_sroie_receipts_00506.jpg,sroie_receipts,form,1,0.7109,data/raw/pool/pos_sroie_receipts_00506.jpg
data/raw/pool/pos_sroie_receipts_00507.jpg,sroie_receipts,form,1,0.7134,data/raw/pool/pos_sroie_receipts_00507.jpg
data/raw/pool/pos_sroie_receipts_00508.jpg,sroie_receipts,form,1,0.7680,data/raw/pool/pos_sroie_receipts_00508.jpg
data/raw/pool/pos_sroie_receipts_00509.jpg,sroie_receipts,form,1,0.8479,data/raw/pool/pos_sroie_receipts_00509.jpg
data/raw/pool/pos_sroie_receipts_00510.jpg,sroie_receipts,form,1,0.8546,data/raw/pool/pos_sroie_receipts_00510.jpg
data/raw/pool/pos_sroie_receipts_00511.jpg,sroie_receipts,form,1,0.8393,data/raw/pool/pos_sroie_receipts_00511.jpg
data/raw/pool/pos_sroie_receipts_00512.jpg,sroie_receipts,form,1,0.7058,data/raw/pool/pos_sroie_receipts_00512.jpg
data/raw/pool/pos_sroie_receipts_00513.jpg,sroie_receipts,form,1,0.6658,data/raw/pool/pos_sroie_receipts_00513.jpg
data/raw/pool/pos_sroie_receipts_00514.jpg,sroie_receipts,form,1,0.7569,data/raw/pool/pos_sroie_receipts_00514.jpg
data/raw/pool/pos_sroie_receipts_00515.jpg,sroie_receipts,form,1,0.7394,data/raw/pool/pos_sroie_receipts_00515.jpg
data/raw/pool/pos_sroie_receipts_00516.jpg,sroie_receipts,form,1,0.8486,data/raw/pool/pos_sroie_receipts_00516.jpg
data/raw/pool/pos_sroie_receipts_00517.jpg,sroie_receipts,form,1,0.7476,data/raw/pool/pos_sroie_receipts_00517.jpg
data/raw/pool/pos_sroie_receipts_00518.jpg,sroie_receipts,form,1,0.8451,data/raw/pool/pos_sroie_receipts_00518.jpg
data/raw/pool/pos_sroie_receipts_00519.jpg,sroie_receipts,form,1,0.8142,data/raw/pool/pos_sroie_receipts_00519.jpg
data/raw/pool/pos_sroie_receipts_00520.jpg,sroie_receipts,form,1,0.6444,data/raw/pool/pos_sroie_receipts_00520.jpg
data/raw/pool/pos_sroie_receipts_00521.jpg,sroie_receipts,form,1,0.8119,data/raw/pool/pos_sroie_receipts_00521.jpg
data/raw/pool/pos_sroie_receipts_00522.jpg,sroie_receipts,form,1,0.6493,data/raw/pool/pos_sroie_receipts_00522.jpg
data/raw/pool/pos_sroie_receipts_00523.jpg,sroie_receipts,form,1,0.7079,data/raw/pool/pos_sroie_receipts_00523.jpg
data/raw/pool/pos_sroie_receipts_00524.jpg,sroie_receipts,form,1,0.8334,data/raw/pool/pos_sroie_receipts_00524.jpg
data/raw/pool/pos_sroie_receipts_00525.jpg,sroie_receipts,form,1,0.8385,data/raw/pool/pos_sroie_receipts_00525.jpg
data/raw/pool/pos_sroie_receipts_00526.jpg,sroie_receipts,form,1,0.8334,data/raw/pool/pos_sroie_receipts_00526.jpg
data/raw/pool/pos_sroie_receipts_00527.jpg,sroie_receipts,form,1,0.8346,data/raw/pool/pos_sroie_receipts_00527.jpg
data/raw/pool/pos_sroie_receipts_00528.jpg,sroie_receipts,form,1,0.8824,data/raw/pool/pos_sroie_receipts_00528.jpg
data/raw/pool/pos_sroie_receipts_00529.jpg,sroie_receipts,form,1,0.8807,data/raw/pool/pos_sroie_receipts_00529.jpg
data/raw/pool/pos_sroie_receipts_00530.jpg,sroie_receipts,form,1,0.8807,data/raw/pool/pos_sroie_receipts_00530.jpg
data/raw/pool/pos_sroie_receipts_00531.jpg,sroie_receipts,specification,1,0.5289,data/raw/pool/pos_sroie_receipts_00531.jpg
data/raw/pool/pos_sroie_receipts_00532.jpg,sroie_receipts,budget,1,0.3295,data/raw/pool/pos_sroie_receipts_00532.jpg
data/raw/pool/pos_sroie_receipts_00533.jpg,sroie_receipts,specification,1,0.6221,data/raw/pool/pos_sroie_receipts_00533.jpg
data/raw/pool/pos_sroie_receipts_00534.jpg,sroie_receipts,form,1,0.5747,data/raw/pool/pos_sroie_receipts_00534.jpg
data/raw/pool/pos_sroie_receipts_00535.jpg,sroie_receipts,invoice,1,0.3401,data/raw/pool/pos_sroie_receipts_00535.jpg
data/raw/pool/pos_sroie_receipts_00536.jpg,sroie_receipts,invoice,1,0.4386,data/raw/pool/pos_sroie_receipts_00536.jpg
data/raw/pool/pos_sroie_receipts_00537.jpg,sroie_receipts,specification,1,0.6053,data/raw/pool/pos_sroie_receipts_00537.jpg
data/raw/pool/pos_sroie_receipts_00538.jpg,sroie_receipts,invoice,1,0.6616,data/raw/pool/pos_sroie_receipts_00538.jpg
data/raw/pool/pos_sroie_receipts_00539.jpg,sroie_receipts,invoice,1,0.3939,data/raw/pool/pos_sroie_receipts_00539.jpg
data/raw/pool/pos_sroie_receipts_00540.jpg,sroie_receipts,specification,1,0.5955,data/raw/pool/pos_sroie_receipts_00540.jpg
data/raw/pool/pos_sroie_receipts_00541.jpg,sroie_receipts,specification,1,0.7883,data/raw/pool/pos_sroie_receipts_00541.jpg
data/raw/pool/pos_sroie_receipts_00542.jpg,sroie_receipts,budget,1,0.8589,data/raw/pool/pos_sroie_receipts_00542.jpg
data/raw/pool/pos_sroie_receipts_00543.jpg,sroie_receipts,invoice,1,0.7602,data/raw/pool/pos_sroie_receipts_00543.jpg
data/raw/pool/pos_sroie_receipts_00544.jpg,sroie_receipts,specification,1,0.5963,data/raw/pool/pos_sroie_receipts_00544.jpg
data/raw/pool/pos_sroie_receipts_00545.jpg,sroie_receipts,invoice,1,0.8856,data/raw/pool/pos_sroie_receipts_00545.jpg
data/raw/pool/pos_sroie_receipts_00546.jpg,sroie_receipts,scientific publication,1,0.3400,data/raw/pool/pos_sroie_receipts_00546.jpg
data/raw/pool/pos_sroie_receipts_00547.jpg,sroie_receipts,invoice,1,0.7423,data/raw/pool/pos_sroie_receipts_00547.jpg
data/raw/pool/pos_sroie_receipts_00548.jpg,sroie_receipts,budget,1,0.8666,data/raw/pool/pos_sroie_receipts_00548.jpg
data/raw/pool/pos_sroie_receipts_00549.jpg,sroie_receipts,budget,1,0.8343,data/raw/pool/pos_sroie_receipts_00549.jpg
data/raw/pool/pos_sroie_receipts_00550.jpg,sroie_receipts,invoice,1,0.8853,data/raw/pool/pos_sroie_receipts_00550.jpg
data/raw/pool/pos_sroie_receipts_00551.jpg,sroie_receipts,invoice,1,0.8433,data/raw/pool/pos_sroie_receipts_00551.jpg
data/raw/pool/pos_sroie_receipts_00552.jpg,sroie_receipts,invoice,1,0.3659,data/raw/pool/pos_sroie_receipts_00552.jpg
data/raw/pool/pos_sroie_receipts_00553.jpg,sroie_receipts,invoice,1,0.3943,data/raw/pool/pos_sroie_receipts_00553.jpg
data/raw/pool/pos_sroie_receipts_00554.jpg,sroie_receipts,questionnaire,1,0.3959,data/raw/pool/pos_sroie_receipts_00554.jpg
data/raw/pool/pos_sroie_receipts_00555.jpg,sroie_receipts,advertisement,1,0.5528,data/raw/pool/pos_sroie_receipts_00555.jpg
data/raw/pool/pos_sroie_receipts_00556.jpg,sroie_receipts,invoice,1,0.7282,data/raw/pool/pos_sroie_receipts_00556.jpg
data/raw/pool/pos_sroie_receipts_00557.jpg,sroie_receipts,invoice,1,0.8519,data/raw/pool/pos_sroie_receipts_00557.jpg
data/raw/pool/pos_sroie_receipts_00558.jpg,sroie_receipts,invoice,1,0.9035,data/raw/pool/pos_sroie_receipts_00558.jpg
data/raw/pool/pos_sroie_receipts_00559.jpg,sroie_receipts,invoice,1,0.8187,data/raw/pool/pos_sroie_receipts_00559.jpg
data/raw/pool/pos_sroie_receipts_00560.jpg,sroie_receipts,invoice,1,0.4989,data/raw/pool/pos_sroie_receipts_00560.jpg
data/raw/pool/pos_sroie_receipts_00561.jpg,sroie_receipts,invoice,1,0.3797,data/raw/pool/pos_sroie_receipts_00561.jpg
data/raw/pool/pos_sroie_receipts_00562.jpg,sroie_receipts,budget,1,0.4246,data/raw/pool/pos_sroie_receipts_00562.jpg
data/raw/pool/pos_sroie_receipts_00563.jpg,sroie_receipts,form,1,0.3547,data/raw/pool/pos_sroie_receipts_00563.jpg
data/raw/pool/pos_sroie_receipts_00564.jpg,sroie_receipts,invoice,1,0.8981,data/raw/pool/pos_sroie_receipts_00564.jpg
data/raw/pool/pos_sroie_receipts_00565.jpg,sroie_receipts,invoice,1,0.5814,data/raw/pool/pos_sroie_receipts_00565.jpg
data/raw/pool/pos_sroie_receipts_00566.jpg,sroie_receipts,budget,1,0.5191,data/raw/pool/pos_sroie_receipts_00566.jpg
data/raw/pool/pos_sroie_receipts_00567.jpg,sroie_receipts,invoice,1,0.8613,data/raw/pool/pos_sroie_receipts_00567.jpg
data/raw/pool/pos_sroie_receipts_00568.jpg,sroie_receipts,invoice,1,0.6551,data/raw/pool/pos_sroie_receipts_00568.jpg
data/raw/pool/pos_sroie_receipts_00569.jpg,sroie_receipts,invoice,1,0.6003,data/raw/pool/pos_sroie_receipts_00569.jpg
data/raw/pool/pos_sroie_receipts_00570.jpg,sroie_receipts,budget,1,0.7242,data/raw/pool/pos_sroie_receipts_00570.jpg
data/raw/pool/pos_sroie_receipts_00571.jpg,sroie_receipts,invoice,1,0.8134,data/raw/pool/pos_sroie_receipts_00571.jpg
data/raw/pool/pos_sroie_receipts_00572.jpg,sroie_receipts,invoice,1,0.8122,data/raw/pool/pos_sroie_receipts_00572.jpg
data/raw/pool/pos_sroie_receipts_00573.jpg,sroie_receipts,invoice,1,0.7991,data/raw/pool/pos_sroie_receipts_00573.jpg
data/raw/pool/pos_sroie_receipts_00574.jpg,sroie_receipts,invoice,1,0.8025,data/raw/pool/pos_sroie_receipts_00574.jpg
data/raw/pool/pos_sroie_receipts_00575.jpg,sroie_receipts,invoice,1,0.5705,data/raw/pool/pos_sroie_receipts_00575.jpg
data/raw/pool/pos_sroie_receipts_00576.jpg,sroie_receipts,budget,1,0.5720,data/raw/pool/pos_sroie_receipts_00576.jpg
data/raw/pool/pos_sroie_receipts_00577.jpg,sroie_receipts,form,1,0.2905,data/raw/pool/pos_sroie_receipts_00577.jpg
data/raw/pool/pos_sroie_receipts_00578.jpg,sroie_receipts,invoice,1,0.7808,data/raw/pool/pos_sroie_receipts_00578.jpg
data/raw/pool/pos_sroie_receipts_00579.jpg,sroie_receipts,invoice,1,0.6667,data/raw/pool/pos_sroie_receipts_00579.jpg
data/raw/pool/pos_sroie_receipts_00580.jpg,sroie_receipts,invoice,1,0.4029,data/raw/pool/pos_sroie_receipts_00580.jpg
data/raw/pool/pos_sroie_receipts_00581.jpg,sroie_receipts,specification,1,0.6430,data/raw/pool/pos_sroie_receipts_00581.jpg
data/raw/pool/pos_sroie_receipts_00582.jpg,sroie_receipts,invoice,1,0.7748,data/raw/pool/pos_sroie_receipts_00582.jpg
data/raw/pool/pos_sroie_receipts_00583.jpg,sroie_receipts,invoice,1,0.4069,data/raw/pool/pos_sroie_receipts_00583.jpg
data/raw/pool/pos_sroie_receipts_00584.jpg,sroie_receipts,invoice,1,0.8469,data/raw/pool/pos_sroie_receipts_00584.jpg
data/raw/pool/pos_sroie_receipts_00585.jpg,sroie_receipts,form,1,0.4678,data/raw/pool/pos_sroie_receipts_00585.jpg
data/raw/pool/pos_sroie_receipts_00586.jpg,sroie_receipts,form,1,0.4347,data/raw/pool/pos_sroie_receipts_00586.jpg
data/raw/pool/pos_sroie_receipts_00587.jpg,sroie_receipts,specification,1,0.5556,data/raw/pool/pos_sroie_receipts_00587.jpg
data/raw/pool/pos_sroie_receipts_00588.jpg,sroie_receipts,invoice,1,0.7731,data/raw/pool/pos_sroie_receipts_00588.jpg
data/raw/pool/pos_sroie_receipts_00589.jpg,sroie_receipts,invoice,1,0.7022,data/raw/pool/pos_sroie_receipts_00589.jpg
data/raw/pool/pos_sroie_receipts_00590.jpg,sroie_receipts,form,1,0.3238,data/raw/pool/pos_sroie_receipts_00590.jpg
data/raw/pool/pos_sroie_receipts_00591.jpg,sroie_receipts,invoice,1,0.5066,data/raw/pool/pos_sroie_receipts_00591.jpg
data/raw/pool/pos_sroie_receipts_00592.jpg,sroie_receipts,invoice,1,0.5373,data/raw/pool/pos_sroie_receipts_00592.jpg
data/raw/pool/pos_sroie_receipts_00593.jpg,sroie_receipts,invoice,1,0.6844,data/raw/pool/pos_sroie_receipts_00593.jpg
data/raw/pool/pos_sroie_receipts_00594.jpg,sroie_receipts,form,1,0.4338,data/raw/pool/pos_sroie_receipts_00594.jpg
data/raw/pool/pos_sroie_receipts_00595.jpg,sroie_receipts,form,1,0.6162,data/raw/pool/pos_sroie_receipts_00595.jpg
data/raw/pool/pos_sroie_receipts_00596.jpg,sroie_receipts,invoice,1,0.7412,data/raw/pool/pos_sroie_receipts_00596.jpg
data/raw/pool/pos_sroie_receipts_00597.jpg,sroie_receipts,specification,1,0.7074,data/raw/pool/pos_sroie_receipts_00597.jpg
data/raw/pool/pos_sroie_receipts_00598.jpg,sroie_receipts,invoice,1,0.4326,data/raw/pool/pos_sroie_receipts_00598.jpg
data/raw/pool/pos_sroie_receipts_00599.jpg,sroie_receipts,specification,1,0.6978,data/raw/pool/pos_sroie_receipts_00599.jpg
data/raw/pool/pos_rvlcdip_invoice_00000.jpg,rvlcdip_invoice,invoice,1,0.9034,data/raw/pool/pos_rvlcdip_invoice_00000.jpg
data/raw/pool/pos_rvlcdip_invoice_00001.jpg,rvlcdip_invoice,invoice,1,0.9058,data/raw/pool/pos_rvlcdip_invoice_00001.jpg
data/raw/pool/pos_rvlcdip_invoice_00002.jpg,rvlcdip_invoice,invoice,1,0.9074,data/raw/pool/pos_rvlcdip_invoice_00002.jpg
data/raw/pool/pos_rvlcdip_invoice_00003.jpg,rvlcdip_invoice,invoice,1,0.9057,data/raw/pool/pos_rvlcdip_invoice_00003.jpg
data/raw/pool/pos_rvlcdip_invoice_00004.jpg,rvlcdip_invoice,invoice,1,0.9070,data/raw/pool/pos_rvlcdip_invoice_00004.jpg
data/raw/pool/pos_rvlcdip_invoice_00005.jpg,rvlcdip_invoice,invoice,1,0.9056,data/raw/pool/pos_rvlcdip_invoice_00005.jpg
data/raw/pool/pos_rvlcdip_invoice_00006.jpg,rvlcdip_invoice,invoice,1,0.9074,data/raw/pool/pos_rvlcdip_invoice_00006.jpg
data/raw/pool/pos_rvlcdip_invoice_00007.jpg,rvlcdip_invoice,invoice,1,0.9067,data/raw/pool/pos_rvlcdip_invoice_00007.jpg
data/raw/pool/pos_rvlcdip_invoice_00008.jpg,rvlcdip_invoice,invoice,1,0.9062,data/raw/pool/pos_rvlcdip_invoice_00008.jpg
data/raw/pool/pos_rvlcdip_invoice_00009.jpg,rvlcdip_invoice,invoice,1,0.9057,data/raw/pool/pos_rvlcdip_invoice_00009.jpg
data/raw/pool/pos_rvlcdip_invoice_00010.jpg,rvlcdip_invoice,invoice,1,0.9062,data/raw/pool/pos_rvlcdip_invoice_00010.jpg
data/raw/pool/pos_rvlcdip_invoice_00011.jpg,rvlcdip_invoice,invoice,1,0.9058,data/raw/pool/pos_rvlcdip_invoice_00011.jpg
data/raw/pool/pos_rvlcdip_invoice_00012.jpg,rvlcdip_invoice,invoice,1,0.7821,data/raw/pool/pos_rvlcdip_invoice_00012.jpg
data/raw/pool/pos_rvlcdip_invoice_00013.jpg,rvlcdip_invoice,invoice,1,0.9071,data/raw/pool/pos_rvlcdip_invoice_00013.jpg
data/raw/pool/pos_rvlcdip_invoice_00014.jpg,rvlcdip_invoice,invoice,1,0.9068,data/raw/pool/pos_rvlcdip_invoice_00014.jpg
data/raw/pool/pos_rvlcdip_invoice_00015.jpg,rvlcdip_invoice,invoice,1,0.6811,data/raw/pool/pos_rvlcdip_invoice_00015.jpg
data/raw/pool/pos_rvlcdip_invoice_00016.jpg,rvlcdip_invoice,invoice,1,0.9044,data/raw/pool/pos_rvlcdip_invoice_00016.jpg
data/raw/pool/pos_rvlcdip_invoice_00017.jpg,rvlcdip_invoice,invoice,1,0.9080,data/raw/pool/pos_rvlcdip_invoice_00017.jpg
data/raw/pool/pos_rvlcdip_invoice_00018.jpg,rvlcdip_invoice,invoice,1,0.9105,data/raw/pool/pos_rvlcdip_invoice_00018.jpg
data/raw/pool/pos_rvlcdip_invoice_00019.jpg,rvlcdip_invoice,invoice,1,0.9079,data/raw/pool/pos_rvlcdip_invoice_00019.jpg
data/raw/pool/pos_rvlcdip_invoice_00020.jpg,rvlcdip_invoice,invoice,1,0.9059,data/raw/pool/pos_rvlcdip_invoice_00020.jpg
data/raw/pool/pos_rvlcdip_invoice_00021.jpg,rvlcdip_invoice,invoice,1,0.8876,data/raw/pool/pos_rvlcdip_invoice_00021.jpg
data/raw/pool/pos_rvlcdip_invoice_00022.jpg,rvlcdip_invoice,invoice,1,0.9081,data/raw/pool/pos_rvlcdip_invoice_00022.jpg
data/raw/pool/pos_rvlcdip_invoice_00023.jpg,rvlcdip_invoice,invoice,1,0.9076,data/raw/pool/pos_rvlcdip_invoice_00023.jpg
data/raw/pool/pos_rvlcdip_invoice_00024.jpg,rvlcdip_invoice,invoice,1,0.8440,data/raw/pool/pos_rvlcdip_invoice_00024.jpg
data/raw/pool/pos_rvlcdip_invoice_00025.jpg,rvlcdip_invoice,invoice,1,0.9061,data/raw/pool/pos_rvlcdip_invoice_00025.jpg
data/raw/pool/pos_rvlcdip_invoice_00026.jpg,rvlcdip_invoice,invoice,1,0.9051,data/raw/pool/pos_rvlcdip_invoice_00026.jpg
data/raw/pool/pos_rvlcdip_invoice_00027.jpg,rvlcdip_invoice,invoice,1,0.9043,data/raw/pool/pos_rvlcdip_invoice_00027.jpg
data/raw/pool/pos_rvlcdip_invoice_00028.jpg,rvlcdip_invoice,invoice,1,0.9062,data/raw/pool/pos_rvlcdip_invoice_00028.jpg
data/raw/pool/pos_rvlcdip_invoice_00029.jpg,rvlcdip_invoice,invoice,1,0.9069,data/raw/pool/pos_rvlcdip_invoice_00029.jpg
data/raw/pool/pos_rvlcdip_invoice_00030.jpg,rvlcdip_invoice,invoice,1,0.9070,data/raw/pool/pos_rvlcdip_invoice_00030.jpg
data/raw/pool/pos_rvlcdip_invoice_00031.jpg,rvlcdip_invoice,invoice,1,0.8979,data/raw/pool/pos_rvlcdip_invoice_00031.jpg
data/raw/pool/pos_rvlcdip_invoice_00032.jpg,rvlcdip_invoice,invoice,1,0.9092,data/raw/pool/pos_rvlcdip_invoice_00032.jpg
data/raw/pool/pos_rvlcdip_invoice_00033.jpg,rvlcdip_invoice,invoice,1,0.9084,data/raw/pool/pos_rvlcdip_invoice_00033.jpg
data/raw/pool/pos_rvlcdip_invoice_00034.jpg,rvlcdip_invoice,invoice,1,0.9061,data/raw/pool/pos_rvlcdip_invoice_00034.jpg
data/raw/pool/pos_rvlcdip_invoice_00035.jpg,rvlcdip_invoice,invoice,1,0.7745,data/raw/pool/pos_rvlcdip_invoice_00035.jpg
data/raw/pool/pos_rvlcdip_invoice_00036.jpg,rvlcdip_invoice,invoice,1,0.9084,data/raw/pool/pos_rvlcdip_invoice_00036.jpg
data/raw/pool/pos_rvlcdip_invoice_00037.jpg,rvlcdip_invoice,invoice,1,0.9055,data/raw/pool/pos_rvlcdip_invoice_00037.jpg
data/raw/pool/pos_rvlcdip_invoice_00038.jpg,rvlcdip_invoice,invoice,1,0.9082,data/raw/pool/pos_rvlcdip_invoice_00038.jpg
data/raw/pool/pos_rvlcdip_invoice_00039.jpg,rvlcdip_invoice,invoice,1,0.9042,data/raw/pool/pos_rvlcdip_invoice_00039.jpg
data/raw/pool/pos_rvlcdip_invoice_00040.jpg,rvlcdip_invoice,invoice,1,0.9080,data/raw/pool/pos_rvlcdip_invoice_00040.jpg
data/raw/pool/pos_rvlcdip_invoice_00041.jpg,rvlcdip_invoice,invoice,1,0.9096,data/raw/pool/pos_rvlcdip_invoice_00041.jpg
data/raw/pool/pos_rvlcdip_invoice_00042.jpg,rvlcdip_invoice,invoice,1,0.9084,data/raw/pool/pos_rvlcdip_invoice_00042.jpg
data/raw/pool/pos_rvlcdip_invoice_00043.jpg,rvlcdip_invoice,invoice,1,0.9079,data/raw/pool/pos_rvlcdip_invoice_00043.jpg
data/raw/pool/pos_rvlcdip_invoice_00044.jpg,rvlcdip_invoice,invoice,1,0.9074,data/raw/pool/pos_rvlcdip_invoice_00044.jpg
data/raw/pool/pos_rvlcdip_invoice_00045.jpg,rvlcdip_invoice,invoice,1,0.8995,data/raw/pool/pos_rvlcdip_invoice_00045.jpg
data/raw/pool/pos_rvlcdip_invoice_00046.jpg,rvlcdip_invoice,invoice,1,0.9027,data/raw/pool/pos_rvlcdip_invoice_00046.jpg
data/raw/pool/pos_rvlcdip_invoice_00047.jpg,rvlcdip_invoice,invoice,1,0.9054,data/raw/pool/pos_rvlcdip_invoice_00047.jpg
data/raw/pool/pos_rvlcdip_invoice_00048.jpg,rvlcdip_invoice,invoice,1,0.9065,data/raw/pool/pos_rvlcdip_invoice_00048.jpg
data/raw/pool/pos_rvlcdip_invoice_00049.jpg,rvlcdip_invoice,invoice,1,0.9070,data/raw/pool/pos_rvlcdip_invoice_00049.jpg
data/raw/pool/pos_rvlcdip_invoice_00050.jpg,rvlcdip_invoice,invoice,1,0.9075,data/raw/pool/pos_rvlcdip_invoice_00050.jpg
data/raw/pool/pos_rvlcdip_invoice_00051.jpg,rvlcdip_invoice,invoice,1,0.9071,data/raw/pool/pos_rvlcdip_invoice_00051.jpg
data/raw/pool/pos_rvlcdip_invoice_00052.jpg,rvlcdip_invoice,invoice,1,0.8563,data/raw/pool/pos_rvlcdip_invoice_00052.jpg
data/raw/pool/pos_rvlcdip_invoice_00053.jpg,rvlcdip_invoice,invoice,1,0.9071,data/raw/pool/pos_rvlcdip_invoice_00053.jpg
data/raw/pool/pos_rvlcdip_invoice_00054.jpg,rvlcdip_invoice,invoice,1,0.9062,data/raw/pool/pos_rvlcdip_invoice_00054.jpg
data/raw/pool/pos_rvlcdip_invoice_00055.jpg,rvlcdip_invoice,invoice,1,0.9048,data/raw/pool/pos_rvlcdip_invoice_00055.jpg
data/raw/pool/pos_rvlcdip_invoice_00056.jpg,rvlcdip_invoice,invoice,1,0.9067,data/raw/pool/pos_rvlcdip_invoice_00056.jpg
data/raw/pool/pos_rvlcdip_invoice_00057.jpg,rvlcdip_invoice,invoice,1,0.9072,data/raw/pool/pos_rvlcdip_invoice_00057.jpg
data/raw/pool/pos_rvlcdip_invoice_00058.jpg,rvlcdip_invoice,invoice,1,0.9040,data/raw/pool/pos_rvlcdip_invoice_00058.jpg
data/raw/pool/pos_rvlcdip_invoice_00059.jpg,rvlcdip_invoice,invoice,1,0.9046,data/raw/pool/pos_rvlcdip_invoice_00059.jpg
data/raw/pool/pos_rvlcdip_invoice_00060.jpg,rvlcdip_invoice,invoice,1,0.8962,data/raw/pool/pos_rvlcdip_invoice_00060.jpg
data/raw/pool/pos_rvlcdip_invoice_00061.jpg,rvlcdip_invoice,invoice,1,0.8034,data/raw/pool/pos_rvlcdip_invoice_00061.jpg
data/raw/pool/pos_rvlcdip_invoice_00062.jpg,rvlcdip_invoice,invoice,1,0.9075,data/raw/pool/pos_rvlcdip_invoice_00062.jpg
data/raw/pool/pos_rvlcdip_invoice_00063.jpg,rvlcdip_invoice,invoice,1,0.9047,data/raw/pool/pos_rvlcdip_invoice_00063.jpg
data/raw/pool/pos_rvlcdip_invoice_00064.jpg,rvlcdip_invoice,invoice,1,0.9035,data/raw/pool/pos_rvlcdip_invoice_00064.jpg
data/raw/pool/pos_rvlcdip_invoice_00065.jpg,rvlcdip_invoice,invoice,1,0.8991,data/raw/pool/pos_rvlcdip_invoice_00065.jpg
data/raw/pool/pos_rvlcdip_invoice_00066.jpg,rvlcdip_invoice,invoice,1,0.9061,data/raw/pool/pos_rvlcdip_invoice_00066.jpg
data/raw/pool/pos_rvlcdip_invoice_00067.jpg,rvlcdip_invoice,invoice,1,0.9078,data/raw/pool/pos_rvlcdip_invoice_00067.jpg
data/raw/pool/pos_rvlcdip_invoice_00068.jpg,rvlcdip_invoice,invoice,1,0.9073,data/raw/pool/pos_rvlcdip_invoice_00068.jpg
data/raw/pool/pos_rvlcdip_invoice_00069.jpg,rvlcdip_invoice,invoice,1,0.9071,data/raw/pool/pos_rvlcdip_invoice_00069.jpg
data/raw/pool/pos_rvlcdip_invoice_00070.jpg,rvlcdip_invoice,invoice,1,0.8524,data/raw/pool/pos_rvlcdip_invoice_00070.jpg
data/raw/pool/pos_rvlcdip_invoice_00071.jpg,rvlcdip_invoice,invoice,1,0.9045,data/raw/pool/pos_rvlcdip_invoice_00071.jpg
data/raw/pool/pos_rvlcdip_invoice_00072.jpg,rvlcdip_invoice,invoice,1,0.9049,data/raw/pool/pos_rvlcdip_invoice_00072.jpg
data/raw/pool/pos_rvlcdip_invoice_00073.jpg,rvlcdip_invoice,invoice,1,0.9077,data/raw/pool/pos_rvlcdip_invoice_00073.jpg
data/raw/pool/pos_rvlcdip_invoice_00074.jpg,rvlcdip_invoice,invoice,1,0.8963,data/raw/pool/pos_rvlcdip_invoice_00074.jpg
data/raw/pool/pos_rvlcdip_invoice_00075.jpg,rvlcdip_invoice,invoice,1,0.9073,data/raw/pool/pos_rvlcdip_invoice_00075.jpg
data/raw/pool/pos_rvlcdip_invoice_00076.jpg,rvlcdip_invoice,invoice,1,0.9078,data/raw/pool/pos_rvlcdip_invoice_00076.jpg
data/raw/pool/pos_rvlcdip_invoice_00077.jpg,rvlcdip_invoice,invoice,1,0.9060,data/raw/pool/pos_rvlcdip_invoice_00077.jpg
data/raw/pool/pos_rvlcdip_invoice_00078.jpg,rvlcdip_invoice,form,1,0.5236,data/raw/pool/pos_rvlcdip_invoice_00078.jpg
data/raw/pool/pos_rvlcdip_invoice_00079.jpg,rvlcdip_invoice,invoice,1,0.9087,data/raw/pool/pos_rvlcdip_invoice_00079.jpg
data/raw/pool/pos_rvlcdip_invoice_00080.jpg,rvlcdip_invoice,invoice,1,0.9084,data/raw/pool/pos_rvlcdip_invoice_00080.jpg
data/raw/pool/pos_rvlcdip_invoice_00081.jpg,rvlcdip_invoice,invoice,1,0.9081,data/raw/pool/pos_rvlcdip_invoice_00081.jpg
data/raw/pool/pos_rvlcdip_invoice_00082.jpg,rvlcdip_invoice,invoice,1,0.8871,data/raw/pool/pos_rvlcdip_invoice_00082.jpg
data/raw/pool/pos_rvlcdip_invoice_00083.jpg,rvlcdip_invoice,invoice,1,0.8506,data/raw/pool/pos_rvlcdip_invoice_00083.jpg
data/raw/pool/pos_rvlcdip_invoice_00084.jpg,rvlcdip_invoice,invoice,1,0.9084,data/raw/pool/pos_rvlcdip_invoice_00084.jpg
data/raw/pool/pos_rvlcdip_invoice_00085.jpg,rvlcdip_invoice,invoice,1,0.9103,data/raw/pool/pos_rvlcdip_invoice_00085.jpg
data/raw/pool/pos_rvlcdip_invoice_00086.jpg,rvlcdip_invoice,invoice,1,0.9064,data/raw/pool/pos_rvlcdip_invoice_00086.jpg
data/raw/pool/pos_rvlcdip_invoice_00087.jpg,rvlcdip_invoice,invoice,1,0.9062,data/raw/pool/pos_rvlcdip_invoice_00087.jpg
data/raw/pool/pos_rvlcdip_invoice_00088.jpg,rvlcdip_invoice,invoice,1,0.9087,data/raw/pool/pos_rvlcdip_invoice_00088.jpg
data/raw/pool/pos_rvlcdip_invoice_00089.jpg,rvlcdip_invoice,invoice,1,0.9057,data/raw/pool/pos_rvlcdip_invoice_00089.jpg
data/raw/pool/pos_rvlcdip_invoice_00090.jpg,rvlcdip_invoice,invoice,1,0.9015,data/raw/pool/pos_rvlcdip_invoice_00090.jpg
data/raw/pool/pos_rvlcdip_invoice_00091.jpg,rvlcdip_invoice,invoice,1,0.9045,data/raw/pool/pos_rvlcdip_invoice_00091.jpg
data/raw/pool/pos_rvlcdip_invoice_00092.jpg,rvlcdip_invoice,invoice,1,0.9075,data/raw/pool/pos_rvlcdip_invoice_00092.jpg
data/raw/pool/pos_rvlcdip_invoice_00093.jpg,rvlcdip_invoice,invoice,1,0.9069,data/raw/pool/pos_rvlcdip_invoice_00093.jpg
data/raw/pool/pos_rvlcdip_invoice_00094.jpg,rvlcdip_invoice,handwritten,1,0.8727,data/raw/pool/pos_rvlcdip_invoice_00094.jpg
data/raw/pool/pos_rvlcdip_invoice_00095.jpg,rvlcdip_invoice,invoice,1,0.9088,data/raw/pool/pos_rvlcdip_invoice_00095.jpg
data/raw/pool/pos_rvlcdip_invoice_00096.jpg,rvlcdip_invoice,invoice,1,0.9074,data/raw/pool/pos_rvlcdip_invoice_00096.jpg
data/raw/pool/pos_rvlcdip_invoice_00097.jpg,rvlcdip_invoice,invoice,1,0.9086,data/raw/pool/pos_rvlcdip_invoice_00097.jpg
data/raw/pool/pos_rvlcdip_invoice_00098.jpg,rvlcdip_invoice,invoice,1,0.9038,data/raw/pool/pos_rvlcdip_invoice_00098.jpg
data/raw/pool/pos_rvlcdip_invoice_00099.jpg,rvlcdip_invoice,invoice,1,0.9089,data/raw/pool/pos_rvlcdip_invoice_00099.jpg
data/raw/pool/pos_rvlcdip_invoice_00100.jpg,rvlcdip_invoice,invoice,1,0.9036,data/raw/pool/pos_rvlcdip_invoice_00100.jpg
data/raw/pool/pos_rvlcdip_invoice_00101.jpg,rvlcdip_invoice,invoice,1,0.9083,data/raw/pool/pos_rvlcdip_invoice_00101.jpg
data/raw/pool/pos_rvlcdip_invoice_00102.jpg,rvlcdip_invoice,invoice,1,0.9070,data/raw/pool/pos_rvlcdip_invoice_00102.jpg
data/raw/pool/pos_rvlcdip_invoice_00103.jpg,rvlcdip_invoice,invoice,1,0.9014,data/raw/pool/pos_rvlcdip_invoice_00103.jpg
data/raw/pool/pos_rvlcdip_invoice_00104.jpg,rvlcdip_invoice,invoice,1,0.9062,data/raw/pool/pos_rvlcdip_invoice_00104.jpg
data/raw/pool/pos_rvlcdip_invoice_00105.jpg,rvlcdip_invoice,invoice,1,0.9061,data/raw/pool/pos_rvlcdip_invoice_00105.jpg
data/raw/pool/pos_rvlcdip_invoice_00106.jpg,rvlcdip_invoice,invoice,1,0.9077,data/raw/pool/pos_rvlcdip_invoice_00106.jpg
data/raw/pool/pos_rvlcdip_invoice_00107.jpg,rvlcdip_invoice,invoice,1,0.9047,data/raw/pool/pos_rvlcdip_invoice_00107.jpg
data/raw/pool/pos_rvlcdip_invoice_00108.jpg,rvlcdip_invoice,invoice,1,0.9065,data/raw/pool/pos_rvlcdip_invoice_00108.jpg
data/raw/pool/pos_rvlcdip_invoice_00109.jpg,rvlcdip_invoice,invoice,1,0.9056,data/raw/pool/pos_rvlcdip_invoice_00109.jpg
data/raw/pool/pos_rvlcdip_invoice_00110.jpg,rvlcdip_invoice,invoice,1,0.9072,data/raw/pool/pos_rvlcdip_invoice_00110.jpg
data/raw/pool/pos_rvlcdip_invoice_00111.jpg,rvlcdip_invoice,invoice,1,0.9064,data/raw/pool/pos_rvlcdip_invoice_00111.jpg
data/raw/pool/pos_rvlcdip_invoice_00112.jpg,rvlcdip_invoice,invoice,1,0.9062,data/raw/pool/pos_rvlcdip_invoice_00112.jpg
data/raw/pool/pos_rvlcdip_invoice_00113.jpg,rvlcdip_invoice,invoice,1,0.9067,data/raw/pool/pos_rvlcdip_invoice_00113.jpg
data/raw/pool/pos_rvlcdip_invoice_00114.jpg,rvlcdip_invoice,invoice,1,0.9073,data/raw/pool/pos_rvlcdip_invoice_00114.jpg
data/raw/pool/pos_rvlcdip_invoice_00115.jpg,rvlcdip_invoice,invoice,1,0.8972,data/raw/pool/pos_rvlcdip_invoice_00115.jpg
data/raw/pool/pos_rvlcdip_invoice_00116.jpg,rvlcdip_invoice,invoice,1,0.7499,data/raw/pool/pos_rvlcdip_invoice_00116.jpg
data/raw/pool/pos_rvlcdip_invoice_00117.jpg,rvlcdip_invoice,invoice,1,0.9067,data/raw/pool/pos_rvlcdip_invoice_00117.jpg
data/raw/pool/pos_rvlcdip_invoice_00118.jpg,rvlcdip_invoice,invoice,1,0.9061,data/raw/pool/pos_rvlcdip_invoice_00118.jpg
data/raw/pool/pos_rvlcdip_invoice_00119.jpg,rvlcdip_invoice,invoice,1,0.9077,data/raw/pool/pos_rvlcdip_invoice_00119.jpg
data/raw/pool/pos_rvlcdip_invoice_00120.jpg,rvlcdip_invoice,invoice,1,0.9075,data/raw/pool/pos_rvlcdip_invoice_00120.jpg
data/raw/pool/pos_rvlcdip_invoice_00121.jpg,rvlcdip_invoice,invoice,1,0.9072,data/raw/pool/pos_rvlcdip_invoice_00121.jpg
data/raw/pool/pos_rvlcdip_invoice_00122.jpg,rvlcdip_invoice,invoice,1,0.9066,data/raw/pool/pos_rvlcdip_invoice_00122.jpg
data/raw/pool/pos_rvlcdip_invoice_00123.jpg,rvlcdip_invoice,invoice,1,0.9069,data/raw/pool/pos_rvlcdip_invoice_00123.jpg
data/raw/pool/pos_rvlcdip_invoice_00124.jpg,rvlcdip_invoice,invoice,1,0.9018,data/raw/pool/pos_rvlcdip_invoice_00124.jpg
data/raw/pool/pos_rvlcdip_invoice_00125.jpg,rvlcdip_invoice,invoice,1,0.9032,data/raw/pool/pos_rvlcdip_invoice_00125.jpg
data/raw/pool/pos_rvlcdip_invoice_00126.jpg,rvlcdip_invoice,invoice,1,0.7858,data/raw/pool/pos_rvlcdip_invoice_00126.jpg
data/raw/pool/pos_rvlcdip_invoice_00127.jpg,rvlcdip_invoice,invoice,1,0.9042,data/raw/pool/pos_rvlcdip_invoice_00127.jpg
data/raw/pool/pos_rvlcdip_invoice_00128.jpg,rvlcdip_invoice,invoice,1,0.9064,data/raw/pool/pos_rvlcdip_invoice_00128.jpg
data/raw/pool/pos_rvlcdip_invoice_00129.jpg,rvlcdip_invoice,invoice,1,0.9064,data/raw/pool/pos_rvlcdip_invoice_00129.jpg
data/raw/pool/pos_rvlcdip_invoice_00130.jpg,rvlcdip_invoice,invoice,1,0.9060,data/raw/pool/pos_rvlcdip_invoice_00130.jpg
data/raw/pool/pos_rvlcdip_invoice_00131.jpg,rvlcdip_invoice,invoice,1,0.9054,data/raw/pool/pos_rvlcdip_invoice_00131.jpg
data/raw/pool/pos_rvlcdip_invoice_00132.jpg,rvlcdip_invoice,invoice,1,0.9077,data/raw/pool/pos_rvlcdip_invoice_00132.jpg
data/raw/pool/pos_rvlcdip_invoice_00133.jpg,rvlcdip_invoice,invoice,1,0.9080,data/raw/pool/pos_rvlcdip_invoice_00133.jpg
data/raw/pool/pos_rvlcdip_invoice_00134.jpg,rvlcdip_invoice,invoice,1,0.9074,data/raw/pool/pos_rvlcdip_invoice_00134.jpg
data/raw/pool/pos_rvlcdip_invoice_00135.jpg,rvlcdip_invoice,invoice,1,0.9078,data/raw/pool/pos_rvlcdip_invoice_00135.jpg
data/raw/pool/pos_rvlcdip_invoice_00136.jpg,rvlcdip_invoice,invoice,1,0.9062,data/raw/pool/pos_rvlcdip_invoice_00136.jpg
data/raw/pool/pos_rvlcdip_invoice_00137.jpg,rvlcdip_invoice,invoice,1,0.9043,data/raw/pool/pos_rvlcdip_invoice_00137.jpg
data/raw/pool/pos_rvlcdip_invoice_00138.jpg,rvlcdip_invoice,invoice,1,0.9084,data/raw/pool/pos_rvlcdip_invoice_00138.jpg
data/raw/pool/pos_rvlcdip_invoice_00139.jpg,rvlcdip_invoice,invoice,1,0.9041,data/raw/pool/pos_rvlcdip_invoice_00139.jpg
data/raw/pool/pos_rvlcdip_invoice_00140.jpg,rvlcdip_invoice,invoice,1,0.9048,data/raw/pool/pos_rvlcdip_invoice_00140.jpg
data/raw/pool/pos_rvlcdip_invoice_00141.jpg,rvlcdip_invoice,invoice,1,0.9074,data/raw/pool/pos_rvlcdip_invoice_00141.jpg
data/raw/pool/pos_rvlcdip_invoice_00142.jpg,rvlcdip_invoice,invoice,1,0.8842,data/raw/pool/pos_rvlcdip_invoice_00142.jpg
data/raw/pool/pos_rvlcdip_invoice_00143.jpg,rvlcdip_invoice,invoice,1,0.9076,data/raw/pool/pos_rvlcdip_invoice_00143.jpg
data/raw/pool/pos_rvlcdip_invoice_00144.jpg,rvlcdip_invoice,invoice,1,0.9090,data/raw/pool/pos_rvlcdip_invoice_00144.jpg
data/raw/pool/pos_rvlcdip_invoice_00145.jpg,rvlcdip_invoice,invoice,1,0.9067,data/raw/pool/pos_rvlcdip_invoice_00145.jpg
data/raw/pool/pos_rvlcdip_invoice_00146.jpg,rvlcdip_invoice,invoice,1,0.9050,data/raw/pool/pos_rvlcdip_invoice_00146.jpg
data/raw/pool/pos_rvlcdip_invoice_00147.jpg,rvlcdip_invoice,invoice,1,0.9072,data/raw/pool/pos_rvlcdip_invoice_00147.jpg
data/raw/pool/pos_rvlcdip_invoice_00148.jpg,rvlcdip_invoice,invoice,1,0.9047,data/raw/pool/pos_rvlcdip_invoice_00148.jpg
data/raw/pool/pos_rvlcdip_invoice_00149.jpg,rvlcdip_invoice,invoice,1,0.9084,data/raw/pool/pos_rvlcdip_invoice_00149.jpg
data/raw/pool/pos_rvlcdip_invoice_00150.jpg,rvlcdip_invoice,invoice,1,0.9048,data/raw/pool/pos_rvlcdip_invoice_00150.jpg
data/raw/pool/pos_rvlcdip_invoice_00151.jpg,rvlcdip_invoice,invoice,1,0.9097,data/raw/pool/pos_rvlcdip_invoice_00151.jpg
data/raw/pool/pos_rvlcdip_invoice_00152.jpg,rvlcdip_invoice,invoice,1,0.9057,data/raw/pool/pos_rvlcdip_invoice_00152.jpg
data/raw/pool/pos_rvlcdip_invoice_00153.jpg,rvlcdip_invoice,invoice,1,0.9028,data/raw/pool/pos_rvlcdip_invoice_00153.jpg
data/raw/pool/pos_rvlcdip_invoice_00154.jpg,rvlcdip_invoice,invoice,1,0.9075,data/raw/pool/pos_rvlcdip_invoice_00154.jpg
data/raw/pool/pos_rvlcdip_invoice_00155.jpg,rvlcdip_invoice,invoice,1,0.9047,data/raw/pool/pos_rvlcdip_invoice_00155.jpg
data/raw/pool/pos_rvlcdip_invoice_00156.jpg,rvlcdip_invoice,invoice,1,0.8910,data/raw/pool/pos_rvlcdip_invoice_00156.jpg
data/raw/pool/pos_rvlcdip_invoice_00157.jpg,rvlcdip_invoice,invoice,1,0.9062,data/raw/pool/pos_rvlcdip_invoice_00157.jpg
data/raw/pool/pos_rvlcdip_invoice_00158.jpg,rvlcdip_invoice,invoice,1,0.9044,data/raw/pool/pos_rvlcdip_invoice_00158.jpg
data/raw/pool/pos_rvlcdip_invoice_00159.jpg,rvlcdip_invoice,invoice,1,0.8969,data/raw/pool/pos_rvlcdip_invoice_00159.jpg
data/raw/pool/pos_rvlcdip_invoice_00160.jpg,rvlcdip_invoice,invoice,1,0.9065,data/raw/pool/pos_rvlcdip_invoice_00160.jpg
data/raw/pool/pos_rvlcdip_invoice_00161.jpg,rvlcdip_invoice,form,1,0.8730,data/raw/pool/pos_rvlcdip_invoice_00161.jpg
data/raw/pool/pos_rvlcdip_invoice_00162.jpg,rvlcdip_invoice,invoice,1,0.8563,data/raw/pool/pos_rvlcdip_invoice_00162.jpg
data/raw/pool/pos_rvlcdip_invoice_00163.jpg,rvlcdip_invoice,invoice,1,0.9030,data/raw/pool/pos_rvlcdip_invoice_00163.jpg
data/raw/pool/pos_rvlcdip_invoice_00164.jpg,rvlcdip_invoice,invoice,1,0.9058,data/raw/pool/pos_rvlcdip_invoice_00164.jpg
data/raw/pool/pos_rvlcdip_invoice_00165.jpg,rvlcdip_invoice,invoice,1,0.9050,data/raw/pool/pos_rvlcdip_invoice_00165.jpg
data/raw/pool/pos_rvlcdip_invoice_00166.jpg,rvlcdip_invoice,invoice,1,0.9042,data/raw/pool/pos_rvlcdip_invoice_00166.jpg
data/raw/pool/pos_rvlcdip_invoice_00167.jpg,rvlcdip_invoice,invoice,1,0.9071,data/raw/pool/pos_rvlcdip_invoice_00167.jpg
data/raw/pool/pos_rvlcdip_invoice_00168.jpg,rvlcdip_invoice,invoice,1,0.9063,data/raw/pool/pos_rvlcdip_invoice_00168.jpg
data/raw/pool/pos_rvlcdip_invoice_00169.jpg,rvlcdip_invoice,invoice,1,0.8916,data/raw/pool/pos_rvlcdip_invoice_00169.jpg
data/raw/pool/pos_rvlcdip_invoice_00170.jpg,rvlcdip_invoice,invoice,1,0.9071,data/raw/pool/pos_rvlcdip_invoice_00170.jpg
data/raw/pool/pos_rvlcdip_invoice_00171.jpg,rvlcdip_invoice,invoice,1,0.9020,data/raw/pool/pos_rvlcdip_invoice_00171.jpg
data/raw/pool/pos_rvlcdip_invoice_00172.jpg,rvlcdip_invoice,invoice,1,0.9069,data/raw/pool/pos_rvlcdip_invoice_00172.jpg
data/raw/pool/pos_rvlcdip_invoice_00173.jpg,rvlcdip_invoice,invoice,1,0.9079,data/raw/pool/pos_rvlcdip_invoice_00173.jpg
data/raw/pool/pos_rvlcdip_invoice_00174.jpg,rvlcdip_invoice,invoice,1,0.9031,data/raw/pool/pos_rvlcdip_invoice_00174.jpg
data/raw/pool/pos_rvlcdip_invoice_00175.jpg,rvlcdip_invoice,invoice,1,0.9078,data/raw/pool/pos_rvlcdip_invoice_00175.jpg
data/raw/pool/pos_rvlcdip_invoice_00176.jpg,rvlcdip_invoice,invoice,1,0.9073,data/raw/pool/pos_rvlcdip_invoice_00176.jpg
data/raw/pool/pos_rvlcdip_invoice_00177.jpg,rvlcdip_invoice,invoice,1,0.8765,data/raw/pool/pos_rvlcdip_invoice_00177.jpg
data/raw/pool/pos_rvlcdip_invoice_00178.jpg,rvlcdip_invoice,invoice,1,0.8979,data/raw/pool/pos_rvlcdip_invoice_00178.jpg
data/raw/pool/pos_rvlcdip_invoice_00179.jpg,rvlcdip_invoice,invoice,1,0.9073,data/raw/pool/pos_rvlcdip_invoice_00179.jpg
data/raw/pool/pos_rvlcdip_invoice_00180.jpg,rvlcdip_invoice,invoice,1,0.9078,data/raw/pool/pos_rvlcdip_invoice_00180.jpg
data/raw/pool/pos_rvlcdip_invoice_00181.jpg,rvlcdip_invoice,invoice,1,0.9062,data/raw/pool/pos_rvlcdip_invoice_00181.jpg
data/raw/pool/pos_rvlcdip_invoice_00182.jpg,rvlcdip_invoice,invoice,1,0.9083,data/raw/pool/pos_rvlcdip_invoice_00182.jpg
data/raw/pool/pos_rvlcdip_invoice_00183.jpg,rvlcdip_invoice,invoice,1,0.9064,data/raw/pool/pos_rvlcdip_invoice_00183.jpg
data/raw/pool/pos_rvlcdip_invoice_00184.jpg,rvlcdip_invoice,invoice,1,0.9062,data/raw/pool/pos_rvlcdip_invoice_00184.jpg
data/raw/pool/pos_rvlcdip_invoice_00185.jpg,rvlcdip_invoice,invoice,1,0.9065,data/raw/pool/pos_rvlcdip_invoice_00185.jpg
data/raw/pool/pos_rvlcdip_invoice_00186.jpg,rvlcdip_invoice,invoice,1,0.8063,data/raw/pool/pos_rvlcdip_invoice_00186.jpg
data/raw/pool/pos_rvlcdip_invoice_00187.jpg,rvlcdip_invoice,invoice,1,0.9062,data/raw/pool/pos_rvlcdip_invoice_00187.jpg
data/raw/pool/pos_rvlcdip_invoice_00188.jpg,rvlcdip_invoice,invoice,1,0.9081,data/raw/pool/pos_rvlcdip_invoice_00188.jpg
data/raw/pool/pos_rvlcdip_invoice_00189.jpg,rvlcdip_invoice,invoice,1,0.9081,data/raw/pool/pos_rvlcdip_invoice_00189.jpg
data/raw/pool/pos_rvlcdip_invoice_00190.jpg,rvlcdip_invoice,invoice,1,0.9034,data/raw/pool/pos_rvlcdip_invoice_00190.jpg
data/raw/pool/pos_rvlcdip_invoice_00191.jpg,rvlcdip_invoice,letter,1,0.5104,data/raw/pool/pos_rvlcdip_invoice_00191.jpg
data/raw/pool/pos_rvlcdip_invoice_00192.jpg,rvlcdip_invoice,invoice,1,0.9058,data/raw/pool/pos_rvlcdip_invoice_00192.jpg
data/raw/pool/pos_rvlcdip_invoice_00193.jpg,rvlcdip_invoice,invoice,1,0.9087,data/raw/pool/pos_rvlcdip_invoice_00193.jpg
data/raw/pool/pos_rvlcdip_invoice_00194.jpg,rvlcdip_invoice,invoice,1,0.9066,data/raw/pool/pos_rvlcdip_invoice_00194.jpg
data/raw/pool/pos_rvlcdip_invoice_00195.jpg,rvlcdip_invoice,invoice,1,0.8932,data/raw/pool/pos_rvlcdip_invoice_00195.jpg
data/raw/pool/pos_rvlcdip_invoice_00196.jpg,rvlcdip_invoice,invoice,1,0.9087,data/raw/pool/pos_rvlcdip_invoice_00196.jpg
data/raw/pool/pos_rvlcdip_invoice_00197.jpg,rvlcdip_invoice,invoice,1,0.9039,data/raw/pool/pos_rvlcdip_invoice_00197.jpg
data/raw/pool/pos_rvlcdip_invoice_00198.jpg,rvlcdip_invoice,invoice,1,0.9063,data/raw/pool/pos_rvlcdip_invoice_00198.jpg
data/raw/pool/pos_rvlcdip_invoice_00199.jpg,rvlcdip_invoice,invoice,1,0.9059,data/raw/pool/pos_rvlcdip_invoice_00199.jpg
data/raw/pool/pos_rvlcdip_invoice_00200.jpg,rvlcdip_invoice,invoice,1,0.9071,data/raw/pool/pos_rvlcdip_invoice_00200.jpg
data/raw/pool/pos_rvlcdip_invoice_00201.jpg,rvlcdip_invoice,invoice,1,0.9074,data/raw/pool/pos_rvlcdip_invoice_00201.jpg
data/raw/pool/pos_rvlcdip_invoice_00202.jpg,rvlcdip_invoice,invoice,1,0.8980,data/raw/pool/pos_rvlcdip_invoice_00202.jpg
data/raw/pool/pos_rvlcdip_invoice_00203.jpg,rvlcdip_invoice,invoice,1,0.9079,data/raw/pool/pos_rvlcdip_invoice_00203.jpg
data/raw/pool/pos_rvlcdip_invoice_00204.jpg,rvlcdip_invoice,invoice,1,0.9075,data/raw/pool/pos_rvlcdip_invoice_00204.jpg
data/raw/pool/pos_rvlcdip_invoice_00205.jpg,rvlcdip_invoice,invoice,1,0.9048,data/raw/pool/pos_rvlcdip_invoice_00205.jpg
data/raw/pool/pos_rvlcdip_invoice_00206.jpg,rvlcdip_invoice,invoice,1,0.9054,data/raw/pool/pos_rvlcdip_invoice_00206.jpg
data/raw/pool/pos_rvlcdip_invoice_00207.jpg,rvlcdip_invoice,invoice,1,0.9054,data/raw/pool/pos_rvlcdip_invoice_00207.jpg
data/raw/pool/pos_rvlcdip_invoice_00208.jpg,rvlcdip_invoice,invoice,1,0.9066,data/raw/pool/pos_rvlcdip_invoice_00208.jpg
data/raw/pool/pos_rvlcdip_invoice_00209.jpg,rvlcdip_invoice,invoice,1,0.9037,data/raw/pool/pos_rvlcdip_invoice_00209.jpg
data/raw/pool/pos_rvlcdip_invoice_00210.jpg,rvlcdip_invoice,invoice,1,0.9084,data/raw/pool/pos_rvlcdip_invoice_00210.jpg
data/raw/pool/pos_rvlcdip_invoice_00211.jpg,rvlcdip_invoice,invoice,1,0.8806,data/raw/pool/pos_rvlcdip_invoice_00211.jpg
data/raw/pool/pos_rvlcdip_invoice_00212.jpg,rvlcdip_invoice,invoice,1,0.9087,data/raw/pool/pos_rvlcdip_invoice_00212.jpg
data/raw/pool/pos_rvlcdip_invoice_00213.jpg,rvlcdip_invoice,invoice,1,0.9076,data/raw/pool/pos_rvlcdip_invoice_00213.jpg
data/raw/pool/pos_rvlcdip_invoice_00214.jpg,rvlcdip_invoice,invoice,1,0.9060,data/raw/pool/pos_rvlcdip_invoice_00214.jpg
data/raw/pool/pos_rvlcdip_invoice_00215.jpg,rvlcdip_invoice,invoice,1,0.9098,data/raw/pool/pos_rvlcdip_invoice_00215.jpg
data/raw/pool/pos_rvlcdip_invoice_00216.jpg,rvlcdip_invoice,invoice,1,0.9055,data/raw/pool/pos_rvlcdip_invoice_00216.jpg
data/raw/pool/pos_rvlcdip_invoice_00217.jpg,rvlcdip_invoice,invoice,1,0.9006,data/raw/pool/pos_rvlcdip_invoice_00217.jpg
data/raw/pool/pos_rvlcdip_invoice_00218.jpg,rvlcdip_invoice,invoice,1,0.9081,data/raw/pool/pos_rvlcdip_invoice_00218.jpg
data/raw/pool/pos_rvlcdip_invoice_00219.jpg,rvlcdip_invoice,invoice,1,0.9068,data/raw/pool/pos_rvlcdip_invoice_00219.jpg
data/raw/pool/pos_rvlcdip_invoice_00220.jpg,rvlcdip_invoice,invoice,1,0.9079,data/raw/pool/pos_rvlcdip_invoice_00220.jpg
data/raw/pool/pos_rvlcdip_invoice_00221.jpg,rvlcdip_invoice,invoice,1,0.9068,data/raw/pool/pos_rvlcdip_invoice_00221.jpg
data/raw/pool/pos_rvlcdip_invoice_00222.jpg,rvlcdip_invoice,invoice,1,0.9064,data/raw/pool/pos_rvlcdip_invoice_00222.jpg
data/raw/pool/pos_rvlcdip_invoice_00223.jpg,rvlcdip_invoice,invoice,1,0.8660,data/raw/pool/pos_rvlcdip_invoice_00223.jpg
data/raw/pool/pos_rvlcdip_invoice_00224.jpg,rvlcdip_invoice,invoice,1,0.9075,data/raw/pool/pos_rvlcdip_invoice_00224.jpg
data/raw/pool/pos_rvlcdip_invoice_00225.jpg,rvlcdip_invoice,invoice,1,0.9065,data/raw/pool/pos_rvlcdip_invoice_00225.jpg
data/raw/pool/pos_rvlcdip_invoice_00226.jpg,rvlcdip_invoice,invoice,1,0.9055,data/raw/pool/pos_rvlcdip_invoice_00226.jpg
data/raw/pool/pos_rvlcdip_invoice_00227.jpg,rvlcdip_invoice,invoice,1,0.9070,data/raw/pool/pos_rvlcdip_invoice_00227.jpg
data/raw/pool/pos_rvlcdip_invoice_00228.jpg,rvlcdip_invoice,invoice,1,0.9050,data/raw/pool/pos_rvlcdip_invoice_00228.jpg
data/raw/pool/pos_rvlcdip_invoice_00229.jpg,rvlcdip_invoice,invoice,1,0.9025,data/raw/pool/pos_rvlcdip_invoice_00229.jpg
data/raw/pool/pos_rvlcdip_invoice_00230.jpg,rvlcdip_invoice,invoice,1,0.9068,data/raw/pool/pos_rvlcdip_invoice_00230.jpg
data/raw/pool/pos_rvlcdip_invoice_00231.jpg,rvlcdip_invoice,invoice,1,0.9074,data/raw/pool/pos_rvlcdip_invoice_00231.jpg
data/raw/pool/pos_rvlcdip_invoice_00232.jpg,rvlcdip_invoice,invoice,1,0.9077,data/raw/pool/pos_rvlcdip_invoice_00232.jpg
data/raw/pool/pos_rvlcdip_invoice_00233.jpg,rvlcdip_invoice,invoice,1,0.9059,data/raw/pool/pos_rvlcdip_invoice_00233.jpg
data/raw/pool/pos_rvlcdip_invoice_00234.jpg,rvlcdip_invoice,invoice,1,0.5261,data/raw/pool/pos_rvlcdip_invoice_00234.jpg
data/raw/pool/pos_rvlcdip_invoice_00235.jpg,rvlcdip_invoice,invoice,1,0.9076,data/raw/pool/pos_rvlcdip_invoice_00235.jpg
data/raw/pool/pos_rvlcdip_invoice_00236.jpg,rvlcdip_invoice,invoice,1,0.9063,data/raw/pool/pos_rvlcdip_invoice_00236.jpg
data/raw/pool/pos_rvlcdip_invoice_00237.jpg,rvlcdip_invoice,invoice,1,0.9062,data/raw/pool/pos_rvlcdip_invoice_00237.jpg
data/raw/pool/pos_rvlcdip_invoice_00238.jpg,rvlcdip_invoice,invoice,1,0.9053,data/raw/pool/pos_rvlcdip_invoice_00238.jpg
data/raw/pool/pos_rvlcdip_invoice_00239.jpg,rvlcdip_invoice,invoice,1,0.8945,data/raw/pool/pos_rvlcdip_invoice_00239.jpg
data/raw/pool/pos_rvlcdip_invoice_00240.jpg,rvlcdip_invoice,invoice,1,0.9051,data/raw/pool/pos_rvlcdip_invoice_00240.jpg
data/raw/pool/pos_rvlcdip_invoice_00241.jpg,rvlcdip_invoice,invoice,1,0.6688,data/raw/pool/pos_rvlcdip_invoice_00241.jpg
data/raw/pool/pos_rvlcdip_invoice_00242.jpg,rvlcdip_invoice,invoice,1,0.9072,data/raw/pool/pos_rvlcdip_invoice_00242.jpg
data/raw/pool/pos_rvlcdip_invoice_00243.jpg,rvlcdip_invoice,invoice,1,0.9066,data/raw/pool/pos_rvlcdip_invoice_00243.jpg
data/raw/pool/pos_rvlcdip_invoice_00244.jpg,rvlcdip_invoice,invoice,1,0.7857,data/raw/pool/pos_rvlcdip_invoice_00244.jpg
data/raw/pool/pos_rvlcdip_invoice_00245.jpg,rvlcdip_invoice,invoice,1,0.9080,data/raw/pool/pos_rvlcdip_invoice_00245.jpg
data/raw/pool/pos_rvlcdip_invoice_00246.jpg,rvlcdip_invoice,invoice,1,0.9078,data/raw/pool/pos_rvlcdip_invoice_00246.jpg
data/raw/pool/pos_rvlcdip_invoice_00247.jpg,rvlcdip_invoice,invoice,1,0.9079,data/raw/pool/pos_rvlcdip_invoice_00247.jpg
data/raw/pool/pos_rvlcdip_invoice_00248.jpg,rvlcdip_invoice,invoice,1,0.8719,data/raw/pool/pos_rvlcdip_invoice_00248.jpg
data/raw/pool/pos_rvlcdip_invoice_00249.jpg,rvlcdip_invoice,invoice,1,0.9070,data/raw/pool/pos_rvlcdip_invoice_00249.jpg
data/raw/pool/pos_rvlcdip_invoice_00250.jpg,rvlcdip_invoice,invoice,1,0.9045,data/raw/pool/pos_rvlcdip_invoice_00250.jpg
data/raw/pool/pos_rvlcdip_invoice_00251.jpg,rvlcdip_invoice,invoice,1,0.9058,data/raw/pool/pos_rvlcdip_invoice_00251.jpg
data/raw/pool/pos_rvlcdip_invoice_00252.jpg,rvlcdip_invoice,invoice,1,0.9064,data/raw/pool/pos_rvlcdip_invoice_00252.jpg
data/raw/pool/pos_rvlcdip_invoice_00253.jpg,rvlcdip_invoice,invoice,1,0.9072,data/raw/pool/pos_rvlcdip_invoice_00253.jpg
data/raw/pool/pos_rvlcdip_invoice_00254.jpg,rvlcdip_invoice,invoice,1,0.9073,data/raw/pool/pos_rvlcdip_invoice_00254.jpg
data/raw/pool/pos_rvlcdip_invoice_00255.jpg,rvlcdip_invoice,invoice,1,0.9078,data/raw/pool/pos_rvlcdip_invoice_00255.jpg
data/raw/pool/pos_rvlcdip_invoice_00256.jpg,rvlcdip_invoice,invoice,1,0.9011,data/raw/pool/pos_rvlcdip_invoice_00256.jpg
data/raw/pool/pos_rvlcdip_invoice_00257.jpg,rvlcdip_invoice,invoice,1,0.9079,data/raw/pool/pos_rvlcdip_invoice_00257.jpg
data/raw/pool/pos_rvlcdip_invoice_00258.jpg,rvlcdip_invoice,invoice,1,0.9074,data/raw/pool/pos_rvlcdip_invoice_00258.jpg
data/raw/pool/pos_rvlcdip_invoice_00259.jpg,rvlcdip_invoice,invoice,1,0.9071,data/raw/pool/pos_rvlcdip_invoice_00259.jpg
data/raw/pool/pos_rvlcdip_invoice_00260.jpg,rvlcdip_invoice,invoice,1,0.9067,data/raw/pool/pos_rvlcdip_invoice_00260.jpg
data/raw/pool/pos_rvlcdip_invoice_00261.jpg,rvlcdip_invoice,invoice,1,0.8560,data/raw/pool/pos_rvlcdip_invoice_00261.jpg
data/raw/pool/pos_rvlcdip_invoice_00262.jpg,rvlcdip_invoice,invoice,1,0.9063,data/raw/pool/pos_rvlcdip_invoice_00262.jpg
data/raw/pool/pos_rvlcdip_invoice_00263.jpg,rvlcdip_invoice,invoice,1,0.9063,data/raw/pool/pos_rvlcdip_invoice_00263.jpg
data/raw/pool/pos_rvlcdip_invoice_00264.jpg,rvlcdip_invoice,form,1,0.8877,data/raw/pool/pos_rvlcdip_invoice_00264.jpg
data/raw/pool/pos_rvlcdip_invoice_00265.jpg,rvlcdip_invoice,invoice,1,0.9058,data/raw/pool/pos_rvlcdip_invoice_00265.jpg
data/raw/pool/pos_rvlcdip_invoice_00266.jpg,rvlcdip_invoice,invoice,1,0.9083,data/raw/pool/pos_rvlcdip_invoice_00266.jpg
data/raw/pool/pos_rvlcdip_invoice_00267.jpg,rvlcdip_invoice,invoice,1,0.9069,data/raw/pool/pos_rvlcdip_invoice_00267.jpg
data/raw/pool/pos_rvlcdip_invoice_00268.jpg,rvlcdip_invoice,invoice,1,0.9066,data/raw/pool/pos_rvlcdip_invoice_00268.jpg
data/raw/pool/pos_rvlcdip_invoice_00269.jpg,rvlcdip_invoice,invoice,1,0.9048,data/raw/pool/pos_rvlcdip_invoice_00269.jpg
data/raw/pool/pos_rvlcdip_invoice_00270.jpg,rvlcdip_invoice,invoice,1,0.9055,data/raw/pool/pos_rvlcdip_invoice_00270.jpg
data/raw/pool/pos_rvlcdip_invoice_00271.jpg,rvlcdip_invoice,invoice,1,0.9028,data/raw/pool/pos_rvlcdip_invoice_00271.jpg
data/raw/pool/pos_rvlcdip_invoice_00272.jpg,rvlcdip_invoice,invoice,1,0.9063,data/raw/pool/pos_rvlcdip_invoice_00272.jpg
data/raw/pool/pos_rvlcdip_invoice_00273.jpg,rvlcdip_invoice,invoice,1,0.8827,data/raw/pool/pos_rvlcdip_invoice_00273.jpg
data/raw/pool/pos_rvlcdip_invoice_00274.jpg,rvlcdip_invoice,invoice,1,0.9087,data/raw/pool/pos_rvlcdip_invoice_00274.jpg
data/raw/pool/pos_rvlcdip_invoice_00275.jpg,rvlcdip_invoice,invoice,1,0.9068,data/raw/pool/pos_rvlcdip_invoice_00275.jpg
data/raw/pool/pos_rvlcdip_invoice_00276.jpg,rvlcdip_invoice,invoice,1,0.8653,data/raw/pool/pos_rvlcdip_invoice_00276.jpg
data/raw/pool/pos_rvlcdip_invoice_00277.jpg,rvlcdip_invoice,invoice,1,0.9072,data/raw/pool/pos_rvlcdip_invoice_00277.jpg
data/raw/pool/pos_rvlcdip_invoice_00278.jpg,rvlcdip_invoice,invoice,1,0.9064,data/raw/pool/pos_rvlcdip_invoice_00278.jpg
data/raw/pool/pos_rvlcdip_invoice_00279.jpg,rvlcdip_invoice,invoice,1,0.9082,data/raw/pool/pos_rvlcdip_invoice_00279.jpg
data/raw/pool/pos_rvlcdip_invoice_00280.jpg,rvlcdip_invoice,invoice,1,0.9076,data/raw/pool/pos_rvlcdip_invoice_00280.jpg
data/raw/pool/pos_rvlcdip_invoice_00281.jpg,rvlcdip_invoice,invoice,1,0.9089,data/raw/pool/pos_rvlcdip_invoice_00281.jpg
data/raw/pool/pos_rvlcdip_invoice_00282.jpg,rvlcdip_invoice,invoice,1,0.9045,data/raw/pool/pos_rvlcdip_invoice_00282.jpg
data/raw/pool/pos_rvlcdip_invoice_00283.jpg,rvlcdip_invoice,invoice,1,0.9063,data/raw/pool/pos_rvlcdip_invoice_00283.jpg
data/raw/pool/pos_rvlcdip_invoice_00284.jpg,rvlcdip_invoice,invoice,1,0.9065,data/raw/pool/pos_rvlcdip_invoice_00284.jpg
data/raw/pool/pos_rvlcdip_invoice_00285.jpg,rvlcdip_invoice,invoice,1,0.8817,data/raw/pool/pos_rvlcdip_invoice_00285.jpg
data/raw/pool/pos_rvlcdip_invoice_00286.jpg,rvlcdip_invoice,invoice,1,0.9072,data/raw/pool/pos_rvlcdip_invoice_00286.jpg
data/raw/pool/pos_rvlcdip_invoice_00287.jpg,rvlcdip_invoice,invoice,1,0.9076,data/raw/pool/pos_rvlcdip_invoice_00287.jpg
data/raw/pool/pos_rvlcdip_invoice_00288.jpg,rvlcdip_invoice,invoice,1,0.9067,data/raw/pool/pos_rvlcdip_invoice_00288.jpg
data/raw/pool/pos_rvlcdip_invoice_00289.jpg,rvlcdip_invoice,invoice,1,0.9073,data/raw/pool/pos_rvlcdip_invoice_00289.jpg
data/raw/pool/pos_rvlcdip_invoice_00290.jpg,rvlcdip_invoice,invoice,1,0.9050,data/raw/pool/pos_rvlcdip_invoice_00290.jpg
data/raw/pool/pos_rvlcdip_invoice_00291.jpg,rvlcdip_invoice,invoice,1,0.9065,data/raw/pool/pos_rvlcdip_invoice_00291.jpg
data/raw/pool/pos_rvlcdip_invoice_00292.jpg,rvlcdip_invoice,invoice,1,0.9063,data/raw/pool/pos_rvlcdip_invoice_00292.jpg
data/raw/pool/pos_rvlcdip_invoice_00293.jpg,rvlcdip_invoice,invoice,1,0.8999,data/raw/pool/pos_rvlcdip_invoice_00293.jpg
data/raw/pool/pos_rvlcdip_invoice_00294.jpg,rvlcdip_invoice,invoice,1,0.9066,data/raw/pool/pos_rvlcdip_invoice_00294.jpg
data/raw/pool/pos_rvlcdip_invoice_00295.jpg,rvlcdip_invoice,invoice,1,0.9064,data/raw/pool/pos_rvlcdip_invoice_00295.jpg
data/raw/pool/pos_rvlcdip_invoice_00296.jpg,rvlcdip_invoice,invoice,1,0.9070,data/raw/pool/pos_rvlcdip_invoice_00296.jpg
data/raw/pool/pos_rvlcdip_invoice_00297.jpg,rvlcdip_invoice,invoice,1,0.9017,data/raw/pool/pos_rvlcdip_invoice_00297.jpg
data/raw/pool/pos_rvlcdip_invoice_00298.jpg,rvlcdip_invoice,invoice,1,0.9068,data/raw/pool/pos_rvlcdip_invoice_00298.jpg
data/raw/pool/pos_rvlcdip_invoice_00299.jpg,rvlcdip_invoice,invoice,1,0.9066,data/raw/pool/pos_rvlcdip_invoice_00299.jpg
data/raw/pool/pos_rvlcdip_invoice_00300.jpg,rvlcdip_invoice,invoice,1,0.9080,data/raw/pool/pos_rvlcdip_invoice_00300.jpg
data/raw/pool/pos_rvlcdip_invoice_00301.jpg,rvlcdip_invoice,invoice,1,0.9056,data/raw/pool/pos_rvlcdip_invoice_00301.jpg
data/raw/pool/pos_rvlcdip_invoice_00302.jpg,rvlcdip_invoice,invoice,1,0.9037,data/raw/pool/pos_rvlcdip_invoice_00302.jpg
data/raw/pool/pos_rvlcdip_invoice_00303.jpg,rvlcdip_invoice,invoice,1,0.9073,data/raw/pool/pos_rvlcdip_invoice_00303.jpg
data/raw/pool/pos_rvlcdip_invoice_00304.jpg,rvlcdip_invoice,invoice,1,0.9051,data/raw/pool/pos_rvlcdip_invoice_00304.jpg
data/raw/pool/pos_rvlcdip_invoice_00305.jpg,rvlcdip_invoice,invoice,1,0.9054,data/raw/pool/pos_rvlcdip_invoice_00305.jpg
data/raw/pool/pos_rvlcdip_invoice_00306.jpg,rvlcdip_invoice,invoice,1,0.9032,data/raw/pool/pos_rvlcdip_invoice_00306.jpg
data/raw/pool/pos_rvlcdip_invoice_00307.jpg,rvlcdip_invoice,invoice,1,0.9070,data/raw/pool/pos_rvlcdip_invoice_00307.jpg
data/raw/pool/pos_rvlcdip_invoice_00308.jpg,rvlcdip_invoice,invoice,1,0.8995,data/raw/pool/pos_rvlcdip_invoice_00308.jpg
data/raw/pool/pos_rvlcdip_invoice_00309.jpg,rvlcdip_invoice,invoice,1,0.9075,data/raw/pool/pos_rvlcdip_invoice_00309.jpg
data/raw/pool/pos_rvlcdip_invoice_00310.jpg,rvlcdip_invoice,invoice,1,0.9056,data/raw/pool/pos_rvlcdip_invoice_00310.jpg
data/raw/pool/pos_rvlcdip_invoice_00311.jpg,rvlcdip_invoice,invoice,1,0.9073,data/raw/pool/pos_rvlcdip_invoice_00311.jpg
data/raw/pool/pos_rvlcdip_invoice_00312.jpg,rvlcdip_invoice,invoice,1,0.9045,data/raw/pool/pos_rvlcdip_invoice_00312.jpg
data/raw/pool/pos_rvlcdip_invoice_00313.jpg,rvlcdip_invoice,invoice,1,0.9068,data/raw/pool/pos_rvlcdip_invoice_00313.jpg
data/raw/pool/pos_rvlcdip_invoice_00314.jpg,rvlcdip_invoice,invoice,1,0.9095,data/raw/pool/pos_rvlcdip_invoice_00314.jpg
data/raw/pool/pos_rvlcdip_invoice_00315.jpg,rvlcdip_invoice,invoice,1,0.9065,data/raw/pool/pos_rvlcdip_invoice_00315.jpg
data/raw/pool/pos_rvlcdip_invoice_00316.jpg,rvlcdip_invoice,handwritten,1,0.8467,data/raw/pool/pos_rvlcdip_invoice_00316.jpg
data/raw/pool/pos_rvlcdip_invoice_00317.jpg,rvlcdip_invoice,invoice,1,0.9028,data/raw/pool/pos_rvlcdip_invoice_00317.jpg
data/raw/pool/pos_rvlcdip_invoice_00318.jpg,rvlcdip_invoice,invoice,1,0.9061,data/raw/pool/pos_rvlcdip_invoice_00318.jpg
data/raw/pool/pos_rvlcdip_invoice_00319.jpg,rvlcdip_invoice,invoice,1,0.9038,data/raw/pool/pos_rvlcdip_invoice_00319.jpg
data/raw/pool/pos_rvlcdip_invoice_00320.jpg,rvlcdip_invoice,invoice,1,0.9043,data/raw/pool/pos_rvlcdip_invoice_00320.jpg
data/raw/pool/pos_rvlcdip_invoice_00321.jpg,rvlcdip_invoice,invoice,1,0.9032,data/raw/pool/pos_rvlcdip_invoice_00321.jpg
data/raw/pool/pos_rvlcdip_invoice_00322.jpg,rvlcdip_invoice,invoice,1,0.9078,data/raw/pool/pos_rvlcdip_invoice_00322.jpg
data/raw/pool/pos_rvlcdip_invoice_00323.jpg,rvlcdip_invoice,invoice,1,0.9083,data/raw/pool/pos_rvlcdip_invoice_00323.jpg
data/raw/pool/pos_rvlcdip_invoice_00324.jpg,rvlcdip_invoice,invoice,1,0.9075,data/raw/pool/pos_rvlcdip_invoice_00324.jpg
data/raw/pool/pos_rvlcdip_invoice_00325.jpg,rvlcdip_invoice,invoice,1,0.9076,data/raw/pool/pos_rvlcdip_invoice_00325.jpg
data/raw/pool/pos_rvlcdip_invoice_00326.jpg,rvlcdip_invoice,invoice,1,0.9080,data/raw/pool/pos_rvlcdip_invoice_00326.jpg
data/raw/pool/pos_rvlcdip_invoice_00327.jpg,rvlcdip_invoice,invoice,1,0.9046,data/raw/pool/pos_rvlcdip_invoice_00327.jpg
data/raw/pool/pos_rvlcdip_invoice_00328.jpg,rvlcdip_invoice,invoice,1,0.9076,data/raw/pool/pos_rvlcdip_invoice_00328.jpg
data/raw/pool/pos_rvlcdip_invoice_00329.jpg,rvlcdip_invoice,invoice,1,0.9062,data/raw/pool/pos_rvlcdip_invoice_00329.jpg
data/raw/pool/pos_rvlcdip_invoice_00330.jpg,rvlcdip_invoice,invoice,1,0.9083,data/raw/pool/pos_rvlcdip_invoice_00330.jpg
data/raw/pool/pos_rvlcdip_invoice_00331.jpg,rvlcdip_invoice,invoice,1,0.9062,data/raw/pool/pos_rvlcdip_invoice_00331.jpg
data/raw/pool/pos_rvlcdip_invoice_00332.jpg,rvlcdip_invoice,invoice,1,0.9077,data/raw/pool/pos_rvlcdip_invoice_00332.jpg
data/raw/pool/pos_rvlcdip_invoice_00333.jpg,rvlcdip_invoice,invoice,1,0.9060,data/raw/pool/pos_rvlcdip_invoice_00333.jpg
data/raw/pool/pos_rvlcdip_invoice_00334.jpg,rvlcdip_invoice,invoice,1,0.9058,data/raw/pool/pos_rvlcdip_invoice_00334.jpg
data/raw/pool/pos_rvlcdip_invoice_00335.jpg,rvlcdip_invoice,invoice,1,0.8715,data/raw/pool/pos_rvlcdip_invoice_00335.jpg
data/raw/pool/pos_rvlcdip_invoice_00336.jpg,rvlcdip_invoice,invoice,1,0.9045,data/raw/pool/pos_rvlcdip_invoice_00336.jpg
data/raw/pool/pos_rvlcdip_invoice_00337.jpg,rvlcdip_invoice,invoice,1,0.9057,data/raw/pool/pos_rvlcdip_invoice_00337.jpg
data/raw/pool/pos_rvlcdip_invoice_00338.jpg,rvlcdip_invoice,invoice,1,0.9080,data/raw/pool/pos_rvlcdip_invoice_00338.jpg
data/raw/pool/pos_rvlcdip_invoice_00339.jpg,rvlcdip_invoice,invoice,1,0.9059,data/raw/pool/pos_rvlcdip_invoice_00339.jpg
data/raw/pool/pos_rvlcdip_invoice_00340.jpg,rvlcdip_invoice,invoice,1,0.9080,data/raw/pool/pos_rvlcdip_invoice_00340.jpg
data/raw/pool/pos_rvlcdip_invoice_00341.jpg,rvlcdip_invoice,invoice,1,0.9002,data/raw/pool/pos_rvlcdip_invoice_00341.jpg
data/raw/pool/pos_rvlcdip_invoice_00342.jpg,rvlcdip_invoice,invoice,1,0.9073,data/raw/pool/pos_rvlcdip_invoice_00342.jpg
data/raw/pool/pos_rvlcdip_invoice_00343.jpg,rvlcdip_invoice,invoice,1,0.9072,data/raw/pool/pos_rvlcdip_invoice_00343.jpg
data/raw/pool/pos_rvlcdip_invoice_00344.jpg,rvlcdip_invoice,invoice,1,0.9065,data/raw/pool/pos_rvlcdip_invoice_00344.jpg
data/raw/pool/pos_rvlcdip_invoice_00345.jpg,rvlcdip_invoice,invoice,1,0.9080,data/raw/pool/pos_rvlcdip_invoice_00345.jpg
data/raw/pool/pos_rvlcdip_invoice_00346.jpg,rvlcdip_invoice,invoice,1,0.9059,data/raw/pool/pos_rvlcdip_invoice_00346.jpg
data/raw/pool/pos_rvlcdip_invoice_00347.jpg,rvlcdip_invoice,invoice,1,0.9084,data/raw/pool/pos_rvlcdip_invoice_00347.jpg
data/raw/pool/pos_rvlcdip_invoice_00348.jpg,rvlcdip_invoice,invoice,1,0.9061,data/raw/pool/pos_rvlcdip_invoice_00348.jpg
data/raw/pool/pos_rvlcdip_invoice_00349.jpg,rvlcdip_invoice,invoice,1,0.4856,data/raw/pool/pos_rvlcdip_invoice_00349.jpg
data/raw/pool/pos_rvlcdip_invoice_00350.jpg,rvlcdip_invoice,invoice,1,0.9030,data/raw/pool/pos_rvlcdip_invoice_00350.jpg
data/raw/pool/pos_rvlcdip_invoice_00351.jpg,rvlcdip_invoice,invoice,1,0.9058,data/raw/pool/pos_rvlcdip_invoice_00351.jpg
data/raw/pool/pos_rvlcdip_invoice_00352.jpg,rvlcdip_invoice,invoice,1,0.9066,data/raw/pool/pos_rvlcdip_invoice_00352.jpg
data/raw/pool/pos_rvlcdip_invoice_00353.jpg,rvlcdip_invoice,invoice,1,0.9078,data/raw/pool/pos_rvlcdip_invoice_00353.jpg
data/raw/pool/pos_rvlcdip_invoice_00354.jpg,rvlcdip_invoice,invoice,1,0.9073,data/raw/pool/pos_rvlcdip_invoice_00354.jpg
data/raw/pool/pos_rvlcdip_invoice_00355.jpg,rvlcdip_invoice,invoice,1,0.9060,data/raw/pool/pos_rvlcdip_invoice_00355.jpg
data/raw/pool/pos_rvlcdip_invoice_00356.jpg,rvlcdip_invoice,invoice,1,0.9070,data/raw/pool/pos_rvlcdip_invoice_00356.jpg
data/raw/pool/pos_rvlcdip_invoice_00357.jpg,rvlcdip_invoice,invoice,1,0.9101,data/raw/pool/pos_rvlcdip_invoice_00357.jpg
data/raw/pool/pos_rvlcdip_invoice_00358.jpg,rvlcdip_invoice,invoice,1,0.9073,data/raw/pool/pos_rvlcdip_invoice_00358.jpg
data/raw/pool/pos_rvlcdip_invoice_00359.jpg,rvlcdip_invoice,invoice,1,0.9064,data/raw/pool/pos_rvlcdip_invoice_00359.jpg
data/raw/pool/pos_rvlcdip_invoice_00360.jpg,rvlcdip_invoice,invoice,1,0.9062,data/raw/pool/pos_rvlcdip_invoice_00360.jpg
data/raw/pool/pos_rvlcdip_invoice_00361.jpg,rvlcdip_invoice,invoice,1,0.9086,data/raw/pool/pos_rvlcdip_invoice_00361.jpg
data/raw/pool/pos_rvlcdip_invoice_00362.jpg,rvlcdip_invoice,invoice,1,0.9085,data/raw/pool/pos_rvlcdip_invoice_00362.jpg
data/raw/pool/pos_rvlcdip_invoice_00363.jpg,rvlcdip_invoice,invoice,1,0.9060,data/raw/pool/pos_rvlcdip_invoice_00363.jpg
data/raw/pool/pos_rvlcdip_invoice_00364.jpg,rvlcdip_invoice,invoice,1,0.9059,data/raw/pool/pos_rvlcdip_invoice_00364.jpg
data/raw/pool/pos_rvlcdip_invoice_00365.jpg,rvlcdip_invoice,invoice,1,0.9043,data/raw/pool/pos_rvlcdip_invoice_00365.jpg
data/raw/pool/pos_rvlcdip_invoice_00366.jpg,rvlcdip_invoice,invoice,1,0.9058,data/raw/pool/pos_rvlcdip_invoice_00366.jpg
data/raw/pool/pos_rvlcdip_invoice_00367.jpg,rvlcdip_invoice,invoice,1,0.9064,data/raw/pool/pos_rvlcdip_invoice_00367.jpg
data/raw/pool/pos_rvlcdip_invoice_00368.jpg,rvlcdip_invoice,invoice,1,0.9085,data/raw/pool/pos_rvlcdip_invoice_00368.jpg
data/raw/pool/pos_rvlcdip_invoice_00369.jpg,rvlcdip_invoice,letter,1,0.6855,data/raw/pool/pos_rvlcdip_invoice_00369.jpg
data/raw/pool/pos_rvlcdip_invoice_00370.jpg,rvlcdip_invoice,invoice,1,0.8405,data/raw/pool/pos_rvlcdip_invoice_00370.jpg
data/raw/pool/pos_rvlcdip_invoice_00371.jpg,rvlcdip_invoice,invoice,1,0.9053,data/raw/pool/pos_rvlcdip_invoice_00371.jpg
data/raw/pool/pos_rvlcdip_invoice_00372.jpg,rvlcdip_invoice,invoice,1,0.8964,data/raw/pool/pos_rvlcdip_invoice_00372.jpg
data/raw/pool/pos_rvlcdip_invoice_00373.jpg,rvlcdip_invoice,invoice,1,0.9070,data/raw/pool/pos_rvlcdip_invoice_00373.jpg
data/raw/pool/pos_rvlcdip_invoice_00374.jpg,rvlcdip_invoice,invoice,1,0.9071,data/raw/pool/pos_rvlcdip_invoice_00374.jpg
data/raw/pool/pos_rvlcdip_invoice_00375.jpg,rvlcdip_invoice,invoice,1,0.9060,data/raw/pool/pos_rvlcdip_invoice_00375.jpg
data/raw/pool/pos_rvlcdip_invoice_00376.jpg,rvlcdip_invoice,invoice,1,0.9081,data/raw/pool/pos_rvlcdip_invoice_00376.jpg
data/raw/pool/pos_rvlcdip_invoice_00377.jpg,rvlcdip_invoice,invoice,1,0.9024,data/raw/pool/pos_rvlcdip_invoice_00377.jpg
data/raw/pool/pos_rvlcdip_invoice_00378.jpg,rvlcdip_invoice,invoice,1,0.9086,data/raw/pool/pos_rvlcdip_invoice_00378.jpg
data/raw/pool/pos_rvlcdip_invoice_00379.jpg,rvlcdip_invoice,invoice,1,0.9056,data/raw/pool/pos_rvlcdip_invoice_00379.jpg
data/raw/pool/pos_rvlcdip_invoice_00380.jpg,rvlcdip_invoice,invoice,1,0.9087,data/raw/pool/pos_rvlcdip_invoice_00380.jpg
data/raw/pool/pos_rvlcdip_invoice_00381.jpg,rvlcdip_invoice,invoice,1,0.9082,data/raw/pool/pos_rvlcdip_invoice_00381.jpg
data/raw/pool/pos_rvlcdip_invoice_00382.jpg,rvlcdip_invoice,invoice,1,0.9074,data/raw/pool/pos_rvlcdip_invoice_00382.jpg
data/raw/pool/pos_rvlcdip_invoice_00383.jpg,rvlcdip_invoice,invoice,1,0.9085,data/raw/pool/pos_rvlcdip_invoice_00383.jpg
data/raw/pool/pos_rvlcdip_invoice_00384.jpg,rvlcdip_invoice,invoice,1,0.9082,data/raw/pool/pos_rvlcdip_invoice_00384.jpg
data/raw/pool/pos_rvlcdip_invoice_00385.jpg,rvlcdip_invoice,invoice,1,0.9076,data/raw/pool/pos_rvlcdip_invoice_00385.jpg
data/raw/pool/pos_rvlcdip_invoice_00386.jpg,rvlcdip_invoice,invoice,1,0.8886,data/raw/pool/pos_rvlcdip_invoice_00386.jpg
data/raw/pool/pos_rvlcdip_invoice_00387.jpg,rvlcdip_invoice,invoice,1,0.9052,data/raw/pool/pos_rvlcdip_invoice_00387.jpg
data/raw/pool/pos_rvlcdip_invoice_00388.jpg,rvlcdip_invoice,invoice,1,0.9065,data/raw/pool/pos_rvlcdip_invoice_00388.jpg
data/raw/pool/pos_rvlcdip_invoice_00389.jpg,rvlcdip_invoice,invoice,1,0.9047,data/raw/pool/pos_rvlcdip_invoice_00389.jpg
data/raw/pool/pos_rvlcdip_invoice_00390.jpg,rvlcdip_invoice,invoice,1,0.9039,data/raw/pool/pos_rvlcdip_invoice_00390.jpg
data/raw/pool/pos_rvlcdip_invoice_00391.jpg,rvlcdip_invoice,invoice,1,0.9057,data/raw/pool/pos_rvlcdip_invoice_00391.jpg
data/raw/pool/pos_rvlcdip_invoice_00392.jpg,rvlcdip_invoice,invoice,1,0.9067,data/raw/pool/pos_rvlcdip_invoice_00392.jpg
data/raw/pool/pos_rvlcdip_invoice_00393.jpg,rvlcdip_invoice,invoice,1,0.9033,data/raw/pool/pos_rvlcdip_invoice_00393.jpg
data/raw/pool/pos_rvlcdip_invoice_00394.jpg,rvlcdip_invoice,invoice,1,0.9049,data/raw/pool/pos_rvlcdip_invoice_00394.jpg
data/raw/pool/pos_rvlcdip_invoice_00395.jpg,rvlcdip_invoice,invoice,1,0.8949,data/raw/pool/pos_rvlcdip_invoice_00395.jpg
data/raw/pool/pos_rvlcdip_invoice_00396.jpg,rvlcdip_invoice,invoice,1,0.9083,data/raw/pool/pos_rvlcdip_invoice_00396.jpg
data/raw/pool/pos_rvlcdip_invoice_00397.jpg,rvlcdip_invoice,invoice,1,0.9061,data/raw/pool/pos_rvlcdip_invoice_00397.jpg
data/raw/pool/pos_rvlcdip_invoice_00398.jpg,rvlcdip_invoice,invoice,1,0.9056,data/raw/pool/pos_rvlcdip_invoice_00398.jpg
data/raw/pool/pos_rvlcdip_invoice_00399.jpg,rvlcdip_invoice,invoice,1,0.9046,data/raw/pool/pos_rvlcdip_invoice_00399.jpg
data/raw/pool/pos_rvlcdip_invoice_00400.jpg,rvlcdip_invoice,invoice,1,0.9071,data/raw/pool/pos_rvlcdip_invoice_00400.jpg
data/raw/pool/pos_rvlcdip_invoice_00401.jpg,rvlcdip_invoice,invoice,1,0.9042,data/raw/pool/pos_rvlcdip_invoice_00401.jpg
data/raw/pool/pos_rvlcdip_invoice_00402.jpg,rvlcdip_invoice,invoice,1,0.9080,data/raw/pool/pos_rvlcdip_invoice_00402.jpg
data/raw/pool/pos_rvlcdip_invoice_00403.jpg,rvlcdip_invoice,invoice,1,0.9042,data/raw/pool/pos_rvlcdip_invoice_00403.jpg
data/raw/pool/pos_rvlcdip_invoice_00404.jpg,rvlcdip_invoice,invoice,1,0.9062,data/raw/pool/pos_rvlcdip_invoice_00404.jpg
data/raw/pool/pos_rvlcdip_invoice_00405.jpg,rvlcdip_invoice,invoice,1,0.9073,data/raw/pool/pos_rvlcdip_invoice_00405.jpg
data/raw/pool/pos_rvlcdip_invoice_00406.jpg,rvlcdip_invoice,invoice,1,0.9070,data/raw/pool/pos_rvlcdip_invoice_00406.jpg
data/raw/pool/pos_rvlcdip_invoice_00407.jpg,rvlcdip_invoice,invoice,1,0.9071,data/raw/pool/pos_rvlcdip_invoice_00407.jpg
data/raw/pool/pos_rvlcdip_invoice_00408.jpg,rvlcdip_invoice,invoice,1,0.9026,data/raw/pool/pos_rvlcdip_invoice_00408.jpg
data/raw/pool/pos_rvlcdip_invoice_00409.jpg,rvlcdip_invoice,invoice,1,0.9076,data/raw/pool/pos_rvlcdip_invoice_00409.jpg
data/raw/pool/pos_rvlcdip_invoice_00410.jpg,rvlcdip_invoice,invoice,1,0.9080,data/raw/pool/pos_rvlcdip_invoice_00410.jpg
data/raw/pool/pos_rvlcdip_invoice_00411.jpg,rvlcdip_invoice,invoice,1,0.9068,data/raw/pool/pos_rvlcdip_invoice_00411.jpg
data/raw/pool/pos_rvlcdip_invoice_00412.jpg,rvlcdip_invoice,invoice,1,0.9061,data/raw/pool/pos_rvlcdip_invoice_00412.jpg
data/raw/pool/pos_rvlcdip_invoice_00413.jpg,rvlcdip_invoice,invoice,1,0.9065,data/raw/pool/pos_rvlcdip_invoice_00413.jpg
data/raw/pool/pos_rvlcdip_invoice_00414.jpg,rvlcdip_invoice,invoice,1,0.9073,data/raw/pool/pos_rvlcdip_invoice_00414.jpg
data/raw/pool/pos_rvlcdip_invoice_00415.jpg,rvlcdip_invoice,invoice,1,0.8996,data/raw/pool/pos_rvlcdip_invoice_00415.jpg
data/raw/pool/pos_rvlcdip_invoice_00416.jpg,rvlcdip_invoice,invoice,1,0.9087,data/raw/pool/pos_rvlcdip_invoice_00416.jpg
data/raw/pool/pos_rvlcdip_invoice_00417.jpg,rvlcdip_invoice,invoice,1,0.9067,data/raw/pool/pos_rvlcdip_invoice_00417.jpg
data/raw/pool/pos_rvlcdip_invoice_00418.jpg,rvlcdip_invoice,invoice,1,0.9076,data/raw/pool/pos_rvlcdip_invoice_00418.jpg
data/raw/pool/pos_rvlcdip_invoice_00419.jpg,rvlcdip_invoice,invoice,1,0.9058,data/raw/pool/pos_rvlcdip_invoice_00419.jpg
data/raw/pool/pos_rvlcdip_invoice_00420.jpg,rvlcdip_invoice,invoice,1,0.7426,data/raw/pool/pos_rvlcdip_invoice_00420.jpg
data/raw/pool/pos_rvlcdip_invoice_00421.jpg,rvlcdip_invoice,invoice,1,0.9075,data/raw/pool/pos_rvlcdip_invoice_00421.jpg
data/raw/pool/pos_rvlcdip_invoice_00422.jpg,rvlcdip_invoice,invoice,1,0.9083,data/raw/pool/pos_rvlcdip_invoice_00422.jpg
data/raw/pool/pos_rvlcdip_invoice_00423.jpg,rvlcdip_invoice,invoice,1,0.9068,data/raw/pool/pos_rvlcdip_invoice_00423.jpg
data/raw/pool/pos_rvlcdip_invoice_00424.jpg,rvlcdip_invoice,invoice,1,0.8986,data/raw/pool/pos_rvlcdip_invoice_00424.jpg
data/raw/pool/pos_rvlcdip_invoice_00425.jpg,rvlcdip_invoice,invoice,1,0.6148,data/raw/pool/pos_rvlcdip_invoice_00425.jpg
data/raw/pool/pos_rvlcdip_invoice_00426.jpg,rvlcdip_invoice,invoice,1,0.4181,data/raw/pool/pos_rvlcdip_invoice_00426.jpg
data/raw/pool/pos_rvlcdip_invoice_00427.jpg,rvlcdip_invoice,invoice,1,0.9054,data/raw/pool/pos_rvlcdip_invoice_00427.jpg
data/raw/pool/pos_rvlcdip_invoice_00428.jpg,rvlcdip_invoice,invoice,1,0.9062,data/raw/pool/pos_rvlcdip_invoice_00428.jpg
data/raw/pool/pos_rvlcdip_invoice_00429.jpg,rvlcdip_invoice,invoice,1,0.8941,data/raw/pool/pos_rvlcdip_invoice_00429.jpg
data/raw/pool/pos_rvlcdip_invoice_00430.jpg,rvlcdip_invoice,invoice,1,0.9078,data/raw/pool/pos_rvlcdip_invoice_00430.jpg
data/raw/pool/pos_rvlcdip_invoice_00431.jpg,rvlcdip_invoice,invoice,1,0.9068,data/raw/pool/pos_rvlcdip_invoice_00431.jpg
data/raw/pool/pos_rvlcdip_invoice_00432.jpg,rvlcdip_invoice,invoice,1,0.9047,data/raw/pool/pos_rvlcdip_invoice_00432.jpg
data/raw/pool/pos_rvlcdip_invoice_00433.jpg,rvlcdip_invoice,invoice,1,0.8059,data/raw/pool/pos_rvlcdip_invoice_00433.jpg
data/raw/pool/pos_rvlcdip_invoice_00434.jpg,rvlcdip_invoice,invoice,1,0.9055,data/raw/pool/pos_rvlcdip_invoice_00434.jpg
data/raw/pool/pos_rvlcdip_invoice_00435.jpg,rvlcdip_invoice,invoice,1,0.9063,data/raw/pool/pos_rvlcdip_invoice_00435.jpg
data/raw/pool/pos_rvlcdip_invoice_00436.jpg,rvlcdip_invoice,invoice,1,0.9066,data/raw/pool/pos_rvlcdip_invoice_00436.jpg
data/raw/pool/pos_rvlcdip_invoice_00437.jpg,rvlcdip_invoice,invoice,1,0.9060,data/raw/pool/pos_rvlcdip_invoice_00437.jpg
data/raw/pool/pos_rvlcdip_invoice_00438.jpg,rvlcdip_invoice,invoice,1,0.9026,data/raw/pool/pos_rvlcdip_invoice_00438.jpg
data/raw/pool/pos_rvlcdip_invoice_00439.jpg,rvlcdip_invoice,invoice,1,0.9086,data/raw/pool/pos_rvlcdip_invoice_00439.jpg
data/raw/pool/pos_rvlcdip_invoice_00440.jpg,rvlcdip_invoice,invoice,1,0.9058,data/raw/pool/pos_rvlcdip_invoice_00440.jpg
data/raw/pool/pos_rvlcdip_invoice_00441.jpg,rvlcdip_invoice,invoice,1,0.9070,data/raw/pool/pos_rvlcdip_invoice_00441.jpg
data/raw/pool/pos_rvlcdip_invoice_00442.jpg,rvlcdip_invoice,invoice,1,0.9070,data/raw/pool/pos_rvlcdip_invoice_00442.jpg
data/raw/pool/pos_rvlcdip_invoice_00443.jpg,rvlcdip_invoice,invoice,1,0.9069,data/raw/pool/pos_rvlcdip_invoice_00443.jpg
data/raw/pool/pos_rvlcdip_invoice_00444.jpg,rvlcdip_invoice,invoice,1,0.9061,data/raw/pool/pos_rvlcdip_invoice_00444.jpg
data/raw/pool/pos_rvlcdip_invoice_00445.jpg,rvlcdip_invoice,invoice,1,0.9046,data/raw/pool/pos_rvlcdip_invoice_00445.jpg
data/raw/pool/pos_rvlcdip_invoice_00446.jpg,rvlcdip_invoice,invoice,1,0.9037,data/raw/pool/pos_rvlcdip_invoice_00446.jpg
data/raw/pool/pos_rvlcdip_invoice_00447.jpg,rvlcdip_invoice,invoice,1,0.9019,data/raw/pool/pos_rvlcdip_invoice_00447.jpg
data/raw/pool/pos_rvlcdip_invoice_00448.jpg,rvlcdip_invoice,invoice,1,0.8953,data/raw/pool/pos_rvlcdip_invoice_00448.jpg
data/raw/pool/pos_rvlcdip_invoice_00449.jpg,rvlcdip_invoice,invoice,1,0.9080,data/raw/pool/pos_rvlcdip_invoice_00449.jpg
data/raw/pool/pos_rvlcdip_invoice_00450.jpg,rvlcdip_invoice,invoice,1,0.9065,data/raw/pool/pos_rvlcdip_invoice_00450.jpg
data/raw/pool/pos_rvlcdip_invoice_00451.jpg,rvlcdip_invoice,invoice,1,0.9048,data/raw/pool/pos_rvlcdip_invoice_00451.jpg
data/raw/pool/pos_rvlcdip_invoice_00452.jpg,rvlcdip_invoice,invoice,1,0.8966,data/raw/pool/pos_rvlcdip_invoice_00452.jpg
data/raw/pool/pos_rvlcdip_invoice_00453.jpg,rvlcdip_invoice,invoice,1,0.9085,data/raw/pool/pos_rvlcdip_invoice_00453.jpg
data/raw/pool/pos_rvlcdip_invoice_00454.jpg,rvlcdip_invoice,invoice,1,0.9078,data/raw/pool/pos_rvlcdip_invoice_00454.jpg
data/raw/pool/pos_rvlcdip_invoice_00455.jpg,rvlcdip_invoice,invoice,1,0.9081,data/raw/pool/pos_rvlcdip_invoice_00455.jpg
data/raw/pool/pos_rvlcdip_invoice_00456.jpg,rvlcdip_invoice,invoice,1,0.9074,data/raw/pool/pos_rvlcdip_invoice_00456.jpg
data/raw/pool/pos_rvlcdip_invoice_00457.jpg,rvlcdip_invoice,invoice,1,0.9017,data/raw/pool/pos_rvlcdip_invoice_00457.jpg
data/raw/pool/pos_rvlcdip_invoice_00458.jpg,rvlcdip_invoice,invoice,1,0.9005,data/raw/pool/pos_rvlcdip_invoice_00458.jpg
data/raw/pool/pos_rvlcdip_invoice_00459.jpg,rvlcdip_invoice,invoice,1,0.9072,data/raw/pool/pos_rvlcdip_invoice_00459.jpg
data/raw/pool/pos_rvlcdip_invoice_00460.jpg,rvlcdip_invoice,invoice,1,0.9078,data/raw/pool/pos_rvlcdip_invoice_00460.jpg
data/raw/pool/pos_rvlcdip_invoice_00461.jpg,rvlcdip_invoice,invoice,1,0.9041,data/raw/pool/pos_rvlcdip_invoice_00461.jpg
data/raw/pool/pos_rvlcdip_invoice_00462.jpg,rvlcdip_invoice,invoice,1,0.9048,data/raw/pool/pos_rvlcdip_invoice_00462.jpg
data/raw/pool/pos_rvlcdip_invoice_00463.jpg,rvlcdip_invoice,invoice,1,0.9073,data/raw/pool/pos_rvlcdip_invoice_00463.jpg
data/raw/pool/pos_rvlcdip_invoice_00464.jpg,rvlcdip_invoice,form,1,0.3414,data/raw/pool/pos_rvlcdip_invoice_00464.jpg
data/raw/pool/pos_rvlcdip_invoice_00465.jpg,rvlcdip_invoice,invoice,1,0.9064,data/raw/pool/pos_rvlcdip_invoice_00465.jpg
data/raw/pool/pos_rvlcdip_invoice_00466.jpg,rvlcdip_invoice,invoice,1,0.9063,data/raw/pool/pos_rvlcdip_invoice_00466.jpg
data/raw/pool/pos_rvlcdip_invoice_00467.jpg,rvlcdip_invoice,invoice,1,0.9072,data/raw/pool/pos_rvlcdip_invoice_00467.jpg
data/raw/pool/pos_rvlcdip_invoice_00468.jpg,rvlcdip_invoice,invoice,1,0.9090,data/raw/pool/pos_rvlcdip_invoice_00468.jpg
data/raw/pool/pos_rvlcdip_invoice_00469.jpg,rvlcdip_invoice,invoice,1,0.8465,data/raw/pool/pos_rvlcdip_invoice_00469.jpg
data/raw/pool/pos_rvlcdip_invoice_00470.jpg,rvlcdip_invoice,invoice,1,0.9044,data/raw/pool/pos_rvlcdip_invoice_00470.jpg
data/raw/pool/pos_rvlcdip_invoice_00471.jpg,rvlcdip_invoice,invoice,1,0.9084,data/raw/pool/pos_rvlcdip_invoice_00471.jpg
data/raw/pool/pos_rvlcdip_invoice_00472.jpg,rvlcdip_invoice,invoice,1,0.9067,data/raw/pool/pos_rvlcdip_invoice_00472.jpg
data/raw/pool/pos_rvlcdip_invoice_00473.jpg,rvlcdip_invoice,form,1,0.5830,data/raw/pool/pos_rvlcdip_invoice_00473.jpg
data/raw/pool/pos_rvlcdip_invoice_00474.jpg,rvlcdip_invoice,invoice,1,0.9052,data/raw/pool/pos_rvlcdip_invoice_00474.jpg
data/raw/pool/pos_rvlcdip_invoice_00475.jpg,rvlcdip_invoice,invoice,1,0.9074,data/raw/pool/pos_rvlcdip_invoice_00475.jpg
data/raw/pool/pos_rvlcdip_invoice_00476.jpg,rvlcdip_invoice,invoice,1,0.9082,data/raw/pool/pos_rvlcdip_invoice_00476.jpg
data/raw/pool/pos_rvlcdip_invoice_00477.jpg,rvlcdip_invoice,invoice,1,0.9068,data/raw/pool/pos_rvlcdip_invoice_00477.jpg
data/raw/pool/pos_rvlcdip_invoice_00478.jpg,rvlcdip_invoice,invoice,1,0.9051,data/raw/pool/pos_rvlcdip_invoice_00478.jpg
data/raw/pool/pos_rvlcdip_invoice_00479.jpg,rvlcdip_invoice,invoice,1,0.9044,data/raw/pool/pos_rvlcdip_invoice_00479.jpg
data/raw/pool/pos_rvlcdip_invoice_00480.jpg,rvlcdip_invoice,invoice,1,0.9068,data/raw/pool/pos_rvlcdip_invoice_00480.jpg
data/raw/pool/pos_rvlcdip_invoice_00481.jpg,rvlcdip_invoice,invoice,1,0.9091,data/raw/pool/pos_rvlcdip_invoice_00481.jpg
data/raw/pool/pos_rvlcdip_invoice_00482.jpg,rvlcdip_invoice,invoice,1,0.9061,data/raw/pool/pos_rvlcdip_invoice_00482.jpg
data/raw/pool/pos_rvlcdip_invoice_00483.jpg,rvlcdip_invoice,invoice,1,0.9079,data/raw/pool/pos_rvlcdip_invoice_00483.jpg
data/raw/pool/pos_rvlcdip_invoice_00484.jpg,rvlcdip_invoice,invoice,1,0.9034,data/raw/pool/pos_rvlcdip_invoice_00484.jpg
data/raw/pool/pos_rvlcdip_invoice_00485.jpg,rvlcdip_invoice,invoice,1,0.9032,data/raw/pool/pos_rvlcdip_invoice_00485.jpg
data/raw/pool/pos_rvlcdip_invoice_00486.jpg,rvlcdip_invoice,invoice,1,0.9069,data/raw/pool/pos_rvlcdip_invoice_00486.jpg
data/raw/pool/pos_rvlcdip_invoice_00487.jpg,rvlcdip_invoice,invoice,1,0.9066,data/raw/pool/pos_rvlcdip_invoice_00487.jpg
data/raw/pool/pos_rvlcdip_invoice_00488.jpg,rvlcdip_invoice,invoice,1,0.8999,data/raw/pool/pos_rvlcdip_invoice_00488.jpg
data/raw/pool/pos_rvlcdip_invoice_00489.jpg,rvlcdip_invoice,invoice,1,0.9075,data/raw/pool/pos_rvlcdip_invoice_00489.jpg
data/raw/pool/pos_rvlcdip_invoice_00490.jpg,rvlcdip_invoice,invoice,1,0.8712,data/raw/pool/pos_rvlcdip_invoice_00490.jpg
data/raw/pool/pos_rvlcdip_invoice_00491.jpg,rvlcdip_invoice,invoice,1,0.9081,data/raw/pool/pos_rvlcdip_invoice_00491.jpg
data/raw/pool/pos_rvlcdip_invoice_00492.jpg,rvlcdip_invoice,invoice,1,0.9060,data/raw/pool/pos_rvlcdip_invoice_00492.jpg
data/raw/pool/pos_rvlcdip_invoice_00493.jpg,rvlcdip_invoice,invoice,1,0.9060,data/raw/pool/pos_rvlcdip_invoice_00493.jpg
data/raw/pool/pos_rvlcdip_invoice_00494.jpg,rvlcdip_invoice,invoice,1,0.9025,data/raw/pool/pos_rvlcdip_invoice_00494.jpg
data/raw/pool/pos_rvlcdip_invoice_00495.jpg,rvlcdip_invoice,invoice,1,0.9025,data/raw/pool/pos_rvlcdip_invoice_00495.jpg
data/raw/pool/pos_rvlcdip_invoice_00496.jpg,rvlcdip_invoice,invoice,1,0.9076,data/raw/pool/pos_rvlcdip_invoice_00496.jpg
data/raw/pool/pos_rvlcdip_invoice_00497.jpg,rvlcdip_invoice,invoice,1,0.9074,data/raw/pool/pos_rvlcdip_invoice_00497.jpg
data/raw/pool/pos_rvlcdip_invoice_00498.jpg,rvlcdip_invoice,invoice,1,0.9063,data/raw/pool/pos_rvlcdip_invoice_00498.jpg
data/raw/pool/pos_rvlcdip_invoice_00499.jpg,rvlcdip_invoice,invoice,1,0.9069,data/raw/pool/pos_rvlcdip_invoice_00499.jpg
data/raw/pool/pos_rvlcdip_invoice_00500.jpg,rvlcdip_invoice,invoice,1,0.9070,data/raw/pool/pos_rvlcdip_invoice_00500.jpg
data/raw/pool/pos_rvlcdip_invoice_00501.jpg,rvlcdip_invoice,invoice,1,0.9042,data/raw/pool/pos_rvlcdip_invoice_00501.jpg
data/raw/pool/pos_rvlcdip_invoice_00502.jpg,rvlcdip_invoice,invoice,1,0.9067,data/raw/pool/pos_rvlcdip_invoice_00502.jpg
data/raw/pool/pos_rvlcdip_invoice_00503.jpg,rvlcdip_invoice,invoice,1,0.9032,data/raw/pool/pos_rvlcdip_invoice_00503.jpg
data/raw/pool/pos_rvlcdip_invoice_00504.jpg,rvlcdip_invoice,letter,1,0.4180,data/raw/pool/pos_rvlcdip_invoice_00504.jpg
data/raw/pool/pos_rvlcdip_invoice_00505.jpg,rvlcdip_invoice,invoice,1,0.7786,data/raw/pool/pos_rvlcdip_invoice_00505.jpg
data/raw/pool/pos_rvlcdip_invoice_00506.jpg,rvlcdip_invoice,invoice,1,0.7764,data/raw/pool/pos_rvlcdip_invoice_00506.jpg
data/raw/pool/pos_rvlcdip_invoice_00507.jpg,rvlcdip_invoice,invoice,1,0.9069,data/raw/pool/pos_rvlcdip_invoice_00507.jpg
data/raw/pool/pos_rvlcdip_invoice_00508.jpg,rvlcdip_invoice,invoice,1,0.7649,data/raw/pool/pos_rvlcdip_invoice_00508.jpg
data/raw/pool/pos_rvlcdip_invoice_00509.jpg,rvlcdip_invoice,invoice,1,0.8400,data/raw/pool/pos_rvlcdip_invoice_00509.jpg
data/raw/pool/pos_rvlcdip_invoice_00510.jpg,rvlcdip_invoice,invoice,1,0.9077,data/raw/pool/pos_rvlcdip_invoice_00510.jpg
data/raw/pool/pos_rvlcdip_invoice_00511.jpg,rvlcdip_invoice,invoice,1,0.8537,data/raw/pool/pos_rvlcdip_invoice_00511.jpg
data/raw/pool/pos_rvlcdip_invoice_00512.jpg,rvlcdip_invoice,invoice,1,0.9070,data/raw/pool/pos_rvlcdip_invoice_00512.jpg
data/raw/pool/pos_rvlcdip_invoice_00513.jpg,rvlcdip_invoice,invoice,1,0.9078,data/raw/pool/pos_rvlcdip_invoice_00513.jpg
data/raw/pool/pos_rvlcdip_invoice_00514.jpg,rvlcdip_invoice,invoice,1,0.9051,data/raw/pool/pos_rvlcdip_invoice_00514.jpg
data/raw/pool/pos_rvlcdip_invoice_00515.jpg,rvlcdip_invoice,invoice,1,0.9050,data/raw/pool/pos_rvlcdip_invoice_00515.jpg
data/raw/pool/pos_rvlcdip_invoice_00516.jpg,rvlcdip_invoice,invoice,1,0.9075,data/raw/pool/pos_rvlcdip_invoice_00516.jpg
data/raw/pool/pos_rvlcdip_invoice_00517.jpg,rvlcdip_invoice,invoice,1,0.9028,data/raw/pool/pos_rvlcdip_invoice_00517.jpg
data/raw/pool/pos_rvlcdip_invoice_00518.jpg,rvlcdip_invoice,invoice,1,0.9058,data/raw/pool/pos_rvlcdip_invoice_00518.jpg
data/raw/pool/pos_rvlcdip_invoice_00519.jpg,rvlcdip_invoice,invoice,1,0.9057,data/raw/pool/pos_rvlcdip_invoice_00519.jpg
data/raw/pool/pos_rvlcdip_invoice_00520.jpg,rvlcdip_invoice,invoice,1,0.9049,data/raw/pool/pos_rvlcdip_invoice_00520.jpg
data/raw/pool/pos_rvlcdip_invoice_00521.jpg,rvlcdip_invoice,invoice,1,0.9052,data/raw/pool/pos_rvlcdip_invoice_00521.jpg
data/raw/pool/pos_rvlcdip_invoice_00522.jpg,rvlcdip_invoice,invoice,1,0.8984,data/raw/pool/pos_rvlcdip_invoice_00522.jpg
data/raw/pool/pos_rvlcdip_invoice_00523.jpg,rvlcdip_invoice,invoice,1,0.9063,data/raw/pool/pos_rvlcdip_invoice_00523.jpg
data/raw/pool/pos_rvlcdip_invoice_00524.jpg,rvlcdip_invoice,invoice,1,0.9058,data/raw/pool/pos_rvlcdip_invoice_00524.jpg
data/raw/pool/pos_rvlcdip_invoice_00525.jpg,rvlcdip_invoice,invoice,1,0.9081,data/raw/pool/pos_rvlcdip_invoice_00525.jpg
data/raw/pool/pos_rvlcdip_invoice_00526.jpg,rvlcdip_invoice,invoice,1,0.9002,data/raw/pool/pos_rvlcdip_invoice_00526.jpg
data/raw/pool/pos_rvlcdip_invoice_00527.jpg,rvlcdip_invoice,invoice,1,0.9055,data/raw/pool/pos_rvlcdip_invoice_00527.jpg
data/raw/pool/pos_rvlcdip_invoice_00528.jpg,rvlcdip_invoice,invoice,1,0.9013,data/raw/pool/pos_rvlcdip_invoice_00528.jpg
data/raw/pool/pos_rvlcdip_invoice_00529.jpg,rvlcdip_invoice,invoice,1,0.9062,data/raw/pool/pos_rvlcdip_invoice_00529.jpg
data/raw/pool/pos_rvlcdip_invoice_00530.jpg,rvlcdip_invoice,invoice,1,0.9070,data/raw/pool/pos_rvlcdip_invoice_00530.jpg
data/raw/pool/pos_rvlcdip_invoice_00531.jpg,rvlcdip_invoice,invoice,1,0.9027,data/raw/pool/pos_rvlcdip_invoice_00531.jpg
data/raw/pool/pos_rvlcdip_invoice_00532.jpg,rvlcdip_invoice,invoice,1,0.9061,data/raw/pool/pos_rvlcdip_invoice_00532.jpg
data/raw/pool/pos_rvlcdip_invoice_00533.jpg,rvlcdip_invoice,invoice,1,0.9075,data/raw/pool/pos_rvlcdip_invoice_00533.jpg
data/raw/pool/pos_rvlcdip_invoice_00534.jpg,rvlcdip_invoice,invoice,1,0.9070,data/raw/pool/pos_rvlcdip_invoice_00534.jpg
data/raw/pool/pos_rvlcdip_invoice_00535.jpg,rvlcdip_invoice,invoice,1,0.9004,data/raw/pool/pos_rvlcdip_invoice_00535.jpg
data/raw/pool/pos_rvlcdip_invoice_00536.jpg,rvlcdip_invoice,invoice,1,0.9062,data/raw/pool/pos_rvlcdip_invoice_00536.jpg
data/raw/pool/pos_rvlcdip_invoice_00537.jpg,rvlcdip_invoice,invoice,1,0.9067,data/raw/pool/pos_rvlcdip_invoice_00537.jpg
data/raw/pool/pos_rvlcdip_invoice_00538.jpg,rvlcdip_invoice,invoice,1,0.9058,data/raw/pool/pos_rvlcdip_invoice_00538.jpg
data/raw/pool/pos_rvlcdip_invoice_00539.jpg,rvlcdip_invoice,invoice,1,0.9066,data/raw/pool/pos_rvlcdip_invoice_00539.jpg
data/raw/pool/pos_rvlcdip_invoice_00540.jpg,rvlcdip_invoice,invoice,1,0.9078,data/raw/pool/pos_rvlcdip_invoice_00540.jpg
data/raw/pool/pos_rvlcdip_invoice_00541.jpg,rvlcdip_invoice,invoice,1,0.9074,data/raw/pool/pos_rvlcdip_invoice_00541.jpg
data/raw/pool/pos_rvlcdip_invoice_00542.jpg,rvlcdip_invoice,invoice,1,0.9046,data/raw/pool/pos_rvlcdip_invoice_00542.jpg
data/raw/pool/pos_rvlcdip_invoice_00543.jpg,rvlcdip_invoice,invoice,1,0.8965,data/raw/pool/pos_rvlcdip_invoice_00543.jpg
data/raw/pool/pos_rvlcdip_invoice_00544.jpg,rvlcdip_invoice,invoice,1,0.9075,data/raw/pool/pos_rvlcdip_invoice_00544.jpg
data/raw/pool/pos_rvlcdip_invoice_00545.jpg,rvlcdip_invoice,invoice,1,0.8927,data/raw/pool/pos_rvlcdip_invoice_00545.jpg
data/raw/pool/pos_rvlcdip_invoice_00546.jpg,rvlcdip_invoice,invoice,1,0.9086,data/raw/pool/pos_rvlcdip_invoice_00546.jpg
data/raw/pool/pos_rvlcdip_invoice_00547.jpg,rvlcdip_invoice,form,1,0.5151,data/raw/pool/pos_rvlcdip_invoice_00547.jpg
data/raw/pool/pos_rvlcdip_invoice_00548.jpg,rvlcdip_invoice,invoice,1,0.9073,data/raw/pool/pos_rvlcdip_invoice_00548.jpg
data/raw/pool/pos_rvlcdip_invoice_00549.jpg,rvlcdip_invoice,invoice,1,0.9091,data/raw/pool/pos_rvlcdip_invoice_00549.jpg
data/raw/pool/pos_rvlcdip_invoice_00550.jpg,rvlcdip_invoice,invoice,1,0.9065,data/raw/pool/pos_rvlcdip_invoice_00550.jpg
data/raw/pool/pos_rvlcdip_invoice_00551.jpg,rvlcdip_invoice,invoice,1,0.9072,data/raw/pool/pos_rvlcdip_invoice_00551.jpg
data/raw/pool/pos_rvlcdip_invoice_00552.jpg,rvlcdip_invoice,handwritten,1,0.7264,data/raw/pool/pos_rvlcdip_invoice_00552.jpg
data/raw/pool/pos_rvlcdip_invoice_00553.jpg,rvlcdip_invoice,invoice,1,0.8945,data/raw/pool/pos_rvlcdip_invoice_00553.jpg
data/raw/pool/pos_rvlcdip_invoice_00554.jpg,rvlcdip_invoice,invoice,1,0.9083,data/raw/pool/pos_rvlcdip_invoice_00554.jpg
data/raw/pool/pos_rvlcdip_invoice_00555.jpg,rvlcdip_invoice,invoice,1,0.9070,data/raw/pool/pos_rvlcdip_invoice_00555.jpg
data/raw/pool/pos_rvlcdip_invoice_00556.jpg,rvlcdip_invoice,invoice,1,0.9047,data/raw/pool/pos_rvlcdip_invoice_00556.jpg
data/raw/pool/pos_rvlcdip_invoice_00557.jpg,rvlcdip_invoice,invoice,1,0.9078,data/raw/pool/pos_rvlcdip_invoice_00557.jpg
data/raw/pool/pos_rvlcdip_invoice_00558.jpg,rvlcdip_invoice,invoice,1,0.9062,data/raw/pool/pos_rvlcdip_invoice_00558.jpg
data/raw/pool/pos_rvlcdip_invoice_00559.jpg,rvlcdip_invoice,invoice,1,0.9061,data/raw/pool/pos_rvlcdip_invoice_00559.jpg
data/raw/pool/pos_rvlcdip_invoice_00560.jpg,rvlcdip_invoice,invoice,1,0.9045,data/raw/pool/pos_rvlcdip_invoice_00560.jpg
data/raw/pool/pos_rvlcdip_invoice_00561.jpg,rvlcdip_invoice,invoice,1,0.9062,data/raw/pool/pos_rvlcdip_invoice_00561.jpg
data/raw/pool/pos_rvlcdip_invoice_00562.jpg,rvlcdip_invoice,invoice,1,0.9083,data/raw/pool/pos_rvlcdip_invoice_00562.jpg
data/raw/pool/pos_rvlcdip_invoice_00563.jpg,rvlcdip_invoice,invoice,1,0.9041,data/raw/pool/pos_rvlcdip_invoice_00563.jpg
data/raw/pool/pos_rvlcdip_invoice_00564.jpg,rvlcdip_invoice,invoice,1,0.9037,data/raw/pool/pos_rvlcdip_invoice_00564.jpg
data/raw/pool/pos_rvlcdip_invoice_00565.jpg,rvlcdip_invoice,invoice,1,0.9073,data/raw/pool/pos_rvlcdip_invoice_00565.jpg
data/raw/pool/pos_rvlcdip_invoice_00566.jpg,rvlcdip_invoice,invoice,1,0.9065,data/raw/pool/pos_rvlcdip_invoice_00566.jpg
data/raw/pool/pos_rvlcdip_invoice_00567.jpg,rvlcdip_invoice,invoice,1,0.9009,data/raw/pool/pos_rvlcdip_invoice_00567.jpg
data/raw/pool/pos_rvlcdip_invoice_00568.jpg,rvlcdip_invoice,invoice,1,0.9075,data/raw/pool/pos_rvlcdip_invoice_00568.jpg
data/raw/pool/pos_rvlcdip_invoice_00569.jpg,rvlcdip_invoice,invoice,1,0.9068,data/raw/pool/pos_rvlcdip_invoice_00569.jpg
data/raw/pool/pos_rvlcdip_invoice_00570.jpg,rvlcdip_invoice,invoice,1,0.9071,data/raw/pool/pos_rvlcdip_invoice_00570.jpg
data/raw/pool/pos_rvlcdip_invoice_00571.jpg,rvlcdip_invoice,invoice,1,0.9056,data/raw/pool/pos_rvlcdip_invoice_00571.jpg
data/raw/pool/pos_rvlcdip_invoice_00572.jpg,rvlcdip_invoice,invoice,1,0.9074,data/raw/pool/pos_rvlcdip_invoice_00572.jpg
data/raw/pool/pos_rvlcdip_invoice_00573.jpg,rvlcdip_invoice,invoice,1,0.9077,data/raw/pool/pos_rvlcdip_invoice_00573.jpg
data/raw/pool/pos_rvlcdip_invoice_00574.jpg,rvlcdip_invoice,invoice,1,0.9058,data/raw/pool/pos_rvlcdip_invoice_00574.jpg
data/raw/pool/pos_rvlcdip_invoice_00575.jpg,rvlcdip_invoice,invoice,1,0.9023,data/raw/pool/pos_rvlcdip_invoice_00575.jpg
data/raw/pool/pos_rvlcdip_invoice_00576.jpg,rvlcdip_invoice,invoice,1,0.9076,data/raw/pool/pos_rvlcdip_invoice_00576.jpg
data/raw/pool/pos_rvlcdip_invoice_00577.jpg,rvlcdip_invoice,invoice,1,0.9071,data/raw/pool/pos_rvlcdip_invoice_00577.jpg
data/raw/pool/pos_rvlcdip_invoice_00578.jpg,rvlcdip_invoice,invoice,1,0.8895,data/raw/pool/pos_rvlcdip_invoice_00578.jpg
data/raw/pool/pos_rvlcdip_invoice_00579.jpg,rvlcdip_invoice,invoice,1,0.9076,data/raw/pool/pos_rvlcdip_invoice_00579.jpg
data/raw/pool/pos_rvlcdip_invoice_00580.jpg,rvlcdip_invoice,invoice,1,0.9048,data/raw/pool/pos_rvlcdip_invoice_00580.jpg
data/raw/pool/pos_rvlcdip_invoice_00581.jpg,rvlcdip_invoice,invoice,1,0.9078,data/raw/pool/pos_rvlcdip_invoice_00581.jpg
data/raw/pool/pos_rvlcdip_invoice_00582.jpg,rvlcdip_invoice,invoice,1,0.9063,data/raw/pool/pos_rvlcdip_invoice_00582.jpg
data/raw/pool/pos_rvlcdip_invoice_00583.jpg,rvlcdip_invoice,invoice,1,0.9052,data/raw/pool/pos_rvlcdip_invoice_00583.jpg
data/raw/pool/pos_rvlcdip_invoice_00584.jpg,rvlcdip_invoice,invoice,1,0.9060,data/raw/pool/pos_rvlcdip_invoice_00584.jpg
data/raw/pool/pos_rvlcdip_invoice_00585.jpg,rvlcdip_invoice,invoice,1,0.9047,data/raw/pool/pos_rvlcdip_invoice_00585.jpg
data/raw/pool/pos_rvlcdip_invoice_00586.jpg,rvlcdip_invoice,invoice,1,0.9056,data/raw/pool/pos_rvlcdip_invoice_00586.jpg
data/raw/pool/pos_rvlcdip_invoice_00587.jpg,rvlcdip_invoice,invoice,1,0.9048,data/raw/pool/pos_rvlcdip_invoice_00587.jpg
data/raw/pool/pos_rvlcdip_invoice_00588.jpg,rvlcdip_invoice,invoice,1,0.9073,data/raw/pool/pos_rvlcdip_invoice_00588.jpg
data/raw/pool/pos_rvlcdip_invoice_00589.jpg,rvlcdip_invoice,invoice,1,0.9058,data/raw/pool/pos_rvlcdip_invoice_00589.jpg
data/raw/pool/pos_rvlcdip_invoice_00590.jpg,rvlcdip_invoice,invoice,1,0.9047,data/raw/pool/pos_rvlcdip_invoice_00590.jpg
data/raw/pool/pos_rvlcdip_invoice_00591.jpg,rvlcdip_invoice,invoice,1,0.9050,data/raw/pool/pos_rvlcdip_invoice_00591.jpg
data/raw/pool/pos_rvlcdip_invoice_00592.jpg,rvlcdip_invoice,invoice,1,0.9060,data/raw/pool/pos_rvlcdip_invoice_00592.jpg
data/raw/pool/pos_rvlcdip_invoice_00593.jpg,rvlcdip_invoice,invoice,1,0.9085,data/raw/pool/pos_rvlcdip_invoice_00593.jpg
data/raw/pool/pos_rvlcdip_invoice_00594.jpg,rvlcdip_invoice,invoice,1,0.9060,data/raw/pool/pos_rvlcdip_invoice_00594.jpg
data/raw/pool/pos_rvlcdip_invoice_00595.jpg,rvlcdip_invoice,invoice,1,0.9064,data/raw/pool/pos_rvlcdip_invoice_00595.jpg
data/raw/pool/pos_rvlcdip_invoice_00596.jpg,rvlcdip_invoice,invoice,1,0.8961,data/raw/pool/pos_rvlcdip_invoice_00596.jpg
data/raw/pool/pos_rvlcdip_invoice_00597.jpg,rvlcdip_invoice,invoice,1,0.9069,data/raw/pool/pos_rvlcdip_invoice_00597.jpg
data/raw/pool/pos_rvlcdip_invoice_00598.jpg,rvlcdip_invoice,invoice,1,0.9058,data/raw/pool/pos_rvlcdip_invoice_00598.jpg
data/raw/pool/pos_rvlcdip_invoice_00599.jpg,rvlcdip_invoice,invoice,1,0.9075,data/raw/pool/pos_rvlcdip_invoice_00599.jpg
data/raw/pool/pos_rvlcdip_invoice_00600.jpg,rvlcdip_invoice,invoice,1,0.9070,data/raw/pool/pos_rvlcdip_invoice_00600.jpg
data/raw/pool/pos_rvlcdip_invoice_00601.jpg,rvlcdip_invoice,invoice,1,0.9055,data/raw/pool/pos_rvlcdip_invoice_00601.jpg
data/raw/pool/pos_rvlcdip_invoice_00602.jpg,rvlcdip_invoice,invoice,1,0.7910,data/raw/pool/pos_rvlcdip_invoice_00602.jpg
data/raw/pool/pos_rvlcdip_invoice_00603.jpg,rvlcdip_invoice,invoice,1,0.9060,data/raw/pool/pos_rvlcdip_invoice_00603.jpg
data/raw/pool/pos_rvlcdip_invoice_00604.jpg,rvlcdip_invoice,invoice,1,0.9058,data/raw/pool/pos_rvlcdip_invoice_00604.jpg
data/raw/pool/pos_rvlcdip_invoice_00605.jpg,rvlcdip_invoice,invoice,1,0.9050,data/raw/pool/pos_rvlcdip_invoice_00605.jpg
data/raw/pool/pos_rvlcdip_invoice_00606.jpg,rvlcdip_invoice,invoice,1,0.9067,data/raw/pool/pos_rvlcdip_invoice_00606.jpg
data/raw/pool/pos_rvlcdip_invoice_00607.jpg,rvlcdip_invoice,invoice,1,0.8938,data/raw/pool/pos_rvlcdip_invoice_00607.jpg
data/raw/pool/pos_rvlcdip_invoice_00608.jpg,rvlcdip_invoice,invoice,1,0.8924,data/raw/pool/pos_rvlcdip_invoice_00608.jpg
data/raw/pool/pos_rvlcdip_invoice_00609.jpg,rvlcdip_invoice,invoice,1,0.9063,data/raw/pool/pos_rvlcdip_invoice_00609.jpg
data/raw/pool/pos_rvlcdip_invoice_00610.jpg,rvlcdip_invoice,letter,1,0.8437,data/raw/pool/pos_rvlcdip_invoice_00610.jpg
data/raw/pool/pos_rvlcdip_invoice_00611.jpg,rvlcdip_invoice,invoice,1,0.9041,data/raw/pool/pos_rvlcdip_invoice_00611.jpg
data/raw/pool/pos_rvlcdip_invoice_00612.jpg,rvlcdip_invoice,invoice,1,0.9038,data/raw/pool/pos_rvlcdip_invoice_00612.jpg
data/raw/pool/pos_rvlcdip_invoice_00613.jpg,rvlcdip_invoice,invoice,1,0.9052,data/raw/pool/pos_rvlcdip_invoice_00613.jpg
data/raw/pool/pos_rvlcdip_invoice_00614.jpg,rvlcdip_invoice,invoice,1,0.9073,data/raw/pool/pos_rvlcdip_invoice_00614.jpg
data/raw/pool/pos_rvlcdip_invoice_00615.jpg,rvlcdip_invoice,invoice,1,0.9081,data/raw/pool/pos_rvlcdip_invoice_00615.jpg
data/raw/pool/pos_rvlcdip_invoice_00616.jpg,rvlcdip_invoice,invoice,1,0.9011,data/raw/pool/pos_rvlcdip_invoice_00616.jpg
data/raw/pool/pos_rvlcdip_invoice_00617.jpg,rvlcdip_invoice,invoice,1,0.9023,data/raw/pool/pos_rvlcdip_invoice_00617.jpg
data/raw/pool/pos_rvlcdip_invoice_00618.jpg,rvlcdip_invoice,invoice,1,0.9051,data/raw/pool/pos_rvlcdip_invoice_00618.jpg
data/raw/pool/pos_rvlcdip_invoice_00619.jpg,rvlcdip_invoice,invoice,1,0.9071,data/raw/pool/pos_rvlcdip_invoice_00619.jpg
data/raw/pool/pos_rvlcdip_invoice_00620.jpg,rvlcdip_invoice,invoice,1,0.9081,data/raw/pool/pos_rvlcdip_invoice_00620.jpg
data/raw/pool/pos_rvlcdip_invoice_00621.jpg,rvlcdip_invoice,invoice,1,0.9083,data/raw/pool/pos_rvlcdip_invoice_00621.jpg
data/raw/pool/pos_rvlcdip_invoice_00622.jpg,rvlcdip_invoice,invoice,1,0.6149,data/raw/pool/pos_rvlcdip_invoice_00622.jpg
data/raw/pool/pos_rvlcdip_invoice_00623.jpg,rvlcdip_invoice,invoice,1,0.8838,data/raw/pool/pos_rvlcdip_invoice_00623.jpg
data/raw/pool/pos_rvlcdip_invoice_00624.jpg,rvlcdip_invoice,invoice,1,0.9050,data/raw/pool/pos_rvlcdip_invoice_00624.jpg
data/raw/pool/pos_rvlcdip_invoice_00625.jpg,rvlcdip_invoice,invoice,1,0.9078,data/raw/pool/pos_rvlcdip_invoice_00625.jpg
data/raw/pool/pos_rvlcdip_invoice_00626.jpg,rvlcdip_invoice,invoice,1,0.9071,data/raw/pool/pos_rvlcdip_invoice_00626.jpg
data/raw/pool/pos_rvlcdip_invoice_00627.jpg,rvlcdip_invoice,invoice,1,0.8634,data/raw/pool/pos_rvlcdip_invoice_00627.jpg
data/raw/pool/pos_rvlcdip_invoice_00628.jpg,rvlcdip_invoice,invoice,1,0.9075,data/raw/pool/pos_rvlcdip_invoice_00628.jpg
data/raw/pool/pos_rvlcdip_invoice_00629.jpg,rvlcdip_invoice,invoice,1,0.9065,data/raw/pool/pos_rvlcdip_invoice_00629.jpg
data/raw/pool/pos_rvlcdip_invoice_00630.jpg,rvlcdip_invoice,invoice,1,0.9064,data/raw/pool/pos_rvlcdip_invoice_00630.jpg
data/raw/pool/pos_rvlcdip_invoice_00631.jpg,rvlcdip_invoice,invoice,1,0.9091,data/raw/pool/pos_rvlcdip_invoice_00631.jpg
data/raw/pool/pos_rvlcdip_invoice_00632.jpg,rvlcdip_invoice,invoice,1,0.9021,data/raw/pool/pos_rvlcdip_invoice_00632.jpg
data/raw/pool/pos_rvlcdip_invoice_00633.jpg,rvlcdip_invoice,invoice,1,0.9071,data/raw/pool/pos_rvlcdip_invoice_00633.jpg
data/raw/pool/pos_rvlcdip_invoice_00634.jpg,rvlcdip_invoice,invoice,1,0.8927,data/raw/pool/pos_rvlcdip_invoice_00634.jpg
data/raw/pool/pos_rvlcdip_invoice_00635.jpg,rvlcdip_invoice,invoice,1,0.9090,data/raw/pool/pos_rvlcdip_invoice_00635.jpg
data/raw/pool/pos_rvlcdip_invoice_00636.jpg,rvlcdip_invoice,invoice,1,0.9065,data/raw/pool/pos_rvlcdip_invoice_00636.jpg
data/raw/pool/pos_rvlcdip_invoice_00637.jpg,rvlcdip_invoice,invoice,1,0.9065,data/raw/pool/pos_rvlcdip_invoice_00637.jpg
data/raw/pool/pos_rvlcdip_invoice_00638.jpg,rvlcdip_invoice,invoice,1,0.9072,data/raw/pool/pos_rvlcdip_invoice_00638.jpg
data/raw/pool/pos_rvlcdip_invoice_00639.jpg,rvlcdip_invoice,invoice,1,0.9063,data/raw/pool/pos_rvlcdip_invoice_00639.jpg
data/raw/pool/pos_rvlcdip_invoice_00640.jpg,rvlcdip_invoice,invoice,1,0.9040,data/raw/pool/pos_rvlcdip_invoice_00640.jpg
data/raw/pool/pos_rvlcdip_invoice_00641.jpg,rvlcdip_invoice,invoice,1,0.9081,data/raw/pool/pos_rvlcdip_invoice_00641.jpg
data/raw/pool/pos_rvlcdip_invoice_00642.jpg,rvlcdip_invoice,invoice,1,0.9058,data/raw/pool/pos_rvlcdip_invoice_00642.jpg
data/raw/pool/pos_rvlcdip_invoice_00643.jpg,rvlcdip_invoice,invoice,1,0.9067,data/raw/pool/pos_rvlcdip_invoice_00643.jpg
data/raw/pool/pos_rvlcdip_invoice_00644.jpg,rvlcdip_invoice,invoice,1,0.9074,data/raw/pool/pos_rvlcdip_invoice_00644.jpg
data/raw/pool/pos_rvlcdip_invoice_00645.jpg,rvlcdip_invoice,invoice,1,0.9075,data/raw/pool/pos_rvlcdip_invoice_00645.jpg
data/raw/pool/pos_rvlcdip_invoice_00646.jpg,rvlcdip_invoice,invoice,1,0.9070,data/raw/pool/pos_rvlcdip_invoice_00646.jpg
data/raw/pool/pos_rvlcdip_invoice_00647.jpg,rvlcdip_invoice,invoice,1,0.9078,data/raw/pool/pos_rvlcdip_invoice_00647.jpg
data/raw/pool/pos_rvlcdip_invoice_00648.jpg,rvlcdip_invoice,invoice,1,0.9048,data/raw/pool/pos_rvlcdip_invoice_00648.jpg
data/raw/pool/pos_rvlcdip_invoice_00649.jpg,rvlcdip_invoice,invoice,1,0.9069,data/raw/pool/pos_rvlcdip_invoice_00649.jpg
data/raw/pool/pos_rvlcdip_invoice_00650.jpg,rvlcdip_invoice,invoice,1,0.9072,data/raw/pool/pos_rvlcdip_invoice_00650.jpg
data/raw/pool/pos_rvlcdip_invoice_00651.jpg,rvlcdip_invoice,invoice,1,0.9070,data/raw/pool/pos_rvlcdip_invoice_00651.jpg
data/raw/pool/pos_rvlcdip_invoice_00652.jpg,rvlcdip_invoice,invoice,1,0.9059,data/raw/pool/pos_rvlcdip_invoice_00652.jpg
data/raw/pool/pos_rvlcdip_invoice_00653.jpg,rvlcdip_invoice,budget,1,0.5165,data/raw/pool/pos_rvlcdip_invoice_00653.jpg
data/raw/pool/pos_rvlcdip_invoice_00654.jpg,rvlcdip_invoice,invoice,1,0.9066,data/raw/pool/pos_rvlcdip_invoice_00654.jpg
data/raw/pool/pos_rvlcdip_invoice_00655.jpg,rvlcdip_invoice,invoice,1,0.9076,data/raw/pool/pos_rvlcdip_invoice_00655.jpg
data/raw/pool/pos_rvlcdip_invoice_00656.jpg,rvlcdip_invoice,invoice,1,0.9073,data/raw/pool/pos_rvlcdip_invoice_00656.jpg
data/raw/pool/pos_rvlcdip_invoice_00657.jpg,rvlcdip_invoice,invoice,1,0.9074,data/raw/pool/pos_rvlcdip_invoice_00657.jpg
data/raw/pool/pos_rvlcdip_invoice_00658.jpg,rvlcdip_invoice,invoice,1,0.9060,data/raw/pool/pos_rvlcdip_invoice_00658.jpg
data/raw/pool/pos_rvlcdip_invoice_00659.jpg,rvlcdip_invoice,invoice,1,0.9069,data/raw/pool/pos_rvlcdip_invoice_00659.jpg
data/raw/pool/pos_rvlcdip_invoice_00660.jpg,rvlcdip_invoice,invoice,1,0.9064,data/raw/pool/pos_rvlcdip_invoice_00660.jpg
data/raw/pool/pos_rvlcdip_invoice_00661.jpg,rvlcdip_invoice,invoice,1,0.9055,data/raw/pool/pos_rvlcdip_invoice_00661.jpg
data/raw/pool/pos_rvlcdip_invoice_00662.jpg,rvlcdip_invoice,invoice,1,0.9009,data/raw/pool/pos_rvlcdip_invoice_00662.jpg
data/raw/pool/pos_rvlcdip_invoice_00663.jpg,rvlcdip_invoice,invoice,1,0.9052,data/raw/pool/pos_rvlcdip_invoice_00663.jpg
data/raw/pool/pos_rvlcdip_invoice_00664.jpg,rvlcdip_invoice,invoice,1,0.9083,data/raw/pool/pos_rvlcdip_invoice_00664.jpg
data/raw/pool/pos_rvlcdip_invoice_00665.jpg,rvlcdip_invoice,invoice,1,0.9048,data/raw/pool/pos_rvlcdip_invoice_00665.jpg
data/raw/pool/pos_rvlcdip_invoice_00666.jpg,rvlcdip_invoice,invoice,1,0.9064,data/raw/pool/pos_rvlcdip_invoice_00666.jpg
data/raw/pool/pos_rvlcdip_invoice_00667.jpg,rvlcdip_invoice,invoice,1,0.8966,data/raw/pool/pos_rvlcdip_invoice_00667.jpg
data/raw/pool/pos_rvlcdip_invoice_00668.jpg,rvlcdip_invoice,invoice,1,0.9010,data/raw/pool/pos_rvlcdip_invoice_00668.jpg
data/raw/pool/pos_rvlcdip_invoice_00669.jpg,rvlcdip_invoice,invoice,1,0.9060,data/raw/pool/pos_rvlcdip_invoice_00669.jpg
data/raw/pool/pos_rvlcdip_invoice_00670.jpg,rvlcdip_invoice,invoice,1,0.9040,data/raw/pool/pos_rvlcdip_invoice_00670.jpg
data/raw/pool/pos_rvlcdip_invoice_00671.jpg,rvlcdip_invoice,invoice,1,0.9066,data/raw/pool/pos_rvlcdip_invoice_00671.jpg
data/raw/pool/pos_rvlcdip_invoice_00672.jpg,rvlcdip_invoice,invoice,1,0.9052,data/raw/pool/pos_rvlcdip_invoice_00672.jpg
data/raw/pool/pos_rvlcdip_invoice_00673.jpg,rvlcdip_invoice,invoice,1,0.9063,data/raw/pool/pos_rvlcdip_invoice_00673.jpg
data/raw/pool/pos_rvlcdip_invoice_00674.jpg,rvlcdip_invoice,invoice,1,0.9056,data/raw/pool/pos_rvlcdip_invoice_00674.jpg
data/raw/pool/pos_rvlcdip_invoice_00675.jpg,rvlcdip_invoice,invoice,1,0.9083,data/raw/pool/pos_rvlcdip_invoice_00675.jpg
data/raw/pool/pos_rvlcdip_invoice_00676.jpg,rvlcdip_invoice,invoice,1,0.9056,data/raw/pool/pos_rvlcdip_invoice_00676.jpg
data/raw/pool/pos_rvlcdip_invoice_00677.jpg,rvlcdip_invoice,invoice,1,0.8223,data/raw/pool/pos_rvlcdip_invoice_00677.jpg
data/raw/pool/pos_rvlcdip_invoice_00678.jpg,rvlcdip_invoice,invoice,1,0.9069,data/raw/pool/pos_rvlcdip_invoice_00678.jpg
data/raw/pool/pos_rvlcdip_invoice_00679.jpg,rvlcdip_invoice,invoice,1,0.9033,data/raw/pool/pos_rvlcdip_invoice_00679.jpg
data/raw/pool/pos_rvlcdip_invoice_00680.jpg,rvlcdip_invoice,invoice,1,0.9069,data/raw/pool/pos_rvlcdip_invoice_00680.jpg
data/raw/pool/pos_rvlcdip_invoice_00681.jpg,rvlcdip_invoice,invoice,1,0.9063,data/raw/pool/pos_rvlcdip_invoice_00681.jpg
data/raw/pool/pos_rvlcdip_invoice_00682.jpg,rvlcdip_invoice,invoice,1,0.9074,data/raw/pool/pos_rvlcdip_invoice_00682.jpg
data/raw/pool/pos_rvlcdip_invoice_00683.jpg,rvlcdip_invoice,invoice,1,0.9073,data/raw/pool/pos_rvlcdip_invoice_00683.jpg
data/raw/pool/pos_rvlcdip_invoice_00684.jpg,rvlcdip_invoice,invoice,1,0.9060,data/raw/pool/pos_rvlcdip_invoice_00684.jpg
data/raw/pool/pos_rvlcdip_invoice_00685.jpg,rvlcdip_invoice,invoice,1,0.9038,data/raw/pool/pos_rvlcdip_invoice_00685.jpg
data/raw/pool/pos_rvlcdip_invoice_00686.jpg,rvlcdip_invoice,invoice,1,0.9045,data/raw/pool/pos_rvlcdip_invoice_00686.jpg
data/raw/pool/pos_rvlcdip_invoice_00687.jpg,rvlcdip_invoice,invoice,1,0.9061,data/raw/pool/pos_rvlcdip_invoice_00687.jpg
data/raw/pool/pos_rvlcdip_invoice_00688.jpg,rvlcdip_invoice,invoice,1,0.9065,data/raw/pool/pos_rvlcdip_invoice_00688.jpg
data/raw/pool/pos_rvlcdip_invoice_00689.jpg,rvlcdip_invoice,invoice,1,0.9042,data/raw/pool/pos_rvlcdip_invoice_00689.jpg
data/raw/pool/pos_rvlcdip_invoice_00690.jpg,rvlcdip_invoice,invoice,1,0.9062,data/raw/pool/pos_rvlcdip_invoice_00690.jpg
data/raw/pool/pos_rvlcdip_invoice_00691.jpg,rvlcdip_invoice,invoice,1,0.9082,data/raw/pool/pos_rvlcdip_invoice_00691.jpg
data/raw/pool/pos_rvlcdip_invoice_00692.jpg,rvlcdip_invoice,invoice,1,0.9071,data/raw/pool/pos_rvlcdip_invoice_00692.jpg
data/raw/pool/pos_rvlcdip_invoice_00693.jpg,rvlcdip_invoice,invoice,1,0.9091,data/raw/pool/pos_rvlcdip_invoice_00693.jpg
data/raw/pool/pos_rvlcdip_invoice_00694.jpg,rvlcdip_invoice,invoice,1,0.7989,data/raw/pool/pos_rvlcdip_invoice_00694.jpg
data/raw/pool/pos_rvlcdip_invoice_00695.jpg,rvlcdip_invoice,invoice,1,0.9064,data/raw/pool/pos_rvlcdip_invoice_00695.jpg
data/raw/pool/pos_rvlcdip_invoice_00696.jpg,rvlcdip_invoice,invoice,1,0.9037,data/raw/pool/pos_rvlcdip_invoice_00696.jpg
data/raw/pool/pos_rvlcdip_invoice_00697.jpg,rvlcdip_invoice,invoice,1,0.9087,data/raw/pool/pos_rvlcdip_invoice_00697.jpg
data/raw/pool/pos_rvlcdip_invoice_00698.jpg,rvlcdip_invoice,invoice,1,0.9067,data/raw/pool/pos_rvlcdip_invoice_00698.jpg
data/raw/pool/pos_rvlcdip_invoice_00699.jpg,rvlcdip_invoice,invoice,1,0.8850,data/raw/pool/pos_rvlcdip_invoice_00699.jpg
data/raw/pool/pos_rvlcdip_invoice_00700.jpg,rvlcdip_invoice,invoice,1,0.8956,data/raw/pool/pos_rvlcdip_invoice_00700.jpg
data/raw/pool/pos_rvlcdip_invoice_00701.jpg,rvlcdip_invoice,invoice,1,0.9062,data/raw/pool/pos_rvlcdip_invoice_00701.jpg
data/raw/pool/pos_rvlcdip_invoice_00702.jpg,rvlcdip_invoice,invoice,1,0.9056,data/raw/pool/pos_rvlcdip_invoice_00702.jpg
data/raw/pool/pos_rvlcdip_invoice_00703.jpg,rvlcdip_invoice,invoice,1,0.9068,data/raw/pool/pos_rvlcdip_invoice_00703.jpg
data/raw/pool/pos_rvlcdip_invoice_00704.jpg,rvlcdip_invoice,invoice,1,0.9071,data/raw/pool/pos_rvlcdip_invoice_00704.jpg
data/raw/pool/pos_rvlcdip_invoice_00705.jpg,rvlcdip_invoice,invoice,1,0.9050,data/raw/pool/pos_rvlcdip_invoice_00705.jpg
data/raw/pool/pos_rvlcdip_invoice_00706.jpg,rvlcdip_invoice,invoice,1,0.9062,data/raw/pool/pos_rvlcdip_invoice_00706.jpg
data/raw/pool/pos_rvlcdip_invoice_00707.jpg,rvlcdip_invoice,handwritten,1,0.7047,data/raw/pool/pos_rvlcdip_invoice_00707.jpg
data/raw/pool/pos_rvlcdip_invoice_00708.jpg,rvlcdip_invoice,invoice,1,0.9052,data/raw/pool/pos_rvlcdip_invoice_00708.jpg
data/raw/pool/pos_rvlcdip_invoice_00709.jpg,rvlcdip_invoice,invoice,1,0.9088,data/raw/pool/pos_rvlcdip_invoice_00709.jpg
data/raw/pool/pos_rvlcdip_invoice_00710.jpg,rvlcdip_invoice,invoice,1,0.9076,data/raw/pool/pos_rvlcdip_invoice_00710.jpg
data/raw/pool/pos_rvlcdip_invoice_00711.jpg,rvlcdip_invoice,invoice,1,0.9077,data/raw/pool/pos_rvlcdip_invoice_00711.jpg
data/raw/pool/pos_rvlcdip_invoice_00712.jpg,rvlcdip_invoice,invoice,1,0.9055,data/raw/pool/pos_rvlcdip_invoice_00712.jpg
data/raw/pool/pos_rvlcdip_invoice_00713.jpg,rvlcdip_invoice,invoice,1,0.9069,data/raw/pool/pos_rvlcdip_invoice_00713.jpg
data/raw/pool/pos_rvlcdip_invoice_00714.jpg,rvlcdip_invoice,invoice,1,0.9055,data/raw/pool/pos_rvlcdip_invoice_00714.jpg
data/raw/pool/pos_rvlcdip_invoice_00715.jpg,rvlcdip_invoice,invoice,1,0.9063,data/raw/pool/pos_rvlcdip_invoice_00715.jpg
data/raw/pool/pos_rvlcdip_invoice_00716.jpg,rvlcdip_invoice,invoice,1,0.9005,data/raw/pool/pos_rvlcdip_invoice_00716.jpg
data/raw/pool/pos_rvlcdip_invoice_00717.jpg,rvlcdip_invoice,invoice,1,0.8930,data/raw/pool/pos_rvlcdip_invoice_00717.jpg
data/raw/pool/pos_rvlcdip_invoice_00718.jpg,rvlcdip_invoice,invoice,1,0.9062,data/raw/pool/pos_rvlcdip_invoice_00718.jpg
data/raw/pool/pos_rvlcdip_invoice_00719.jpg,rvlcdip_invoice,invoice,1,0.9040,data/raw/pool/pos_rvlcdip_invoice_00719.jpg
data/raw/pool/pos_rvlcdip_invoice_00720.jpg,rvlcdip_invoice,invoice,1,0.9074,data/raw/pool/pos_rvlcdip_invoice_00720.jpg
data/raw/pool/pos_rvlcdip_invoice_00721.jpg,rvlcdip_invoice,invoice,1,0.9091,data/raw/pool/pos_rvlcdip_invoice_00721.jpg
data/raw/pool/pos_rvlcdip_invoice_00722.jpg,rvlcdip_invoice,invoice,1,0.9023,data/raw/pool/pos_rvlcdip_invoice_00722.jpg
data/raw/pool/pos_rvlcdip_invoice_00723.jpg,rvlcdip_invoice,invoice,1,0.9082,data/raw/pool/pos_rvlcdip_invoice_00723.jpg
data/raw/pool/pos_rvlcdip_invoice_00724.jpg,rvlcdip_invoice,invoice,1,0.9026,data/raw/pool/pos_rvlcdip_invoice_00724.jpg
data/raw/pool/pos_rvlcdip_invoice_00725.jpg,rvlcdip_invoice,invoice,1,0.9030,data/raw/pool/pos_rvlcdip_invoice_00725.jpg
data/raw/pool/pos_rvlcdip_invoice_00726.jpg,rvlcdip_invoice,invoice,1,0.9083,data/raw/pool/pos_rvlcdip_invoice_00726.jpg
data/raw/pool/pos_rvlcdip_invoice_00727.jpg,rvlcdip_invoice,invoice,1,0.9021,data/raw/pool/pos_rvlcdip_invoice_00727.jpg
data/raw/pool/pos_rvlcdip_invoice_00728.jpg,rvlcdip_invoice,form,1,0.6565,data/raw/pool/pos_rvlcdip_invoice_00728.jpg
data/raw/pool/pos_rvlcdip_invoice_00729.jpg,rvlcdip_invoice,invoice,1,0.9069,data/raw/pool/pos_rvlcdip_invoice_00729.jpg
data/raw/pool/pos_rvlcdip_invoice_00730.jpg,rvlcdip_invoice,invoice,1,0.9029,data/raw/pool/pos_rvlcdip_invoice_00730.jpg
data/raw/pool/pos_rvlcdip_invoice_00731.jpg,rvlcdip_invoice,invoice,1,0.9065,data/raw/pool/pos_rvlcdip_invoice_00731.jpg
data/raw/pool/pos_rvlcdip_invoice_00732.jpg,rvlcdip_invoice,invoice,1,0.9065,data/raw/pool/pos_rvlcdip_invoice_00732.jpg
data/raw/pool/pos_rvlcdip_invoice_00733.jpg,rvlcdip_invoice,invoice,1,0.9046,data/raw/pool/pos_rvlcdip_invoice_00733.jpg
data/raw/pool/pos_rvlcdip_invoice_00734.jpg,rvlcdip_invoice,invoice,1,0.9057,data/raw/pool/pos_rvlcdip_invoice_00734.jpg
data/raw/pool/pos_rvlcdip_invoice_00735.jpg,rvlcdip_invoice,invoice,1,0.9049,data/raw/pool/pos_rvlcdip_invoice_00735.jpg
data/raw/pool/pos_rvlcdip_invoice_00736.jpg,rvlcdip_invoice,invoice,1,0.9042,data/raw/pool/pos_rvlcdip_invoice_00736.jpg
data/raw/pool/pos_rvlcdip_invoice_00737.jpg,rvlcdip_invoice,invoice,1,0.9078,data/raw/pool/pos_rvlcdip_invoice_00737.jpg
data/raw/pool/pos_rvlcdip_invoice_00738.jpg,rvlcdip_invoice,invoice,1,0.9059,data/raw/pool/pos_rvlcdip_invoice_00738.jpg
data/raw/pool/pos_rvlcdip_invoice_00739.jpg,rvlcdip_invoice,invoice,1,0.9046,data/raw/pool/pos_rvlcdip_invoice_00739.jpg
data/raw/pool/pos_rvlcdip_invoice_00740.jpg,rvlcdip_invoice,invoice,1,0.9070,data/raw/pool/pos_rvlcdip_invoice_00740.jpg
data/raw/pool/pos_rvlcdip_invoice_00741.jpg,rvlcdip_invoice,invoice,1,0.9076,data/raw/pool/pos_rvlcdip_invoice_00741.jpg
data/raw/pool/pos_rvlcdip_invoice_00742.jpg,rvlcdip_invoice,invoice,1,0.8791,data/raw/pool/pos_rvlcdip_invoice_00742.jpg
data/raw/pool/pos_rvlcdip_invoice_00743.jpg,rvlcdip_invoice,invoice,1,0.9064,data/raw/pool/pos_rvlcdip_invoice_00743.jpg
data/raw/pool/pos_rvlcdip_invoice_00744.jpg,rvlcdip_invoice,invoice,1,0.9052,data/raw/pool/pos_rvlcdip_invoice_00744.jpg
data/raw/pool/pos_rvlcdip_invoice_00745.jpg,rvlcdip_invoice,invoice,1,0.9059,data/raw/pool/pos_rvlcdip_invoice_00745.jpg
data/raw/pool/pos_rvlcdip_invoice_00746.jpg,rvlcdip_invoice,invoice,1,0.9076,data/raw/pool/pos_rvlcdip_invoice_00746.jpg
data/raw/pool/pos_rvlcdip_invoice_00747.jpg,rvlcdip_invoice,invoice,1,0.9046,data/raw/pool/pos_rvlcdip_invoice_00747.jpg
data/raw/pool/pos_rvlcdip_invoice_00748.jpg,rvlcdip_invoice,invoice,1,0.9049,data/raw/pool/pos_rvlcdip_invoice_00748.jpg
data/raw/pool/pos_rvlcdip_invoice_00749.jpg,rvlcdip_invoice,invoice,1,0.9077,data/raw/pool/pos_rvlcdip_invoice_00749.jpg
data/raw/pool/pos_rvlcdip_invoice_00750.jpg,rvlcdip_invoice,invoice,1,0.8542,data/raw/pool/pos_rvlcdip_invoice_00750.jpg
data/raw/pool/pos_rvlcdip_invoice_00751.jpg,rvlcdip_invoice,invoice,1,0.9021,data/raw/pool/pos_rvlcdip_invoice_00751.jpg
data/raw/pool/pos_rvlcdip_invoice_00752.jpg,rvlcdip_invoice,invoice,1,0.9081,data/raw/pool/pos_rvlcdip_invoice_00752.jpg
data/raw/pool/pos_rvlcdip_invoice_00753.jpg,rvlcdip_invoice,invoice,1,0.9085,data/raw/pool/pos_rvlcdip_invoice_00753.jpg
data/raw/pool/pos_rvlcdip_invoice_00754.jpg,rvlcdip_invoice,invoice,1,0.9021,data/raw/pool/pos_rvlcdip_invoice_00754.jpg
data/raw/pool/pos_rvlcdip_invoice_00755.jpg,rvlcdip_invoice,invoice,1,0.8989,data/raw/pool/pos_rvlcdip_invoice_00755.jpg
data/raw/pool/pos_rvlcdip_invoice_00756.jpg,rvlcdip_invoice,invoice,1,0.6483,data/raw/pool/pos_rvlcdip_invoice_00756.jpg
data/raw/pool/pos_rvlcdip_invoice_00757.jpg,rvlcdip_invoice,handwritten,1,0.8932,data/raw/pool/pos_rvlcdip_invoice_00757.jpg
data/raw/pool/pos_rvlcdip_invoice_00758.jpg,rvlcdip_invoice,invoice,1,0.9073,data/raw/pool/pos_rvlcdip_invoice_00758.jpg
data/raw/pool/pos_rvlcdip_invoice_00759.jpg,rvlcdip_invoice,invoice,1,0.9041,data/raw/pool/pos_rvlcdip_invoice_00759.jpg
data/raw/pool/pos_rvlcdip_invoice_00760.jpg,rvlcdip_invoice,invoice,1,0.9049,data/raw/pool/pos_rvlcdip_invoice_00760.jpg
data/raw/pool/pos_rvlcdip_invoice_00761.jpg,rvlcdip_invoice,invoice,1,0.9055,data/raw/pool/pos_rvlcdip_invoice_00761.jpg
data/raw/pool/pos_rvlcdip_invoice_00762.jpg,rvlcdip_invoice,invoice,1,0.9037,data/raw/pool/pos_rvlcdip_invoice_00762.jpg
data/raw/pool/pos_rvlcdip_invoice_00763.jpg,rvlcdip_invoice,invoice,1,0.9044,data/raw/pool/pos_rvlcdip_invoice_00763.jpg
data/raw/pool/pos_rvlcdip_invoice_00764.jpg,rvlcdip_invoice,invoice,1,0.9063,data/raw/pool/pos_rvlcdip_invoice_00764.jpg
data/raw/pool/pos_rvlcdip_invoice_00765.jpg,rvlcdip_invoice,invoice,1,0.9078,data/raw/pool/pos_rvlcdip_invoice_00765.jpg
data/raw/pool/pos_rvlcdip_invoice_00766.jpg,rvlcdip_invoice,invoice,1,0.8857,data/raw/pool/pos_rvlcdip_invoice_00766.jpg
data/raw/pool/pos_rvlcdip_invoice_00767.jpg,rvlcdip_invoice,invoice,1,0.8477,data/raw/pool/pos_rvlcdip_invoice_00767.jpg
data/raw/pool/pos_rvlcdip_invoice_00768.jpg,rvlcdip_invoice,invoice,1,0.9039,data/raw/pool/pos_rvlcdip_invoice_00768.jpg
data/raw/pool/pos_rvlcdip_invoice_00769.jpg,rvlcdip_invoice,invoice,1,0.8938,data/raw/pool/pos_rvlcdip_invoice_00769.jpg
data/raw/pool/pos_rvlcdip_invoice_00770.jpg,rvlcdip_invoice,invoice,1,0.9085,data/raw/pool/pos_rvlcdip_invoice_00770.jpg
data/raw/pool/pos_rvlcdip_invoice_00771.jpg,rvlcdip_invoice,invoice,1,0.9060,data/raw/pool/pos_rvlcdip_invoice_00771.jpg
data/raw/pool/pos_rvlcdip_invoice_00772.jpg,rvlcdip_invoice,invoice,1,0.8700,data/raw/pool/pos_rvlcdip_invoice_00772.jpg
data/raw/pool/pos_rvlcdip_invoice_00773.jpg,rvlcdip_invoice,invoice,1,0.9088,data/raw/pool/pos_rvlcdip_invoice_00773.jpg
data/raw/pool/pos_rvlcdip_invoice_00774.jpg,rvlcdip_invoice,invoice,1,0.9081,data/raw/pool/pos_rvlcdip_invoice_00774.jpg
data/raw/pool/pos_rvlcdip_invoice_00775.jpg,rvlcdip_invoice,invoice,1,0.9057,data/raw/pool/pos_rvlcdip_invoice_00775.jpg
data/raw/pool/pos_rvlcdip_invoice_00776.jpg,rvlcdip_invoice,invoice,1,0.9035,data/raw/pool/pos_rvlcdip_invoice_00776.jpg
data/raw/pool/pos_rvlcdip_invoice_00777.jpg,rvlcdip_invoice,invoice,1,0.9037,data/raw/pool/pos_rvlcdip_invoice_00777.jpg
data/raw/pool/pos_rvlcdip_invoice_00778.jpg,rvlcdip_invoice,invoice,1,0.9071,data/raw/pool/pos_rvlcdip_invoice_00778.jpg
data/raw/pool/pos_rvlcdip_invoice_00779.jpg,rvlcdip_invoice,invoice,1,0.9050,data/raw/pool/pos_rvlcdip_invoice_00779.jpg
data/raw/pool/pos_rvlcdip_invoice_00780.jpg,rvlcdip_invoice,invoice,1,0.9061,data/raw/pool/pos_rvlcdip_invoice_00780.jpg
data/raw/pool/pos_rvlcdip_invoice_00781.jpg,rvlcdip_invoice,invoice,1,0.9056,data/raw/pool/pos_rvlcdip_invoice_00781.jpg
data/raw/pool/pos_rvlcdip_invoice_00782.jpg,rvlcdip_invoice,invoice,1,0.9004,data/raw/pool/pos_rvlcdip_invoice_00782.jpg
data/raw/pool/pos_rvlcdip_invoice_00783.jpg,rvlcdip_invoice,invoice,1,0.9077,data/raw/pool/pos_rvlcdip_invoice_00783.jpg
data/raw/pool/pos_rvlcdip_invoice_00784.jpg,rvlcdip_invoice,invoice,1,0.9086,data/raw/pool/pos_rvlcdip_invoice_00784.jpg
data/raw/pool/pos_rvlcdip_invoice_00785.jpg,rvlcdip_invoice,invoice,1,0.9074,data/raw/pool/pos_rvlcdip_invoice_00785.jpg
data/raw/pool/pos_rvlcdip_invoice_00786.jpg,rvlcdip_invoice,invoice,1,0.9061,data/raw/pool/pos_rvlcdip_invoice_00786.jpg
data/raw/pool/pos_rvlcdip_invoice_00787.jpg,rvlcdip_invoice,invoice,1,0.9088,data/raw/pool/pos_rvlcdip_invoice_00787.jpg
data/raw/pool/pos_rvlcdip_invoice_00788.jpg,rvlcdip_invoice,invoice,1,0.9066,data/raw/pool/pos_rvlcdip_invoice_00788.jpg
data/raw/pool/pos_rvlcdip_invoice_00789.jpg,rvlcdip_invoice,invoice,1,0.9041,data/raw/pool/pos_rvlcdip_invoice_00789.jpg
data/raw/pool/pos_rvlcdip_invoice_00790.jpg,rvlcdip_invoice,invoice,1,0.9075,data/raw/pool/pos_rvlcdip_invoice_00790.jpg
data/raw/pool/pos_rvlcdip_invoice_00791.jpg,rvlcdip_invoice,invoice,1,0.9032,data/raw/pool/pos_rvlcdip_invoice_00791.jpg
data/raw/pool/pos_rvlcdip_invoice_00792.jpg,rvlcdip_invoice,invoice,1,0.9088,data/raw/pool/pos_rvlcdip_invoice_00792.jpg
data/raw/pool/pos_rvlcdip_invoice_00793.jpg,rvlcdip_invoice,invoice,1,0.9085,data/raw/pool/pos_rvlcdip_invoice_00793.jpg
data/raw/pool/pos_rvlcdip_invoice_00794.jpg,rvlcdip_invoice,invoice,1,0.5396,data/raw/pool/pos_rvlcdip_invoice_00794.jpg
data/raw/pool/pos_rvlcdip_invoice_00795.jpg,rvlcdip_invoice,invoice,1,0.9093,data/raw/pool/pos_rvlcdip_invoice_00795.jpg
data/raw/pool/pos_rvlcdip_invoice_00796.jpg,rvlcdip_invoice,invoice,1,0.9025,data/raw/pool/pos_rvlcdip_invoice_00796.jpg
data/raw/pool/pos_rvlcdip_invoice_00797.jpg,rvlcdip_invoice,invoice,1,0.9031,data/raw/pool/pos_rvlcdip_invoice_00797.jpg
data/raw/pool/pos_rvlcdip_invoice_00798.jpg,rvlcdip_invoice,invoice,1,0.9052,data/raw/pool/pos_rvlcdip_invoice_00798.jpg
data/raw/pool/pos_rvlcdip_invoice_00799.jpg,rvlcdip_invoice,invoice,1,0.9070,data/raw/pool/pos_rvlcdip_invoice_00799.jpg
data/raw/pool/pos_rvlcdip_invoice_00800.jpg,rvlcdip_invoice,invoice,1,0.9049,data/raw/pool/pos_rvlcdip_invoice_00800.jpg
data/raw/pool/pos_rvlcdip_invoice_00801.jpg,rvlcdip_invoice,invoice,1,0.9065,data/raw/pool/pos_rvlcdip_invoice_00801.jpg
data/raw/pool/pos_rvlcdip_invoice_00802.jpg,rvlcdip_invoice,invoice,1,0.9063,data/raw/pool/pos_rvlcdip_invoice_00802.jpg
data/raw/pool/pos_rvlcdip_invoice_00803.jpg,rvlcdip_invoice,invoice,1,0.8978,data/raw/pool/pos_rvlcdip_invoice_00803.jpg
data/raw/pool/pos_rvlcdip_invoice_00804.jpg,rvlcdip_invoice,invoice,1,0.9075,data/raw/pool/pos_rvlcdip_invoice_00804.jpg
data/raw/pool/pos_rvlcdip_invoice_00805.jpg,rvlcdip_invoice,invoice,1,0.9077,data/raw/pool/pos_rvlcdip_invoice_00805.jpg
data/raw/pool/pos_rvlcdip_invoice_00806.jpg,rvlcdip_invoice,invoice,1,0.9065,data/raw/pool/pos_rvlcdip_invoice_00806.jpg
data/raw/pool/pos_rvlcdip_invoice_00807.jpg,rvlcdip_invoice,invoice,1,0.9047,data/raw/pool/pos_rvlcdip_invoice_00807.jpg
data/raw/pool/pos_rvlcdip_invoice_00808.jpg,rvlcdip_invoice,invoice,1,0.8850,data/raw/pool/pos_rvlcdip_invoice_00808.jpg
data/raw/pool/pos_rvlcdip_invoice_00809.jpg,rvlcdip_invoice,invoice,1,0.9054,data/raw/pool/pos_rvlcdip_invoice_00809.jpg
data/raw/pool/pos_rvlcdip_invoice_00810.jpg,rvlcdip_invoice,invoice,1,0.9079,data/raw/pool/pos_rvlcdip_invoice_00810.jpg
data/raw/pool/pos_rvlcdip_invoice_00811.jpg,rvlcdip_invoice,invoice,1,0.7868,data/raw/pool/pos_rvlcdip_invoice_00811.jpg
data/raw/pool/pos_rvlcdip_invoice_00812.jpg,rvlcdip_invoice,invoice,1,0.9064,data/raw/pool/pos_rvlcdip_invoice_00812.jpg
data/raw/pool/pos_rvlcdip_invoice_00813.jpg,rvlcdip_invoice,invoice,1,0.9079,data/raw/pool/pos_rvlcdip_invoice_00813.jpg
data/raw/pool/pos_rvlcdip_invoice_00814.jpg,rvlcdip_invoice,invoice,1,0.9074,data/raw/pool/pos_rvlcdip_invoice_00814.jpg
data/raw/pool/pos_rvlcdip_invoice_00815.jpg,rvlcdip_invoice,invoice,1,0.8543,data/raw/pool/pos_rvlcdip_invoice_00815.jpg
data/raw/pool/pos_rvlcdip_invoice_00816.jpg,rvlcdip_invoice,invoice,1,0.9075,data/raw/pool/pos_rvlcdip_invoice_00816.jpg
data/raw/pool/pos_rvlcdip_invoice_00817.jpg,rvlcdip_invoice,invoice,1,0.9071,data/raw/pool/pos_rvlcdip_invoice_00817.jpg
data/raw/pool/pos_rvlcdip_invoice_00818.jpg,rvlcdip_invoice,invoice,1,0.9039,data/raw/pool/pos_rvlcdip_invoice_00818.jpg
data/raw/pool/pos_rvlcdip_invoice_00819.jpg,rvlcdip_invoice,invoice,1,0.9073,data/raw/pool/pos_rvlcdip_invoice_00819.jpg
data/raw/pool/pos_rvlcdip_invoice_00820.jpg,rvlcdip_invoice,invoice,1,0.9069,data/raw/pool/pos_rvlcdip_invoice_00820.jpg
data/raw/pool/pos_rvlcdip_invoice_00821.jpg,rvlcdip_invoice,invoice,1,0.9077,data/raw/pool/pos_rvlcdip_invoice_00821.jpg
data/raw/pool/pos_rvlcdip_invoice_00822.jpg,rvlcdip_invoice,invoice,1,0.8602,data/raw/pool/pos_rvlcdip_invoice_00822.jpg
data/raw/pool/pos_rvlcdip_invoice_00823.jpg,rvlcdip_invoice,invoice,1,0.9079,data/raw/pool/pos_rvlcdip_invoice_00823.jpg
data/raw/pool/pos_rvlcdip_invoice_00824.jpg,rvlcdip_invoice,invoice,1,0.9071,data/raw/pool/pos_rvlcdip_invoice_00824.jpg
data/raw/pool/pos_rvlcdip_invoice_00825.jpg,rvlcdip_invoice,invoice,1,0.9048,data/raw/pool/pos_rvlcdip_invoice_00825.jpg
data/raw/pool/pos_rvlcdip_invoice_00826.jpg,rvlcdip_invoice,invoice,1,0.8969,data/raw/pool/pos_rvlcdip_invoice_00826.jpg
data/raw/pool/pos_rvlcdip_invoice_00827.jpg,rvlcdip_invoice,invoice,1,0.9082,data/raw/pool/pos_rvlcdip_invoice_00827.jpg
data/raw/pool/pos_rvlcdip_invoice_00828.jpg,rvlcdip_invoice,invoice,1,0.9044,data/raw/pool/pos_rvlcdip_invoice_00828.jpg
data/raw/pool/pos_rvlcdip_invoice_00829.jpg,rvlcdip_invoice,invoice,1,0.9066,data/raw/pool/pos_rvlcdip_invoice_00829.jpg
data/raw/pool/pos_rvlcdip_invoice_00830.jpg,rvlcdip_invoice,invoice,1,0.9046,data/raw/pool/pos_rvlcdip_invoice_00830.jpg
data/raw/pool/pos_rvlcdip_invoice_00831.jpg,rvlcdip_invoice,invoice,1,0.9067,data/raw/pool/pos_rvlcdip_invoice_00831.jpg
data/raw/pool/pos_rvlcdip_invoice_00832.jpg,rvlcdip_invoice,invoice,1,0.8464,data/raw/pool/pos_rvlcdip_invoice_00832.jpg
data/raw/pool/pos_rvlcdip_invoice_00833.jpg,rvlcdip_invoice,invoice,1,0.9083,data/raw/pool/pos_rvlcdip_invoice_00833.jpg
data/raw/pool/pos_rvlcdip_invoice_00834.jpg,rvlcdip_invoice,invoice,1,0.9062,data/raw/pool/pos_rvlcdip_invoice_00834.jpg
data/raw/pool/pos_rvlcdip_invoice_00835.jpg,rvlcdip_invoice,invoice,1,0.9067,data/raw/pool/pos_rvlcdip_invoice_00835.jpg
data/raw/pool/pos_rvlcdip_invoice_00836.jpg,rvlcdip_invoice,invoice,1,0.9085,data/raw/pool/pos_rvlcdip_invoice_00836.jpg
data/raw/pool/pos_rvlcdip_invoice_00837.jpg,rvlcdip_invoice,invoice,1,0.9063,data/raw/pool/pos_rvlcdip_invoice_00837.jpg
data/raw/pool/pos_rvlcdip_invoice_00838.jpg,rvlcdip_invoice,invoice,1,0.9048,data/raw/pool/pos_rvlcdip_invoice_00838.jpg
data/raw/pool/pos_rvlcdip_invoice_00839.jpg,rvlcdip_invoice,invoice,1,0.9061,data/raw/pool/pos_rvlcdip_invoice_00839.jpg
data/raw/pool/pos_rvlcdip_invoice_00840.jpg,rvlcdip_invoice,budget,1,0.7479,data/raw/pool/pos_rvlcdip_invoice_00840.jpg
data/raw/pool/pos_rvlcdip_invoice_00841.jpg,rvlcdip_invoice,invoice,1,0.9076,data/raw/pool/pos_rvlcdip_invoice_00841.jpg
data/raw/pool/pos_rvlcdip_invoice_00842.jpg,rvlcdip_invoice,invoice,1,0.9061,data/raw/pool/pos_rvlcdip_invoice_00842.jpg
data/raw/pool/pos_rvlcdip_invoice_00843.jpg,rvlcdip_invoice,invoice,1,0.9071,data/raw/pool/pos_rvlcdip_invoice_00843.jpg
data/raw/pool/pos_rvlcdip_invoice_00844.jpg,rvlcdip_invoice,invoice,1,0.8944,data/raw/pool/pos_rvlcdip_invoice_00844.jpg
data/raw/pool/pos_rvlcdip_invoice_00845.jpg,rvlcdip_invoice,invoice,1,0.9084,data/raw/pool/pos_rvlcdip_invoice_00845.jpg
data/raw/pool/pos_rvlcdip_invoice_00846.jpg,rvlcdip_invoice,invoice,1,0.9075,data/raw/pool/pos_rvlcdip_invoice_00846.jpg
data/raw/pool/pos_rvlcdip_invoice_00847.jpg,rvlcdip_invoice,invoice,1,0.9048,data/raw/pool/pos_rvlcdip_invoice_00847.jpg
data/raw/pool/pos_rvlcdip_invoice_00848.jpg,rvlcdip_invoice,invoice,1,0.9062,data/raw/pool/pos_rvlcdip_invoice_00848.jpg
data/raw/pool/pos_rvlcdip_invoice_00849.jpg,rvlcdip_invoice,invoice,1,0.8131,data/raw/pool/pos_rvlcdip_invoice_00849.jpg
data/raw/pool/pos_rvlcdip_invoice_00850.jpg,rvlcdip_invoice,invoice,1,0.9066,data/raw/pool/pos_rvlcdip_invoice_00850.jpg
data/raw/pool/pos_rvlcdip_invoice_00851.jpg,rvlcdip_invoice,invoice,1,0.9076,data/raw/pool/pos_rvlcdip_invoice_00851.jpg
data/raw/pool/pos_rvlcdip_invoice_00852.jpg,rvlcdip_invoice,invoice,1,0.6967,data/raw/pool/pos_rvlcdip_invoice_00852.jpg
data/raw/pool/pos_rvlcdip_invoice_00853.jpg,rvlcdip_invoice,invoice,1,0.9056,data/raw/pool/pos_rvlcdip_invoice_00853.jpg
data/raw/pool/pos_rvlcdip_invoice_00854.jpg,rvlcdip_invoice,invoice,1,0.9072,data/raw/pool/pos_rvlcdip_invoice_00854.jpg
data/raw/pool/pos_rvlcdip_invoice_00855.jpg,rvlcdip_invoice,invoice,1,0.9062,data/raw/pool/pos_rvlcdip_invoice_00855.jpg
data/raw/pool/pos_rvlcdip_invoice_00856.jpg,rvlcdip_invoice,invoice,1,0.9083,data/raw/pool/pos_rvlcdip_invoice_00856.jpg
data/raw/pool/pos_rvlcdip_invoice_00857.jpg,rvlcdip_invoice,invoice,1,0.9038,data/raw/pool/pos_rvlcdip_invoice_00857.jpg
data/raw/pool/pos_rvlcdip_invoice_00858.jpg,rvlcdip_invoice,invoice,1,0.9077,data/raw/pool/pos_rvlcdip_invoice_00858.jpg
data/raw/pool/pos_rvlcdip_invoice_00859.jpg,rvlcdip_invoice,invoice,1,0.9058,data/raw/pool/pos_rvlcdip_invoice_00859.jpg
data/raw/pool/pos_rvlcdip_invoice_00860.jpg,rvlcdip_invoice,invoice,1,0.9069,data/raw/pool/pos_rvlcdip_invoice_00860.jpg
data/raw/pool/pos_rvlcdip_invoice_00861.jpg,rvlcdip_invoice,invoice,1,0.9078,data/raw/pool/pos_rvlcdip_invoice_00861.jpg
data/raw/pool/pos_rvlcdip_invoice_00862.jpg,rvlcdip_invoice,invoice,1,0.9069,data/raw/pool/pos_rvlcdip_invoice_00862.jpg
data/raw/pool/pos_rvlcdip_invoice_00863.jpg,rvlcdip_invoice,invoice,1,0.8823,data/raw/pool/pos_rvlcdip_invoice_00863.jpg
data/raw/pool/pos_rvlcdip_invoice_00864.jpg,rvlcdip_invoice,invoice,1,0.9091,data/raw/pool/pos_rvlcdip_invoice_00864.jpg
data/raw/pool/pos_rvlcdip_invoice_00865.jpg,rvlcdip_invoice,invoice,1,0.9085,data/raw/pool/pos_rvlcdip_invoice_00865.jpg
data/raw/pool/pos_rvlcdip_invoice_00866.jpg,rvlcdip_invoice,invoice,1,0.9024,data/raw/pool/pos_rvlcdip_invoice_00866.jpg
data/raw/pool/pos_rvlcdip_invoice_00867.jpg,rvlcdip_invoice,invoice,1,0.9074,data/raw/pool/pos_rvlcdip_invoice_00867.jpg
data/raw/pool/pos_rvlcdip_invoice_00868.jpg,rvlcdip_invoice,invoice,1,0.8830,data/raw/pool/pos_rvlcdip_invoice_00868.jpg
data/raw/pool/pos_rvlcdip_invoice_00869.jpg,rvlcdip_invoice,invoice,1,0.9037,data/raw/pool/pos_rvlcdip_invoice_00869.jpg
data/raw/pool/pos_rvlcdip_invoice_00870.jpg,rvlcdip_invoice,invoice,1,0.7526,data/raw/pool/pos_rvlcdip_invoice_00870.jpg
data/raw/pool/pos_rvlcdip_invoice_00871.jpg,rvlcdip_invoice,invoice,1,0.9087,data/raw/pool/pos_rvlcdip_invoice_00871.jpg
data/raw/pool/pos_rvlcdip_invoice_00872.jpg,rvlcdip_invoice,invoice,1,0.9074,data/raw/pool/pos_rvlcdip_invoice_00872.jpg
data/raw/pool/pos_rvlcdip_invoice_00873.jpg,rvlcdip_invoice,invoice,1,0.9014,data/raw/pool/pos_rvlcdip_invoice_00873.jpg
data/raw/pool/pos_rvlcdip_invoice_00874.jpg,rvlcdip_invoice,invoice,1,0.9077,data/raw/pool/pos_rvlcdip_invoice_00874.jpg
data/raw/pool/pos_rvlcdip_invoice_00875.jpg,rvlcdip_invoice,invoice,1,0.5031,data/raw/pool/pos_rvlcdip_invoice_00875.jpg
data/raw/pool/pos_rvlcdip_invoice_00876.jpg,rvlcdip_invoice,invoice,1,0.9047,data/raw/pool/pos_rvlcdip_invoice_00876.jpg
data/raw/pool/pos_rvlcdip_invoice_00877.jpg,rvlcdip_invoice,invoice,1,0.8989,data/raw/pool/pos_rvlcdip_invoice_00877.jpg
data/raw/pool/pos_rvlcdip_invoice_00878.jpg,rvlcdip_invoice,invoice,1,0.9078,data/raw/pool/pos_rvlcdip_invoice_00878.jpg
data/raw/pool/pos_rvlcdip_invoice_00879.jpg,rvlcdip_invoice,invoice,1,0.9078,data/raw/pool/pos_rvlcdip_invoice_00879.jpg
data/raw/pool/pos_rvlcdip_invoice_00880.jpg,rvlcdip_invoice,invoice,1,0.9070,data/raw/pool/pos_rvlcdip_invoice_00880.jpg
data/raw/pool/pos_rvlcdip_invoice_00881.jpg,rvlcdip_invoice,handwritten,1,0.3146,data/raw/pool/pos_rvlcdip_invoice_00881.jpg
data/raw/pool/pos_rvlcdip_invoice_00882.jpg,rvlcdip_invoice,invoice,1,0.9067,data/raw/pool/pos_rvlcdip_invoice_00882.jpg
data/raw/pool/pos_rvlcdip_invoice_00883.jpg,rvlcdip_invoice,invoice,1,0.9051,data/raw/pool/pos_rvlcdip_invoice_00883.jpg
data/raw/pool/pos_rvlcdip_invoice_00884.jpg,rvlcdip_invoice,invoice,1,0.9070,data/raw/pool/pos_rvlcdip_invoice_00884.jpg
data/raw/pool/pos_rvlcdip_invoice_00885.jpg,rvlcdip_invoice,invoice,1,0.9080,data/raw/pool/pos_rvlcdip_invoice_00885.jpg
data/raw/pool/pos_rvlcdip_invoice_00886.jpg,rvlcdip_invoice,invoice,1,0.7884,data/raw/pool/pos_rvlcdip_invoice_00886.jpg
data/raw/pool/pos_rvlcdip_invoice_00887.jpg,rvlcdip_invoice,invoice,1,0.9080,data/raw/pool/pos_rvlcdip_invoice_00887.jpg
data/raw/pool/pos_rvlcdip_invoice_00888.jpg,rvlcdip_invoice,invoice,1,0.9069,data/raw/pool/pos_rvlcdip_invoice_00888.jpg
data/raw/pool/pos_rvlcdip_invoice_00889.jpg,rvlcdip_invoice,invoice,1,0.9084,data/raw/pool/pos_rvlcdip_invoice_00889.jpg
data/raw/pool/pos_rvlcdip_invoice_00890.jpg,rvlcdip_invoice,invoice,1,0.9037,data/raw/pool/pos_rvlcdip_invoice_00890.jpg
data/raw/pool/pos_rvlcdip_invoice_00891.jpg,rvlcdip_invoice,invoice,1,0.9068,data/raw/pool/pos_rvlcdip_invoice_00891.jpg
data/raw/pool/pos_rvlcdip_invoice_00892.jpg,rvlcdip_invoice,invoice,1,0.9084,data/raw/pool/pos_rvlcdip_invoice_00892.jpg
data/raw/pool/pos_rvlcdip_invoice_00893.jpg,rvlcdip_invoice,invoice,1,0.9078,data/raw/pool/pos_rvlcdip_invoice_00893.jpg
data/raw/pool/pos_rvlcdip_invoice_00894.jpg,rvlcdip_invoice,invoice,1,0.9084,data/raw/pool/pos_rvlcdip_invoice_00894.jpg
data/raw/pool/pos_rvlcdip_invoice_00895.jpg,rvlcdip_invoice,invoice,1,0.9027,data/raw/pool/pos_rvlcdip_invoice_00895.jpg
data/raw/pool/pos_rvlcdip_invoice_00896.jpg,rvlcdip_invoice,invoice,1,0.9015,data/raw/pool/pos_rvlcdip_invoice_00896.jpg
data/raw/pool/pos_rvlcdip_invoice_00897.jpg,rvlcdip_invoice,invoice,1,0.9061,data/raw/pool/pos_rvlcdip_invoice_00897.jpg
data/raw/pool/pos_rvlcdip_invoice_00898.jpg,rvlcdip_invoice,invoice,1,0.9083,data/raw/pool/pos_rvlcdip_invoice_00898.jpg
data/raw/pool/pos_rvlcdip_invoice_00899.jpg,rvlcdip_invoice,invoice,1,0.9077,data/raw/pool/pos_rvlcdip_invoice_00899.jpg
data/raw/pool/pos_rvlcdip_invoice_00900.jpg,rvlcdip_invoice,budget,1,0.6661,data/raw/pool/pos_rvlcdip_invoice_00900.jpg
data/raw/pool/pos_rvlcdip_invoice_00901.jpg,rvlcdip_invoice,invoice,1,0.9080,data/raw/pool/pos_rvlcdip_invoice_00901.jpg
data/raw/pool/pos_rvlcdip_invoice_00902.jpg,rvlcdip_invoice,invoice,1,0.9023,data/raw/pool/pos_rvlcdip_invoice_00902.jpg
data/raw/pool/pos_rvlcdip_invoice_00903.jpg,rvlcdip_invoice,invoice,1,0.8927,data/raw/pool/pos_rvlcdip_invoice_00903.jpg
data/raw/pool/pos_rvlcdip_invoice_00904.jpg,rvlcdip_invoice,invoice,1,0.9078,data/raw/pool/pos_rvlcdip_invoice_00904.jpg
data/raw/pool/pos_rvlcdip_invoice_00905.jpg,rvlcdip_invoice,invoice,1,0.9068,data/raw/pool/pos_rvlcdip_invoice_00905.jpg
data/raw/pool/pos_rvlcdip_invoice_00906.jpg,rvlcdip_invoice,invoice,1,0.8824,data/raw/pool/pos_rvlcdip_invoice_00906.jpg
data/raw/pool/pos_rvlcdip_invoice_00907.jpg,rvlcdip_invoice,invoice,1,0.9069,data/raw/pool/pos_rvlcdip_invoice_00907.jpg
data/raw/pool/pos_rvlcdip_invoice_00908.jpg,rvlcdip_invoice,invoice,1,0.9057,data/raw/pool/pos_rvlcdip_invoice_00908.jpg
data/raw/pool/pos_rvlcdip_invoice_00909.jpg,rvlcdip_invoice,handwritten,1,0.7231,data/raw/pool/pos_rvlcdip_invoice_00909.jpg
data/raw/pool/pos_rvlcdip_invoice_00910.jpg,rvlcdip_invoice,invoice,1,0.9069,data/raw/pool/pos_rvlcdip_invoice_00910.jpg
data/raw/pool/pos_rvlcdip_invoice_00911.jpg,rvlcdip_invoice,invoice,1,0.9069,data/raw/pool/pos_rvlcdip_invoice_00911.jpg
data/raw/pool/pos_rvlcdip_invoice_00912.jpg,rvlcdip_invoice,invoice,1,0.9050,data/raw/pool/pos_rvlcdip_invoice_00912.jpg
data/raw/pool/pos_rvlcdip_invoice_00913.jpg,rvlcdip_invoice,invoice,1,0.9055,data/raw/pool/pos_rvlcdip_invoice_00913.jpg
data/raw/pool/pos_rvlcdip_invoice_00914.jpg,rvlcdip_invoice,invoice,1,0.9046,data/raw/pool/pos_rvlcdip_invoice_00914.jpg
data/raw/pool/pos_rvlcdip_invoice_00915.jpg,rvlcdip_invoice,invoice,1,0.9066,data/raw/pool/pos_rvlcdip_invoice_00915.jpg
data/raw/pool/pos_rvlcdip_invoice_00916.jpg,rvlcdip_invoice,invoice,1,0.8977,data/raw/pool/pos_rvlcdip_invoice_00916.jpg
data/raw/pool/pos_rvlcdip_invoice_00917.jpg,rvlcdip_invoice,invoice,1,0.9060,data/raw/pool/pos_rvlcdip_invoice_00917.jpg
data/raw/pool/pos_rvlcdip_invoice_00918.jpg,rvlcdip_invoice,invoice,1,0.8760,data/raw/pool/pos_rvlcdip_invoice_00918.jpg
data/raw/pool/pos_rvlcdip_invoice_00919.jpg,rvlcdip_invoice,invoice,1,0.7658,data/raw/pool/pos_rvlcdip_invoice_00919.jpg
data/raw/pool/pos_rvlcdip_invoice_00920.jpg,rvlcdip_invoice,invoice,1,0.9081,data/raw/pool/pos_rvlcdip_invoice_00920.jpg
data/raw/pool/pos_rvlcdip_invoice_00921.jpg,rvlcdip_invoice,invoice,1,0.9048,data/raw/pool/pos_rvlcdip_invoice_00921.jpg
data/raw/pool/pos_rvlcdip_invoice_00922.jpg,rvlcdip_invoice,invoice,1,0.9044,data/raw/pool/pos_rvlcdip_invoice_00922.jpg
data/raw/pool/pos_rvlcdip_invoice_00923.jpg,rvlcdip_invoice,invoice,1,0.9072,data/raw/pool/pos_rvlcdip_invoice_00923.jpg
data/raw/pool/pos_rvlcdip_invoice_00924.jpg,rvlcdip_invoice,invoice,1,0.5272,data/raw/pool/pos_rvlcdip_invoice_00924.jpg
data/raw/pool/pos_rvlcdip_invoice_00925.jpg,rvlcdip_invoice,invoice,1,0.9031,data/raw/pool/pos_rvlcdip_invoice_00925.jpg
data/raw/pool/pos_rvlcdip_invoice_00926.jpg,rvlcdip_invoice,invoice,1,0.8918,data/raw/pool/pos_rvlcdip_invoice_00926.jpg
data/raw/pool/pos_rvlcdip_invoice_00927.jpg,rvlcdip_invoice,invoice,1,0.9067,data/raw/pool/pos_rvlcdip_invoice_00927.jpg
data/raw/pool/pos_rvlcdip_invoice_00928.jpg,rvlcdip_invoice,invoice,1,0.9026,data/raw/pool/pos_rvlcdip_invoice_00928.jpg
data/raw/pool/pos_rvlcdip_invoice_00929.jpg,rvlcdip_invoice,invoice,1,0.6326,data/raw/pool/pos_rvlcdip_invoice_00929.jpg
data/raw/pool/pos_rvlcdip_invoice_00930.jpg,rvlcdip_invoice,invoice,1,0.9041,data/raw/pool/pos_rvlcdip_invoice_00930.jpg
data/raw/pool/pos_rvlcdip_invoice_00931.jpg,rvlcdip_invoice,invoice,1,0.9043,data/raw/pool/pos_rvlcdip_invoice_00931.jpg
data/raw/pool/pos_rvlcdip_invoice_00932.jpg,rvlcdip_invoice,invoice,1,0.9058,data/raw/pool/pos_rvlcdip_invoice_00932.jpg
data/raw/pool/pos_rvlcdip_invoice_00933.jpg,rvlcdip_invoice,invoice,1,0.9036,data/raw/pool/pos_rvlcdip_invoice_00933.jpg
data/raw/pool/pos_rvlcdip_invoice_00934.jpg,rvlcdip_invoice,invoice,1,0.9062,data/raw/pool/pos_rvlcdip_invoice_00934.jpg
data/raw/pool/pos_rvlcdip_invoice_00935.jpg,rvlcdip_invoice,invoice,1,0.9035,data/raw/pool/pos_rvlcdip_invoice_00935.jpg
data/raw/pool/pos_rvlcdip_invoice_00936.jpg,rvlcdip_invoice,invoice,1,0.8181,data/raw/pool/pos_rvlcdip_invoice_00936.jpg
data/raw/pool/pos_rvlcdip_invoice_00937.jpg,rvlcdip_invoice,invoice,1,0.9063,data/raw/pool/pos_rvlcdip_invoice_00937.jpg
data/raw/pool/pos_rvlcdip_invoice_00938.jpg,rvlcdip_invoice,invoice,1,0.9089,data/raw/pool/pos_rvlcdip_invoice_00938.jpg
data/raw/pool/pos_rvlcdip_invoice_00939.jpg,rvlcdip_invoice,invoice,1,0.9018,data/raw/pool/pos_rvlcdip_invoice_00939.jpg
data/raw/pool/pos_rvlcdip_invoice_00940.jpg,rvlcdip_invoice,invoice,1,0.9063,data/raw/pool/pos_rvlcdip_invoice_00940.jpg
data/raw/pool/pos_rvlcdip_invoice_00941.jpg,rvlcdip_invoice,budget,1,0.8997,data/raw/pool/pos_rvlcdip_invoice_00941.jpg
data/raw/pool/pos_rvlcdip_invoice_00942.jpg,rvlcdip_invoice,invoice,1,0.6663,data/raw/pool/pos_rvlcdip_invoice_00942.jpg
data/raw/pool/pos_rvlcdip_invoice_00943.jpg,rvlcdip_invoice,invoice,1,0.9053,data/raw/pool/pos_rvlcdip_invoice_00943.jpg
data/raw/pool/pos_rvlcdip_invoice_00944.jpg,rvlcdip_invoice,invoice,1,0.9064,data/raw/pool/pos_rvlcdip_invoice_00944.jpg
data/raw/pool/pos_rvlcdip_invoice_00945.jpg,rvlcdip_invoice,invoice,1,0.9062,data/raw/pool/pos_rvlcdip_invoice_00945.jpg
data/raw/pool/pos_rvlcdip_invoice_00946.jpg,rvlcdip_invoice,invoice,1,0.8991,data/raw/pool/pos_rvlcdip_invoice_00946.jpg
data/raw/pool/pos_rvlcdip_invoice_00947.jpg,rvlcdip_invoice,invoice,1,0.9061,data/raw/pool/pos_rvlcdip_invoice_00947.jpg
data/raw/pool/pos_rvlcdip_invoice_00948.jpg,rvlcdip_invoice,invoice,1,0.9060,data/raw/pool/pos_rvlcdip_invoice_00948.jpg
data/raw/pool/pos_rvlcdip_invoice_00949.jpg,rvlcdip_invoice,invoice,1,0.9053,data/raw/pool/pos_rvlcdip_invoice_00949.jpg
data/raw/pool/pos_rvlcdip_invoice_00950.jpg,rvlcdip_invoice,invoice,1,0.9040,data/raw/pool/pos_rvlcdip_invoice_00950.jpg
data/raw/pool/pos_rvlcdip_invoice_00951.jpg,rvlcdip_invoice,invoice,1,0.9067,data/raw/pool/pos_rvlcdip_invoice_00951.jpg
data/raw/pool/pos_rvlcdip_invoice_00952.jpg,rvlcdip_invoice,invoice,1,0.9075,data/raw/pool/pos_rvlcdip_invoice_00952.jpg
data/raw/pool/pos_rvlcdip_invoice_00953.jpg,rvlcdip_invoice,invoice,1,0.9081,data/raw/pool/pos_rvlcdip_invoice_00953.jpg
data/raw/pool/pos_rvlcdip_invoice_00954.jpg,rvlcdip_invoice,letter,1,0.4592,data/raw/pool/pos_rvlcdip_invoice_00954.jpg
data/raw/pool/pos_rvlcdip_invoice_00955.jpg,rvlcdip_invoice,invoice,1,0.8985,data/raw/pool/pos_rvlcdip_invoice_00955.jpg
data/raw/pool/pos_rvlcdip_invoice_00956.jpg,rvlcdip_invoice,invoice,1,0.9074,data/raw/pool/pos_rvlcdip_invoice_00956.jpg
data/raw/pool/pos_rvlcdip_invoice_00957.jpg,rvlcdip_invoice,invoice,1,0.8975,data/raw/pool/pos_rvlcdip_invoice_00957.jpg
data/raw/pool/pos_rvlcdip_invoice_00958.jpg,rvlcdip_invoice,invoice,1,0.9052,data/raw/pool/pos_rvlcdip_invoice_00958.jpg
data/raw/pool/pos_rvlcdip_invoice_00959.jpg,rvlcdip_invoice,invoice,1,0.9072,data/raw/pool/pos_rvlcdip_invoice_00959.jpg
data/raw/pool/pos_rvlcdip_invoice_00960.jpg,rvlcdip_invoice,invoice,1,0.9074,data/raw/pool/pos_rvlcdip_invoice_00960.jpg
data/raw/pool/pos_rvlcdip_invoice_00961.jpg,rvlcdip_invoice,invoice,1,0.9087,data/raw/pool/pos_rvlcdip_invoice_00961.jpg
data/raw/pool/pos_rvlcdip_invoice_00962.jpg,rvlcdip_invoice,invoice,1,0.5557,data/raw/pool/pos_rvlcdip_invoice_00962.jpg
data/raw/pool/pos_rvlcdip_invoice_00963.jpg,rvlcdip_invoice,invoice,1,0.9057,data/raw/pool/pos_rvlcdip_invoice_00963.jpg
data/raw/pool/pos_rvlcdip_invoice_00964.jpg,rvlcdip_invoice,invoice,1,0.9075,data/raw/pool/pos_rvlcdip_invoice_00964.jpg
data/raw/pool/pos_rvlcdip_invoice_00965.jpg,rvlcdip_invoice,invoice,1,0.9076,data/raw/pool/pos_rvlcdip_invoice_00965.jpg
data/raw/pool/pos_rvlcdip_invoice_00966.jpg,rvlcdip_invoice,invoice,1,0.9087,data/raw/pool/pos_rvlcdip_invoice_00966.jpg
data/raw/pool/pos_rvlcdip_invoice_00967.jpg,rvlcdip_invoice,invoice,1,0.9078,data/raw/pool/pos_rvlcdip_invoice_00967.jpg
data/raw/pool/pos_rvlcdip_invoice_00968.jpg,rvlcdip_invoice,invoice,1,0.7983,data/raw/pool/pos_rvlcdip_invoice_00968.jpg
data/raw/pool/pos_rvlcdip_invoice_00969.jpg,rvlcdip_invoice,file folder,1,0.7703,data/raw/pool/pos_rvlcdip_invoice_00969.jpg
data/raw/pool/pos_rvlcdip_invoice_00970.jpg,rvlcdip_invoice,invoice,1,0.8860,data/raw/pool/pos_rvlcdip_invoice_00970.jpg
data/raw/pool/pos_rvlcdip_invoice_00971.jpg,rvlcdip_invoice,invoice,1,0.9092,data/raw/pool/pos_rvlcdip_invoice_00971.jpg
data/raw/pool/pos_rvlcdip_invoice_00972.jpg,rvlcdip_invoice,invoice,1,0.9058,data/raw/pool/pos_rvlcdip_invoice_00972.jpg
data/raw/pool/pos_rvlcdip_invoice_00973.jpg,rvlcdip_invoice,invoice,1,0.9067,data/raw/pool/pos_rvlcdip_invoice_00973.jpg
data/raw/pool/pos_rvlcdip_invoice_00974.jpg,rvlcdip_invoice,invoice,1,0.9078,data/raw/pool/pos_rvlcdip_invoice_00974.jpg
data/raw/pool/pos_rvlcdip_invoice_00975.jpg,rvlcdip_invoice,invoice,1,0.9069,data/raw/pool/pos_rvlcdip_invoice_00975.jpg
data/raw/pool/pos_rvlcdip_invoice_00976.jpg,rvlcdip_invoice,invoice,1,0.9028,data/raw/pool/pos_rvlcdip_invoice_00976.jpg
data/raw/pool/pos_rvlcdip_invoice_00977.jpg,rvlcdip_invoice,invoice,1,0.9075,data/raw/pool/pos_rvlcdip_invoice_00977.jpg
data/raw/pool/pos_rvlcdip_invoice_00978.jpg,rvlcdip_invoice,invoice,1,0.9038,data/raw/pool/pos_rvlcdip_invoice_00978.jpg
data/raw/pool/pos_rvlcdip_invoice_00979.jpg,rvlcdip_invoice,invoice,1,0.9064,data/raw/pool/pos_rvlcdip_invoice_00979.jpg
data/raw/pool/pos_rvlcdip_invoice_00980.jpg,rvlcdip_invoice,invoice,1,0.8959,data/raw/pool/pos_rvlcdip_invoice_00980.jpg
data/raw/pool/pos_rvlcdip_invoice_00981.jpg,rvlcdip_invoice,invoice,1,0.9076,data/raw/pool/pos_rvlcdip_invoice_00981.jpg
data/raw/pool/pos_rvlcdip_invoice_00982.jpg,rvlcdip_invoice,invoice,1,0.9044,data/raw/pool/pos_rvlcdip_invoice_00982.jpg
data/raw/pool/pos_rvlcdip_invoice_00983.jpg,rvlcdip_invoice,invoice,1,0.9042,data/raw/pool/pos_rvlcdip_invoice_00983.jpg
data/raw/pool/pos_rvlcdip_invoice_00984.jpg,rvlcdip_invoice,invoice,1,0.8309,data/raw/pool/pos_rvlcdip_invoice_00984.jpg
data/raw/pool/pos_rvlcdip_invoice_00985.jpg,rvlcdip_invoice,invoice,1,0.9067,data/raw/pool/pos_rvlcdip_invoice_00985.jpg
data/raw/pool/pos_rvlcdip_invoice_00986.jpg,rvlcdip_invoice,invoice,1,0.9064,data/raw/pool/pos_rvlcdip_invoice_00986.jpg
data/raw/pool/pos_rvlcdip_invoice_00987.jpg,rvlcdip_invoice,invoice,1,0.9048,data/raw/pool/pos_rvlcdip_invoice_00987.jpg
data/raw/pool/pos_rvlcdip_invoice_00988.jpg,rvlcdip_invoice,invoice,1,0.9061,data/raw/pool/pos_rvlcdip_invoice_00988.jpg
data/raw/pool/pos_rvlcdip_invoice_00989.jpg,rvlcdip_invoice,invoice,1,0.9083,data/raw/pool/pos_rvlcdip_invoice_00989.jpg
data/raw/pool/pos_rvlcdip_invoice_00990.jpg,rvlcdip_invoice,invoice,1,0.9070,data/raw/pool/pos_rvlcdip_invoice_00990.jpg
data/raw/pool/pos_rvlcdip_invoice_00991.jpg,rvlcdip_invoice,invoice,1,0.9074,data/raw/pool/pos_rvlcdip_invoice_00991.jpg
data/raw/pool/pos_rvlcdip_invoice_00992.jpg,rvlcdip_invoice,invoice,1,0.9076,data/raw/pool/pos_rvlcdip_invoice_00992.jpg
data/raw/pool/pos_rvlcdip_invoice_00993.jpg,rvlcdip_invoice,invoice,1,0.9067,data/raw/pool/pos_rvlcdip_invoice_00993.jpg
data/raw/pool/pos_rvlcdip_invoice_00994.jpg,rvlcdip_invoice,invoice,1,0.9059,data/raw/pool/pos_rvlcdip_invoice_00994.jpg
data/raw/pool/pos_rvlcdip_invoice_00995.jpg,rvlcdip_invoice,invoice,1,0.9066,data/raw/pool/pos_rvlcdip_invoice_00995.jpg
data/raw/pool/pos_rvlcdip_invoice_00996.jpg,rvlcdip_invoice,invoice,1,0.9058,data/raw/pool/pos_rvlcdip_invoice_00996.jpg
data/raw/pool/pos_rvlcdip_invoice_00997.jpg,rvlcdip_invoice,invoice,1,0.9068,data/raw/pool/pos_rvlcdip_invoice_00997.jpg
data/raw/pool/pos_rvlcdip_invoice_00998.jpg,rvlcdip_invoice,invoice,1,0.9077,data/raw/pool/pos_rvlcdip_invoice_00998.jpg
data/raw/pool/pos_rvlcdip_invoice_00999.jpg,rvlcdip_invoice,invoice,1,0.9068,data/raw/pool/pos_rvlcdip_invoice_00999.jpg
data/raw/pool/pos_rvlcdip_invoice_01000.jpg,rvlcdip_invoice,invoice,1,0.9064,data/raw/pool/pos_rvlcdip_invoice_01000.jpg
data/raw/pool/pos_rvlcdip_invoice_01001.jpg,rvlcdip_invoice,invoice,1,0.7730,data/raw/pool/pos_rvlcdip_invoice_01001.jpg
data/raw/pool/pos_rvlcdip_invoice_01002.jpg,rvlcdip_invoice,invoice,1,0.9071,data/raw/pool/pos_rvlcdip_invoice_01002.jpg
data/raw/pool/pos_rvlcdip_invoice_01003.jpg,rvlcdip_invoice,invoice,1,0.9080,data/raw/pool/pos_rvlcdip_invoice_01003.jpg
data/raw/pool/pos_rvlcdip_invoice_01004.jpg,rvlcdip_invoice,invoice,1,0.9074,data/raw/pool/pos_rvlcdip_invoice_01004.jpg
data/raw/pool/pos_rvlcdip_invoice_01005.jpg,rvlcdip_invoice,invoice,1,0.9077,data/raw/pool/pos_rvlcdip_invoice_01005.jpg
data/raw/pool/pos_rvlcdip_invoice_01006.jpg,rvlcdip_invoice,invoice,1,0.9071,data/raw/pool/pos_rvlcdip_invoice_01006.jpg
data/raw/pool/pos_rvlcdip_invoice_01007.jpg,rvlcdip_invoice,invoice,1,0.9113,data/raw/pool/pos_rvlcdip_invoice_01007.jpg
data/raw/pool/pos_rvlcdip_invoice_01008.jpg,rvlcdip_invoice,invoice,1,0.9093,data/raw/pool/pos_rvlcdip_invoice_01008.jpg
data/raw/pool/pos_rvlcdip_invoice_01009.jpg,rvlcdip_invoice,invoice,1,0.9040,data/raw/pool/pos_rvlcdip_invoice_01009.jpg
data/raw/pool/pos_rvlcdip_invoice_01010.jpg,rvlcdip_invoice,invoice,1,0.9062,data/raw/pool/pos_rvlcdip_invoice_01010.jpg
data/raw/pool/pos_rvlcdip_invoice_01011.jpg,rvlcdip_invoice,invoice,1,0.9047,data/raw/pool/pos_rvlcdip_invoice_01011.jpg
data/raw/pool/pos_rvlcdip_invoice_01012.jpg,rvlcdip_invoice,invoice,1,0.9070,data/raw/pool/pos_rvlcdip_invoice_01012.jpg
data/raw/pool/pos_rvlcdip_invoice_01013.jpg,rvlcdip_invoice,invoice,1,0.9040,data/raw/pool/pos_rvlcdip_invoice_01013.jpg
data/raw/pool/pos_rvlcdip_invoice_01014.jpg,rvlcdip_invoice,invoice,1,0.9075,data/raw/pool/pos_rvlcdip_invoice_01014.jpg
data/raw/pool/pos_rvlcdip_invoice_01015.jpg,rvlcdip_invoice,invoice,1,0.9070,data/raw/pool/pos_rvlcdip_invoice_01015.jpg
data/raw/pool/pos_rvlcdip_invoice_01016.jpg,rvlcdip_invoice,invoice,1,0.9078,data/raw/pool/pos_rvlcdip_invoice_01016.jpg
data/raw/pool/pos_rvlcdip_invoice_01017.jpg,rvlcdip_invoice,invoice,1,0.9082,data/raw/pool/pos_rvlcdip_invoice_01017.jpg
data/raw/pool/pos_rvlcdip_invoice_01018.jpg,rvlcdip_invoice,invoice,1,0.4692,data/raw/pool/pos_rvlcdip_invoice_01018.jpg
data/raw/pool/pos_rvlcdip_invoice_01019.jpg,rvlcdip_invoice,invoice,1,0.9041,data/raw/pool/pos_rvlcdip_invoice_01019.jpg
data/raw/pool/pos_rvlcdip_invoice_01020.jpg,rvlcdip_invoice,invoice,1,0.8932,data/raw/pool/pos_rvlcdip_invoice_01020.jpg
data/raw/pool/pos_rvlcdip_invoice_01021.jpg,rvlcdip_invoice,invoice,1,0.9072,data/raw/pool/pos_rvlcdip_invoice_01021.jpg
data/raw/pool/pos_rvlcdip_invoice_01022.jpg,rvlcdip_invoice,invoice,1,0.9057,data/raw/pool/pos_rvlcdip_invoice_01022.jpg
data/raw/pool/pos_rvlcdip_invoice_01023.jpg,rvlcdip_invoice,invoice,1,0.9053,data/raw/pool/pos_rvlcdip_invoice_01023.jpg
data/raw/pool/pos_rvlcdip_invoice_01024.jpg,rvlcdip_invoice,invoice,1,0.9060,data/raw/pool/pos_rvlcdip_invoice_01024.jpg
data/raw/pool/pos_rvlcdip_invoice_01025.jpg,rvlcdip_invoice,invoice,1,0.9025,data/raw/pool/pos_rvlcdip_invoice_01025.jpg
data/raw/pool/pos_rvlcdip_invoice_01026.jpg,rvlcdip_invoice,invoice,1,0.9081,data/raw/pool/pos_rvlcdip_invoice_01026.jpg
data/raw/pool/pos_rvlcdip_invoice_01027.jpg,rvlcdip_invoice,invoice,1,0.8870,data/raw/pool/pos_rvlcdip_invoice_01027.jpg
data/raw/pool/pos_rvlcdip_invoice_01028.jpg,rvlcdip_invoice,invoice,1,0.9107,data/raw/pool/pos_rvlcdip_invoice_01028.jpg
data/raw/pool/pos_rvlcdip_invoice_01029.jpg,rvlcdip_invoice,invoice,1,0.9102,data/raw/pool/pos_rvlcdip_invoice_01029.jpg
data/raw/pool/pos_rvlcdip_invoice_01030.jpg,rvlcdip_invoice,invoice,1,0.9067,data/raw/pool/pos_rvlcdip_invoice_01030.jpg
data/raw/pool/pos_rvlcdip_invoice_01031.jpg,rvlcdip_invoice,invoice,1,0.9079,data/raw/pool/pos_rvlcdip_invoice_01031.jpg
data/raw/pool/pos_rvlcdip_invoice_01032.jpg,rvlcdip_invoice,invoice,1,0.9053,data/raw/pool/pos_rvlcdip_invoice_01032.jpg
data/raw/pool/pos_rvlcdip_invoice_01033.jpg,rvlcdip_invoice,invoice,1,0.9087,data/raw/pool/pos_rvlcdip_invoice_01033.jpg
data/raw/pool/pos_rvlcdip_invoice_01034.jpg,rvlcdip_invoice,invoice,1,0.9029,data/raw/pool/pos_rvlcdip_invoice_01034.jpg
data/raw/pool/pos_rvlcdip_invoice_01035.jpg,rvlcdip_invoice,invoice,1,0.9065,data/raw/pool/pos_rvlcdip_invoice_01035.jpg
data/raw/pool/pos_rvlcdip_invoice_01036.jpg,rvlcdip_invoice,invoice,1,0.9061,data/raw/pool/pos_rvlcdip_invoice_01036.jpg
data/raw/pool/pos_rvlcdip_invoice_01037.jpg,rvlcdip_invoice,invoice,1,0.9042,data/raw/pool/pos_rvlcdip_invoice_01037.jpg
data/raw/pool/pos_rvlcdip_invoice_01038.jpg,rvlcdip_invoice,invoice,1,0.9012,data/raw/pool/pos_rvlcdip_invoice_01038.jpg
data/raw/pool/pos_rvlcdip_invoice_01039.jpg,rvlcdip_invoice,invoice,1,0.9050,data/raw/pool/pos_rvlcdip_invoice_01039.jpg
data/raw/pool/pos_rvlcdip_invoice_01040.jpg,rvlcdip_invoice,invoice,1,0.9040,data/raw/pool/pos_rvlcdip_invoice_01040.jpg
data/raw/pool/pos_rvlcdip_invoice_01041.jpg,rvlcdip_invoice,invoice,1,0.9047,data/raw/pool/pos_rvlcdip_invoice_01041.jpg
data/raw/pool/pos_rvlcdip_invoice_01042.jpg,rvlcdip_invoice,invoice,1,0.9069,data/raw/pool/pos_rvlcdip_invoice_01042.jpg
data/raw/pool/pos_rvlcdip_invoice_01043.jpg,rvlcdip_invoice,invoice,1,0.9052,data/raw/pool/pos_rvlcdip_invoice_01043.jpg
data/raw/pool/pos_rvlcdip_invoice_01044.jpg,rvlcdip_invoice,invoice,1,0.9059,data/raw/pool/pos_rvlcdip_invoice_01044.jpg
data/raw/pool/pos_rvlcdip_invoice_01045.jpg,rvlcdip_invoice,invoice,1,0.8901,data/raw/pool/pos_rvlcdip_invoice_01045.jpg
data/raw/pool/pos_rvlcdip_invoice_01046.jpg,rvlcdip_invoice,invoice,1,0.9071,data/raw/pool/pos_rvlcdip_invoice_01046.jpg
data/raw/pool/pos_rvlcdip_invoice_01047.jpg,rvlcdip_invoice,invoice,1,0.9070,data/raw/pool/pos_rvlcdip_invoice_01047.jpg
data/raw/pool/pos_rvlcdip_invoice_01048.jpg,rvlcdip_invoice,invoice,1,0.9051,data/raw/pool/pos_rvlcdip_invoice_01048.jpg
data/raw/pool/pos_rvlcdip_invoice_01049.jpg,rvlcdip_invoice,form,1,0.4517,data/raw/pool/pos_rvlcdip_invoice_01049.jpg
data/raw/pool/pos_rvlcdip_invoice_01050.jpg,rvlcdip_invoice,invoice,1,0.9066,data/raw/pool/pos_rvlcdip_invoice_01050.jpg
data/raw/pool/pos_rvlcdip_invoice_01051.jpg,rvlcdip_invoice,invoice,1,0.9035,data/raw/pool/pos_rvlcdip_invoice_01051.jpg
data/raw/pool/pos_rvlcdip_invoice_01052.jpg,rvlcdip_invoice,invoice,1,0.9075,data/raw/pool/pos_rvlcdip_invoice_01052.jpg
data/raw/pool/pos_rvlcdip_invoice_01053.jpg,rvlcdip_invoice,invoice,1,0.9069,data/raw/pool/pos_rvlcdip_invoice_01053.jpg
data/raw/pool/pos_rvlcdip_invoice_01054.jpg,rvlcdip_invoice,invoice,1,0.9057,data/raw/pool/pos_rvlcdip_invoice_01054.jpg
data/raw/pool/pos_rvlcdip_invoice_01055.jpg,rvlcdip_invoice,invoice,1,0.8675,data/raw/pool/pos_rvlcdip_invoice_01055.jpg
data/raw/pool/pos_rvlcdip_invoice_01056.jpg,rvlcdip_invoice,invoice,1,0.8770,data/raw/pool/pos_rvlcdip_invoice_01056.jpg
data/raw/pool/pos_rvlcdip_invoice_01057.jpg,rvlcdip_invoice,invoice,1,0.9051,data/raw/pool/pos_rvlcdip_invoice_01057.jpg
data/raw/pool/pos_rvlcdip_invoice_01058.jpg,rvlcdip_invoice,invoice,1,0.9039,data/raw/pool/pos_rvlcdip_invoice_01058.jpg
data/raw/pool/pos_rvlcdip_invoice_01059.jpg,rvlcdip_invoice,invoice,1,0.9072,data/raw/pool/pos_rvlcdip_invoice_01059.jpg
data/raw/pool/pos_rvlcdip_invoice_01060.jpg,rvlcdip_invoice,invoice,1,0.9054,data/raw/pool/pos_rvlcdip_invoice_01060.jpg
data/raw/pool/pos_rvlcdip_invoice_01061.jpg,rvlcdip_invoice,invoice,1,0.9036,data/raw/pool/pos_rvlcdip_invoice_01061.jpg
data/raw/pool/pos_rvlcdip_invoice_01062.jpg,rvlcdip_invoice,budget,1,0.8908,data/raw/pool/pos_rvlcdip_invoice_01062.jpg
data/raw/pool/pos_rvlcdip_invoice_01063.jpg,rvlcdip_invoice,invoice,1,0.9069,data/raw/pool/pos_rvlcdip_invoice_01063.jpg
data/raw/pool/pos_rvlcdip_invoice_01064.jpg,rvlcdip_invoice,invoice,1,0.9072,data/raw/pool/pos_rvlcdip_invoice_01064.jpg
data/raw/pool/pos_rvlcdip_invoice_01065.jpg,rvlcdip_invoice,invoice,1,0.9066,data/raw/pool/pos_rvlcdip_invoice_01065.jpg
data/raw/pool/pos_rvlcdip_invoice_01066.jpg,rvlcdip_invoice,invoice,1,0.9085,data/raw/pool/pos_rvlcdip_invoice_01066.jpg
data/raw/pool/pos_rvlcdip_invoice_01067.jpg,rvlcdip_invoice,invoice,1,0.8970,data/raw/pool/pos_rvlcdip_invoice_01067.jpg
data/raw/pool/pos_rvlcdip_invoice_01068.jpg,rvlcdip_invoice,invoice,1,0.7433,data/raw/pool/pos_rvlcdip_invoice_01068.jpg
data/raw/pool/pos_rvlcdip_invoice_01069.jpg,rvlcdip_invoice,invoice,1,0.9083,data/raw/pool/pos_rvlcdip_invoice_01069.jpg
data/raw/pool/pos_rvlcdip_invoice_01070.jpg,rvlcdip_invoice,invoice,1,0.9052,data/raw/pool/pos_rvlcdip_invoice_01070.jpg
data/raw/pool/pos_rvlcdip_invoice_01071.jpg,rvlcdip_invoice,invoice,1,0.8488,data/raw/pool/pos_rvlcdip_invoice_01071.jpg
data/raw/pool/pos_rvlcdip_invoice_01072.jpg,rvlcdip_invoice,invoice,1,0.9057,data/raw/pool/pos_rvlcdip_invoice_01072.jpg
data/raw/pool/pos_rvlcdip_invoice_01073.jpg,rvlcdip_invoice,invoice,1,0.9084,data/raw/pool/pos_rvlcdip_invoice_01073.jpg
data/raw/pool/pos_rvlcdip_invoice_01074.jpg,rvlcdip_invoice,invoice,1,0.9051,data/raw/pool/pos_rvlcdip_invoice_01074.jpg
data/raw/pool/pos_rvlcdip_invoice_01075.jpg,rvlcdip_invoice,invoice,1,0.9077,data/raw/pool/pos_rvlcdip_invoice_01075.jpg
data/raw/pool/pos_rvlcdip_invoice_01076.jpg,rvlcdip_invoice,invoice,1,0.9032,data/raw/pool/pos_rvlcdip_invoice_01076.jpg
data/raw/pool/pos_rvlcdip_invoice_01077.jpg,rvlcdip_invoice,invoice,1,0.9069,data/raw/pool/pos_rvlcdip_invoice_01077.jpg
data/raw/pool/pos_rvlcdip_invoice_01078.jpg,rvlcdip_invoice,invoice,1,0.9066,data/raw/pool/pos_rvlcdip_invoice_01078.jpg
data/raw/pool/pos_rvlcdip_invoice_01079.jpg,rvlcdip_invoice,invoice,1,0.8876,data/raw/pool/pos_rvlcdip_invoice_01079.jpg
data/raw/pool/pos_rvlcdip_invoice_01080.jpg,rvlcdip_invoice,invoice,1,0.9072,data/raw/pool/pos_rvlcdip_invoice_01080.jpg
data/raw/pool/pos_rvlcdip_invoice_01081.jpg,rvlcdip_invoice,invoice,1,0.9062,data/raw/pool/pos_rvlcdip_invoice_01081.jpg
data/raw/pool/pos_rvlcdip_invoice_01082.jpg,rvlcdip_invoice,invoice,1,0.8998,data/raw/pool/pos_rvlcdip_invoice_01082.jpg
data/raw/pool/pos_rvlcdip_invoice_01083.jpg,rvlcdip_invoice,invoice,1,0.9019,data/raw/pool/pos_rvlcdip_invoice_01083.jpg
data/raw/pool/pos_rvlcdip_invoice_01084.jpg,rvlcdip_invoice,invoice,1,0.9059,data/raw/pool/pos_rvlcdip_invoice_01084.jpg
data/raw/pool/pos_rvlcdip_invoice_01085.jpg,rvlcdip_invoice,invoice,1,0.9067,data/raw/pool/pos_rvlcdip_invoice_01085.jpg
data/raw/pool/pos_rvlcdip_invoice_01086.jpg,rvlcdip_invoice,invoice,1,0.9022,data/raw/pool/pos_rvlcdip_invoice_01086.jpg
data/raw/pool/pos_rvlcdip_invoice_01087.jpg,rvlcdip_invoice,invoice,1,0.9061,data/raw/pool/pos_rvlcdip_invoice_01087.jpg
data/raw/pool/pos_rvlcdip_invoice_01088.jpg,rvlcdip_invoice,invoice,1,0.9071,data/raw/pool/pos_rvlcdip_invoice_01088.jpg
data/raw/pool/pos_rvlcdip_invoice_01089.jpg,rvlcdip_invoice,invoice,1,0.9089,data/raw/pool/pos_rvlcdip_invoice_01089.jpg
data/raw/pool/pos_rvlcdip_invoice_01090.jpg,rvlcdip_invoice,invoice,1,0.9094,data/raw/pool/pos_rvlcdip_invoice_01090.jpg
data/raw/pool/pos_rvlcdip_invoice_01091.jpg,rvlcdip_invoice,invoice,1,0.8913,data/raw/pool/pos_rvlcdip_invoice_01091.jpg
data/raw/pool/pos_rvlcdip_invoice_01092.jpg,rvlcdip_invoice,invoice,1,0.9050,data/raw/pool/pos_rvlcdip_invoice_01092.jpg
data/raw/pool/pos_rvlcdip_invoice_01093.jpg,rvlcdip_invoice,invoice,1,0.9076,data/raw/pool/pos_rvlcdip_invoice_01093.jpg
data/raw/pool/pos_rvlcdip_invoice_01094.jpg,rvlcdip_invoice,invoice,1,0.9060,data/raw/pool/pos_rvlcdip_invoice_01094.jpg
data/raw/pool/pos_rvlcdip_invoice_01095.jpg,rvlcdip_invoice,invoice,1,0.9086,data/raw/pool/pos_rvlcdip_invoice_01095.jpg
data/raw/pool/pos_rvlcdip_invoice_01096.jpg,rvlcdip_invoice,invoice,1,0.9047,data/raw/pool/pos_rvlcdip_invoice_01096.jpg
data/raw/pool/pos_rvlcdip_invoice_01097.jpg,rvlcdip_invoice,invoice,1,0.9082,data/raw/pool/pos_rvlcdip_invoice_01097.jpg
data/raw/pool/pos_rvlcdip_invoice_01098.jpg,rvlcdip_invoice,invoice,1,0.9059,data/raw/pool/pos_rvlcdip_invoice_01098.jpg
data/raw/pool/pos_rvlcdip_invoice_01099.jpg,rvlcdip_invoice,invoice,1,0.9060,data/raw/pool/pos_rvlcdip_invoice_01099.jpg
data/raw/pool/pos_rvlcdip_invoice_01100.jpg,rvlcdip_invoice,invoice,1,0.9039,data/raw/pool/pos_rvlcdip_invoice_01100.jpg
data/raw/pool/pos_rvlcdip_invoice_01101.jpg,rvlcdip_invoice,invoice,1,0.9066,data/raw/pool/pos_rvlcdip_invoice_01101.jpg
data/raw/pool/pos_rvlcdip_invoice_01102.jpg,rvlcdip_invoice,invoice,1,0.9069,data/raw/pool/pos_rvlcdip_invoice_01102.jpg
data/raw/pool/pos_rvlcdip_invoice_01103.jpg,rvlcdip_invoice,invoice,1,0.9079,data/raw/pool/pos_rvlcdip_invoice_01103.jpg
data/raw/pool/pos_rvlcdip_invoice_01104.jpg,rvlcdip_invoice,invoice,1,0.9064,data/raw/pool/pos_rvlcdip_invoice_01104.jpg
data/raw/pool/pos_rvlcdip_invoice_01105.jpg,rvlcdip_invoice,invoice,1,0.9059,data/raw/pool/pos_rvlcdip_invoice_01105.jpg
data/raw/pool/pos_rvlcdip_invoice_01106.jpg,rvlcdip_invoice,invoice,1,0.9063,data/raw/pool/pos_rvlcdip_invoice_01106.jpg
data/raw/pool/pos_rvlcdip_invoice_01107.jpg,rvlcdip_invoice,invoice,1,0.9064,data/raw/pool/pos_rvlcdip_invoice_01107.jpg
data/raw/pool/pos_rvlcdip_invoice_01108.jpg,rvlcdip_invoice,invoice,1,0.7948,data/raw/pool/pos_rvlcdip_invoice_01108.jpg
data/raw/pool/pos_rvlcdip_invoice_01109.jpg,rvlcdip_invoice,invoice,1,0.8979,data/raw/pool/pos_rvlcdip_invoice_01109.jpg
data/raw/pool/pos_rvlcdip_invoice_01110.jpg,rvlcdip_invoice,invoice,1,0.9055,data/raw/pool/pos_rvlcdip_invoice_01110.jpg
data/raw/pool/pos_rvlcdip_invoice_01111.jpg,rvlcdip_invoice,invoice,1,0.9065,data/raw/pool/pos_rvlcdip_invoice_01111.jpg
data/raw/pool/pos_rvlcdip_invoice_01112.jpg,rvlcdip_invoice,invoice,1,0.9059,data/raw/pool/pos_rvlcdip_invoice_01112.jpg
data/raw/pool/pos_rvlcdip_invoice_01113.jpg,rvlcdip_invoice,invoice,1,0.9075,data/raw/pool/pos_rvlcdip_invoice_01113.jpg
data/raw/pool/pos_rvlcdip_invoice_01114.jpg,rvlcdip_invoice,invoice,1,0.9058,data/raw/pool/pos_rvlcdip_invoice_01114.jpg
data/raw/pool/pos_rvlcdip_invoice_01115.jpg,rvlcdip_invoice,invoice,1,0.9085,data/raw/pool/pos_rvlcdip_invoice_01115.jpg
data/raw/pool/pos_rvlcdip_invoice_01116.jpg,rvlcdip_invoice,invoice,1,0.9072,data/raw/pool/pos_rvlcdip_invoice_01116.jpg
data/raw/pool/pos_rvlcdip_invoice_01117.jpg,rvlcdip_invoice,invoice,1,0.8853,data/raw/pool/pos_rvlcdip_invoice_01117.jpg
data/raw/pool/pos_rvlcdip_invoice_01118.jpg,rvlcdip_invoice,invoice,1,0.9062,data/raw/pool/pos_rvlcdip_invoice_01118.jpg
data/raw/pool/pos_rvlcdip_invoice_01119.jpg,rvlcdip_invoice,invoice,1,0.9049,data/raw/pool/pos_rvlcdip_invoice_01119.jpg
data/raw/pool/pos_rvlcdip_invoice_01120.jpg,rvlcdip_invoice,invoice,1,0.9046,data/raw/pool/pos_rvlcdip_invoice_01120.jpg
data/raw/pool/pos_rvlcdip_invoice_01121.jpg,rvlcdip_invoice,form,1,0.8914,data/raw/pool/pos_rvlcdip_invoice_01121.jpg
data/raw/pool/pos_rvlcdip_invoice_01122.jpg,rvlcdip_invoice,invoice,1,0.9063,data/raw/pool/pos_rvlcdip_invoice_01122.jpg
data/raw/pool/pos_rvlcdip_invoice_01123.jpg,rvlcdip_invoice,invoice,1,0.9066,data/raw/pool/pos_rvlcdip_invoice_01123.jpg
data/raw/pool/pos_rvlcdip_invoice_01124.jpg,rvlcdip_invoice,invoice,1,0.9065,data/raw/pool/pos_rvlcdip_invoice_01124.jpg
data/raw/pool/pos_rvlcdip_invoice_01125.jpg,rvlcdip_invoice,invoice,1,0.9084,data/raw/pool/pos_rvlcdip_invoice_01125.jpg
data/raw/pool/pos_rvlcdip_invoice_01126.jpg,rvlcdip_invoice,invoice,1,0.8994,data/raw/pool/pos_rvlcdip_invoice_01126.jpg
data/raw/pool/pos_rvlcdip_invoice_01127.jpg,rvlcdip_invoice,invoice,1,0.9050,data/raw/pool/pos_rvlcdip_invoice_01127.jpg
data/raw/pool/pos_rvlcdip_invoice_01128.jpg,rvlcdip_invoice,invoice,1,0.9084,data/raw/pool/pos_rvlcdip_invoice_01128.jpg
data/raw/pool/pos_rvlcdip_invoice_01129.jpg,rvlcdip_invoice,invoice,1,0.9037,data/raw/pool/pos_rvlcdip_invoice_01129.jpg
data/raw/pool/pos_rvlcdip_invoice_01130.jpg,rvlcdip_invoice,invoice,1,0.8743,data/raw/pool/pos_rvlcdip_invoice_01130.jpg
data/raw/pool/pos_rvlcdip_invoice_01131.jpg,rvlcdip_invoice,invoice,1,0.9068,data/raw/pool/pos_rvlcdip_invoice_01131.jpg
data/raw/pool/pos_rvlcdip_invoice_01132.jpg,rvlcdip_invoice,invoice,1,0.9053,data/raw/pool/pos_rvlcdip_invoice_01132.jpg
data/raw/pool/pos_rvlcdip_invoice_01133.jpg,rvlcdip_invoice,invoice,1,0.9059,data/raw/pool/pos_rvlcdip_invoice_01133.jpg
data/raw/pool/pos_rvlcdip_invoice_01134.jpg,rvlcdip_invoice,invoice,1,0.9051,data/raw/pool/pos_rvlcdip_invoice_01134.jpg
data/raw/pool/pos_rvlcdip_invoice_01135.jpg,rvlcdip_invoice,invoice,1,0.9044,data/raw/pool/pos_rvlcdip_invoice_01135.jpg
data/raw/pool/pos_rvlcdip_invoice_01136.jpg,rvlcdip_invoice,invoice,1,0.9057,data/raw/pool/pos_rvlcdip_invoice_01136.jpg
data/raw/pool/pos_rvlcdip_invoice_01137.jpg,rvlcdip_invoice,invoice,1,0.9066,data/raw/pool/pos_rvlcdip_invoice_01137.jpg
data/raw/pool/pos_rvlcdip_invoice_01138.jpg,rvlcdip_invoice,invoice,1,0.9073,data/raw/pool/pos_rvlcdip_invoice_01138.jpg
data/raw/pool/pos_rvlcdip_invoice_01139.jpg,rvlcdip_invoice,invoice,1,0.9088,data/raw/pool/pos_rvlcdip_invoice_01139.jpg
data/raw/pool/pos_rvlcdip_invoice_01140.jpg,rvlcdip_invoice,invoice,1,0.8778,data/raw/pool/pos_rvlcdip_invoice_01140.jpg
data/raw/pool/pos_rvlcdip_invoice_01141.jpg,rvlcdip_invoice,invoice,1,0.9060,data/raw/pool/pos_rvlcdip_invoice_01141.jpg
data/raw/pool/pos_rvlcdip_invoice_01142.jpg,rvlcdip_invoice,invoice,1,0.9005,data/raw/pool/pos_rvlcdip_invoice_01142.jpg
data/raw/pool/pos_rvlcdip_invoice_01143.jpg,rvlcdip_invoice,invoice,1,0.8961,data/raw/pool/pos_rvlcdip_invoice_01143.jpg
data/raw/pool/pos_rvlcdip_invoice_01144.jpg,rvlcdip_invoice,invoice,1,0.9080,data/raw/pool/pos_rvlcdip_invoice_01144.jpg
data/raw/pool/pos_rvlcdip_invoice_01145.jpg,rvlcdip_invoice,invoice,1,0.7005,data/raw/pool/pos_rvlcdip_invoice_01145.jpg
data/raw/pool/pos_rvlcdip_invoice_01146.jpg,rvlcdip_invoice,invoice,1,0.9071,data/raw/pool/pos_rvlcdip_invoice_01146.jpg
data/raw/pool/pos_rvlcdip_invoice_01147.jpg,rvlcdip_invoice,invoice,1,0.9018,data/raw/pool/pos_rvlcdip_invoice_01147.jpg
data/raw/pool/pos_rvlcdip_invoice_01148.jpg,rvlcdip_invoice,invoice,1,0.9068,data/raw/pool/pos_rvlcdip_invoice_01148.jpg
data/raw/pool/pos_rvlcdip_invoice_01149.jpg,rvlcdip_invoice,invoice,1,0.9074,data/raw/pool/pos_rvlcdip_invoice_01149.jpg
data/raw/pool/pos_rvlcdip_invoice_01150.jpg,rvlcdip_invoice,invoice,1,0.9039,data/raw/pool/pos_rvlcdip_invoice_01150.jpg
data/raw/pool/pos_rvlcdip_invoice_01151.jpg,rvlcdip_invoice,invoice,1,0.9077,data/raw/pool/pos_rvlcdip_invoice_01151.jpg
data/raw/pool/pos_rvlcdip_invoice_01152.jpg,rvlcdip_invoice,invoice,1,0.9051,data/raw/pool/pos_rvlcdip_invoice_01152.jpg
data/raw/pool/pos_rvlcdip_invoice_01153.jpg,rvlcdip_invoice,invoice,1,0.9075,data/raw/pool/pos_rvlcdip_invoice_01153.jpg
data/raw/pool/pos_rvlcdip_invoice_01154.jpg,rvlcdip_invoice,invoice,1,0.9075,data/raw/pool/pos_rvlcdip_invoice_01154.jpg
data/raw/pool/pos_rvlcdip_invoice_01155.jpg,rvlcdip_invoice,invoice,1,0.8860,data/raw/pool/pos_rvlcdip_invoice_01155.jpg
data/raw/pool/pos_rvlcdip_invoice_01156.jpg,rvlcdip_invoice,invoice,1,0.9049,data/raw/pool/pos_rvlcdip_invoice_01156.jpg
data/raw/pool/pos_rvlcdip_invoice_01157.jpg,rvlcdip_invoice,invoice,1,0.9034,data/raw/pool/pos_rvlcdip_invoice_01157.jpg
data/raw/pool/pos_rvlcdip_invoice_01158.jpg,rvlcdip_invoice,invoice,1,0.9062,data/raw/pool/pos_rvlcdip_invoice_01158.jpg
data/raw/pool/pos_rvlcdip_invoice_01159.jpg,rvlcdip_invoice,invoice,1,0.8957,data/raw/pool/pos_rvlcdip_invoice_01159.jpg
data/raw/pool/pos_rvlcdip_invoice_01160.jpg,rvlcdip_invoice,invoice,1,0.9061,data/raw/pool/pos_rvlcdip_invoice_01160.jpg
data/raw/pool/pos_rvlcdip_invoice_01161.jpg,rvlcdip_invoice,invoice,1,0.8983,data/raw/pool/pos_rvlcdip_invoice_01161.jpg
data/raw/pool/pos_rvlcdip_invoice_01162.jpg,rvlcdip_invoice,invoice,1,0.9032,data/raw/pool/pos_rvlcdip_invoice_01162.jpg
data/raw/pool/pos_rvlcdip_invoice_01163.jpg,rvlcdip_invoice,invoice,1,0.9077,data/raw/pool/pos_rvlcdip_invoice_01163.jpg
data/raw/pool/pos_rvlcdip_invoice_01164.jpg,rvlcdip_invoice,invoice,1,0.9073,data/raw/pool/pos_rvlcdip_invoice_01164.jpg
data/raw/pool/pos_rvlcdip_invoice_01165.jpg,rvlcdip_invoice,invoice,1,0.9078,data/raw/pool/pos_rvlcdip_invoice_01165.jpg
data/raw/pool/pos_rvlcdip_invoice_01166.jpg,rvlcdip_invoice,invoice,1,0.9089,data/raw/pool/pos_rvlcdip_invoice_01166.jpg
data/raw/pool/pos_rvlcdip_invoice_01167.jpg,rvlcdip_invoice,invoice,1,0.9075,data/raw/pool/pos_rvlcdip_invoice_01167.jpg
data/raw/pool/pos_rvlcdip_invoice_01168.jpg,rvlcdip_invoice,invoice,1,0.8986,data/raw/pool/pos_rvlcdip_invoice_01168.jpg
data/raw/pool/pos_rvlcdip_invoice_01169.jpg,rvlcdip_invoice,invoice,1,0.9026,data/raw/pool/pos_rvlcdip_invoice_01169.jpg
data/raw/pool/pos_rvlcdip_invoice_01170.jpg,rvlcdip_invoice,invoice,1,0.9057,data/raw/pool/pos_rvlcdip_invoice_01170.jpg
data/raw/pool/pos_rvlcdip_invoice_01171.jpg,rvlcdip_invoice,invoice,1,0.9060,data/raw/pool/pos_rvlcdip_invoice_01171.jpg
data/raw/pool/pos_rvlcdip_invoice_01172.jpg,rvlcdip_invoice,invoice,1,0.9064,data/raw/pool/pos_rvlcdip_invoice_01172.jpg
data/raw/pool/pos_rvlcdip_invoice_01173.jpg,rvlcdip_invoice,invoice,1,0.9052,data/raw/pool/pos_rvlcdip_invoice_01173.jpg
data/raw/pool/pos_rvlcdip_invoice_01174.jpg,rvlcdip_invoice,invoice,1,0.8764,data/raw/pool/pos_rvlcdip_invoice_01174.jpg
data/raw/pool/pos_rvlcdip_invoice_01175.jpg,rvlcdip_invoice,invoice,1,0.9081,data/raw/pool/pos_rvlcdip_invoice_01175.jpg
data/raw/pool/pos_rvlcdip_invoice_01176.jpg,rvlcdip_invoice,invoice,1,0.9054,data/raw/pool/pos_rvlcdip_invoice_01176.jpg
data/raw/pool/pos_rvlcdip_invoice_01177.jpg,rvlcdip_invoice,invoice,1,0.9070,data/raw/pool/pos_rvlcdip_invoice_01177.jpg
data/raw/pool/pos_rvlcdip_invoice_01178.jpg,rvlcdip_invoice,invoice,1,0.9069,data/raw/pool/pos_rvlcdip_invoice_01178.jpg
data/raw/pool/pos_rvlcdip_invoice_01179.jpg,rvlcdip_invoice,invoice,1,0.9066,data/raw/pool/pos_rvlcdip_invoice_01179.jpg
data/raw/pool/pos_rvlcdip_invoice_01180.jpg,rvlcdip_invoice,invoice,1,0.9074,data/raw/pool/pos_rvlcdip_invoice_01180.jpg
data/raw/pool/pos_rvlcdip_invoice_01181.jpg,rvlcdip_invoice,memo,1,0.8390,data/raw/pool/pos_rvlcdip_invoice_01181.jpg
data/raw/pool/pos_rvlcdip_invoice_01182.jpg,rvlcdip_invoice,invoice,1,0.9042,data/raw/pool/pos_rvlcdip_invoice_01182.jpg
data/raw/pool/pos_rvlcdip_invoice_01183.jpg,rvlcdip_invoice,invoice,1,0.9074,data/raw/pool/pos_rvlcdip_invoice_01183.jpg
data/raw/pool/pos_rvlcdip_invoice_01184.jpg,rvlcdip_invoice,invoice,1,0.9085,data/raw/pool/pos_rvlcdip_invoice_01184.jpg
data/raw/pool/pos_rvlcdip_invoice_01185.jpg,rvlcdip_invoice,invoice,1,0.9050,data/raw/pool/pos_rvlcdip_invoice_01185.jpg
data/raw/pool/pos_rvlcdip_invoice_01186.jpg,rvlcdip_invoice,invoice,1,0.9018,data/raw/pool/pos_rvlcdip_invoice_01186.jpg
data/raw/pool/pos_rvlcdip_invoice_01187.jpg,rvlcdip_invoice,invoice,1,0.9054,data/raw/pool/pos_rvlcdip_invoice_01187.jpg
data/raw/pool/pos_rvlcdip_invoice_01188.jpg,rvlcdip_invoice,invoice,1,0.9078,data/raw/pool/pos_rvlcdip_invoice_01188.jpg
data/raw/pool/pos_rvlcdip_invoice_01189.jpg,rvlcdip_invoice,invoice,1,0.9052,data/raw/pool/pos_rvlcdip_invoice_01189.jpg
data/raw/pool/pos_rvlcdip_invoice_01190.jpg,rvlcdip_invoice,invoice,1,0.9080,data/raw/pool/pos_rvlcdip_invoice_01190.jpg
data/raw/pool/pos_rvlcdip_invoice_01191.jpg,rvlcdip_invoice,invoice,1,0.9048,data/raw/pool/pos_rvlcdip_invoice_01191.jpg
data/raw/pool/pos_rvlcdip_invoice_01192.jpg,rvlcdip_invoice,invoice,1,0.9036,data/raw/pool/pos_rvlcdip_invoice_01192.jpg
data/raw/pool/pos_rvlcdip_invoice_01193.jpg,rvlcdip_invoice,invoice,1,0.9063,data/raw/pool/pos_rvlcdip_invoice_01193.jpg
data/raw/pool/pos_rvlcdip_invoice_01194.jpg,rvlcdip_invoice,invoice,1,0.9059,data/raw/pool/pos_rvlcdip_invoice_01194.jpg
data/raw/pool/pos_rvlcdip_invoice_01195.jpg,rvlcdip_invoice,invoice,1,0.7410,data/raw/pool/pos_rvlcdip_invoice_01195.jpg
data/raw/pool/pos_rvlcdip_invoice_01196.jpg,rvlcdip_invoice,invoice,1,0.9057,data/raw/pool/pos_rvlcdip_invoice_01196.jpg
data/raw/pool/pos_rvlcdip_invoice_01197.jpg,rvlcdip_invoice,invoice,1,0.9095,data/raw/pool/pos_rvlcdip_invoice_01197.jpg
data/raw/pool/pos_rvlcdip_invoice_01198.jpg,rvlcdip_invoice,invoice,1,0.9082,data/raw/pool/pos_rvlcdip_invoice_01198.jpg
data/raw/pool/pos_rvlcdip_invoice_01199.jpg,rvlcdip_invoice,invoice,1,0.9069,data/raw/pool/pos_rvlcdip_invoice_01199.jpg
data/raw/pool/pos_rvlcdip_invoice_01200.jpg,rvlcdip_invoice,invoice,1,0.9043,data/raw/pool/pos_rvlcdip_invoice_01200.jpg
data/raw/pool/pos_rvlcdip_invoice_01201.jpg,rvlcdip_invoice,invoice,1,0.9054,data/raw/pool/pos_rvlcdip_invoice_01201.jpg
data/raw/pool/pos_rvlcdip_invoice_01202.jpg,rvlcdip_invoice,invoice,1,0.8790,data/raw/pool/pos_rvlcdip_invoice_01202.jpg
data/raw/pool/pos_rvlcdip_invoice_01203.jpg,rvlcdip_invoice,invoice,1,0.9063,data/raw/pool/pos_rvlcdip_invoice_01203.jpg
data/raw/pool/pos_rvlcdip_invoice_01204.jpg,rvlcdip_invoice,invoice,1,0.9071,data/raw/pool/pos_rvlcdip_invoice_01204.jpg
data/raw/pool/pos_rvlcdip_invoice_01205.jpg,rvlcdip_invoice,invoice,1,0.9079,data/raw/pool/pos_rvlcdip_invoice_01205.jpg
data/raw/pool/pos_rvlcdip_invoice_01206.jpg,rvlcdip_invoice,invoice,1,0.8994,data/raw/pool/pos_rvlcdip_invoice_01206.jpg
data/raw/pool/pos_rvlcdip_invoice_01207.jpg,rvlcdip_invoice,invoice,1,0.9065,data/raw/pool/pos_rvlcdip_invoice_01207.jpg
data/raw/pool/pos_rvlcdip_invoice_01208.jpg,rvlcdip_invoice,invoice,1,0.9088,data/raw/pool/pos_rvlcdip_invoice_01208.jpg
data/raw/pool/pos_rvlcdip_invoice_01209.jpg,rvlcdip_invoice,invoice,1,0.8876,data/raw/pool/pos_rvlcdip_invoice_01209.jpg
data/raw/pool/pos_rvlcdip_invoice_01210.jpg,rvlcdip_invoice,invoice,1,0.9054,data/raw/pool/pos_rvlcdip_invoice_01210.jpg
data/raw/pool/pos_rvlcdip_invoice_01211.jpg,rvlcdip_invoice,invoice,1,0.9073,data/raw/pool/pos_rvlcdip_invoice_01211.jpg
data/raw/pool/pos_rvlcdip_invoice_01212.jpg,rvlcdip_invoice,invoice,1,0.8802,data/raw/pool/pos_rvlcdip_invoice_01212.jpg
data/raw/pool/pos_rvlcdip_invoice_01213.jpg,rvlcdip_invoice,invoice,1,0.9033,data/raw/pool/pos_rvlcdip_invoice_01213.jpg
data/raw/pool/pos_rvlcdip_invoice_01214.jpg,rvlcdip_invoice,invoice,1,0.9076,data/raw/pool/pos_rvlcdip_invoice_01214.jpg
data/raw/pool/pos_rvlcdip_invoice_01215.jpg,rvlcdip_invoice,invoice,1,0.9070,data/raw/pool/pos_rvlcdip_invoice_01215.jpg
data/raw/pool/pos_rvlcdip_invoice_01216.jpg,rvlcdip_invoice,invoice,1,0.9089,data/raw/pool/pos_rvlcdip_invoice_01216.jpg
data/raw/pool/pos_rvlcdip_invoice_01217.jpg,rvlcdip_invoice,invoice,1,0.9057,data/raw/pool/pos_rvlcdip_invoice_01217.jpg
data/raw/pool/pos_rvlcdip_invoice_01218.jpg,rvlcdip_invoice,invoice,1,0.8982,data/raw/pool/pos_rvlcdip_invoice_01218.jpg
data/raw/pool/pos_rvlcdip_invoice_01219.jpg,rvlcdip_invoice,invoice,1,0.9073,data/raw/pool/pos_rvlcdip_invoice_01219.jpg
data/raw/pool/pos_rvlcdip_invoice_01220.jpg,rvlcdip_invoice,invoice,1,0.9059,data/raw/pool/pos_rvlcdip_invoice_01220.jpg
data/raw/pool/pos_rvlcdip_invoice_01221.jpg,rvlcdip_invoice,invoice,1,0.9070,data/raw/pool/pos_rvlcdip_invoice_01221.jpg
data/raw/pool/pos_rvlcdip_invoice_01222.jpg,rvlcdip_invoice,invoice,1,0.9063,data/raw/pool/pos_rvlcdip_invoice_01222.jpg
data/raw/pool/pos_rvlcdip_invoice_01223.jpg,rvlcdip_invoice,invoice,1,0.9066,data/raw/pool/pos_rvlcdip_invoice_01223.jpg
data/raw/pool/pos_rvlcdip_invoice_01224.jpg,rvlcdip_invoice,invoice,1,0.8320,data/raw/pool/pos_rvlcdip_invoice_01224.jpg
data/raw/pool/pos_rvlcdip_invoice_01225.jpg,rvlcdip_invoice,invoice,1,0.9080,data/raw/pool/pos_rvlcdip_invoice_01225.jpg
data/raw/pool/pos_rvlcdip_invoice_01226.jpg,rvlcdip_invoice,invoice,1,0.9032,data/raw/pool/pos_rvlcdip_invoice_01226.jpg
data/raw/pool/pos_rvlcdip_invoice_01227.jpg,rvlcdip_invoice,invoice,1,0.9063,data/raw/pool/pos_rvlcdip_invoice_01227.jpg
data/raw/pool/pos_rvlcdip_invoice_01228.jpg,rvlcdip_invoice,invoice,1,0.9067,data/raw/pool/pos_rvlcdip_invoice_01228.jpg
data/raw/pool/pos_rvlcdip_invoice_01229.jpg,rvlcdip_invoice,invoice,1,0.9066,data/raw/pool/pos_rvlcdip_invoice_01229.jpg
data/raw/pool/pos_rvlcdip_invoice_01230.jpg,rvlcdip_invoice,invoice,1,0.9065,data/raw/pool/pos_rvlcdip_invoice_01230.jpg
data/raw/pool/pos_rvlcdip_invoice_01231.jpg,rvlcdip_invoice,invoice,1,0.8637,data/raw/pool/pos_rvlcdip_invoice_01231.jpg
data/raw/pool/pos_rvlcdip_invoice_01232.jpg,rvlcdip_invoice,invoice,1,0.9062,data/raw/pool/pos_rvlcdip_invoice_01232.jpg
data/raw/pool/pos_rvlcdip_invoice_01233.jpg,rvlcdip_invoice,invoice,1,0.9063,data/raw/pool/pos_rvlcdip_invoice_01233.jpg
data/raw/pool/pos_rvlcdip_invoice_01234.jpg,rvlcdip_invoice,invoice,1,0.9065,data/raw/pool/pos_rvlcdip_invoice_01234.jpg
data/raw/pool/pos_rvlcdip_invoice_01235.jpg,rvlcdip_invoice,invoice,1,0.9047,data/raw/pool/pos_rvlcdip_invoice_01235.jpg
data/raw/pool/pos_rvlcdip_invoice_01236.jpg,rvlcdip_invoice,invoice,1,0.8914,data/raw/pool/pos_rvlcdip_invoice_01236.jpg
data/raw/pool/pos_rvlcdip_invoice_01237.jpg,rvlcdip_invoice,invoice,1,0.9052,data/raw/pool/pos_rvlcdip_invoice_01237.jpg
data/raw/pool/pos_rvlcdip_invoice_01238.jpg,rvlcdip_invoice,invoice,1,0.8744,data/raw/pool/pos_rvlcdip_invoice_01238.jpg
data/raw/pool/pos_rvlcdip_invoice_01239.jpg,rvlcdip_invoice,invoice,1,0.6859,data/raw/pool/pos_rvlcdip_invoice_01239.jpg
data/raw/pool/pos_rvlcdip_invoice_01240.jpg,rvlcdip_invoice,invoice,1,0.9061,data/raw/pool/pos_rvlcdip_invoice_01240.jpg
data/raw/pool/pos_rvlcdip_invoice_01241.jpg,rvlcdip_invoice,invoice,1,0.9067,data/raw/pool/pos_rvlcdip_invoice_01241.jpg
data/raw/pool/pos_rvlcdip_invoice_01242.jpg,rvlcdip_invoice,invoice,1,0.9065,data/raw/pool/pos_rvlcdip_invoice_01242.jpg
data/raw/pool/pos_rvlcdip_invoice_01243.jpg,rvlcdip_invoice,invoice,1,0.9054,data/raw/pool/pos_rvlcdip_invoice_01243.jpg
data/raw/pool/pos_rvlcdip_invoice_01244.jpg,rvlcdip_invoice,invoice,1,0.9066,data/raw/pool/pos_rvlcdip_invoice_01244.jpg
data/raw/pool/pos_rvlcdip_invoice_01245.jpg,rvlcdip_invoice,invoice,1,0.9061,data/raw/pool/pos_rvlcdip_invoice_01245.jpg
data/raw/pool/pos_rvlcdip_invoice_01246.jpg,rvlcdip_invoice,invoice,1,0.9071,data/raw/pool/pos_rvlcdip_invoice_01246.jpg
data/raw/pool/pos_rvlcdip_invoice_01247.jpg,rvlcdip_invoice,invoice,1,0.9072,data/raw/pool/pos_rvlcdip_invoice_01247.jpg
data/raw/pool/pos_rvlcdip_invoice_01248.jpg,rvlcdip_invoice,invoice,1,0.9078,data/raw/pool/pos_rvlcdip_invoice_01248.jpg
data/raw/pool/pos_rvlcdip_invoice_01249.jpg,rvlcdip_invoice,invoice,1,0.9081,data/raw/pool/pos_rvlcdip_invoice_01249.jpg
data/raw/pool/pos_rvlcdip_invoice_01250.jpg,rvlcdip_invoice,invoice,1,0.9063,data/raw/pool/pos_rvlcdip_invoice_01250.jpg
data/raw/pool/pos_rvlcdip_invoice_01251.jpg,rvlcdip_invoice,invoice,1,0.9057,data/raw/pool/pos_rvlcdip_invoice_01251.jpg
data/raw/pool/pos_rvlcdip_invoice_01252.jpg,rvlcdip_invoice,invoice,1,0.9074,data/raw/pool/pos_rvlcdip_invoice_01252.jpg
data/raw/pool/pos_rvlcdip_invoice_01253.jpg,rvlcdip_invoice,invoice,1,0.9095,data/raw/pool/pos_rvlcdip_invoice_01253.jpg
data/raw/pool/pos_rvlcdip_invoice_01254.jpg,rvlcdip_invoice,invoice,1,0.9036,data/raw/pool/pos_rvlcdip_invoice_01254.jpg
data/raw/pool/pos_rvlcdip_invoice_01255.jpg,rvlcdip_invoice,invoice,1,0.9067,data/raw/pool/pos_rvlcdip_invoice_01255.jpg
data/raw/pool/pos_rvlcdip_invoice_01256.jpg,rvlcdip_invoice,invoice,1,0.9058,data/raw/pool/pos_rvlcdip_invoice_01256.jpg
data/raw/pool/pos_rvlcdip_invoice_01257.jpg,rvlcdip_invoice,invoice,1,0.8490,data/raw/pool/pos_rvlcdip_invoice_01257.jpg
data/raw/pool/pos_rvlcdip_invoice_01258.jpg,rvlcdip_invoice,invoice,1,0.9061,data/raw/pool/pos_rvlcdip_invoice_01258.jpg
data/raw/pool/pos_rvlcdip_invoice_01259.jpg,rvlcdip_invoice,invoice,1,0.7264,data/raw/pool/pos_rvlcdip_invoice_01259.jpg
data/raw/pool/pos_rvlcdip_invoice_01260.jpg,rvlcdip_invoice,invoice,1,0.9066,data/raw/pool/pos_rvlcdip_invoice_01260.jpg
data/raw/pool/pos_rvlcdip_invoice_01261.jpg,rvlcdip_invoice,invoice,1,0.9090,data/raw/pool/pos_rvlcdip_invoice_01261.jpg
data/raw/pool/pos_rvlcdip_invoice_01262.jpg,rvlcdip_invoice,invoice,1,0.8950,data/raw/pool/pos_rvlcdip_invoice_01262.jpg
data/raw/pool/pos_rvlcdip_invoice_01263.jpg,rvlcdip_invoice,invoice,1,0.8083,data/raw/pool/pos_rvlcdip_invoice_01263.jpg
data/raw/pool/pos_rvlcdip_invoice_01264.jpg,rvlcdip_invoice,invoice,1,0.9057,data/raw/pool/pos_rvlcdip_invoice_01264.jpg
data/raw/pool/pos_rvlcdip_invoice_01265.jpg,rvlcdip_invoice,invoice,1,0.9018,data/raw/pool/pos_rvlcdip_invoice_01265.jpg
data/raw/pool/pos_rvlcdip_invoice_01266.jpg,rvlcdip_invoice,invoice,1,0.9082,data/raw/pool/pos_rvlcdip_invoice_01266.jpg
data/raw/pool/pos_rvlcdip_invoice_01267.jpg,rvlcdip_invoice,invoice,1,0.9076,data/raw/pool/pos_rvlcdip_invoice_01267.jpg
data/raw/pool/pos_rvlcdip_invoice_01268.jpg,rvlcdip_invoice,invoice,1,0.9057,data/raw/pool/pos_rvlcdip_invoice_01268.jpg
data/raw/pool/pos_rvlcdip_invoice_01269.jpg,rvlcdip_invoice,invoice,1,0.9053,data/raw/pool/pos_rvlcdip_invoice_01269.jpg
data/raw/pool/pos_rvlcdip_invoice_01270.jpg,rvlcdip_invoice,invoice,1,0.9064,data/raw/pool/pos_rvlcdip_invoice_01270.jpg
data/raw/pool/pos_rvlcdip_invoice_01271.jpg,rvlcdip_invoice,invoice,1,0.9078,data/raw/pool/pos_rvlcdip_invoice_01271.jpg
data/raw/pool/pos_rvlcdip_invoice_01272.jpg,rvlcdip_invoice,invoice,1,0.9062,data/raw/pool/pos_rvlcdip_invoice_01272.jpg
data/raw/pool/pos_rvlcdip_invoice_01273.jpg,rvlcdip_invoice,invoice,1,0.9068,data/raw/pool/pos_rvlcdip_invoice_01273.jpg
data/raw/pool/pos_rvlcdip_invoice_01274.jpg,rvlcdip_invoice,invoice,1,0.9084,data/raw/pool/pos_rvlcdip_invoice_01274.jpg
data/raw/pool/pos_rvlcdip_invoice_01275.jpg,rvlcdip_invoice,invoice,1,0.9072,data/raw/pool/pos_rvlcdip_invoice_01275.jpg
data/raw/pool/pos_rvlcdip_invoice_01276.jpg,rvlcdip_invoice,invoice,1,0.9037,data/raw/pool/pos_rvlcdip_invoice_01276.jpg
data/raw/pool/pos_rvlcdip_invoice_01277.jpg,rvlcdip_invoice,invoice,1,0.9072,data/raw/pool/pos_rvlcdip_invoice_01277.jpg
data/raw/pool/pos_rvlcdip_invoice_01278.jpg,rvlcdip_invoice,invoice,1,0.9066,data/raw/pool/pos_rvlcdip_invoice_01278.jpg
data/raw/pool/pos_rvlcdip_invoice_01279.jpg,rvlcdip_invoice,invoice,1,0.8919,data/raw/pool/pos_rvlcdip_invoice_01279.jpg
data/raw/pool/pos_rvlcdip_invoice_01280.jpg,rvlcdip_invoice,invoice,1,0.9081,data/raw/pool/pos_rvlcdip_invoice_01280.jpg
data/raw/pool/pos_rvlcdip_invoice_01281.jpg,rvlcdip_invoice,invoice,1,0.9070,data/raw/pool/pos_rvlcdip_invoice_01281.jpg
data/raw/pool/pos_rvlcdip_invoice_01282.jpg,rvlcdip_invoice,invoice,1,0.9057,data/raw/pool/pos_rvlcdip_invoice_01282.jpg
data/raw/pool/pos_rvlcdip_invoice_01283.jpg,rvlcdip_invoice,invoice,1,0.9054,data/raw/pool/pos_rvlcdip_invoice_01283.jpg
data/raw/pool/pos_rvlcdip_invoice_01284.jpg,rvlcdip_invoice,invoice,1,0.9087,data/raw/pool/pos_rvlcdip_invoice_01284.jpg
data/raw/pool/pos_rvlcdip_invoice_01285.jpg,rvlcdip_invoice,invoice,1,0.9030,data/raw/pool/pos_rvlcdip_invoice_01285.jpg
data/raw/pool/pos_rvlcdip_invoice_01286.jpg,rvlcdip_invoice,invoice,1,0.9062,data/raw/pool/pos_rvlcdip_invoice_01286.jpg
data/raw/pool/pos_rvlcdip_invoice_01287.jpg,rvlcdip_invoice,invoice,1,0.9023,data/raw/pool/pos_rvlcdip_invoice_01287.jpg
data/raw/pool/pos_rvlcdip_invoice_01288.jpg,rvlcdip_invoice,invoice,1,0.9092,data/raw/pool/pos_rvlcdip_invoice_01288.jpg
data/raw/pool/pos_rvlcdip_invoice_01289.jpg,rvlcdip_invoice,invoice,1,0.9061,data/raw/pool/pos_rvlcdip_invoice_01289.jpg
data/raw/pool/pos_rvlcdip_invoice_01290.jpg,rvlcdip_invoice,invoice,1,0.9057,data/raw/pool/pos_rvlcdip_invoice_01290.jpg
data/raw/pool/pos_rvlcdip_invoice_01291.jpg,rvlcdip_invoice,invoice,1,0.9042,data/raw/pool/pos_rvlcdip_invoice_01291.jpg
data/raw/pool/pos_rvlcdip_invoice_01292.jpg,rvlcdip_invoice,invoice,1,0.9073,data/raw/pool/pos_rvlcdip_invoice_01292.jpg
data/raw/pool/pos_rvlcdip_invoice_01293.jpg,rvlcdip_invoice,invoice,1,0.9053,data/raw/pool/pos_rvlcdip_invoice_01293.jpg
data/raw/pool/pos_rvlcdip_invoice_01294.jpg,rvlcdip_invoice,invoice,1,0.4462,data/raw/pool/pos_rvlcdip_invoice_01294.jpg
data/raw/pool/pos_rvlcdip_invoice_01295.jpg,rvlcdip_invoice,invoice,1,0.9073,data/raw/pool/pos_rvlcdip_invoice_01295.jpg
data/raw/pool/pos_rvlcdip_invoice_01296.jpg,rvlcdip_invoice,invoice,1,0.9068,data/raw/pool/pos_rvlcdip_invoice_01296.jpg
data/raw/pool/pos_rvlcdip_invoice_01297.jpg,rvlcdip_invoice,invoice,1,0.9077,data/raw/pool/pos_rvlcdip_invoice_01297.jpg
data/raw/pool/pos_rvlcdip_invoice_01298.jpg,rvlcdip_invoice,invoice,1,0.9030,data/raw/pool/pos_rvlcdip_invoice_01298.jpg
data/raw/pool/pos_rvlcdip_invoice_01299.jpg,rvlcdip_invoice,invoice,1,0.9062,data/raw/pool/pos_rvlcdip_invoice_01299.jpg
data/raw/pool/pos_rvlcdip_invoice_01300.jpg,rvlcdip_invoice,invoice,1,0.9041,data/raw/pool/pos_rvlcdip_invoice_01300.jpg
data/raw/pool/pos_rvlcdip_invoice_01301.jpg,rvlcdip_invoice,invoice,1,0.9056,data/raw/pool/pos_rvlcdip_invoice_01301.jpg
data/raw/pool/pos_rvlcdip_invoice_01302.jpg,rvlcdip_invoice,invoice,1,0.9088,data/raw/pool/pos_rvlcdip_invoice_01302.jpg
data/raw/pool/pos_rvlcdip_invoice_01303.jpg,rvlcdip_invoice,invoice,1,0.9073,data/raw/pool/pos_rvlcdip_invoice_01303.jpg
data/raw/pool/pos_rvlcdip_invoice_01304.jpg,rvlcdip_invoice,invoice,1,0.9042,data/raw/pool/pos_rvlcdip_invoice_01304.jpg
data/raw/pool/pos_rvlcdip_invoice_01305.jpg,rvlcdip_invoice,invoice,1,0.6789,data/raw/pool/pos_rvlcdip_invoice_01305.jpg
data/raw/pool/pos_rvlcdip_invoice_01306.jpg,rvlcdip_invoice,invoice,1,0.9055,data/raw/pool/pos_rvlcdip_invoice_01306.jpg
data/raw/pool/pos_rvlcdip_invoice_01307.jpg,rvlcdip_invoice,invoice,1,0.9043,data/raw/pool/pos_rvlcdip_invoice_01307.jpg
data/raw/pool/pos_rvlcdip_invoice_01308.jpg,rvlcdip_invoice,invoice,1,0.9077,data/raw/pool/pos_rvlcdip_invoice_01308.jpg
data/raw/pool/pos_rvlcdip_invoice_01309.jpg,rvlcdip_invoice,invoice,1,0.8976,data/raw/pool/pos_rvlcdip_invoice_01309.jpg
data/raw/pool/pos_rvlcdip_invoice_01310.jpg,rvlcdip_invoice,invoice,1,0.9050,data/raw/pool/pos_rvlcdip_invoice_01310.jpg
data/raw/pool/pos_rvlcdip_invoice_01311.jpg,rvlcdip_invoice,invoice,1,0.8921,data/raw/pool/pos_rvlcdip_invoice_01311.jpg
data/raw/pool/pos_rvlcdip_invoice_01312.jpg,rvlcdip_invoice,invoice,1,0.9061,data/raw/pool/pos_rvlcdip_invoice_01312.jpg
data/raw/pool/pos_rvlcdip_invoice_01313.jpg,rvlcdip_invoice,invoice,1,0.9075,data/raw/pool/pos_rvlcdip_invoice_01313.jpg
data/raw/pool/pos_rvlcdip_invoice_01314.jpg,rvlcdip_invoice,invoice,1,0.9073,data/raw/pool/pos_rvlcdip_invoice_01314.jpg
data/raw/pool/pos_rvlcdip_invoice_01315.jpg,rvlcdip_invoice,invoice,1,0.9057,data/raw/pool/pos_rvlcdip_invoice_01315.jpg
data/raw/pool/pos_rvlcdip_invoice_01316.jpg,rvlcdip_invoice,invoice,1,0.9036,data/raw/pool/pos_rvlcdip_invoice_01316.jpg
data/raw/pool/pos_rvlcdip_invoice_01317.jpg,rvlcdip_invoice,invoice,1,0.9078,data/raw/pool/pos_rvlcdip_invoice_01317.jpg
data/raw/pool/pos_rvlcdip_invoice_01318.jpg,rvlcdip_invoice,invoice,1,0.9073,data/raw/pool/pos_rvlcdip_invoice_01318.jpg
data/raw/pool/pos_rvlcdip_invoice_01319.jpg,rvlcdip_invoice,invoice,1,0.9065,data/raw/pool/pos_rvlcdip_invoice_01319.jpg
data/raw/pool/pos_rvlcdip_invoice_01320.jpg,rvlcdip_invoice,invoice,1,0.9071,data/raw/pool/pos_rvlcdip_invoice_01320.jpg
data/raw/pool/pos_rvlcdip_invoice_01321.jpg,rvlcdip_invoice,invoice,1,0.5329,data/raw/pool/pos_rvlcdip_invoice_01321.jpg
data/raw/pool/pos_rvlcdip_invoice_01322.jpg,rvlcdip_invoice,invoice,1,0.9065,data/raw/pool/pos_rvlcdip_invoice_01322.jpg
data/raw/pool/pos_rvlcdip_invoice_01323.jpg,rvlcdip_invoice,invoice,1,0.8926,data/raw/pool/pos_rvlcdip_invoice_01323.jpg
data/raw/pool/pos_rvlcdip_invoice_01324.jpg,rvlcdip_invoice,invoice,1,0.9059,data/raw/pool/pos_rvlcdip_invoice_01324.jpg
data/raw/pool/pos_rvlcdip_invoice_01325.jpg,rvlcdip_invoice,invoice,1,0.9056,data/raw/pool/pos_rvlcdip_invoice_01325.jpg
data/raw/pool/pos_rvlcdip_invoice_01326.jpg,rvlcdip_invoice,scientific report,1,0.5393,data/raw/pool/pos_rvlcdip_invoice_01326.jpg
data/raw/pool/pos_rvlcdip_invoice_01327.jpg,rvlcdip_invoice,invoice,1,0.5938,data/raw/pool/pos_rvlcdip_invoice_01327.jpg
data/raw/pool/pos_rvlcdip_invoice_01328.jpg,rvlcdip_invoice,invoice,1,0.9053,data/raw/pool/pos_rvlcdip_invoice_01328.jpg
data/raw/pool/pos_rvlcdip_invoice_01329.jpg,rvlcdip_invoice,invoice,1,0.9037,data/raw/pool/pos_rvlcdip_invoice_01329.jpg
data/raw/pool/pos_rvlcdip_invoice_01330.jpg,rvlcdip_invoice,invoice,1,0.9060,data/raw/pool/pos_rvlcdip_invoice_01330.jpg
data/raw/pool/pos_rvlcdip_invoice_01331.jpg,rvlcdip_invoice,invoice,1,0.9075,data/raw/pool/pos_rvlcdip_invoice_01331.jpg
data/raw/pool/pos_rvlcdip_invoice_01332.jpg,rvlcdip_invoice,invoice,1,0.8759,data/raw/pool/pos_rvlcdip_invoice_01332.jpg
data/raw/pool/pos_rvlcdip_invoice_01333.jpg,rvlcdip_invoice,invoice,1,0.9028,data/raw/pool/pos_rvlcdip_invoice_01333.jpg
data/raw/pool/pos_rvlcdip_invoice_01334.jpg,rvlcdip_invoice,invoice,1,0.9064,data/raw/pool/pos_rvlcdip_invoice_01334.jpg
data/raw/pool/pos_rvlcdip_invoice_01335.jpg,rvlcdip_invoice,invoice,1,0.9077,data/raw/pool/pos_rvlcdip_invoice_01335.jpg
data/raw/pool/pos_rvlcdip_invoice_01336.jpg,rvlcdip_invoice,invoice,1,0.9059,data/raw/pool/pos_rvlcdip_invoice_01336.jpg
data/raw/pool/pos_rvlcdip_invoice_01337.jpg,rvlcdip_invoice,invoice,1,0.9088,data/raw/pool/pos_rvlcdip_invoice_01337.jpg
data/raw/pool/pos_rvlcdip_invoice_01338.jpg,rvlcdip_invoice,invoice,1,0.9088,data/raw/pool/pos_rvlcdip_invoice_01338.jpg
data/raw/pool/pos_rvlcdip_invoice_01339.jpg,rvlcdip_invoice,invoice,1,0.9061,data/raw/pool/pos_rvlcdip_invoice_01339.jpg
data/raw/pool/pos_rvlcdip_invoice_01340.jpg,rvlcdip_invoice,invoice,1,0.9047,data/raw/pool/pos_rvlcdip_invoice_01340.jpg
data/raw/pool/pos_rvlcdip_invoice_01341.jpg,rvlcdip_invoice,invoice,1,0.8978,data/raw/pool/pos_rvlcdip_invoice_01341.jpg
data/raw/pool/pos_rvlcdip_invoice_01342.jpg,rvlcdip_invoice,invoice,1,0.9068,data/raw/pool/pos_rvlcdip_invoice_01342.jpg
data/raw/pool/pos_rvlcdip_invoice_01343.jpg,rvlcdip_invoice,specification,1,0.3288,data/raw/pool/pos_rvlcdip_invoice_01343.jpg
data/raw/pool/pos_rvlcdip_invoice_01344.jpg,rvlcdip_invoice,invoice,1,0.9068,data/raw/pool/pos_rvlcdip_invoice_01344.jpg
data/raw/pool/pos_rvlcdip_invoice_01345.jpg,rvlcdip_invoice,advertisement,1,0.6618,data/raw/pool/pos_rvlcdip_invoice_01345.jpg
data/raw/pool/pos_rvlcdip_invoice_01346.jpg,rvlcdip_invoice,handwritten,1,0.5197,data/raw/pool/pos_rvlcdip_invoice_01346.jpg
data/raw/pool/pos_rvlcdip_invoice_01347.jpg,rvlcdip_invoice,invoice,1,0.9068,data/raw/pool/pos_rvlcdip_invoice_01347.jpg
data/raw/pool/pos_rvlcdip_invoice_01348.jpg,rvlcdip_invoice,invoice,1,0.9030,data/raw/pool/pos_rvlcdip_invoice_01348.jpg
data/raw/pool/pos_rvlcdip_invoice_01349.jpg,rvlcdip_invoice,invoice,1,0.9085,data/raw/pool/pos_rvlcdip_invoice_01349.jpg
data/raw/pool/pos_rvlcdip_invoice_01350.jpg,rvlcdip_invoice,invoice,1,0.9052,data/raw/pool/pos_rvlcdip_invoice_01350.jpg
data/raw/pool/pos_rvlcdip_invoice_01351.jpg,rvlcdip_invoice,invoice,1,0.9059,data/raw/pool/pos_rvlcdip_invoice_01351.jpg
data/raw/pool/pos_rvlcdip_invoice_01352.jpg,rvlcdip_invoice,letter,1,0.5414,data/raw/pool/pos_rvlcdip_invoice_01352.jpg
data/raw/pool/pos_rvlcdip_invoice_01353.jpg,rvlcdip_invoice,invoice,1,0.9077,data/raw/pool/pos_rvlcdip_invoice_01353.jpg
data/raw/pool/pos_rvlcdip_invoice_01354.jpg,rvlcdip_invoice,invoice,1,0.8594,data/raw/pool/pos_rvlcdip_invoice_01354.jpg
data/raw/pool/pos_rvlcdip_invoice_01355.jpg,rvlcdip_invoice,invoice,1,0.9072,data/raw/pool/pos_rvlcdip_invoice_01355.jpg
data/raw/pool/pos_rvlcdip_invoice_01356.jpg,rvlcdip_invoice,invoice,1,0.8969,data/raw/pool/pos_rvlcdip_invoice_01356.jpg
data/raw/pool/pos_rvlcdip_invoice_01357.jpg,rvlcdip_invoice,invoice,1,0.9000,data/raw/pool/pos_rvlcdip_invoice_01357.jpg
data/raw/pool/pos_rvlcdip_invoice_01358.jpg,rvlcdip_invoice,invoice,1,0.9092,data/raw/pool/pos_rvlcdip_invoice_01358.jpg
data/raw/pool/pos_rvlcdip_invoice_01359.jpg,rvlcdip_invoice,invoice,1,0.9072,data/raw/pool/pos_rvlcdip_invoice_01359.jpg
data/raw/pool/pos_rvlcdip_invoice_01360.jpg,rvlcdip_invoice,invoice,1,0.9061,data/raw/pool/pos_rvlcdip_invoice_01360.jpg
data/raw/pool/pos_rvlcdip_invoice_01361.jpg,rvlcdip_invoice,invoice,1,0.9089,data/raw/pool/pos_rvlcdip_invoice_01361.jpg
data/raw/pool/pos_rvlcdip_invoice_01362.jpg,rvlcdip_invoice,invoice,1,0.9103,data/raw/pool/pos_rvlcdip_invoice_01362.jpg
data/raw/pool/pos_rvlcdip_invoice_01363.jpg,rvlcdip_invoice,invoice,1,0.9071,data/raw/pool/pos_rvlcdip_invoice_01363.jpg
data/raw/pool/pos_rvlcdip_invoice_01364.jpg,rvlcdip_invoice,form,1,0.7035,data/raw/pool/pos_rvlcdip_invoice_01364.jpg
data/raw/pool/pos_rvlcdip_invoice_01365.jpg,rvlcdip_invoice,invoice,1,0.9041,data/raw/pool/pos_rvlcdip_invoice_01365.jpg
data/raw/pool/pos_rvlcdip_invoice_01366.jpg,rvlcdip_invoice,invoice,1,0.8945,data/raw/pool/pos_rvlcdip_invoice_01366.jpg
data/raw/pool/pos_rvlcdip_invoice_01367.jpg,rvlcdip_invoice,invoice,1,0.9056,data/raw/pool/pos_rvlcdip_invoice_01367.jpg
data/raw/pool/pos_rvlcdip_invoice_01368.jpg,rvlcdip_invoice,invoice,1,0.9046,data/raw/pool/pos_rvlcdip_invoice_01368.jpg
data/raw/pool/pos_rvlcdip_invoice_01369.jpg,rvlcdip_invoice,invoice,1,0.9079,data/raw/pool/pos_rvlcdip_invoice_01369.jpg
data/raw/pool/pos_rvlcdip_invoice_01370.jpg,rvlcdip_invoice,invoice,1,0.9064,data/raw/pool/pos_rvlcdip_invoice_01370.jpg
data/raw/pool/pos_rvlcdip_invoice_01371.jpg,rvlcdip_invoice,invoice,1,0.9058,data/raw/pool/pos_rvlcdip_invoice_01371.jpg
data/raw/pool/pos_rvlcdip_invoice_01372.jpg,rvlcdip_invoice,invoice,1,0.9074,data/raw/pool/pos_rvlcdip_invoice_01372.jpg
data/raw/pool/pos_rvlcdip_invoice_01373.jpg,rvlcdip_invoice,invoice,1,0.9071,data/raw/pool/pos_rvlcdip_invoice_01373.jpg
data/raw/pool/pos_rvlcdip_invoice_01374.jpg,rvlcdip_invoice,invoice,1,0.9066,data/raw/pool/pos_rvlcdip_invoice_01374.jpg
data/raw/pool/pos_rvlcdip_invoice_01375.jpg,rvlcdip_invoice,invoice,1,0.9082,data/raw/pool/pos_rvlcdip_invoice_01375.jpg
data/raw/pool/pos_rvlcdip_invoice_01376.jpg,rvlcdip_invoice,invoice,1,0.9057,data/raw/pool/pos_rvlcdip_invoice_01376.jpg
data/raw/pool/pos_rvlcdip_invoice_01377.jpg,rvlcdip_invoice,invoice,1,0.8694,data/raw/pool/pos_rvlcdip_invoice_01377.jpg
data/raw/pool/pos_rvlcdip_invoice_01378.jpg,rvlcdip_invoice,invoice,1,0.9061,data/raw/pool/pos_rvlcdip_invoice_01378.jpg
data/raw/pool/pos_rvlcdip_invoice_01379.jpg,rvlcdip_invoice,invoice,1,0.9059,data/raw/pool/pos_rvlcdip_invoice_01379.jpg
data/raw/pool/pos_rvlcdip_invoice_01380.jpg,rvlcdip_invoice,form,1,0.4758,data/raw/pool/pos_rvlcdip_invoice_01380.jpg
data/raw/pool/pos_rvlcdip_invoice_01381.jpg,rvlcdip_invoice,invoice,1,0.9079,data/raw/pool/pos_rvlcdip_invoice_01381.jpg
data/raw/pool/pos_rvlcdip_invoice_01382.jpg,rvlcdip_invoice,invoice,1,0.9093,data/raw/pool/pos_rvlcdip_invoice_01382.jpg
data/raw/pool/pos_rvlcdip_invoice_01383.jpg,rvlcdip_invoice,invoice,1,0.9082,data/raw/pool/pos_rvlcdip_invoice_01383.jpg
data/raw/pool/pos_rvlcdip_invoice_01384.jpg,rvlcdip_invoice,invoice,1,0.9031,data/raw/pool/pos_rvlcdip_invoice_01384.jpg
data/raw/pool/pos_rvlcdip_invoice_01385.jpg,rvlcdip_invoice,invoice,1,0.9075,data/raw/pool/pos_rvlcdip_invoice_01385.jpg
data/raw/pool/pos_rvlcdip_invoice_01386.jpg,rvlcdip_invoice,invoice,1,0.9056,data/raw/pool/pos_rvlcdip_invoice_01386.jpg
data/raw/pool/pos_rvlcdip_invoice_01387.jpg,rvlcdip_invoice,invoice,1,0.9010,data/raw/pool/pos_rvlcdip_invoice_01387.jpg
data/raw/pool/pos_rvlcdip_invoice_01388.jpg,rvlcdip_invoice,invoice,1,0.9051,data/raw/pool/pos_rvlcdip_invoice_01388.jpg
data/raw/pool/pos_rvlcdip_invoice_01389.jpg,rvlcdip_invoice,invoice,1,0.9073,data/raw/pool/pos_rvlcdip_invoice_01389.jpg
data/raw/pool/pos_rvlcdip_invoice_01390.jpg,rvlcdip_invoice,invoice,1,0.9058,data/raw/pool/pos_rvlcdip_invoice_01390.jpg
data/raw/pool/pos_rvlcdip_invoice_01391.jpg,rvlcdip_invoice,invoice,1,0.9081,data/raw/pool/pos_rvlcdip_invoice_01391.jpg
data/raw/pool/pos_rvlcdip_invoice_01392.jpg,rvlcdip_invoice,invoice,1,0.9063,data/raw/pool/pos_rvlcdip_invoice_01392.jpg
data/raw/pool/pos_rvlcdip_invoice_01393.jpg,rvlcdip_invoice,invoice,1,0.9045,data/raw/pool/pos_rvlcdip_invoice_01393.jpg
data/raw/pool/pos_rvlcdip_invoice_01394.jpg,rvlcdip_invoice,invoice,1,0.9097,data/raw/pool/pos_rvlcdip_invoice_01394.jpg
data/raw/pool/pos_rvlcdip_invoice_01395.jpg,rvlcdip_invoice,invoice,1,0.9056,data/raw/pool/pos_rvlcdip_invoice_01395.jpg
data/raw/pool/pos_rvlcdip_invoice_01396.jpg,rvlcdip_invoice,invoice,1,0.9083,data/raw/pool/pos_rvlcdip_invoice_01396.jpg
data/raw/pool/pos_rvlcdip_invoice_01397.jpg,rvlcdip_invoice,invoice,1,0.9061,data/raw/pool/pos_rvlcdip_invoice_01397.jpg
data/raw/pool/pos_rvlcdip_invoice_01398.jpg,rvlcdip_invoice,invoice,1,0.9029,data/raw/pool/pos_rvlcdip_invoice_01398.jpg
data/raw/pool/pos_rvlcdip_invoice_01399.jpg,rvlcdip_invoice,invoice,1,0.8952,data/raw/pool/pos_rvlcdip_invoice_01399.jpg
data/raw/pool/pos_rvlcdip_invoice_01400.jpg,rvlcdip_invoice,invoice,1,0.7820,data/raw/pool/pos_rvlcdip_invoice_01400.jpg
data/raw/pool/pos_rvlcdip_invoice_01401.jpg,rvlcdip_invoice,invoice,1,0.8974,data/raw/pool/pos_rvlcdip_invoice_01401.jpg
data/raw/pool/pos_rvlcdip_invoice_01402.jpg,rvlcdip_invoice,invoice,1,0.9065,data/raw/pool/pos_rvlcdip_invoice_01402.jpg
data/raw/pool/pos_rvlcdip_invoice_01403.jpg,rvlcdip_invoice,invoice,1,0.9078,data/raw/pool/pos_rvlcdip_invoice_01403.jpg
data/raw/pool/pos_rvlcdip_invoice_01404.jpg,rvlcdip_invoice,invoice,1,0.9048,data/raw/pool/pos_rvlcdip_invoice_01404.jpg
data/raw/pool/pos_rvlcdip_invoice_01405.jpg,rvlcdip_invoice,invoice,1,0.9041,data/raw/pool/pos_rvlcdip_invoice_01405.jpg
data/raw/pool/pos_rvlcdip_invoice_01406.jpg,rvlcdip_invoice,invoice,1,0.9065,data/raw/pool/pos_rvlcdip_invoice_01406.jpg
data/raw/pool/pos_rvlcdip_invoice_01407.jpg,rvlcdip_invoice,invoice,1,0.9073,data/raw/pool/pos_rvlcdip_invoice_01407.jpg
data/raw/pool/pos_rvlcdip_invoice_01408.jpg,rvlcdip_invoice,invoice,1,0.9063,data/raw/pool/pos_rvlcdip_invoice_01408.jpg
data/raw/pool/pos_rvlcdip_invoice_01409.jpg,rvlcdip_invoice,invoice,1,0.9061,data/raw/pool/pos_rvlcdip_invoice_01409.jpg
data/raw/pool/pos_rvlcdip_invoice_01410.jpg,rvlcdip_invoice,invoice,1,0.9047,data/raw/pool/pos_rvlcdip_invoice_01410.jpg
data/raw/pool/pos_rvlcdip_invoice_01411.jpg,rvlcdip_invoice,invoice,1,0.9073,data/raw/pool/pos_rvlcdip_invoice_01411.jpg
data/raw/pool/pos_rvlcdip_invoice_01412.jpg,rvlcdip_invoice,invoice,1,0.9045,data/raw/pool/pos_rvlcdip_invoice_01412.jpg
data/raw/pool/pos_rvlcdip_invoice_01413.jpg,rvlcdip_invoice,invoice,1,0.8956,data/raw/pool/pos_rvlcdip_invoice_01413.jpg
data/raw/pool/pos_rvlcdip_invoice_01414.jpg,rvlcdip_invoice,invoice,1,0.9073,data/raw/pool/pos_rvlcdip_invoice_01414.jpg
data/raw/pool/pos_rvlcdip_invoice_01415.jpg,rvlcdip_invoice,invoice,1,0.9060,data/raw/pool/pos_rvlcdip_invoice_01415.jpg
data/raw/pool/pos_rvlcdip_invoice_01416.jpg,rvlcdip_invoice,invoice,1,0.9066,data/raw/pool/pos_rvlcdip_invoice_01416.jpg
data/raw/pool/pos_rvlcdip_invoice_01417.jpg,rvlcdip_invoice,invoice,1,0.8509,data/raw/pool/pos_rvlcdip_invoice_01417.jpg
data/raw/pool/pos_rvlcdip_invoice_01418.jpg,rvlcdip_invoice,invoice,1,0.9094,data/raw/pool/pos_rvlcdip_invoice_01418.jpg
data/raw/pool/pos_rvlcdip_invoice_01419.jpg,rvlcdip_invoice,invoice,1,0.9057,data/raw/pool/pos_rvlcdip_invoice_01419.jpg
data/raw/pool/pos_rvlcdip_invoice_01420.jpg,rvlcdip_invoice,invoice,1,0.9058,data/raw/pool/pos_rvlcdip_invoice_01420.jpg
data/raw/pool/pos_rvlcdip_invoice_01421.jpg,rvlcdip_invoice,invoice,1,0.9080,data/raw/pool/pos_rvlcdip_invoice_01421.jpg
data/raw/pool/pos_rvlcdip_invoice_01422.jpg,rvlcdip_invoice,invoice,1,0.6880,data/raw/pool/pos_rvlcdip_invoice_01422.jpg
data/raw/pool/pos_rvlcdip_invoice_01423.jpg,rvlcdip_invoice,invoice,1,0.7788,data/raw/pool/pos_rvlcdip_invoice_01423.jpg
data/raw/pool/pos_rvlcdip_invoice_01424.jpg,rvlcdip_invoice,invoice,1,0.8908,data/raw/pool/pos_rvlcdip_invoice_01424.jpg
data/raw/pool/pos_rvlcdip_invoice_01425.jpg,rvlcdip_invoice,invoice,1,0.8230,data/raw/pool/pos_rvlcdip_invoice_01425.jpg
data/raw/pool/pos_rvlcdip_invoice_01426.jpg,rvlcdip_invoice,invoice,1,0.9074,data/raw/pool/pos_rvlcdip_invoice_01426.jpg
data/raw/pool/pos_rvlcdip_invoice_01427.jpg,rvlcdip_invoice,invoice,1,0.9068,data/raw/pool/pos_rvlcdip_invoice_01427.jpg
data/raw/pool/pos_rvlcdip_invoice_01428.jpg,rvlcdip_invoice,invoice,1,0.9088,data/raw/pool/pos_rvlcdip_invoice_01428.jpg
data/raw/pool/pos_rvlcdip_invoice_01429.jpg,rvlcdip_invoice,invoice,1,0.9053,data/raw/pool/pos_rvlcdip_invoice_01429.jpg
data/raw/pool/pos_rvlcdip_invoice_01430.jpg,rvlcdip_invoice,invoice,1,0.9072,data/raw/pool/pos_rvlcdip_invoice_01430.jpg
data/raw/pool/pos_rvlcdip_invoice_01431.jpg,rvlcdip_invoice,invoice,1,0.9064,data/raw/pool/pos_rvlcdip_invoice_01431.jpg
data/raw/pool/pos_rvlcdip_invoice_01432.jpg,rvlcdip_invoice,invoice,1,0.9039,data/raw/pool/pos_rvlcdip_invoice_01432.jpg
data/raw/pool/pos_rvlcdip_invoice_01433.jpg,rvlcdip_invoice,invoice,1,0.9087,data/raw/pool/pos_rvlcdip_invoice_01433.jpg
data/raw/pool/pos_rvlcdip_invoice_01434.jpg,rvlcdip_invoice,invoice,1,0.8753,data/raw/pool/pos_rvlcdip_invoice_01434.jpg
data/raw/pool/pos_rvlcdip_invoice_01435.jpg,rvlcdip_invoice,invoice,1,0.9043,data/raw/pool/pos_rvlcdip_invoice_01435.jpg
data/raw/pool/pos_rvlcdip_invoice_01436.jpg,rvlcdip_invoice,invoice,1,0.9078,data/raw/pool/pos_rvlcdip_invoice_01436.jpg
data/raw/pool/pos_rvlcdip_invoice_01437.jpg,rvlcdip_invoice,invoice,1,0.9068,data/raw/pool/pos_rvlcdip_invoice_01437.jpg
data/raw/pool/pos_rvlcdip_invoice_01438.jpg,rvlcdip_invoice,invoice,1,0.9077,data/raw/pool/pos_rvlcdip_invoice_01438.jpg
data/raw/pool/pos_rvlcdip_invoice_01439.jpg,rvlcdip_invoice,invoice,1,0.9069,data/raw/pool/pos_rvlcdip_invoice_01439.jpg
data/raw/pool/pos_rvlcdip_invoice_01440.jpg,rvlcdip_invoice,invoice,1,0.9054,data/raw/pool/pos_rvlcdip_invoice_01440.jpg
data/raw/pool/pos_rvlcdip_invoice_01441.jpg,rvlcdip_invoice,invoice,1,0.9061,data/raw/pool/pos_rvlcdip_invoice_01441.jpg
data/raw/pool/pos_rvlcdip_invoice_01442.jpg,rvlcdip_invoice,invoice,1,0.9021,data/raw/pool/pos_rvlcdip_invoice_01442.jpg
data/raw/pool/pos_rvlcdip_invoice_01443.jpg,rvlcdip_invoice,invoice,1,0.9052,data/raw/pool/pos_rvlcdip_invoice_01443.jpg
data/raw/pool/pos_rvlcdip_invoice_01444.jpg,rvlcdip_invoice,invoice,1,0.9063,data/raw/pool/pos_rvlcdip_invoice_01444.jpg
data/raw/pool/pos_rvlcdip_invoice_01445.jpg,rvlcdip_invoice,invoice,1,0.9075,data/raw/pool/pos_rvlcdip_invoice_01445.jpg
data/raw/pool/pos_rvlcdip_invoice_01446.jpg,rvlcdip_invoice,form,1,0.6390,data/raw/pool/pos_rvlcdip_invoice_01446.jpg
data/raw/pool/pos_rvlcdip_invoice_01447.jpg,rvlcdip_invoice,invoice,1,0.9061,data/raw/pool/pos_rvlcdip_invoice_01447.jpg
data/raw/pool/pos_rvlcdip_invoice_01448.jpg,rvlcdip_invoice,invoice,1,0.9042,data/raw/pool/pos_rvlcdip_invoice_01448.jpg
data/raw/pool/pos_rvlcdip_invoice_01449.jpg,rvlcdip_invoice,invoice,1,0.9051,data/raw/pool/pos_rvlcdip_invoice_01449.jpg
data/raw/pool/pos_rvlcdip_invoice_01450.jpg,rvlcdip_invoice,invoice,1,0.9087,data/raw/pool/pos_rvlcdip_invoice_01450.jpg
data/raw/pool/pos_rvlcdip_invoice_01451.jpg,rvlcdip_invoice,invoice,1,0.9017,data/raw/pool/pos_rvlcdip_invoice_01451.jpg
data/raw/pool/pos_rvlcdip_invoice_01452.jpg,rvlcdip_invoice,invoice,1,0.8945,data/raw/pool/pos_rvlcdip_invoice_01452.jpg
data/raw/pool/pos_rvlcdip_invoice_01453.jpg,rvlcdip_invoice,invoice,1,0.8591,data/raw/pool/pos_rvlcdip_invoice_01453.jpg
data/raw/pool/pos_rvlcdip_invoice_01454.jpg,rvlcdip_invoice,invoice,1,0.8190,data/raw/pool/pos_rvlcdip_invoice_01454.jpg
data/raw/pool/pos_rvlcdip_invoice_01455.jpg,rvlcdip_invoice,invoice,1,0.9083,data/raw/pool/pos_rvlcdip_invoice_01455.jpg
data/raw/pool/pos_rvlcdip_invoice_01456.jpg,rvlcdip_invoice,invoice,1,0.9072,data/raw/pool/pos_rvlcdip_invoice_01456.jpg
data/raw/pool/pos_rvlcdip_invoice_01457.jpg,rvlcdip_invoice,invoice,1,0.9066,data/raw/pool/pos_rvlcdip_invoice_01457.jpg
data/raw/pool/pos_rvlcdip_invoice_01458.jpg,rvlcdip_invoice,invoice,1,0.9047,data/raw/pool/pos_rvlcdip_invoice_01458.jpg
data/raw/pool/pos_rvlcdip_invoice_01459.jpg,rvlcdip_invoice,invoice,1,0.9064,data/raw/pool/pos_rvlcdip_invoice_01459.jpg
data/raw/pool/pos_rvlcdip_invoice_01460.jpg,rvlcdip_invoice,invoice,1,0.9078,data/raw/pool/pos_rvlcdip_invoice_01460.jpg
data/raw/pool/pos_rvlcdip_invoice_01461.jpg,rvlcdip_invoice,invoice,1,0.9073,data/raw/pool/pos_rvlcdip_invoice_01461.jpg
data/raw/pool/pos_rvlcdip_invoice_01462.jpg,rvlcdip_invoice,invoice,1,0.9084,data/raw/pool/pos_rvlcdip_invoice_01462.jpg
data/raw/pool/pos_rvlcdip_invoice_01463.jpg,rvlcdip_invoice,invoice,1,0.8790,data/raw/pool/pos_rvlcdip_invoice_01463.jpg
data/raw/pool/pos_rvlcdip_invoice_01464.jpg,rvlcdip_invoice,invoice,1,0.9080,data/raw/pool/pos_rvlcdip_invoice_01464.jpg
data/raw/pool/pos_rvlcdip_invoice_01465.jpg,rvlcdip_invoice,invoice,1,0.8498,data/raw/pool/pos_rvlcdip_invoice_01465.jpg
data/raw/pool/pos_rvlcdip_invoice_01466.jpg,rvlcdip_invoice,invoice,1,0.9067,data/raw/pool/pos_rvlcdip_invoice_01466.jpg
data/raw/pool/pos_rvlcdip_invoice_01467.jpg,rvlcdip_invoice,invoice,1,0.9065,data/raw/pool/pos_rvlcdip_invoice_01467.jpg
data/raw/pool/pos_rvlcdip_invoice_01468.jpg,rvlcdip_invoice,invoice,1,0.9046,data/raw/pool/pos_rvlcdip_invoice_01468.jpg
data/raw/pool/pos_rvlcdip_invoice_01469.jpg,rvlcdip_invoice,invoice,1,0.9067,data/raw/pool/pos_rvlcdip_invoice_01469.jpg
data/raw/pool/pos_rvlcdip_invoice_01470.jpg,rvlcdip_invoice,invoice,1,0.9073,data/raw/pool/pos_rvlcdip_invoice_01470.jpg
data/raw/pool/pos_rvlcdip_invoice_01471.jpg,rvlcdip_invoice,invoice,1,0.9075,data/raw/pool/pos_rvlcdip_invoice_01471.jpg
data/raw/pool/pos_rvlcdip_invoice_01472.jpg,rvlcdip_invoice,invoice,1,0.8536,data/raw/pool/pos_rvlcdip_invoice_01472.jpg
data/raw/pool/pos_rvlcdip_invoice_01473.jpg,rvlcdip_invoice,invoice,1,0.9056,data/raw/pool/pos_rvlcdip_invoice_01473.jpg
data/raw/pool/pos_rvlcdip_invoice_01474.jpg,rvlcdip_invoice,invoice,1,0.9050,data/raw/pool/pos_rvlcdip_invoice_01474.jpg
data/raw/pool/pos_rvlcdip_invoice_01475.jpg,rvlcdip_invoice,invoice,1,0.8998,data/raw/pool/pos_rvlcdip_invoice_01475.jpg
data/raw/pool/pos_rvlcdip_invoice_01476.jpg,rvlcdip_invoice,invoice,1,0.9073,data/raw/pool/pos_rvlcdip_invoice_01476.jpg
data/raw/pool/pos_rvlcdip_invoice_01477.jpg,rvlcdip_invoice,invoice,1,0.6819,data/raw/pool/pos_rvlcdip_invoice_01477.jpg
data/raw/pool/pos_rvlcdip_invoice_01478.jpg,rvlcdip_invoice,invoice,1,0.9068,data/raw/pool/pos_rvlcdip_invoice_01478.jpg
data/raw/pool/pos_rvlcdip_invoice_01479.jpg,rvlcdip_invoice,invoice,1,0.9049,data/raw/pool/pos_rvlcdip_invoice_01479.jpg
data/raw/pool/pos_rvlcdip_invoice_01480.jpg,rvlcdip_invoice,invoice,1,0.9056,data/raw/pool/pos_rvlcdip_invoice_01480.jpg
data/raw/pool/pos_rvlcdip_invoice_01481.jpg,rvlcdip_invoice,invoice,1,0.8261,data/raw/pool/pos_rvlcdip_invoice_01481.jpg
data/raw/pool/pos_rvlcdip_invoice_01482.jpg,rvlcdip_invoice,invoice,1,0.9054,data/raw/pool/pos_rvlcdip_invoice_01482.jpg
data/raw/pool/pos_rvlcdip_invoice_01483.jpg,rvlcdip_invoice,invoice,1,0.9078,data/raw/pool/pos_rvlcdip_invoice_01483.jpg
data/raw/pool/pos_rvlcdip_invoice_01484.jpg,rvlcdip_invoice,invoice,1,0.9078,data/raw/pool/pos_rvlcdip_invoice_01484.jpg
data/raw/pool/pos_rvlcdip_invoice_01485.jpg,rvlcdip_invoice,invoice,1,0.9064,data/raw/pool/pos_rvlcdip_invoice_01485.jpg
data/raw/pool/pos_rvlcdip_invoice_01486.jpg,rvlcdip_invoice,invoice,1,0.9075,data/raw/pool/pos_rvlcdip_invoice_01486.jpg
data/raw/pool/pos_rvlcdip_invoice_01487.jpg,rvlcdip_invoice,invoice,1,0.9098,data/raw/pool/pos_rvlcdip_invoice_01487.jpg
data/raw/pool/pos_rvlcdip_invoice_01488.jpg,rvlcdip_invoice,invoice,1,0.9062,data/raw/pool/pos_rvlcdip_invoice_01488.jpg
data/raw/pool/pos_rvlcdip_invoice_01489.jpg,rvlcdip_invoice,invoice,1,0.9075,data/raw/pool/pos_rvlcdip_invoice_01489.jpg
data/raw/pool/pos_rvlcdip_invoice_01490.jpg,rvlcdip_invoice,invoice,1,0.9065,data/raw/pool/pos_rvlcdip_invoice_01490.jpg
data/raw/pool/pos_rvlcdip_invoice_01491.jpg,rvlcdip_invoice,invoice,1,0.9072,data/raw/pool/pos_rvlcdip_invoice_01491.jpg
data/raw/pool/pos_rvlcdip_invoice_01492.jpg,rvlcdip_invoice,invoice,1,0.9025,data/raw/pool/pos_rvlcdip_invoice_01492.jpg
data/raw/pool/pos_rvlcdip_invoice_01493.jpg,rvlcdip_invoice,invoice,1,0.9054,data/raw/pool/pos_rvlcdip_invoice_01493.jpg
data/raw/pool/pos_rvlcdip_invoice_01494.jpg,rvlcdip_invoice,invoice,1,0.9041,data/raw/pool/pos_rvlcdip_invoice_01494.jpg
data/raw/pool/pos_rvlcdip_invoice_01495.jpg,rvlcdip_invoice,invoice,1,0.9046,data/raw/pool/pos_rvlcdip_invoice_01495.jpg
data/raw/pool/pos_rvlcdip_invoice_01496.jpg,rvlcdip_invoice,invoice,1,0.9060,data/raw/pool/pos_rvlcdip_invoice_01496.jpg
data/raw/pool/pos_rvlcdip_invoice_01497.jpg,rvlcdip_invoice,invoice,1,0.9064,data/raw/pool/pos_rvlcdip_invoice_01497.jpg
data/raw/pool/pos_rvlcdip_invoice_01498.jpg,rvlcdip_invoice,invoice,1,0.9051,data/raw/pool/pos_rvlcdip_invoice_01498.jpg
data/raw/pool/pos_rvlcdip_invoice_01499.jpg,rvlcdip_invoice,invoice,1,0.9083,data/raw/pool/pos_rvlcdip_invoice_01499.jpg
data/raw/pool/pos_rvlcdip_invoice_01500.jpg,rvlcdip_invoice,invoice,1,0.8916,data/raw/pool/pos_rvlcdip_invoice_01500.jpg
data/raw/pool/pos_rvlcdip_invoice_01501.jpg,rvlcdip_invoice,invoice,1,0.9075,data/raw/pool/pos_rvlcdip_invoice_01501.jpg
data/raw/pool/pos_rvlcdip_invoice_01502.jpg,rvlcdip_invoice,invoice,1,0.9041,data/raw/pool/pos_rvlcdip_invoice_01502.jpg
data/raw/pool/pos_rvlcdip_invoice_01503.jpg,rvlcdip_invoice,invoice,1,0.9052,data/raw/pool/pos_rvlcdip_invoice_01503.jpg
data/raw/pool/pos_rvlcdip_invoice_01504.jpg,rvlcdip_invoice,invoice,1,0.9056,data/raw/pool/pos_rvlcdip_invoice_01504.jpg
data/raw/pool/pos_rvlcdip_invoice_01505.jpg,rvlcdip_invoice,letter,1,0.9015,data/raw/pool/pos_rvlcdip_invoice_01505.jpg
data/raw/pool/pos_rvlcdip_invoice_01506.jpg,rvlcdip_invoice,invoice,1,0.9066,data/raw/pool/pos_rvlcdip_invoice_01506.jpg
data/raw/pool/pos_rvlcdip_invoice_01507.jpg,rvlcdip_invoice,invoice,1,0.7245,data/raw/pool/pos_rvlcdip_invoice_01507.jpg
data/raw/pool/pos_rvlcdip_invoice_01508.jpg,rvlcdip_invoice,invoice,1,0.9072,data/raw/pool/pos_rvlcdip_invoice_01508.jpg
data/raw/pool/pos_rvlcdip_invoice_01509.jpg,rvlcdip_invoice,invoice,1,0.9052,data/raw/pool/pos_rvlcdip_invoice_01509.jpg
data/raw/pool/pos_rvlcdip_invoice_01510.jpg,rvlcdip_invoice,invoice,1,0.9069,data/raw/pool/pos_rvlcdip_invoice_01510.jpg
data/raw/pool/pos_rvlcdip_invoice_01511.jpg,rvlcdip_invoice,invoice,1,0.8861,data/raw/pool/pos_rvlcdip_invoice_01511.jpg
data/raw/pool/pos_rvlcdip_invoice_01512.jpg,rvlcdip_invoice,invoice,1,0.9019,data/raw/pool/pos_rvlcdip_invoice_01512.jpg
data/raw/pool/pos_rvlcdip_invoice_01513.jpg,rvlcdip_invoice,invoice,1,0.9077,data/raw/pool/pos_rvlcdip_invoice_01513.jpg
data/raw/pool/pos_rvlcdip_invoice_01514.jpg,rvlcdip_invoice,invoice,1,0.9062,data/raw/pool/pos_rvlcdip_invoice_01514.jpg
data/raw/pool/pos_rvlcdip_invoice_01515.jpg,rvlcdip_invoice,invoice,1,0.9073,data/raw/pool/pos_rvlcdip_invoice_01515.jpg
data/raw/pool/pos_rvlcdip_invoice_01516.jpg,rvlcdip_invoice,invoice,1,0.9030,data/raw/pool/pos_rvlcdip_invoice_01516.jpg
data/raw/pool/pos_rvlcdip_invoice_01517.jpg,rvlcdip_invoice,invoice,1,0.8966,data/raw/pool/pos_rvlcdip_invoice_01517.jpg
data/raw/pool/pos_rvlcdip_invoice_01518.jpg,rvlcdip_invoice,invoice,1,0.9088,data/raw/pool/pos_rvlcdip_invoice_01518.jpg
data/raw/pool/pos_rvlcdip_invoice_01519.jpg,rvlcdip_invoice,invoice,1,0.8994,data/raw/pool/pos_rvlcdip_invoice_01519.jpg
data/raw/pool/pos_rvlcdip_invoice_01520.jpg,rvlcdip_invoice,invoice,1,0.9082,data/raw/pool/pos_rvlcdip_invoice_01520.jpg
data/raw/pool/pos_rvlcdip_invoice_01521.jpg,rvlcdip_invoice,invoice,1,0.9065,data/raw/pool/pos_rvlcdip_invoice_01521.jpg
data/raw/pool/pos_rvlcdip_invoice_01522.jpg,rvlcdip_invoice,invoice,1,0.8959,data/raw/pool/pos_rvlcdip_invoice_01522.jpg
data/raw/pool/pos_rvlcdip_invoice_01523.jpg,rvlcdip_invoice,invoice,1,0.9080,data/raw/pool/pos_rvlcdip_invoice_01523.jpg
data/raw/pool/pos_rvlcdip_invoice_01524.jpg,rvlcdip_invoice,invoice,1,0.9054,data/raw/pool/pos_rvlcdip_invoice_01524.jpg
data/raw/pool/pos_rvlcdip_invoice_01525.jpg,rvlcdip_invoice,invoice,1,0.9062,data/raw/pool/pos_rvlcdip_invoice_01525.jpg
data/raw/pool/pos_rvlcdip_invoice_01526.jpg,rvlcdip_invoice,invoice,1,0.9011,data/raw/pool/pos_rvlcdip_invoice_01526.jpg
data/raw/pool/pos_rvlcdip_invoice_01527.jpg,rvlcdip_invoice,invoice,1,0.9053,data/raw/pool/pos_rvlcdip_invoice_01527.jpg
data/raw/pool/pos_rvlcdip_invoice_01528.jpg,rvlcdip_invoice,invoice,1,0.9046,data/raw/pool/pos_rvlcdip_invoice_01528.jpg
data/raw/pool/pos_rvlcdip_invoice_01529.jpg,rvlcdip_invoice,letter,1,0.6177,data/raw/pool/pos_rvlcdip_invoice_01529.jpg
data/raw/pool/pos_rvlcdip_invoice_01530.jpg,rvlcdip_invoice,invoice,1,0.9092,data/raw/pool/pos_rvlcdip_invoice_01530.jpg
data/raw/pool/pos_rvlcdip_invoice_01531.jpg,rvlcdip_invoice,invoice,1,0.8916,data/raw/pool/pos_rvlcdip_invoice_01531.jpg
data/raw/pool/pos_rvlcdip_invoice_01532.jpg,rvlcdip_invoice,invoice,1,0.9066,data/raw/pool/pos_rvlcdip_invoice_01532.jpg
data/raw/pool/pos_rvlcdip_invoice_01533.jpg,rvlcdip_invoice,invoice,1,0.9066,data/raw/pool/pos_rvlcdip_invoice_01533.jpg
data/raw/pool/pos_rvlcdip_invoice_01534.jpg,rvlcdip_invoice,invoice,1,0.9065,data/raw/pool/pos_rvlcdip_invoice_01534.jpg
data/raw/pool/pos_rvlcdip_invoice_01535.jpg,rvlcdip_invoice,invoice,1,0.9074,data/raw/pool/pos_rvlcdip_invoice_01535.jpg
data/raw/pool/pos_rvlcdip_invoice_01536.jpg,rvlcdip_invoice,invoice,1,0.9086,data/raw/pool/pos_rvlcdip_invoice_01536.jpg
data/raw/pool/pos_rvlcdip_invoice_01537.jpg,rvlcdip_invoice,invoice,1,0.9064,data/raw/pool/pos_rvlcdip_invoice_01537.jpg
data/raw/pool/pos_rvlcdip_invoice_01538.jpg,rvlcdip_invoice,invoice,1,0.9061,data/raw/pool/pos_rvlcdip_invoice_01538.jpg
data/raw/pool/pos_rvlcdip_invoice_01539.jpg,rvlcdip_invoice,invoice,1,0.9065,data/raw/pool/pos_rvlcdip_invoice_01539.jpg
data/raw/pool/pos_rvlcdip_invoice_01540.jpg,rvlcdip_invoice,invoice,1,0.8979,data/raw/pool/pos_rvlcdip_invoice_01540.jpg
data/raw/pool/pos_rvlcdip_invoice_01541.jpg,rvlcdip_invoice,invoice,1,0.9025,data/raw/pool/pos_rvlcdip_invoice_01541.jpg
data/raw/pool/pos_rvlcdip_invoice_01542.jpg,rvlcdip_invoice,invoice,1,0.9038,data/raw/pool/pos_rvlcdip_invoice_01542.jpg
data/raw/pool/pos_rvlcdip_invoice_01543.jpg,rvlcdip_invoice,invoice,1,0.9055,data/raw/pool/pos_rvlcdip_invoice_01543.jpg
data/raw/pool/pos_rvlcdip_invoice_01544.jpg,rvlcdip_invoice,invoice,1,0.9068,data/raw/pool/pos_rvlcdip_invoice_01544.jpg
data/raw/pool/pos_rvlcdip_invoice_01545.jpg,rvlcdip_invoice,invoice,1,0.9084,data/raw/pool/pos_rvlcdip_invoice_01545.jpg
data/raw/pool/pos_rvlcdip_invoice_01546.jpg,rvlcdip_invoice,invoice,1,0.9070,data/raw/pool/pos_rvlcdip_invoice_01546.jpg
data/raw/pool/pos_rvlcdip_invoice_01547.jpg,rvlcdip_invoice,invoice,1,0.9076,data/raw/pool/pos_rvlcdip_invoice_01547.jpg
data/raw/pool/pos_rvlcdip_invoice_01548.jpg,rvlcdip_invoice,invoice,1,0.8984,data/raw/pool/pos_rvlcdip_invoice_01548.jpg
data/raw/pool/pos_rvlcdip_invoice_01549.jpg,rvlcdip_invoice,invoice,1,0.9088,data/raw/pool/pos_rvlcdip_invoice_01549.jpg
data/raw/pool/pos_rvlcdip_invoice_01550.jpg,rvlcdip_invoice,invoice,1,0.9067,data/raw/pool/pos_rvlcdip_invoice_01550.jpg
data/raw/pool/pos_rvlcdip_invoice_01551.jpg,rvlcdip_invoice,invoice,1,0.9025,data/raw/pool/pos_rvlcdip_invoice_01551.jpg
data/raw/pool/pos_rvlcdip_invoice_01552.jpg,rvlcdip_invoice,invoice,1,0.9060,data/raw/pool/pos_rvlcdip_invoice_01552.jpg
data/raw/pool/pos_rvlcdip_invoice_01553.jpg,rvlcdip_invoice,invoice,1,0.9075,data/raw/pool/pos_rvlcdip_invoice_01553.jpg
data/raw/pool/pos_rvlcdip_invoice_01554.jpg,rvlcdip_invoice,invoice,1,0.9053,data/raw/pool/pos_rvlcdip_invoice_01554.jpg
data/raw/pool/pos_rvlcdip_invoice_01555.jpg,rvlcdip_invoice,invoice,1,0.9084,data/raw/pool/pos_rvlcdip_invoice_01555.jpg
data/raw/pool/pos_rvlcdip_invoice_01556.jpg,rvlcdip_invoice,invoice,1,0.9075,data/raw/pool/pos_rvlcdip_invoice_01556.jpg
data/raw/pool/pos_rvlcdip_invoice_01557.jpg,rvlcdip_invoice,invoice,1,0.9058,data/raw/pool/pos_rvlcdip_invoice_01557.jpg
data/raw/pool/pos_rvlcdip_invoice_01558.jpg,rvlcdip_invoice,letter,1,0.8915,data/raw/pool/pos_rvlcdip_invoice_01558.jpg
data/raw/pool/pos_rvlcdip_invoice_01559.jpg,rvlcdip_invoice,invoice,1,0.9073,data/raw/pool/pos_rvlcdip_invoice_01559.jpg
data/raw/pool/pos_rvlcdip_invoice_01560.jpg,rvlcdip_invoice,invoice,1,0.9067,data/raw/pool/pos_rvlcdip_invoice_01560.jpg
data/raw/pool/pos_rvlcdip_invoice_01561.jpg,rvlcdip_invoice,invoice,1,0.9083,data/raw/pool/pos_rvlcdip_invoice_01561.jpg
data/raw/pool/pos_rvlcdip_invoice_01562.jpg,rvlcdip_invoice,invoice,1,0.9014,data/raw/pool/pos_rvlcdip_invoice_01562.jpg
data/raw/pool/pos_rvlcdip_invoice_01563.jpg,rvlcdip_invoice,invoice,1,0.9055,data/raw/pool/pos_rvlcdip_invoice_01563.jpg
data/raw/pool/pos_rvlcdip_invoice_01564.jpg,rvlcdip_invoice,invoice,1,0.9078,data/raw/pool/pos_rvlcdip_invoice_01564.jpg
data/raw/pool/pos_rvlcdip_invoice_01565.jpg,rvlcdip_invoice,invoice,1,0.9095,data/raw/pool/pos_rvlcdip_invoice_01565.jpg
data/raw/pool/pos_rvlcdip_invoice_01566.jpg,rvlcdip_invoice,invoice,1,0.9060,data/raw/pool/pos_rvlcdip_invoice_01566.jpg
data/raw/pool/pos_rvlcdip_invoice_01567.jpg,rvlcdip_invoice,invoice,1,0.9042,data/raw/pool/pos_rvlcdip_invoice_01567.jpg
data/raw/pool/pos_rvlcdip_invoice_01568.jpg,rvlcdip_invoice,invoice,1,0.9033,data/raw/pool/pos_rvlcdip_invoice_01568.jpg
data/raw/pool/pos_rvlcdip_invoice_01569.jpg,rvlcdip_invoice,invoice,1,0.9007,data/raw/pool/pos_rvlcdip_invoice_01569.jpg
data/raw/pool/pos_rvlcdip_invoice_01570.jpg,rvlcdip_invoice,invoice,1,0.9057,data/raw/pool/pos_rvlcdip_invoice_01570.jpg
data/raw/pool/pos_rvlcdip_invoice_01571.jpg,rvlcdip_invoice,invoice,1,0.9066,data/raw/pool/pos_rvlcdip_invoice_01571.jpg
data/raw/pool/pos_rvlcdip_invoice_01572.jpg,rvlcdip_invoice,invoice,1,0.9056,data/raw/pool/pos_rvlcdip_invoice_01572.jpg
data/raw/pool/pos_rvlcdip_invoice_01573.jpg,rvlcdip_invoice,invoice,1,0.9051,data/raw/pool/pos_rvlcdip_invoice_01573.jpg
data/raw/pool/pos_rvlcdip_invoice_01574.jpg,rvlcdip_invoice,invoice,1,0.9083,data/raw/pool/pos_rvlcdip_invoice_01574.jpg
data/raw/pool/pos_rvlcdip_invoice_01575.jpg,rvlcdip_invoice,invoice,1,0.9051,data/raw/pool/pos_rvlcdip_invoice_01575.jpg
data/raw/pool/pos_rvlcdip_invoice_01576.jpg,rvlcdip_invoice,invoice,1,0.9071,data/raw/pool/pos_rvlcdip_invoice_01576.jpg
data/raw/pool/pos_rvlcdip_invoice_01577.jpg,rvlcdip_invoice,invoice,1,0.9033,data/raw/pool/pos_rvlcdip_invoice_01577.jpg
data/raw/pool/pos_rvlcdip_invoice_01578.jpg,rvlcdip_invoice,invoice,1,0.9058,data/raw/pool/pos_rvlcdip_invoice_01578.jpg
data/raw/pool/pos_rvlcdip_invoice_01579.jpg,rvlcdip_invoice,invoice,1,0.9077,data/raw/pool/pos_rvlcdip_invoice_01579.jpg
data/raw/pool/pos_rvlcdip_invoice_01580.jpg,rvlcdip_invoice,invoice,1,0.9073,data/raw/pool/pos_rvlcdip_invoice_01580.jpg
data/raw/pool/pos_rvlcdip_invoice_01581.jpg,rvlcdip_invoice,invoice,1,0.9071,data/raw/pool/pos_rvlcdip_invoice_01581.jpg
data/raw/pool/pos_rvlcdip_invoice_01582.jpg,rvlcdip_invoice,invoice,1,0.9097,data/raw/pool/pos_rvlcdip_invoice_01582.jpg
data/raw/pool/pos_rvlcdip_invoice_01583.jpg,rvlcdip_invoice,invoice,1,0.9056,data/raw/pool/pos_rvlcdip_invoice_01583.jpg
data/raw/pool/pos_rvlcdip_invoice_01584.jpg,rvlcdip_invoice,file folder,1,0.5171,data/raw/pool/pos_rvlcdip_invoice_01584.jpg
data/raw/pool/pos_rvlcdip_invoice_01585.jpg,rvlcdip_invoice,invoice,1,0.9053,data/raw/pool/pos_rvlcdip_invoice_01585.jpg
data/raw/pool/pos_rvlcdip_invoice_01586.jpg,rvlcdip_invoice,invoice,1,0.9059,data/raw/pool/pos_rvlcdip_invoice_01586.jpg
data/raw/pool/pos_rvlcdip_invoice_01587.jpg,rvlcdip_invoice,invoice,1,0.9058,data/raw/pool/pos_rvlcdip_invoice_01587.jpg
data/raw/pool/pos_rvlcdip_invoice_01588.jpg,rvlcdip_invoice,invoice,1,0.8885,data/raw/pool/pos_rvlcdip_invoice_01588.jpg
data/raw/pool/pos_rvlcdip_invoice_01589.jpg,rvlcdip_invoice,invoice,1,0.8806,data/raw/pool/pos_rvlcdip_invoice_01589.jpg
data/raw/pool/pos_rvlcdip_invoice_01590.jpg,rvlcdip_invoice,invoice,1,0.9080,data/raw/pool/pos_rvlcdip_invoice_01590.jpg
data/raw/pool/pos_rvlcdip_invoice_01591.jpg,rvlcdip_invoice,invoice,1,0.9062,data/raw/pool/pos_rvlcdip_invoice_01591.jpg
data/raw/pool/pos_rvlcdip_invoice_01592.jpg,rvlcdip_invoice,invoice,1,0.9064,data/raw/pool/pos_rvlcdip_invoice_01592.jpg
data/raw/pool/pos_rvlcdip_invoice_01593.jpg,rvlcdip_invoice,invoice,1,0.9072,data/raw/pool/pos_rvlcdip_invoice_01593.jpg
data/raw/pool/pos_rvlcdip_invoice_01594.jpg,rvlcdip_invoice,invoice,1,0.9088,data/raw/pool/pos_rvlcdip_invoice_01594.jpg
data/raw/pool/pos_rvlcdip_invoice_01595.jpg,rvlcdip_invoice,invoice,1,0.9094,data/raw/pool/pos_rvlcdip_invoice_01595.jpg
data/raw/pool/pos_rvlcdip_invoice_01596.jpg,rvlcdip_invoice,invoice,1,0.9074,data/raw/pool/pos_rvlcdip_invoice_01596.jpg
data/raw/pool/pos_rvlcdip_invoice_01597.jpg,rvlcdip_invoice,invoice,1,0.9086,data/raw/pool/pos_rvlcdip_invoice_01597.jpg
data/raw/pool/pos_rvlcdip_invoice_01598.jpg,rvlcdip_invoice,invoice,1,0.9067,data/raw/pool/pos_rvlcdip_invoice_01598.jpg
data/raw/pool/pos_rvlcdip_invoice_01599.jpg,rvlcdip_invoice,invoice,1,0.9067,data/raw/pool/pos_rvlcdip_invoice_01599.jpg
data/raw/pool/pos_rvlcdip_invoice_01600.jpg,rvlcdip_invoice,invoice,1,0.9071,data/raw/pool/pos_rvlcdip_invoice_01600.jpg
data/raw/pool/pos_rvlcdip_invoice_01601.jpg,rvlcdip_invoice,handwritten,1,0.8383,data/raw/pool/pos_rvlcdip_invoice_01601.jpg
data/raw/pool/pos_rvlcdip_invoice_01602.jpg,rvlcdip_invoice,invoice,1,0.9070,data/raw/pool/pos_rvlcdip_invoice_01602.jpg
data/raw/pool/pos_rvlcdip_invoice_01603.jpg,rvlcdip_invoice,invoice,1,0.9083,data/raw/pool/pos_rvlcdip_invoice_01603.jpg
data/raw/pool/pos_rvlcdip_invoice_01604.jpg,rvlcdip_invoice,invoice,1,0.9046,data/raw/pool/pos_rvlcdip_invoice_01604.jpg
data/raw/pool/pos_rvlcdip_invoice_01605.jpg,rvlcdip_invoice,invoice,1,0.9078,data/raw/pool/pos_rvlcdip_invoice_01605.jpg
data/raw/pool/pos_rvlcdip_invoice_01606.jpg,rvlcdip_invoice,invoice,1,0.9057,data/raw/pool/pos_rvlcdip_invoice_01606.jpg
data/raw/pool/pos_rvlcdip_invoice_01607.jpg,rvlcdip_invoice,invoice,1,0.9058,data/raw/pool/pos_rvlcdip_invoice_01607.jpg
data/raw/pool/pos_rvlcdip_invoice_01608.jpg,rvlcdip_invoice,invoice,1,0.9064,data/raw/pool/pos_rvlcdip_invoice_01608.jpg
data/raw/pool/pos_rvlcdip_invoice_01609.jpg,rvlcdip_invoice,invoice,1,0.9084,data/raw/pool/pos_rvlcdip_invoice_01609.jpg
data/raw/pool/pos_rvlcdip_invoice_01610.jpg,rvlcdip_invoice,invoice,1,0.9062,data/raw/pool/pos_rvlcdip_invoice_01610.jpg
data/raw/pool/pos_rvlcdip_invoice_01611.jpg,rvlcdip_invoice,invoice,1,0.9066,data/raw/pool/pos_rvlcdip_invoice_01611.jpg
data/raw/pool/pos_rvlcdip_invoice_01612.jpg,rvlcdip_invoice,invoice,1,0.8966,data/raw/pool/pos_rvlcdip_invoice_01612.jpg
data/raw/pool/pos_rvlcdip_invoice_01613.jpg,rvlcdip_invoice,invoice,1,0.9076,data/raw/pool/pos_rvlcdip_invoice_01613.jpg
data/raw/pool/pos_rvlcdip_invoice_01614.jpg,rvlcdip_invoice,invoice,1,0.9058,data/raw/pool/pos_rvlcdip_invoice_01614.jpg
data/raw/pool/pos_rvlcdip_invoice_01615.jpg,rvlcdip_invoice,invoice,1,0.9075,data/raw/pool/pos_rvlcdip_invoice_01615.jpg
data/raw/pool/pos_rvlcdip_invoice_01616.jpg,rvlcdip_invoice,invoice,1,0.9056,data/raw/pool/pos_rvlcdip_invoice_01616.jpg
data/raw/pool/pos_rvlcdip_invoice_01617.jpg,rvlcdip_invoice,invoice,1,0.9059,data/raw/pool/pos_rvlcdip_invoice_01617.jpg
data/raw/pool/pos_rvlcdip_invoice_01618.jpg,rvlcdip_invoice,invoice,1,0.9072,data/raw/pool/pos_rvlcdip_invoice_01618.jpg
data/raw/pool/pos_rvlcdip_invoice_01619.jpg,rvlcdip_invoice,invoice,1,0.9039,data/raw/pool/pos_rvlcdip_invoice_01619.jpg
data/raw/pool/pos_rvlcdip_invoice_01620.jpg,rvlcdip_invoice,invoice,1,0.9072,data/raw/pool/pos_rvlcdip_invoice_01620.jpg
data/raw/pool/pos_rvlcdip_invoice_01621.jpg,rvlcdip_invoice,invoice,1,0.8922,data/raw/pool/pos_rvlcdip_invoice_01621.jpg
data/raw/pool/pos_rvlcdip_invoice_01622.jpg,rvlcdip_invoice,invoice,1,0.9077,data/raw/pool/pos_rvlcdip_invoice_01622.jpg
data/raw/pool/pos_rvlcdip_invoice_01623.jpg,rvlcdip_invoice,form,1,0.8858,data/raw/pool/pos_rvlcdip_invoice_01623.jpg
data/raw/pool/pos_rvlcdip_invoice_01624.jpg,rvlcdip_invoice,invoice,1,0.9065,data/raw/pool/pos_rvlcdip_invoice_01624.jpg
data/raw/pool/pos_rvlcdip_invoice_01625.jpg,rvlcdip_invoice,invoice,1,0.9074,data/raw/pool/pos_rvlcdip_invoice_01625.jpg
data/raw/pool/pos_rvlcdip_invoice_01626.jpg,rvlcdip_invoice,invoice,1,0.8645,data/raw/pool/pos_rvlcdip_invoice_01626.jpg
data/raw/pool/pos_rvlcdip_invoice_01627.jpg,rvlcdip_invoice,invoice,1,0.9043,data/raw/pool/pos_rvlcdip_invoice_01627.jpg
data/raw/pool/pos_rvlcdip_invoice_01628.jpg,rvlcdip_invoice,invoice,1,0.5747,data/raw/pool/pos_rvlcdip_invoice_01628.jpg
data/raw/pool/pos_rvlcdip_invoice_01629.jpg,rvlcdip_invoice,invoice,1,0.9087,data/raw/pool/pos_rvlcdip_invoice_01629.jpg
data/raw/pool/pos_rvlcdip_invoice_01630.jpg,rvlcdip_invoice,invoice,1,0.9015,data/raw/pool/pos_rvlcdip_invoice_01630.jpg
data/raw/pool/pos_rvlcdip_invoice_01631.jpg,rvlcdip_invoice,invoice,1,0.9079,data/raw/pool/pos_rvlcdip_invoice_01631.jpg
data/raw/pool/pos_rvlcdip_invoice_01632.jpg,rvlcdip_invoice,invoice,1,0.9073,data/raw/pool/pos_rvlcdip_invoice_01632.jpg
data/raw/pool/pos_rvlcdip_invoice_01633.jpg,rvlcdip_invoice,invoice,1,0.9002,data/raw/pool/pos_rvlcdip_invoice_01633.jpg
data/raw/pool/pos_rvlcdip_invoice_01634.jpg,rvlcdip_invoice,invoice,1,0.9043,data/raw/pool/pos_rvlcdip_invoice_01634.jpg
data/raw/pool/pos_rvlcdip_invoice_01635.jpg,rvlcdip_invoice,invoice,1,0.9059,data/raw/pool/pos_rvlcdip_invoice_01635.jpg
data/raw/pool/pos_rvlcdip_invoice_01636.jpg,rvlcdip_invoice,invoice,1,0.9071,data/raw/pool/pos_rvlcdip_invoice_01636.jpg
data/raw/pool/pos_rvlcdip_invoice_01637.jpg,rvlcdip_invoice,invoice,1,0.9046,data/raw/pool/pos_rvlcdip_invoice_01637.jpg
data/raw/pool/pos_rvlcdip_invoice_01638.jpg,rvlcdip_invoice,invoice,1,0.9050,data/raw/pool/pos_rvlcdip_invoice_01638.jpg
data/raw/pool/pos_rvlcdip_invoice_01639.jpg,rvlcdip_invoice,budget,1,0.9094,data/raw/pool/pos_rvlcdip_invoice_01639.jpg
data/raw/pool/pos_rvlcdip_invoice_01640.jpg,rvlcdip_invoice,invoice,1,0.9056,data/raw/pool/pos_rvlcdip_invoice_01640.jpg
data/raw/pool/pos_rvlcdip_invoice_01641.jpg,rvlcdip_invoice,invoice,1,0.9056,data/raw/pool/pos_rvlcdip_invoice_01641.jpg
data/raw/pool/pos_rvlcdip_invoice_01642.jpg,rvlcdip_invoice,invoice,1,0.9059,data/raw/pool/pos_rvlcdip_invoice_01642.jpg
data/raw/pool/pos_rvlcdip_invoice_01643.jpg,rvlcdip_invoice,invoice,1,0.9079,data/raw/pool/pos_rvlcdip_invoice_01643.jpg
data/raw/pool/pos_rvlcdip_invoice_01644.jpg,rvlcdip_invoice,invoice,1,0.9066,data/raw/pool/pos_rvlcdip_invoice_01644.jpg
data/raw/pool/pos_rvlcdip_invoice_01645.jpg,rvlcdip_invoice,invoice,1,0.9075,data/raw/pool/pos_rvlcdip_invoice_01645.jpg
data/raw/pool/pos_rvlcdip_invoice_01646.jpg,rvlcdip_invoice,invoice,1,0.9069,data/raw/pool/pos_rvlcdip_invoice_01646.jpg
data/raw/pool/pos_rvlcdip_invoice_01647.jpg,rvlcdip_invoice,invoice,1,0.9094,data/raw/pool/pos_rvlcdip_invoice_01647.jpg
data/raw/pool/pos_rvlcdip_invoice_01648.jpg,rvlcdip_invoice,invoice,1,0.9063,data/raw/pool/pos_rvlcdip_invoice_01648.jpg
data/raw/pool/pos_rvlcdip_invoice_01649.jpg,rvlcdip_invoice,invoice,1,0.8907,data/raw/pool/pos_rvlcdip_invoice_01649.jpg
data/raw/pool/pos_rvlcdip_invoice_01650.jpg,rvlcdip_invoice,invoice,1,0.9082,data/raw/pool/pos_rvlcdip_invoice_01650.jpg
data/raw/pool/pos_rvlcdip_invoice_01651.jpg,rvlcdip_invoice,invoice,1,0.9087,data/raw/pool/pos_rvlcdip_invoice_01651.jpg
data/raw/pool/pos_rvlcdip_invoice_01652.jpg,rvlcdip_invoice,invoice,1,0.9044,data/raw/pool/pos_rvlcdip_invoice_01652.jpg
data/raw/pool/pos_rvlcdip_invoice_01653.jpg,rvlcdip_invoice,invoice,1,0.9085,data/raw/pool/pos_rvlcdip_invoice_01653.jpg
data/raw/pool/pos_rvlcdip_invoice_01654.jpg,rvlcdip_invoice,invoice,1,0.9061,data/raw/pool/pos_rvlcdip_invoice_01654.jpg
data/raw/pool/pos_rvlcdip_invoice_01655.jpg,rvlcdip_invoice,invoice,1,0.9071,data/raw/pool/pos_rvlcdip_invoice_01655.jpg
data/raw/pool/pos_rvlcdip_invoice_01656.jpg,rvlcdip_invoice,invoice,1,0.9043,data/raw/pool/pos_rvlcdip_invoice_01656.jpg
data/raw/pool/pos_rvlcdip_invoice_01657.jpg,rvlcdip_invoice,invoice,1,0.9069,data/raw/pool/pos_rvlcdip_invoice_01657.jpg
data/raw/pool/pos_rvlcdip_invoice_01658.jpg,rvlcdip_invoice,invoice,1,0.9037,data/raw/pool/pos_rvlcdip_invoice_01658.jpg
data/raw/pool/pos_rvlcdip_invoice_01659.jpg,rvlcdip_invoice,invoice,1,0.9068,data/raw/pool/pos_rvlcdip_invoice_01659.jpg
data/raw/pool/pos_rvlcdip_invoice_01660.jpg,rvlcdip_invoice,invoice,1,0.9075,data/raw/pool/pos_rvlcdip_invoice_01660.jpg
data/raw/pool/pos_rvlcdip_invoice_01661.jpg,rvlcdip_invoice,invoice,1,0.8892,data/raw/pool/pos_rvlcdip_invoice_01661.jpg
data/raw/pool/pos_rvlcdip_invoice_01662.jpg,rvlcdip_invoice,invoice,1,0.9042,data/raw/pool/pos_rvlcdip_invoice_01662.jpg
data/raw/pool/pos_rvlcdip_invoice_01663.jpg,rvlcdip_invoice,invoice,1,0.9051,data/raw/pool/pos_rvlcdip_invoice_01663.jpg
data/raw/pool/pos_rvlcdip_invoice_01664.jpg,rvlcdip_invoice,invoice,1,0.9074,data/raw/pool/pos_rvlcdip_invoice_01664.jpg
data/raw/pool/pos_rvlcdip_invoice_01665.jpg,rvlcdip_invoice,invoice,1,0.9061,data/raw/pool/pos_rvlcdip_invoice_01665.jpg
data/raw/pool/pos_rvlcdip_invoice_01666.jpg,rvlcdip_invoice,invoice,1,0.9058,data/raw/pool/pos_rvlcdip_invoice_01666.jpg
data/raw/pool/pos_rvlcdip_invoice_01667.jpg,rvlcdip_invoice,invoice,1,0.9076,data/raw/pool/pos_rvlcdip_invoice_01667.jpg
data/raw/pool/pos_rvlcdip_invoice_01668.jpg,rvlcdip_invoice,invoice,1,0.8886,data/raw/pool/pos_rvlcdip_invoice_01668.jpg
data/raw/pool/pos_rvlcdip_invoice_01669.jpg,rvlcdip_invoice,letter,1,0.9002,data/raw/pool/pos_rvlcdip_invoice_01669.jpg
data/raw/pool/pos_rvlcdip_invoice_01670.jpg,rvlcdip_invoice,invoice,1,0.9074,data/raw/pool/pos_rvlcdip_invoice_01670.jpg
data/raw/pool/pos_rvlcdip_invoice_01671.jpg,rvlcdip_invoice,invoice,1,0.9063,data/raw/pool/pos_rvlcdip_invoice_01671.jpg
data/raw/pool/pos_rvlcdip_invoice_01672.jpg,rvlcdip_invoice,invoice,1,0.9021,data/raw/pool/pos_rvlcdip_invoice_01672.jpg
data/raw/pool/pos_rvlcdip_invoice_01673.jpg,rvlcdip_invoice,invoice,1,0.9042,data/raw/pool/pos_rvlcdip_invoice_01673.jpg
data/raw/pool/pos_rvlcdip_invoice_01674.jpg,rvlcdip_invoice,invoice,1,0.9059,data/raw/pool/pos_rvlcdip_invoice_01674.jpg
data/raw/pool/pos_rvlcdip_invoice_01675.jpg,rvlcdip_invoice,invoice,1,0.9071,data/raw/pool/pos_rvlcdip_invoice_01675.jpg
data/raw/pool/pos_rvlcdip_invoice_01676.jpg,rvlcdip_invoice,invoice,1,0.9070,data/raw/pool/pos_rvlcdip_invoice_01676.jpg
data/raw/pool/pos_rvlcdip_invoice_01677.jpg,rvlcdip_invoice,invoice,1,0.9074,data/raw/pool/pos_rvlcdip_invoice_01677.jpg
data/raw/pool/pos_rvlcdip_invoice_01678.jpg,rvlcdip_invoice,invoice,1,0.9086,data/raw/pool/pos_rvlcdip_invoice_01678.jpg
data/raw/pool/pos_rvlcdip_invoice_01679.jpg,rvlcdip_invoice,invoice,1,0.9068,data/raw/pool/pos_rvlcdip_invoice_01679.jpg
data/raw/pool/pos_rvlcdip_invoice_01680.jpg,rvlcdip_invoice,invoice,1,0.9078,data/raw/pool/pos_rvlcdip_invoice_01680.jpg
data/raw/pool/pos_rvlcdip_invoice_01681.jpg,rvlcdip_invoice,invoice,1,0.9090,data/raw/pool/pos_rvlcdip_invoice_01681.jpg
data/raw/pool/pos_rvlcdip_invoice_01682.jpg,rvlcdip_invoice,invoice,1,0.9067,data/raw/pool/pos_rvlcdip_invoice_01682.jpg
data/raw/pool/pos_rvlcdip_invoice_01683.jpg,rvlcdip_invoice,invoice,1,0.9071,data/raw/pool/pos_rvlcdip_invoice_01683.jpg
data/raw/pool/pos_rvlcdip_invoice_01684.jpg,rvlcdip_invoice,invoice,1,0.9065,data/raw/pool/pos_rvlcdip_invoice_01684.jpg
data/raw/pool/pos_rvlcdip_invoice_01685.jpg,rvlcdip_invoice,invoice,1,0.9080,data/raw/pool/pos_rvlcdip_invoice_01685.jpg
data/raw/pool/pos_rvlcdip_invoice_01686.jpg,rvlcdip_invoice,invoice,1,0.9071,data/raw/pool/pos_rvlcdip_invoice_01686.jpg
data/raw/pool/pos_rvlcdip_invoice_01687.jpg,rvlcdip_invoice,invoice,1,0.9073,data/raw/pool/pos_rvlcdip_invoice_01687.jpg
data/raw/pool/pos_rvlcdip_invoice_01688.jpg,rvlcdip_invoice,invoice,1,0.9084,data/raw/pool/pos_rvlcdip_invoice_01688.jpg
data/raw/pool/pos_rvlcdip_invoice_01689.jpg,rvlcdip_invoice,invoice,1,0.9049,data/raw/pool/pos_rvlcdip_invoice_01689.jpg
data/raw/pool/pos_rvlcdip_invoice_01690.jpg,rvlcdip_invoice,invoice,1,0.9044,data/raw/pool/pos_rvlcdip_invoice_01690.jpg
data/raw/pool/pos_rvlcdip_invoice_01691.jpg,rvlcdip_invoice,memo,1,0.4067,data/raw/pool/pos_rvlcdip_invoice_01691.jpg
data/raw/pool/pos_rvlcdip_invoice_01692.jpg,rvlcdip_invoice,invoice,1,0.9080,data/raw/pool/pos_rvlcdip_invoice_01692.jpg
data/raw/pool/pos_rvlcdip_invoice_01693.jpg,rvlcdip_invoice,invoice,1,0.8923,data/raw/pool/pos_rvlcdip_invoice_01693.jpg
data/raw/pool/pos_rvlcdip_invoice_01694.jpg,rvlcdip_invoice,invoice,1,0.9063,data/raw/pool/pos_rvlcdip_invoice_01694.jpg
data/raw/pool/pos_rvlcdip_invoice_01695.jpg,rvlcdip_invoice,invoice,1,0.9031,data/raw/pool/pos_rvlcdip_invoice_01695.jpg
data/raw/pool/pos_rvlcdip_invoice_01696.jpg,rvlcdip_invoice,invoice,1,0.9067,data/raw/pool/pos_rvlcdip_invoice_01696.jpg
data/raw/pool/pos_rvlcdip_invoice_01697.jpg,rvlcdip_invoice,invoice,1,0.9071,data/raw/pool/pos_rvlcdip_invoice_01697.jpg
data/raw/pool/pos_rvlcdip_invoice_01698.jpg,rvlcdip_invoice,invoice,1,0.9061,data/raw/pool/pos_rvlcdip_invoice_01698.jpg
data/raw/pool/pos_rvlcdip_invoice_01699.jpg,rvlcdip_invoice,invoice,1,0.9056,data/raw/pool/pos_rvlcdip_invoice_01699.jpg
data/raw/pool/pos_rvlcdip_invoice_01700.jpg,rvlcdip_invoice,invoice,1,0.8845,data/raw/pool/pos_rvlcdip_invoice_01700.jpg
data/raw/pool/pos_rvlcdip_invoice_01701.jpg,rvlcdip_invoice,presentation,1,0.5424,data/raw/pool/pos_rvlcdip_invoice_01701.jpg
data/raw/pool/pos_rvlcdip_invoice_01702.jpg,rvlcdip_invoice,invoice,1,0.7823,data/raw/pool/pos_rvlcdip_invoice_01702.jpg
data/raw/pool/pos_rvlcdip_invoice_01703.jpg,rvlcdip_invoice,invoice,1,0.9042,data/raw/pool/pos_rvlcdip_invoice_01703.jpg
data/raw/pool/pos_rvlcdip_invoice_01704.jpg,rvlcdip_invoice,form,1,0.8992,data/raw/pool/pos_rvlcdip_invoice_01704.jpg
data/raw/pool/pos_rvlcdip_invoice_01705.jpg,rvlcdip_invoice,invoice,1,0.9075,data/raw/pool/pos_rvlcdip_invoice_01705.jpg
data/raw/pool/pos_rvlcdip_invoice_01706.jpg,rvlcdip_invoice,invoice,1,0.9083,data/raw/pool/pos_rvlcdip_invoice_01706.jpg
data/raw/pool/pos_rvlcdip_invoice_01707.jpg,rvlcdip_invoice,invoice,1,0.9066,data/raw/pool/pos_rvlcdip_invoice_01707.jpg
data/raw/pool/pos_rvlcdip_invoice_01708.jpg,rvlcdip_invoice,invoice,1,0.9051,data/raw/pool/pos_rvlcdip_invoice_01708.jpg
data/raw/pool/pos_rvlcdip_invoice_01709.jpg,rvlcdip_invoice,invoice,1,0.8248,data/raw/pool/pos_rvlcdip_invoice_01709.jpg
data/raw/pool/pos_rvlcdip_invoice_01710.jpg,rvlcdip_invoice,invoice,1,0.9075,data/raw/pool/pos_rvlcdip_invoice_01710.jpg
data/raw/pool/pos_rvlcdip_invoice_01711.jpg,rvlcdip_invoice,invoice,1,0.9068,data/raw/pool/pos_rvlcdip_invoice_01711.jpg
data/raw/pool/pos_rvlcdip_invoice_01712.jpg,rvlcdip_invoice,invoice,1,0.9073,data/raw/pool/pos_rvlcdip_invoice_01712.jpg
data/raw/pool/pos_rvlcdip_invoice_01713.jpg,rvlcdip_invoice,invoice,1,0.9061,data/raw/pool/pos_rvlcdip_invoice_01713.jpg
data/raw/pool/pos_rvlcdip_invoice_01714.jpg,rvlcdip_invoice,invoice,1,0.9051,data/raw/pool/pos_rvlcdip_invoice_01714.jpg
data/raw/pool/pos_rvlcdip_invoice_01715.jpg,rvlcdip_invoice,invoice,1,0.8994,data/raw/pool/pos_rvlcdip_invoice_01715.jpg
data/raw/pool/pos_rvlcdip_invoice_01716.jpg,rvlcdip_invoice,invoice,1,0.9054,data/raw/pool/pos_rvlcdip_invoice_01716.jpg
data/raw/pool/pos_rvlcdip_invoice_01717.jpg,rvlcdip_invoice,invoice,1,0.7755,data/raw/pool/pos_rvlcdip_invoice_01717.jpg
data/raw/pool/pos_rvlcdip_invoice_01718.jpg,rvlcdip_invoice,invoice,1,0.9061,data/raw/pool/pos_rvlcdip_invoice_01718.jpg
data/raw/pool/pos_rvlcdip_invoice_01719.jpg,rvlcdip_invoice,invoice,1,0.9036,data/raw/pool/pos_rvlcdip_invoice_01719.jpg
data/raw/pool/pos_rvlcdip_invoice_01720.jpg,rvlcdip_invoice,invoice,1,0.9056,data/raw/pool/pos_rvlcdip_invoice_01720.jpg
data/raw/pool/pos_rvlcdip_invoice_01721.jpg,rvlcdip_invoice,invoice,1,0.9068,data/raw/pool/pos_rvlcdip_invoice_01721.jpg
data/raw/pool/pos_rvlcdip_invoice_01722.jpg,rvlcdip_invoice,invoice,1,0.9050,data/raw/pool/pos_rvlcdip_invoice_01722.jpg
data/raw/pool/pos_rvlcdip_invoice_01723.jpg,rvlcdip_invoice,invoice,1,0.9062,data/raw/pool/pos_rvlcdip_invoice_01723.jpg
data/raw/pool/pos_rvlcdip_invoice_01724.jpg,rvlcdip_invoice,invoice,1,0.9065,data/raw/pool/pos_rvlcdip_invoice_01724.jpg
data/raw/pool/pos_rvlcdip_invoice_01725.jpg,rvlcdip_invoice,invoice,1,0.9080,data/raw/pool/pos_rvlcdip_invoice_01725.jpg
data/raw/pool/pos_rvlcdip_invoice_01726.jpg,rvlcdip_invoice,invoice,1,0.9084,data/raw/pool/pos_rvlcdip_invoice_01726.jpg
data/raw/pool/pos_rvlcdip_invoice_01727.jpg,rvlcdip_invoice,invoice,1,0.9050,data/raw/pool/pos_rvlcdip_invoice_01727.jpg
data/raw/pool/pos_rvlcdip_invoice_01728.jpg,rvlcdip_invoice,invoice,1,0.9057,data/raw/pool/pos_rvlcdip_invoice_01728.jpg
data/raw/pool/pos_rvlcdip_invoice_01729.jpg,rvlcdip_invoice,invoice,1,0.9079,data/raw/pool/pos_rvlcdip_invoice_01729.jpg
data/raw/pool/pos_rvlcdip_invoice_01730.jpg,rvlcdip_invoice,invoice,1,0.9058,data/raw/pool/pos_rvlcdip_invoice_01730.jpg
data/raw/pool/pos_rvlcdip_invoice_01731.jpg,rvlcdip_invoice,invoice,1,0.9051,data/raw/pool/pos_rvlcdip_invoice_01731.jpg
data/raw/pool/pos_rvlcdip_invoice_01732.jpg,rvlcdip_invoice,invoice,1,0.9070,data/raw/pool/pos_rvlcdip_invoice_01732.jpg
data/raw/pool/pos_rvlcdip_invoice_01733.jpg,rvlcdip_invoice,invoice,1,0.9052,data/raw/pool/pos_rvlcdip_invoice_01733.jpg
data/raw/pool/pos_rvlcdip_invoice_01734.jpg,rvlcdip_invoice,invoice,1,0.9041,data/raw/pool/pos_rvlcdip_invoice_01734.jpg
data/raw/pool/pos_rvlcdip_invoice_01735.jpg,rvlcdip_invoice,invoice,1,0.9048,data/raw/pool/pos_rvlcdip_invoice_01735.jpg
data/raw/pool/pos_rvlcdip_invoice_01736.jpg,rvlcdip_invoice,invoice,1,0.9073,data/raw/pool/pos_rvlcdip_invoice_01736.jpg
data/raw/pool/pos_rvlcdip_invoice_01737.jpg,rvlcdip_invoice,invoice,1,0.9059,data/raw/pool/pos_rvlcdip_invoice_01737.jpg
data/raw/pool/pos_rvlcdip_invoice_01738.jpg,rvlcdip_invoice,invoice,1,0.9071,data/raw/pool/pos_rvlcdip_invoice_01738.jpg
data/raw/pool/pos_rvlcdip_invoice_01739.jpg,rvlcdip_invoice,invoice,1,0.9074,data/raw/pool/pos_rvlcdip_invoice_01739.jpg
data/raw/pool/pos_rvlcdip_invoice_01740.jpg,rvlcdip_invoice,invoice,1,0.9059,data/raw/pool/pos_rvlcdip_invoice_01740.jpg
data/raw/pool/pos_rvlcdip_invoice_01741.jpg,rvlcdip_invoice,invoice,1,0.9062,data/raw/pool/pos_rvlcdip_invoice_01741.jpg
data/raw/pool/pos_rvlcdip_invoice_01742.jpg,rvlcdip_invoice,letter,1,0.9002,data/raw/pool/pos_rvlcdip_invoice_01742.jpg
data/raw/pool/pos_rvlcdip_invoice_01743.jpg,rvlcdip_invoice,invoice,1,0.9049,data/raw/pool/pos_rvlcdip_invoice_01743.jpg
data/raw/pool/pos_rvlcdip_invoice_01744.jpg,rvlcdip_invoice,invoice,1,0.9068,data/raw/pool/pos_rvlcdip_invoice_01744.jpg
data/raw/pool/pos_rvlcdip_invoice_01745.jpg,rvlcdip_invoice,invoice,1,0.9091,data/raw/pool/pos_rvlcdip_invoice_01745.jpg
data/raw/pool/pos_rvlcdip_invoice_01746.jpg,rvlcdip_invoice,invoice,1,0.9072,data/raw/pool/pos_rvlcdip_invoice_01746.jpg
data/raw/pool/pos_rvlcdip_invoice_01747.jpg,rvlcdip_invoice,invoice,1,0.9063,data/raw/pool/pos_rvlcdip_invoice_01747.jpg
data/raw/pool/pos_rvlcdip_invoice_01748.jpg,rvlcdip_invoice,invoice,1,0.9052,data/raw/pool/pos_rvlcdip_invoice_01748.jpg
data/raw/pool/pos_rvlcdip_invoice_01749.jpg,rvlcdip_invoice,invoice,1,0.9044,data/raw/pool/pos_rvlcdip_invoice_01749.jpg
data/raw/pool/pos_rvlcdip_invoice_01750.jpg,rvlcdip_invoice,invoice,1,0.9073,data/raw/pool/pos_rvlcdip_invoice_01750.jpg
data/raw/pool/pos_rvlcdip_invoice_01751.jpg,rvlcdip_invoice,invoice,1,0.9068,data/raw/pool/pos_rvlcdip_invoice_01751.jpg
data/raw/pool/pos_rvlcdip_invoice_01752.jpg,rvlcdip_invoice,invoice,1,0.9076,data/raw/pool/pos_rvlcdip_invoice_01752.jpg
data/raw/pool/pos_rvlcdip_invoice_01753.jpg,rvlcdip_invoice,invoice,1,0.9046,data/raw/pool/pos_rvlcdip_invoice_01753.jpg
data/raw/pool/pos_rvlcdip_invoice_01754.jpg,rvlcdip_invoice,invoice,1,0.9064,data/raw/pool/pos_rvlcdip_invoice_01754.jpg
data/raw/pool/pos_rvlcdip_invoice_01755.jpg,rvlcdip_invoice,invoice,1,0.9085,data/raw/pool/pos_rvlcdip_invoice_01755.jpg
data/raw/pool/pos_rvlcdip_invoice_01756.jpg,rvlcdip_invoice,invoice,1,0.9076,data/raw/pool/pos_rvlcdip_invoice_01756.jpg
data/raw/pool/pos_rvlcdip_invoice_01757.jpg,rvlcdip_invoice,invoice,1,0.9059,data/raw/pool/pos_rvlcdip_invoice_01757.jpg
data/raw/pool/pos_rvlcdip_invoice_01758.jpg,rvlcdip_invoice,invoice,1,0.9084,data/raw/pool/pos_rvlcdip_invoice_01758.jpg
data/raw/pool/pos_rvlcdip_invoice_01759.jpg,rvlcdip_invoice,invoice,1,0.9067,data/raw/pool/pos_rvlcdip_invoice_01759.jpg
data/raw/pool/pos_rvlcdip_invoice_01760.jpg,rvlcdip_invoice,invoice,1,0.9051,data/raw/pool/pos_rvlcdip_invoice_01760.jpg
data/raw/pool/pos_rvlcdip_invoice_01761.jpg,rvlcdip_invoice,invoice,1,0.9074,data/raw/pool/pos_rvlcdip_invoice_01761.jpg
data/raw/pool/pos_rvlcdip_invoice_01762.jpg,rvlcdip_invoice,invoice,1,0.8945,data/raw/pool/pos_rvlcdip_invoice_01762.jpg
data/raw/pool/pos_rvlcdip_invoice_01763.jpg,rvlcdip_invoice,invoice,1,0.9070,data/raw/pool/pos_rvlcdip_invoice_01763.jpg
data/raw/pool/pos_rvlcdip_invoice_01764.jpg,rvlcdip_invoice,invoice,1,0.9058,data/raw/pool/pos_rvlcdip_invoice_01764.jpg
data/raw/pool/pos_rvlcdip_invoice_01765.jpg,rvlcdip_invoice,invoice,1,0.9086,data/raw/pool/pos_rvlcdip_invoice_01765.jpg
data/raw/pool/pos_rvlcdip_invoice_01766.jpg,rvlcdip_invoice,invoice,1,0.8833,data/raw/pool/pos_rvlcdip_invoice_01766.jpg
data/raw/pool/pos_rvlcdip_invoice_01767.jpg,rvlcdip_invoice,invoice,1,0.9067,data/raw/pool/pos_rvlcdip_invoice_01767.jpg
data/raw/pool/pos_rvlcdip_invoice_01768.jpg,rvlcdip_invoice,invoice,1,0.9077,data/raw/pool/pos_rvlcdip_invoice_01768.jpg
data/raw/pool/pos_rvlcdip_invoice_01769.jpg,rvlcdip_invoice,invoice,1,0.8779,data/raw/pool/pos_rvlcdip_invoice_01769.jpg
data/raw/pool/pos_rvlcdip_invoice_01770.jpg,rvlcdip_invoice,invoice,1,0.9017,data/raw/pool/pos_rvlcdip_invoice_01770.jpg
data/raw/pool/pos_rvlcdip_invoice_01771.jpg,rvlcdip_invoice,invoice,1,0.9052,data/raw/pool/pos_rvlcdip_invoice_01771.jpg
data/raw/pool/pos_rvlcdip_invoice_01772.jpg,rvlcdip_invoice,invoice,1,0.9026,data/raw/pool/pos_rvlcdip_invoice_01772.jpg
data/raw/pool/pos_rvlcdip_invoice_01773.jpg,rvlcdip_invoice,invoice,1,0.8869,data/raw/pool/pos_rvlcdip_invoice_01773.jpg
data/raw/pool/pos_rvlcdip_invoice_01774.jpg,rvlcdip_invoice,invoice,1,0.9084,data/raw/pool/pos_rvlcdip_invoice_01774.jpg
data/raw/pool/pos_rvlcdip_invoice_01775.jpg,rvlcdip_invoice,invoice,1,0.9060,data/raw/pool/pos_rvlcdip_invoice_01775.jpg
data/raw/pool/pos_rvlcdip_invoice_01776.jpg,rvlcdip_invoice,invoice,1,0.9084,data/raw/pool/pos_rvlcdip_invoice_01776.jpg
data/raw/pool/pos_rvlcdip_invoice_01777.jpg,rvlcdip_invoice,invoice,1,0.4727,data/raw/pool/pos_rvlcdip_invoice_01777.jpg
data/raw/pool/pos_rvlcdip_invoice_01778.jpg,rvlcdip_invoice,invoice,1,0.9058,data/raw/pool/pos_rvlcdip_invoice_01778.jpg
data/raw/pool/pos_rvlcdip_invoice_01779.jpg,rvlcdip_invoice,invoice,1,0.9068,data/raw/pool/pos_rvlcdip_invoice_01779.jpg
data/raw/pool/pos_rvlcdip_invoice_01780.jpg,rvlcdip_invoice,invoice,1,0.9065,data/raw/pool/pos_rvlcdip_invoice_01780.jpg
data/raw/pool/pos_rvlcdip_invoice_01781.jpg,rvlcdip_invoice,invoice,1,0.9030,data/raw/pool/pos_rvlcdip_invoice_01781.jpg
data/raw/pool/pos_rvlcdip_invoice_01782.jpg,rvlcdip_invoice,invoice,1,0.9062,data/raw/pool/pos_rvlcdip_invoice_01782.jpg
data/raw/pool/pos_rvlcdip_invoice_01783.jpg,rvlcdip_invoice,invoice,1,0.9074,data/raw/pool/pos_rvlcdip_invoice_01783.jpg
data/raw/pool/pos_rvlcdip_invoice_01784.jpg,rvlcdip_invoice,invoice,1,0.8990,data/raw/pool/pos_rvlcdip_invoice_01784.jpg
data/raw/pool/pos_rvlcdip_invoice_01785.jpg,rvlcdip_invoice,invoice,1,0.9057,data/raw/pool/pos_rvlcdip_invoice_01785.jpg
data/raw/pool/pos_rvlcdip_invoice_01786.jpg,rvlcdip_invoice,invoice,1,0.9072,data/raw/pool/pos_rvlcdip_invoice_01786.jpg
data/raw/pool/pos_rvlcdip_invoice_01787.jpg,rvlcdip_invoice,invoice,1,0.9058,data/raw/pool/pos_rvlcdip_invoice_01787.jpg
data/raw/pool/pos_rvlcdip_invoice_01788.jpg,rvlcdip_invoice,invoice,1,0.9075,data/raw/pool/pos_rvlcdip_invoice_01788.jpg
data/raw/pool/pos_rvlcdip_invoice_01789.jpg,rvlcdip_invoice,invoice,1,0.9014,data/raw/pool/pos_rvlcdip_invoice_01789.jpg
data/raw/pool/pos_rvlcdip_invoice_01790.jpg,rvlcdip_invoice,invoice,1,0.8913,data/raw/pool/pos_rvlcdip_invoice_01790.jpg
data/raw/pool/pos_rvlcdip_invoice_01791.jpg,rvlcdip_invoice,invoice,1,0.8968,data/raw/pool/pos_rvlcdip_invoice_01791.jpg
data/raw/pool/pos_rvlcdip_invoice_01792.jpg,rvlcdip_invoice,invoice,1,0.9037,data/raw/pool/pos_rvlcdip_invoice_01792.jpg
data/raw/pool/pos_rvlcdip_invoice_01793.jpg,rvlcdip_invoice,invoice,1,0.9071,data/raw/pool/pos_rvlcdip_invoice_01793.jpg
data/raw/pool/pos_rvlcdip_invoice_01794.jpg,rvlcdip_invoice,invoice,1,0.9055,data/raw/pool/pos_rvlcdip_invoice_01794.jpg
data/raw/pool/pos_rvlcdip_invoice_01795.jpg,rvlcdip_invoice,invoice,1,0.9064,data/raw/pool/pos_rvlcdip_invoice_01795.jpg
data/raw/pool/pos_rvlcdip_invoice_01796.jpg,rvlcdip_invoice,invoice,1,0.9072,data/raw/pool/pos_rvlcdip_invoice_01796.jpg
data/raw/pool/pos_rvlcdip_invoice_01797.jpg,rvlcdip_invoice,invoice,1,0.9068,data/raw/pool/pos_rvlcdip_invoice_01797.jpg
data/raw/pool/pos_rvlcdip_invoice_01798.jpg,rvlcdip_invoice,invoice,1,0.9072,data/raw/pool/pos_rvlcdip_invoice_01798.jpg
data/raw/pool/pos_rvlcdip_invoice_01799.jpg,rvlcdip_invoice,invoice,1,0.9060,data/raw/pool/pos_rvlcdip_invoice_01799.jpg
data/raw/pool/neg_rvlcdip_other_00000.jpg,rvlcdip_other,letter,0,0.9042,data/raw/pool/neg_rvlcdip_other_00000.jpg
data/raw/pool/neg_rvlcdip_other_00001.jpg,rvlcdip_other,letter,0,0.8829,data/raw/pool/neg_rvlcdip_other_00001.jpg
data/raw/pool/neg_rvlcdip_other_00002.jpg,rvlcdip_other,letter,0,0.9029,data/raw/pool/neg_rvlcdip_other_00002.jpg
data/raw/pool/neg_rvlcdip_other_00003.jpg,rvlcdip_other,email,0,0.8968,data/raw/pool/neg_rvlcdip_other_00003.jpg
data/raw/pool/neg_rvlcdip_other_00004.jpg,rvlcdip_other,letter,0,0.9056,data/raw/pool/neg_rvlcdip_other_00004.jpg
data/raw/pool/neg_rvlcdip_other_00005.jpg,rvlcdip_other,letter,0,0.8976,data/raw/pool/neg_rvlcdip_other_00005.jpg
data/raw/pool/neg_rvlcdip_other_00006.jpg,rvlcdip_other,letter,0,0.9028,data/raw/pool/neg_rvlcdip_other_00006.jpg
data/raw/pool/neg_rvlcdip_other_00007.jpg,rvlcdip_other,letter,0,0.9028,data/raw/pool/neg_rvlcdip_other_00007.jpg
data/raw/pool/neg_rvlcdip_other_00008.jpg,rvlcdip_other,letter,0,0.9032,data/raw/pool/neg_rvlcdip_other_00008.jpg
data/raw/pool/neg_rvlcdip_other_00009.jpg,rvlcdip_other,letter,0,0.8995,data/raw/pool/neg_rvlcdip_other_00009.jpg
data/raw/pool/neg_rvlcdip_other_00010.jpg,rvlcdip_other,letter,0,0.8905,data/raw/pool/neg_rvlcdip_other_00010.jpg
data/raw/pool/neg_rvlcdip_other_00011.jpg,rvlcdip_other,letter,0,0.8434,data/raw/pool/neg_rvlcdip_other_00011.jpg
data/raw/pool/neg_rvlcdip_other_00012.jpg,rvlcdip_other,letter,0,0.8980,data/raw/pool/neg_rvlcdip_other_00012.jpg
data/raw/pool/neg_rvlcdip_other_00013.jpg,rvlcdip_other,letter,0,0.9033,data/raw/pool/neg_rvlcdip_other_00013.jpg
data/raw/pool/neg_rvlcdip_other_00014.jpg,rvlcdip_other,letter,0,0.8989,data/raw/pool/neg_rvlcdip_other_00014.jpg
data/raw/pool/neg_rvlcdip_other_00015.jpg,rvlcdip_other,email,0,0.8965,data/raw/pool/neg_rvlcdip_other_00015.jpg
data/raw/pool/neg_rvlcdip_other_00016.jpg,rvlcdip_other,letter,0,0.9047,data/raw/pool/neg_rvlcdip_other_00016.jpg
data/raw/pool/neg_rvlcdip_other_00017.jpg,rvlcdip_other,memo,0,0.8636,data/raw/pool/neg_rvlcdip_other_00017.jpg
data/raw/pool/neg_rvlcdip_other_00018.jpg,rvlcdip_other,letter,0,0.8933,data/raw/pool/neg_rvlcdip_other_00018.jpg
data/raw/pool/neg_rvlcdip_other_00019.jpg,rvlcdip_other,letter,0,0.9020,data/raw/pool/neg_rvlcdip_other_00019.jpg
data/raw/pool/neg_rvlcdip_other_00020.jpg,rvlcdip_other,letter,0,0.8906,data/raw/pool/neg_rvlcdip_other_00020.jpg
data/raw/pool/neg_rvlcdip_other_00021.jpg,rvlcdip_other,letter,0,0.9053,data/raw/pool/neg_rvlcdip_other_00021.jpg
data/raw/pool/neg_rvlcdip_other_00022.jpg,rvlcdip_other,memo,0,0.5127,data/raw/pool/neg_rvlcdip_other_00022.jpg
data/raw/pool/neg_rvlcdip_other_00023.jpg,rvlcdip_other,letter,0,0.8452,data/raw/pool/neg_rvlcdip_other_00023.jpg
data/raw/pool/neg_rvlcdip_other_00024.jpg,rvlcdip_other,questionnaire,0,0.8923,data/raw/pool/neg_rvlcdip_other_00024.jpg
data/raw/pool/neg_rvlcdip_other_00025.jpg,rvlcdip_other,letter,0,0.8989,data/raw/pool/neg_rvlcdip_other_00025.jpg
data/raw/pool/neg_rvlcdip_other_00026.jpg,rvlcdip_other,letter,0,0.8640,data/raw/pool/neg_rvlcdip_other_00026.jpg
data/raw/pool/neg_rvlcdip_other_00027.jpg,rvlcdip_other,letter,0,0.8728,data/raw/pool/neg_rvlcdip_other_00027.jpg
data/raw/pool/neg_rvlcdip_other_00028.jpg,rvlcdip_other,letter,0,0.9040,data/raw/pool/neg_rvlcdip_other_00028.jpg
data/raw/pool/neg_rvlcdip_other_00029.jpg,rvlcdip_other,letter,0,0.9046,data/raw/pool/neg_rvlcdip_other_00029.jpg
data/raw/pool/neg_rvlcdip_other_00030.jpg,rvlcdip_other,letter,0,0.9033,data/raw/pool/neg_rvlcdip_other_00030.jpg
data/raw/pool/neg_rvlcdip_other_00031.jpg,rvlcdip_other,letter,0,0.9049,data/raw/pool/neg_rvlcdip_other_00031.jpg
data/raw/pool/neg_rvlcdip_other_00032.jpg,rvlcdip_other,letter,0,0.9011,data/raw/pool/neg_rvlcdip_other_00032.jpg
data/raw/pool/neg_rvlcdip_other_00033.jpg,rvlcdip_other,letter,0,0.9027,data/raw/pool/neg_rvlcdip_other_00033.jpg
data/raw/pool/neg_rvlcdip_other_00034.jpg,rvlcdip_other,letter,0,0.9012,data/raw/pool/neg_rvlcdip_other_00034.jpg
data/raw/pool/neg_rvlcdip_other_00035.jpg,rvlcdip_other,letter,0,0.9015,data/raw/pool/neg_rvlcdip_other_00035.jpg
data/raw/pool/neg_rvlcdip_other_00036.jpg,rvlcdip_other,letter,0,0.9083,data/raw/pool/neg_rvlcdip_other_00036.jpg
data/raw/pool/neg_rvlcdip_other_00037.jpg,rvlcdip_other,letter,0,0.9051,data/raw/pool/neg_rvlcdip_other_00037.jpg
data/raw/pool/neg_rvlcdip_other_00038.jpg,rvlcdip_other,letter,0,0.8711,data/raw/pool/neg_rvlcdip_other_00038.jpg
data/raw/pool/neg_rvlcdip_other_00039.jpg,rvlcdip_other,letter,0,0.6846,data/raw/pool/neg_rvlcdip_other_00039.jpg
data/raw/pool/neg_rvlcdip_other_00040.jpg,rvlcdip_other,letter,0,0.8976,data/raw/pool/neg_rvlcdip_other_00040.jpg
data/raw/pool/neg_rvlcdip_other_00041.jpg,rvlcdip_other,letter,0,0.9045,data/raw/pool/neg_rvlcdip_other_00041.jpg
data/raw/pool/neg_rvlcdip_other_00042.jpg,rvlcdip_other,letter,0,0.9038,data/raw/pool/neg_rvlcdip_other_00042.jpg
data/raw/pool/neg_rvlcdip_other_00043.jpg,rvlcdip_other,letter,0,0.9025,data/raw/pool/neg_rvlcdip_other_00043.jpg
data/raw/pool/neg_rvlcdip_other_00044.jpg,rvlcdip_other,letter,0,0.9071,data/raw/pool/neg_rvlcdip_other_00044.jpg
data/raw/pool/neg_rvlcdip_other_00045.jpg,rvlcdip_other,letter,0,0.9068,data/raw/pool/neg_rvlcdip_other_00045.jpg
data/raw/pool/neg_rvlcdip_other_00046.jpg,rvlcdip_other,letter,0,0.9071,data/raw/pool/neg_rvlcdip_other_00046.jpg
data/raw/pool/neg_rvlcdip_other_00047.jpg,rvlcdip_other,letter,0,0.9002,data/raw/pool/neg_rvlcdip_other_00047.jpg
data/raw/pool/neg_rvlcdip_other_00048.jpg,rvlcdip_other,letter,0,0.8970,data/raw/pool/neg_rvlcdip_other_00048.jpg
data/raw/pool/neg_rvlcdip_other_00049.jpg,rvlcdip_other,letter,0,0.8978,data/raw/pool/neg_rvlcdip_other_00049.jpg
data/raw/pool/neg_rvlcdip_other_00050.jpg,rvlcdip_other,letter,0,0.9096,data/raw/pool/neg_rvlcdip_other_00050.jpg
data/raw/pool/neg_rvlcdip_other_00051.jpg,rvlcdip_other,letter,0,0.9023,data/raw/pool/neg_rvlcdip_other_00051.jpg
data/raw/pool/neg_rvlcdip_other_00052.jpg,rvlcdip_other,letter,0,0.8797,data/raw/pool/neg_rvlcdip_other_00052.jpg
data/raw/pool/neg_rvlcdip_other_00053.jpg,rvlcdip_other,letter,0,0.9036,data/raw/pool/neg_rvlcdip_other_00053.jpg
data/raw/pool/neg_rvlcdip_other_00054.jpg,rvlcdip_other,letter,0,0.8974,data/raw/pool/neg_rvlcdip_other_00054.jpg
data/raw/pool/neg_rvlcdip_other_00055.jpg,rvlcdip_other,handwritten,0,0.4107,data/raw/pool/neg_rvlcdip_other_00055.jpg
data/raw/pool/neg_rvlcdip_other_00056.jpg,rvlcdip_other,letter,0,0.8959,data/raw/pool/neg_rvlcdip_other_00056.jpg
data/raw/pool/neg_rvlcdip_other_00057.jpg,rvlcdip_other,letter,0,0.9045,data/raw/pool/neg_rvlcdip_other_00057.jpg
data/raw/pool/neg_rvlcdip_other_00058.jpg,rvlcdip_other,letter,0,0.8993,data/raw/pool/neg_rvlcdip_other_00058.jpg
data/raw/pool/neg_rvlcdip_other_00059.jpg,rvlcdip_other,file folder,0,0.9098,data/raw/pool/neg_rvlcdip_other_00059.jpg
data/raw/pool/neg_rvlcdip_other_00060.jpg,rvlcdip_other,letter,0,0.9082,data/raw/pool/neg_rvlcdip_other_00060.jpg
data/raw/pool/neg_rvlcdip_other_00061.jpg,rvlcdip_other,email,0,0.7093,data/raw/pool/neg_rvlcdip_other_00061.jpg
data/raw/pool/neg_rvlcdip_other_00062.jpg,rvlcdip_other,advertisement,0,0.7448,data/raw/pool/neg_rvlcdip_other_00062.jpg
data/raw/pool/neg_rvlcdip_other_00063.jpg,rvlcdip_other,letter,0,0.9032,data/raw/pool/neg_rvlcdip_other_00063.jpg
data/raw/pool/neg_rvlcdip_other_00064.jpg,rvlcdip_other,letter,0,0.9044,data/raw/pool/neg_rvlcdip_other_00064.jpg
data/raw/pool/neg_rvlcdip_other_00065.jpg,rvlcdip_other,letter,0,0.9039,data/raw/pool/neg_rvlcdip_other_00065.jpg
data/raw/pool/neg_rvlcdip_other_00066.jpg,rvlcdip_other,letter,0,0.9065,data/raw/pool/neg_rvlcdip_other_00066.jpg
data/raw/pool/neg_rvlcdip_other_00067.jpg,rvlcdip_other,letter,0,0.9040,data/raw/pool/neg_rvlcdip_other_00067.jpg
data/raw/pool/neg_rvlcdip_other_00068.jpg,rvlcdip_other,letter,0,0.9001,data/raw/pool/neg_rvlcdip_other_00068.jpg
data/raw/pool/neg_rvlcdip_other_00069.jpg,rvlcdip_other,letter,0,0.9022,data/raw/pool/neg_rvlcdip_other_00069.jpg
data/raw/pool/neg_rvlcdip_other_00070.jpg,rvlcdip_other,letter,0,0.9047,data/raw/pool/neg_rvlcdip_other_00070.jpg
data/raw/pool/neg_rvlcdip_other_00071.jpg,rvlcdip_other,letter,0,0.8596,data/raw/pool/neg_rvlcdip_other_00071.jpg
data/raw/pool/neg_rvlcdip_other_00072.jpg,rvlcdip_other,letter,0,0.9001,data/raw/pool/neg_rvlcdip_other_00072.jpg
data/raw/pool/neg_rvlcdip_other_00073.jpg,rvlcdip_other,letter,0,0.9042,data/raw/pool/neg_rvlcdip_other_00073.jpg
data/raw/pool/neg_rvlcdip_other_00074.jpg,rvlcdip_other,letter,0,0.7926,data/raw/pool/neg_rvlcdip_other_00074.jpg
data/raw/pool/neg_rvlcdip_other_00075.jpg,rvlcdip_other,letter,0,0.9006,data/raw/pool/neg_rvlcdip_other_00075.jpg
data/raw/pool/neg_rvlcdip_other_00076.jpg,rvlcdip_other,letter,0,0.9015,data/raw/pool/neg_rvlcdip_other_00076.jpg
data/raw/pool/neg_rvlcdip_other_00077.jpg,rvlcdip_other,letter,0,0.8876,data/raw/pool/neg_rvlcdip_other_00077.jpg
data/raw/pool/neg_rvlcdip_other_00078.jpg,rvlcdip_other,letter,0,0.8915,data/raw/pool/neg_rvlcdip_other_00078.jpg
data/raw/pool/neg_rvlcdip_other_00079.jpg,rvlcdip_other,letter,0,0.8596,data/raw/pool/neg_rvlcdip_other_00079.jpg
data/raw/pool/neg_rvlcdip_other_00080.jpg,rvlcdip_other,letter,0,0.8948,data/raw/pool/neg_rvlcdip_other_00080.jpg
data/raw/pool/neg_rvlcdip_other_00081.jpg,rvlcdip_other,letter,0,0.9045,data/raw/pool/neg_rvlcdip_other_00081.jpg
data/raw/pool/neg_rvlcdip_other_00082.jpg,rvlcdip_other,letter,0,0.8873,data/raw/pool/neg_rvlcdip_other_00082.jpg
data/raw/pool/neg_rvlcdip_other_00083.jpg,rvlcdip_other,letter,0,0.8821,data/raw/pool/neg_rvlcdip_other_00083.jpg
data/raw/pool/neg_rvlcdip_other_00084.jpg,rvlcdip_other,letter,0,0.8988,data/raw/pool/neg_rvlcdip_other_00084.jpg
data/raw/pool/neg_rvlcdip_other_00085.jpg,rvlcdip_other,letter,0,0.9062,data/raw/pool/neg_rvlcdip_other_00085.jpg
data/raw/pool/neg_rvlcdip_other_00086.jpg,rvlcdip_other,letter,0,0.9013,data/raw/pool/neg_rvlcdip_other_00086.jpg
data/raw/pool/neg_rvlcdip_other_00087.jpg,rvlcdip_other,letter,0,0.8999,data/raw/pool/neg_rvlcdip_other_00087.jpg
data/raw/pool/neg_rvlcdip_other_00088.jpg,rvlcdip_other,file folder,0,0.7429,data/raw/pool/neg_rvlcdip_other_00088.jpg
data/raw/pool/neg_rvlcdip_other_00089.jpg,rvlcdip_other,letter,0,0.9055,data/raw/pool/neg_rvlcdip_other_00089.jpg
data/raw/pool/neg_rvlcdip_other_00090.jpg,rvlcdip_other,letter,0,0.9039,data/raw/pool/neg_rvlcdip_other_00090.jpg
data/raw/pool/neg_rvlcdip_other_00091.jpg,rvlcdip_other,questionnaire,0,0.8859,data/raw/pool/neg_rvlcdip_other_00091.jpg
data/raw/pool/neg_rvlcdip_other_00092.jpg,rvlcdip_other,letter,0,0.9026,data/raw/pool/neg_rvlcdip_other_00092.jpg
data/raw/pool/neg_rvlcdip_other_00093.jpg,rvlcdip_other,letter,0,0.9060,data/raw/pool/neg_rvlcdip_other_00093.jpg
data/raw/pool/neg_rvlcdip_other_00094.jpg,rvlcdip_other,letter,0,0.9028,data/raw/pool/neg_rvlcdip_other_00094.jpg
data/raw/pool/neg_rvlcdip_other_00095.jpg,rvlcdip_other,letter,0,0.8936,data/raw/pool/neg_rvlcdip_other_00095.jpg
data/raw/pool/neg_rvlcdip_other_00096.jpg,rvlcdip_other,letter,0,0.8983,data/raw/pool/neg_rvlcdip_other_00096.jpg
data/raw/pool/neg_rvlcdip_other_00097.jpg,rvlcdip_other,scientific publication,0,0.8955,data/raw/pool/neg_rvlcdip_other_00097.jpg
data/raw/pool/neg_rvlcdip_other_00098.jpg,rvlcdip_other,letter,0,0.9043,data/raw/pool/neg_rvlcdip_other_00098.jpg
data/raw/pool/neg_rvlcdip_other_00099.jpg,rvlcdip_other,letter,0,0.9020,data/raw/pool/neg_rvlcdip_other_00099.jpg
data/raw/pool/neg_rvlcdip_other_00100.jpg,rvlcdip_other,letter,0,0.9014,data/raw/pool/neg_rvlcdip_other_00100.jpg
data/raw/pool/neg_rvlcdip_other_00101.jpg,rvlcdip_other,letter,0,0.8891,data/raw/pool/neg_rvlcdip_other_00101.jpg
data/raw/pool/neg_rvlcdip_other_00102.jpg,rvlcdip_other,letter,0,0.8979,data/raw/pool/neg_rvlcdip_other_00102.jpg
data/raw/pool/neg_rvlcdip_other_00103.jpg,rvlcdip_other,letter,0,0.9036,data/raw/pool/neg_rvlcdip_other_00103.jpg
data/raw/pool/neg_rvlcdip_other_00104.jpg,rvlcdip_other,letter,0,0.7212,data/raw/pool/neg_rvlcdip_other_00104.jpg
data/raw/pool/neg_rvlcdip_other_00105.jpg,rvlcdip_other,letter,0,0.7593,data/raw/pool/neg_rvlcdip_other_00105.jpg
data/raw/pool/neg_rvlcdip_other_00106.jpg,rvlcdip_other,memo,0,0.4476,data/raw/pool/neg_rvlcdip_other_00106.jpg
data/raw/pool/neg_rvlcdip_other_00107.jpg,rvlcdip_other,letter,0,0.9002,data/raw/pool/neg_rvlcdip_other_00107.jpg
data/raw/pool/neg_rvlcdip_other_00108.jpg,rvlcdip_other,letter,0,0.9027,data/raw/pool/neg_rvlcdip_other_00108.jpg
data/raw/pool/neg_rvlcdip_other_00109.jpg,rvlcdip_other,letter,0,0.9037,data/raw/pool/neg_rvlcdip_other_00109.jpg
data/raw/pool/neg_rvlcdip_other_00110.jpg,rvlcdip_other,letter,0,0.8872,data/raw/pool/neg_rvlcdip_other_00110.jpg
data/raw/pool/neg_rvlcdip_other_00111.jpg,rvlcdip_other,memo,0,0.8831,data/raw/pool/neg_rvlcdip_other_00111.jpg
data/raw/pool/neg_rvlcdip_other_00112.jpg,rvlcdip_other,letter,0,0.7861,data/raw/pool/neg_rvlcdip_other_00112.jpg
data/raw/pool/neg_rvlcdip_other_00113.jpg,rvlcdip_other,letter,0,0.8731,data/raw/pool/neg_rvlcdip_other_00113.jpg
data/raw/pool/neg_rvlcdip_other_00114.jpg,rvlcdip_other,letter,0,0.9054,data/raw/pool/neg_rvlcdip_other_00114.jpg
data/raw/pool/neg_rvlcdip_other_00115.jpg,rvlcdip_other,questionnaire,0,0.5367,data/raw/pool/neg_rvlcdip_other_00115.jpg
data/raw/pool/neg_rvlcdip_other_00116.jpg,rvlcdip_other,letter,0,0.8984,data/raw/pool/neg_rvlcdip_other_00116.jpg
data/raw/pool/neg_rvlcdip_other_00117.jpg,rvlcdip_other,letter,0,0.9003,data/raw/pool/neg_rvlcdip_other_00117.jpg
data/raw/pool/neg_rvlcdip_other_00118.jpg,rvlcdip_other,presentation,0,0.4515,data/raw/pool/neg_rvlcdip_other_00118.jpg
data/raw/pool/neg_rvlcdip_other_00119.jpg,rvlcdip_other,letter,0,0.9043,data/raw/pool/neg_rvlcdip_other_00119.jpg
data/raw/pool/neg_rvlcdip_other_00120.jpg,rvlcdip_other,letter,0,0.8883,data/raw/pool/neg_rvlcdip_other_00120.jpg
data/raw/pool/neg_rvlcdip_other_00121.jpg,rvlcdip_other,letter,0,0.8948,data/raw/pool/neg_rvlcdip_other_00121.jpg
data/raw/pool/neg_rvlcdip_other_00122.jpg,rvlcdip_other,letter,0,0.9051,data/raw/pool/neg_rvlcdip_other_00122.jpg
data/raw/pool/neg_rvlcdip_other_00123.jpg,rvlcdip_other,letter,0,0.8649,data/raw/pool/neg_rvlcdip_other_00123.jpg
data/raw/pool/neg_rvlcdip_other_00124.jpg,rvlcdip_other,letter,0,0.4729,data/raw/pool/neg_rvlcdip_other_00124.jpg
data/raw/pool/neg_rvlcdip_other_00125.jpg,rvlcdip_other,letter,0,0.8652,data/raw/pool/neg_rvlcdip_other_00125.jpg
data/raw/pool/neg_rvlcdip_other_00126.jpg,rvlcdip_other,letter,0,0.8624,data/raw/pool/neg_rvlcdip_other_00126.jpg
data/raw/pool/neg_rvlcdip_other_00127.jpg,rvlcdip_other,letter,0,0.8988,data/raw/pool/neg_rvlcdip_other_00127.jpg
data/raw/pool/neg_rvlcdip_other_00128.jpg,rvlcdip_other,letter,0,0.9030,data/raw/pool/neg_rvlcdip_other_00128.jpg
data/raw/pool/neg_rvlcdip_other_00129.jpg,rvlcdip_other,letter,0,0.9054,data/raw/pool/neg_rvlcdip_other_00129.jpg
data/raw/pool/neg_rvlcdip_other_00130.jpg,rvlcdip_other,letter,0,0.9029,data/raw/pool/neg_rvlcdip_other_00130.jpg
data/raw/pool/neg_rvlcdip_other_00131.jpg,rvlcdip_other,letter,0,0.8824,data/raw/pool/neg_rvlcdip_other_00131.jpg
data/raw/pool/neg_rvlcdip_other_00132.jpg,rvlcdip_other,letter,0,0.9025,data/raw/pool/neg_rvlcdip_other_00132.jpg
data/raw/pool/neg_rvlcdip_other_00133.jpg,rvlcdip_other,letter,0,0.9068,data/raw/pool/neg_rvlcdip_other_00133.jpg
data/raw/pool/neg_rvlcdip_other_00134.jpg,rvlcdip_other,letter,0,0.9061,data/raw/pool/neg_rvlcdip_other_00134.jpg
data/raw/pool/neg_rvlcdip_other_00135.jpg,rvlcdip_other,letter,0,0.9038,data/raw/pool/neg_rvlcdip_other_00135.jpg
data/raw/pool/neg_rvlcdip_other_00136.jpg,rvlcdip_other,letter,0,0.9008,data/raw/pool/neg_rvlcdip_other_00136.jpg
data/raw/pool/neg_rvlcdip_other_00137.jpg,rvlcdip_other,letter,0,0.9016,data/raw/pool/neg_rvlcdip_other_00137.jpg
data/raw/pool/neg_rvlcdip_other_00138.jpg,rvlcdip_other,letter,0,0.8988,data/raw/pool/neg_rvlcdip_other_00138.jpg
data/raw/pool/neg_rvlcdip_other_00139.jpg,rvlcdip_other,letter,0,0.9047,data/raw/pool/neg_rvlcdip_other_00139.jpg
data/raw/pool/neg_rvlcdip_other_00140.jpg,rvlcdip_other,letter,0,0.8995,data/raw/pool/neg_rvlcdip_other_00140.jpg
data/raw/pool/neg_rvlcdip_other_00141.jpg,rvlcdip_other,letter,0,0.9050,data/raw/pool/neg_rvlcdip_other_00141.jpg
data/raw/pool/neg_rvlcdip_other_00142.jpg,rvlcdip_other,letter,0,0.8939,data/raw/pool/neg_rvlcdip_other_00142.jpg
data/raw/pool/neg_rvlcdip_other_00143.jpg,rvlcdip_other,letter,0,0.9013,data/raw/pool/neg_rvlcdip_other_00143.jpg
data/raw/pool/neg_rvlcdip_other_00144.jpg,rvlcdip_other,letter,0,0.8888,data/raw/pool/neg_rvlcdip_other_00144.jpg
data/raw/pool/neg_rvlcdip_other_00145.jpg,rvlcdip_other,letter,0,0.9057,data/raw/pool/neg_rvlcdip_other_00145.jpg
data/raw/pool/neg_rvlcdip_other_00146.jpg,rvlcdip_other,letter,0,0.9021,data/raw/pool/neg_rvlcdip_other_00146.jpg
data/raw/pool/neg_rvlcdip_other_00147.jpg,rvlcdip_other,letter,0,0.8986,data/raw/pool/neg_rvlcdip_other_00147.jpg
data/raw/pool/neg_rvlcdip_other_00148.jpg,rvlcdip_other,letter,0,0.6595,data/raw/pool/neg_rvlcdip_other_00148.jpg
data/raw/pool/neg_rvlcdip_other_00149.jpg,rvlcdip_other,letter,0,0.8919,data/raw/pool/neg_rvlcdip_other_00149.jpg
data/raw/pool/neg_rvlcdip_other_00150.jpg,rvlcdip_other,letter,0,0.9053,data/raw/pool/neg_rvlcdip_other_00150.jpg
data/raw/pool/neg_rvlcdip_other_00151.jpg,rvlcdip_other,letter,0,0.9000,data/raw/pool/neg_rvlcdip_other_00151.jpg
data/raw/pool/neg_rvlcdip_other_00152.jpg,rvlcdip_other,letter,0,0.8970,data/raw/pool/neg_rvlcdip_other_00152.jpg
data/raw/pool/neg_rvlcdip_other_00153.jpg,rvlcdip_other,letter,0,0.9061,data/raw/pool/neg_rvlcdip_other_00153.jpg
data/raw/pool/neg_rvlcdip_other_00154.jpg,rvlcdip_other,letter,0,0.9017,data/raw/pool/neg_rvlcdip_other_00154.jpg
data/raw/pool/neg_rvlcdip_other_00155.jpg,rvlcdip_other,letter,0,0.8032,data/raw/pool/neg_rvlcdip_other_00155.jpg
data/raw/pool/neg_rvlcdip_other_00156.jpg,rvlcdip_other,letter,0,0.9025,data/raw/pool/neg_rvlcdip_other_00156.jpg
data/raw/pool/neg_rvlcdip_other_00157.jpg,rvlcdip_other,letter,0,0.9057,data/raw/pool/neg_rvlcdip_other_00157.jpg
data/raw/pool/neg_rvlcdip_other_00158.jpg,rvlcdip_other,letter,0,0.9008,data/raw/pool/neg_rvlcdip_other_00158.jpg
data/raw/pool/neg_rvlcdip_other_00159.jpg,rvlcdip_other,letter,0,0.8711,data/raw/pool/neg_rvlcdip_other_00159.jpg
data/raw/pool/neg_rvlcdip_other_00160.jpg,rvlcdip_other,letter,0,0.9009,data/raw/pool/neg_rvlcdip_other_00160.jpg
data/raw/pool/neg_rvlcdip_other_00161.jpg,rvlcdip_other,letter,0,0.9058,data/raw/pool/neg_rvlcdip_other_00161.jpg
data/raw/pool/neg_rvlcdip_other_00162.jpg,rvlcdip_other,letter,0,0.9064,data/raw/pool/neg_rvlcdip_other_00162.jpg
data/raw/pool/neg_rvlcdip_other_00163.jpg,rvlcdip_other,letter,0,0.8920,data/raw/pool/neg_rvlcdip_other_00163.jpg
data/raw/pool/neg_rvlcdip_other_00164.jpg,rvlcdip_other,letter,0,0.9015,data/raw/pool/neg_rvlcdip_other_00164.jpg
data/raw/pool/neg_rvlcdip_other_00165.jpg,rvlcdip_other,letter,0,0.9032,data/raw/pool/neg_rvlcdip_other_00165.jpg
data/raw/pool/neg_rvlcdip_other_00166.jpg,rvlcdip_other,letter,0,0.9002,data/raw/pool/neg_rvlcdip_other_00166.jpg
data/raw/pool/neg_rvlcdip_other_00167.jpg,rvlcdip_other,letter,0,0.9012,data/raw/pool/neg_rvlcdip_other_00167.jpg
data/raw/pool/neg_rvlcdip_other_00168.jpg,rvlcdip_other,letter,0,0.9053,data/raw/pool/neg_rvlcdip_other_00168.jpg
data/raw/pool/neg_rvlcdip_other_00169.jpg,rvlcdip_other,letter,0,0.8997,data/raw/pool/neg_rvlcdip_other_00169.jpg
data/raw/pool/neg_rvlcdip_other_00170.jpg,rvlcdip_other,letter,0,0.8886,data/raw/pool/neg_rvlcdip_other_00170.jpg
data/raw/pool/neg_rvlcdip_other_00171.jpg,rvlcdip_other,letter,0,0.9023,data/raw/pool/neg_rvlcdip_other_00171.jpg
data/raw/pool/neg_rvlcdip_other_00172.jpg,rvlcdip_other,letter,0,0.8901,data/raw/pool/neg_rvlcdip_other_00172.jpg
data/raw/pool/neg_rvlcdip_other_00173.jpg,rvlcdip_other,letter,0,0.8980,data/raw/pool/neg_rvlcdip_other_00173.jpg
data/raw/pool/neg_rvlcdip_other_00174.jpg,rvlcdip_other,letter,0,0.9052,data/raw/pool/neg_rvlcdip_other_00174.jpg
data/raw/pool/neg_rvlcdip_other_00175.jpg,rvlcdip_other,letter,0,0.8979,data/raw/pool/neg_rvlcdip_other_00175.jpg
data/raw/pool/neg_rvlcdip_other_00176.jpg,rvlcdip_other,letter,0,0.9038,data/raw/pool/neg_rvlcdip_other_00176.jpg
data/raw/pool/neg_rvlcdip_other_00177.jpg,rvlcdip_other,letter,0,0.8212,data/raw/pool/neg_rvlcdip_other_00177.jpg
data/raw/pool/neg_rvlcdip_other_00178.jpg,rvlcdip_other,letter,0,0.8973,data/raw/pool/neg_rvlcdip_other_00178.jpg
data/raw/pool/neg_rvlcdip_other_00179.jpg,rvlcdip_other,letter,0,0.9034,data/raw/pool/neg_rvlcdip_other_00179.jpg
data/raw/pool/neg_rvlcdip_other_00180.jpg,rvlcdip_other,letter,0,0.9045,data/raw/pool/neg_rvlcdip_other_00180.jpg
data/raw/pool/neg_rvlcdip_other_00181.jpg,rvlcdip_other,letter,0,0.9002,data/raw/pool/neg_rvlcdip_other_00181.jpg
data/raw/pool/neg_rvlcdip_other_00182.jpg,rvlcdip_other,letter,0,0.8395,data/raw/pool/neg_rvlcdip_other_00182.jpg
data/raw/pool/neg_rvlcdip_other_00183.jpg,rvlcdip_other,letter,0,0.9057,data/raw/pool/neg_rvlcdip_other_00183.jpg
data/raw/pool/neg_rvlcdip_other_00184.jpg,rvlcdip_other,letter,0,0.9070,data/raw/pool/neg_rvlcdip_other_00184.jpg
data/raw/pool/neg_rvlcdip_other_00185.jpg,rvlcdip_other,letter,0,0.8983,data/raw/pool/neg_rvlcdip_other_00185.jpg
data/raw/pool/neg_rvlcdip_other_00186.jpg,rvlcdip_other,letter,0,0.8978,data/raw/pool/neg_rvlcdip_other_00186.jpg
data/raw/pool/neg_rvlcdip_other_00187.jpg,rvlcdip_other,letter,0,0.9012,data/raw/pool/neg_rvlcdip_other_00187.jpg
data/raw/pool/neg_rvlcdip_other_00188.jpg,rvlcdip_other,letter,0,0.9028,data/raw/pool/neg_rvlcdip_other_00188.jpg
data/raw/pool/neg_rvlcdip_other_00189.jpg,rvlcdip_other,letter,0,0.8957,data/raw/pool/neg_rvlcdip_other_00189.jpg
data/raw/pool/neg_rvlcdip_other_00190.jpg,rvlcdip_other,letter,0,0.9030,data/raw/pool/neg_rvlcdip_other_00190.jpg
data/raw/pool/neg_rvlcdip_other_00191.jpg,rvlcdip_other,letter,0,0.9067,data/raw/pool/neg_rvlcdip_other_00191.jpg
data/raw/pool/neg_rvlcdip_other_00192.jpg,rvlcdip_other,letter,0,0.9066,data/raw/pool/neg_rvlcdip_other_00192.jpg
data/raw/pool/neg_rvlcdip_other_00193.jpg,rvlcdip_other,letter,0,0.8951,data/raw/pool/neg_rvlcdip_other_00193.jpg
data/raw/pool/neg_rvlcdip_other_00194.jpg,rvlcdip_other,letter,0,0.9064,data/raw/pool/neg_rvlcdip_other_00194.jpg
data/raw/pool/neg_rvlcdip_other_00195.jpg,rvlcdip_other,letter,0,0.9002,data/raw/pool/neg_rvlcdip_other_00195.jpg
data/raw/pool/neg_rvlcdip_other_00196.jpg,rvlcdip_other,handwritten,0,0.8372,data/raw/pool/neg_rvlcdip_other_00196.jpg
data/raw/pool/neg_rvlcdip_other_00197.jpg,rvlcdip_other,letter,0,0.8552,data/raw/pool/neg_rvlcdip_other_00197.jpg
data/raw/pool/neg_rvlcdip_other_00198.jpg,rvlcdip_other,letter,0,0.9090,data/raw/pool/neg_rvlcdip_other_00198.jpg
data/raw/pool/neg_rvlcdip_other_00199.jpg,rvlcdip_other,letter,0,0.9063,data/raw/pool/neg_rvlcdip_other_00199.jpg
data/raw/pool/neg_rvlcdip_other_00200.jpg,rvlcdip_other,letter,0,0.9036,data/raw/pool/neg_rvlcdip_other_00200.jpg
data/raw/pool/neg_rvlcdip_other_00201.jpg,rvlcdip_other,letter,0,0.9033,data/raw/pool/neg_rvlcdip_other_00201.jpg
data/raw/pool/neg_rvlcdip_other_00202.jpg,rvlcdip_other,letter,0,0.8960,data/raw/pool/neg_rvlcdip_other_00202.jpg
data/raw/pool/neg_rvlcdip_other_00203.jpg,rvlcdip_other,letter,0,0.8359,data/raw/pool/neg_rvlcdip_other_00203.jpg
data/raw/pool/neg_rvlcdip_other_00204.jpg,rvlcdip_other,letter,0,0.7747,data/raw/pool/neg_rvlcdip_other_00204.jpg
data/raw/pool/neg_rvlcdip_other_00205.jpg,rvlcdip_other,letter,0,0.9043,data/raw/pool/neg_rvlcdip_other_00205.jpg
data/raw/pool/neg_rvlcdip_other_00206.jpg,rvlcdip_other,letter,0,0.8991,data/raw/pool/neg_rvlcdip_other_00206.jpg
data/raw/pool/neg_rvlcdip_other_00207.jpg,rvlcdip_other,letter,0,0.9005,data/raw/pool/neg_rvlcdip_other_00207.jpg
data/raw/pool/neg_rvlcdip_other_00208.jpg,rvlcdip_other,letter,0,0.9006,data/raw/pool/neg_rvlcdip_other_00208.jpg
data/raw/pool/neg_rvlcdip_other_00209.jpg,rvlcdip_other,letter,0,0.9075,data/raw/pool/neg_rvlcdip_other_00209.jpg
data/raw/pool/neg_rvlcdip_other_00210.jpg,rvlcdip_other,letter,0,0.8902,data/raw/pool/neg_rvlcdip_other_00210.jpg
data/raw/pool/neg_rvlcdip_other_00211.jpg,rvlcdip_other,letter,0,0.9059,data/raw/pool/neg_rvlcdip_other_00211.jpg
data/raw/pool/neg_rvlcdip_other_00212.jpg,rvlcdip_other,letter,0,0.9009,data/raw/pool/neg_rvlcdip_other_00212.jpg
data/raw/pool/neg_rvlcdip_other_00213.jpg,rvlcdip_other,letter,0,0.8260,data/raw/pool/neg_rvlcdip_other_00213.jpg
data/raw/pool/neg_rvlcdip_other_00214.jpg,rvlcdip_other,letter,0,0.9026,data/raw/pool/neg_rvlcdip_other_00214.jpg
data/raw/pool/neg_rvlcdip_other_00215.jpg,rvlcdip_other,letter,0,0.8932,data/raw/pool/neg_rvlcdip_other_00215.jpg
data/raw/pool/neg_rvlcdip_other_00216.jpg,rvlcdip_other,letter,0,0.9017,data/raw/pool/neg_rvlcdip_other_00216.jpg
data/raw/pool/neg_rvlcdip_other_00217.jpg,rvlcdip_other,letter,0,0.8642,data/raw/pool/neg_rvlcdip_other_00217.jpg
data/raw/pool/neg_rvlcdip_other_00218.jpg,rvlcdip_other,letter,0,0.7498,data/raw/pool/neg_rvlcdip_other_00218.jpg
data/raw/pool/neg_rvlcdip_other_00219.jpg,rvlcdip_other,letter,0,0.9063,data/raw/pool/neg_rvlcdip_other_00219.jpg
data/raw/pool/neg_rvlcdip_other_00220.jpg,rvlcdip_other,letter,0,0.9043,data/raw/pool/neg_rvlcdip_other_00220.jpg
data/raw/pool/neg_rvlcdip_other_00221.jpg,rvlcdip_other,letter,0,0.9033,data/raw/pool/neg_rvlcdip_other_00221.jpg
data/raw/pool/neg_rvlcdip_other_00222.jpg,rvlcdip_other,letter,0,0.8990,data/raw/pool/neg_rvlcdip_other_00222.jpg
data/raw/pool/neg_rvlcdip_other_00223.jpg,rvlcdip_other,letter,0,0.9045,data/raw/pool/neg_rvlcdip_other_00223.jpg
data/raw/pool/neg_rvlcdip_other_00224.jpg,rvlcdip_other,letter,0,0.9034,data/raw/pool/neg_rvlcdip_other_00224.jpg
data/raw/pool/neg_rvlcdip_other_00225.jpg,rvlcdip_other,letter,0,0.8915,data/raw/pool/neg_rvlcdip_other_00225.jpg
data/raw/pool/neg_rvlcdip_other_00226.jpg,rvlcdip_other,handwritten,0,0.8479,data/raw/pool/neg_rvlcdip_other_00226.jpg
data/raw/pool/neg_rvlcdip_other_00227.jpg,rvlcdip_other,letter,0,0.9069,data/raw/pool/neg_rvlcdip_other_00227.jpg
data/raw/pool/neg_rvlcdip_other_00228.jpg,rvlcdip_other,letter,0,0.9061,data/raw/pool/neg_rvlcdip_other_00228.jpg
data/raw/pool/neg_rvlcdip_other_00229.jpg,rvlcdip_other,letter,0,0.9044,data/raw/pool/neg_rvlcdip_other_00229.jpg
data/raw/pool/neg_rvlcdip_other_00230.jpg,rvlcdip_other,letter,0,0.9041,data/raw/pool/neg_rvlcdip_other_00230.jpg
data/raw/pool/neg_rvlcdip_other_00231.jpg,rvlcdip_other,letter,0,0.9038,data/raw/pool/neg_rvlcdip_other_00231.jpg
data/raw/pool/neg_rvlcdip_other_00232.jpg,rvlcdip_other,letter,0,0.9027,data/raw/pool/neg_rvlcdip_other_00232.jpg
data/raw/pool/neg_rvlcdip_other_00233.jpg,rvlcdip_other,letter,0,0.9041,data/raw/pool/neg_rvlcdip_other_00233.jpg
data/raw/pool/neg_rvlcdip_other_00234.jpg,rvlcdip_other,letter,0,0.8949,data/raw/pool/neg_rvlcdip_other_00234.jpg
data/raw/pool/neg_rvlcdip_other_00235.jpg,rvlcdip_other,handwritten,0,0.8759,data/raw/pool/neg_rvlcdip_other_00235.jpg
data/raw/pool/neg_rvlcdip_other_00236.jpg,rvlcdip_other,letter,0,0.9039,data/raw/pool/neg_rvlcdip_other_00236.jpg
data/raw/pool/neg_rvlcdip_other_00237.jpg,rvlcdip_other,letter,0,0.9014,data/raw/pool/neg_rvlcdip_other_00237.jpg
data/raw/pool/neg_rvlcdip_other_00238.jpg,rvlcdip_other,letter,0,0.9043,data/raw/pool/neg_rvlcdip_other_00238.jpg
data/raw/pool/neg_rvlcdip_other_00239.jpg,rvlcdip_other,letter,0,0.9061,data/raw/pool/neg_rvlcdip_other_00239.jpg
data/raw/pool/neg_rvlcdip_other_00240.jpg,rvlcdip_other,letter,0,0.8902,data/raw/pool/neg_rvlcdip_other_00240.jpg
data/raw/pool/neg_rvlcdip_other_00241.jpg,rvlcdip_other,letter,0,0.9014,data/raw/pool/neg_rvlcdip_other_00241.jpg
data/raw/pool/neg_rvlcdip_other_00242.jpg,rvlcdip_other,letter,0,0.9037,data/raw/pool/neg_rvlcdip_other_00242.jpg
data/raw/pool/neg_rvlcdip_other_00243.jpg,rvlcdip_other,letter,0,0.9028,data/raw/pool/neg_rvlcdip_other_00243.jpg
data/raw/pool/neg_rvlcdip_other_00244.jpg,rvlcdip_other,letter,0,0.9003,data/raw/pool/neg_rvlcdip_other_00244.jpg
data/raw/pool/neg_rvlcdip_other_00245.jpg,rvlcdip_other,letter,0,0.9001,data/raw/pool/neg_rvlcdip_other_00245.jpg
data/raw/pool/neg_rvlcdip_other_00246.jpg,rvlcdip_other,letter,0,0.9016,data/raw/pool/neg_rvlcdip_other_00246.jpg
data/raw/pool/neg_rvlcdip_other_00247.jpg,rvlcdip_other,letter,0,0.9017,data/raw/pool/neg_rvlcdip_other_00247.jpg
data/raw/pool/neg_rvlcdip_other_00248.jpg,rvlcdip_other,letter,0,0.8943,data/raw/pool/neg_rvlcdip_other_00248.jpg
data/raw/pool/neg_rvlcdip_other_00249.jpg,rvlcdip_other,letter,0,0.9037,data/raw/pool/neg_rvlcdip_other_00249.jpg
data/raw/pool/neg_rvlcdip_other_00250.jpg,rvlcdip_other,letter,0,0.8429,data/raw/pool/neg_rvlcdip_other_00250.jpg
data/raw/pool/neg_rvlcdip_other_00251.jpg,rvlcdip_other,letter,0,0.8565,data/raw/pool/neg_rvlcdip_other_00251.jpg
data/raw/pool/neg_rvlcdip_other_00252.jpg,rvlcdip_other,letter,0,0.9037,data/raw/pool/neg_rvlcdip_other_00252.jpg
data/raw/pool/neg_rvlcdip_other_00253.jpg,rvlcdip_other,letter,0,0.9024,data/raw/pool/neg_rvlcdip_other_00253.jpg
data/raw/pool/neg_rvlcdip_other_00254.jpg,rvlcdip_other,letter,0,0.9051,data/raw/pool/neg_rvlcdip_other_00254.jpg
data/raw/pool/neg_rvlcdip_other_00255.jpg,rvlcdip_other,letter,0,0.9089,data/raw/pool/neg_rvlcdip_other_00255.jpg
data/raw/pool/neg_rvlcdip_other_00256.jpg,rvlcdip_other,letter,0,0.9060,data/raw/pool/neg_rvlcdip_other_00256.jpg
data/raw/pool/neg_rvlcdip_other_00257.jpg,rvlcdip_other,news article,0,0.3608,data/raw/pool/neg_rvlcdip_other_00257.jpg
data/raw/pool/neg_rvlcdip_other_00258.jpg,rvlcdip_other,letter,0,0.9046,data/raw/pool/neg_rvlcdip_other_00258.jpg
data/raw/pool/neg_rvlcdip_other_00259.jpg,rvlcdip_other,advertisement,0,0.8138,data/raw/pool/neg_rvlcdip_other_00259.jpg
data/raw/pool/neg_rvlcdip_other_00260.jpg,rvlcdip_other,letter,0,0.9019,data/raw/pool/neg_rvlcdip_other_00260.jpg
data/raw/pool/neg_rvlcdip_other_00261.jpg,rvlcdip_other,letter,0,0.8995,data/raw/pool/neg_rvlcdip_other_00261.jpg
data/raw/pool/neg_rvlcdip_other_00262.jpg,rvlcdip_other,letter,0,0.8978,data/raw/pool/neg_rvlcdip_other_00262.jpg
data/raw/pool/neg_rvlcdip_other_00263.jpg,rvlcdip_other,letter,0,0.7988,data/raw/pool/neg_rvlcdip_other_00263.jpg
data/raw/pool/neg_rvlcdip_other_00264.jpg,rvlcdip_other,letter,0,0.9030,data/raw/pool/neg_rvlcdip_other_00264.jpg
data/raw/pool/neg_rvlcdip_other_00265.jpg,rvlcdip_other,letter,0,0.9011,data/raw/pool/neg_rvlcdip_other_00265.jpg
data/raw/pool/neg_rvlcdip_other_00266.jpg,rvlcdip_other,letter,0,0.8843,data/raw/pool/neg_rvlcdip_other_00266.jpg
data/raw/pool/neg_rvlcdip_other_00267.jpg,rvlcdip_other,scientific report,0,0.8156,data/raw/pool/neg_rvlcdip_other_00267.jpg
data/raw/pool/neg_rvlcdip_other_00268.jpg,rvlcdip_other,letter,0,0.9012,data/raw/pool/neg_rvlcdip_other_00268.jpg
data/raw/pool/neg_rvlcdip_other_00269.jpg,rvlcdip_other,letter,0,0.8231,data/raw/pool/neg_rvlcdip_other_00269.jpg
data/raw/pool/neg_rvlcdip_other_00270.jpg,rvlcdip_other,letter,0,0.9029,data/raw/pool/neg_rvlcdip_other_00270.jpg
data/raw/pool/neg_rvlcdip_other_00271.jpg,rvlcdip_other,letter,0,0.9087,data/raw/pool/neg_rvlcdip_other_00271.jpg
data/raw/pool/neg_rvlcdip_other_00272.jpg,rvlcdip_other,letter,0,0.8917,data/raw/pool/neg_rvlcdip_other_00272.jpg
data/raw/pool/neg_rvlcdip_other_00273.jpg,rvlcdip_other,letter,0,0.9017,data/raw/pool/neg_rvlcdip_other_00273.jpg
data/raw/pool/neg_rvlcdip_other_00274.jpg,rvlcdip_other,letter,0,0.8972,data/raw/pool/neg_rvlcdip_other_00274.jpg
data/raw/pool/neg_rvlcdip_other_00275.jpg,rvlcdip_other,letter,0,0.9050,data/raw/pool/neg_rvlcdip_other_00275.jpg
data/raw/pool/neg_rvlcdip_other_00276.jpg,rvlcdip_other,letter,0,0.6851,data/raw/pool/neg_rvlcdip_other_00276.jpg
data/raw/pool/neg_rvlcdip_other_00277.jpg,rvlcdip_other,letter,0,0.8981,data/raw/pool/neg_rvlcdip_other_00277.jpg
data/raw/pool/neg_rvlcdip_other_00278.jpg,rvlcdip_other,letter,0,0.8979,data/raw/pool/neg_rvlcdip_other_00278.jpg
data/raw/pool/neg_rvlcdip_other_00279.jpg,rvlcdip_other,letter,0,0.9014,data/raw/pool/neg_rvlcdip_other_00279.jpg
data/raw/pool/neg_rvlcdip_other_00280.jpg,rvlcdip_other,letter,0,0.9035,data/raw/pool/neg_rvlcdip_other_00280.jpg
data/raw/pool/neg_rvlcdip_other_00281.jpg,rvlcdip_other,letter,0,0.9015,data/raw/pool/neg_rvlcdip_other_00281.jpg
data/raw/pool/neg_rvlcdip_other_00282.jpg,rvlcdip_other,letter,0,0.8924,data/raw/pool/neg_rvlcdip_other_00282.jpg
data/raw/pool/neg_rvlcdip_other_00283.jpg,rvlcdip_other,letter,0,0.8981,data/raw/pool/neg_rvlcdip_other_00283.jpg
data/raw/pool/neg_rvlcdip_other_00284.jpg,rvlcdip_other,letter,0,0.8942,data/raw/pool/neg_rvlcdip_other_00284.jpg
data/raw/pool/neg_rvlcdip_other_00285.jpg,rvlcdip_other,letter,0,0.9021,data/raw/pool/neg_rvlcdip_other_00285.jpg
data/raw/pool/neg_rvlcdip_other_00286.jpg,rvlcdip_other,letter,0,0.9038,data/raw/pool/neg_rvlcdip_other_00286.jpg
data/raw/pool/neg_rvlcdip_other_00287.jpg,rvlcdip_other,handwritten,0,0.6857,data/raw/pool/neg_rvlcdip_other_00287.jpg
data/raw/pool/neg_rvlcdip_other_00288.jpg,rvlcdip_other,letter,0,0.9076,data/raw/pool/neg_rvlcdip_other_00288.jpg
data/raw/pool/neg_rvlcdip_other_00289.jpg,rvlcdip_other,letter,0,0.9016,data/raw/pool/neg_rvlcdip_other_00289.jpg
data/raw/pool/neg_rvlcdip_other_00290.jpg,rvlcdip_other,letter,0,0.8840,data/raw/pool/neg_rvlcdip_other_00290.jpg
data/raw/pool/neg_rvlcdip_other_00291.jpg,rvlcdip_other,letter,0,0.7797,data/raw/pool/neg_rvlcdip_other_00291.jpg
data/raw/pool/neg_rvlcdip_other_00292.jpg,rvlcdip_other,letter,0,0.8962,data/raw/pool/neg_rvlcdip_other_00292.jpg
data/raw/pool/neg_rvlcdip_other_00293.jpg,rvlcdip_other,letter,0,0.8904,data/raw/pool/neg_rvlcdip_other_00293.jpg
data/raw/pool/neg_rvlcdip_other_00294.jpg,rvlcdip_other,letter,0,0.9012,data/raw/pool/neg_rvlcdip_other_00294.jpg
data/raw/pool/neg_rvlcdip_other_00295.jpg,rvlcdip_other,letter,0,0.9054,data/raw/pool/neg_rvlcdip_other_00295.jpg
data/raw/pool/neg_rvlcdip_other_00296.jpg,rvlcdip_other,letter,0,0.8856,data/raw/pool/neg_rvlcdip_other_00296.jpg
data/raw/pool/neg_rvlcdip_other_00297.jpg,rvlcdip_other,letter,0,0.9028,data/raw/pool/neg_rvlcdip_other_00297.jpg
data/raw/pool/neg_rvlcdip_other_00298.jpg,rvlcdip_other,letter,0,0.9041,data/raw/pool/neg_rvlcdip_other_00298.jpg
data/raw/pool/neg_rvlcdip_other_00299.jpg,rvlcdip_other,letter,0,0.8557,data/raw/pool/neg_rvlcdip_other_00299.jpg
data/raw/pool/neg_rvlcdip_other_00300.jpg,rvlcdip_other,letter,0,0.9015,data/raw/pool/neg_rvlcdip_other_00300.jpg
data/raw/pool/neg_rvlcdip_other_00301.jpg,rvlcdip_other,letter,0,0.8927,data/raw/pool/neg_rvlcdip_other_00301.jpg
data/raw/pool/neg_rvlcdip_other_00302.jpg,rvlcdip_other,letter,0,0.9062,data/raw/pool/neg_rvlcdip_other_00302.jpg
data/raw/pool/neg_rvlcdip_other_00303.jpg,rvlcdip_other,letter,0,0.8974,data/raw/pool/neg_rvlcdip_other_00303.jpg
data/raw/pool/neg_rvlcdip_other_00304.jpg,rvlcdip_other,letter,0,0.9062,data/raw/pool/neg_rvlcdip_other_00304.jpg
data/raw/pool/neg_rvlcdip_other_00305.jpg,rvlcdip_other,letter,0,0.7815,data/raw/pool/neg_rvlcdip_other_00305.jpg
data/raw/pool/neg_rvlcdip_other_00306.jpg,rvlcdip_other,letter,0,0.9066,data/raw/pool/neg_rvlcdip_other_00306.jpg
data/raw/pool/neg_rvlcdip_other_00307.jpg,rvlcdip_other,letter,0,0.9078,data/raw/pool/neg_rvlcdip_other_00307.jpg
data/raw/pool/neg_rvlcdip_other_00308.jpg,rvlcdip_other,letter,0,0.9042,data/raw/pool/neg_rvlcdip_other_00308.jpg
data/raw/pool/neg_rvlcdip_other_00309.jpg,rvlcdip_other,letter,0,0.9005,data/raw/pool/neg_rvlcdip_other_00309.jpg
data/raw/pool/neg_rvlcdip_other_00310.jpg,rvlcdip_other,letter,0,0.9040,data/raw/pool/neg_rvlcdip_other_00310.jpg
data/raw/pool/neg_rvlcdip_other_00311.jpg,rvlcdip_other,letter,0,0.8970,data/raw/pool/neg_rvlcdip_other_00311.jpg
data/raw/pool/neg_rvlcdip_other_00312.jpg,rvlcdip_other,letter,0,0.9031,data/raw/pool/neg_rvlcdip_other_00312.jpg
data/raw/pool/neg_rvlcdip_other_00313.jpg,rvlcdip_other,letter,0,0.9077,data/raw/pool/neg_rvlcdip_other_00313.jpg
data/raw/pool/neg_rvlcdip_other_00314.jpg,rvlcdip_other,letter,0,0.6851,data/raw/pool/neg_rvlcdip_other_00314.jpg
data/raw/pool/neg_rvlcdip_other_00315.jpg,rvlcdip_other,letter,0,0.9073,data/raw/pool/neg_rvlcdip_other_00315.jpg
data/raw/pool/neg_rvlcdip_other_00316.jpg,rvlcdip_other,letter,0,0.7202,data/raw/pool/neg_rvlcdip_other_00316.jpg
data/raw/pool/neg_rvlcdip_other_00317.jpg,rvlcdip_other,letter,0,0.8509,data/raw/pool/neg_rvlcdip_other_00317.jpg
data/raw/pool/neg_rvlcdip_other_00318.jpg,rvlcdip_other,letter,0,0.8994,data/raw/pool/neg_rvlcdip_other_00318.jpg
data/raw/pool/neg_rvlcdip_other_00319.jpg,rvlcdip_other,letter,0,0.9031,data/raw/pool/neg_rvlcdip_other_00319.jpg
data/raw/pool/neg_rvlcdip_other_00320.jpg,rvlcdip_other,letter,0,0.9039,data/raw/pool/neg_rvlcdip_other_00320.jpg
data/raw/pool/neg_rvlcdip_other_00321.jpg,rvlcdip_other,letter,0,0.9077,data/raw/pool/neg_rvlcdip_other_00321.jpg
data/raw/pool/neg_rvlcdip_other_00322.jpg,rvlcdip_other,letter,0,0.9082,data/raw/pool/neg_rvlcdip_other_00322.jpg
data/raw/pool/neg_rvlcdip_other_00323.jpg,rvlcdip_other,invoice,0,0.8552,data/raw/pool/neg_rvlcdip_other_00323.jpg
data/raw/pool/neg_rvlcdip_other_00324.jpg,rvlcdip_other,letter,0,0.9041,data/raw/pool/neg_rvlcdip_other_00324.jpg
data/raw/pool/neg_rvlcdip_other_00325.jpg,rvlcdip_other,letter,0,0.8739,data/raw/pool/neg_rvlcdip_other_00325.jpg
data/raw/pool/neg_rvlcdip_other_00326.jpg,rvlcdip_other,letter,0,0.9008,data/raw/pool/neg_rvlcdip_other_00326.jpg
data/raw/pool/neg_rvlcdip_other_00327.jpg,rvlcdip_other,memo,0,0.7607,data/raw/pool/neg_rvlcdip_other_00327.jpg
data/raw/pool/neg_rvlcdip_other_00328.jpg,rvlcdip_other,letter,0,0.9000,data/raw/pool/neg_rvlcdip_other_00328.jpg
data/raw/pool/neg_rvlcdip_other_00329.jpg,rvlcdip_other,letter,0,0.9059,data/raw/pool/neg_rvlcdip_other_00329.jpg
data/raw/pool/neg_rvlcdip_other_00330.jpg,rvlcdip_other,letter,0,0.8848,data/raw/pool/neg_rvlcdip_other_00330.jpg
data/raw/pool/neg_rvlcdip_other_00331.jpg,rvlcdip_other,letter,0,0.9036,data/raw/pool/neg_rvlcdip_other_00331.jpg
data/raw/pool/neg_rvlcdip_other_00332.jpg,rvlcdip_other,letter,0,0.8900,data/raw/pool/neg_rvlcdip_other_00332.jpg
data/raw/pool/neg_rvlcdip_other_00333.jpg,rvlcdip_other,letter,0,0.8972,data/raw/pool/neg_rvlcdip_other_00333.jpg
data/raw/pool/neg_rvlcdip_other_00334.jpg,rvlcdip_other,letter,0,0.6642,data/raw/pool/neg_rvlcdip_other_00334.jpg
data/raw/pool/neg_rvlcdip_other_00335.jpg,rvlcdip_other,letter,0,0.9061,data/raw/pool/neg_rvlcdip_other_00335.jpg
data/raw/pool/neg_rvlcdip_other_00336.jpg,rvlcdip_other,letter,0,0.9046,data/raw/pool/neg_rvlcdip_other_00336.jpg
data/raw/pool/neg_rvlcdip_other_00337.jpg,rvlcdip_other,letter,0,0.9050,data/raw/pool/neg_rvlcdip_other_00337.jpg
data/raw/pool/neg_rvlcdip_other_00338.jpg,rvlcdip_other,letter,0,0.9041,data/raw/pool/neg_rvlcdip_other_00338.jpg
data/raw/pool/neg_rvlcdip_other_00339.jpg,rvlcdip_other,letter,0,0.8947,data/raw/pool/neg_rvlcdip_other_00339.jpg
data/raw/pool/neg_rvlcdip_other_00340.jpg,rvlcdip_other,letter,0,0.9048,data/raw/pool/neg_rvlcdip_other_00340.jpg
data/raw/pool/neg_rvlcdip_other_00341.jpg,rvlcdip_other,letter,0,0.9002,data/raw/pool/neg_rvlcdip_other_00341.jpg
data/raw/pool/neg_rvlcdip_other_00342.jpg,rvlcdip_other,form,0,0.8187,data/raw/pool/neg_rvlcdip_other_00342.jpg
data/raw/pool/neg_rvlcdip_other_00343.jpg,rvlcdip_other,letter,0,0.9033,data/raw/pool/neg_rvlcdip_other_00343.jpg
data/raw/pool/neg_rvlcdip_other_00344.jpg,rvlcdip_other,memo,0,0.7149,data/raw/pool/neg_rvlcdip_other_00344.jpg
data/raw/pool/neg_rvlcdip_other_00345.jpg,rvlcdip_other,letter,0,0.9021,data/raw/pool/neg_rvlcdip_other_00345.jpg
data/raw/pool/neg_rvlcdip_other_00346.jpg,rvlcdip_other,letter,0,0.8970,data/raw/pool/neg_rvlcdip_other_00346.jpg
data/raw/pool/neg_rvlcdip_other_00347.jpg,rvlcdip_other,letter,0,0.9031,data/raw/pool/neg_rvlcdip_other_00347.jpg
data/raw/pool/neg_rvlcdip_other_00348.jpg,rvlcdip_other,letter,0,0.9029,data/raw/pool/neg_rvlcdip_other_00348.jpg
data/raw/pool/neg_rvlcdip_other_00349.jpg,rvlcdip_other,letter,0,0.8982,data/raw/pool/neg_rvlcdip_other_00349.jpg
data/raw/pool/neg_rvlcdip_other_00350.jpg,rvlcdip_other,letter,0,0.9049,data/raw/pool/neg_rvlcdip_other_00350.jpg
data/raw/pool/neg_rvlcdip_other_00351.jpg,rvlcdip_other,letter,0,0.9054,data/raw/pool/neg_rvlcdip_other_00351.jpg
data/raw/pool/neg_rvlcdip_other_00352.jpg,rvlcdip_other,letter,0,0.9063,data/raw/pool/neg_rvlcdip_other_00352.jpg
data/raw/pool/neg_rvlcdip_other_00353.jpg,rvlcdip_other,letter,0,0.9076,data/raw/pool/neg_rvlcdip_other_00353.jpg
data/raw/pool/neg_rvlcdip_other_00354.jpg,rvlcdip_other,letter,0,0.9007,data/raw/pool/neg_rvlcdip_other_00354.jpg
data/raw/pool/neg_rvlcdip_other_00355.jpg,rvlcdip_other,letter,0,0.9049,data/raw/pool/neg_rvlcdip_other_00355.jpg
data/raw/pool/neg_rvlcdip_other_00356.jpg,rvlcdip_other,letter,0,0.9021,data/raw/pool/neg_rvlcdip_other_00356.jpg
data/raw/pool/neg_rvlcdip_other_00357.jpg,rvlcdip_other,letter,0,0.8891,data/raw/pool/neg_rvlcdip_other_00357.jpg
data/raw/pool/neg_rvlcdip_other_00358.jpg,rvlcdip_other,letter,0,0.8792,data/raw/pool/neg_rvlcdip_other_00358.jpg
data/raw/pool/neg_rvlcdip_other_00359.jpg,rvlcdip_other,letter,0,0.9015,data/raw/pool/neg_rvlcdip_other_00359.jpg
data/raw/pool/neg_rvlcdip_other_00360.jpg,rvlcdip_other,letter,0,0.7630,data/raw/pool/neg_rvlcdip_other_00360.jpg
data/raw/pool/neg_rvlcdip_other_00361.jpg,rvlcdip_other,letter,0,0.9032,data/raw/pool/neg_rvlcdip_other_00361.jpg
data/raw/pool/neg_rvlcdip_other_00362.jpg,rvlcdip_other,letter,0,0.8917,data/raw/pool/neg_rvlcdip_other_00362.jpg
data/raw/pool/neg_rvlcdip_other_00363.jpg,rvlcdip_other,letter,0,0.9028,data/raw/pool/neg_rvlcdip_other_00363.jpg
data/raw/pool/neg_rvlcdip_other_00364.jpg,rvlcdip_other,letter,0,0.9040,data/raw/pool/neg_rvlcdip_other_00364.jpg
data/raw/pool/neg_rvlcdip_other_00365.jpg,rvlcdip_other,letter,0,0.9025,data/raw/pool/neg_rvlcdip_other_00365.jpg
data/raw/pool/neg_rvlcdip_other_00366.jpg,rvlcdip_other,letter,0,0.9032,data/raw/pool/neg_rvlcdip_other_00366.jpg
data/raw/pool/neg_rvlcdip_other_00367.jpg,rvlcdip_other,letter,0,0.8932,data/raw/pool/neg_rvlcdip_other_00367.jpg
data/raw/pool/neg_rvlcdip_other_00368.jpg,rvlcdip_other,letter,0,0.7189,data/raw/pool/neg_rvlcdip_other_00368.jpg
data/raw/pool/neg_rvlcdip_other_00369.jpg,rvlcdip_other,letter,0,0.8794,data/raw/pool/neg_rvlcdip_other_00369.jpg
data/raw/pool/neg_rvlcdip_other_00370.jpg,rvlcdip_other,letter,0,0.9042,data/raw/pool/neg_rvlcdip_other_00370.jpg
data/raw/pool/neg_rvlcdip_other_00371.jpg,rvlcdip_other,letter,0,0.9077,data/raw/pool/neg_rvlcdip_other_00371.jpg
data/raw/pool/neg_rvlcdip_other_00372.jpg,rvlcdip_other,letter,0,0.8607,data/raw/pool/neg_rvlcdip_other_00372.jpg
data/raw/pool/neg_rvlcdip_other_00373.jpg,rvlcdip_other,letter,0,0.8981,data/raw/pool/neg_rvlcdip_other_00373.jpg
data/raw/pool/neg_rvlcdip_other_00374.jpg,rvlcdip_other,letter,0,0.8845,data/raw/pool/neg_rvlcdip_other_00374.jpg
data/raw/pool/neg_rvlcdip_other_00375.jpg,rvlcdip_other,letter,0,0.9028,data/raw/pool/neg_rvlcdip_other_00375.jpg
data/raw/pool/neg_rvlcdip_other_00376.jpg,rvlcdip_other,letter,0,0.9063,data/raw/pool/neg_rvlcdip_other_00376.jpg
data/raw/pool/neg_rvlcdip_other_00377.jpg,rvlcdip_other,letter,0,0.9013,data/raw/pool/neg_rvlcdip_other_00377.jpg
data/raw/pool/neg_rvlcdip_other_00378.jpg,rvlcdip_other,letter,0,0.9031,data/raw/pool/neg_rvlcdip_other_00378.jpg
data/raw/pool/neg_rvlcdip_other_00379.jpg,rvlcdip_other,letter,0,0.9058,data/raw/pool/neg_rvlcdip_other_00379.jpg
data/raw/pool/neg_rvlcdip_other_00380.jpg,rvlcdip_other,invoice,0,0.8344,data/raw/pool/neg_rvlcdip_other_00380.jpg
data/raw/pool/neg_rvlcdip_other_00381.jpg,rvlcdip_other,memo,0,0.9013,data/raw/pool/neg_rvlcdip_other_00381.jpg
data/raw/pool/neg_rvlcdip_other_00382.jpg,rvlcdip_other,letter,0,0.9018,data/raw/pool/neg_rvlcdip_other_00382.jpg
data/raw/pool/neg_rvlcdip_other_00383.jpg,rvlcdip_other,handwritten,0,0.8974,data/raw/pool/neg_rvlcdip_other_00383.jpg
data/raw/pool/neg_rvlcdip_other_00384.jpg,rvlcdip_other,letter,0,0.7876,data/raw/pool/neg_rvlcdip_other_00384.jpg
data/raw/pool/neg_rvlcdip_other_00385.jpg,rvlcdip_other,letter,0,0.9025,data/raw/pool/neg_rvlcdip_other_00385.jpg
data/raw/pool/neg_rvlcdip_other_00386.jpg,rvlcdip_other,letter,0,0.9035,data/raw/pool/neg_rvlcdip_other_00386.jpg
data/raw/pool/neg_rvlcdip_other_00387.jpg,rvlcdip_other,letter,0,0.9075,data/raw/pool/neg_rvlcdip_other_00387.jpg
data/raw/pool/neg_rvlcdip_other_00388.jpg,rvlcdip_other,letter,0,0.9016,data/raw/pool/neg_rvlcdip_other_00388.jpg
data/raw/pool/neg_rvlcdip_other_00389.jpg,rvlcdip_other,letter,0,0.9035,data/raw/pool/neg_rvlcdip_other_00389.jpg
data/raw/pool/neg_rvlcdip_other_00390.jpg,rvlcdip_other,form,0,0.7426,data/raw/pool/neg_rvlcdip_other_00390.jpg
data/raw/pool/neg_rvlcdip_other_00391.jpg,rvlcdip_other,letter,0,0.9019,data/raw/pool/neg_rvlcdip_other_00391.jpg
data/raw/pool/neg_rvlcdip_other_00392.jpg,rvlcdip_other,letter,0,0.9018,data/raw/pool/neg_rvlcdip_other_00392.jpg
data/raw/pool/neg_rvlcdip_other_00393.jpg,rvlcdip_other,letter,0,0.9044,data/raw/pool/neg_rvlcdip_other_00393.jpg
data/raw/pool/neg_rvlcdip_other_00394.jpg,rvlcdip_other,letter,0,0.9067,data/raw/pool/neg_rvlcdip_other_00394.jpg
data/raw/pool/neg_rvlcdip_other_00395.jpg,rvlcdip_other,letter,0,0.9042,data/raw/pool/neg_rvlcdip_other_00395.jpg
data/raw/pool/neg_rvlcdip_other_00396.jpg,rvlcdip_other,letter,0,0.8581,data/raw/pool/neg_rvlcdip_other_00396.jpg
data/raw/pool/neg_rvlcdip_other_00397.jpg,rvlcdip_other,letter,0,0.8657,data/raw/pool/neg_rvlcdip_other_00397.jpg
data/raw/pool/neg_rvlcdip_other_00398.jpg,rvlcdip_other,letter,0,0.8778,data/raw/pool/neg_rvlcdip_other_00398.jpg
data/raw/pool/neg_rvlcdip_other_00399.jpg,rvlcdip_other,letter,0,0.9037,data/raw/pool/neg_rvlcdip_other_00399.jpg
data/raw/pool/neg_rvlcdip_other_00400.jpg,rvlcdip_other,form,0,0.9096,data/raw/pool/neg_rvlcdip_other_00400.jpg
data/raw/pool/neg_rvlcdip_other_00401.jpg,rvlcdip_other,form,0,0.9122,data/raw/pool/neg_rvlcdip_other_00401.jpg
data/raw/pool/neg_rvlcdip_other_00402.jpg,rvlcdip_other,form,0,0.9050,data/raw/pool/neg_rvlcdip_other_00402.jpg
data/raw/pool/neg_rvlcdip_other_00403.jpg,rvlcdip_other,form,0,0.8289,data/raw/pool/neg_rvlcdip_other_00403.jpg
data/raw/pool/neg_rvlcdip_other_00404.jpg,rvlcdip_other,form,0,0.9106,data/raw/pool/neg_rvlcdip_other_00404.jpg
data/raw/pool/neg_rvlcdip_other_00405.jpg,rvlcdip_other,form,0,0.9002,data/raw/pool/neg_rvlcdip_other_00405.jpg
data/raw/pool/neg_rvlcdip_other_00406.jpg,rvlcdip_other,form,0,0.9124,data/raw/pool/neg_rvlcdip_other_00406.jpg
data/raw/pool/neg_rvlcdip_other_00407.jpg,rvlcdip_other,form,0,0.9133,data/raw/pool/neg_rvlcdip_other_00407.jpg
data/raw/pool/neg_rvlcdip_other_00408.jpg,rvlcdip_other,form,0,0.9081,data/raw/pool/neg_rvlcdip_other_00408.jpg
data/raw/pool/neg_rvlcdip_other_00409.jpg,rvlcdip_other,form,0,0.9105,data/raw/pool/neg_rvlcdip_other_00409.jpg
data/raw/pool/neg_rvlcdip_other_00410.jpg,rvlcdip_other,form,0,0.8868,data/raw/pool/neg_rvlcdip_other_00410.jpg
data/raw/pool/neg_rvlcdip_other_00411.jpg,rvlcdip_other,form,0,0.9034,data/raw/pool/neg_rvlcdip_other_00411.jpg
data/raw/pool/neg_rvlcdip_other_00412.jpg,rvlcdip_other,form,0,0.9126,data/raw/pool/neg_rvlcdip_other_00412.jpg
data/raw/pool/neg_rvlcdip_other_00413.jpg,rvlcdip_other,form,0,0.8682,data/raw/pool/neg_rvlcdip_other_00413.jpg
data/raw/pool/neg_rvlcdip_other_00414.jpg,rvlcdip_other,form,0,0.9030,data/raw/pool/neg_rvlcdip_other_00414.jpg
data/raw/pool/neg_rvlcdip_other_00415.jpg,rvlcdip_other,form,0,0.8579,data/raw/pool/neg_rvlcdip_other_00415.jpg
data/raw/pool/neg_rvlcdip_other_00416.jpg,rvlcdip_other,invoice,0,0.6997,data/raw/pool/neg_rvlcdip_other_00416.jpg
data/raw/pool/neg_rvlcdip_other_00417.jpg,rvlcdip_other,form,0,0.9067,data/raw/pool/neg_rvlcdip_other_00417.jpg
data/raw/pool/neg_rvlcdip_other_00418.jpg,rvlcdip_other,form,0,0.9074,data/raw/pool/neg_rvlcdip_other_00418.jpg
data/raw/pool/neg_rvlcdip_other_00419.jpg,rvlcdip_other,form,0,0.8940,data/raw/pool/neg_rvlcdip_other_00419.jpg
data/raw/pool/neg_rvlcdip_other_00420.jpg,rvlcdip_other,invoice,0,0.9012,data/raw/pool/neg_rvlcdip_other_00420.jpg
data/raw/pool/neg_rvlcdip_other_00421.jpg,rvlcdip_other,form,0,0.2862,data/raw/pool/neg_rvlcdip_other_00421.jpg
data/raw/pool/neg_rvlcdip_other_00422.jpg,rvlcdip_other,form,0,0.9078,data/raw/pool/neg_rvlcdip_other_00422.jpg
data/raw/pool/neg_rvlcdip_other_00423.jpg,rvlcdip_other,form,0,0.9115,data/raw/pool/neg_rvlcdip_other_00423.jpg
data/raw/pool/neg_rvlcdip_other_00424.jpg,rvlcdip_other,form,0,0.9083,data/raw/pool/neg_rvlcdip_other_00424.jpg
data/raw/pool/neg_rvlcdip_other_00425.jpg,rvlcdip_other,form,0,0.9091,data/raw/pool/neg_rvlcdip_other_00425.jpg
data/raw/pool/neg_rvlcdip_other_00426.jpg,rvlcdip_other,form,0,0.9113,data/raw/pool/neg_rvlcdip_other_00426.jpg
data/raw/pool/neg_rvlcdip_other_00427.jpg,rvlcdip_other,form,0,0.9019,data/raw/pool/neg_rvlcdip_other_00427.jpg
data/raw/pool/neg_rvlcdip_other_00428.jpg,rvlcdip_other,form,0,0.8543,data/raw/pool/neg_rvlcdip_other_00428.jpg
data/raw/pool/neg_rvlcdip_other_00429.jpg,rvlcdip_other,form,0,0.8990,data/raw/pool/neg_rvlcdip_other_00429.jpg
data/raw/pool/neg_rvlcdip_other_00430.jpg,rvlcdip_other,form,0,0.8258,data/raw/pool/neg_rvlcdip_other_00430.jpg
data/raw/pool/neg_rvlcdip_other_00431.jpg,rvlcdip_other,form,0,0.6997,data/raw/pool/neg_rvlcdip_other_00431.jpg
data/raw/pool/neg_rvlcdip_other_00432.jpg,rvlcdip_other,form,0,0.9062,data/raw/pool/neg_rvlcdip_other_00432.jpg
data/raw/pool/neg_rvlcdip_other_00433.jpg,rvlcdip_other,form,0,0.9110,data/raw/pool/neg_rvlcdip_other_00433.jpg
data/raw/pool/neg_rvlcdip_other_00434.jpg,rvlcdip_other,form,0,0.9107,data/raw/pool/neg_rvlcdip_other_00434.jpg
data/raw/pool/neg_rvlcdip_other_00435.jpg,rvlcdip_other,form,0,0.9093,data/raw/pool/neg_rvlcdip_other_00435.jpg
data/raw/pool/neg_rvlcdip_other_00436.jpg,rvlcdip_other,form,0,0.9122,data/raw/pool/neg_rvlcdip_other_00436.jpg
data/raw/pool/neg_rvlcdip_other_00437.jpg,rvlcdip_other,form,0,0.9095,data/raw/pool/neg_rvlcdip_other_00437.jpg
data/raw/pool/neg_rvlcdip_other_00438.jpg,rvlcdip_other,form,0,0.9011,data/raw/pool/neg_rvlcdip_other_00438.jpg
data/raw/pool/neg_rvlcdip_other_00439.jpg,rvlcdip_other,form,0,0.9046,data/raw/pool/neg_rvlcdip_other_00439.jpg
data/raw/pool/neg_rvlcdip_other_00440.jpg,rvlcdip_other,form,0,0.8947,data/raw/pool/neg_rvlcdip_other_00440.jpg
data/raw/pool/neg_rvlcdip_other_00441.jpg,rvlcdip_other,form,0,0.9091,data/raw/pool/neg_rvlcdip_other_00441.jpg
data/raw/pool/neg_rvlcdip_other_00442.jpg,rvlcdip_other,form,0,0.9028,data/raw/pool/neg_rvlcdip_other_00442.jpg
data/raw/pool/neg_rvlcdip_other_00443.jpg,rvlcdip_other,form,0,0.9132,data/raw/pool/neg_rvlcdip_other_00443.jpg
data/raw/pool/neg_rvlcdip_other_00444.jpg,rvlcdip_other,form,0,0.8212,data/raw/pool/neg_rvlcdip_other_00444.jpg
data/raw/pool/neg_rvlcdip_other_00445.jpg,rvlcdip_other,form,0,0.9063,data/raw/pool/neg_rvlcdip_other_00445.jpg
data/raw/pool/neg_rvlcdip_other_00446.jpg,rvlcdip_other,form,0,0.9104,data/raw/pool/neg_rvlcdip_other_00446.jpg
data/raw/pool/neg_rvlcdip_other_00447.jpg,rvlcdip_other,form,0,0.9063,data/raw/pool/neg_rvlcdip_other_00447.jpg
data/raw/pool/neg_rvlcdip_other_00448.jpg,rvlcdip_other,form,0,0.9108,data/raw/pool/neg_rvlcdip_other_00448.jpg
data/raw/pool/neg_rvlcdip_other_00449.jpg,rvlcdip_other,form,0,0.8959,data/raw/pool/neg_rvlcdip_other_00449.jpg
data/raw/pool/neg_rvlcdip_other_00450.jpg,rvlcdip_other,form,0,0.9106,data/raw/pool/neg_rvlcdip_other_00450.jpg
data/raw/pool/neg_rvlcdip_other_00451.jpg,rvlcdip_other,form,0,0.9081,data/raw/pool/neg_rvlcdip_other_00451.jpg
data/raw/pool/neg_rvlcdip_other_00452.jpg,rvlcdip_other,form,0,0.9092,data/raw/pool/neg_rvlcdip_other_00452.jpg
data/raw/pool/neg_rvlcdip_other_00453.jpg,rvlcdip_other,form,0,0.9109,data/raw/pool/neg_rvlcdip_other_00453.jpg
data/raw/pool/neg_rvlcdip_other_00454.jpg,rvlcdip_other,form,0,0.8140,data/raw/pool/neg_rvlcdip_other_00454.jpg
data/raw/pool/neg_rvlcdip_other_00455.jpg,rvlcdip_other,form,0,0.9052,data/raw/pool/neg_rvlcdip_other_00455.jpg
data/raw/pool/neg_rvlcdip_other_00456.jpg,rvlcdip_other,form,0,0.9076,data/raw/pool/neg_rvlcdip_other_00456.jpg
data/raw/pool/neg_rvlcdip_other_00457.jpg,rvlcdip_other,form,0,0.8993,data/raw/pool/neg_rvlcdip_other_00457.jpg
data/raw/pool/neg_rvlcdip_other_00458.jpg,rvlcdip_other,memo,0,0.8243,data/raw/pool/neg_rvlcdip_other_00458.jpg
data/raw/pool/neg_rvlcdip_other_00459.jpg,rvlcdip_other,specification,0,0.7717,data/raw/pool/neg_rvlcdip_other_00459.jpg
data/raw/pool/neg_rvlcdip_other_00460.jpg,rvlcdip_other,form,0,0.8837,data/raw/pool/neg_rvlcdip_other_00460.jpg
data/raw/pool/neg_rvlcdip_other_00461.jpg,rvlcdip_other,form,0,0.9028,data/raw/pool/neg_rvlcdip_other_00461.jpg
data/raw/pool/neg_rvlcdip_other_00462.jpg,rvlcdip_other,form,0,0.8808,data/raw/pool/neg_rvlcdip_other_00462.jpg
data/raw/pool/neg_rvlcdip_other_00463.jpg,rvlcdip_other,form,0,0.9037,data/raw/pool/neg_rvlcdip_other_00463.jpg
data/raw/pool/neg_rvlcdip_other_00464.jpg,rvlcdip_other,form,0,0.9036,data/raw/pool/neg_rvlcdip_other_00464.jpg
data/raw/pool/neg_rvlcdip_other_00465.jpg,rvlcdip_other,form,0,0.9006,data/raw/pool/neg_rvlcdip_other_00465.jpg
data/raw/pool/neg_rvlcdip_other_00466.jpg,rvlcdip_other,form,0,0.8921,data/raw/pool/neg_rvlcdip_other_00466.jpg
data/raw/pool/neg_rvlcdip_other_00467.jpg,rvlcdip_other,form,0,0.9103,data/raw/pool/neg_rvlcdip_other_00467.jpg
data/raw/pool/neg_rvlcdip_other_00468.jpg,rvlcdip_other,form,0,0.9099,data/raw/pool/neg_rvlcdip_other_00468.jpg
data/raw/pool/neg_rvlcdip_other_00469.jpg,rvlcdip_other,form,0,0.9113,data/raw/pool/neg_rvlcdip_other_00469.jpg
data/raw/pool/neg_rvlcdip_other_00470.jpg,rvlcdip_other,form,0,0.9098,data/raw/pool/neg_rvlcdip_other_00470.jpg
data/raw/pool/neg_rvlcdip_other_00471.jpg,rvlcdip_other,form,0,0.9113,data/raw/pool/neg_rvlcdip_other_00471.jpg
data/raw/pool/neg_rvlcdip_other_00472.jpg,rvlcdip_other,form,0,0.5844,data/raw/pool/neg_rvlcdip_other_00472.jpg
data/raw/pool/neg_rvlcdip_other_00473.jpg,rvlcdip_other,form,0,0.9046,data/raw/pool/neg_rvlcdip_other_00473.jpg
data/raw/pool/neg_rvlcdip_other_00474.jpg,rvlcdip_other,form,0,0.8637,data/raw/pool/neg_rvlcdip_other_00474.jpg
data/raw/pool/neg_rvlcdip_other_00475.jpg,rvlcdip_other,form,0,0.9108,data/raw/pool/neg_rvlcdip_other_00475.jpg
data/raw/pool/neg_rvlcdip_other_00476.jpg,rvlcdip_other,form,0,0.9109,data/raw/pool/neg_rvlcdip_other_00476.jpg
data/raw/pool/neg_rvlcdip_other_00477.jpg,rvlcdip_other,form,0,0.9097,data/raw/pool/neg_rvlcdip_other_00477.jpg
data/raw/pool/neg_rvlcdip_other_00478.jpg,rvlcdip_other,form,0,0.9038,data/raw/pool/neg_rvlcdip_other_00478.jpg
data/raw/pool/neg_rvlcdip_other_00479.jpg,rvlcdip_other,form,0,0.9077,data/raw/pool/neg_rvlcdip_other_00479.jpg
data/raw/pool/neg_rvlcdip_other_00480.jpg,rvlcdip_other,invoice,0,0.7533,data/raw/pool/neg_rvlcdip_other_00480.jpg
data/raw/pool/neg_rvlcdip_other_00481.jpg,rvlcdip_other,letter,0,0.6920,data/raw/pool/neg_rvlcdip_other_00481.jpg
data/raw/pool/neg_rvlcdip_other_00482.jpg,rvlcdip_other,form,0,0.9043,data/raw/pool/neg_rvlcdip_other_00482.jpg
data/raw/pool/neg_rvlcdip_other_00483.jpg,rvlcdip_other,form,0,0.9124,data/raw/pool/neg_rvlcdip_other_00483.jpg
data/raw/pool/neg_rvlcdip_other_00484.jpg,rvlcdip_other,form,0,0.9061,data/raw/pool/neg_rvlcdip_other_00484.jpg
data/raw/pool/neg_rvlcdip_other_00485.jpg,rvlcdip_other,form,0,0.9108,data/raw/pool/neg_rvlcdip_other_00485.jpg
data/raw/pool/neg_rvlcdip_other_00486.jpg,rvlcdip_other,form,0,0.8994,data/raw/pool/neg_rvlcdip_other_00486.jpg
data/raw/pool/neg_rvlcdip_other_00487.jpg,rvlcdip_other,handwritten,0,0.2615,data/raw/pool/neg_rvlcdip_other_00487.jpg
data/raw/pool/neg_rvlcdip_other_00488.jpg,rvlcdip_other,form,0,0.9078,data/raw/pool/neg_rvlcdip_other_00488.jpg
data/raw/pool/neg_rvlcdip_other_00489.jpg,rvlcdip_other,form,0,0.9019,data/raw/pool/neg_rvlcdip_other_00489.jpg
data/raw/pool/neg_rvlcdip_other_00490.jpg,rvlcdip_other,invoice,0,0.8992,data/raw/pool/neg_rvlcdip_other_00490.jpg
data/raw/pool/neg_rvlcdip_other_00491.jpg,rvlcdip_other,form,0,0.9086,data/raw/pool/neg_rvlcdip_other_00491.jpg
data/raw/pool/neg_rvlcdip_other_00492.jpg,rvlcdip_other,form,0,0.8856,data/raw/pool/neg_rvlcdip_other_00492.jpg
data/raw/pool/neg_rvlcdip_other_00493.jpg,rvlcdip_other,invoice,0,0.7899,data/raw/pool/neg_rvlcdip_other_00493.jpg
data/raw/pool/neg_rvlcdip_other_00494.jpg,rvlcdip_other,form,0,0.7824,data/raw/pool/neg_rvlcdip_other_00494.jpg
data/raw/pool/neg_rvlcdip_other_00495.jpg,rvlcdip_other,form,0,0.7173,data/raw/pool/neg_rvlcdip_other_00495.jpg
data/raw/pool/neg_rvlcdip_other_00496.jpg,rvlcdip_other,invoice,0,0.8520,data/raw/pool/neg_rvlcdip_other_00496.jpg
data/raw/pool/neg_rvlcdip_other_00497.jpg,rvlcdip_other,form,0,0.8658,data/raw/pool/neg_rvlcdip_other_00497.jpg
data/raw/pool/neg_rvlcdip_other_00498.jpg,rvlcdip_other,form,0,0.9059,data/raw/pool/neg_rvlcdip_other_00498.jpg
data/raw/pool/neg_rvlcdip_other_00499.jpg,rvlcdip_other,form,0,0.9080,data/raw/pool/neg_rvlcdip_other_00499.jpg
data/raw/pool/neg_rvlcdip_other_00500.jpg,rvlcdip_other,form,0,0.7667,data/raw/pool/neg_rvlcdip_other_00500.jpg
data/raw/pool/neg_rvlcdip_other_00501.jpg,rvlcdip_other,form,0,0.9095,data/raw/pool/neg_rvlcdip_other_00501.jpg
data/raw/pool/neg_rvlcdip_other_00502.jpg,rvlcdip_other,form,0,0.9106,data/raw/pool/neg_rvlcdip_other_00502.jpg
data/raw/pool/neg_rvlcdip_other_00503.jpg,rvlcdip_other,form,0,0.9099,data/raw/pool/neg_rvlcdip_other_00503.jpg
data/raw/pool/neg_rvlcdip_other_00504.jpg,rvlcdip_other,form,0,0.8085,data/raw/pool/neg_rvlcdip_other_00504.jpg
data/raw/pool/neg_rvlcdip_other_00505.jpg,rvlcdip_other,form,0,0.9132,data/raw/pool/neg_rvlcdip_other_00505.jpg
data/raw/pool/neg_rvlcdip_other_00506.jpg,rvlcdip_other,form,0,0.8368,data/raw/pool/neg_rvlcdip_other_00506.jpg
data/raw/pool/neg_rvlcdip_other_00507.jpg,rvlcdip_other,form,0,0.9044,data/raw/pool/neg_rvlcdip_other_00507.jpg
data/raw/pool/neg_rvlcdip_other_00508.jpg,rvlcdip_other,letter,0,0.8792,data/raw/pool/neg_rvlcdip_other_00508.jpg
data/raw/pool/neg_rvlcdip_other_00509.jpg,rvlcdip_other,letter,0,0.8979,data/raw/pool/neg_rvlcdip_other_00509.jpg
data/raw/pool/neg_rvlcdip_other_00510.jpg,rvlcdip_other,invoice,0,0.8149,data/raw/pool/neg_rvlcdip_other_00510.jpg
data/raw/pool/neg_rvlcdip_other_00511.jpg,rvlcdip_other,form,0,0.8856,data/raw/pool/neg_rvlcdip_other_00511.jpg
data/raw/pool/neg_rvlcdip_other_00512.jpg,rvlcdip_other,form,0,0.9012,data/raw/pool/neg_rvlcdip_other_00512.jpg
data/raw/pool/neg_rvlcdip_other_00513.jpg,rvlcdip_other,form,0,0.8880,data/raw/pool/neg_rvlcdip_other_00513.jpg
data/raw/pool/neg_rvlcdip_other_00514.jpg,rvlcdip_other,form,0,0.9115,data/raw/pool/neg_rvlcdip_other_00514.jpg
data/raw/pool/neg_rvlcdip_other_00515.jpg,rvlcdip_other,invoice,0,0.3319,data/raw/pool/neg_rvlcdip_other_00515.jpg
data/raw/pool/neg_rvlcdip_other_00516.jpg,rvlcdip_other,form,0,0.8932,data/raw/pool/neg_rvlcdip_other_00516.jpg
data/raw/pool/neg_rvlcdip_other_00517.jpg,rvlcdip_other,form,0,0.9059,data/raw/pool/neg_rvlcdip_other_00517.jpg
data/raw/pool/neg_rvlcdip_other_00518.jpg,rvlcdip_other,form,0,0.9100,data/raw/pool/neg_rvlcdip_other_00518.jpg
data/raw/pool/neg_rvlcdip_other_00519.jpg,rvlcdip_other,form,0,0.9085,data/raw/pool/neg_rvlcdip_other_00519.jpg
data/raw/pool/neg_rvlcdip_other_00520.jpg,rvlcdip_other,form,0,0.9111,data/raw/pool/neg_rvlcdip_other_00520.jpg
data/raw/pool/neg_rvlcdip_other_00521.jpg,rvlcdip_other,form,0,0.8643,data/raw/pool/neg_rvlcdip_other_00521.jpg
data/raw/pool/neg_rvlcdip_other_00522.jpg,rvlcdip_other,form,0,0.5769,data/raw/pool/neg_rvlcdip_other_00522.jpg
data/raw/pool/neg_rvlcdip_other_00523.jpg,rvlcdip_other,form,0,0.9107,data/raw/pool/neg_rvlcdip_other_00523.jpg
data/raw/pool/neg_rvlcdip_other_00524.jpg,rvlcdip_other,form,0,0.9088,data/raw/pool/neg_rvlcdip_other_00524.jpg
data/raw/pool/neg_rvlcdip_other_00525.jpg,rvlcdip_other,form,0,0.9080,data/raw/pool/neg_rvlcdip_other_00525.jpg
data/raw/pool/neg_rvlcdip_other_00526.jpg,rvlcdip_other,letter,0,0.8493,data/raw/pool/neg_rvlcdip_other_00526.jpg
data/raw/pool/neg_rvlcdip_other_00527.jpg,rvlcdip_other,form,0,0.9079,data/raw/pool/neg_rvlcdip_other_00527.jpg
data/raw/pool/neg_rvlcdip_other_00528.jpg,rvlcdip_other,form,0,0.9103,data/raw/pool/neg_rvlcdip_other_00528.jpg
data/raw/pool/neg_rvlcdip_other_00529.jpg,rvlcdip_other,form,0,0.7079,data/raw/pool/neg_rvlcdip_other_00529.jpg
data/raw/pool/neg_rvlcdip_other_00530.jpg,rvlcdip_other,form,0,0.5316,data/raw/pool/neg_rvlcdip_other_00530.jpg
data/raw/pool/neg_rvlcdip_other_00531.jpg,rvlcdip_other,form,0,0.9125,data/raw/pool/neg_rvlcdip_other_00531.jpg
data/raw/pool/neg_rvlcdip_other_00532.jpg,rvlcdip_other,form,0,0.8937,data/raw/pool/neg_rvlcdip_other_00532.jpg
data/raw/pool/neg_rvlcdip_other_00533.jpg,rvlcdip_other,form,0,0.9094,data/raw/pool/neg_rvlcdip_other_00533.jpg
data/raw/pool/neg_rvlcdip_other_00534.jpg,rvlcdip_other,form,0,0.8380,data/raw/pool/neg_rvlcdip_other_00534.jpg
data/raw/pool/neg_rvlcdip_other_00535.jpg,rvlcdip_other,form,0,0.9088,data/raw/pool/neg_rvlcdip_other_00535.jpg
data/raw/pool/neg_rvlcdip_other_00536.jpg,rvlcdip_other,presentation,0,0.8821,data/raw/pool/neg_rvlcdip_other_00536.jpg
data/raw/pool/neg_rvlcdip_other_00537.jpg,rvlcdip_other,form,0,0.9061,data/raw/pool/neg_rvlcdip_other_00537.jpg
data/raw/pool/neg_rvlcdip_other_00538.jpg,rvlcdip_other,invoice,0,0.8698,data/raw/pool/neg_rvlcdip_other_00538.jpg
data/raw/pool/neg_rvlcdip_other_00539.jpg,rvlcdip_other,form,0,0.9071,data/raw/pool/neg_rvlcdip_other_00539.jpg
data/raw/pool/neg_rvlcdip_other_00540.jpg,rvlcdip_other,form,0,0.9096,data/raw/pool/neg_rvlcdip_other_00540.jpg
data/raw/pool/neg_rvlcdip_other_00541.jpg,rvlcdip_other,form,0,0.9063,data/raw/pool/neg_rvlcdip_other_00541.jpg
data/raw/pool/neg_rvlcdip_other_00542.jpg,rvlcdip_other,form,0,0.9138,data/raw/pool/neg_rvlcdip_other_00542.jpg
data/raw/pool/neg_rvlcdip_other_00543.jpg,rvlcdip_other,form,0,0.8824,data/raw/pool/neg_rvlcdip_other_00543.jpg
data/raw/pool/neg_rvlcdip_other_00544.jpg,rvlcdip_other,form,0,0.9066,data/raw/pool/neg_rvlcdip_other_00544.jpg
data/raw/pool/neg_rvlcdip_other_00545.jpg,rvlcdip_other,form,0,0.6379,data/raw/pool/neg_rvlcdip_other_00545.jpg
data/raw/pool/neg_rvlcdip_other_00546.jpg,rvlcdip_other,scientific report,0,0.5406,data/raw/pool/neg_rvlcdip_other_00546.jpg
data/raw/pool/neg_rvlcdip_other_00547.jpg,rvlcdip_other,form,0,0.8969,data/raw/pool/neg_rvlcdip_other_00547.jpg
data/raw/pool/neg_rvlcdip_other_00548.jpg,rvlcdip_other,form,0,0.9047,data/raw/pool/neg_rvlcdip_other_00548.jpg
data/raw/pool/neg_rvlcdip_other_00549.jpg,rvlcdip_other,form,0,0.9120,data/raw/pool/neg_rvlcdip_other_00549.jpg
data/raw/pool/neg_rvlcdip_other_00550.jpg,rvlcdip_other,form,0,0.9100,data/raw/pool/neg_rvlcdip_other_00550.jpg
data/raw/pool/neg_rvlcdip_other_00551.jpg,rvlcdip_other,form,0,0.8928,data/raw/pool/neg_rvlcdip_other_00551.jpg
data/raw/pool/neg_rvlcdip_other_00552.jpg,rvlcdip_other,form,0,0.9110,data/raw/pool/neg_rvlcdip_other_00552.jpg
data/raw/pool/neg_rvlcdip_other_00553.jpg,rvlcdip_other,form,0,0.9059,data/raw/pool/neg_rvlcdip_other_00553.jpg
data/raw/pool/neg_rvlcdip_other_00554.jpg,rvlcdip_other,form,0,0.9027,data/raw/pool/neg_rvlcdip_other_00554.jpg
data/raw/pool/neg_rvlcdip_other_00555.jpg,rvlcdip_other,form,0,0.9036,data/raw/pool/neg_rvlcdip_other_00555.jpg
data/raw/pool/neg_rvlcdip_other_00556.jpg,rvlcdip_other,form,0,0.9080,data/raw/pool/neg_rvlcdip_other_00556.jpg
data/raw/pool/neg_rvlcdip_other_00557.jpg,rvlcdip_other,form,0,0.9048,data/raw/pool/neg_rvlcdip_other_00557.jpg
data/raw/pool/neg_rvlcdip_other_00558.jpg,rvlcdip_other,invoice,0,0.8762,data/raw/pool/neg_rvlcdip_other_00558.jpg
data/raw/pool/neg_rvlcdip_other_00559.jpg,rvlcdip_other,form,0,0.8469,data/raw/pool/neg_rvlcdip_other_00559.jpg
data/raw/pool/neg_rvlcdip_other_00560.jpg,rvlcdip_other,form,0,0.9090,data/raw/pool/neg_rvlcdip_other_00560.jpg
data/raw/pool/neg_rvlcdip_other_00561.jpg,rvlcdip_other,form,0,0.8638,data/raw/pool/neg_rvlcdip_other_00561.jpg
data/raw/pool/neg_rvlcdip_other_00562.jpg,rvlcdip_other,form,0,0.9055,data/raw/pool/neg_rvlcdip_other_00562.jpg
data/raw/pool/neg_rvlcdip_other_00563.jpg,rvlcdip_other,form,0,0.9126,data/raw/pool/neg_rvlcdip_other_00563.jpg
data/raw/pool/neg_rvlcdip_other_00564.jpg,rvlcdip_other,form,0,0.9103,data/raw/pool/neg_rvlcdip_other_00564.jpg
data/raw/pool/neg_rvlcdip_other_00565.jpg,rvlcdip_other,form,0,0.5028,data/raw/pool/neg_rvlcdip_other_00565.jpg
data/raw/pool/neg_rvlcdip_other_00566.jpg,rvlcdip_other,form,0,0.8978,data/raw/pool/neg_rvlcdip_other_00566.jpg
data/raw/pool/neg_rvlcdip_other_00567.jpg,rvlcdip_other,form,0,0.8894,data/raw/pool/neg_rvlcdip_other_00567.jpg
data/raw/pool/neg_rvlcdip_other_00568.jpg,rvlcdip_other,form,0,0.9103,data/raw/pool/neg_rvlcdip_other_00568.jpg
data/raw/pool/neg_rvlcdip_other_00569.jpg,rvlcdip_other,form,0,0.9122,data/raw/pool/neg_rvlcdip_other_00569.jpg
data/raw/pool/neg_rvlcdip_other_00570.jpg,rvlcdip_other,letter,0,0.7935,data/raw/pool/neg_rvlcdip_other_00570.jpg
data/raw/pool/neg_rvlcdip_other_00571.jpg,rvlcdip_other,form,0,0.8753,data/raw/pool/neg_rvlcdip_other_00571.jpg
data/raw/pool/neg_rvlcdip_other_00572.jpg,rvlcdip_other,form,0,0.8943,data/raw/pool/neg_rvlcdip_other_00572.jpg
data/raw/pool/neg_rvlcdip_other_00573.jpg,rvlcdip_other,questionnaire,0,0.4629,data/raw/pool/neg_rvlcdip_other_00573.jpg
data/raw/pool/neg_rvlcdip_other_00574.jpg,rvlcdip_other,form,0,0.9106,data/raw/pool/neg_rvlcdip_other_00574.jpg
data/raw/pool/neg_rvlcdip_other_00575.jpg,rvlcdip_other,form,0,0.8948,data/raw/pool/neg_rvlcdip_other_00575.jpg
data/raw/pool/neg_rvlcdip_other_00576.jpg,rvlcdip_other,form,0,0.6807,data/raw/pool/neg_rvlcdip_other_00576.jpg
data/raw/pool/neg_rvlcdip_other_00577.jpg,rvlcdip_other,form,0,0.8996,data/raw/pool/neg_rvlcdip_other_00577.jpg
data/raw/pool/neg_rvlcdip_other_00578.jpg,rvlcdip_other,form,0,0.9103,data/raw/pool/neg_rvlcdip_other_00578.jpg
data/raw/pool/neg_rvlcdip_other_00579.jpg,rvlcdip_other,form,0,0.9091,data/raw/pool/neg_rvlcdip_other_00579.jpg
data/raw/pool/neg_rvlcdip_other_00580.jpg,rvlcdip_other,form,0,0.9050,data/raw/pool/neg_rvlcdip_other_00580.jpg
data/raw/pool/neg_rvlcdip_other_00581.jpg,rvlcdip_other,memo,0,0.6920,data/raw/pool/neg_rvlcdip_other_00581.jpg
data/raw/pool/neg_rvlcdip_other_00582.jpg,rvlcdip_other,form,0,0.9096,data/raw/pool/neg_rvlcdip_other_00582.jpg
data/raw/pool/neg_rvlcdip_other_00583.jpg,rvlcdip_other,form,0,0.8838,data/raw/pool/neg_rvlcdip_other_00583.jpg
data/raw/pool/neg_rvlcdip_other_00584.jpg,rvlcdip_other,form,0,0.8938,data/raw/pool/neg_rvlcdip_other_00584.jpg
data/raw/pool/neg_rvlcdip_other_00585.jpg,rvlcdip_other,form,0,0.8145,data/raw/pool/neg_rvlcdip_other_00585.jpg
data/raw/pool/neg_rvlcdip_other_00586.jpg,rvlcdip_other,form,0,0.9068,data/raw/pool/neg_rvlcdip_other_00586.jpg
data/raw/pool/neg_rvlcdip_other_00587.jpg,rvlcdip_other,form,0,0.9087,data/raw/pool/neg_rvlcdip_other_00587.jpg
data/raw/pool/neg_rvlcdip_other_00588.jpg,rvlcdip_other,letter,0,0.5952,data/raw/pool/neg_rvlcdip_other_00588.jpg
data/raw/pool/neg_rvlcdip_other_00589.jpg,rvlcdip_other,form,0,0.9067,data/raw/pool/neg_rvlcdip_other_00589.jpg
data/raw/pool/neg_rvlcdip_other_00590.jpg,rvlcdip_other,form,0,0.9125,data/raw/pool/neg_rvlcdip_other_00590.jpg
data/raw/pool/neg_rvlcdip_other_00591.jpg,rvlcdip_other,form,0,0.8627,data/raw/pool/neg_rvlcdip_other_00591.jpg
data/raw/pool/neg_rvlcdip_other_00592.jpg,rvlcdip_other,form,0,0.9013,data/raw/pool/neg_rvlcdip_other_00592.jpg
data/raw/pool/neg_rvlcdip_other_00593.jpg,rvlcdip_other,form,0,0.9080,data/raw/pool/neg_rvlcdip_other_00593.jpg
data/raw/pool/neg_rvlcdip_other_00594.jpg,rvlcdip_other,form,0,0.9028,data/raw/pool/neg_rvlcdip_other_00594.jpg
data/raw/pool/neg_rvlcdip_other_00595.jpg,rvlcdip_other,form,0,0.9099,data/raw/pool/neg_rvlcdip_other_00595.jpg
data/raw/pool/neg_rvlcdip_other_00596.jpg,rvlcdip_other,form,0,0.9075,data/raw/pool/neg_rvlcdip_other_00596.jpg
data/raw/pool/neg_rvlcdip_other_00597.jpg,rvlcdip_other,form,0,0.9118,data/raw/pool/neg_rvlcdip_other_00597.jpg
data/raw/pool/neg_rvlcdip_other_00598.jpg,rvlcdip_other,form,0,0.9081,data/raw/pool/neg_rvlcdip_other_00598.jpg
data/raw/pool/neg_rvlcdip_other_00599.jpg,rvlcdip_other,form,0,0.9098,data/raw/pool/neg_rvlcdip_other_00599.jpg
data/raw/pool/neg_rvlcdip_other_00600.jpg,rvlcdip_other,form,0,0.8813,data/raw/pool/neg_rvlcdip_other_00600.jpg
data/raw/pool/neg_rvlcdip_other_00601.jpg,rvlcdip_other,form,0,0.9113,data/raw/pool/neg_rvlcdip_other_00601.jpg
data/raw/pool/neg_rvlcdip_other_00602.jpg,rvlcdip_other,form,0,0.8983,data/raw/pool/neg_rvlcdip_other_00602.jpg
data/raw/pool/neg_rvlcdip_other_00603.jpg,rvlcdip_other,invoice,0,0.8113,data/raw/pool/neg_rvlcdip_other_00603.jpg
data/raw/pool/neg_rvlcdip_other_00604.jpg,rvlcdip_other,form,0,0.9129,data/raw/pool/neg_rvlcdip_other_00604.jpg
data/raw/pool/neg_rvlcdip_other_00605.jpg,rvlcdip_other,form,0,0.9094,data/raw/pool/neg_rvlcdip_other_00605.jpg
data/raw/pool/neg_rvlcdip_other_00606.jpg,rvlcdip_other,form,0,0.9058,data/raw/pool/neg_rvlcdip_other_00606.jpg
data/raw/pool/neg_rvlcdip_other_00607.jpg,rvlcdip_other,form,0,0.5158,data/raw/pool/neg_rvlcdip_other_00607.jpg
data/raw/pool/neg_rvlcdip_other_00608.jpg,rvlcdip_other,form,0,0.9097,data/raw/pool/neg_rvlcdip_other_00608.jpg
data/raw/pool/neg_rvlcdip_other_00609.jpg,rvlcdip_other,form,0,0.8959,data/raw/pool/neg_rvlcdip_other_00609.jpg
data/raw/pool/neg_rvlcdip_other_00610.jpg,rvlcdip_other,form,0,0.9031,data/raw/pool/neg_rvlcdip_other_00610.jpg
data/raw/pool/neg_rvlcdip_other_00611.jpg,rvlcdip_other,form,0,0.9128,data/raw/pool/neg_rvlcdip_other_00611.jpg
data/raw/pool/neg_rvlcdip_other_00612.jpg,rvlcdip_other,form,0,0.9109,data/raw/pool/neg_rvlcdip_other_00612.jpg
data/raw/pool/neg_rvlcdip_other_00613.jpg,rvlcdip_other,form,0,0.9067,data/raw/pool/neg_rvlcdip_other_00613.jpg
data/raw/pool/neg_rvlcdip_other_00614.jpg,rvlcdip_other,form,0,0.8979,data/raw/pool/neg_rvlcdip_other_00614.jpg
data/raw/pool/neg_rvlcdip_other_00615.jpg,rvlcdip_other,form,0,0.9039,data/raw/pool/neg_rvlcdip_other_00615.jpg
data/raw/pool/neg_rvlcdip_other_00616.jpg,rvlcdip_other,form,0,0.9061,data/raw/pool/neg_rvlcdip_other_00616.jpg
data/raw/pool/neg_rvlcdip_other_00617.jpg,rvlcdip_other,questionnaire,0,0.8816,data/raw/pool/neg_rvlcdip_other_00617.jpg
data/raw/pool/neg_rvlcdip_other_00618.jpg,rvlcdip_other,form,0,0.9099,data/raw/pool/neg_rvlcdip_other_00618.jpg
data/raw/pool/neg_rvlcdip_other_00619.jpg,rvlcdip_other,presentation,0,0.5966,data/raw/pool/neg_rvlcdip_other_00619.jpg
data/raw/pool/neg_rvlcdip_other_00620.jpg,rvlcdip_other,form,0,0.9049,data/raw/pool/neg_rvlcdip_other_00620.jpg
data/raw/pool/neg_rvlcdip_other_00621.jpg,rvlcdip_other,form,0,0.9127,data/raw/pool/neg_rvlcdip_other_00621.jpg
data/raw/pool/neg_rvlcdip_other_00622.jpg,rvlcdip_other,form,0,0.9107,data/raw/pool/neg_rvlcdip_other_00622.jpg
data/raw/pool/neg_rvlcdip_other_00623.jpg,rvlcdip_other,form,0,0.9038,data/raw/pool/neg_rvlcdip_other_00623.jpg
data/raw/pool/neg_rvlcdip_other_00624.jpg,rvlcdip_other,form,0,0.8872,data/raw/pool/neg_rvlcdip_other_00624.jpg
data/raw/pool/neg_rvlcdip_other_00625.jpg,rvlcdip_other,invoice,0,0.8365,data/raw/pool/neg_rvlcdip_other_00625.jpg
data/raw/pool/neg_rvlcdip_other_00626.jpg,rvlcdip_other,form,0,0.8676,data/raw/pool/neg_rvlcdip_other_00626.jpg
data/raw/pool/neg_rvlcdip_other_00627.jpg,rvlcdip_other,form,0,0.9108,data/raw/pool/neg_rvlcdip_other_00627.jpg
data/raw/pool/neg_rvlcdip_other_00628.jpg,rvlcdip_other,form,0,0.9061,data/raw/pool/neg_rvlcdip_other_00628.jpg
data/raw/pool/neg_rvlcdip_other_00629.jpg,rvlcdip_other,form,0,0.9012,data/raw/pool/neg_rvlcdip_other_00629.jpg
data/raw/pool/neg_rvlcdip_other_00630.jpg,rvlcdip_other,file folder,0,0.8136,data/raw/pool/neg_rvlcdip_other_00630.jpg
data/raw/pool/neg_rvlcdip_other_00631.jpg,rvlcdip_other,form,0,0.8901,data/raw/pool/neg_rvlcdip_other_00631.jpg
data/raw/pool/neg_rvlcdip_other_00632.jpg,rvlcdip_other,invoice,0,0.8033,data/raw/pool/neg_rvlcdip_other_00632.jpg
data/raw/pool/neg_rvlcdip_other_00633.jpg,rvlcdip_other,form,0,0.8849,data/raw/pool/neg_rvlcdip_other_00633.jpg
data/raw/pool/neg_rvlcdip_other_00634.jpg,rvlcdip_other,form,0,0.9127,data/raw/pool/neg_rvlcdip_other_00634.jpg
data/raw/pool/neg_rvlcdip_other_00635.jpg,rvlcdip_other,form,0,0.8421,data/raw/pool/neg_rvlcdip_other_00635.jpg
data/raw/pool/neg_rvlcdip_other_00636.jpg,rvlcdip_other,form,0,0.9124,data/raw/pool/neg_rvlcdip_other_00636.jpg
data/raw/pool/neg_rvlcdip_other_00637.jpg,rvlcdip_other,form,0,0.9107,data/raw/pool/neg_rvlcdip_other_00637.jpg
data/raw/pool/neg_rvlcdip_other_00638.jpg,rvlcdip_other,handwritten,0,0.2098,data/raw/pool/neg_rvlcdip_other_00638.jpg
data/raw/pool/neg_rvlcdip_other_00639.jpg,rvlcdip_other,form,0,0.8997,data/raw/pool/neg_rvlcdip_other_00639.jpg
data/raw/pool/neg_rvlcdip_other_00640.jpg,rvlcdip_other,form,0,0.7114,data/raw/pool/neg_rvlcdip_other_00640.jpg
data/raw/pool/neg_rvlcdip_other_00641.jpg,rvlcdip_other,form,0,0.9084,data/raw/pool/neg_rvlcdip_other_00641.jpg
data/raw/pool/neg_rvlcdip_other_00642.jpg,rvlcdip_other,form,0,0.9108,data/raw/pool/neg_rvlcdip_other_00642.jpg
data/raw/pool/neg_rvlcdip_other_00643.jpg,rvlcdip_other,form,0,0.9108,data/raw/pool/neg_rvlcdip_other_00643.jpg
data/raw/pool/neg_rvlcdip_other_00644.jpg,rvlcdip_other,form,0,0.8530,data/raw/pool/neg_rvlcdip_other_00644.jpg
data/raw/pool/neg_rvlcdip_other_00645.jpg,rvlcdip_other,form,0,0.8354,data/raw/pool/neg_rvlcdip_other_00645.jpg
data/raw/pool/neg_rvlcdip_other_00646.jpg,rvlcdip_other,form,0,0.9087,data/raw/pool/neg_rvlcdip_other_00646.jpg
data/raw/pool/neg_rvlcdip_other_00647.jpg,rvlcdip_other,form,0,0.9077,data/raw/pool/neg_rvlcdip_other_00647.jpg
data/raw/pool/neg_rvlcdip_other_00648.jpg,rvlcdip_other,invoice,0,0.8272,data/raw/pool/neg_rvlcdip_other_00648.jpg
data/raw/pool/neg_rvlcdip_other_00649.jpg,rvlcdip_other,form,0,0.9059,data/raw/pool/neg_rvlcdip_other_00649.jpg
data/raw/pool/neg_rvlcdip_other_00650.jpg,rvlcdip_other,form,0,0.9080,data/raw/pool/neg_rvlcdip_other_00650.jpg
data/raw/pool/neg_rvlcdip_other_00651.jpg,rvlcdip_other,form,0,0.9114,data/raw/pool/neg_rvlcdip_other_00651.jpg
data/raw/pool/neg_rvlcdip_other_00652.jpg,rvlcdip_other,specification,0,0.7592,data/raw/pool/neg_rvlcdip_other_00652.jpg
data/raw/pool/neg_rvlcdip_other_00653.jpg,rvlcdip_other,form,0,0.9139,data/raw/pool/neg_rvlcdip_other_00653.jpg
data/raw/pool/neg_rvlcdip_other_00654.jpg,rvlcdip_other,form,0,0.9112,data/raw/pool/neg_rvlcdip_other_00654.jpg
data/raw/pool/neg_rvlcdip_other_00655.jpg,rvlcdip_other,form,0,0.9078,data/raw/pool/neg_rvlcdip_other_00655.jpg
data/raw/pool/neg_rvlcdip_other_00656.jpg,rvlcdip_other,form,0,0.9107,data/raw/pool/neg_rvlcdip_other_00656.jpg
data/raw/pool/neg_rvlcdip_other_00657.jpg,rvlcdip_other,form,0,0.9066,data/raw/pool/neg_rvlcdip_other_00657.jpg
data/raw/pool/neg_rvlcdip_other_00658.jpg,rvlcdip_other,form,0,0.9056,data/raw/pool/neg_rvlcdip_other_00658.jpg
data/raw/pool/neg_rvlcdip_other_00659.jpg,rvlcdip_other,form,0,0.9111,data/raw/pool/neg_rvlcdip_other_00659.jpg
data/raw/pool/neg_rvlcdip_other_00660.jpg,rvlcdip_other,scientific report,0,0.4917,data/raw/pool/neg_rvlcdip_other_00660.jpg
data/raw/pool/neg_rvlcdip_other_00661.jpg,rvlcdip_other,form,0,0.9113,data/raw/pool/neg_rvlcdip_other_00661.jpg
data/raw/pool/neg_rvlcdip_other_00662.jpg,rvlcdip_other,budget,0,0.7607,data/raw/pool/neg_rvlcdip_other_00662.jpg
data/raw/pool/neg_rvlcdip_other_00663.jpg,rvlcdip_other,form,0,0.9090,data/raw/pool/neg_rvlcdip_other_00663.jpg
data/raw/pool/neg_rvlcdip_other_00664.jpg,rvlcdip_other,form,0,0.8786,data/raw/pool/neg_rvlcdip_other_00664.jpg
data/raw/pool/neg_rvlcdip_other_00665.jpg,rvlcdip_other,form,0,0.9112,data/raw/pool/neg_rvlcdip_other_00665.jpg
data/raw/pool/neg_rvlcdip_other_00666.jpg,rvlcdip_other,letter,0,0.7450,data/raw/pool/neg_rvlcdip_other_00666.jpg
data/raw/pool/neg_rvlcdip_other_00667.jpg,rvlcdip_other,form,0,0.9091,data/raw/pool/neg_rvlcdip_other_00667.jpg
data/raw/pool/neg_rvlcdip_other_00668.jpg,rvlcdip_other,form,0,0.9123,data/raw/pool/neg_rvlcdip_other_00668.jpg
data/raw/pool/neg_rvlcdip_other_00669.jpg,rvlcdip_other,form,0,0.9109,data/raw/pool/neg_rvlcdip_other_00669.jpg
data/raw/pool/neg_rvlcdip_other_00670.jpg,rvlcdip_other,form,0,0.9044,data/raw/pool/neg_rvlcdip_other_00670.jpg
data/raw/pool/neg_rvlcdip_other_00671.jpg,rvlcdip_other,form,0,0.9151,data/raw/pool/neg_rvlcdip_other_00671.jpg
data/raw/pool/neg_rvlcdip_other_00672.jpg,rvlcdip_other,form,0,0.9050,data/raw/pool/neg_rvlcdip_other_00672.jpg
data/raw/pool/neg_rvlcdip_other_00673.jpg,rvlcdip_other,handwritten,0,0.4047,data/raw/pool/neg_rvlcdip_other_00673.jpg
data/raw/pool/neg_rvlcdip_other_00674.jpg,rvlcdip_other,form,0,0.9103,data/raw/pool/neg_rvlcdip_other_00674.jpg
data/raw/pool/neg_rvlcdip_other_00675.jpg,rvlcdip_other,form,0,0.9029,data/raw/pool/neg_rvlcdip_other_00675.jpg
data/raw/pool/neg_rvlcdip_other_00676.jpg,rvlcdip_other,form,0,0.9084,data/raw/pool/neg_rvlcdip_other_00676.jpg
data/raw/pool/neg_rvlcdip_other_00677.jpg,rvlcdip_other,form,0,0.9106,data/raw/pool/neg_rvlcdip_other_00677.jpg
data/raw/pool/neg_rvlcdip_other_00678.jpg,rvlcdip_other,form,0,0.9096,data/raw/pool/neg_rvlcdip_other_00678.jpg
data/raw/pool/neg_rvlcdip_other_00679.jpg,rvlcdip_other,form,0,0.8844,data/raw/pool/neg_rvlcdip_other_00679.jpg
data/raw/pool/neg_rvlcdip_other_00680.jpg,rvlcdip_other,form,0,0.9054,data/raw/pool/neg_rvlcdip_other_00680.jpg
data/raw/pool/neg_rvlcdip_other_00681.jpg,rvlcdip_other,form,0,0.9112,data/raw/pool/neg_rvlcdip_other_00681.jpg
data/raw/pool/neg_rvlcdip_other_00682.jpg,rvlcdip_other,form,0,0.9119,data/raw/pool/neg_rvlcdip_other_00682.jpg
data/raw/pool/neg_rvlcdip_other_00683.jpg,rvlcdip_other,form,0,0.8890,data/raw/pool/neg_rvlcdip_other_00683.jpg
data/raw/pool/neg_rvlcdip_other_00684.jpg,rvlcdip_other,form,0,0.8701,data/raw/pool/neg_rvlcdip_other_00684.jpg
data/raw/pool/neg_rvlcdip_other_00685.jpg,rvlcdip_other,form,0,0.8898,data/raw/pool/neg_rvlcdip_other_00685.jpg
data/raw/pool/neg_rvlcdip_other_00686.jpg,rvlcdip_other,form,0,0.9065,data/raw/pool/neg_rvlcdip_other_00686.jpg
data/raw/pool/neg_rvlcdip_other_00687.jpg,rvlcdip_other,form,0,0.8934,data/raw/pool/neg_rvlcdip_other_00687.jpg
data/raw/pool/neg_rvlcdip_other_00688.jpg,rvlcdip_other,letter,0,0.8915,data/raw/pool/neg_rvlcdip_other_00688.jpg
data/raw/pool/neg_rvlcdip_other_00689.jpg,rvlcdip_other,form,0,0.9092,data/raw/pool/neg_rvlcdip_other_00689.jpg
data/raw/pool/neg_rvlcdip_other_00690.jpg,rvlcdip_other,form,0,0.8494,data/raw/pool/neg_rvlcdip_other_00690.jpg
data/raw/pool/neg_rvlcdip_other_00691.jpg,rvlcdip_other,form,0,0.8732,data/raw/pool/neg_rvlcdip_other_00691.jpg
data/raw/pool/neg_rvlcdip_other_00692.jpg,rvlcdip_other,form,0,0.9142,data/raw/pool/neg_rvlcdip_other_00692.jpg
data/raw/pool/neg_rvlcdip_other_00693.jpg,rvlcdip_other,scientific report,0,0.7822,data/raw/pool/neg_rvlcdip_other_00693.jpg
data/raw/pool/neg_rvlcdip_other_00694.jpg,rvlcdip_other,form,0,0.6664,data/raw/pool/neg_rvlcdip_other_00694.jpg
data/raw/pool/neg_rvlcdip_other_00695.jpg,rvlcdip_other,form,0,0.8763,data/raw/pool/neg_rvlcdip_other_00695.jpg
data/raw/pool/neg_rvlcdip_other_00696.jpg,rvlcdip_other,form,0,0.9079,data/raw/pool/neg_rvlcdip_other_00696.jpg
data/raw/pool/neg_rvlcdip_other_00697.jpg,rvlcdip_other,form,0,0.9006,data/raw/pool/neg_rvlcdip_other_00697.jpg
data/raw/pool/neg_rvlcdip_other_00698.jpg,rvlcdip_other,form,0,0.6057,data/raw/pool/neg_rvlcdip_other_00698.jpg
data/raw/pool/neg_rvlcdip_other_00699.jpg,rvlcdip_other,form,0,0.4572,data/raw/pool/neg_rvlcdip_other_00699.jpg
data/raw/pool/neg_rvlcdip_other_00700.jpg,rvlcdip_other,form,0,0.9124,data/raw/pool/neg_rvlcdip_other_00700.jpg
data/raw/pool/neg_rvlcdip_other_00701.jpg,rvlcdip_other,form,0,0.9086,data/raw/pool/neg_rvlcdip_other_00701.jpg
data/raw/pool/neg_rvlcdip_other_00702.jpg,rvlcdip_other,scientific report,0,0.9001,data/raw/pool/neg_rvlcdip_other_00702.jpg
data/raw/pool/neg_rvlcdip_other_00703.jpg,rvlcdip_other,form,0,0.5876,data/raw/pool/neg_rvlcdip_other_00703.jpg
data/raw/pool/neg_rvlcdip_other_00704.jpg,rvlcdip_other,form,0,0.6519,data/raw/pool/neg_rvlcdip_other_00704.jpg
data/raw/pool/neg_rvlcdip_other_00705.jpg,rvlcdip_other,questionnaire,0,0.8637,data/raw/pool/neg_rvlcdip_other_00705.jpg
data/raw/pool/neg_rvlcdip_other_00706.jpg,rvlcdip_other,form,0,0.9133,data/raw/pool/neg_rvlcdip_other_00706.jpg
data/raw/pool/neg_rvlcdip_other_00707.jpg,rvlcdip_other,form,0,0.9024,data/raw/pool/neg_rvlcdip_other_00707.jpg
data/raw/pool/neg_rvlcdip_other_00708.jpg,rvlcdip_other,scientific report,0,0.8888,data/raw/pool/neg_rvlcdip_other_00708.jpg
data/raw/pool/neg_rvlcdip_other_00709.jpg,rvlcdip_other,questionnaire,0,0.8728,data/raw/pool/neg_rvlcdip_other_00709.jpg
data/raw/pool/neg_rvlcdip_other_00710.jpg,rvlcdip_other,form,0,0.9068,data/raw/pool/neg_rvlcdip_other_00710.jpg
data/raw/pool/neg_rvlcdip_other_00711.jpg,rvlcdip_other,form,0,0.8993,data/raw/pool/neg_rvlcdip_other_00711.jpg
data/raw/pool/neg_rvlcdip_other_00712.jpg,rvlcdip_other,form,0,0.9035,data/raw/pool/neg_rvlcdip_other_00712.jpg
data/raw/pool/neg_rvlcdip_other_00713.jpg,rvlcdip_other,form,0,0.7492,data/raw/pool/neg_rvlcdip_other_00713.jpg
data/raw/pool/neg_rvlcdip_other_00714.jpg,rvlcdip_other,form,0,0.8936,data/raw/pool/neg_rvlcdip_other_00714.jpg
data/raw/pool/neg_rvlcdip_other_00715.jpg,rvlcdip_other,form,0,0.9021,data/raw/pool/neg_rvlcdip_other_00715.jpg
data/raw/pool/neg_rvlcdip_other_00716.jpg,rvlcdip_other,form,0,0.9019,data/raw/pool/neg_rvlcdip_other_00716.jpg
data/raw/pool/neg_rvlcdip_other_00717.jpg,rvlcdip_other,form,0,0.9068,data/raw/pool/neg_rvlcdip_other_00717.jpg
data/raw/pool/neg_rvlcdip_other_00718.jpg,rvlcdip_other,form,0,0.9123,data/raw/pool/neg_rvlcdip_other_00718.jpg
data/raw/pool/neg_rvlcdip_other_00719.jpg,rvlcdip_other,scientific report,0,0.4762,data/raw/pool/neg_rvlcdip_other_00719.jpg
data/raw/pool/neg_rvlcdip_other_00720.jpg,rvlcdip_other,form,0,0.9098,data/raw/pool/neg_rvlcdip_other_00720.jpg
data/raw/pool/neg_rvlcdip_other_00721.jpg,rvlcdip_other,form,0,0.9100,data/raw/pool/neg_rvlcdip_other_00721.jpg
data/raw/pool/neg_rvlcdip_other_00722.jpg,rvlcdip_other,questionnaire,0,0.4119,data/raw/pool/neg_rvlcdip_other_00722.jpg
data/raw/pool/neg_rvlcdip_other_00723.jpg,rvlcdip_other,form,0,0.9113,data/raw/pool/neg_rvlcdip_other_00723.jpg
data/raw/pool/neg_rvlcdip_other_00724.jpg,rvlcdip_other,form,0,0.9007,data/raw/pool/neg_rvlcdip_other_00724.jpg
data/raw/pool/neg_rvlcdip_other_00725.jpg,rvlcdip_other,form,0,0.9058,data/raw/pool/neg_rvlcdip_other_00725.jpg
data/raw/pool/neg_rvlcdip_other_00726.jpg,rvlcdip_other,form,0,0.9010,data/raw/pool/neg_rvlcdip_other_00726.jpg
data/raw/pool/neg_rvlcdip_other_00727.jpg,rvlcdip_other,form,0,0.9142,data/raw/pool/neg_rvlcdip_other_00727.jpg
data/raw/pool/neg_rvlcdip_other_00728.jpg,rvlcdip_other,form,0,0.8960,data/raw/pool/neg_rvlcdip_other_00728.jpg
data/raw/pool/neg_rvlcdip_other_00729.jpg,rvlcdip_other,memo,0,0.8807,data/raw/pool/neg_rvlcdip_other_00729.jpg
data/raw/pool/neg_rvlcdip_other_00730.jpg,rvlcdip_other,form,0,0.6872,data/raw/pool/neg_rvlcdip_other_00730.jpg
data/raw/pool/neg_rvlcdip_other_00731.jpg,rvlcdip_other,form,0,0.9125,data/raw/pool/neg_rvlcdip_other_00731.jpg
data/raw/pool/neg_rvlcdip_other_00732.jpg,rvlcdip_other,form,0,0.8014,data/raw/pool/neg_rvlcdip_other_00732.jpg
data/raw/pool/neg_rvlcdip_other_00733.jpg,rvlcdip_other,form,0,0.8867,data/raw/pool/neg_rvlcdip_other_00733.jpg
data/raw/pool/neg_rvlcdip_other_00734.jpg,rvlcdip_other,form,0,0.8735,data/raw/pool/neg_rvlcdip_other_00734.jpg
data/raw/pool/neg_rvlcdip_other_00735.jpg,rvlcdip_other,questionnaire,0,0.4494,data/raw/pool/neg_rvlcdip_other_00735.jpg
data/raw/pool/neg_rvlcdip_other_00736.jpg,rvlcdip_other,form,0,0.9064,data/raw/pool/neg_rvlcdip_other_00736.jpg
data/raw/pool/neg_rvlcdip_other_00737.jpg,rvlcdip_other,form,0,0.6640,data/raw/pool/neg_rvlcdip_other_00737.jpg
data/raw/pool/neg_rvlcdip_other_00738.jpg,rvlcdip_other,form,0,0.7910,data/raw/pool/neg_rvlcdip_other_00738.jpg
data/raw/pool/neg_rvlcdip_other_00739.jpg,rvlcdip_other,form,0,0.9032,data/raw/pool/neg_rvlcdip_other_00739.jpg
data/raw/pool/neg_rvlcdip_other_00740.jpg,rvlcdip_other,form,0,0.9090,data/raw/pool/neg_rvlcdip_other_00740.jpg
data/raw/pool/neg_rvlcdip_other_00741.jpg,rvlcdip_other,form,0,0.9071,data/raw/pool/neg_rvlcdip_other_00741.jpg
data/raw/pool/neg_rvlcdip_other_00742.jpg,rvlcdip_other,form,0,0.9145,data/raw/pool/neg_rvlcdip_other_00742.jpg
data/raw/pool/neg_rvlcdip_other_00743.jpg,rvlcdip_other,form,0,0.8948,data/raw/pool/neg_rvlcdip_other_00743.jpg
data/raw/pool/neg_rvlcdip_other_00744.jpg,rvlcdip_other,form,0,0.9080,data/raw/pool/neg_rvlcdip_other_00744.jpg
data/raw/pool/neg_rvlcdip_other_00745.jpg,rvlcdip_other,form,0,0.9088,data/raw/pool/neg_rvlcdip_other_00745.jpg
data/raw/pool/neg_rvlcdip_other_00746.jpg,rvlcdip_other,form,0,0.9062,data/raw/pool/neg_rvlcdip_other_00746.jpg
data/raw/pool/neg_rvlcdip_other_00747.jpg,rvlcdip_other,form,0,0.9104,data/raw/pool/neg_rvlcdip_other_00747.jpg
data/raw/pool/neg_rvlcdip_other_00748.jpg,rvlcdip_other,form,0,0.9100,data/raw/pool/neg_rvlcdip_other_00748.jpg
data/raw/pool/neg_rvlcdip_other_00749.jpg,rvlcdip_other,form,0,0.9099,data/raw/pool/neg_rvlcdip_other_00749.jpg
data/raw/pool/neg_rvlcdip_other_00750.jpg,rvlcdip_other,form,0,0.9065,data/raw/pool/neg_rvlcdip_other_00750.jpg
data/raw/pool/neg_rvlcdip_other_00751.jpg,rvlcdip_other,form,0,0.9108,data/raw/pool/neg_rvlcdip_other_00751.jpg
data/raw/pool/neg_rvlcdip_other_00752.jpg,rvlcdip_other,form,0,0.9098,data/raw/pool/neg_rvlcdip_other_00752.jpg
data/raw/pool/neg_rvlcdip_other_00753.jpg,rvlcdip_other,invoice,0,0.7836,data/raw/pool/neg_rvlcdip_other_00753.jpg
data/raw/pool/neg_rvlcdip_other_00754.jpg,rvlcdip_other,letter,0,0.6783,data/raw/pool/neg_rvlcdip_other_00754.jpg
data/raw/pool/neg_rvlcdip_other_00755.jpg,rvlcdip_other,form,0,0.8791,data/raw/pool/neg_rvlcdip_other_00755.jpg
data/raw/pool/neg_rvlcdip_other_00756.jpg,rvlcdip_other,form,0,0.9112,data/raw/pool/neg_rvlcdip_other_00756.jpg
data/raw/pool/neg_rvlcdip_other_00757.jpg,rvlcdip_other,form,0,0.9030,data/raw/pool/neg_rvlcdip_other_00757.jpg
data/raw/pool/neg_rvlcdip_other_00758.jpg,rvlcdip_other,form,0,0.6981,data/raw/pool/neg_rvlcdip_other_00758.jpg
data/raw/pool/neg_rvlcdip_other_00759.jpg,rvlcdip_other,form,0,0.9092,data/raw/pool/neg_rvlcdip_other_00759.jpg
data/raw/pool/neg_rvlcdip_other_00760.jpg,rvlcdip_other,form,0,0.9114,data/raw/pool/neg_rvlcdip_other_00760.jpg
data/raw/pool/neg_rvlcdip_other_00761.jpg,rvlcdip_other,form,0,0.9116,data/raw/pool/neg_rvlcdip_other_00761.jpg
data/raw/pool/neg_rvlcdip_other_00762.jpg,rvlcdip_other,form,0,0.4704,data/raw/pool/neg_rvlcdip_other_00762.jpg
data/raw/pool/neg_rvlcdip_other_00763.jpg,rvlcdip_other,form,0,0.9108,data/raw/pool/neg_rvlcdip_other_00763.jpg
data/raw/pool/neg_rvlcdip_other_00764.jpg,rvlcdip_other,form,0,0.9081,data/raw/pool/neg_rvlcdip_other_00764.jpg
data/raw/pool/neg_rvlcdip_other_00765.jpg,rvlcdip_other,scientific report,0,0.5477,data/raw/pool/neg_rvlcdip_other_00765.jpg
data/raw/pool/neg_rvlcdip_other_00766.jpg,rvlcdip_other,budget,0,0.5873,data/raw/pool/neg_rvlcdip_other_00766.jpg
data/raw/pool/neg_rvlcdip_other_00767.jpg,rvlcdip_other,form,0,0.9000,data/raw/pool/neg_rvlcdip_other_00767.jpg
data/raw/pool/neg_rvlcdip_other_00768.jpg,rvlcdip_other,form,0,0.9063,data/raw/pool/neg_rvlcdip_other_00768.jpg
data/raw/pool/neg_rvlcdip_other_00769.jpg,rvlcdip_other,form,0,0.9091,data/raw/pool/neg_rvlcdip_other_00769.jpg
data/raw/pool/neg_rvlcdip_other_00770.jpg,rvlcdip_other,form,0,0.8964,data/raw/pool/neg_rvlcdip_other_00770.jpg
data/raw/pool/neg_rvlcdip_other_00771.jpg,rvlcdip_other,form,0,0.8962,data/raw/pool/neg_rvlcdip_other_00771.jpg
data/raw/pool/neg_rvlcdip_other_00772.jpg,rvlcdip_other,form,0,0.9007,data/raw/pool/neg_rvlcdip_other_00772.jpg
data/raw/pool/neg_rvlcdip_other_00773.jpg,rvlcdip_other,form,0,0.8305,data/raw/pool/neg_rvlcdip_other_00773.jpg
data/raw/pool/neg_rvlcdip_other_00774.jpg,rvlcdip_other,form,0,0.8975,data/raw/pool/neg_rvlcdip_other_00774.jpg
data/raw/pool/neg_rvlcdip_other_00775.jpg,rvlcdip_other,scientific report,0,0.5075,data/raw/pool/neg_rvlcdip_other_00775.jpg
data/raw/pool/neg_rvlcdip_other_00776.jpg,rvlcdip_other,letter,0,0.7860,data/raw/pool/neg_rvlcdip_other_00776.jpg
data/raw/pool/neg_rvlcdip_other_00777.jpg,rvlcdip_other,budget,0,0.8894,data/raw/pool/neg_rvlcdip_other_00777.jpg
data/raw/pool/neg_rvlcdip_other_00778.jpg,rvlcdip_other,form,0,0.9129,data/raw/pool/neg_rvlcdip_other_00778.jpg
data/raw/pool/neg_rvlcdip_other_00779.jpg,rvlcdip_other,form,0,0.8969,data/raw/pool/neg_rvlcdip_other_00779.jpg
data/raw/pool/neg_rvlcdip_other_00780.jpg,rvlcdip_other,form,0,0.9117,data/raw/pool/neg_rvlcdip_other_00780.jpg
data/raw/pool/neg_rvlcdip_other_00781.jpg,rvlcdip_other,form,0,0.9114,data/raw/pool/neg_rvlcdip_other_00781.jpg
data/raw/pool/neg_rvlcdip_other_00782.jpg,rvlcdip_other,form,0,0.9095,data/raw/pool/neg_rvlcdip_other_00782.jpg
data/raw/pool/neg_rvlcdip_other_00783.jpg,rvlcdip_other,form,0,0.9108,data/raw/pool/neg_rvlcdip_other_00783.jpg
data/raw/pool/neg_rvlcdip_other_00784.jpg,rvlcdip_other,form,0,0.4420,data/raw/pool/neg_rvlcdip_other_00784.jpg
data/raw/pool/neg_rvlcdip_other_00785.jpg,rvlcdip_other,form,0,0.9141,data/raw/pool/neg_rvlcdip_other_00785.jpg
data/raw/pool/neg_rvlcdip_other_00786.jpg,rvlcdip_other,form,0,0.9069,data/raw/pool/neg_rvlcdip_other_00786.jpg
data/raw/pool/neg_rvlcdip_other_00787.jpg,rvlcdip_other,form,0,0.9079,data/raw/pool/neg_rvlcdip_other_00787.jpg
data/raw/pool/neg_rvlcdip_other_00788.jpg,rvlcdip_other,form,0,0.9099,data/raw/pool/neg_rvlcdip_other_00788.jpg
data/raw/pool/neg_rvlcdip_other_00789.jpg,rvlcdip_other,form,0,0.9101,data/raw/pool/neg_rvlcdip_other_00789.jpg
data/raw/pool/neg_rvlcdip_other_00790.jpg,rvlcdip_other,form,0,0.9100,data/raw/pool/neg_rvlcdip_other_00790.jpg
data/raw/pool/neg_rvlcdip_other_00791.jpg,rvlcdip_other,form,0,0.9121,data/raw/pool/neg_rvlcdip_other_00791.jpg
data/raw/pool/neg_rvlcdip_other_00792.jpg,rvlcdip_other,form,0,0.5865,data/raw/pool/neg_rvlcdip_other_00792.jpg
data/raw/pool/neg_rvlcdip_other_00793.jpg,rvlcdip_other,form,0,0.8570,data/raw/pool/neg_rvlcdip_other_00793.jpg
data/raw/pool/neg_rvlcdip_other_00794.jpg,rvlcdip_other,form,0,0.9110,data/raw/pool/neg_rvlcdip_other_00794.jpg
data/raw/pool/neg_rvlcdip_other_00795.jpg,rvlcdip_other,presentation,0,0.7614,data/raw/pool/neg_rvlcdip_other_00795.jpg
data/raw/pool/neg_rvlcdip_other_00796.jpg,rvlcdip_other,form,0,0.9092,data/raw/pool/neg_rvlcdip_other_00796.jpg
data/raw/pool/neg_rvlcdip_other_00797.jpg,rvlcdip_other,form,0,0.6265,data/raw/pool/neg_rvlcdip_other_00797.jpg
data/raw/pool/neg_rvlcdip_other_00798.jpg,rvlcdip_other,form,0,0.9062,data/raw/pool/neg_rvlcdip_other_00798.jpg
data/raw/pool/neg_rvlcdip_other_00799.jpg,rvlcdip_other,form,0,0.9029,data/raw/pool/neg_rvlcdip_other_00799.jpg
data/raw/pool/neg_rvlcdip_other_00800.jpg,rvlcdip_other,email,0,0.9095,data/raw/pool/neg_rvlcdip_other_00800.jpg
data/raw/pool/neg_rvlcdip_other_00801.jpg,rvlcdip_other,email,0,0.9097,data/raw/pool/neg_rvlcdip_other_00801.jpg
data/raw/pool/neg_rvlcdip_other_00802.jpg,rvlcdip_other,email,0,0.9040,data/raw/pool/neg_rvlcdip_other_00802.jpg
data/raw/pool/neg_rvlcdip_other_00803.jpg,rvlcdip_other,email,0,0.9086,data/raw/pool/neg_rvlcdip_other_00803.jpg
data/raw/pool/neg_rvlcdip_other_00804.jpg,rvlcdip_other,email,0,0.9009,data/raw/pool/neg_rvlcdip_other_00804.jpg
data/raw/pool/neg_rvlcdip_other_00805.jpg,rvlcdip_other,email,0,0.9064,data/raw/pool/neg_rvlcdip_other_00805.jpg
data/raw/pool/neg_rvlcdip_other_00806.jpg,rvlcdip_other,email,0,0.9077,data/raw/pool/neg_rvlcdip_other_00806.jpg
data/raw/pool/neg_rvlcdip_other_00807.jpg,rvlcdip_other,email,0,0.8924,data/raw/pool/neg_rvlcdip_other_00807.jpg
data/raw/pool/neg_rvlcdip_other_00808.jpg,rvlcdip_other,email,0,0.9105,data/raw/pool/neg_rvlcdip_other_00808.jpg
data/raw/pool/neg_rvlcdip_other_00809.jpg,rvlcdip_other,email,0,0.9081,data/raw/pool/neg_rvlcdip_other_00809.jpg
data/raw/pool/neg_rvlcdip_other_00810.jpg,rvlcdip_other,letter,0,0.5266,data/raw/pool/neg_rvlcdip_other_00810.jpg
data/raw/pool/neg_rvlcdip_other_00811.jpg,rvlcdip_other,email,0,0.9089,data/raw/pool/neg_rvlcdip_other_00811.jpg
data/raw/pool/neg_rvlcdip_other_00812.jpg,rvlcdip_other,email,0,0.9094,data/raw/pool/neg_rvlcdip_other_00812.jpg
data/raw/pool/neg_rvlcdip_other_00813.jpg,rvlcdip_other,email,0,0.9105,data/raw/pool/neg_rvlcdip_other_00813.jpg
data/raw/pool/neg_rvlcdip_other_00814.jpg,rvlcdip_other,email,0,0.8998,data/raw/pool/neg_rvlcdip_other_00814.jpg
data/raw/pool/neg_rvlcdip_other_00815.jpg,rvlcdip_other,email,0,0.9082,data/raw/pool/neg_rvlcdip_other_00815.jpg
data/raw/pool/neg_rvlcdip_other_00816.jpg,rvlcdip_other,email,0,0.9082,data/raw/pool/neg_rvlcdip_other_00816.jpg
data/raw/pool/neg_rvlcdip_other_00817.jpg,rvlcdip_other,email,0,0.9065,data/raw/pool/neg_rvlcdip_other_00817.jpg
data/raw/pool/neg_rvlcdip_other_00818.jpg,rvlcdip_other,email,0,0.9083,data/raw/pool/neg_rvlcdip_other_00818.jpg
data/raw/pool/neg_rvlcdip_other_00819.jpg,rvlcdip_other,email,0,0.9091,data/raw/pool/neg_rvlcdip_other_00819.jpg
data/raw/pool/neg_rvlcdip_other_00820.jpg,rvlcdip_other,email,0,0.9082,data/raw/pool/neg_rvlcdip_other_00820.jpg
data/raw/pool/neg_rvlcdip_other_00821.jpg,rvlcdip_other,email,0,0.9088,data/raw/pool/neg_rvlcdip_other_00821.jpg
data/raw/pool/neg_rvlcdip_other_00822.jpg,rvlcdip_other,email,0,0.9085,data/raw/pool/neg_rvlcdip_other_00822.jpg
data/raw/pool/neg_rvlcdip_other_00823.jpg,rvlcdip_other,email,0,0.9092,data/raw/pool/neg_rvlcdip_other_00823.jpg
data/raw/pool/neg_rvlcdip_other_00824.jpg,rvlcdip_other,email,0,0.9098,data/raw/pool/neg_rvlcdip_other_00824.jpg
data/raw/pool/neg_rvlcdip_other_00825.jpg,rvlcdip_other,email,0,0.8952,data/raw/pool/neg_rvlcdip_other_00825.jpg
data/raw/pool/neg_rvlcdip_other_00826.jpg,rvlcdip_other,email,0,0.9093,data/raw/pool/neg_rvlcdip_other_00826.jpg
data/raw/pool/neg_rvlcdip_other_00827.jpg,rvlcdip_other,email,0,0.9087,data/raw/pool/neg_rvlcdip_other_00827.jpg
data/raw/pool/neg_rvlcdip_other_00828.jpg,rvlcdip_other,email,0,0.9084,data/raw/pool/neg_rvlcdip_other_00828.jpg
data/raw/pool/neg_rvlcdip_other_00829.jpg,rvlcdip_other,email,0,0.9068,data/raw/pool/neg_rvlcdip_other_00829.jpg
data/raw/pool/neg_rvlcdip_other_00830.jpg,rvlcdip_other,email,0,0.9109,data/raw/pool/neg_rvlcdip_other_00830.jpg
data/raw/pool/neg_rvlcdip_other_00831.jpg,rvlcdip_other,email,0,0.9095,data/raw/pool/neg_rvlcdip_other_00831.jpg
data/raw/pool/neg_rvlcdip_other_00832.jpg,rvlcdip_other,email,0,0.9082,data/raw/pool/neg_rvlcdip_other_00832.jpg
data/raw/pool/neg_rvlcdip_other_00833.jpg,rvlcdip_other,email,0,0.8981,data/raw/pool/neg_rvlcdip_other_00833.jpg
data/raw/pool/neg_rvlcdip_other_00834.jpg,rvlcdip_other,email,0,0.9085,data/raw/pool/neg_rvlcdip_other_00834.jpg
data/raw/pool/neg_rvlcdip_other_00835.jpg,rvlcdip_other,email,0,0.9085,data/raw/pool/neg_rvlcdip_other_00835.jpg
data/raw/pool/neg_rvlcdip_other_00836.jpg,rvlcdip_other,email,0,0.9095,data/raw/pool/neg_rvlcdip_other_00836.jpg
data/raw/pool/neg_rvlcdip_other_00837.jpg,rvlcdip_other,email,0,0.9014,data/raw/pool/neg_rvlcdip_other_00837.jpg
data/raw/pool/neg_rvlcdip_other_00838.jpg,rvlcdip_other,email,0,0.8969,data/raw/pool/neg_rvlcdip_other_00838.jpg
data/raw/pool/neg_rvlcdip_other_00839.jpg,rvlcdip_other,email,0,0.8976,data/raw/pool/neg_rvlcdip_other_00839.jpg
data/raw/pool/neg_rvlcdip_other_00840.jpg,rvlcdip_other,email,0,0.9084,data/raw/pool/neg_rvlcdip_other_00840.jpg
data/raw/pool/neg_rvlcdip_other_00841.jpg,rvlcdip_other,email,0,0.9064,data/raw/pool/neg_rvlcdip_other_00841.jpg
data/raw/pool/neg_rvlcdip_other_00842.jpg,rvlcdip_other,email,0,0.9091,data/raw/pool/neg_rvlcdip_other_00842.jpg
data/raw/pool/neg_rvlcdip_other_00843.jpg,rvlcdip_other,email,0,0.9078,data/raw/pool/neg_rvlcdip_other_00843.jpg
data/raw/pool/neg_rvlcdip_other_00844.jpg,rvlcdip_other,email,0,0.9088,data/raw/pool/neg_rvlcdip_other_00844.jpg
data/raw/pool/neg_rvlcdip_other_00845.jpg,rvlcdip_other,email,0,0.8767,data/raw/pool/neg_rvlcdip_other_00845.jpg
data/raw/pool/neg_rvlcdip_other_00846.jpg,rvlcdip_other,email,0,0.8941,data/raw/pool/neg_rvlcdip_other_00846.jpg
data/raw/pool/neg_rvlcdip_other_00847.jpg,rvlcdip_other,specification,0,0.8619,data/raw/pool/neg_rvlcdip_other_00847.jpg
data/raw/pool/neg_rvlcdip_other_00848.jpg,rvlcdip_other,email,0,0.9076,data/raw/pool/neg_rvlcdip_other_00848.jpg
data/raw/pool/neg_rvlcdip_other_00849.jpg,rvlcdip_other,email,0,0.9082,data/raw/pool/neg_rvlcdip_other_00849.jpg
data/raw/pool/neg_rvlcdip_other_00850.jpg,rvlcdip_other,email,0,0.9087,data/raw/pool/neg_rvlcdip_other_00850.jpg
data/raw/pool/neg_rvlcdip_other_00851.jpg,rvlcdip_other,email,0,0.9096,data/raw/pool/neg_rvlcdip_other_00851.jpg
data/raw/pool/neg_rvlcdip_other_00852.jpg,rvlcdip_other,email,0,0.9086,data/raw/pool/neg_rvlcdip_other_00852.jpg
data/raw/pool/neg_rvlcdip_other_00853.jpg,rvlcdip_other,email,0,0.9007,data/raw/pool/neg_rvlcdip_other_00853.jpg
data/raw/pool/neg_rvlcdip_other_00854.jpg,rvlcdip_other,email,0,0.9094,data/raw/pool/neg_rvlcdip_other_00854.jpg
data/raw/pool/neg_rvlcdip_other_00855.jpg,rvlcdip_other,email,0,0.8931,data/raw/pool/neg_rvlcdip_other_00855.jpg
data/raw/pool/neg_rvlcdip_other_00856.jpg,rvlcdip_other,email,0,0.9087,data/raw/pool/neg_rvlcdip_other_00856.jpg
data/raw/pool/neg_rvlcdip_other_00857.jpg,rvlcdip_other,email,0,0.9082,data/raw/pool/neg_rvlcdip_other_00857.jpg
data/raw/pool/neg_rvlcdip_other_00858.jpg,rvlcdip_other,email,0,0.9075,data/raw/pool/neg_rvlcdip_other_00858.jpg
data/raw/pool/neg_rvlcdip_other_00859.jpg,rvlcdip_other,email,0,0.9106,data/raw/pool/neg_rvlcdip_other_00859.jpg
data/raw/pool/neg_rvlcdip_other_00860.jpg,rvlcdip_other,email,0,0.9122,data/raw/pool/neg_rvlcdip_other_00860.jpg
data/raw/pool/neg_rvlcdip_other_00861.jpg,rvlcdip_other,email,0,0.5258,data/raw/pool/neg_rvlcdip_other_00861.jpg
data/raw/pool/neg_rvlcdip_other_00862.jpg,rvlcdip_other,email,0,0.9077,data/raw/pool/neg_rvlcdip_other_00862.jpg
data/raw/pool/neg_rvlcdip_other_00863.jpg,rvlcdip_other,email,0,0.9099,data/raw/pool/neg_rvlcdip_other_00863.jpg
data/raw/pool/neg_rvlcdip_other_00864.jpg,rvlcdip_other,email,0,0.9088,data/raw/pool/neg_rvlcdip_other_00864.jpg
data/raw/pool/neg_rvlcdip_other_00865.jpg,rvlcdip_other,email,0,0.8941,data/raw/pool/neg_rvlcdip_other_00865.jpg
data/raw/pool/neg_rvlcdip_other_00866.jpg,rvlcdip_other,email,0,0.9098,data/raw/pool/neg_rvlcdip_other_00866.jpg
data/raw/pool/neg_rvlcdip_other_00867.jpg,rvlcdip_other,email,0,0.8941,data/raw/pool/neg_rvlcdip_other_00867.jpg
data/raw/pool/neg_rvlcdip_other_00868.jpg,rvlcdip_other,email,0,0.8968,data/raw/pool/neg_rvlcdip_other_00868.jpg
data/raw/pool/neg_rvlcdip_other_00869.jpg,rvlcdip_other,email,0,0.9076,data/raw/pool/neg_rvlcdip_other_00869.jpg
data/raw/pool/neg_rvlcdip_other_00870.jpg,rvlcdip_other,email,0,0.9087,data/raw/pool/neg_rvlcdip_other_00870.jpg
data/raw/pool/neg_rvlcdip_other_00871.jpg,rvlcdip_other,email,0,0.9099,data/raw/pool/neg_rvlcdip_other_00871.jpg
data/raw/pool/neg_rvlcdip_other_00872.jpg,rvlcdip_other,email,0,0.9102,data/raw/pool/neg_rvlcdip_other_00872.jpg
data/raw/pool/neg_rvlcdip_other_00873.jpg,rvlcdip_other,email,0,0.9078,data/raw/pool/neg_rvlcdip_other_00873.jpg
data/raw/pool/neg_rvlcdip_other_00874.jpg,rvlcdip_other,email,0,0.9055,data/raw/pool/neg_rvlcdip_other_00874.jpg
data/raw/pool/neg_rvlcdip_other_00875.jpg,rvlcdip_other,email,0,0.9054,data/raw/pool/neg_rvlcdip_other_00875.jpg
data/raw/pool/neg_rvlcdip_other_00876.jpg,rvlcdip_other,email,0,0.8986,data/raw/pool/neg_rvlcdip_other_00876.jpg
data/raw/pool/neg_rvlcdip_other_00877.jpg,rvlcdip_other,email,0,0.9089,data/raw/pool/neg_rvlcdip_other_00877.jpg
data/raw/pool/neg_rvlcdip_other_00878.jpg,rvlcdip_other,email,0,0.9053,data/raw/pool/neg_rvlcdip_other_00878.jpg
data/raw/pool/neg_rvlcdip_other_00879.jpg,rvlcdip_other,email,0,0.8990,data/raw/pool/neg_rvlcdip_other_00879.jpg
data/raw/pool/neg_rvlcdip_other_00880.jpg,rvlcdip_other,email,0,0.9025,data/raw/pool/neg_rvlcdip_other_00880.jpg
data/raw/pool/neg_rvlcdip_other_00881.jpg,rvlcdip_other,email,0,0.8912,data/raw/pool/neg_rvlcdip_other_00881.jpg
data/raw/pool/neg_rvlcdip_other_00882.jpg,rvlcdip_other,email,0,0.9075,data/raw/pool/neg_rvlcdip_other_00882.jpg
data/raw/pool/neg_rvlcdip_other_00883.jpg,rvlcdip_other,email,0,0.9070,data/raw/pool/neg_rvlcdip_other_00883.jpg
data/raw/pool/neg_rvlcdip_other_00884.jpg,rvlcdip_other,email,0,0.9070,data/raw/pool/neg_rvlcdip_other_00884.jpg
data/raw/pool/neg_rvlcdip_other_00885.jpg,rvlcdip_other,email,0,0.9110,data/raw/pool/neg_rvlcdip_other_00885.jpg
data/raw/pool/neg_rvlcdip_other_00886.jpg,rvlcdip_other,email,0,0.9091,data/raw/pool/neg_rvlcdip_other_00886.jpg
data/raw/pool/neg_rvlcdip_other_00887.jpg,rvlcdip_other,email,0,0.9082,data/raw/pool/neg_rvlcdip_other_00887.jpg
data/raw/pool/neg_rvlcdip_other_00888.jpg,rvlcdip_other,email,0,0.9074,data/raw/pool/neg_rvlcdip_other_00888.jpg
data/raw/pool/neg_rvlcdip_other_00889.jpg,rvlcdip_other,email,0,0.9076,data/raw/pool/neg_rvlcdip_other_00889.jpg
data/raw/pool/neg_rvlcdip_other_00890.jpg,rvlcdip_other,email,0,0.9093,data/raw/pool/neg_rvlcdip_other_00890.jpg
data/raw/pool/neg_rvlcdip_other_00891.jpg,rvlcdip_other,email,0,0.9110,data/raw/pool/neg_rvlcdip_other_00891.jpg
data/raw/pool/neg_rvlcdip_other_00892.jpg,rvlcdip_other,email,0,0.9026,data/raw/pool/neg_rvlcdip_other_00892.jpg
data/raw/pool/neg_rvlcdip_other_00893.jpg,rvlcdip_other,email,0,0.8982,data/raw/pool/neg_rvlcdip_other_00893.jpg
data/raw/pool/neg_rvlcdip_other_00894.jpg,rvlcdip_other,email,0,0.9085,data/raw/pool/neg_rvlcdip_other_00894.jpg
data/raw/pool/neg_rvlcdip_other_00895.jpg,rvlcdip_other,email,0,0.9091,data/raw/pool/neg_rvlcdip_other_00895.jpg
data/raw/pool/neg_rvlcdip_other_00896.jpg,rvlcdip_other,email,0,0.8977,data/raw/pool/neg_rvlcdip_other_00896.jpg
data/raw/pool/neg_rvlcdip_other_00897.jpg,rvlcdip_other,email,0,0.9070,data/raw/pool/neg_rvlcdip_other_00897.jpg
data/raw/pool/neg_rvlcdip_other_00898.jpg,rvlcdip_other,email,0,0.9076,data/raw/pool/neg_rvlcdip_other_00898.jpg
data/raw/pool/neg_rvlcdip_other_00899.jpg,rvlcdip_other,email,0,0.9111,data/raw/pool/neg_rvlcdip_other_00899.jpg
data/raw/pool/neg_rvlcdip_other_00900.jpg,rvlcdip_other,email,0,0.9086,data/raw/pool/neg_rvlcdip_other_00900.jpg
data/raw/pool/neg_rvlcdip_other_00901.jpg,rvlcdip_other,email,0,0.9101,data/raw/pool/neg_rvlcdip_other_00901.jpg
data/raw/pool/neg_rvlcdip_other_00902.jpg,rvlcdip_other,email,0,0.9085,data/raw/pool/neg_rvlcdip_other_00902.jpg
data/raw/pool/neg_rvlcdip_other_00903.jpg,rvlcdip_other,email,0,0.9033,data/raw/pool/neg_rvlcdip_other_00903.jpg
data/raw/pool/neg_rvlcdip_other_00904.jpg,rvlcdip_other,email,0,0.9087,data/raw/pool/neg_rvlcdip_other_00904.jpg
data/raw/pool/neg_rvlcdip_other_00905.jpg,rvlcdip_other,email,0,0.9098,data/raw/pool/neg_rvlcdip_other_00905.jpg
data/raw/pool/neg_rvlcdip_other_00906.jpg,rvlcdip_other,email,0,0.9075,data/raw/pool/neg_rvlcdip_other_00906.jpg
data/raw/pool/neg_rvlcdip_other_00907.jpg,rvlcdip_other,email,0,0.8989,data/raw/pool/neg_rvlcdip_other_00907.jpg
data/raw/pool/neg_rvlcdip_other_00908.jpg,rvlcdip_other,email,0,0.9068,data/raw/pool/neg_rvlcdip_other_00908.jpg
data/raw/pool/neg_rvlcdip_other_00909.jpg,rvlcdip_other,email,0,0.9076,data/raw/pool/neg_rvlcdip_other_00909.jpg
data/raw/pool/neg_rvlcdip_other_00910.jpg,rvlcdip_other,email,0,0.9089,data/raw/pool/neg_rvlcdip_other_00910.jpg
data/raw/pool/neg_rvlcdip_other_00911.jpg,rvlcdip_other,email,0,0.9095,data/raw/pool/neg_rvlcdip_other_00911.jpg
data/raw/pool/neg_rvlcdip_other_00912.jpg,rvlcdip_other,email,0,0.9084,data/raw/pool/neg_rvlcdip_other_00912.jpg
data/raw/pool/neg_rvlcdip_other_00913.jpg,rvlcdip_other,email,0,0.9008,data/raw/pool/neg_rvlcdip_other_00913.jpg
data/raw/pool/neg_rvlcdip_other_00914.jpg,rvlcdip_other,email,0,0.9085,data/raw/pool/neg_rvlcdip_other_00914.jpg
data/raw/pool/neg_rvlcdip_other_00915.jpg,rvlcdip_other,email,0,0.9094,data/raw/pool/neg_rvlcdip_other_00915.jpg
data/raw/pool/neg_rvlcdip_other_00916.jpg,rvlcdip_other,email,0,0.9073,data/raw/pool/neg_rvlcdip_other_00916.jpg
data/raw/pool/neg_rvlcdip_other_00917.jpg,rvlcdip_other,email,0,0.9117,data/raw/pool/neg_rvlcdip_other_00917.jpg
data/raw/pool/neg_rvlcdip_other_00918.jpg,rvlcdip_other,email,0,0.9089,data/raw/pool/neg_rvlcdip_other_00918.jpg
data/raw/pool/neg_rvlcdip_other_00919.jpg,rvlcdip_other,email,0,0.8996,data/raw/pool/neg_rvlcdip_other_00919.jpg
data/raw/pool/neg_rvlcdip_other_00920.jpg,rvlcdip_other,email,0,0.9076,data/raw/pool/neg_rvlcdip_other_00920.jpg
data/raw/pool/neg_rvlcdip_other_00921.jpg,rvlcdip_other,email,0,0.9113,data/raw/pool/neg_rvlcdip_other_00921.jpg
data/raw/pool/neg_rvlcdip_other_00922.jpg,rvlcdip_other,email,0,0.9006,data/raw/pool/neg_rvlcdip_other_00922.jpg
data/raw/pool/neg_rvlcdip_other_00923.jpg,rvlcdip_other,email,0,0.8986,data/raw/pool/neg_rvlcdip_other_00923.jpg
data/raw/pool/neg_rvlcdip_other_00924.jpg,rvlcdip_other,email,0,0.9076,data/raw/pool/neg_rvlcdip_other_00924.jpg
data/raw/pool/neg_rvlcdip_other_00925.jpg,rvlcdip_other,email,0,0.9078,data/raw/pool/neg_rvlcdip_other_00925.jpg
data/raw/pool/neg_rvlcdip_other_00926.jpg,rvlcdip_other,email,0,0.9079,data/raw/pool/neg_rvlcdip_other_00926.jpg
data/raw/pool/neg_rvlcdip_other_00927.jpg,rvlcdip_other,email,0,0.9070,data/raw/pool/neg_rvlcdip_other_00927.jpg
data/raw/pool/neg_rvlcdip_other_00928.jpg,rvlcdip_other,email,0,0.9038,data/raw/pool/neg_rvlcdip_other_00928.jpg
data/raw/pool/neg_rvlcdip_other_00929.jpg,rvlcdip_other,email,0,0.9086,data/raw/pool/neg_rvlcdip_other_00929.jpg
data/raw/pool/neg_rvlcdip_other_00930.jpg,rvlcdip_other,email,0,0.8769,data/raw/pool/neg_rvlcdip_other_00930.jpg
data/raw/pool/neg_rvlcdip_other_00931.jpg,rvlcdip_other,email,0,0.9102,data/raw/pool/neg_rvlcdip_other_00931.jpg
data/raw/pool/neg_rvlcdip_other_00932.jpg,rvlcdip_other,email,0,0.8981,data/raw/pool/neg_rvlcdip_other_00932.jpg
data/raw/pool/neg_rvlcdip_other_00933.jpg,rvlcdip_other,email,0,0.9074,data/raw/pool/neg_rvlcdip_other_00933.jpg
data/raw/pool/neg_rvlcdip_other_00934.jpg,rvlcdip_other,email,0,0.9113,data/raw/pool/neg_rvlcdip_other_00934.jpg
data/raw/pool/neg_rvlcdip_other_00935.jpg,rvlcdip_other,email,0,0.9089,data/raw/pool/neg_rvlcdip_other_00935.jpg
data/raw/pool/neg_rvlcdip_other_00936.jpg,rvlcdip_other,email,0,0.9095,data/raw/pool/neg_rvlcdip_other_00936.jpg
data/raw/pool/neg_rvlcdip_other_00937.jpg,rvlcdip_other,email,0,0.9106,data/raw/pool/neg_rvlcdip_other_00937.jpg
data/raw/pool/neg_rvlcdip_other_00938.jpg,rvlcdip_other,email,0,0.9096,data/raw/pool/neg_rvlcdip_other_00938.jpg
data/raw/pool/neg_rvlcdip_other_00939.jpg,rvlcdip_other,email,0,0.9058,data/raw/pool/neg_rvlcdip_other_00939.jpg
data/raw/pool/neg_rvlcdip_other_00940.jpg,rvlcdip_other,email,0,0.8973,data/raw/pool/neg_rvlcdip_other_00940.jpg
data/raw/pool/neg_rvlcdip_other_00941.jpg,rvlcdip_other,email,0,0.9090,data/raw/pool/neg_rvlcdip_other_00941.jpg
data/raw/pool/neg_rvlcdip_other_00942.jpg,rvlcdip_other,email,0,0.9096,data/raw/pool/neg_rvlcdip_other_00942.jpg
data/raw/pool/neg_rvlcdip_other_00943.jpg,rvlcdip_other,email,0,0.9080,data/raw/pool/neg_rvlcdip_other_00943.jpg
data/raw/pool/neg_rvlcdip_other_00944.jpg,rvlcdip_other,email,0,0.9088,data/raw/pool/neg_rvlcdip_other_00944.jpg
data/raw/pool/neg_rvlcdip_other_00945.jpg,rvlcdip_other,email,0,0.9087,data/raw/pool/neg_rvlcdip_other_00945.jpg
data/raw/pool/neg_rvlcdip_other_00946.jpg,rvlcdip_other,email,0,0.9083,data/raw/pool/neg_rvlcdip_other_00946.jpg
data/raw/pool/neg_rvlcdip_other_00947.jpg,rvlcdip_other,email,0,0.9080,data/raw/pool/neg_rvlcdip_other_00947.jpg
data/raw/pool/neg_rvlcdip_other_00948.jpg,rvlcdip_other,email,0,0.9088,data/raw/pool/neg_rvlcdip_other_00948.jpg
data/raw/pool/neg_rvlcdip_other_00949.jpg,rvlcdip_other,email,0,0.9076,data/raw/pool/neg_rvlcdip_other_00949.jpg
data/raw/pool/neg_rvlcdip_other_00950.jpg,rvlcdip_other,email,0,0.9049,data/raw/pool/neg_rvlcdip_other_00950.jpg
data/raw/pool/neg_rvlcdip_other_00951.jpg,rvlcdip_other,email,0,0.9057,data/raw/pool/neg_rvlcdip_other_00951.jpg
data/raw/pool/neg_rvlcdip_other_00952.jpg,rvlcdip_other,email,0,0.9096,data/raw/pool/neg_rvlcdip_other_00952.jpg
data/raw/pool/neg_rvlcdip_other_00953.jpg,rvlcdip_other,email,0,0.9085,data/raw/pool/neg_rvlcdip_other_00953.jpg
data/raw/pool/neg_rvlcdip_other_00954.jpg,rvlcdip_other,email,0,0.8979,data/raw/pool/neg_rvlcdip_other_00954.jpg
data/raw/pool/neg_rvlcdip_other_00955.jpg,rvlcdip_other,letter,0,0.4931,data/raw/pool/neg_rvlcdip_other_00955.jpg
data/raw/pool/neg_rvlcdip_other_00956.jpg,rvlcdip_other,email,0,0.9106,data/raw/pool/neg_rvlcdip_other_00956.jpg
data/raw/pool/neg_rvlcdip_other_00957.jpg,rvlcdip_other,email,0,0.9078,data/raw/pool/neg_rvlcdip_other_00957.jpg
data/raw/pool/neg_rvlcdip_other_00958.jpg,rvlcdip_other,email,0,0.9075,data/raw/pool/neg_rvlcdip_other_00958.jpg
data/raw/pool/neg_rvlcdip_other_00959.jpg,rvlcdip_other,email,0,0.9096,data/raw/pool/neg_rvlcdip_other_00959.jpg
data/raw/pool/neg_rvlcdip_other_00960.jpg,rvlcdip_other,email,0,0.9036,data/raw/pool/neg_rvlcdip_other_00960.jpg
data/raw/pool/neg_rvlcdip_other_00961.jpg,rvlcdip_other,email,0,0.9072,data/raw/pool/neg_rvlcdip_other_00961.jpg
data/raw/pool/neg_rvlcdip_other_00962.jpg,rvlcdip_other,email,0,0.8812,data/raw/pool/neg_rvlcdip_other_00962.jpg
data/raw/pool/neg_rvlcdip_other_00963.jpg,rvlcdip_other,email,0,0.9083,data/raw/pool/neg_rvlcdip_other_00963.jpg
data/raw/pool/neg_rvlcdip_other_00964.jpg,rvlcdip_other,email,0,0.9097,data/raw/pool/neg_rvlcdip_other_00964.jpg
data/raw/pool/neg_rvlcdip_other_00965.jpg,rvlcdip_other,email,0,0.9068,data/raw/pool/neg_rvlcdip_other_00965.jpg
data/raw/pool/neg_rvlcdip_other_00966.jpg,rvlcdip_other,email,0,0.9074,data/raw/pool/neg_rvlcdip_other_00966.jpg
data/raw/pool/neg_rvlcdip_other_00967.jpg,rvlcdip_other,email,0,0.9036,data/raw/pool/neg_rvlcdip_other_00967.jpg
data/raw/pool/neg_rvlcdip_other_00968.jpg,rvlcdip_other,email,0,0.9104,data/raw/pool/neg_rvlcdip_other_00968.jpg
data/raw/pool/neg_rvlcdip_other_00969.jpg,rvlcdip_other,email,0,0.9074,data/raw/pool/neg_rvlcdip_other_00969.jpg
data/raw/pool/neg_rvlcdip_other_00970.jpg,rvlcdip_other,email,0,0.8939,data/raw/pool/neg_rvlcdip_other_00970.jpg
data/raw/pool/neg_rvlcdip_other_00971.jpg,rvlcdip_other,email,0,0.9111,data/raw/pool/neg_rvlcdip_other_00971.jpg
data/raw/pool/neg_rvlcdip_other_00972.jpg,rvlcdip_other,email,0,0.9073,data/raw/pool/neg_rvlcdip_other_00972.jpg
data/raw/pool/neg_rvlcdip_other_00973.jpg,rvlcdip_other,email,0,0.9091,data/raw/pool/neg_rvlcdip_other_00973.jpg
data/raw/pool/neg_rvlcdip_other_00974.jpg,rvlcdip_other,email,0,0.9067,data/raw/pool/neg_rvlcdip_other_00974.jpg
data/raw/pool/neg_rvlcdip_other_00975.jpg,rvlcdip_other,email,0,0.9095,data/raw/pool/neg_rvlcdip_other_00975.jpg
data/raw/pool/neg_rvlcdip_other_00976.jpg,rvlcdip_other,email,0,0.9091,data/raw/pool/neg_rvlcdip_other_00976.jpg
data/raw/pool/neg_rvlcdip_other_00977.jpg,rvlcdip_other,email,0,0.9039,data/raw/pool/neg_rvlcdip_other_00977.jpg
data/raw/pool/neg_rvlcdip_other_00978.jpg,rvlcdip_other,letter,0,0.6483,data/raw/pool/neg_rvlcdip_other_00978.jpg
data/raw/pool/neg_rvlcdip_other_00979.jpg,rvlcdip_other,email,0,0.9093,data/raw/pool/neg_rvlcdip_other_00979.jpg
data/raw/pool/neg_rvlcdip_other_00980.jpg,rvlcdip_other,email,0,0.8996,data/raw/pool/neg_rvlcdip_other_00980.jpg
data/raw/pool/neg_rvlcdip_other_00981.jpg,rvlcdip_other,email,0,0.9094,data/raw/pool/neg_rvlcdip_other_00981.jpg
data/raw/pool/neg_rvlcdip_other_00982.jpg,rvlcdip_other,email,0,0.8933,data/raw/pool/neg_rvlcdip_other_00982.jpg
data/raw/pool/neg_rvlcdip_other_00983.jpg,rvlcdip_other,email,0,0.9065,data/raw/pool/neg_rvlcdip_other_00983.jpg
data/raw/pool/neg_rvlcdip_other_00984.jpg,rvlcdip_other,email,0,0.9082,data/raw/pool/neg_rvlcdip_other_00984.jpg
data/raw/pool/neg_rvlcdip_other_00985.jpg,rvlcdip_other,email,0,0.9088,data/raw/pool/neg_rvlcdip_other_00985.jpg
data/raw/pool/neg_rvlcdip_other_00986.jpg,rvlcdip_other,email,0,0.9038,data/raw/pool/neg_rvlcdip_other_00986.jpg
data/raw/pool/neg_rvlcdip_other_00987.jpg,rvlcdip_other,email,0,0.9090,data/raw/pool/neg_rvlcdip_other_00987.jpg
data/raw/pool/neg_rvlcdip_other_00988.jpg,rvlcdip_other,email,0,0.8912,data/raw/pool/neg_rvlcdip_other_00988.jpg
data/raw/pool/neg_rvlcdip_other_00989.jpg,rvlcdip_other,email,0,0.9075,data/raw/pool/neg_rvlcdip_other_00989.jpg
data/raw/pool/neg_rvlcdip_other_00990.jpg,rvlcdip_other,form,0,0.8486,data/raw/pool/neg_rvlcdip_other_00990.jpg
data/raw/pool/neg_rvlcdip_other_00991.jpg,rvlcdip_other,email,0,0.9100,data/raw/pool/neg_rvlcdip_other_00991.jpg
data/raw/pool/neg_rvlcdip_other_00992.jpg,rvlcdip_other,email,0,0.9096,data/raw/pool/neg_rvlcdip_other_00992.jpg
data/raw/pool/neg_rvlcdip_other_00993.jpg,rvlcdip_other,email,0,0.9103,data/raw/pool/neg_rvlcdip_other_00993.jpg
data/raw/pool/neg_rvlcdip_other_00994.jpg,rvlcdip_other,email,0,0.9080,data/raw/pool/neg_rvlcdip_other_00994.jpg
data/raw/pool/neg_rvlcdip_other_00995.jpg,rvlcdip_other,email,0,0.5732,data/raw/pool/neg_rvlcdip_other_00995.jpg
data/raw/pool/neg_rvlcdip_other_00996.jpg,rvlcdip_other,email,0,0.9081,data/raw/pool/neg_rvlcdip_other_00996.jpg
data/raw/pool/neg_rvlcdip_other_00997.jpg,rvlcdip_other,email,0,0.8985,data/raw/pool/neg_rvlcdip_other_00997.jpg
data/raw/pool/neg_rvlcdip_other_00998.jpg,rvlcdip_other,email,0,0.9090,data/raw/pool/neg_rvlcdip_other_00998.jpg
data/raw/pool/neg_rvlcdip_other_00999.jpg,rvlcdip_other,email,0,0.8994,data/raw/pool/neg_rvlcdip_other_00999.jpg
data/raw/pool/neg_rvlcdip_other_01000.jpg,rvlcdip_other,email,0,0.9118,data/raw/pool/neg_rvlcdip_other_01000.jpg
data/raw/pool/neg_rvlcdip_other_01001.jpg,rvlcdip_other,email,0,0.8959,data/raw/pool/neg_rvlcdip_other_01001.jpg
data/raw/pool/neg_rvlcdip_other_01002.jpg,rvlcdip_other,email,0,0.9090,data/raw/pool/neg_rvlcdip_other_01002.jpg
data/raw/pool/neg_rvlcdip_other_01003.jpg,rvlcdip_other,email,0,0.9096,data/raw/pool/neg_rvlcdip_other_01003.jpg
data/raw/pool/neg_rvlcdip_other_01004.jpg,rvlcdip_other,email,0,0.9095,data/raw/pool/neg_rvlcdip_other_01004.jpg
data/raw/pool/neg_rvlcdip_other_01005.jpg,rvlcdip_other,email,0,0.9075,data/raw/pool/neg_rvlcdip_other_01005.jpg
data/raw/pool/neg_rvlcdip_other_01006.jpg,rvlcdip_other,email,0,0.8901,data/raw/pool/neg_rvlcdip_other_01006.jpg
data/raw/pool/neg_rvlcdip_other_01007.jpg,rvlcdip_other,email,0,0.9109,data/raw/pool/neg_rvlcdip_other_01007.jpg
data/raw/pool/neg_rvlcdip_other_01008.jpg,rvlcdip_other,email,0,0.9077,data/raw/pool/neg_rvlcdip_other_01008.jpg
data/raw/pool/neg_rvlcdip_other_01009.jpg,rvlcdip_other,email,0,0.9074,data/raw/pool/neg_rvlcdip_other_01009.jpg
data/raw/pool/neg_rvlcdip_other_01010.jpg,rvlcdip_other,email,0,0.9084,data/raw/pool/neg_rvlcdip_other_01010.jpg
data/raw/pool/neg_rvlcdip_other_01011.jpg,rvlcdip_other,email,0,0.9078,data/raw/pool/neg_rvlcdip_other_01011.jpg
data/raw/pool/neg_rvlcdip_other_01012.jpg,rvlcdip_other,email,0,0.9119,data/raw/pool/neg_rvlcdip_other_01012.jpg
data/raw/pool/neg_rvlcdip_other_01013.jpg,rvlcdip_other,email,0,0.9086,data/raw/pool/neg_rvlcdip_other_01013.jpg
data/raw/pool/neg_rvlcdip_other_01014.jpg,rvlcdip_other,email,0,0.9029,data/raw/pool/neg_rvlcdip_other_01014.jpg
data/raw/pool/neg_rvlcdip_other_01015.jpg,rvlcdip_other,email,0,0.9085,data/raw/pool/neg_rvlcdip_other_01015.jpg
data/raw/pool/neg_rvlcdip_other_01016.jpg,rvlcdip_other,email,0,0.9106,data/raw/pool/neg_rvlcdip_other_01016.jpg
data/raw/pool/neg_rvlcdip_other_01017.jpg,rvlcdip_other,email,0,0.9093,data/raw/pool/neg_rvlcdip_other_01017.jpg
data/raw/pool/neg_rvlcdip_other_01018.jpg,rvlcdip_other,email,0,0.9113,data/raw/pool/neg_rvlcdip_other_01018.jpg
data/raw/pool/neg_rvlcdip_other_01019.jpg,rvlcdip_other,email,0,0.9095,data/raw/pool/neg_rvlcdip_other_01019.jpg
data/raw/pool/neg_rvlcdip_other_01020.jpg,rvlcdip_other,email,0,0.8947,data/raw/pool/neg_rvlcdip_other_01020.jpg
data/raw/pool/neg_rvlcdip_other_01021.jpg,rvlcdip_other,email,0,0.9094,data/raw/pool/neg_rvlcdip_other_01021.jpg
data/raw/pool/neg_rvlcdip_other_01022.jpg,rvlcdip_other,email,0,0.9087,data/raw/pool/neg_rvlcdip_other_01022.jpg
data/raw/pool/neg_rvlcdip_other_01023.jpg,rvlcdip_other,email,0,0.9064,data/raw/pool/neg_rvlcdip_other_01023.jpg
data/raw/pool/neg_rvlcdip_other_01024.jpg,rvlcdip_other,email,0,0.9089,data/raw/pool/neg_rvlcdip_other_01024.jpg
data/raw/pool/neg_rvlcdip_other_01025.jpg,rvlcdip_other,email,0,0.9083,data/raw/pool/neg_rvlcdip_other_01025.jpg
data/raw/pool/neg_rvlcdip_other_01026.jpg,rvlcdip_other,email,0,0.9080,data/raw/pool/neg_rvlcdip_other_01026.jpg
data/raw/pool/neg_rvlcdip_other_01027.jpg,rvlcdip_other,email,0,0.9081,data/raw/pool/neg_rvlcdip_other_01027.jpg
data/raw/pool/neg_rvlcdip_other_01028.jpg,rvlcdip_other,email,0,0.9092,data/raw/pool/neg_rvlcdip_other_01028.jpg
data/raw/pool/neg_rvlcdip_other_01029.jpg,rvlcdip_other,email,0,0.9078,data/raw/pool/neg_rvlcdip_other_01029.jpg
data/raw/pool/neg_rvlcdip_other_01030.jpg,rvlcdip_other,email,0,0.9085,data/raw/pool/neg_rvlcdip_other_01030.jpg
data/raw/pool/neg_rvlcdip_other_01031.jpg,rvlcdip_other,email,0,0.9092,data/raw/pool/neg_rvlcdip_other_01031.jpg
data/raw/pool/neg_rvlcdip_other_01032.jpg,rvlcdip_other,email,0,0.9082,data/raw/pool/neg_rvlcdip_other_01032.jpg
data/raw/pool/neg_rvlcdip_other_01033.jpg,rvlcdip_other,email,0,0.9065,data/raw/pool/neg_rvlcdip_other_01033.jpg
data/raw/pool/neg_rvlcdip_other_01034.jpg,rvlcdip_other,letter,0,0.4858,data/raw/pool/neg_rvlcdip_other_01034.jpg
data/raw/pool/neg_rvlcdip_other_01035.jpg,rvlcdip_other,email,0,0.9061,data/raw/pool/neg_rvlcdip_other_01035.jpg
data/raw/pool/neg_rvlcdip_other_01036.jpg,rvlcdip_other,email,0,0.9073,data/raw/pool/neg_rvlcdip_other_01036.jpg
data/raw/pool/neg_rvlcdip_other_01037.jpg,rvlcdip_other,email,0,0.7121,data/raw/pool/neg_rvlcdip_other_01037.jpg
data/raw/pool/neg_rvlcdip_other_01038.jpg,rvlcdip_other,email,0,0.9093,data/raw/pool/neg_rvlcdip_other_01038.jpg
data/raw/pool/neg_rvlcdip_other_01039.jpg,rvlcdip_other,email,0,0.8975,data/raw/pool/neg_rvlcdip_other_01039.jpg
data/raw/pool/neg_rvlcdip_other_01040.jpg,rvlcdip_other,email,0,0.9100,data/raw/pool/neg_rvlcdip_other_01040.jpg
data/raw/pool/neg_rvlcdip_other_01041.jpg,rvlcdip_other,email,0,0.9080,data/raw/pool/neg_rvlcdip_other_01041.jpg
data/raw/pool/neg_rvlcdip_other_01042.jpg,rvlcdip_other,email,0,0.9084,data/raw/pool/neg_rvlcdip_other_01042.jpg
data/raw/pool/neg_rvlcdip_other_01043.jpg,rvlcdip_other,email,0,0.9086,data/raw/pool/neg_rvlcdip_other_01043.jpg
data/raw/pool/neg_rvlcdip_other_01044.jpg,rvlcdip_other,email,0,0.9095,data/raw/pool/neg_rvlcdip_other_01044.jpg
data/raw/pool/neg_rvlcdip_other_01045.jpg,rvlcdip_other,email,0,0.8943,data/raw/pool/neg_rvlcdip_other_01045.jpg
data/raw/pool/neg_rvlcdip_other_01046.jpg,rvlcdip_other,specification,0,0.7295,data/raw/pool/neg_rvlcdip_other_01046.jpg
data/raw/pool/neg_rvlcdip_other_01047.jpg,rvlcdip_other,email,0,0.9086,data/raw/pool/neg_rvlcdip_other_01047.jpg
data/raw/pool/neg_rvlcdip_other_01048.jpg,rvlcdip_other,email,0,0.9079,data/raw/pool/neg_rvlcdip_other_01048.jpg
data/raw/pool/neg_rvlcdip_other_01049.jpg,rvlcdip_other,email,0,0.9103,data/raw/pool/neg_rvlcdip_other_01049.jpg
data/raw/pool/neg_rvlcdip_other_01050.jpg,rvlcdip_other,email,0,0.9057,data/raw/pool/neg_rvlcdip_other_01050.jpg
data/raw/pool/neg_rvlcdip_other_01051.jpg,rvlcdip_other,email,0,0.9093,data/raw/pool/neg_rvlcdip_other_01051.jpg
data/raw/pool/neg_rvlcdip_other_01052.jpg,rvlcdip_other,email,0,0.8760,data/raw/pool/neg_rvlcdip_other_01052.jpg
data/raw/pool/neg_rvlcdip_other_01053.jpg,rvlcdip_other,email,0,0.9110,data/raw/pool/neg_rvlcdip_other_01053.jpg
data/raw/pool/neg_rvlcdip_other_01054.jpg,rvlcdip_other,email,0,0.9076,data/raw/pool/neg_rvlcdip_other_01054.jpg
data/raw/pool/neg_rvlcdip_other_01055.jpg,rvlcdip_other,email,0,0.9088,data/raw/pool/neg_rvlcdip_other_01055.jpg
data/raw/pool/neg_rvlcdip_other_01056.jpg,rvlcdip_other,email,0,0.9060,data/raw/pool/neg_rvlcdip_other_01056.jpg
data/raw/pool/neg_rvlcdip_other_01057.jpg,rvlcdip_other,email,0,0.8944,data/raw/pool/neg_rvlcdip_other_01057.jpg
data/raw/pool/neg_rvlcdip_other_01058.jpg,rvlcdip_other,email,0,0.9010,data/raw/pool/neg_rvlcdip_other_01058.jpg
data/raw/pool/neg_rvlcdip_other_01059.jpg,rvlcdip_other,email,0,0.9108,data/raw/pool/neg_rvlcdip_other_01059.jpg
data/raw/pool/neg_rvlcdip_other_01060.jpg,rvlcdip_other,email,0,0.9090,data/raw/pool/neg_rvlcdip_other_01060.jpg
data/raw/pool/neg_rvlcdip_other_01061.jpg,rvlcdip_other,email,0,0.9001,data/raw/pool/neg_rvlcdip_other_01061.jpg
data/raw/pool/neg_rvlcdip_other_01062.jpg,rvlcdip_other,email,0,0.9093,data/raw/pool/neg_rvlcdip_other_01062.jpg
data/raw/pool/neg_rvlcdip_other_01063.jpg,rvlcdip_other,email,0,0.9096,data/raw/pool/neg_rvlcdip_other_01063.jpg
data/raw/pool/neg_rvlcdip_other_01064.jpg,rvlcdip_other,email,0,0.9082,data/raw/pool/neg_rvlcdip_other_01064.jpg
data/raw/pool/neg_rvlcdip_other_01065.jpg,rvlcdip_other,email,0,0.9106,data/raw/pool/neg_rvlcdip_other_01065.jpg
data/raw/pool/neg_rvlcdip_other_01066.jpg,rvlcdip_other,email,0,0.9083,data/raw/pool/neg_rvlcdip_other_01066.jpg
data/raw/pool/neg_rvlcdip_other_01067.jpg,rvlcdip_other,email,0,0.8959,data/raw/pool/neg_rvlcdip_other_01067.jpg
data/raw/pool/neg_rvlcdip_other_01068.jpg,rvlcdip_other,email,0,0.9095,data/raw/pool/neg_rvlcdip_other_01068.jpg
data/raw/pool/neg_rvlcdip_other_01069.jpg,rvlcdip_other,email,0,0.9080,data/raw/pool/neg_rvlcdip_other_01069.jpg
data/raw/pool/neg_rvlcdip_other_01070.jpg,rvlcdip_other,email,0,0.9033,data/raw/pool/neg_rvlcdip_other_01070.jpg
data/raw/pool/neg_rvlcdip_other_01071.jpg,rvlcdip_other,email,0,0.8941,data/raw/pool/neg_rvlcdip_other_01071.jpg
data/raw/pool/neg_rvlcdip_other_01072.jpg,rvlcdip_other,email,0,0.9049,data/raw/pool/neg_rvlcdip_other_01072.jpg
data/raw/pool/neg_rvlcdip_other_01073.jpg,rvlcdip_other,email,0,0.9092,data/raw/pool/neg_rvlcdip_other_01073.jpg
data/raw/pool/neg_rvlcdip_other_01074.jpg,rvlcdip_other,email,0,0.9066,data/raw/pool/neg_rvlcdip_other_01074.jpg
data/raw/pool/neg_rvlcdip_other_01075.jpg,rvlcdip_other,email,0,0.9104,data/raw/pool/neg_rvlcdip_other_01075.jpg
data/raw/pool/neg_rvlcdip_other_01076.jpg,rvlcdip_other,email,0,0.9084,data/raw/pool/neg_rvlcdip_other_01076.jpg
data/raw/pool/neg_rvlcdip_other_01077.jpg,rvlcdip_other,email,0,0.9089,data/raw/pool/neg_rvlcdip_other_01077.jpg
data/raw/pool/neg_rvlcdip_other_01078.jpg,rvlcdip_other,email,0,0.9088,data/raw/pool/neg_rvlcdip_other_01078.jpg
data/raw/pool/neg_rvlcdip_other_01079.jpg,rvlcdip_other,email,0,0.9071,data/raw/pool/neg_rvlcdip_other_01079.jpg
data/raw/pool/neg_rvlcdip_other_01080.jpg,rvlcdip_other,email,0,0.9077,data/raw/pool/neg_rvlcdip_other_01080.jpg
data/raw/pool/neg_rvlcdip_other_01081.jpg,rvlcdip_other,email,0,0.9101,data/raw/pool/neg_rvlcdip_other_01081.jpg
data/raw/pool/neg_rvlcdip_other_01082.jpg,rvlcdip_other,email,0,0.9108,data/raw/pool/neg_rvlcdip_other_01082.jpg
data/raw/pool/neg_rvlcdip_other_01083.jpg,rvlcdip_other,email,0,0.9090,data/raw/pool/neg_rvlcdip_other_01083.jpg
data/raw/pool/neg_rvlcdip_other_01084.jpg,rvlcdip_other,email,0,0.9088,data/raw/pool/neg_rvlcdip_other_01084.jpg
data/raw/pool/neg_rvlcdip_other_01085.jpg,rvlcdip_other,email,0,0.9103,data/raw/pool/neg_rvlcdip_other_01085.jpg
data/raw/pool/neg_rvlcdip_other_01086.jpg,rvlcdip_other,email,0,0.8967,data/raw/pool/neg_rvlcdip_other_01086.jpg
data/raw/pool/neg_rvlcdip_other_01087.jpg,rvlcdip_other,email,0,0.9076,data/raw/pool/neg_rvlcdip_other_01087.jpg
data/raw/pool/neg_rvlcdip_other_01088.jpg,rvlcdip_other,email,0,0.9083,data/raw/pool/neg_rvlcdip_other_01088.jpg
data/raw/pool/neg_rvlcdip_other_01089.jpg,rvlcdip_other,letter,0,0.6933,data/raw/pool/neg_rvlcdip_other_01089.jpg
data/raw/pool/neg_rvlcdip_other_01090.jpg,rvlcdip_other,email,0,0.9071,data/raw/pool/neg_rvlcdip_other_01090.jpg
data/raw/pool/neg_rvlcdip_other_01091.jpg,rvlcdip_other,email,0,0.9093,data/raw/pool/neg_rvlcdip_other_01091.jpg
data/raw/pool/neg_rvlcdip_other_01092.jpg,rvlcdip_other,email,0,0.9101,data/raw/pool/neg_rvlcdip_other_01092.jpg
data/raw/pool/neg_rvlcdip_other_01093.jpg,rvlcdip_other,email,0,0.9095,data/raw/pool/neg_rvlcdip_other_01093.jpg
data/raw/pool/neg_rvlcdip_other_01094.jpg,rvlcdip_other,email,0,0.9097,data/raw/pool/neg_rvlcdip_other_01094.jpg
data/raw/pool/neg_rvlcdip_other_01095.jpg,rvlcdip_other,email,0,0.9005,data/raw/pool/neg_rvlcdip_other_01095.jpg
data/raw/pool/neg_rvlcdip_other_01096.jpg,rvlcdip_other,email,0,0.9078,data/raw/pool/neg_rvlcdip_other_01096.jpg
data/raw/pool/neg_rvlcdip_other_01097.jpg,rvlcdip_other,email,0,0.9066,data/raw/pool/neg_rvlcdip_other_01097.jpg
data/raw/pool/neg_rvlcdip_other_01098.jpg,rvlcdip_other,email,0,0.9072,data/raw/pool/neg_rvlcdip_other_01098.jpg
data/raw/pool/neg_rvlcdip_other_01099.jpg,rvlcdip_other,email,0,0.9087,data/raw/pool/neg_rvlcdip_other_01099.jpg
data/raw/pool/neg_rvlcdip_other_01100.jpg,rvlcdip_other,email,0,0.9059,data/raw/pool/neg_rvlcdip_other_01100.jpg
data/raw/pool/neg_rvlcdip_other_01101.jpg,rvlcdip_other,email,0,0.9095,data/raw/pool/neg_rvlcdip_other_01101.jpg
data/raw/pool/neg_rvlcdip_other_01102.jpg,rvlcdip_other,email,0,0.9083,data/raw/pool/neg_rvlcdip_other_01102.jpg
data/raw/pool/neg_rvlcdip_other_01103.jpg,rvlcdip_other,email,0,0.8961,data/raw/pool/neg_rvlcdip_other_01103.jpg
data/raw/pool/neg_rvlcdip_other_01104.jpg,rvlcdip_other,presentation,0,0.8330,data/raw/pool/neg_rvlcdip_other_01104.jpg
data/raw/pool/neg_rvlcdip_other_01105.jpg,rvlcdip_other,email,0,0.9077,data/raw/pool/neg_rvlcdip_other_01105.jpg
data/raw/pool/neg_rvlcdip_other_01106.jpg,rvlcdip_other,email,0,0.8864,data/raw/pool/neg_rvlcdip_other_01106.jpg
data/raw/pool/neg_rvlcdip_other_01107.jpg,rvlcdip_other,email,0,0.9074,data/raw/pool/neg_rvlcdip_other_01107.jpg
data/raw/pool/neg_rvlcdip_other_01108.jpg,rvlcdip_other,email,0,0.9095,data/raw/pool/neg_rvlcdip_other_01108.jpg
data/raw/pool/neg_rvlcdip_other_01109.jpg,rvlcdip_other,email,0,0.9079,data/raw/pool/neg_rvlcdip_other_01109.jpg
data/raw/pool/neg_rvlcdip_other_01110.jpg,rvlcdip_other,email,0,0.9101,data/raw/pool/neg_rvlcdip_other_01110.jpg
data/raw/pool/neg_rvlcdip_other_01111.jpg,rvlcdip_other,email,0,0.9043,data/raw/pool/neg_rvlcdip_other_01111.jpg
data/raw/pool/neg_rvlcdip_other_01112.jpg,rvlcdip_other,email,0,0.9016,data/raw/pool/neg_rvlcdip_other_01112.jpg
data/raw/pool/neg_rvlcdip_other_01113.jpg,rvlcdip_other,email,0,0.9087,data/raw/pool/neg_rvlcdip_other_01113.jpg
data/raw/pool/neg_rvlcdip_other_01114.jpg,rvlcdip_other,email,0,0.9082,data/raw/pool/neg_rvlcdip_other_01114.jpg
data/raw/pool/neg_rvlcdip_other_01115.jpg,rvlcdip_other,email,0,0.9095,data/raw/pool/neg_rvlcdip_other_01115.jpg
data/raw/pool/neg_rvlcdip_other_01116.jpg,rvlcdip_other,email,0,0.9094,data/raw/pool/neg_rvlcdip_other_01116.jpg
data/raw/pool/neg_rvlcdip_other_01117.jpg,rvlcdip_other,email,0,0.9001,data/raw/pool/neg_rvlcdip_other_01117.jpg
data/raw/pool/neg_rvlcdip_other_01118.jpg,rvlcdip_other,email,0,0.9059,data/raw/pool/neg_rvlcdip_other_01118.jpg
data/raw/pool/neg_rvlcdip_other_01119.jpg,rvlcdip_other,email,0,0.9060,data/raw/pool/neg_rvlcdip_other_01119.jpg
data/raw/pool/neg_rvlcdip_other_01120.jpg,rvlcdip_other,email,0,0.9109,data/raw/pool/neg_rvlcdip_other_01120.jpg
data/raw/pool/neg_rvlcdip_other_01121.jpg,rvlcdip_other,email,0,0.9099,data/raw/pool/neg_rvlcdip_other_01121.jpg
data/raw/pool/neg_rvlcdip_other_01122.jpg,rvlcdip_other,email,0,0.9078,data/raw/pool/neg_rvlcdip_other_01122.jpg
data/raw/pool/neg_rvlcdip_other_01123.jpg,rvlcdip_other,email,0,0.9074,data/raw/pool/neg_rvlcdip_other_01123.jpg
data/raw/pool/neg_rvlcdip_other_01124.jpg,rvlcdip_other,email,0,0.8964,data/raw/pool/neg_rvlcdip_other_01124.jpg
data/raw/pool/neg_rvlcdip_other_01125.jpg,rvlcdip_other,email,0,0.9078,data/raw/pool/neg_rvlcdip_other_01125.jpg
data/raw/pool/neg_rvlcdip_other_01126.jpg,rvlcdip_other,email,0,0.9107,data/raw/pool/neg_rvlcdip_other_01126.jpg
data/raw/pool/neg_rvlcdip_other_01127.jpg,rvlcdip_other,email,0,0.9097,data/raw/pool/neg_rvlcdip_other_01127.jpg
data/raw/pool/neg_rvlcdip_other_01128.jpg,rvlcdip_other,email,0,0.7293,data/raw/pool/neg_rvlcdip_other_01128.jpg
data/raw/pool/neg_rvlcdip_other_01129.jpg,rvlcdip_other,email,0,0.9088,data/raw/pool/neg_rvlcdip_other_01129.jpg
data/raw/pool/neg_rvlcdip_other_01130.jpg,rvlcdip_other,email,0,0.8981,data/raw/pool/neg_rvlcdip_other_01130.jpg
data/raw/pool/neg_rvlcdip_other_01131.jpg,rvlcdip_other,email,0,0.8987,data/raw/pool/neg_rvlcdip_other_01131.jpg
data/raw/pool/neg_rvlcdip_other_01132.jpg,rvlcdip_other,email,0,0.9069,data/raw/pool/neg_rvlcdip_other_01132.jpg
data/raw/pool/neg_rvlcdip_other_01133.jpg,rvlcdip_other,email,0,0.9108,data/raw/pool/neg_rvlcdip_other_01133.jpg
data/raw/pool/neg_rvlcdip_other_01134.jpg,rvlcdip_other,email,0,0.9079,data/raw/pool/neg_rvlcdip_other_01134.jpg
data/raw/pool/neg_rvlcdip_other_01135.jpg,rvlcdip_other,email,0,0.8976,data/raw/pool/neg_rvlcdip_other_01135.jpg
data/raw/pool/neg_rvlcdip_other_01136.jpg,rvlcdip_other,email,0,0.9085,data/raw/pool/neg_rvlcdip_other_01136.jpg
data/raw/pool/neg_rvlcdip_other_01137.jpg,rvlcdip_other,email,0,0.9079,data/raw/pool/neg_rvlcdip_other_01137.jpg
data/raw/pool/neg_rvlcdip_other_01138.jpg,rvlcdip_other,email,0,0.9100,data/raw/pool/neg_rvlcdip_other_01138.jpg
data/raw/pool/neg_rvlcdip_other_01139.jpg,rvlcdip_other,email,0,0.9039,data/raw/pool/neg_rvlcdip_other_01139.jpg
data/raw/pool/neg_rvlcdip_other_01140.jpg,rvlcdip_other,email,0,0.8955,data/raw/pool/neg_rvlcdip_other_01140.jpg
data/raw/pool/neg_rvlcdip_other_01141.jpg,rvlcdip_other,email,0,0.9078,data/raw/pool/neg_rvlcdip_other_01141.jpg
data/raw/pool/neg_rvlcdip_other_01142.jpg,rvlcdip_other,email,0,0.9091,data/raw/pool/neg_rvlcdip_other_01142.jpg
data/raw/pool/neg_rvlcdip_other_01143.jpg,rvlcdip_other,email,0,0.8980,data/raw/pool/neg_rvlcdip_other_01143.jpg
data/raw/pool/neg_rvlcdip_other_01144.jpg,rvlcdip_other,email,0,0.9059,data/raw/pool/neg_rvlcdip_other_01144.jpg
data/raw/pool/neg_rvlcdip_other_01145.jpg,rvlcdip_other,email,0,0.9071,data/raw/pool/neg_rvlcdip_other_01145.jpg
data/raw/pool/neg_rvlcdip_other_01146.jpg,rvlcdip_other,email,0,0.8996,data/raw/pool/neg_rvlcdip_other_01146.jpg
data/raw/pool/neg_rvlcdip_other_01147.jpg,rvlcdip_other,email,0,0.9091,data/raw/pool/neg_rvlcdip_other_01147.jpg
data/raw/pool/neg_rvlcdip_other_01148.jpg,rvlcdip_other,email,0,0.9108,data/raw/pool/neg_rvlcdip_other_01148.jpg
data/raw/pool/neg_rvlcdip_other_01149.jpg,rvlcdip_other,email,0,0.9011,data/raw/pool/neg_rvlcdip_other_01149.jpg
data/raw/pool/neg_rvlcdip_other_01150.jpg,rvlcdip_other,email,0,0.8892,data/raw/pool/neg_rvlcdip_other_01150.jpg
data/raw/pool/neg_rvlcdip_other_01151.jpg,rvlcdip_other,email,0,0.9033,data/raw/pool/neg_rvlcdip_other_01151.jpg
data/raw/pool/neg_rvlcdip_other_01152.jpg,rvlcdip_other,email,0,0.9092,data/raw/pool/neg_rvlcdip_other_01152.jpg
data/raw/pool/neg_rvlcdip_other_01153.jpg,rvlcdip_other,email,0,0.9059,data/raw/pool/neg_rvlcdip_other_01153.jpg
data/raw/pool/neg_rvlcdip_other_01154.jpg,rvlcdip_other,email,0,0.9078,data/raw/pool/neg_rvlcdip_other_01154.jpg
data/raw/pool/neg_rvlcdip_other_01155.jpg,rvlcdip_other,email,0,0.9092,data/raw/pool/neg_rvlcdip_other_01155.jpg
data/raw/pool/neg_rvlcdip_other_01156.jpg,rvlcdip_other,email,0,0.9088,data/raw/pool/neg_rvlcdip_other_01156.jpg
data/raw/pool/neg_rvlcdip_other_01157.jpg,rvlcdip_other,email,0,0.9088,data/raw/pool/neg_rvlcdip_other_01157.jpg
data/raw/pool/neg_rvlcdip_other_01158.jpg,rvlcdip_other,email,0,0.8992,data/raw/pool/neg_rvlcdip_other_01158.jpg
data/raw/pool/neg_rvlcdip_other_01159.jpg,rvlcdip_other,email,0,0.9094,data/raw/pool/neg_rvlcdip_other_01159.jpg
data/raw/pool/neg_rvlcdip_other_01160.jpg,rvlcdip_other,email,0,0.8981,data/raw/pool/neg_rvlcdip_other_01160.jpg
data/raw/pool/neg_rvlcdip_other_01161.jpg,rvlcdip_other,email,0,0.9070,data/raw/pool/neg_rvlcdip_other_01161.jpg
data/raw/pool/neg_rvlcdip_other_01162.jpg,rvlcdip_other,email,0,0.9096,data/raw/pool/neg_rvlcdip_other_01162.jpg
data/raw/pool/neg_rvlcdip_other_01163.jpg,rvlcdip_other,email,0,0.9086,data/raw/pool/neg_rvlcdip_other_01163.jpg
data/raw/pool/neg_rvlcdip_other_01164.jpg,rvlcdip_other,email,0,0.9083,data/raw/pool/neg_rvlcdip_other_01164.jpg
data/raw/pool/neg_rvlcdip_other_01165.jpg,rvlcdip_other,email,0,0.8959,data/raw/pool/neg_rvlcdip_other_01165.jpg
data/raw/pool/neg_rvlcdip_other_01166.jpg,rvlcdip_other,email,0,0.8136,data/raw/pool/neg_rvlcdip_other_01166.jpg
data/raw/pool/neg_rvlcdip_other_01167.jpg,rvlcdip_other,email,0,0.9086,data/raw/pool/neg_rvlcdip_other_01167.jpg
data/raw/pool/neg_rvlcdip_other_01168.jpg,rvlcdip_other,email,0,0.9091,data/raw/pool/neg_rvlcdip_other_01168.jpg
data/raw/pool/neg_rvlcdip_other_01169.jpg,rvlcdip_other,email,0,0.9088,data/raw/pool/neg_rvlcdip_other_01169.jpg
data/raw/pool/neg_rvlcdip_other_01170.jpg,rvlcdip_other,email,0,0.9081,data/raw/pool/neg_rvlcdip_other_01170.jpg
data/raw/pool/neg_rvlcdip_other_01171.jpg,rvlcdip_other,email,0,0.9100,data/raw/pool/neg_rvlcdip_other_01171.jpg
data/raw/pool/neg_rvlcdip_other_01172.jpg,rvlcdip_other,email,0,0.8978,data/raw/pool/neg_rvlcdip_other_01172.jpg
data/raw/pool/neg_rvlcdip_other_01173.jpg,rvlcdip_other,email,0,0.9092,data/raw/pool/neg_rvlcdip_other_01173.jpg
data/raw/pool/neg_rvlcdip_other_01174.jpg,rvlcdip_other,email,0,0.9092,data/raw/pool/neg_rvlcdip_other_01174.jpg
data/raw/pool/neg_rvlcdip_other_01175.jpg,rvlcdip_other,email,0,0.9072,data/raw/pool/neg_rvlcdip_other_01175.jpg
data/raw/pool/neg_rvlcdip_other_01176.jpg,rvlcdip_other,email,0,0.9078,data/raw/pool/neg_rvlcdip_other_01176.jpg
data/raw/pool/neg_rvlcdip_other_01177.jpg,rvlcdip_other,email,0,0.8981,data/raw/pool/neg_rvlcdip_other_01177.jpg
data/raw/pool/neg_rvlcdip_other_01178.jpg,rvlcdip_other,email,0,0.9094,data/raw/pool/neg_rvlcdip_other_01178.jpg
data/raw/pool/neg_rvlcdip_other_01179.jpg,rvlcdip_other,email,0,0.9066,data/raw/pool/neg_rvlcdip_other_01179.jpg
data/raw/pool/neg_rvlcdip_other_01180.jpg,rvlcdip_other,email,0,0.9089,data/raw/pool/neg_rvlcdip_other_01180.jpg
data/raw/pool/neg_rvlcdip_other_01181.jpg,rvlcdip_other,email,0,0.9100,data/raw/pool/neg_rvlcdip_other_01181.jpg
data/raw/pool/neg_rvlcdip_other_01182.jpg,rvlcdip_other,email,0,0.9093,data/raw/pool/neg_rvlcdip_other_01182.jpg
data/raw/pool/neg_rvlcdip_other_01183.jpg,rvlcdip_other,email,0,0.9048,data/raw/pool/neg_rvlcdip_other_01183.jpg
data/raw/pool/neg_rvlcdip_other_01184.jpg,rvlcdip_other,email,0,0.9007,data/raw/pool/neg_rvlcdip_other_01184.jpg
data/raw/pool/neg_rvlcdip_other_01185.jpg,rvlcdip_other,email,0,0.9072,data/raw/pool/neg_rvlcdip_other_01185.jpg
data/raw/pool/neg_rvlcdip_other_01186.jpg,rvlcdip_other,email,0,0.9087,data/raw/pool/neg_rvlcdip_other_01186.jpg
data/raw/pool/neg_rvlcdip_other_01187.jpg,rvlcdip_other,email,0,0.9077,data/raw/pool/neg_rvlcdip_other_01187.jpg
data/raw/pool/neg_rvlcdip_other_01188.jpg,rvlcdip_other,email,0,0.9095,data/raw/pool/neg_rvlcdip_other_01188.jpg
data/raw/pool/neg_rvlcdip_other_01189.jpg,rvlcdip_other,email,0,0.8992,data/raw/pool/neg_rvlcdip_other_01189.jpg
data/raw/pool/neg_rvlcdip_other_01190.jpg,rvlcdip_other,email,0,0.8964,data/raw/pool/neg_rvlcdip_other_01190.jpg
data/raw/pool/neg_rvlcdip_other_01191.jpg,rvlcdip_other,email,0,0.9079,data/raw/pool/neg_rvlcdip_other_01191.jpg
data/raw/pool/neg_rvlcdip_other_01192.jpg,rvlcdip_other,email,0,0.8983,data/raw/pool/neg_rvlcdip_other_01192.jpg
data/raw/pool/neg_rvlcdip_other_01193.jpg,rvlcdip_other,email,0,0.9085,data/raw/pool/neg_rvlcdip_other_01193.jpg
data/raw/pool/neg_rvlcdip_other_01194.jpg,rvlcdip_other,email,0,0.8779,data/raw/pool/neg_rvlcdip_other_01194.jpg
data/raw/pool/neg_rvlcdip_other_01195.jpg,rvlcdip_other,email,0,0.9089,data/raw/pool/neg_rvlcdip_other_01195.jpg
data/raw/pool/neg_rvlcdip_other_01196.jpg,rvlcdip_other,email,0,0.9073,data/raw/pool/neg_rvlcdip_other_01196.jpg
data/raw/pool/neg_rvlcdip_other_01197.jpg,rvlcdip_other,email,0,0.9102,data/raw/pool/neg_rvlcdip_other_01197.jpg
data/raw/pool/neg_rvlcdip_other_01198.jpg,rvlcdip_other,email,0,0.9085,data/raw/pool/neg_rvlcdip_other_01198.jpg
data/raw/pool/neg_rvlcdip_other_01199.jpg,rvlcdip_other,email,0,0.9084,data/raw/pool/neg_rvlcdip_other_01199.jpg
data/raw/pool/neg_rvlcdip_other_01200.jpg,rvlcdip_other,handwritten,0,0.8973,data/raw/pool/neg_rvlcdip_other_01200.jpg
data/raw/pool/neg_rvlcdip_other_01201.jpg,rvlcdip_other,handwritten,0,0.9096,data/raw/pool/neg_rvlcdip_other_01201.jpg
data/raw/pool/neg_rvlcdip_other_01202.jpg,rvlcdip_other,handwritten,0,0.8960,data/raw/pool/neg_rvlcdip_other_01202.jpg
data/raw/pool/neg_rvlcdip_other_01203.jpg,rvlcdip_other,handwritten,0,0.9032,data/raw/pool/neg_rvlcdip_other_01203.jpg
data/raw/pool/neg_rvlcdip_other_01204.jpg,rvlcdip_other,handwritten,0,0.9033,data/raw/pool/neg_rvlcdip_other_01204.jpg
data/raw/pool/neg_rvlcdip_other_01205.jpg,rvlcdip_other,handwritten,0,0.9028,data/raw/pool/neg_rvlcdip_other_01205.jpg
data/raw/pool/neg_rvlcdip_other_01206.jpg,rvlcdip_other,handwritten,0,0.9071,data/raw/pool/neg_rvlcdip_other_01206.jpg
data/raw/pool/neg_rvlcdip_other_01207.jpg,rvlcdip_other,handwritten,0,0.9081,data/raw/pool/neg_rvlcdip_other_01207.jpg
data/raw/pool/neg_rvlcdip_other_01208.jpg,rvlcdip_other,handwritten,0,0.6757,data/raw/pool/neg_rvlcdip_other_01208.jpg
data/raw/pool/neg_rvlcdip_other_01209.jpg,rvlcdip_other,handwritten,0,0.7070,data/raw/pool/neg_rvlcdip_other_01209.jpg
data/raw/pool/neg_rvlcdip_other_01210.jpg,rvlcdip_other,handwritten,0,0.8972,data/raw/pool/neg_rvlcdip_other_01210.jpg
data/raw/pool/neg_rvlcdip_other_01211.jpg,rvlcdip_other,handwritten,0,0.9088,data/raw/pool/neg_rvlcdip_other_01211.jpg
data/raw/pool/neg_rvlcdip_other_01212.jpg,rvlcdip_other,form,0,0.9066,data/raw/pool/neg_rvlcdip_other_01212.jpg
data/raw/pool/neg_rvlcdip_other_01213.jpg,rvlcdip_other,handwritten,0,0.8993,data/raw/pool/neg_rvlcdip_other_01213.jpg
data/raw/pool/neg_rvlcdip_other_01214.jpg,rvlcdip_other,handwritten,0,0.9056,data/raw/pool/neg_rvlcdip_other_01214.jpg
data/raw/pool/neg_rvlcdip_other_01215.jpg,rvlcdip_other,handwritten,0,0.8490,data/raw/pool/neg_rvlcdip_other_01215.jpg
data/raw/pool/neg_rvlcdip_other_01216.jpg,rvlcdip_other,handwritten,0,0.9049,data/raw/pool/neg_rvlcdip_other_01216.jpg
data/raw/pool/neg_rvlcdip_other_01217.jpg,rvlcdip_other,handwritten,0,0.9062,data/raw/pool/neg_rvlcdip_other_01217.jpg
data/raw/pool/neg_rvlcdip_other_01218.jpg,rvlcdip_other,handwritten,0,0.8916,data/raw/pool/neg_rvlcdip_other_01218.jpg
data/raw/pool/neg_rvlcdip_other_01219.jpg,rvlcdip_other,handwritten,0,0.9076,data/raw/pool/neg_rvlcdip_other_01219.jpg
data/raw/pool/neg_rvlcdip_other_01220.jpg,rvlcdip_other,handwritten,0,0.9037,data/raw/pool/neg_rvlcdip_other_01220.jpg
data/raw/pool/neg_rvlcdip_other_01221.jpg,rvlcdip_other,handwritten,0,0.7419,data/raw/pool/neg_rvlcdip_other_01221.jpg
data/raw/pool/neg_rvlcdip_other_01222.jpg,rvlcdip_other,handwritten,0,0.7393,data/raw/pool/neg_rvlcdip_other_01222.jpg
data/raw/pool/neg_rvlcdip_other_01223.jpg,rvlcdip_other,handwritten,0,0.9029,data/raw/pool/neg_rvlcdip_other_01223.jpg
data/raw/pool/neg_rvlcdip_other_01224.jpg,rvlcdip_other,handwritten,0,0.9090,data/raw/pool/neg_rvlcdip_other_01224.jpg
data/raw/pool/neg_rvlcdip_other_01225.jpg,rvlcdip_other,handwritten,0,0.9070,data/raw/pool/neg_rvlcdip_other_01225.jpg
data/raw/pool/neg_rvlcdip_other_01226.jpg,rvlcdip_other,handwritten,0,0.8737,data/raw/pool/neg_rvlcdip_other_01226.jpg
data/raw/pool/neg_rvlcdip_other_01227.jpg,rvlcdip_other,handwritten,0,0.9088,data/raw/pool/neg_rvlcdip_other_01227.jpg
data/raw/pool/neg_rvlcdip_other_01228.jpg,rvlcdip_other,handwritten,0,0.9068,data/raw/pool/neg_rvlcdip_other_01228.jpg
data/raw/pool/neg_rvlcdip_other_01229.jpg,rvlcdip_other,handwritten,0,0.8963,data/raw/pool/neg_rvlcdip_other_01229.jpg
data/raw/pool/neg_rvlcdip_other_01230.jpg,rvlcdip_other,handwritten,0,0.9051,data/raw/pool/neg_rvlcdip_other_01230.jpg
data/raw/pool/neg_rvlcdip_other_01231.jpg,rvlcdip_other,handwritten,0,0.9087,data/raw/pool/neg_rvlcdip_other_01231.jpg
data/raw/pool/neg_rvlcdip_other_01232.jpg,rvlcdip_other,handwritten,0,0.9087,data/raw/pool/neg_rvlcdip_other_01232.jpg
data/raw/pool/neg_rvlcdip_other_01233.jpg,rvlcdip_other,handwritten,0,0.8993,data/raw/pool/neg_rvlcdip_other_01233.jpg
data/raw/pool/neg_rvlcdip_other_01234.jpg,rvlcdip_other,handwritten,0,0.9082,data/raw/pool/neg_rvlcdip_other_01234.jpg
data/raw/pool/neg_rvlcdip_other_01235.jpg,rvlcdip_other,handwritten,0,0.9076,data/raw/pool/neg_rvlcdip_other_01235.jpg
data/raw/pool/neg_rvlcdip_other_01236.jpg,rvlcdip_other,handwritten,0,0.9049,data/raw/pool/neg_rvlcdip_other_01236.jpg
data/raw/pool/neg_rvlcdip_other_01237.jpg,rvlcdip_other,handwritten,0,0.9067,data/raw/pool/neg_rvlcdip_other_01237.jpg
data/raw/pool/neg_rvlcdip_other_01238.jpg,rvlcdip_other,handwritten,0,0.9095,data/raw/pool/neg_rvlcdip_other_01238.jpg
data/raw/pool/neg_rvlcdip_other_01239.jpg,rvlcdip_other,handwritten,0,0.9078,data/raw/pool/neg_rvlcdip_other_01239.jpg
data/raw/pool/neg_rvlcdip_other_01240.jpg,rvlcdip_other,handwritten,0,0.9036,data/raw/pool/neg_rvlcdip_other_01240.jpg
data/raw/pool/neg_rvlcdip_other_01241.jpg,rvlcdip_other,handwritten,0,0.8954,data/raw/pool/neg_rvlcdip_other_01241.jpg
data/raw/pool/neg_rvlcdip_other_01242.jpg,rvlcdip_other,handwritten,0,0.8967,data/raw/pool/neg_rvlcdip_other_01242.jpg
data/raw/pool/neg_rvlcdip_other_01243.jpg,rvlcdip_other,handwritten,0,0.9078,data/raw/pool/neg_rvlcdip_other_01243.jpg
data/raw/pool/neg_rvlcdip_other_01244.jpg,rvlcdip_other,questionnaire,0,0.8119,data/raw/pool/neg_rvlcdip_other_01244.jpg
data/raw/pool/neg_rvlcdip_other_01245.jpg,rvlcdip_other,handwritten,0,0.8978,data/raw/pool/neg_rvlcdip_other_01245.jpg
data/raw/pool/neg_rvlcdip_other_01246.jpg,rvlcdip_other,handwritten,0,0.9072,data/raw/pool/neg_rvlcdip_other_01246.jpg
data/raw/pool/neg_rvlcdip_other_01247.jpg,rvlcdip_other,handwritten,0,0.9092,data/raw/pool/neg_rvlcdip_other_01247.jpg
data/raw/pool/neg_rvlcdip_other_01248.jpg,rvlcdip_other,questionnaire,0,0.7954,data/raw/pool/neg_rvlcdip_other_01248.jpg
data/raw/pool/neg_rvlcdip_other_01249.jpg,rvlcdip_other,handwritten,0,0.8971,data/raw/pool/neg_rvlcdip_other_01249.jpg
data/raw/pool/neg_rvlcdip_other_01250.jpg,rvlcdip_other,handwritten,0,0.9072,data/raw/pool/neg_rvlcdip_other_01250.jpg
data/raw/pool/neg_rvlcdip_other_01251.jpg,rvlcdip_other,handwritten,0,0.9064,data/raw/pool/neg_rvlcdip_other_01251.jpg
data/raw/pool/neg_rvlcdip_other_01252.jpg,rvlcdip_other,handwritten,0,0.9058,data/raw/pool/neg_rvlcdip_other_01252.jpg
data/raw/pool/neg_rvlcdip_other_01253.jpg,rvlcdip_other,handwritten,0,0.9053,data/raw/pool/neg_rvlcdip_other_01253.jpg
data/raw/pool/neg_rvlcdip_other_01254.jpg,rvlcdip_other,handwritten,0,0.9066,data/raw/pool/neg_rvlcdip_other_01254.jpg
data/raw/pool/neg_rvlcdip_other_01255.jpg,rvlcdip_other,handwritten,0,0.9056,data/raw/pool/neg_rvlcdip_other_01255.jpg
data/raw/pool/neg_rvlcdip_other_01256.jpg,rvlcdip_other,handwritten,0,0.8969,data/raw/pool/neg_rvlcdip_other_01256.jpg
data/raw/pool/neg_rvlcdip_other_01257.jpg,rvlcdip_other,handwritten,0,0.9047,data/raw/pool/neg_rvlcdip_other_01257.jpg
data/raw/pool/neg_rvlcdip_other_01258.jpg,rvlcdip_other,handwritten,0,0.9005,data/raw/pool/neg_rvlcdip_other_01258.jpg
data/raw/pool/neg_rvlcdip_other_01259.jpg,rvlcdip_other,handwritten,0,0.9045,data/raw/pool/neg_rvlcdip_other_01259.jpg
data/raw/pool/neg_rvlcdip_other_01260.jpg,rvlcdip_other,handwritten,0,0.9035,data/raw/pool/neg_rvlcdip_other_01260.jpg
data/raw/pool/neg_rvlcdip_other_01261.jpg,rvlcdip_other,handwritten,0,0.9083,data/raw/pool/neg_rvlcdip_other_01261.jpg
data/raw/pool/neg_rvlcdip_other_01262.jpg,rvlcdip_other,handwritten,0,0.9060,data/raw/pool/neg_rvlcdip_other_01262.jpg
data/raw/pool/neg_rvlcdip_other_01263.jpg,rvlcdip_other,handwritten,0,0.9031,data/raw/pool/neg_rvlcdip_other_01263.jpg
data/raw/pool/neg_rvlcdip_other_01264.jpg,rvlcdip_other,handwritten,0,0.9066,data/raw/pool/neg_rvlcdip_other_01264.jpg
data/raw/pool/neg_rvlcdip_other_01265.jpg,rvlcdip_other,handwritten,0,0.9063,data/raw/pool/neg_rvlcdip_other_01265.jpg
data/raw/pool/neg_rvlcdip_other_01266.jpg,rvlcdip_other,handwritten,0,0.8970,data/raw/pool/neg_rvlcdip_other_01266.jpg
data/raw/pool/neg_rvlcdip_other_01267.jpg,rvlcdip_other,handwritten,0,0.9095,data/raw/pool/neg_rvlcdip_other_01267.jpg
data/raw/pool/neg_rvlcdip_other_01268.jpg,rvlcdip_other,handwritten,0,0.9034,data/raw/pool/neg_rvlcdip_other_01268.jpg
data/raw/pool/neg_rvlcdip_other_01269.jpg,rvlcdip_other,handwritten,0,0.9044,data/raw/pool/neg_rvlcdip_other_01269.jpg
data/raw/pool/neg_rvlcdip_other_01270.jpg,rvlcdip_other,handwritten,0,0.9088,data/raw/pool/neg_rvlcdip_other_01270.jpg
data/raw/pool/neg_rvlcdip_other_01271.jpg,rvlcdip_other,handwritten,0,0.9052,data/raw/pool/neg_rvlcdip_other_01271.jpg
data/raw/pool/neg_rvlcdip_other_01272.jpg,rvlcdip_other,handwritten,0,0.9062,data/raw/pool/neg_rvlcdip_other_01272.jpg
data/raw/pool/neg_rvlcdip_other_01273.jpg,rvlcdip_other,handwritten,0,0.9074,data/raw/pool/neg_rvlcdip_other_01273.jpg
data/raw/pool/neg_rvlcdip_other_01274.jpg,rvlcdip_other,handwritten,0,0.9062,data/raw/pool/neg_rvlcdip_other_01274.jpg
data/raw/pool/neg_rvlcdip_other_01275.jpg,rvlcdip_other,handwritten,0,0.9047,data/raw/pool/neg_rvlcdip_other_01275.jpg
data/raw/pool/neg_rvlcdip_other_01276.jpg,rvlcdip_other,handwritten,0,0.9077,data/raw/pool/neg_rvlcdip_other_01276.jpg
data/raw/pool/neg_rvlcdip_other_01277.jpg,rvlcdip_other,advertisement,0,0.9049,data/raw/pool/neg_rvlcdip_other_01277.jpg
data/raw/pool/neg_rvlcdip_other_01278.jpg,rvlcdip_other,handwritten,0,0.9009,data/raw/pool/neg_rvlcdip_other_01278.jpg
data/raw/pool/neg_rvlcdip_other_01279.jpg,rvlcdip_other,handwritten,0,0.9050,data/raw/pool/neg_rvlcdip_other_01279.jpg
data/raw/pool/neg_rvlcdip_other_01280.jpg,rvlcdip_other,handwritten,0,0.9060,data/raw/pool/neg_rvlcdip_other_01280.jpg
data/raw/pool/neg_rvlcdip_other_01281.jpg,rvlcdip_other,handwritten,0,0.8922,data/raw/pool/neg_rvlcdip_other_01281.jpg
data/raw/pool/neg_rvlcdip_other_01282.jpg,rvlcdip_other,handwritten,0,0.9089,data/raw/pool/neg_rvlcdip_other_01282.jpg
data/raw/pool/neg_rvlcdip_other_01283.jpg,rvlcdip_other,handwritten,0,0.9083,data/raw/pool/neg_rvlcdip_other_01283.jpg
data/raw/pool/neg_rvlcdip_other_01284.jpg,rvlcdip_other,handwritten,0,0.8934,data/raw/pool/neg_rvlcdip_other_01284.jpg
data/raw/pool/neg_rvlcdip_other_01285.jpg,rvlcdip_other,handwritten,0,0.9045,data/raw/pool/neg_rvlcdip_other_01285.jpg
data/raw/pool/neg_rvlcdip_other_01286.jpg,rvlcdip_other,handwritten,0,0.9089,data/raw/pool/neg_rvlcdip_other_01286.jpg
data/raw/pool/neg_rvlcdip_other_01287.jpg,rvlcdip_other,handwritten,0,0.9089,data/raw/pool/neg_rvlcdip_other_01287.jpg
data/raw/pool/neg_rvlcdip_other_01288.jpg,rvlcdip_other,handwritten,0,0.9013,data/raw/pool/neg_rvlcdip_other_01288.jpg
data/raw/pool/neg_rvlcdip_other_01289.jpg,rvlcdip_other,handwritten,0,0.9076,data/raw/pool/neg_rvlcdip_other_01289.jpg
data/raw/pool/neg_rvlcdip_other_01290.jpg,rvlcdip_other,handwritten,0,0.5554,data/raw/pool/neg_rvlcdip_other_01290.jpg
data/raw/pool/neg_rvlcdip_other_01291.jpg,rvlcdip_other,handwritten,0,0.9076,data/raw/pool/neg_rvlcdip_other_01291.jpg
data/raw/pool/neg_rvlcdip_other_01292.jpg,rvlcdip_other,handwritten,0,0.8813,data/raw/pool/neg_rvlcdip_other_01292.jpg
data/raw/pool/neg_rvlcdip_other_01293.jpg,rvlcdip_other,handwritten,0,0.7073,data/raw/pool/neg_rvlcdip_other_01293.jpg
data/raw/pool/neg_rvlcdip_other_01294.jpg,rvlcdip_other,handwritten,0,0.9010,data/raw/pool/neg_rvlcdip_other_01294.jpg
data/raw/pool/neg_rvlcdip_other_01295.jpg,rvlcdip_other,handwritten,0,0.9091,data/raw/pool/neg_rvlcdip_other_01295.jpg
data/raw/pool/neg_rvlcdip_other_01296.jpg,rvlcdip_other,handwritten,0,0.9008,data/raw/pool/neg_rvlcdip_other_01296.jpg
data/raw/pool/neg_rvlcdip_other_01297.jpg,rvlcdip_other,handwritten,0,0.9063,data/raw/pool/neg_rvlcdip_other_01297.jpg
data/raw/pool/neg_rvlcdip_other_01298.jpg,rvlcdip_other,questionnaire,0,0.8577,data/raw/pool/neg_rvlcdip_other_01298.jpg
data/raw/pool/neg_rvlcdip_other_01299.jpg,rvlcdip_other,handwritten,0,0.9097,data/raw/pool/neg_rvlcdip_other_01299.jpg
data/raw/pool/neg_rvlcdip_other_01300.jpg,rvlcdip_other,handwritten,0,0.9021,data/raw/pool/neg_rvlcdip_other_01300.jpg
data/raw/pool/neg_rvlcdip_other_01301.jpg,rvlcdip_other,handwritten,0,0.8069,data/raw/pool/neg_rvlcdip_other_01301.jpg
data/raw/pool/neg_rvlcdip_other_01302.jpg,rvlcdip_other,handwritten,0,0.9048,data/raw/pool/neg_rvlcdip_other_01302.jpg
data/raw/pool/neg_rvlcdip_other_01303.jpg,rvlcdip_other,handwritten,0,0.9076,data/raw/pool/neg_rvlcdip_other_01303.jpg
data/raw/pool/neg_rvlcdip_other_01304.jpg,rvlcdip_other,handwritten,0,0.9038,data/raw/pool/neg_rvlcdip_other_01304.jpg
data/raw/pool/neg_rvlcdip_other_01305.jpg,rvlcdip_other,handwritten,0,0.8957,data/raw/pool/neg_rvlcdip_other_01305.jpg
data/raw/pool/neg_rvlcdip_other_01306.jpg,rvlcdip_other,handwritten,0,0.9068,data/raw/pool/neg_rvlcdip_other_01306.jpg
data/raw/pool/neg_rvlcdip_other_01307.jpg,rvlcdip_other,handwritten,0,0.9091,data/raw/pool/neg_rvlcdip_other_01307.jpg
data/raw/pool/neg_rvlcdip_other_01308.jpg,rvlcdip_other,handwritten,0,0.8873,data/raw/pool/neg_rvlcdip_other_01308.jpg
data/raw/pool/neg_rvlcdip_other_01309.jpg,rvlcdip_other,handwritten,0,0.9088,data/raw/pool/neg_rvlcdip_other_01309.jpg
data/raw/pool/neg_rvlcdip_other_01310.jpg,rvlcdip_other,handwritten,0,0.9012,data/raw/pool/neg_rvlcdip_other_01310.jpg
data/raw/pool/neg_rvlcdip_other_01311.jpg,rvlcdip_other,handwritten,0,0.9008,data/raw/pool/neg_rvlcdip_other_01311.jpg
data/raw/pool/neg_rvlcdip_other_01312.jpg,rvlcdip_other,handwritten,0,0.9095,data/raw/pool/neg_rvlcdip_other_01312.jpg
data/raw/pool/neg_rvlcdip_other_01313.jpg,rvlcdip_other,handwritten,0,0.8987,data/raw/pool/neg_rvlcdip_other_01313.jpg
data/raw/pool/neg_rvlcdip_other_01314.jpg,rvlcdip_other,handwritten,0,0.9077,data/raw/pool/neg_rvlcdip_other_01314.jpg
data/raw/pool/neg_rvlcdip_other_01315.jpg,rvlcdip_other,handwritten,0,0.9094,data/raw/pool/neg_rvlcdip_other_01315.jpg
data/raw/pool/neg_rvlcdip_other_01316.jpg,rvlcdip_other,handwritten,0,0.9067,data/raw/pool/neg_rvlcdip_other_01316.jpg
data/raw/pool/neg_rvlcdip_other_01317.jpg,rvlcdip_other,handwritten,0,0.9067,data/raw/pool/neg_rvlcdip_other_01317.jpg
data/raw/pool/neg_rvlcdip_other_01318.jpg,rvlcdip_other,handwritten,0,0.9100,data/raw/pool/neg_rvlcdip_other_01318.jpg
data/raw/pool/neg_rvlcdip_other_01319.jpg,rvlcdip_other,handwritten,0,0.9086,data/raw/pool/neg_rvlcdip_other_01319.jpg
data/raw/pool/neg_rvlcdip_other_01320.jpg,rvlcdip_other,handwritten,0,0.9090,data/raw/pool/neg_rvlcdip_other_01320.jpg
data/raw/pool/neg_rvlcdip_other_01321.jpg,rvlcdip_other,questionnaire,0,0.3091,data/raw/pool/neg_rvlcdip_other_01321.jpg
data/raw/pool/neg_rvlcdip_other_01322.jpg,rvlcdip_other,handwritten,0,0.9095,data/raw/pool/neg_rvlcdip_other_01322.jpg
data/raw/pool/neg_rvlcdip_other_01323.jpg,rvlcdip_other,handwritten,0,0.9065,data/raw/pool/neg_rvlcdip_other_01323.jpg
data/raw/pool/neg_rvlcdip_other_01324.jpg,rvlcdip_other,handwritten,0,0.9061,data/raw/pool/neg_rvlcdip_other_01324.jpg
data/raw/pool/neg_rvlcdip_other_01325.jpg,rvlcdip_other,handwritten,0,0.9038,data/raw/pool/neg_rvlcdip_other_01325.jpg
data/raw/pool/neg_rvlcdip_other_01326.jpg,rvlcdip_other,handwritten,0,0.9007,data/raw/pool/neg_rvlcdip_other_01326.jpg
data/raw/pool/neg_rvlcdip_other_01327.jpg,rvlcdip_other,handwritten,0,0.9029,data/raw/pool/neg_rvlcdip_other_01327.jpg
data/raw/pool/neg_rvlcdip_other_01328.jpg,rvlcdip_other,handwritten,0,0.9048,data/raw/pool/neg_rvlcdip_other_01328.jpg
data/raw/pool/neg_rvlcdip_other_01329.jpg,rvlcdip_other,handwritten,0,0.8173,data/raw/pool/neg_rvlcdip_other_01329.jpg
data/raw/pool/neg_rvlcdip_other_01330.jpg,rvlcdip_other,handwritten,0,0.8683,data/raw/pool/neg_rvlcdip_other_01330.jpg
data/raw/pool/neg_rvlcdip_other_01331.jpg,rvlcdip_other,handwritten,0,0.9063,data/raw/pool/neg_rvlcdip_other_01331.jpg
data/raw/pool/neg_rvlcdip_other_01332.jpg,rvlcdip_other,handwritten,0,0.8987,data/raw/pool/neg_rvlcdip_other_01332.jpg
data/raw/pool/neg_rvlcdip_other_01333.jpg,rvlcdip_other,handwritten,0,0.9073,data/raw/pool/neg_rvlcdip_other_01333.jpg
data/raw/pool/neg_rvlcdip_other_01334.jpg,rvlcdip_other,handwritten,0,0.9078,data/raw/pool/neg_rvlcdip_other_01334.jpg
data/raw/pool/neg_rvlcdip_other_01335.jpg,rvlcdip_other,handwritten,0,0.9076,data/raw/pool/neg_rvlcdip_other_01335.jpg
data/raw/pool/neg_rvlcdip_other_01336.jpg,rvlcdip_other,handwritten,0,0.9065,data/raw/pool/neg_rvlcdip_other_01336.jpg
data/raw/pool/neg_rvlcdip_other_01337.jpg,rvlcdip_other,handwritten,0,0.9068,data/raw/pool/neg_rvlcdip_other_01337.jpg
data/raw/pool/neg_rvlcdip_other_01338.jpg,rvlcdip_other,handwritten,0,0.9080,data/raw/pool/neg_rvlcdip_other_01338.jpg
data/raw/pool/neg_rvlcdip_other_01339.jpg,rvlcdip_other,handwritten,0,0.9056,data/raw/pool/neg_rvlcdip_other_01339.jpg
data/raw/pool/neg_rvlcdip_other_01340.jpg,rvlcdip_other,handwritten,0,0.9063,data/raw/pool/neg_rvlcdip_other_01340.jpg
data/raw/pool/neg_rvlcdip_other_01341.jpg,rvlcdip_other,handwritten,0,0.9044,data/raw/pool/neg_rvlcdip_other_01341.jpg
data/raw/pool/neg_rvlcdip_other_01342.jpg,rvlcdip_other,handwritten,0,0.9075,data/raw/pool/neg_rvlcdip_other_01342.jpg
data/raw/pool/neg_rvlcdip_other_01343.jpg,rvlcdip_other,handwritten,0,0.8961,data/raw/pool/neg_rvlcdip_other_01343.jpg
data/raw/pool/neg_rvlcdip_other_01344.jpg,rvlcdip_other,handwritten,0,0.9059,data/raw/pool/neg_rvlcdip_other_01344.jpg
data/raw/pool/neg_rvlcdip_other_01345.jpg,rvlcdip_other,handwritten,0,0.9073,data/raw/pool/neg_rvlcdip_other_01345.jpg
data/raw/pool/neg_rvlcdip_other_01346.jpg,rvlcdip_other,handwritten,0,0.8760,data/raw/pool/neg_rvlcdip_other_01346.jpg
data/raw/pool/neg_rvlcdip_other_01347.jpg,rvlcdip_other,handwritten,0,0.9059,data/raw/pool/neg_rvlcdip_other_01347.jpg
data/raw/pool/neg_rvlcdip_other_01348.jpg,rvlcdip_other,handwritten,0,0.8397,data/raw/pool/neg_rvlcdip_other_01348.jpg
data/raw/pool/neg_rvlcdip_other_01349.jpg,rvlcdip_other,handwritten,0,0.8975,data/raw/pool/neg_rvlcdip_other_01349.jpg
data/raw/pool/neg_rvlcdip_other_01350.jpg,rvlcdip_other,handwritten,0,0.9058,data/raw/pool/neg_rvlcdip_other_01350.jpg
data/raw/pool/neg_rvlcdip_other_01351.jpg,rvlcdip_other,form,0,0.3894,data/raw/pool/neg_rvlcdip_other_01351.jpg
data/raw/pool/neg_rvlcdip_other_01352.jpg,rvlcdip_other,handwritten,0,0.9070,data/raw/pool/neg_rvlcdip_other_01352.jpg
data/raw/pool/neg_rvlcdip_other_01353.jpg,rvlcdip_other,handwritten,0,0.8852,data/raw/pool/neg_rvlcdip_other_01353.jpg
data/raw/pool/neg_rvlcdip_other_01354.jpg,rvlcdip_other,handwritten,0,0.9071,data/raw/pool/neg_rvlcdip_other_01354.jpg
data/raw/pool/neg_rvlcdip_other_01355.jpg,rvlcdip_other,handwritten,0,0.8944,data/raw/pool/neg_rvlcdip_other_01355.jpg
data/raw/pool/neg_rvlcdip_other_01356.jpg,rvlcdip_other,handwritten,0,0.9066,data/raw/pool/neg_rvlcdip_other_01356.jpg
data/raw/pool/neg_rvlcdip_other_01357.jpg,rvlcdip_other,handwritten,0,0.5151,data/raw/pool/neg_rvlcdip_other_01357.jpg
data/raw/pool/neg_rvlcdip_other_01358.jpg,rvlcdip_other,handwritten,0,0.9046,data/raw/pool/neg_rvlcdip_other_01358.jpg
data/raw/pool/neg_rvlcdip_other_01359.jpg,rvlcdip_other,handwritten,0,0.8848,data/raw/pool/neg_rvlcdip_other_01359.jpg
data/raw/pool/neg_rvlcdip_other_01360.jpg,rvlcdip_other,handwritten,0,0.8662,data/raw/pool/neg_rvlcdip_other_01360.jpg
data/raw/pool/neg_rvlcdip_other_01361.jpg,rvlcdip_other,handwritten,0,0.9044,data/raw/pool/neg_rvlcdip_other_01361.jpg
data/raw/pool/neg_rvlcdip_other_01362.jpg,rvlcdip_other,handwritten,0,0.9090,data/raw/pool/neg_rvlcdip_other_01362.jpg
data/raw/pool/neg_rvlcdip_other_01363.jpg,rvlcdip_other,handwritten,0,0.9067,data/raw/pool/neg_rvlcdip_other_01363.jpg
data/raw/pool/neg_rvlcdip_other_01364.jpg,rvlcdip_other,handwritten,0,0.9033,data/raw/pool/neg_rvlcdip_other_01364.jpg
data/raw/pool/neg_rvlcdip_other_01365.jpg,rvlcdip_other,handwritten,0,0.9045,data/raw/pool/neg_rvlcdip_other_01365.jpg
data/raw/pool/neg_rvlcdip_other_01366.jpg,rvlcdip_other,handwritten,0,0.9100,data/raw/pool/neg_rvlcdip_other_01366.jpg
data/raw/pool/neg_rvlcdip_other_01367.jpg,rvlcdip_other,handwritten,0,0.9075,data/raw/pool/neg_rvlcdip_other_01367.jpg
data/raw/pool/neg_rvlcdip_other_01368.jpg,rvlcdip_other,handwritten,0,0.9076,data/raw/pool/neg_rvlcdip_other_01368.jpg
data/raw/pool/neg_rvlcdip_other_01369.jpg,rvlcdip_other,handwritten,0,0.9078,data/raw/pool/neg_rvlcdip_other_01369.jpg
data/raw/pool/neg_rvlcdip_other_01370.jpg,rvlcdip_other,handwritten,0,0.9098,data/raw/pool/neg_rvlcdip_other_01370.jpg
data/raw/pool/neg_rvlcdip_other_01371.jpg,rvlcdip_other,handwritten,0,0.9071,data/raw/pool/neg_rvlcdip_other_01371.jpg
data/raw/pool/neg_rvlcdip_other_01372.jpg,rvlcdip_other,handwritten,0,0.9013,data/raw/pool/neg_rvlcdip_other_01372.jpg
data/raw/pool/neg_rvlcdip_other_01373.jpg,rvlcdip_other,handwritten,0,0.9030,data/raw/pool/neg_rvlcdip_other_01373.jpg
data/raw/pool/neg_rvlcdip_other_01374.jpg,rvlcdip_other,handwritten,0,0.9005,data/raw/pool/neg_rvlcdip_other_01374.jpg
data/raw/pool/neg_rvlcdip_other_01375.jpg,rvlcdip_other,handwritten,0,0.9086,data/raw/pool/neg_rvlcdip_other_01375.jpg
data/raw/pool/neg_rvlcdip_other_01376.jpg,rvlcdip_other,handwritten,0,0.9079,data/raw/pool/neg_rvlcdip_other_01376.jpg
data/raw/pool/neg_rvlcdip_other_01377.jpg,rvlcdip_other,handwritten,0,0.9061,data/raw/pool/neg_rvlcdip_other_01377.jpg
data/raw/pool/neg_rvlcdip_other_01378.jpg,rvlcdip_other,handwritten,0,0.9040,data/raw/pool/neg_rvlcdip_other_01378.jpg
data/raw/pool/neg_rvlcdip_other_01379.jpg,rvlcdip_other,handwritten,0,0.9082,data/raw/pool/neg_rvlcdip_other_01379.jpg
data/raw/pool/neg_rvlcdip_other_01380.jpg,rvlcdip_other,handwritten,0,0.9054,data/raw/pool/neg_rvlcdip_other_01380.jpg
data/raw/pool/neg_rvlcdip_other_01381.jpg,rvlcdip_other,handwritten,0,0.9054,data/raw/pool/neg_rvlcdip_other_01381.jpg
data/raw/pool/neg_rvlcdip_other_01382.jpg,rvlcdip_other,handwritten,0,0.9070,data/raw/pool/neg_rvlcdip_other_01382.jpg
data/raw/pool/neg_rvlcdip_other_01383.jpg,rvlcdip_other,handwritten,0,0.9028,data/raw/pool/neg_rvlcdip_other_01383.jpg
data/raw/pool/neg_rvlcdip_other_01384.jpg,rvlcdip_other,handwritten,0,0.9055,data/raw/pool/neg_rvlcdip_other_01384.jpg
data/raw/pool/neg_rvlcdip_other_01385.jpg,rvlcdip_other,handwritten,0,0.9054,data/raw/pool/neg_rvlcdip_other_01385.jpg
data/raw/pool/neg_rvlcdip_other_01386.jpg,rvlcdip_other,handwritten,0,0.9060,data/raw/pool/neg_rvlcdip_other_01386.jpg
data/raw/pool/neg_rvlcdip_other_01387.jpg,rvlcdip_other,handwritten,0,0.9038,data/raw/pool/neg_rvlcdip_other_01387.jpg
data/raw/pool/neg_rvlcdip_other_01388.jpg,rvlcdip_other,handwritten,0,0.9021,data/raw/pool/neg_rvlcdip_other_01388.jpg
data/raw/pool/neg_rvlcdip_other_01389.jpg,rvlcdip_other,handwritten,0,0.9051,data/raw/pool/neg_rvlcdip_other_01389.jpg
data/raw/pool/neg_rvlcdip_other_01390.jpg,rvlcdip_other,handwritten,0,0.9060,data/raw/pool/neg_rvlcdip_other_01390.jpg
data/raw/pool/neg_rvlcdip_other_01391.jpg,rvlcdip_other,handwritten,0,0.8271,data/raw/pool/neg_rvlcdip_other_01391.jpg
data/raw/pool/neg_rvlcdip_other_01392.jpg,rvlcdip_other,handwritten,0,0.9032,data/raw/pool/neg_rvlcdip_other_01392.jpg
data/raw/pool/neg_rvlcdip_other_01393.jpg,rvlcdip_other,handwritten,0,0.9066,data/raw/pool/neg_rvlcdip_other_01393.jpg
data/raw/pool/neg_rvlcdip_other_01394.jpg,rvlcdip_other,handwritten,0,0.8511,data/raw/pool/neg_rvlcdip_other_01394.jpg
data/raw/pool/neg_rvlcdip_other_01395.jpg,rvlcdip_other,handwritten,0,0.9080,data/raw/pool/neg_rvlcdip_other_01395.jpg
data/raw/pool/neg_rvlcdip_other_01396.jpg,rvlcdip_other,handwritten,0,0.9066,data/raw/pool/neg_rvlcdip_other_01396.jpg
data/raw/pool/neg_rvlcdip_other_01397.jpg,rvlcdip_other,handwritten,0,0.8829,data/raw/pool/neg_rvlcdip_other_01397.jpg
data/raw/pool/neg_rvlcdip_other_01398.jpg,rvlcdip_other,handwritten,0,0.9067,data/raw/pool/neg_rvlcdip_other_01398.jpg
data/raw/pool/neg_rvlcdip_other_01399.jpg,rvlcdip_other,handwritten,0,0.8539,data/raw/pool/neg_rvlcdip_other_01399.jpg
data/raw/pool/neg_rvlcdip_other_01400.jpg,rvlcdip_other,handwritten,0,0.9010,data/raw/pool/neg_rvlcdip_other_01400.jpg
data/raw/pool/neg_rvlcdip_other_01401.jpg,rvlcdip_other,questionnaire,0,0.8915,data/raw/pool/neg_rvlcdip_other_01401.jpg
data/raw/pool/neg_rvlcdip_other_01402.jpg,rvlcdip_other,handwritten,0,0.8645,data/raw/pool/neg_rvlcdip_other_01402.jpg
data/raw/pool/neg_rvlcdip_other_01403.jpg,rvlcdip_other,handwritten,0,0.9088,data/raw/pool/neg_rvlcdip_other_01403.jpg
data/raw/pool/neg_rvlcdip_other_01404.jpg,rvlcdip_other,handwritten,0,0.9053,data/raw/pool/neg_rvlcdip_other_01404.jpg
data/raw/pool/neg_rvlcdip_other_01405.jpg,rvlcdip_other,handwritten,0,0.8974,data/raw/pool/neg_rvlcdip_other_01405.jpg
data/raw/pool/neg_rvlcdip_other_01406.jpg,rvlcdip_other,handwritten,0,0.9054,data/raw/pool/neg_rvlcdip_other_01406.jpg
data/raw/pool/neg_rvlcdip_other_01407.jpg,rvlcdip_other,handwritten,0,0.9077,data/raw/pool/neg_rvlcdip_other_01407.jpg
data/raw/pool/neg_rvlcdip_other_01408.jpg,rvlcdip_other,handwritten,0,0.9025,data/raw/pool/neg_rvlcdip_other_01408.jpg
data/raw/pool/neg_rvlcdip_other_01409.jpg,rvlcdip_other,handwritten,0,0.9067,data/raw/pool/neg_rvlcdip_other_01409.jpg
data/raw/pool/neg_rvlcdip_other_01410.jpg,rvlcdip_other,handwritten,0,0.9055,data/raw/pool/neg_rvlcdip_other_01410.jpg
data/raw/pool/neg_rvlcdip_other_01411.jpg,rvlcdip_other,handwritten,0,0.9083,data/raw/pool/neg_rvlcdip_other_01411.jpg
data/raw/pool/neg_rvlcdip_other_01412.jpg,rvlcdip_other,handwritten,0,0.9087,data/raw/pool/neg_rvlcdip_other_01412.jpg
data/raw/pool/neg_rvlcdip_other_01413.jpg,rvlcdip_other,handwritten,0,0.8822,data/raw/pool/neg_rvlcdip_other_01413.jpg
data/raw/pool/neg_rvlcdip_other_01414.jpg,rvlcdip_other,handwritten,0,0.9078,data/raw/pool/neg_rvlcdip_other_01414.jpg
data/raw/pool/neg_rvlcdip_other_01415.jpg,rvlcdip_other,handwritten,0,0.9063,data/raw/pool/neg_rvlcdip_other_01415.jpg
data/raw/pool/neg_rvlcdip_other_01416.jpg,rvlcdip_other,handwritten,0,0.9055,data/raw/pool/neg_rvlcdip_other_01416.jpg
data/raw/pool/neg_rvlcdip_other_01417.jpg,rvlcdip_other,handwritten,0,0.9019,data/raw/pool/neg_rvlcdip_other_01417.jpg
data/raw/pool/neg_rvlcdip_other_01418.jpg,rvlcdip_other,handwritten,0,0.9078,data/raw/pool/neg_rvlcdip_other_01418.jpg
data/raw/pool/neg_rvlcdip_other_01419.jpg,rvlcdip_other,handwritten,0,0.8997,data/raw/pool/neg_rvlcdip_other_01419.jpg
data/raw/pool/neg_rvlcdip_other_01420.jpg,rvlcdip_other,questionnaire,0,0.5182,data/raw/pool/neg_rvlcdip_other_01420.jpg
data/raw/pool/neg_rvlcdip_other_01421.jpg,rvlcdip_other,handwritten,0,0.9011,data/raw/pool/neg_rvlcdip_other_01421.jpg
data/raw/pool/neg_rvlcdip_other_01422.jpg,rvlcdip_other,handwritten,0,0.9058,data/raw/pool/neg_rvlcdip_other_01422.jpg
data/raw/pool/neg_rvlcdip_other_01423.jpg,rvlcdip_other,handwritten,0,0.9067,data/raw/pool/neg_rvlcdip_other_01423.jpg
data/raw/pool/neg_rvlcdip_other_01424.jpg,rvlcdip_other,handwritten,0,0.9094,data/raw/pool/neg_rvlcdip_other_01424.jpg
data/raw/pool/neg_rvlcdip_other_01425.jpg,rvlcdip_other,handwritten,0,0.9064,data/raw/pool/neg_rvlcdip_other_01425.jpg
data/raw/pool/neg_rvlcdip_other_01426.jpg,rvlcdip_other,handwritten,0,0.9082,data/raw/pool/neg_rvlcdip_other_01426.jpg
data/raw/pool/neg_rvlcdip_other_01427.jpg,rvlcdip_other,handwritten,0,0.9086,data/raw/pool/neg_rvlcdip_other_01427.jpg
data/raw/pool/neg_rvlcdip_other_01428.jpg,rvlcdip_other,handwritten,0,0.9071,data/raw/pool/neg_rvlcdip_other_01428.jpg
data/raw/pool/neg_rvlcdip_other_01429.jpg,rvlcdip_other,handwritten,0,0.9045,data/raw/pool/neg_rvlcdip_other_01429.jpg
data/raw/pool/neg_rvlcdip_other_01430.jpg,rvlcdip_other,handwritten,0,0.9050,data/raw/pool/neg_rvlcdip_other_01430.jpg
data/raw/pool/neg_rvlcdip_other_01431.jpg,rvlcdip_other,handwritten,0,0.8125,data/raw/pool/neg_rvlcdip_other_01431.jpg
data/raw/pool/neg_rvlcdip_other_01432.jpg,rvlcdip_other,handwritten,0,0.9080,data/raw/pool/neg_rvlcdip_other_01432.jpg
data/raw/pool/neg_rvlcdip_other_01433.jpg,rvlcdip_other,handwritten,0,0.9105,data/raw/pool/neg_rvlcdip_other_01433.jpg
data/raw/pool/neg_rvlcdip_other_01434.jpg,rvlcdip_other,handwritten,0,0.9079,data/raw/pool/neg_rvlcdip_other_01434.jpg
data/raw/pool/neg_rvlcdip_other_01435.jpg,rvlcdip_other,handwritten,0,0.9082,data/raw/pool/neg_rvlcdip_other_01435.jpg
data/raw/pool/neg_rvlcdip_other_01436.jpg,rvlcdip_other,handwritten,0,0.8919,data/raw/pool/neg_rvlcdip_other_01436.jpg
data/raw/pool/neg_rvlcdip_other_01437.jpg,rvlcdip_other,questionnaire,0,0.4881,data/raw/pool/neg_rvlcdip_other_01437.jpg
data/raw/pool/neg_rvlcdip_other_01438.jpg,rvlcdip_other,handwritten,0,0.9011,data/raw/pool/neg_rvlcdip_other_01438.jpg
data/raw/pool/neg_rvlcdip_other_01439.jpg,rvlcdip_other,handwritten,0,0.9099,data/raw/pool/neg_rvlcdip_other_01439.jpg
data/raw/pool/neg_rvlcdip_other_01440.jpg,rvlcdip_other,handwritten,0,0.9059,data/raw/pool/neg_rvlcdip_other_01440.jpg
data/raw/pool/neg_rvlcdip_other_01441.jpg,rvlcdip_other,handwritten,0,0.9091,data/raw/pool/neg_rvlcdip_other_01441.jpg
data/raw/pool/neg_rvlcdip_other_01442.jpg,rvlcdip_other,handwritten,0,0.8894,data/raw/pool/neg_rvlcdip_other_01442.jpg
data/raw/pool/neg_rvlcdip_other_01443.jpg,rvlcdip_other,handwritten,0,0.9078,data/raw/pool/neg_rvlcdip_other_01443.jpg
data/raw/pool/neg_rvlcdip_other_01444.jpg,rvlcdip_other,handwritten,0,0.9041,data/raw/pool/neg_rvlcdip_other_01444.jpg
data/raw/pool/neg_rvlcdip_other_01445.jpg,rvlcdip_other,questionnaire,0,0.4696,data/raw/pool/neg_rvlcdip_other_01445.jpg
data/raw/pool/neg_rvlcdip_other_01446.jpg,rvlcdip_other,handwritten,0,0.8740,data/raw/pool/neg_rvlcdip_other_01446.jpg
data/raw/pool/neg_rvlcdip_other_01447.jpg,rvlcdip_other,handwritten,0,0.8961,data/raw/pool/neg_rvlcdip_other_01447.jpg
data/raw/pool/neg_rvlcdip_other_01448.jpg,rvlcdip_other,handwritten,0,0.9033,data/raw/pool/neg_rvlcdip_other_01448.jpg
data/raw/pool/neg_rvlcdip_other_01449.jpg,rvlcdip_other,handwritten,0,0.9039,data/raw/pool/neg_rvlcdip_other_01449.jpg
data/raw/pool/neg_rvlcdip_other_01450.jpg,rvlcdip_other,handwritten,0,0.8529,data/raw/pool/neg_rvlcdip_other_01450.jpg
data/raw/pool/neg_rvlcdip_other_01451.jpg,rvlcdip_other,handwritten,0,0.9093,data/raw/pool/neg_rvlcdip_other_01451.jpg
data/raw/pool/neg_rvlcdip_other_01452.jpg,rvlcdip_other,handwritten,0,0.9033,data/raw/pool/neg_rvlcdip_other_01452.jpg
data/raw/pool/neg_rvlcdip_other_01453.jpg,rvlcdip_other,handwritten,0,0.8989,data/raw/pool/neg_rvlcdip_other_01453.jpg
data/raw/pool/neg_rvlcdip_other_01454.jpg,rvlcdip_other,handwritten,0,0.9052,data/raw/pool/neg_rvlcdip_other_01454.jpg
data/raw/pool/neg_rvlcdip_other_01455.jpg,rvlcdip_other,handwritten,0,0.9083,data/raw/pool/neg_rvlcdip_other_01455.jpg
data/raw/pool/neg_rvlcdip_other_01456.jpg,rvlcdip_other,handwritten,0,0.9057,data/raw/pool/neg_rvlcdip_other_01456.jpg
data/raw/pool/neg_rvlcdip_other_01457.jpg,rvlcdip_other,handwritten,0,0.9016,data/raw/pool/neg_rvlcdip_other_01457.jpg
data/raw/pool/neg_rvlcdip_other_01458.jpg,rvlcdip_other,handwritten,0,0.9040,data/raw/pool/neg_rvlcdip_other_01458.jpg
data/raw/pool/neg_rvlcdip_other_01459.jpg,rvlcdip_other,handwritten,0,0.8487,data/raw/pool/neg_rvlcdip_other_01459.jpg
data/raw/pool/neg_rvlcdip_other_01460.jpg,rvlcdip_other,handwritten,0,0.9067,data/raw/pool/neg_rvlcdip_other_01460.jpg
data/raw/pool/neg_rvlcdip_other_01461.jpg,rvlcdip_other,handwritten,0,0.9046,data/raw/pool/neg_rvlcdip_other_01461.jpg
data/raw/pool/neg_rvlcdip_other_01462.jpg,rvlcdip_other,handwritten,0,0.9055,data/raw/pool/neg_rvlcdip_other_01462.jpg
data/raw/pool/neg_rvlcdip_other_01463.jpg,rvlcdip_other,handwritten,0,0.9066,data/raw/pool/neg_rvlcdip_other_01463.jpg
data/raw/pool/neg_rvlcdip_other_01464.jpg,rvlcdip_other,handwritten,0,0.8795,data/raw/pool/neg_rvlcdip_other_01464.jpg
data/raw/pool/neg_rvlcdip_other_01465.jpg,rvlcdip_other,handwritten,0,0.9086,data/raw/pool/neg_rvlcdip_other_01465.jpg
data/raw/pool/neg_rvlcdip_other_01466.jpg,rvlcdip_other,handwritten,0,0.9099,data/raw/pool/neg_rvlcdip_other_01466.jpg
data/raw/pool/neg_rvlcdip_other_01467.jpg,rvlcdip_other,handwritten,0,0.9064,data/raw/pool/neg_rvlcdip_other_01467.jpg
data/raw/pool/neg_rvlcdip_other_01468.jpg,rvlcdip_other,questionnaire,0,0.7349,data/raw/pool/neg_rvlcdip_other_01468.jpg
data/raw/pool/neg_rvlcdip_other_01469.jpg,rvlcdip_other,handwritten,0,0.9035,data/raw/pool/neg_rvlcdip_other_01469.jpg
data/raw/pool/neg_rvlcdip_other_01470.jpg,rvlcdip_other,handwritten,0,0.6099,data/raw/pool/neg_rvlcdip_other_01470.jpg
data/raw/pool/neg_rvlcdip_other_01471.jpg,rvlcdip_other,handwritten,0,0.9064,data/raw/pool/neg_rvlcdip_other_01471.jpg
data/raw/pool/neg_rvlcdip_other_01472.jpg,rvlcdip_other,handwritten,0,0.9061,data/raw/pool/neg_rvlcdip_other_01472.jpg
data/raw/pool/neg_rvlcdip_other_01473.jpg,rvlcdip_other,handwritten,0,0.9053,data/raw/pool/neg_rvlcdip_other_01473.jpg
data/raw/pool/neg_rvlcdip_other_01474.jpg,rvlcdip_other,handwritten,0,0.9100,data/raw/pool/neg_rvlcdip_other_01474.jpg
data/raw/pool/neg_rvlcdip_other_01475.jpg,rvlcdip_other,handwritten,0,0.9088,data/raw/pool/neg_rvlcdip_other_01475.jpg
data/raw/pool/neg_rvlcdip_other_01476.jpg,rvlcdip_other,handwritten,0,0.9016,data/raw/pool/neg_rvlcdip_other_01476.jpg
data/raw/pool/neg_rvlcdip_other_01477.jpg,rvlcdip_other,handwritten,0,0.9045,data/raw/pool/neg_rvlcdip_other_01477.jpg
data/raw/pool/neg_rvlcdip_other_01478.jpg,rvlcdip_other,form,0,0.9052,data/raw/pool/neg_rvlcdip_other_01478.jpg
data/raw/pool/neg_rvlcdip_other_01479.jpg,rvlcdip_other,handwritten,0,0.9062,data/raw/pool/neg_rvlcdip_other_01479.jpg
data/raw/pool/neg_rvlcdip_other_01480.jpg,rvlcdip_other,handwritten,0,0.5325,data/raw/pool/neg_rvlcdip_other_01480.jpg
data/raw/pool/neg_rvlcdip_other_01481.jpg,rvlcdip_other,handwritten,0,0.9076,data/raw/pool/neg_rvlcdip_other_01481.jpg
data/raw/pool/neg_rvlcdip_other_01482.jpg,rvlcdip_other,handwritten,0,0.9077,data/raw/pool/neg_rvlcdip_other_01482.jpg
data/raw/pool/neg_rvlcdip_other_01483.jpg,rvlcdip_other,handwritten,0,0.8954,data/raw/pool/neg_rvlcdip_other_01483.jpg
data/raw/pool/neg_rvlcdip_other_01484.jpg,rvlcdip_other,handwritten,0,0.9019,data/raw/pool/neg_rvlcdip_other_01484.jpg
data/raw/pool/neg_rvlcdip_other_01485.jpg,rvlcdip_other,handwritten,0,0.7577,data/raw/pool/neg_rvlcdip_other_01485.jpg
data/raw/pool/neg_rvlcdip_other_01486.jpg,rvlcdip_other,handwritten,0,0.7361,data/raw/pool/neg_rvlcdip_other_01486.jpg
data/raw/pool/neg_rvlcdip_other_01487.jpg,rvlcdip_other,handwritten,0,0.8897,data/raw/pool/neg_rvlcdip_other_01487.jpg
data/raw/pool/neg_rvlcdip_other_01488.jpg,rvlcdip_other,handwritten,0,0.9063,data/raw/pool/neg_rvlcdip_other_01488.jpg
data/raw/pool/neg_rvlcdip_other_01489.jpg,rvlcdip_other,handwritten,0,0.9052,data/raw/pool/neg_rvlcdip_other_01489.jpg
data/raw/pool/neg_rvlcdip_other_01490.jpg,rvlcdip_other,handwritten,0,0.9079,data/raw/pool/neg_rvlcdip_other_01490.jpg
data/raw/pool/neg_rvlcdip_other_01491.jpg,rvlcdip_other,handwritten,0,0.9032,data/raw/pool/neg_rvlcdip_other_01491.jpg
data/raw/pool/neg_rvlcdip_other_01492.jpg,rvlcdip_other,handwritten,0,0.4842,data/raw/pool/neg_rvlcdip_other_01492.jpg
data/raw/pool/neg_rvlcdip_other_01493.jpg,rvlcdip_other,handwritten,0,0.9079,data/raw/pool/neg_rvlcdip_other_01493.jpg
data/raw/pool/neg_rvlcdip_other_01494.jpg,rvlcdip_other,handwritten,0,0.9033,data/raw/pool/neg_rvlcdip_other_01494.jpg
data/raw/pool/neg_rvlcdip_other_01495.jpg,rvlcdip_other,handwritten,0,0.9045,data/raw/pool/neg_rvlcdip_other_01495.jpg
data/raw/pool/neg_rvlcdip_other_01496.jpg,rvlcdip_other,handwritten,0,0.9029,data/raw/pool/neg_rvlcdip_other_01496.jpg
data/raw/pool/neg_rvlcdip_other_01497.jpg,rvlcdip_other,handwritten,0,0.9093,data/raw/pool/neg_rvlcdip_other_01497.jpg
data/raw/pool/neg_rvlcdip_other_01498.jpg,rvlcdip_other,handwritten,0,0.7492,data/raw/pool/neg_rvlcdip_other_01498.jpg
data/raw/pool/neg_rvlcdip_other_01499.jpg,rvlcdip_other,handwritten,0,0.9037,data/raw/pool/neg_rvlcdip_other_01499.jpg
data/raw/pool/neg_rvlcdip_other_01500.jpg,rvlcdip_other,handwritten,0,0.9072,data/raw/pool/neg_rvlcdip_other_01500.jpg
data/raw/pool/neg_rvlcdip_other_01501.jpg,rvlcdip_other,specification,0,0.8884,data/raw/pool/neg_rvlcdip_other_01501.jpg
data/raw/pool/neg_rvlcdip_other_01502.jpg,rvlcdip_other,handwritten,0,0.8758,data/raw/pool/neg_rvlcdip_other_01502.jpg
data/raw/pool/neg_rvlcdip_other_01503.jpg,rvlcdip_other,handwritten,0,0.9046,data/raw/pool/neg_rvlcdip_other_01503.jpg
data/raw/pool/neg_rvlcdip_other_01504.jpg,rvlcdip_other,handwritten,0,0.9062,data/raw/pool/neg_rvlcdip_other_01504.jpg
data/raw/pool/neg_rvlcdip_other_01505.jpg,rvlcdip_other,handwritten,0,0.9065,data/raw/pool/neg_rvlcdip_other_01505.jpg
data/raw/pool/neg_rvlcdip_other_01506.jpg,rvlcdip_other,handwritten,0,0.9069,data/raw/pool/neg_rvlcdip_other_01506.jpg
data/raw/pool/neg_rvlcdip_other_01507.jpg,rvlcdip_other,handwritten,0,0.9080,data/raw/pool/neg_rvlcdip_other_01507.jpg
data/raw/pool/neg_rvlcdip_other_01508.jpg,rvlcdip_other,handwritten,0,0.9039,data/raw/pool/neg_rvlcdip_other_01508.jpg
data/raw/pool/neg_rvlcdip_other_01509.jpg,rvlcdip_other,handwritten,0,0.9063,data/raw/pool/neg_rvlcdip_other_01509.jpg
data/raw/pool/neg_rvlcdip_other_01510.jpg,rvlcdip_other,handwritten,0,0.8807,data/raw/pool/neg_rvlcdip_other_01510.jpg
data/raw/pool/neg_rvlcdip_other_01511.jpg,rvlcdip_other,handwritten,0,0.9054,data/raw/pool/neg_rvlcdip_other_01511.jpg
data/raw/pool/neg_rvlcdip_other_01512.jpg,rvlcdip_other,handwritten,0,0.9087,data/raw/pool/neg_rvlcdip_other_01512.jpg
data/raw/pool/neg_rvlcdip_other_01513.jpg,rvlcdip_other,handwritten,0,0.9091,data/raw/pool/neg_rvlcdip_other_01513.jpg
data/raw/pool/neg_rvlcdip_other_01514.jpg,rvlcdip_other,handwritten,0,0.9072,data/raw/pool/neg_rvlcdip_other_01514.jpg
data/raw/pool/neg_rvlcdip_other_01515.jpg,rvlcdip_other,handwritten,0,0.9068,data/raw/pool/neg_rvlcdip_other_01515.jpg
data/raw/pool/neg_rvlcdip_other_01516.jpg,rvlcdip_other,handwritten,0,0.9087,data/raw/pool/neg_rvlcdip_other_01516.jpg
data/raw/pool/neg_rvlcdip_other_01517.jpg,rvlcdip_other,handwritten,0,0.9045,data/raw/pool/neg_rvlcdip_other_01517.jpg
data/raw/pool/neg_rvlcdip_other_01518.jpg,rvlcdip_other,handwritten,0,0.9070,data/raw/pool/neg_rvlcdip_other_01518.jpg
data/raw/pool/neg_rvlcdip_other_01519.jpg,rvlcdip_other,handwritten,0,0.9072,data/raw/pool/neg_rvlcdip_other_01519.jpg
data/raw/pool/neg_rvlcdip_other_01520.jpg,rvlcdip_other,handwritten,0,0.9083,data/raw/pool/neg_rvlcdip_other_01520.jpg
data/raw/pool/neg_rvlcdip_other_01521.jpg,rvlcdip_other,handwritten,0,0.9030,data/raw/pool/neg_rvlcdip_other_01521.jpg
data/raw/pool/neg_rvlcdip_other_01522.jpg,rvlcdip_other,handwritten,0,0.7554,data/raw/pool/neg_rvlcdip_other_01522.jpg
data/raw/pool/neg_rvlcdip_other_01523.jpg,rvlcdip_other,handwritten,0,0.9061,data/raw/pool/neg_rvlcdip_other_01523.jpg
data/raw/pool/neg_rvlcdip_other_01524.jpg,rvlcdip_other,handwritten,0,0.8910,data/raw/pool/neg_rvlcdip_other_01524.jpg
data/raw/pool/neg_rvlcdip_other_01525.jpg,rvlcdip_other,handwritten,0,0.9081,data/raw/pool/neg_rvlcdip_other_01525.jpg
data/raw/pool/neg_rvlcdip_other_01526.jpg,rvlcdip_other,handwritten,0,0.8938,data/raw/pool/neg_rvlcdip_other_01526.jpg
data/raw/pool/neg_rvlcdip_other_01527.jpg,rvlcdip_other,handwritten,0,0.9092,data/raw/pool/neg_rvlcdip_other_01527.jpg
data/raw/pool/neg_rvlcdip_other_01528.jpg,rvlcdip_other,handwritten,0,0.9065,data/raw/pool/neg_rvlcdip_other_01528.jpg
data/raw/pool/neg_rvlcdip_other_01529.jpg,rvlcdip_other,handwritten,0,0.8990,data/raw/pool/neg_rvlcdip_other_01529.jpg
data/raw/pool/neg_rvlcdip_other_01530.jpg,rvlcdip_other,handwritten,0,0.5103,data/raw/pool/neg_rvlcdip_other_01530.jpg
data/raw/pool/neg_rvlcdip_other_01531.jpg,rvlcdip_other,handwritten,0,0.9046,data/raw/pool/neg_rvlcdip_other_01531.jpg
data/raw/pool/neg_rvlcdip_other_01532.jpg,rvlcdip_other,handwritten,0,0.9021,data/raw/pool/neg_rvlcdip_other_01532.jpg
data/raw/pool/neg_rvlcdip_other_01533.jpg,rvlcdip_other,handwritten,0,0.9055,data/raw/pool/neg_rvlcdip_other_01533.jpg
data/raw/pool/neg_rvlcdip_other_01534.jpg,rvlcdip_other,handwritten,0,0.7850,data/raw/pool/neg_rvlcdip_other_01534.jpg
data/raw/pool/neg_rvlcdip_other_01535.jpg,rvlcdip_other,handwritten,0,0.9092,data/raw/pool/neg_rvlcdip_other_01535.jpg
data/raw/pool/neg_rvlcdip_other_01536.jpg,rvlcdip_other,handwritten,0,0.9058,data/raw/pool/neg_rvlcdip_other_01536.jpg
data/raw/pool/neg_rvlcdip_other_01537.jpg,rvlcdip_other,handwritten,0,0.9062,data/raw/pool/neg_rvlcdip_other_01537.jpg
data/raw/pool/neg_rvlcdip_other_01538.jpg,rvlcdip_other,handwritten,0,0.9013,data/raw/pool/neg_rvlcdip_other_01538.jpg
data/raw/pool/neg_rvlcdip_other_01539.jpg,rvlcdip_other,handwritten,0,0.8620,data/raw/pool/neg_rvlcdip_other_01539.jpg
data/raw/pool/neg_rvlcdip_other_01540.jpg,rvlcdip_other,handwritten,0,0.9086,data/raw/pool/neg_rvlcdip_other_01540.jpg
data/raw/pool/neg_rvlcdip_other_01541.jpg,rvlcdip_other,handwritten,0,0.9069,data/raw/pool/neg_rvlcdip_other_01541.jpg
data/raw/pool/neg_rvlcdip_other_01542.jpg,rvlcdip_other,handwritten,0,0.9095,data/raw/pool/neg_rvlcdip_other_01542.jpg
data/raw/pool/neg_rvlcdip_other_01543.jpg,rvlcdip_other,handwritten,0,0.9072,data/raw/pool/neg_rvlcdip_other_01543.jpg
data/raw/pool/neg_rvlcdip_other_01544.jpg,rvlcdip_other,handwritten,0,0.9078,data/raw/pool/neg_rvlcdip_other_01544.jpg
data/raw/pool/neg_rvlcdip_other_01545.jpg,rvlcdip_other,handwritten,0,0.9002,data/raw/pool/neg_rvlcdip_other_01545.jpg
data/raw/pool/neg_rvlcdip_other_01546.jpg,rvlcdip_other,handwritten,0,0.9094,data/raw/pool/neg_rvlcdip_other_01546.jpg
data/raw/pool/neg_rvlcdip_other_01547.jpg,rvlcdip_other,handwritten,0,0.5071,data/raw/pool/neg_rvlcdip_other_01547.jpg
data/raw/pool/neg_rvlcdip_other_01548.jpg,rvlcdip_other,handwritten,0,0.9064,data/raw/pool/neg_rvlcdip_other_01548.jpg
data/raw/pool/neg_rvlcdip_other_01549.jpg,rvlcdip_other,handwritten,0,0.9095,data/raw/pool/neg_rvlcdip_other_01549.jpg
data/raw/pool/neg_rvlcdip_other_01550.jpg,rvlcdip_other,handwritten,0,0.9079,data/raw/pool/neg_rvlcdip_other_01550.jpg
data/raw/pool/neg_rvlcdip_other_01551.jpg,rvlcdip_other,handwritten,0,0.9067,data/raw/pool/neg_rvlcdip_other_01551.jpg
data/raw/pool/neg_rvlcdip_other_01552.jpg,rvlcdip_other,handwritten,0,0.9059,data/raw/pool/neg_rvlcdip_other_01552.jpg
data/raw/pool/neg_rvlcdip_other_01553.jpg,rvlcdip_other,handwritten,0,0.9082,data/raw/pool/neg_rvlcdip_other_01553.jpg
data/raw/pool/neg_rvlcdip_other_01554.jpg,rvlcdip_other,handwritten,0,0.9089,data/raw/pool/neg_rvlcdip_other_01554.jpg
data/raw/pool/neg_rvlcdip_other_01555.jpg,rvlcdip_other,handwritten,0,0.9059,data/raw/pool/neg_rvlcdip_other_01555.jpg
data/raw/pool/neg_rvlcdip_other_01556.jpg,rvlcdip_other,handwritten,0,0.9046,data/raw/pool/neg_rvlcdip_other_01556.jpg
data/raw/pool/neg_rvlcdip_other_01557.jpg,rvlcdip_other,handwritten,0,0.9005,data/raw/pool/neg_rvlcdip_other_01557.jpg
data/raw/pool/neg_rvlcdip_other_01558.jpg,rvlcdip_other,handwritten,0,0.9034,data/raw/pool/neg_rvlcdip_other_01558.jpg
data/raw/pool/neg_rvlcdip_other_01559.jpg,rvlcdip_other,handwritten,0,0.8982,data/raw/pool/neg_rvlcdip_other_01559.jpg
data/raw/pool/neg_rvlcdip_other_01560.jpg,rvlcdip_other,handwritten,0,0.9086,data/raw/pool/neg_rvlcdip_other_01560.jpg
data/raw/pool/neg_rvlcdip_other_01561.jpg,rvlcdip_other,handwritten,0,0.8840,data/raw/pool/neg_rvlcdip_other_01561.jpg
data/raw/pool/neg_rvlcdip_other_01562.jpg,rvlcdip_other,handwritten,0,0.9052,data/raw/pool/neg_rvlcdip_other_01562.jpg
data/raw/pool/neg_rvlcdip_other_01563.jpg,rvlcdip_other,handwritten,0,0.8731,data/raw/pool/neg_rvlcdip_other_01563.jpg
data/raw/pool/neg_rvlcdip_other_01564.jpg,rvlcdip_other,handwritten,0,0.9065,data/raw/pool/neg_rvlcdip_other_01564.jpg
data/raw/pool/neg_rvlcdip_other_01565.jpg,rvlcdip_other,handwritten,0,0.9069,data/raw/pool/neg_rvlcdip_other_01565.jpg
data/raw/pool/neg_rvlcdip_other_01566.jpg,rvlcdip_other,handwritten,0,0.9054,data/raw/pool/neg_rvlcdip_other_01566.jpg
data/raw/pool/neg_rvlcdip_other_01567.jpg,rvlcdip_other,handwritten,0,0.9053,data/raw/pool/neg_rvlcdip_other_01567.jpg
data/raw/pool/neg_rvlcdip_other_01568.jpg,rvlcdip_other,handwritten,0,0.9005,data/raw/pool/neg_rvlcdip_other_01568.jpg
data/raw/pool/neg_rvlcdip_other_01569.jpg,rvlcdip_other,handwritten,0,0.9079,data/raw/pool/neg_rvlcdip_other_01569.jpg
data/raw/pool/neg_rvlcdip_other_01570.jpg,rvlcdip_other,handwritten,0,0.9013,data/raw/pool/neg_rvlcdip_other_01570.jpg
data/raw/pool/neg_rvlcdip_other_01571.jpg,rvlcdip_other,form,0,0.4298,data/raw/pool/neg_rvlcdip_other_01571.jpg
data/raw/pool/neg_rvlcdip_other_01572.jpg,rvlcdip_other,handwritten,0,0.9068,data/raw/pool/neg_rvlcdip_other_01572.jpg
data/raw/pool/neg_rvlcdip_other_01573.jpg,rvlcdip_other,handwritten,0,0.9070,data/raw/pool/neg_rvlcdip_other_01573.jpg
data/raw/pool/neg_rvlcdip_other_01574.jpg,rvlcdip_other,handwritten,0,0.9038,data/raw/pool/neg_rvlcdip_other_01574.jpg
data/raw/pool/neg_rvlcdip_other_01575.jpg,rvlcdip_other,handwritten,0,0.9058,data/raw/pool/neg_rvlcdip_other_01575.jpg
data/raw/pool/neg_rvlcdip_other_01576.jpg,rvlcdip_other,handwritten,0,0.8985,data/raw/pool/neg_rvlcdip_other_01576.jpg
data/raw/pool/neg_rvlcdip_other_01577.jpg,rvlcdip_other,handwritten,0,0.8991,data/raw/pool/neg_rvlcdip_other_01577.jpg
data/raw/pool/neg_rvlcdip_other_01578.jpg,rvlcdip_other,handwritten,0,0.9043,data/raw/pool/neg_rvlcdip_other_01578.jpg
data/raw/pool/neg_rvlcdip_other_01579.jpg,rvlcdip_other,handwritten,0,0.9090,data/raw/pool/neg_rvlcdip_other_01579.jpg
data/raw/pool/neg_rvlcdip_other_01580.jpg,rvlcdip_other,handwritten,0,0.8966,data/raw/pool/neg_rvlcdip_other_01580.jpg
data/raw/pool/neg_rvlcdip_other_01581.jpg,rvlcdip_other,handwritten,0,0.8956,data/raw/pool/neg_rvlcdip_other_01581.jpg
data/raw/pool/neg_rvlcdip_other_01582.jpg,rvlcdip_other,questionnaire,0,0.9027,data/raw/pool/neg_rvlcdip_other_01582.jpg
data/raw/pool/neg_rvlcdip_other_01583.jpg,rvlcdip_other,handwritten,0,0.9096,data/raw/pool/neg_rvlcdip_other_01583.jpg
data/raw/pool/neg_rvlcdip_other_01584.jpg,rvlcdip_other,form,0,0.6237,data/raw/pool/neg_rvlcdip_other_01584.jpg
data/raw/pool/neg_rvlcdip_other_01585.jpg,rvlcdip_other,handwritten,0,0.7720,data/raw/pool/neg_rvlcdip_other_01585.jpg
data/raw/pool/neg_rvlcdip_other_01586.jpg,rvlcdip_other,handwritten,0,0.9059,data/raw/pool/neg_rvlcdip_other_01586.jpg
data/raw/pool/neg_rvlcdip_other_01587.jpg,rvlcdip_other,handwritten,0,0.9045,data/raw/pool/neg_rvlcdip_other_01587.jpg
data/raw/pool/neg_rvlcdip_other_01588.jpg,rvlcdip_other,handwritten,0,0.9091,data/raw/pool/neg_rvlcdip_other_01588.jpg
data/raw/pool/neg_rvlcdip_other_01589.jpg,rvlcdip_other,handwritten,0,0.9061,data/raw/pool/neg_rvlcdip_other_01589.jpg
data/raw/pool/neg_rvlcdip_other_01590.jpg,rvlcdip_other,handwritten,0,0.9086,data/raw/pool/neg_rvlcdip_other_01590.jpg
data/raw/pool/neg_rvlcdip_other_01591.jpg,rvlcdip_other,handwritten,0,0.9085,data/raw/pool/neg_rvlcdip_other_01591.jpg
data/raw/pool/neg_rvlcdip_other_01592.jpg,rvlcdip_other,handwritten,0,0.9067,data/raw/pool/neg_rvlcdip_other_01592.jpg
data/raw/pool/neg_rvlcdip_other_01593.jpg,rvlcdip_other,handwritten,0,0.9030,data/raw/pool/neg_rvlcdip_other_01593.jpg
data/raw/pool/neg_rvlcdip_other_01594.jpg,rvlcdip_other,handwritten,0,0.9069,data/raw/pool/neg_rvlcdip_other_01594.jpg
data/raw/pool/neg_rvlcdip_other_01595.jpg,rvlcdip_other,handwritten,0,0.9080,data/raw/pool/neg_rvlcdip_other_01595.jpg
data/raw/pool/neg_rvlcdip_other_01596.jpg,rvlcdip_other,handwritten,0,0.9020,data/raw/pool/neg_rvlcdip_other_01596.jpg
data/raw/pool/neg_rvlcdip_other_01597.jpg,rvlcdip_other,handwritten,0,0.9044,data/raw/pool/neg_rvlcdip_other_01597.jpg
data/raw/pool/neg_rvlcdip_other_01598.jpg,rvlcdip_other,handwritten,0,0.8994,data/raw/pool/neg_rvlcdip_other_01598.jpg
data/raw/pool/neg_rvlcdip_other_01599.jpg,rvlcdip_other,handwritten,0,0.8751,data/raw/pool/neg_rvlcdip_other_01599.jpg
data/raw/pool/neg_rvlcdip_other_01600.jpg,rvlcdip_other,advertisement,0,0.9082,data/raw/pool/neg_rvlcdip_other_01600.jpg
data/raw/pool/neg_rvlcdip_other_01601.jpg,rvlcdip_other,advertisement,0,0.9058,data/raw/pool/neg_rvlcdip_other_01601.jpg
data/raw/pool/neg_rvlcdip_other_01602.jpg,rvlcdip_other,advertisement,0,0.9087,data/raw/pool/neg_rvlcdip_other_01602.jpg
data/raw/pool/neg_rvlcdip_other_01603.jpg,rvlcdip_other,advertisement,0,0.9039,data/raw/pool/neg_rvlcdip_other_01603.jpg
data/raw/pool/neg_rvlcdip_other_01604.jpg,rvlcdip_other,advertisement,0,0.9035,data/raw/pool/neg_rvlcdip_other_01604.jpg
data/raw/pool/neg_rvlcdip_other_01605.jpg,rvlcdip_other,advertisement,0,0.9101,data/raw/pool/neg_rvlcdip_other_01605.jpg
data/raw/pool/neg_rvlcdip_other_01606.jpg,rvlcdip_other,advertisement,0,0.9055,data/raw/pool/neg_rvlcdip_other_01606.jpg
data/raw/pool/neg_rvlcdip_other_01607.jpg,rvlcdip_other,advertisement,0,0.9067,data/raw/pool/neg_rvlcdip_other_01607.jpg
data/raw/pool/neg_rvlcdip_other_01608.jpg,rvlcdip_other,advertisement,0,0.9090,data/raw/pool/neg_rvlcdip_other_01608.jpg
data/raw/pool/neg_rvlcdip_other_01609.jpg,rvlcdip_other,advertisement,0,0.9061,data/raw/pool/neg_rvlcdip_other_01609.jpg
data/raw/pool/neg_rvlcdip_other_01610.jpg,rvlcdip_other,advertisement,0,0.9079,data/raw/pool/neg_rvlcdip_other_01610.jpg
data/raw/pool/neg_rvlcdip_other_01611.jpg,rvlcdip_other,advertisement,0,0.7904,data/raw/pool/neg_rvlcdip_other_01611.jpg
data/raw/pool/neg_rvlcdip_other_01612.jpg,rvlcdip_other,advertisement,0,0.9062,data/raw/pool/neg_rvlcdip_other_01612.jpg
data/raw/pool/neg_rvlcdip_other_01613.jpg,rvlcdip_other,advertisement,0,0.8987,data/raw/pool/neg_rvlcdip_other_01613.jpg
data/raw/pool/neg_rvlcdip_other_01614.jpg,rvlcdip_other,advertisement,0,0.9064,data/raw/pool/neg_rvlcdip_other_01614.jpg
data/raw/pool/neg_rvlcdip_other_01615.jpg,rvlcdip_other,advertisement,0,0.9071,data/raw/pool/neg_rvlcdip_other_01615.jpg
data/raw/pool/neg_rvlcdip_other_01616.jpg,rvlcdip_other,advertisement,0,0.9039,data/raw/pool/neg_rvlcdip_other_01616.jpg
data/raw/pool/neg_rvlcdip_other_01617.jpg,rvlcdip_other,advertisement,0,0.8920,data/raw/pool/neg_rvlcdip_other_01617.jpg
data/raw/pool/neg_rvlcdip_other_01618.jpg,rvlcdip_other,form,0,0.7643,data/raw/pool/neg_rvlcdip_other_01618.jpg
data/raw/pool/neg_rvlcdip_other_01619.jpg,rvlcdip_other,advertisement,0,0.9066,data/raw/pool/neg_rvlcdip_other_01619.jpg
data/raw/pool/neg_rvlcdip_other_01620.jpg,rvlcdip_other,advertisement,0,0.9062,data/raw/pool/neg_rvlcdip_other_01620.jpg
data/raw/pool/neg_rvlcdip_other_01621.jpg,rvlcdip_other,advertisement,0,0.9073,data/raw/pool/neg_rvlcdip_other_01621.jpg
data/raw/pool/neg_rvlcdip_other_01622.jpg,rvlcdip_other,advertisement,0,0.8986,data/raw/pool/neg_rvlcdip_other_01622.jpg
data/raw/pool/neg_rvlcdip_other_01623.jpg,rvlcdip_other,advertisement,0,0.9032,data/raw/pool/neg_rvlcdip_other_01623.jpg
data/raw/pool/neg_rvlcdip_other_01624.jpg,rvlcdip_other,advertisement,0,0.9048,data/raw/pool/neg_rvlcdip_other_01624.jpg
data/raw/pool/neg_rvlcdip_other_01625.jpg,rvlcdip_other,advertisement,0,0.9031,data/raw/pool/neg_rvlcdip_other_01625.jpg
data/raw/pool/neg_rvlcdip_other_01626.jpg,rvlcdip_other,advertisement,0,0.9044,data/raw/pool/neg_rvlcdip_other_01626.jpg
data/raw/pool/neg_rvlcdip_other_01627.jpg,rvlcdip_other,advertisement,0,0.9029,data/raw/pool/neg_rvlcdip_other_01627.jpg
data/raw/pool/neg_rvlcdip_other_01628.jpg,rvlcdip_other,advertisement,0,0.9018,data/raw/pool/neg_rvlcdip_other_01628.jpg
data/raw/pool/neg_rvlcdip_other_01629.jpg,rvlcdip_other,advertisement,0,0.9038,data/raw/pool/neg_rvlcdip_other_01629.jpg
data/raw/pool/neg_rvlcdip_other_01630.jpg,rvlcdip_other,advertisement,0,0.6618,data/raw/pool/neg_rvlcdip_other_01630.jpg
data/raw/pool/neg_rvlcdip_other_01631.jpg,rvlcdip_other,handwritten,0,0.5040,data/raw/pool/neg_rvlcdip_other_01631.jpg
data/raw/pool/neg_rvlcdip_other_01632.jpg,rvlcdip_other,advertisement,0,0.9000,data/raw/pool/neg_rvlcdip_other_01632.jpg
data/raw/pool/neg_rvlcdip_other_01633.jpg,rvlcdip_other,advertisement,0,0.9028,data/raw/pool/neg_rvlcdip_other_01633.jpg
data/raw/pool/neg_rvlcdip_other_01634.jpg,rvlcdip_other,advertisement,0,0.8716,data/raw/pool/neg_rvlcdip_other_01634.jpg
data/raw/pool/neg_rvlcdip_other_01635.jpg,rvlcdip_other,form,0,0.1942,data/raw/pool/neg_rvlcdip_other_01635.jpg
data/raw/pool/neg_rvlcdip_other_01636.jpg,rvlcdip_other,advertisement,0,0.9048,data/raw/pool/neg_rvlcdip_other_01636.jpg
data/raw/pool/neg_rvlcdip_other_01637.jpg,rvlcdip_other,advertisement,0,0.9022,data/raw/pool/neg_rvlcdip_other_01637.jpg
data/raw/pool/neg_rvlcdip_other_01638.jpg,rvlcdip_other,advertisement,0,0.9033,data/raw/pool/neg_rvlcdip_other_01638.jpg
data/raw/pool/neg_rvlcdip_other_01639.jpg,rvlcdip_other,advertisement,0,0.9081,data/raw/pool/neg_rvlcdip_other_01639.jpg
data/raw/pool/neg_rvlcdip_other_01640.jpg,rvlcdip_other,advertisement,0,0.7403,data/raw/pool/neg_rvlcdip_other_01640.jpg
data/raw/pool/neg_rvlcdip_other_01641.jpg,rvlcdip_other,advertisement,0,0.9058,data/raw/pool/neg_rvlcdip_other_01641.jpg
data/raw/pool/neg_rvlcdip_other_01642.jpg,rvlcdip_other,advertisement,0,0.9080,data/raw/pool/neg_rvlcdip_other_01642.jpg
data/raw/pool/neg_rvlcdip_other_01643.jpg,rvlcdip_other,advertisement,0,0.9052,data/raw/pool/neg_rvlcdip_other_01643.jpg
data/raw/pool/neg_rvlcdip_other_01644.jpg,rvlcdip_other,advertisement,0,0.9047,data/raw/pool/neg_rvlcdip_other_01644.jpg
data/raw/pool/neg_rvlcdip_other_01645.jpg,rvlcdip_other,advertisement,0,0.9001,data/raw/pool/neg_rvlcdip_other_01645.jpg
data/raw/pool/neg_rvlcdip_other_01646.jpg,rvlcdip_other,advertisement,0,0.9031,data/raw/pool/neg_rvlcdip_other_01646.jpg
data/raw/pool/neg_rvlcdip_other_01647.jpg,rvlcdip_other,advertisement,0,0.9069,data/raw/pool/neg_rvlcdip_other_01647.jpg
data/raw/pool/neg_rvlcdip_other_01648.jpg,rvlcdip_other,advertisement,0,0.9046,data/raw/pool/neg_rvlcdip_other_01648.jpg
data/raw/pool/neg_rvlcdip_other_01649.jpg,rvlcdip_other,advertisement,0,0.9084,data/raw/pool/neg_rvlcdip_other_01649.jpg
data/raw/pool/neg_rvlcdip_other_01650.jpg,rvlcdip_other,advertisement,0,0.9057,data/raw/pool/neg_rvlcdip_other_01650.jpg
data/raw/pool/neg_rvlcdip_other_01651.jpg,rvlcdip_other,advertisement,0,0.6608,data/raw/pool/neg_rvlcdip_other_01651.jpg
data/raw/pool/neg_rvlcdip_other_01652.jpg,rvlcdip_other,advertisement,0,0.8985,data/raw/pool/neg_rvlcdip_other_01652.jpg
data/raw/pool/neg_rvlcdip_other_01653.jpg,rvlcdip_other,advertisement,0,0.9090,data/raw/pool/neg_rvlcdip_other_01653.jpg
data/raw/pool/neg_rvlcdip_other_01654.jpg,rvlcdip_other,advertisement,0,0.9099,data/raw/pool/neg_rvlcdip_other_01654.jpg
data/raw/pool/neg_rvlcdip_other_01655.jpg,rvlcdip_other,advertisement,0,0.9074,data/raw/pool/neg_rvlcdip_other_01655.jpg
data/raw/pool/neg_rvlcdip_other_01656.jpg,rvlcdip_other,advertisement,0,0.9032,data/raw/pool/neg_rvlcdip_other_01656.jpg
data/raw/pool/neg_rvlcdip_other_01657.jpg,rvlcdip_other,advertisement,0,0.9047,data/raw/pool/neg_rvlcdip_other_01657.jpg
data/raw/pool/neg_rvlcdip_other_01658.jpg,rvlcdip_other,advertisement,0,0.8857,data/raw/pool/neg_rvlcdip_other_01658.jpg
data/raw/pool/neg_rvlcdip_other_01659.jpg,rvlcdip_other,advertisement,0,0.9037,data/raw/pool/neg_rvlcdip_other_01659.jpg
data/raw/pool/neg_rvlcdip_other_01660.jpg,rvlcdip_other,advertisement,0,0.9057,data/raw/pool/neg_rvlcdip_other_01660.jpg
data/raw/pool/neg_rvlcdip_other_01661.jpg,rvlcdip_other,advertisement,0,0.9057,data/raw/pool/neg_rvlcdip_other_01661.jpg
data/raw/pool/neg_rvlcdip_other_01662.jpg,rvlcdip_other,advertisement,0,0.9044,data/raw/pool/neg_rvlcdip_other_01662.jpg
data/raw/pool/neg_rvlcdip_other_01663.jpg,rvlcdip_other,advertisement,0,0.9046,data/raw/pool/neg_rvlcdip_other_01663.jpg
data/raw/pool/neg_rvlcdip_other_01664.jpg,rvlcdip_other,advertisement,0,0.9029,data/raw/pool/neg_rvlcdip_other_01664.jpg
data/raw/pool/neg_rvlcdip_other_01665.jpg,rvlcdip_other,advertisement,0,0.9073,data/raw/pool/neg_rvlcdip_other_01665.jpg
data/raw/pool/neg_rvlcdip_other_01666.jpg,rvlcdip_other,advertisement,0,0.9076,data/raw/pool/neg_rvlcdip_other_01666.jpg
data/raw/pool/neg_rvlcdip_other_01667.jpg,rvlcdip_other,advertisement,0,0.9049,data/raw/pool/neg_rvlcdip_other_01667.jpg
data/raw/pool/neg_rvlcdip_other_01668.jpg,rvlcdip_other,advertisement,0,0.9043,data/raw/pool/neg_rvlcdip_other_01668.jpg
data/raw/pool/neg_rvlcdip_other_01669.jpg,rvlcdip_other,advertisement,0,0.9067,data/raw/pool/neg_rvlcdip_other_01669.jpg
data/raw/pool/neg_rvlcdip_other_01670.jpg,rvlcdip_other,handwritten,0,0.5424,data/raw/pool/neg_rvlcdip_other_01670.jpg
data/raw/pool/neg_rvlcdip_other_01671.jpg,rvlcdip_other,advertisement,0,0.9039,data/raw/pool/neg_rvlcdip_other_01671.jpg
data/raw/pool/neg_rvlcdip_other_01672.jpg,rvlcdip_other,advertisement,0,0.9015,data/raw/pool/neg_rvlcdip_other_01672.jpg
data/raw/pool/neg_rvlcdip_other_01673.jpg,rvlcdip_other,advertisement,0,0.9069,data/raw/pool/neg_rvlcdip_other_01673.jpg
data/raw/pool/neg_rvlcdip_other_01674.jpg,rvlcdip_other,advertisement,0,0.9065,data/raw/pool/neg_rvlcdip_other_01674.jpg
data/raw/pool/neg_rvlcdip_other_01675.jpg,rvlcdip_other,advertisement,0,0.8910,data/raw/pool/neg_rvlcdip_other_01675.jpg
data/raw/pool/neg_rvlcdip_other_01676.jpg,rvlcdip_other,advertisement,0,0.6618,data/raw/pool/neg_rvlcdip_other_01676.jpg
data/raw/pool/neg_rvlcdip_other_01677.jpg,rvlcdip_other,advertisement,0,0.8994,data/raw/pool/neg_rvlcdip_other_01677.jpg
data/raw/pool/neg_rvlcdip_other_01678.jpg,rvlcdip_other,advertisement,0,0.9053,data/raw/pool/neg_rvlcdip_other_01678.jpg
data/raw/pool/neg_rvlcdip_other_01679.jpg,rvlcdip_other,advertisement,0,0.9079,data/raw/pool/neg_rvlcdip_other_01679.jpg
data/raw/pool/neg_rvlcdip_other_01680.jpg,rvlcdip_other,advertisement,0,0.9082,data/raw/pool/neg_rvlcdip_other_01680.jpg
data/raw/pool/neg_rvlcdip_other_01681.jpg,rvlcdip_other,advertisement,0,0.8988,data/raw/pool/neg_rvlcdip_other_01681.jpg
data/raw/pool/neg_rvlcdip_other_01682.jpg,rvlcdip_other,advertisement,0,0.6618,data/raw/pool/neg_rvlcdip_other_01682.jpg
data/raw/pool/neg_rvlcdip_other_01683.jpg,rvlcdip_other,advertisement,0,0.7859,data/raw/pool/neg_rvlcdip_other_01683.jpg
data/raw/pool/neg_rvlcdip_other_01684.jpg,rvlcdip_other,advertisement,0,0.9052,data/raw/pool/neg_rvlcdip_other_01684.jpg
data/raw/pool/neg_rvlcdip_other_01685.jpg,rvlcdip_other,advertisement,0,0.9092,data/raw/pool/neg_rvlcdip_other_01685.jpg
data/raw/pool/neg_rvlcdip_other_01686.jpg,rvlcdip_other,presentation,0,0.4041,data/raw/pool/neg_rvlcdip_other_01686.jpg
data/raw/pool/neg_rvlcdip_other_01687.jpg,rvlcdip_other,advertisement,0,0.9040,data/raw/pool/neg_rvlcdip_other_01687.jpg
data/raw/pool/neg_rvlcdip_other_01688.jpg,rvlcdip_other,advertisement,0,0.9070,data/raw/pool/neg_rvlcdip_other_01688.jpg
data/raw/pool/neg_rvlcdip_other_01689.jpg,rvlcdip_other,advertisement,0,0.9036,data/raw/pool/neg_rvlcdip_other_01689.jpg
data/raw/pool/neg_rvlcdip_other_01690.jpg,rvlcdip_other,advertisement,0,0.9052,data/raw/pool/neg_rvlcdip_other_01690.jpg
data/raw/pool/neg_rvlcdip_other_01691.jpg,rvlcdip_other,advertisement,0,0.9046,data/raw/pool/neg_rvlcdip_other_01691.jpg
data/raw/pool/neg_rvlcdip_other_01692.jpg,rvlcdip_other,advertisement,0,0.9051,data/raw/pool/neg_rvlcdip_other_01692.jpg
data/raw/pool/neg_rvlcdip_other_01693.jpg,rvlcdip_other,advertisement,0,0.9041,data/raw/pool/neg_rvlcdip_other_01693.jpg
data/raw/pool/neg_rvlcdip_other_01694.jpg,rvlcdip_other,advertisement,0,0.9048,data/raw/pool/neg_rvlcdip_other_01694.jpg
data/raw/pool/neg_rvlcdip_other_01695.jpg,rvlcdip_other,advertisement,0,0.9069,data/raw/pool/neg_rvlcdip_other_01695.jpg
data/raw/pool/neg_rvlcdip_other_01696.jpg,rvlcdip_other,questionnaire,0,0.8524,data/raw/pool/neg_rvlcdip_other_01696.jpg
data/raw/pool/neg_rvlcdip_other_01697.jpg,rvlcdip_other,advertisement,0,0.8920,data/raw/pool/neg_rvlcdip_other_01697.jpg
data/raw/pool/neg_rvlcdip_other_01698.jpg,rvlcdip_other,advertisement,0,0.9051,data/raw/pool/neg_rvlcdip_other_01698.jpg
data/raw/pool/neg_rvlcdip_other_01699.jpg,rvlcdip_other,advertisement,0,0.9047,data/raw/pool/neg_rvlcdip_other_01699.jpg
data/raw/pool/neg_rvlcdip_other_01700.jpg,rvlcdip_other,advertisement,0,0.9032,data/raw/pool/neg_rvlcdip_other_01700.jpg
data/raw/pool/neg_rvlcdip_other_01701.jpg,rvlcdip_other,advertisement,0,0.9041,data/raw/pool/neg_rvlcdip_other_01701.jpg
data/raw/pool/neg_rvlcdip_other_01702.jpg,rvlcdip_other,presentation,0,0.9017,data/raw/pool/neg_rvlcdip_other_01702.jpg
data/raw/pool/neg_rvlcdip_other_01703.jpg,rvlcdip_other,advertisement,0,0.9088,data/raw/pool/neg_rvlcdip_other_01703.jpg
data/raw/pool/neg_rvlcdip_other_01704.jpg,rvlcdip_other,advertisement,0,0.9083,data/raw/pool/neg_rvlcdip_other_01704.jpg
data/raw/pool/neg_rvlcdip_other_01705.jpg,rvlcdip_other,advertisement,0,0.9029,data/raw/pool/neg_rvlcdip_other_01705.jpg
data/raw/pool/neg_rvlcdip_other_01706.jpg,rvlcdip_other,advertisement,0,0.9064,data/raw/pool/neg_rvlcdip_other_01706.jpg
data/raw/pool/neg_rvlcdip_other_01707.jpg,rvlcdip_other,advertisement,0,0.9033,data/raw/pool/neg_rvlcdip_other_01707.jpg
data/raw/pool/neg_rvlcdip_other_01708.jpg,rvlcdip_other,advertisement,0,0.9069,data/raw/pool/neg_rvlcdip_other_01708.jpg
data/raw/pool/neg_rvlcdip_other_01709.jpg,rvlcdip_other,advertisement,0,0.9035,data/raw/pool/neg_rvlcdip_other_01709.jpg
data/raw/pool/neg_rvlcdip_other_01710.jpg,rvlcdip_other,advertisement,0,0.9063,data/raw/pool/neg_rvlcdip_other_01710.jpg
data/raw/pool/neg_rvlcdip_other_01711.jpg,rvlcdip_other,advertisement,0,0.9075,data/raw/pool/neg_rvlcdip_other_01711.jpg
data/raw/pool/neg_rvlcdip_other_01712.jpg,rvlcdip_other,advertisement,0,0.9049,data/raw/pool/neg_rvlcdip_other_01712.jpg
data/raw/pool/neg_rvlcdip_other_01713.jpg,rvlcdip_other,advertisement,0,0.8351,data/raw/pool/neg_rvlcdip_other_01713.jpg
data/raw/pool/neg_rvlcdip_other_01714.jpg,rvlcdip_other,advertisement,0,0.9056,data/raw/pool/neg_rvlcdip_other_01714.jpg
data/raw/pool/neg_rvlcdip_other_01715.jpg,rvlcdip_other,advertisement,0,0.9016,data/raw/pool/neg_rvlcdip_other_01715.jpg
data/raw/pool/neg_rvlcdip_other_01716.jpg,rvlcdip_other,advertisement,0,0.8576,data/raw/pool/neg_rvlcdip_other_01716.jpg
data/raw/pool/neg_rvlcdip_other_01717.jpg,rvlcdip_other,advertisement,0,0.9007,data/raw/pool/neg_rvlcdip_other_01717.jpg
data/raw/pool/neg_rvlcdip_other_01718.jpg,rvlcdip_other,advertisement,0,0.9060,data/raw/pool/neg_rvlcdip_other_01718.jpg
data/raw/pool/neg_rvlcdip_other_01719.jpg,rvlcdip_other,advertisement,0,0.9104,data/raw/pool/neg_rvlcdip_other_01719.jpg
data/raw/pool/neg_rvlcdip_other_01720.jpg,rvlcdip_other,advertisement,0,0.9028,data/raw/pool/neg_rvlcdip_other_01720.jpg
data/raw/pool/neg_rvlcdip_other_01721.jpg,rvlcdip_other,advertisement,0,0.9069,data/raw/pool/neg_rvlcdip_other_01721.jpg
data/raw/pool/neg_rvlcdip_other_01722.jpg,rvlcdip_other,advertisement,0,0.9071,data/raw/pool/neg_rvlcdip_other_01722.jpg
data/raw/pool/neg_rvlcdip_other_01723.jpg,rvlcdip_other,advertisement,0,0.9052,data/raw/pool/neg_rvlcdip_other_01723.jpg
data/raw/pool/neg_rvlcdip_other_01724.jpg,rvlcdip_other,advertisement,0,0.9054,data/raw/pool/neg_rvlcdip_other_01724.jpg
data/raw/pool/neg_rvlcdip_other_01725.jpg,rvlcdip_other,advertisement,0,0.4354,data/raw/pool/neg_rvlcdip_other_01725.jpg
data/raw/pool/neg_rvlcdip_other_01726.jpg,rvlcdip_other,advertisement,0,0.9058,data/raw/pool/neg_rvlcdip_other_01726.jpg
data/raw/pool/neg_rvlcdip_other_01727.jpg,rvlcdip_other,advertisement,0,0.6960,data/raw/pool/neg_rvlcdip_other_01727.jpg
data/raw/pool/neg_rvlcdip_other_01728.jpg,rvlcdip_other,advertisement,0,0.9059,data/raw/pool/neg_rvlcdip_other_01728.jpg
data/raw/pool/neg_rvlcdip_other_01729.jpg,rvlcdip_other,advertisement,0,0.8963,data/raw/pool/neg_rvlcdip_other_01729.jpg
data/raw/pool/neg_rvlcdip_other_01730.jpg,rvlcdip_other,advertisement,0,0.9077,data/raw/pool/neg_rvlcdip_other_01730.jpg
data/raw/pool/neg_rvlcdip_other_01731.jpg,rvlcdip_other,advertisement,0,0.8579,data/raw/pool/neg_rvlcdip_other_01731.jpg
data/raw/pool/neg_rvlcdip_other_01732.jpg,rvlcdip_other,handwritten,0,0.7558,data/raw/pool/neg_rvlcdip_other_01732.jpg
data/raw/pool/neg_rvlcdip_other_01733.jpg,rvlcdip_other,advertisement,0,0.9054,data/raw/pool/neg_rvlcdip_other_01733.jpg
data/raw/pool/neg_rvlcdip_other_01734.jpg,rvlcdip_other,advertisement,0,0.9045,data/raw/pool/neg_rvlcdip_other_01734.jpg
data/raw/pool/neg_rvlcdip_other_01735.jpg,rvlcdip_other,advertisement,0,0.9053,data/raw/pool/neg_rvlcdip_other_01735.jpg
data/raw/pool/neg_rvlcdip_other_01736.jpg,rvlcdip_other,advertisement,0,0.9066,data/raw/pool/neg_rvlcdip_other_01736.jpg
data/raw/pool/neg_rvlcdip_other_01737.jpg,rvlcdip_other,advertisement,0,0.7161,data/raw/pool/neg_rvlcdip_other_01737.jpg
data/raw/pool/neg_rvlcdip_other_01738.jpg,rvlcdip_other,advertisement,0,0.9042,data/raw/pool/neg_rvlcdip_other_01738.jpg
data/raw/pool/neg_rvlcdip_other_01739.jpg,rvlcdip_other,advertisement,0,0.9013,data/raw/pool/neg_rvlcdip_other_01739.jpg
data/raw/pool/neg_rvlcdip_other_01740.jpg,rvlcdip_other,advertisement,0,0.9044,data/raw/pool/neg_rvlcdip_other_01740.jpg
data/raw/pool/neg_rvlcdip_other_01741.jpg,rvlcdip_other,advertisement,0,0.9008,data/raw/pool/neg_rvlcdip_other_01741.jpg
data/raw/pool/neg_rvlcdip_other_01742.jpg,rvlcdip_other,advertisement,0,0.9024,data/raw/pool/neg_rvlcdip_other_01742.jpg
data/raw/pool/neg_rvlcdip_other_01743.jpg,rvlcdip_other,advertisement,0,0.9078,data/raw/pool/neg_rvlcdip_other_01743.jpg
data/raw/pool/neg_rvlcdip_other_01744.jpg,rvlcdip_other,scientific publication,0,0.6438,data/raw/pool/neg_rvlcdip_other_01744.jpg
data/raw/pool/neg_rvlcdip_other_01745.jpg,rvlcdip_other,advertisement,0,0.9061,data/raw/pool/neg_rvlcdip_other_01745.jpg
data/raw/pool/neg_rvlcdip_other_01746.jpg,rvlcdip_other,advertisement,0,0.6608,data/raw/pool/neg_rvlcdip_other_01746.jpg
data/raw/pool/neg_rvlcdip_other_01747.jpg,rvlcdip_other,advertisement,0,0.9052,data/raw/pool/neg_rvlcdip_other_01747.jpg
data/raw/pool/neg_rvlcdip_other_01748.jpg,rvlcdip_other,advertisement,0,0.9033,data/raw/pool/neg_rvlcdip_other_01748.jpg
data/raw/pool/neg_rvlcdip_other_01749.jpg,rvlcdip_other,advertisement,0,0.9064,data/raw/pool/neg_rvlcdip_other_01749.jpg
data/raw/pool/neg_rvlcdip_other_01750.jpg,rvlcdip_other,advertisement,0,0.9072,data/raw/pool/neg_rvlcdip_other_01750.jpg
data/raw/pool/neg_rvlcdip_other_01751.jpg,rvlcdip_other,advertisement,0,0.8970,data/raw/pool/neg_rvlcdip_other_01751.jpg
data/raw/pool/neg_rvlcdip_other_01752.jpg,rvlcdip_other,advertisement,0,0.8996,data/raw/pool/neg_rvlcdip_other_01752.jpg
data/raw/pool/neg_rvlcdip_other_01753.jpg,rvlcdip_other,advertisement,0,0.9064,data/raw/pool/neg_rvlcdip_other_01753.jpg
data/raw/pool/neg_rvlcdip_other_01754.jpg,rvlcdip_other,advertisement,0,0.9050,data/raw/pool/neg_rvlcdip_other_01754.jpg
data/raw/pool/neg_rvlcdip_other_01755.jpg,rvlcdip_other,advertisement,0,0.9035,data/raw/pool/neg_rvlcdip_other_01755.jpg
data/raw/pool/neg_rvlcdip_other_01756.jpg,rvlcdip_other,advertisement,0,0.9082,data/raw/pool/neg_rvlcdip_other_01756.jpg
data/raw/pool/neg_rvlcdip_other_01757.jpg,rvlcdip_other,questionnaire,0,0.7842,data/raw/pool/neg_rvlcdip_other_01757.jpg
data/raw/pool/neg_rvlcdip_other_01758.jpg,rvlcdip_other,form,0,0.8628,data/raw/pool/neg_rvlcdip_other_01758.jpg
data/raw/pool/neg_rvlcdip_other_01759.jpg,rvlcdip_other,advertisement,0,0.9057,data/raw/pool/neg_rvlcdip_other_01759.jpg
data/raw/pool/neg_rvlcdip_other_01760.jpg,rvlcdip_other,advertisement,0,0.9045,data/raw/pool/neg_rvlcdip_other_01760.jpg
data/raw/pool/neg_rvlcdip_other_01761.jpg,rvlcdip_other,advertisement,0,0.9074,data/raw/pool/neg_rvlcdip_other_01761.jpg
data/raw/pool/neg_rvlcdip_other_01762.jpg,rvlcdip_other,advertisement,0,0.9056,data/raw/pool/neg_rvlcdip_other_01762.jpg
data/raw/pool/neg_rvlcdip_other_01763.jpg,rvlcdip_other,advertisement,0,0.6618,data/raw/pool/neg_rvlcdip_other_01763.jpg
data/raw/pool/neg_rvlcdip_other_01764.jpg,rvlcdip_other,advertisement,0,0.9065,data/raw/pool/neg_rvlcdip_other_01764.jpg
data/raw/pool/neg_rvlcdip_other_01765.jpg,rvlcdip_other,advertisement,0,0.9057,data/raw/pool/neg_rvlcdip_other_01765.jpg
data/raw/pool/neg_rvlcdip_other_01766.jpg,rvlcdip_other,advertisement,0,0.9059,data/raw/pool/neg_rvlcdip_other_01766.jpg
data/raw/pool/neg_rvlcdip_other_01767.jpg,rvlcdip_other,advertisement,0,0.9075,data/raw/pool/neg_rvlcdip_other_01767.jpg
data/raw/pool/neg_rvlcdip_other_01768.jpg,rvlcdip_other,advertisement,0,0.9038,data/raw/pool/neg_rvlcdip_other_01768.jpg
data/raw/pool/neg_rvlcdip_other_01769.jpg,rvlcdip_other,advertisement,0,0.8047,data/raw/pool/neg_rvlcdip_other_01769.jpg
data/raw/pool/neg_rvlcdip_other_01770.jpg,rvlcdip_other,advertisement,0,0.9073,data/raw/pool/neg_rvlcdip_other_01770.jpg
data/raw/pool/neg_rvlcdip_other_01771.jpg,rvlcdip_other,advertisement,0,0.9077,data/raw/pool/neg_rvlcdip_other_01771.jpg
data/raw/pool/neg_rvlcdip_other_01772.jpg,rvlcdip_other,advertisement,0,0.9050,data/raw/pool/neg_rvlcdip_other_01772.jpg
data/raw/pool/neg_rvlcdip_other_01773.jpg,rvlcdip_other,letter,0,0.8446,data/raw/pool/neg_rvlcdip_other_01773.jpg
data/raw/pool/neg_rvlcdip_other_01774.jpg,rvlcdip_other,advertisement,0,0.9092,data/raw/pool/neg_rvlcdip_other_01774.jpg
data/raw/pool/neg_rvlcdip_other_01775.jpg,rvlcdip_other,advertisement,0,0.9091,data/raw/pool/neg_rvlcdip_other_01775.jpg
data/raw/pool/neg_rvlcdip_other_01776.jpg,rvlcdip_other,advertisement,0,0.8976,data/raw/pool/neg_rvlcdip_other_01776.jpg
data/raw/pool/neg_rvlcdip_other_01777.jpg,rvlcdip_other,advertisement,0,0.9052,data/raw/pool/neg_rvlcdip_other_01777.jpg
data/raw/pool/neg_rvlcdip_other_01778.jpg,rvlcdip_other,advertisement,0,0.9039,data/raw/pool/neg_rvlcdip_other_01778.jpg
data/raw/pool/neg_rvlcdip_other_01779.jpg,rvlcdip_other,advertisement,0,0.8979,data/raw/pool/neg_rvlcdip_other_01779.jpg
data/raw/pool/neg_rvlcdip_other_01780.jpg,rvlcdip_other,advertisement,0,0.9036,data/raw/pool/neg_rvlcdip_other_01780.jpg
data/raw/pool/neg_rvlcdip_other_01781.jpg,rvlcdip_other,advertisement,0,0.8763,data/raw/pool/neg_rvlcdip_other_01781.jpg
data/raw/pool/neg_rvlcdip_other_01782.jpg,rvlcdip_other,advertisement,0,0.8499,data/raw/pool/neg_rvlcdip_other_01782.jpg
data/raw/pool/neg_rvlcdip_other_01783.jpg,rvlcdip_other,advertisement,0,0.9027,data/raw/pool/neg_rvlcdip_other_01783.jpg
data/raw/pool/neg_rvlcdip_other_01784.jpg,rvlcdip_other,advertisement,0,0.9072,data/raw/pool/neg_rvlcdip_other_01784.jpg
data/raw/pool/neg_rvlcdip_other_01785.jpg,rvlcdip_other,advertisement,0,0.9059,data/raw/pool/neg_rvlcdip_other_01785.jpg
data/raw/pool/neg_rvlcdip_other_01786.jpg,rvlcdip_other,advertisement,0,0.9030,data/raw/pool/neg_rvlcdip_other_01786.jpg
data/raw/pool/neg_rvlcdip_other_01787.jpg,rvlcdip_other,advertisement,0,0.9083,data/raw/pool/neg_rvlcdip_other_01787.jpg
data/raw/pool/neg_rvlcdip_other_01788.jpg,rvlcdip_other,advertisement,0,0.9056,data/raw/pool/neg_rvlcdip_other_01788.jpg
data/raw/pool/neg_rvlcdip_other_01789.jpg,rvlcdip_other,advertisement,0,0.8097,data/raw/pool/neg_rvlcdip_other_01789.jpg
data/raw/pool/neg_rvlcdip_other_01790.jpg,rvlcdip_other,advertisement,0,0.9008,data/raw/pool/neg_rvlcdip_other_01790.jpg
data/raw/pool/neg_rvlcdip_other_01791.jpg,rvlcdip_other,advertisement,0,0.6618,data/raw/pool/neg_rvlcdip_other_01791.jpg
data/raw/pool/neg_rvlcdip_other_01792.jpg,rvlcdip_other,advertisement,0,0.7299,data/raw/pool/neg_rvlcdip_other_01792.jpg
data/raw/pool/neg_rvlcdip_other_01793.jpg,rvlcdip_other,advertisement,0,0.8334,data/raw/pool/neg_rvlcdip_other_01793.jpg
data/raw/pool/neg_rvlcdip_other_01794.jpg,rvlcdip_other,advertisement,0,0.9052,data/raw/pool/neg_rvlcdip_other_01794.jpg
data/raw/pool/neg_rvlcdip_other_01795.jpg,rvlcdip_other,advertisement,0,0.9088,data/raw/pool/neg_rvlcdip_other_01795.jpg
data/raw/pool/neg_rvlcdip_other_01796.jpg,rvlcdip_other,advertisement,0,0.9026,data/raw/pool/neg_rvlcdip_other_01796.jpg
data/raw/pool/neg_rvlcdip_other_01797.jpg,rvlcdip_other,handwritten,0,0.8202,data/raw/pool/neg_rvlcdip_other_01797.jpg
data/raw/pool/neg_rvlcdip_other_01798.jpg,rvlcdip_other,advertisement,0,0.9039,data/raw/pool/neg_rvlcdip_other_01798.jpg
data/raw/pool/neg_rvlcdip_other_01799.jpg,rvlcdip_other,budget,0,0.3436,data/raw/pool/neg_rvlcdip_other_01799.jpg
data/raw/pool/neg_coco_photos_00000.jpg,coco_photos,advertisement,0,0.8353,data/raw/pool/neg_coco_photos_00000.jpg
data/raw/pool/neg_coco_photos_00001.jpg,coco_photos,advertisement,0,0.8131,data/raw/pool/neg_coco_photos_00001.jpg
data/raw/pool/neg_coco_photos_00002.jpg,coco_photos,advertisement,0,0.8665,data/raw/pool/neg_coco_photos_00002.jpg
data/raw/pool/neg_coco_photos_00003.jpg,coco_photos,presentation,0,0.4555,data/raw/pool/neg_coco_photos_00003.jpg
data/raw/pool/neg_coco_photos_00004.jpg,coco_photos,advertisement,0,0.8878,data/raw/pool/neg_coco_photos_00004.jpg
data/raw/pool/neg_coco_photos_00005.jpg,coco_photos,advertisement,0,0.8763,data/raw/pool/neg_coco_photos_00005.jpg
data/raw/pool/neg_coco_photos_00006.jpg,coco_photos,advertisement,0,0.8774,data/raw/pool/neg_coco_photos_00006.jpg
data/raw/pool/neg_coco_photos_00007.jpg,coco_photos,news article,0,0.4184,data/raw/pool/neg_coco_photos_00007.jpg
data/raw/pool/neg_coco_photos_00008.jpg,coco_photos,advertisement,0,0.8881,data/raw/pool/neg_coco_photos_00008.jpg
data/raw/pool/neg_coco_photos_00009.jpg,coco_photos,advertisement,0,0.8877,data/raw/pool/neg_coco_photos_00009.jpg
data/raw/pool/neg_coco_photos_00010.jpg,coco_photos,advertisement,0,0.7413,data/raw/pool/neg_coco_photos_00010.jpg
data/raw/pool/neg_coco_photos_00011.jpg,coco_photos,advertisement,0,0.8483,data/raw/pool/neg_coco_photos_00011.jpg
data/raw/pool/neg_coco_photos_00012.jpg,coco_photos,advertisement,0,0.8876,data/raw/pool/neg_coco_photos_00012.jpg
data/raw/pool/neg_coco_photos_00013.jpg,coco_photos,advertisement,0,0.8744,data/raw/pool/neg_coco_photos_00013.jpg
data/raw/pool/neg_coco_photos_00014.jpg,coco_photos,advertisement,0,0.8869,data/raw/pool/neg_coco_photos_00014.jpg
data/raw/pool/neg_coco_photos_00015.jpg,coco_photos,advertisement,0,0.8979,data/raw/pool/neg_coco_photos_00015.jpg
data/raw/pool/neg_coco_photos_00016.jpg,coco_photos,advertisement,0,0.8247,data/raw/pool/neg_coco_photos_00016.jpg
data/raw/pool/neg_coco_photos_00017.jpg,coco_photos,advertisement,0,0.8852,data/raw/pool/neg_coco_photos_00017.jpg
data/raw/pool/neg_coco_photos_00018.jpg,coco_photos,advertisement,0,0.8364,data/raw/pool/neg_coco_photos_00018.jpg
data/raw/pool/neg_coco_photos_00019.jpg,coco_photos,advertisement,0,0.6887,data/raw/pool/neg_coco_photos_00019.jpg
data/raw/pool/neg_coco_photos_00020.jpg,coco_photos,advertisement,0,0.8909,data/raw/pool/neg_coco_photos_00020.jpg
data/raw/pool/neg_coco_photos_00021.jpg,coco_photos,advertisement,0,0.8299,data/raw/pool/neg_coco_photos_00021.jpg
data/raw/pool/neg_coco_photos_00022.jpg,coco_photos,advertisement,0,0.8716,data/raw/pool/neg_coco_photos_00022.jpg
data/raw/pool/neg_coco_photos_00023.jpg,coco_photos,advertisement,0,0.8118,data/raw/pool/neg_coco_photos_00023.jpg
data/raw/pool/neg_coco_photos_00024.jpg,coco_photos,advertisement,0,0.8512,data/raw/pool/neg_coco_photos_00024.jpg
data/raw/pool/neg_coco_photos_00025.jpg,coco_photos,advertisement,0,0.8550,data/raw/pool/neg_coco_photos_00025.jpg
data/raw/pool/neg_coco_photos_00026.jpg,coco_photos,advertisement,0,0.8689,data/raw/pool/neg_coco_photos_00026.jpg
data/raw/pool/neg_coco_photos_00027.jpg,coco_photos,advertisement,0,0.8823,data/raw/pool/neg_coco_photos_00027.jpg
data/raw/pool/neg_coco_photos_00028.jpg,coco_photos,handwritten,0,0.5297,data/raw/pool/neg_coco_photos_00028.jpg
data/raw/pool/neg_coco_photos_00029.jpg,coco_photos,advertisement,0,0.8815,data/raw/pool/neg_coco_photos_00029.jpg
data/raw/pool/neg_coco_photos_00030.jpg,coco_photos,advertisement,0,0.8813,data/raw/pool/neg_coco_photos_00030.jpg
data/raw/pool/neg_coco_photos_00031.jpg,coco_photos,advertisement,0,0.7589,data/raw/pool/neg_coco_photos_00031.jpg
data/raw/pool/neg_coco_photos_00032.jpg,coco_photos,presentation,0,0.4976,data/raw/pool/neg_coco_photos_00032.jpg
data/raw/pool/neg_coco_photos_00033.jpg,coco_photos,advertisement,0,0.8854,data/raw/pool/neg_coco_photos_00033.jpg
data/raw/pool/neg_coco_photos_00034.jpg,coco_photos,advertisement,0,0.8587,data/raw/pool/neg_coco_photos_00034.jpg
data/raw/pool/neg_coco_photos_00035.jpg,coco_photos,advertisement,0,0.8246,data/raw/pool/neg_coco_photos_00035.jpg
data/raw/pool/neg_coco_photos_00036.jpg,coco_photos,advertisement,0,0.7878,data/raw/pool/neg_coco_photos_00036.jpg
data/raw/pool/neg_coco_photos_00037.jpg,coco_photos,advertisement,0,0.8585,data/raw/pool/neg_coco_photos_00037.jpg
data/raw/pool/neg_coco_photos_00038.jpg,coco_photos,advertisement,0,0.8549,data/raw/pool/neg_coco_photos_00038.jpg
data/raw/pool/neg_coco_photos_00039.jpg,coco_photos,advertisement,0,0.8184,data/raw/pool/neg_coco_photos_00039.jpg
data/raw/pool/neg_coco_photos_00040.jpg,coco_photos,advertisement,0,0.8420,data/raw/pool/neg_coco_photos_00040.jpg
data/raw/pool/neg_coco_photos_00041.jpg,coco_photos,advertisement,0,0.7847,data/raw/pool/neg_coco_photos_00041.jpg
data/raw/pool/neg_coco_photos_00042.jpg,coco_photos,advertisement,0,0.7121,data/raw/pool/neg_coco_photos_00042.jpg
data/raw/pool/neg_coco_photos_00043.jpg,coco_photos,advertisement,0,0.8859,data/raw/pool/neg_coco_photos_00043.jpg
data/raw/pool/neg_coco_photos_00044.jpg,coco_photos,advertisement,0,0.8755,data/raw/pool/neg_coco_photos_00044.jpg
data/raw/pool/neg_coco_photos_00045.jpg,coco_photos,advertisement,0,0.8836,data/raw/pool/neg_coco_photos_00045.jpg
data/raw/pool/neg_coco_photos_00046.jpg,coco_photos,advertisement,0,0.8827,data/raw/pool/neg_coco_photos_00046.jpg
data/raw/pool/neg_coco_photos_00047.jpg,coco_photos,advertisement,0,0.5979,data/raw/pool/neg_coco_photos_00047.jpg
data/raw/pool/neg_coco_photos_00048.jpg,coco_photos,advertisement,0,0.7367,data/raw/pool/neg_coco_photos_00048.jpg
data/raw/pool/neg_coco_photos_00049.jpg,coco_photos,advertisement,0,0.4819,data/raw/pool/neg_coco_photos_00049.jpg
data/raw/pool/neg_coco_photos_00050.jpg,coco_photos,advertisement,0,0.7825,data/raw/pool/neg_coco_photos_00050.jpg
data/raw/pool/neg_coco_photos_00051.jpg,coco_photos,advertisement,0,0.8330,data/raw/pool/neg_coco_photos_00051.jpg
data/raw/pool/neg_coco_photos_00052.jpg,coco_photos,advertisement,0,0.8563,data/raw/pool/neg_coco_photos_00052.jpg
data/raw/pool/neg_coco_photos_00053.jpg,coco_photos,advertisement,0,0.8820,data/raw/pool/neg_coco_photos_00053.jpg
data/raw/pool/neg_coco_photos_00054.jpg,coco_photos,advertisement,0,0.8678,data/raw/pool/neg_coco_photos_00054.jpg
data/raw/pool/neg_coco_photos_00055.jpg,coco_photos,advertisement,0,0.8801,data/raw/pool/neg_coco_photos_00055.jpg
data/raw/pool/neg_coco_photos_00056.jpg,coco_photos,advertisement,0,0.7705,data/raw/pool/neg_coco_photos_00056.jpg
data/raw/pool/neg_coco_photos_00057.jpg,coco_photos,advertisement,0,0.8763,data/raw/pool/neg_coco_photos_00057.jpg
data/raw/pool/neg_coco_photos_00058.jpg,coco_photos,advertisement,0,0.8888,data/raw/pool/neg_coco_photos_00058.jpg
data/raw/pool/neg_coco_photos_00059.jpg,coco_photos,advertisement,0,0.8924,data/raw/pool/neg_coco_photos_00059.jpg
data/raw/pool/neg_coco_photos_00060.jpg,coco_photos,advertisement,0,0.8887,data/raw/pool/neg_coco_photos_00060.jpg
data/raw/pool/neg_coco_photos_00061.jpg,coco_photos,advertisement,0,0.8536,data/raw/pool/neg_coco_photos_00061.jpg
data/raw/pool/neg_coco_photos_00062.jpg,coco_photos,advertisement,0,0.7656,data/raw/pool/neg_coco_photos_00062.jpg
data/raw/pool/neg_coco_photos_00063.jpg,coco_photos,advertisement,0,0.8934,data/raw/pool/neg_coco_photos_00063.jpg
data/raw/pool/neg_coco_photos_00064.jpg,coco_photos,advertisement,0,0.8905,data/raw/pool/neg_coco_photos_00064.jpg
data/raw/pool/neg_coco_photos_00065.jpg,coco_photos,advertisement,0,0.8973,data/raw/pool/neg_coco_photos_00065.jpg
data/raw/pool/neg_coco_photos_00066.jpg,coco_photos,advertisement,0,0.8861,data/raw/pool/neg_coco_photos_00066.jpg
data/raw/pool/neg_coco_photos_00067.jpg,coco_photos,advertisement,0,0.8616,data/raw/pool/neg_coco_photos_00067.jpg
data/raw/pool/neg_coco_photos_00068.jpg,coco_photos,advertisement,0,0.8354,data/raw/pool/neg_coco_photos_00068.jpg
data/raw/pool/neg_coco_photos_00069.jpg,coco_photos,advertisement,0,0.8770,data/raw/pool/neg_coco_photos_00069.jpg
data/raw/pool/neg_coco_photos_00070.jpg,coco_photos,advertisement,0,0.8010,data/raw/pool/neg_coco_photos_00070.jpg
data/raw/pool/neg_coco_photos_00071.jpg,coco_photos,advertisement,0,0.8914,data/raw/pool/neg_coco_photos_00071.jpg
data/raw/pool/neg_coco_photos_00072.jpg,coco_photos,advertisement,0,0.8777,data/raw/pool/neg_coco_photos_00072.jpg
data/raw/pool/neg_coco_photos_00073.jpg,coco_photos,advertisement,0,0.8735,data/raw/pool/neg_coco_photos_00073.jpg
data/raw/pool/neg_coco_photos_00074.jpg,coco_photos,advertisement,0,0.8723,data/raw/pool/neg_coco_photos_00074.jpg
data/raw/pool/neg_coco_photos_00075.jpg,coco_photos,advertisement,0,0.8866,data/raw/pool/neg_coco_photos_00075.jpg
data/raw/pool/neg_coco_photos_00076.jpg,coco_photos,advertisement,0,0.8726,data/raw/pool/neg_coco_photos_00076.jpg
data/raw/pool/neg_coco_photos_00077.jpg,coco_photos,advertisement,0,0.8876,data/raw/pool/neg_coco_photos_00077.jpg
data/raw/pool/neg_coco_photos_00078.jpg,coco_photos,advertisement,0,0.7846,data/raw/pool/neg_coco_photos_00078.jpg
data/raw/pool/neg_coco_photos_00079.jpg,coco_photos,advertisement,0,0.8726,data/raw/pool/neg_coco_photos_00079.jpg
data/raw/pool/neg_coco_photos_00080.jpg,coco_photos,advertisement,0,0.8125,data/raw/pool/neg_coco_photos_00080.jpg
data/raw/pool/neg_coco_photos_00081.jpg,coco_photos,advertisement,0,0.5160,data/raw/pool/neg_coco_photos_00081.jpg
data/raw/pool/neg_coco_photos_00082.jpg,coco_photos,advertisement,0,0.8826,data/raw/pool/neg_coco_photos_00082.jpg
data/raw/pool/neg_coco_photos_00083.jpg,coco_photos,advertisement,0,0.8809,data/raw/pool/neg_coco_photos_00083.jpg
data/raw/pool/neg_coco_photos_00084.jpg,coco_photos,advertisement,0,0.8191,data/raw/pool/neg_coco_photos_00084.jpg
data/raw/pool/neg_coco_photos_00085.jpg,coco_photos,advertisement,0,0.8498,data/raw/pool/neg_coco_photos_00085.jpg
data/raw/pool/neg_coco_photos_00086.jpg,coco_photos,advertisement,0,0.7492,data/raw/pool/neg_coco_photos_00086.jpg
data/raw/pool/neg_coco_photos_00087.jpg,coco_photos,advertisement,0,0.8008,data/raw/pool/neg_coco_photos_00087.jpg
data/raw/pool/neg_coco_photos_00088.jpg,coco_photos,advertisement,0,0.8812,data/raw/pool/neg_coco_photos_00088.jpg
data/raw/pool/neg_coco_photos_00089.jpg,coco_photos,advertisement,0,0.8736,data/raw/pool/neg_coco_photos_00089.jpg
data/raw/pool/neg_coco_photos_00090.jpg,coco_photos,advertisement,0,0.7113,data/raw/pool/neg_coco_photos_00090.jpg
data/raw/pool/neg_coco_photos_00091.jpg,coco_photos,advertisement,0,0.8785,data/raw/pool/neg_coco_photos_00091.jpg
data/raw/pool/neg_coco_photos_00092.jpg,coco_photos,advertisement,0,0.8936,data/raw/pool/neg_coco_photos_00092.jpg
data/raw/pool/neg_coco_photos_00093.jpg,coco_photos,advertisement,0,0.8941,data/raw/pool/neg_coco_photos_00093.jpg
data/raw/pool/neg_coco_photos_00094.jpg,coco_photos,advertisement,0,0.8557,data/raw/pool/neg_coco_photos_00094.jpg
data/raw/pool/neg_coco_photos_00095.jpg,coco_photos,advertisement,0,0.8709,data/raw/pool/neg_coco_photos_00095.jpg
data/raw/pool/neg_coco_photos_00096.jpg,coco_photos,advertisement,0,0.8052,data/raw/pool/neg_coco_photos_00096.jpg
data/raw/pool/neg_coco_photos_00097.jpg,coco_photos,advertisement,0,0.8529,data/raw/pool/neg_coco_photos_00097.jpg
data/raw/pool/neg_coco_photos_00098.jpg,coco_photos,advertisement,0,0.8637,data/raw/pool/neg_coco_photos_00098.jpg
data/raw/pool/neg_coco_photos_00099.jpg,coco_photos,advertisement,0,0.8740,data/raw/pool/neg_coco_photos_00099.jpg
data/raw/pool/neg_coco_photos_00100.jpg,coco_photos,advertisement,0,0.8208,data/raw/pool/neg_coco_photos_00100.jpg
data/raw/pool/neg_coco_photos_00101.jpg,coco_photos,advertisement,0,0.8704,data/raw/pool/neg_coco_photos_00101.jpg
data/raw/pool/neg_coco_photos_00102.jpg,coco_photos,advertisement,0,0.8287,data/raw/pool/neg_coco_photos_00102.jpg
data/raw/pool/neg_coco_photos_00103.jpg,coco_photos,advertisement,0,0.8362,data/raw/pool/neg_coco_photos_00103.jpg
data/raw/pool/neg_coco_photos_00104.jpg,coco_photos,advertisement,0,0.8815,data/raw/pool/neg_coco_photos_00104.jpg
data/raw/pool/neg_coco_photos_00105.jpg,coco_photos,advertisement,0,0.8841,data/raw/pool/neg_coco_photos_00105.jpg
data/raw/pool/neg_coco_photos_00106.jpg,coco_photos,advertisement,0,0.6805,data/raw/pool/neg_coco_photos_00106.jpg
data/raw/pool/neg_coco_photos_00107.jpg,coco_photos,advertisement,0,0.8213,data/raw/pool/neg_coco_photos_00107.jpg
data/raw/pool/neg_coco_photos_00108.jpg,coco_photos,advertisement,0,0.8484,data/raw/pool/neg_coco_photos_00108.jpg
data/raw/pool/neg_coco_photos_00109.jpg,coco_photos,advertisement,0,0.8524,data/raw/pool/neg_coco_photos_00109.jpg
data/raw/pool/neg_coco_photos_00110.jpg,coco_photos,advertisement,0,0.8814,data/raw/pool/neg_coco_photos_00110.jpg
data/raw/pool/neg_coco_photos_00111.jpg,coco_photos,advertisement,0,0.8417,data/raw/pool/neg_coco_photos_00111.jpg
data/raw/pool/neg_coco_photos_00112.jpg,coco_photos,advertisement,0,0.8686,data/raw/pool/neg_coco_photos_00112.jpg
data/raw/pool/neg_coco_photos_00113.jpg,coco_photos,advertisement,0,0.8830,data/raw/pool/neg_coco_photos_00113.jpg
data/raw/pool/neg_coco_photos_00114.jpg,coco_photos,advertisement,0,0.8674,data/raw/pool/neg_coco_photos_00114.jpg
data/raw/pool/neg_coco_photos_00115.jpg,coco_photos,advertisement,0,0.8779,data/raw/pool/neg_coco_photos_00115.jpg
data/raw/pool/neg_coco_photos_00116.jpg,coco_photos,advertisement,0,0.8959,data/raw/pool/neg_coco_photos_00116.jpg
data/raw/pool/neg_coco_photos_00117.jpg,coco_photos,advertisement,0,0.8853,data/raw/pool/neg_coco_photos_00117.jpg
data/raw/pool/neg_coco_photos_00118.jpg,coco_photos,advertisement,0,0.7922,data/raw/pool/neg_coco_photos_00118.jpg
data/raw/pool/neg_coco_photos_00119.jpg,coco_photos,advertisement,0,0.7876,data/raw/pool/neg_coco_photos_00119.jpg
data/raw/pool/neg_coco_photos_00120.jpg,coco_photos,advertisement,0,0.8587,data/raw/pool/neg_coco_photos_00120.jpg
data/raw/pool/neg_coco_photos_00121.jpg,coco_photos,advertisement,0,0.8956,data/raw/pool/neg_coco_photos_00121.jpg
data/raw/pool/neg_coco_photos_00122.jpg,coco_photos,advertisement,0,0.8780,data/raw/pool/neg_coco_photos_00122.jpg
data/raw/pool/neg_coco_photos_00123.jpg,coco_photos,advertisement,0,0.8351,data/raw/pool/neg_coco_photos_00123.jpg
data/raw/pool/neg_coco_photos_00124.jpg,coco_photos,advertisement,0,0.8519,data/raw/pool/neg_coco_photos_00124.jpg
data/raw/pool/neg_coco_photos_00125.jpg,coco_photos,advertisement,0,0.8865,data/raw/pool/neg_coco_photos_00125.jpg
data/raw/pool/neg_coco_photos_00126.jpg,coco_photos,advertisement,0,0.8836,data/raw/pool/neg_coco_photos_00126.jpg
data/raw/pool/neg_coco_photos_00127.jpg,coco_photos,advertisement,0,0.8799,data/raw/pool/neg_coco_photos_00127.jpg
data/raw/pool/neg_coco_photos_00128.jpg,coco_photos,advertisement,0,0.8750,data/raw/pool/neg_coco_photos_00128.jpg
data/raw/pool/neg_coco_photos_00129.jpg,coco_photos,advertisement,0,0.8675,data/raw/pool/neg_coco_photos_00129.jpg
data/raw/pool/neg_coco_photos_00130.jpg,coco_photos,advertisement,0,0.7806,data/raw/pool/neg_coco_photos_00130.jpg
data/raw/pool/neg_coco_photos_00131.jpg,coco_photos,advertisement,0,0.8762,data/raw/pool/neg_coco_photos_00131.jpg
data/raw/pool/neg_coco_photos_00132.jpg,coco_photos,advertisement,0,0.8361,data/raw/pool/neg_coco_photos_00132.jpg
data/raw/pool/neg_coco_photos_00133.jpg,coco_photos,advertisement,0,0.8771,data/raw/pool/neg_coco_photos_00133.jpg
data/raw/pool/neg_coco_photos_00134.jpg,coco_photos,advertisement,0,0.8792,data/raw/pool/neg_coco_photos_00134.jpg
data/raw/pool/neg_coco_photos_00135.jpg,coco_photos,advertisement,0,0.8854,data/raw/pool/neg_coco_photos_00135.jpg
data/raw/pool/neg_coco_photos_00136.jpg,coco_photos,advertisement,0,0.8840,data/raw/pool/neg_coco_photos_00136.jpg
data/raw/pool/neg_coco_photos_00137.jpg,coco_photos,advertisement,0,0.8855,data/raw/pool/neg_coco_photos_00137.jpg
data/raw/pool/neg_coco_photos_00138.jpg,coco_photos,advertisement,0,0.8937,data/raw/pool/neg_coco_photos_00138.jpg
data/raw/pool/neg_coco_photos_00139.jpg,coco_photos,file folder,0,0.2879,data/raw/pool/neg_coco_photos_00139.jpg
data/raw/pool/neg_coco_photos_00140.jpg,coco_photos,advertisement,0,0.8861,data/raw/pool/neg_coco_photos_00140.jpg
data/raw/pool/neg_coco_photos_00141.jpg,coco_photos,advertisement,0,0.8835,data/raw/pool/neg_coco_photos_00141.jpg
data/raw/pool/neg_coco_photos_00142.jpg,coco_photos,advertisement,0,0.8807,data/raw/pool/neg_coco_photos_00142.jpg
data/raw/pool/neg_coco_photos_00143.jpg,coco_photos,advertisement,0,0.8856,data/raw/pool/neg_coco_photos_00143.jpg
data/raw/pool/neg_coco_photos_00144.jpg,coco_photos,advertisement,0,0.7486,data/raw/pool/neg_coco_photos_00144.jpg
data/raw/pool/neg_coco_photos_00145.jpg,coco_photos,advertisement,0,0.7630,data/raw/pool/neg_coco_photos_00145.jpg
data/raw/pool/neg_coco_photos_00146.jpg,coco_photos,advertisement,0,0.7920,data/raw/pool/neg_coco_photos_00146.jpg
data/raw/pool/neg_coco_photos_00147.jpg,coco_photos,advertisement,0,0.8658,data/raw/pool/neg_coco_photos_00147.jpg
data/raw/pool/neg_coco_photos_00148.jpg,coco_photos,advertisement,0,0.8850,data/raw/pool/neg_coco_photos_00148.jpg
data/raw/pool/neg_coco_photos_00149.jpg,coco_photos,advertisement,0,0.6597,data/raw/pool/neg_coco_photos_00149.jpg
data/raw/pool/neg_coco_photos_00150.jpg,coco_photos,advertisement,0,0.8159,data/raw/pool/neg_coco_photos_00150.jpg
data/raw/pool/neg_coco_photos_00151.jpg,coco_photos,advertisement,0,0.8261,data/raw/pool/neg_coco_photos_00151.jpg
data/raw/pool/neg_coco_photos_00152.jpg,coco_photos,advertisement,0,0.8091,data/raw/pool/neg_coco_photos_00152.jpg
data/raw/pool/neg_coco_photos_00153.jpg,coco_photos,advertisement,0,0.8750,data/raw/pool/neg_coco_photos_00153.jpg
data/raw/pool/neg_coco_photos_00154.jpg,coco_photos,advertisement,0,0.7958,data/raw/pool/neg_coco_photos_00154.jpg
data/raw/pool/neg_coco_photos_00155.jpg,coco_photos,advertisement,0,0.7508,data/raw/pool/neg_coco_photos_00155.jpg
data/raw/pool/neg_coco_photos_00156.jpg,coco_photos,advertisement,0,0.8709,data/raw/pool/neg_coco_photos_00156.jpg
data/raw/pool/neg_coco_photos_00157.jpg,coco_photos,advertisement,0,0.6117,data/raw/pool/neg_coco_photos_00157.jpg
data/raw/pool/neg_coco_photos_00158.jpg,coco_photos,advertisement,0,0.8856,data/raw/pool/neg_coco_photos_00158.jpg
data/raw/pool/neg_coco_photos_00159.jpg,coco_photos,advertisement,0,0.7878,data/raw/pool/neg_coco_photos_00159.jpg
data/raw/pool/neg_coco_photos_00160.jpg,coco_photos,advertisement,0,0.7909,data/raw/pool/neg_coco_photos_00160.jpg
data/raw/pool/neg_coco_photos_00161.jpg,coco_photos,advertisement,0,0.7245,data/raw/pool/neg_coco_photos_00161.jpg
data/raw/pool/neg_coco_photos_00162.jpg,coco_photos,advertisement,0,0.8605,data/raw/pool/neg_coco_photos_00162.jpg
data/raw/pool/neg_coco_photos_00163.jpg,coco_photos,advertisement,0,0.8153,data/raw/pool/neg_coco_photos_00163.jpg
data/raw/pool/neg_coco_photos_00164.jpg,coco_photos,advertisement,0,0.8419,data/raw/pool/neg_coco_photos_00164.jpg
data/raw/pool/neg_coco_photos_00165.jpg,coco_photos,advertisement,0,0.8749,data/raw/pool/neg_coco_photos_00165.jpg
data/raw/pool/neg_coco_photos_00166.jpg,coco_photos,advertisement,0,0.6976,data/raw/pool/neg_coco_photos_00166.jpg
data/raw/pool/neg_coco_photos_00167.jpg,coco_photos,advertisement,0,0.8772,data/raw/pool/neg_coco_photos_00167.jpg
data/raw/pool/neg_coco_photos_00168.jpg,coco_photos,advertisement,0,0.8966,data/raw/pool/neg_coco_photos_00168.jpg
data/raw/pool/neg_coco_photos_00169.jpg,coco_photos,advertisement,0,0.8805,data/raw/pool/neg_coco_photos_00169.jpg
data/raw/pool/neg_coco_photos_00170.jpg,coco_photos,advertisement,0,0.8199,data/raw/pool/neg_coco_photos_00170.jpg
data/raw/pool/neg_coco_photos_00171.jpg,coco_photos,advertisement,0,0.5491,data/raw/pool/neg_coco_photos_00171.jpg
data/raw/pool/neg_coco_photos_00172.jpg,coco_photos,advertisement,0,0.8732,data/raw/pool/neg_coco_photos_00172.jpg
data/raw/pool/neg_coco_photos_00173.jpg,coco_photos,advertisement,0,0.8684,data/raw/pool/neg_coco_photos_00173.jpg
data/raw/pool/neg_coco_photos_00174.jpg,coco_photos,advertisement,0,0.8510,data/raw/pool/neg_coco_photos_00174.jpg
data/raw/pool/neg_coco_photos_00175.jpg,coco_photos,advertisement,0,0.6105,data/raw/pool/neg_coco_photos_00175.jpg
data/raw/pool/neg_coco_photos_00176.jpg,coco_photos,advertisement,0,0.8918,data/raw/pool/neg_coco_photos_00176.jpg
data/raw/pool/neg_coco_photos_00177.jpg,coco_photos,advertisement,0,0.8846,data/raw/pool/neg_coco_photos_00177.jpg
data/raw/pool/neg_coco_photos_00178.jpg,coco_photos,advertisement,0,0.8848,data/raw/pool/neg_coco_photos_00178.jpg
data/raw/pool/neg_coco_photos_00179.jpg,coco_photos,advertisement,0,0.8769,data/raw/pool/neg_coco_photos_00179.jpg
data/raw/pool/neg_coco_photos_00180.jpg,coco_photos,advertisement,0,0.8524,data/raw/pool/neg_coco_photos_00180.jpg
data/raw/pool/neg_coco_photos_00181.jpg,coco_photos,advertisement,0,0.8900,data/raw/pool/neg_coco_photos_00181.jpg
data/raw/pool/neg_coco_photos_00182.jpg,coco_photos,advertisement,0,0.8132,data/raw/pool/neg_coco_photos_00182.jpg
data/raw/pool/neg_coco_photos_00183.jpg,coco_photos,advertisement,0,0.7983,data/raw/pool/neg_coco_photos_00183.jpg
data/raw/pool/neg_coco_photos_00184.jpg,coco_photos,advertisement,0,0.8737,data/raw/pool/neg_coco_photos_00184.jpg
data/raw/pool/neg_coco_photos_00185.jpg,coco_photos,advertisement,0,0.8806,data/raw/pool/neg_coco_photos_00185.jpg
data/raw/pool/neg_coco_photos_00186.jpg,coco_photos,news article,0,0.5493,data/raw/pool/neg_coco_photos_00186.jpg
data/raw/pool/neg_coco_photos_00187.jpg,coco_photos,advertisement,0,0.8238,data/raw/pool/neg_coco_photos_00187.jpg
data/raw/pool/neg_coco_photos_00188.jpg,coco_photos,advertisement,0,0.8783,data/raw/pool/neg_coco_photos_00188.jpg
data/raw/pool/neg_coco_photos_00189.jpg,coco_photos,advertisement,0,0.8608,data/raw/pool/neg_coco_photos_00189.jpg
data/raw/pool/neg_coco_photos_00190.jpg,coco_photos,advertisement,0,0.8638,data/raw/pool/neg_coco_photos_00190.jpg
data/raw/pool/neg_coco_photos_00191.jpg,coco_photos,advertisement,0,0.8692,data/raw/pool/neg_coco_photos_00191.jpg
data/raw/pool/neg_coco_photos_00192.jpg,coco_photos,advertisement,0,0.7764,data/raw/pool/neg_coco_photos_00192.jpg
data/raw/pool/neg_coco_photos_00193.jpg,coco_photos,advertisement,0,0.8692,data/raw/pool/neg_coco_photos_00193.jpg
data/raw/pool/neg_coco_photos_00194.jpg,coco_photos,advertisement,0,0.7749,data/raw/pool/neg_coco_photos_00194.jpg
data/raw/pool/neg_coco_photos_00195.jpg,coco_photos,advertisement,0,0.8802,data/raw/pool/neg_coco_photos_00195.jpg
data/raw/pool/neg_coco_photos_00196.jpg,coco_photos,advertisement,0,0.8664,data/raw/pool/neg_coco_photos_00196.jpg
data/raw/pool/neg_coco_photos_00197.jpg,coco_photos,advertisement,0,0.8664,data/raw/pool/neg_coco_photos_00197.jpg
data/raw/pool/neg_coco_photos_00198.jpg,coco_photos,advertisement,0,0.8370,data/raw/pool/neg_coco_photos_00198.jpg
data/raw/pool/neg_coco_photos_00199.jpg,coco_photos,advertisement,0,0.7716,data/raw/pool/neg_coco_photos_00199.jpg
data/raw/pool/neg_coco_photos_00200.jpg,coco_photos,advertisement,0,0.8861,data/raw/pool/neg_coco_photos_00200.jpg
data/raw/pool/neg_coco_photos_00201.jpg,coco_photos,advertisement,0,0.8642,data/raw/pool/neg_coco_photos_00201.jpg
data/raw/pool/neg_coco_photos_00202.jpg,coco_photos,advertisement,0,0.8737,data/raw/pool/neg_coco_photos_00202.jpg
data/raw/pool/neg_coco_photos_00203.jpg,coco_photos,advertisement,0,0.8801,data/raw/pool/neg_coco_photos_00203.jpg
data/raw/pool/neg_coco_photos_00204.jpg,coco_photos,advertisement,0,0.8989,data/raw/pool/neg_coco_photos_00204.jpg
data/raw/pool/neg_coco_photos_00205.jpg,coco_photos,advertisement,0,0.8668,data/raw/pool/neg_coco_photos_00205.jpg
data/raw/pool/neg_coco_photos_00206.jpg,coco_photos,advertisement,0,0.8865,data/raw/pool/neg_coco_photos_00206.jpg
data/raw/pool/neg_coco_photos_00207.jpg,coco_photos,advertisement,0,0.7518,data/raw/pool/neg_coco_photos_00207.jpg
data/raw/pool/neg_coco_photos_00208.jpg,coco_photos,advertisement,0,0.8793,data/raw/pool/neg_coco_photos_00208.jpg
data/raw/pool/neg_coco_photos_00209.jpg,coco_photos,advertisement,0,0.7952,data/raw/pool/neg_coco_photos_00209.jpg
data/raw/pool/neg_coco_photos_00210.jpg,coco_photos,advertisement,0,0.8023,data/raw/pool/neg_coco_photos_00210.jpg
data/raw/pool/neg_coco_photos_00211.jpg,coco_photos,advertisement,0,0.8625,data/raw/pool/neg_coco_photos_00211.jpg
data/raw/pool/neg_coco_photos_00212.jpg,coco_photos,advertisement,0,0.8757,data/raw/pool/neg_coco_photos_00212.jpg
data/raw/pool/neg_coco_photos_00213.jpg,coco_photos,advertisement,0,0.8751,data/raw/pool/neg_coco_photos_00213.jpg
data/raw/pool/neg_coco_photos_00214.jpg,coco_photos,advertisement,0,0.7907,data/raw/pool/neg_coco_photos_00214.jpg
data/raw/pool/neg_coco_photos_00215.jpg,coco_photos,advertisement,0,0.8388,data/raw/pool/neg_coco_photos_00215.jpg
data/raw/pool/neg_coco_photos_00216.jpg,coco_photos,advertisement,0,0.8623,data/raw/pool/neg_coco_photos_00216.jpg
data/raw/pool/neg_coco_photos_00217.jpg,coco_photos,advertisement,0,0.8765,data/raw/pool/neg_coco_photos_00217.jpg
data/raw/pool/neg_coco_photos_00218.jpg,coco_photos,advertisement,0,0.8671,data/raw/pool/neg_coco_photos_00218.jpg
data/raw/pool/neg_coco_photos_00219.jpg,coco_photos,advertisement,0,0.7822,data/raw/pool/neg_coco_photos_00219.jpg
data/raw/pool/neg_coco_photos_00220.jpg,coco_photos,advertisement,0,0.7987,data/raw/pool/neg_coco_photos_00220.jpg
data/raw/pool/neg_coco_photos_00221.jpg,coco_photos,advertisement,0,0.8771,data/raw/pool/neg_coco_photos_00221.jpg
data/raw/pool/neg_coco_photos_00222.jpg,coco_photos,advertisement,0,0.8775,data/raw/pool/neg_coco_photos_00222.jpg
data/raw/pool/neg_coco_photos_00223.jpg,coco_photos,advertisement,0,0.8949,data/raw/pool/neg_coco_photos_00223.jpg
data/raw/pool/neg_coco_photos_00224.jpg,coco_photos,advertisement,0,0.8939,data/raw/pool/neg_coco_photos_00224.jpg
data/raw/pool/neg_coco_photos_00225.jpg,coco_photos,advertisement,0,0.8739,data/raw/pool/neg_coco_photos_00225.jpg
data/raw/pool/neg_coco_photos_00226.jpg,coco_photos,advertisement,0,0.8947,data/raw/pool/neg_coco_photos_00226.jpg
data/raw/pool/neg_coco_photos_00227.jpg,coco_photos,advertisement,0,0.8793,data/raw/pool/neg_coco_photos_00227.jpg
data/raw/pool/neg_coco_photos_00228.jpg,coco_photos,advertisement,0,0.7865,data/raw/pool/neg_coco_photos_00228.jpg
data/raw/pool/neg_coco_photos_00229.jpg,coco_photos,advertisement,0,0.8794,data/raw/pool/neg_coco_photos_00229.jpg
data/raw/pool/neg_coco_photos_00230.jpg,coco_photos,advertisement,0,0.8674,data/raw/pool/neg_coco_photos_00230.jpg
data/raw/pool/neg_coco_photos_00231.jpg,coco_photos,advertisement,0,0.8555,data/raw/pool/neg_coco_photos_00231.jpg
data/raw/pool/neg_coco_photos_00232.jpg,coco_photos,advertisement,0,0.8848,data/raw/pool/neg_coco_photos_00232.jpg
data/raw/pool/neg_coco_photos_00233.jpg,coco_photos,advertisement,0,0.8306,data/raw/pool/neg_coco_photos_00233.jpg
data/raw/pool/neg_coco_photos_00234.jpg,coco_photos,advertisement,0,0.8754,data/raw/pool/neg_coco_photos_00234.jpg
data/raw/pool/neg_coco_photos_00235.jpg,coco_photos,advertisement,0,0.7996,data/raw/pool/neg_coco_photos_00235.jpg
data/raw/pool/neg_coco_photos_00236.jpg,coco_photos,advertisement,0,0.8614,data/raw/pool/neg_coco_photos_00236.jpg
data/raw/pool/neg_coco_photos_00237.jpg,coco_photos,advertisement,0,0.8636,data/raw/pool/neg_coco_photos_00237.jpg
data/raw/pool/neg_coco_photos_00238.jpg,coco_photos,advertisement,0,0.8785,data/raw/pool/neg_coco_photos_00238.jpg
data/raw/pool/neg_coco_photos_00239.jpg,coco_photos,advertisement,0,0.8157,data/raw/pool/neg_coco_photos_00239.jpg
data/raw/pool/neg_coco_photos_00240.jpg,coco_photos,advertisement,0,0.8719,data/raw/pool/neg_coco_photos_00240.jpg
data/raw/pool/neg_coco_photos_00241.jpg,coco_photos,advertisement,0,0.8928,data/raw/pool/neg_coco_photos_00241.jpg
data/raw/pool/neg_coco_photos_00242.jpg,coco_photos,advertisement,0,0.8575,data/raw/pool/neg_coco_photos_00242.jpg
data/raw/pool/neg_coco_photos_00243.jpg,coco_photos,advertisement,0,0.8855,data/raw/pool/neg_coco_photos_00243.jpg
data/raw/pool/neg_coco_photos_00244.jpg,coco_photos,advertisement,0,0.8337,data/raw/pool/neg_coco_photos_00244.jpg
data/raw/pool/neg_coco_photos_00245.jpg,coco_photos,advertisement,0,0.6925,data/raw/pool/neg_coco_photos_00245.jpg
data/raw/pool/neg_coco_photos_00246.jpg,coco_photos,advertisement,0,0.8647,data/raw/pool/neg_coco_photos_00246.jpg
data/raw/pool/neg_coco_photos_00247.jpg,coco_photos,advertisement,0,0.6726,data/raw/pool/neg_coco_photos_00247.jpg
data/raw/pool/neg_coco_photos_00248.jpg,coco_photos,advertisement,0,0.8879,data/raw/pool/neg_coco_photos_00248.jpg
data/raw/pool/neg_coco_photos_00249.jpg,coco_photos,advertisement,0,0.8405,data/raw/pool/neg_coco_photos_00249.jpg
data/raw/pool/neg_coco_photos_00250.jpg,coco_photos,advertisement,0,0.8037,data/raw/pool/neg_coco_photos_00250.jpg
data/raw/pool/neg_coco_photos_00251.jpg,coco_photos,advertisement,0,0.8507,data/raw/pool/neg_coco_photos_00251.jpg
data/raw/pool/neg_coco_photos_00252.jpg,coco_photos,advertisement,0,0.8618,data/raw/pool/neg_coco_photos_00252.jpg
data/raw/pool/neg_coco_photos_00253.jpg,coco_photos,advertisement,0,0.7507,data/raw/pool/neg_coco_photos_00253.jpg
data/raw/pool/neg_coco_photos_00254.jpg,coco_photos,advertisement,0,0.8051,data/raw/pool/neg_coco_photos_00254.jpg
data/raw/pool/neg_coco_photos_00255.jpg,coco_photos,advertisement,0,0.8755,data/raw/pool/neg_coco_photos_00255.jpg
data/raw/pool/neg_coco_photos_00256.jpg,coco_photos,advertisement,0,0.8692,data/raw/pool/neg_coco_photos_00256.jpg
data/raw/pool/neg_coco_photos_00257.jpg,coco_photos,advertisement,0,0.8427,data/raw/pool/neg_coco_photos_00257.jpg
data/raw/pool/neg_coco_photos_00258.jpg,coco_photos,advertisement,0,0.7873,data/raw/pool/neg_coco_photos_00258.jpg
data/raw/pool/neg_coco_photos_00259.jpg,coco_photos,advertisement,0,0.8865,data/raw/pool/neg_coco_photos_00259.jpg
data/raw/pool/neg_coco_photos_00260.jpg,coco_photos,advertisement,0,0.8920,data/raw/pool/neg_coco_photos_00260.jpg
data/raw/pool/neg_coco_photos_00261.jpg,coco_photos,advertisement,0,0.8819,data/raw/pool/neg_coco_photos_00261.jpg
data/raw/pool/neg_coco_photos_00262.jpg,coco_photos,advertisement,0,0.8722,data/raw/pool/neg_coco_photos_00262.jpg
data/raw/pool/neg_coco_photos_00263.jpg,coco_photos,advertisement,0,0.8892,data/raw/pool/neg_coco_photos_00263.jpg
data/raw/pool/neg_coco_photos_00264.jpg,coco_photos,advertisement,0,0.8729,data/raw/pool/neg_coco_photos_00264.jpg
data/raw/pool/neg_coco_photos_00265.jpg,coco_photos,advertisement,0,0.7470,data/raw/pool/neg_coco_photos_00265.jpg
data/raw/pool/neg_coco_photos_00266.jpg,coco_photos,advertisement,0,0.6054,data/raw/pool/neg_coco_photos_00266.jpg
data/raw/pool/neg_coco_photos_00267.jpg,coco_photos,advertisement,0,0.8845,data/raw/pool/neg_coco_photos_00267.jpg
data/raw/pool/neg_coco_photos_00268.jpg,coco_photos,advertisement,0,0.8878,data/raw/pool/neg_coco_photos_00268.jpg
data/raw/pool/neg_coco_photos_00269.jpg,coco_photos,advertisement,0,0.8894,data/raw/pool/neg_coco_photos_00269.jpg
data/raw/pool/neg_coco_photos_00270.jpg,coco_photos,advertisement,0,0.8727,data/raw/pool/neg_coco_photos_00270.jpg
data/raw/pool/neg_coco_photos_00271.jpg,coco_photos,advertisement,0,0.8880,data/raw/pool/neg_coco_photos_00271.jpg
data/raw/pool/neg_coco_photos_00272.jpg,coco_photos,advertisement,0,0.8722,data/raw/pool/neg_coco_photos_00272.jpg
data/raw/pool/neg_coco_photos_00273.jpg,coco_photos,advertisement,0,0.8802,data/raw/pool/neg_coco_photos_00273.jpg
data/raw/pool/neg_coco_photos_00274.jpg,coco_photos,advertisement,0,0.8639,data/raw/pool/neg_coco_photos_00274.jpg
data/raw/pool/neg_coco_photos_00275.jpg,coco_photos,advertisement,0,0.8674,data/raw/pool/neg_coco_photos_00275.jpg
data/raw/pool/neg_coco_photos_00276.jpg,coco_photos,advertisement,0,0.8823,data/raw/pool/neg_coco_photos_00276.jpg
data/raw/pool/neg_coco_photos_00277.jpg,coco_photos,advertisement,0,0.8615,data/raw/pool/neg_coco_photos_00277.jpg
data/raw/pool/neg_coco_photos_00278.jpg,coco_photos,advertisement,0,0.8729,data/raw/pool/neg_coco_photos_00278.jpg
data/raw/pool/neg_coco_photos_00279.jpg,coco_photos,advertisement,0,0.8682,data/raw/pool/neg_coco_photos_00279.jpg
data/raw/pool/neg_coco_photos_00280.jpg,coco_photos,advertisement,0,0.8457,data/raw/pool/neg_coco_photos_00280.jpg
data/raw/pool/neg_coco_photos_00281.jpg,coco_photos,advertisement,0,0.8612,data/raw/pool/neg_coco_photos_00281.jpg
data/raw/pool/neg_coco_photos_00282.jpg,coco_photos,advertisement,0,0.8802,data/raw/pool/neg_coco_photos_00282.jpg
data/raw/pool/neg_coco_photos_00283.jpg,coco_photos,advertisement,0,0.8756,data/raw/pool/neg_coco_photos_00283.jpg
data/raw/pool/neg_coco_photos_00284.jpg,coco_photos,advertisement,0,0.6528,data/raw/pool/neg_coco_photos_00284.jpg
data/raw/pool/neg_coco_photos_00285.jpg,coco_photos,advertisement,0,0.8952,data/raw/pool/neg_coco_photos_00285.jpg
data/raw/pool/neg_coco_photos_00286.jpg,coco_photos,advertisement,0,0.8749,data/raw/pool/neg_coco_photos_00286.jpg
data/raw/pool/neg_coco_photos_00287.jpg,coco_photos,advertisement,0,0.8983,data/raw/pool/neg_coco_photos_00287.jpg
data/raw/pool/neg_coco_photos_00288.jpg,coco_photos,advertisement,0,0.8871,data/raw/pool/neg_coco_photos_00288.jpg
data/raw/pool/neg_coco_photos_00289.jpg,coco_photos,advertisement,0,0.8841,data/raw/pool/neg_coco_photos_00289.jpg
data/raw/pool/neg_coco_photos_00290.jpg,coco_photos,advertisement,0,0.8243,data/raw/pool/neg_coco_photos_00290.jpg
data/raw/pool/neg_coco_photos_00291.jpg,coco_photos,advertisement,0,0.8376,data/raw/pool/neg_coco_photos_00291.jpg
data/raw/pool/neg_coco_photos_00292.jpg,coco_photos,advertisement,0,0.8810,data/raw/pool/neg_coco_photos_00292.jpg
data/raw/pool/neg_coco_photos_00293.jpg,coco_photos,advertisement,0,0.8538,data/raw/pool/neg_coco_photos_00293.jpg
data/raw/pool/neg_coco_photos_00294.jpg,coco_photos,advertisement,0,0.7045,data/raw/pool/neg_coco_photos_00294.jpg
data/raw/pool/neg_coco_photos_00295.jpg,coco_photos,advertisement,0,0.8140,data/raw/pool/neg_coco_photos_00295.jpg
data/raw/pool/neg_coco_photos_00296.jpg,coco_photos,advertisement,0,0.8904,data/raw/pool/neg_coco_photos_00296.jpg
data/raw/pool/neg_coco_photos_00297.jpg,coco_photos,advertisement,0,0.8654,data/raw/pool/neg_coco_photos_00297.jpg
data/raw/pool/neg_coco_photos_00298.jpg,coco_photos,advertisement,0,0.8275,data/raw/pool/neg_coco_photos_00298.jpg
data/raw/pool/neg_coco_photos_00299.jpg,coco_photos,advertisement,0,0.8538,data/raw/pool/neg_coco_photos_00299.jpg
data/raw/pool/neg_coco_photos_00300.jpg,coco_photos,advertisement,0,0.7389,data/raw/pool/neg_coco_photos_00300.jpg
data/raw/pool/neg_coco_photos_00301.jpg,coco_photos,advertisement,0,0.7672,data/raw/pool/neg_coco_photos_00301.jpg
data/raw/pool/neg_coco_photos_00302.jpg,coco_photos,advertisement,0,0.8770,data/raw/pool/neg_coco_photos_00302.jpg
data/raw/pool/neg_coco_photos_00303.jpg,coco_photos,advertisement,0,0.8617,data/raw/pool/neg_coco_photos_00303.jpg
data/raw/pool/neg_coco_photos_00304.jpg,coco_photos,advertisement,0,0.8818,data/raw/pool/neg_coco_photos_00304.jpg
data/raw/pool/neg_coco_photos_00305.jpg,coco_photos,advertisement,0,0.8384,data/raw/pool/neg_coco_photos_00305.jpg
data/raw/pool/neg_coco_photos_00306.jpg,coco_photos,advertisement,0,0.8856,data/raw/pool/neg_coco_photos_00306.jpg
data/raw/pool/neg_coco_photos_00307.jpg,coco_photos,advertisement,0,0.8865,data/raw/pool/neg_coco_photos_00307.jpg
data/raw/pool/neg_coco_photos_00308.jpg,coco_photos,advertisement,0,0.8890,data/raw/pool/neg_coco_photos_00308.jpg
data/raw/pool/neg_coco_photos_00309.jpg,coco_photos,advertisement,0,0.8755,data/raw/pool/neg_coco_photos_00309.jpg
data/raw/pool/neg_coco_photos_00310.jpg,coco_photos,advertisement,0,0.8817,data/raw/pool/neg_coco_photos_00310.jpg
data/raw/pool/neg_coco_photos_00311.jpg,coco_photos,advertisement,0,0.8799,data/raw/pool/neg_coco_photos_00311.jpg
data/raw/pool/neg_coco_photos_00312.jpg,coco_photos,advertisement,0,0.8591,data/raw/pool/neg_coco_photos_00312.jpg
data/raw/pool/neg_coco_photos_00313.jpg,coco_photos,advertisement,0,0.8800,data/raw/pool/neg_coco_photos_00313.jpg
data/raw/pool/neg_coco_photos_00314.jpg,coco_photos,advertisement,0,0.8582,data/raw/pool/neg_coco_photos_00314.jpg
data/raw/pool/neg_coco_photos_00315.jpg,coco_photos,advertisement,0,0.8655,data/raw/pool/neg_coco_photos_00315.jpg
data/raw/pool/neg_coco_photos_00316.jpg,coco_photos,advertisement,0,0.8817,data/raw/pool/neg_coco_photos_00316.jpg
data/raw/pool/neg_coco_photos_00317.jpg,coco_photos,advertisement,0,0.8883,data/raw/pool/neg_coco_photos_00317.jpg
data/raw/pool/neg_coco_photos_00318.jpg,coco_photos,advertisement,0,0.7656,data/raw/pool/neg_coco_photos_00318.jpg
data/raw/pool/neg_coco_photos_00319.jpg,coco_photos,advertisement,0,0.8889,data/raw/pool/neg_coco_photos_00319.jpg
data/raw/pool/neg_coco_photos_00320.jpg,coco_photos,advertisement,0,0.8875,data/raw/pool/neg_coco_photos_00320.jpg
data/raw/pool/neg_coco_photos_00321.jpg,coco_photos,advertisement,0,0.8531,data/raw/pool/neg_coco_photos_00321.jpg
data/raw/pool/neg_coco_photos_00322.jpg,coco_photos,advertisement,0,0.8895,data/raw/pool/neg_coco_photos_00322.jpg
data/raw/pool/neg_coco_photos_00323.jpg,coco_photos,advertisement,0,0.7304,data/raw/pool/neg_coco_photos_00323.jpg
data/raw/pool/neg_coco_photos_00324.jpg,coco_photos,advertisement,0,0.7929,data/raw/pool/neg_coco_photos_00324.jpg
data/raw/pool/neg_coco_photos_00325.jpg,coco_photos,advertisement,0,0.8948,data/raw/pool/neg_coco_photos_00325.jpg
data/raw/pool/neg_coco_photos_00326.jpg,coco_photos,advertisement,0,0.8598,data/raw/pool/neg_coco_photos_00326.jpg
data/raw/pool/neg_coco_photos_00327.jpg,coco_photos,advertisement,0,0.8756,data/raw/pool/neg_coco_photos_00327.jpg
data/raw/pool/neg_coco_photos_00328.jpg,coco_photos,advertisement,0,0.8470,data/raw/pool/neg_coco_photos_00328.jpg
data/raw/pool/neg_coco_photos_00329.jpg,coco_photos,advertisement,0,0.8663,data/raw/pool/neg_coco_photos_00329.jpg
data/raw/pool/neg_coco_photos_00330.jpg,coco_photos,advertisement,0,0.8385,data/raw/pool/neg_coco_photos_00330.jpg
data/raw/pool/neg_coco_photos_00331.jpg,coco_photos,advertisement,0,0.8677,data/raw/pool/neg_coco_photos_00331.jpg
data/raw/pool/neg_coco_photos_00332.jpg,coco_photos,advertisement,0,0.8945,data/raw/pool/neg_coco_photos_00332.jpg
data/raw/pool/neg_coco_photos_00333.jpg,coco_photos,advertisement,0,0.8860,data/raw/pool/neg_coco_photos_00333.jpg
data/raw/pool/neg_coco_photos_00334.jpg,coco_photos,advertisement,0,0.8620,data/raw/pool/neg_coco_photos_00334.jpg
data/raw/pool/neg_coco_photos_00335.jpg,coco_photos,advertisement,0,0.8838,data/raw/pool/neg_coco_photos_00335.jpg
data/raw/pool/neg_coco_photos_00336.jpg,coco_photos,advertisement,0,0.8642,data/raw/pool/neg_coco_photos_00336.jpg
data/raw/pool/neg_coco_photos_00337.jpg,coco_photos,advertisement,0,0.8928,data/raw/pool/neg_coco_photos_00337.jpg
data/raw/pool/neg_coco_photos_00338.jpg,coco_photos,advertisement,0,0.7953,data/raw/pool/neg_coco_photos_00338.jpg
data/raw/pool/neg_coco_photos_00339.jpg,coco_photos,advertisement,0,0.8510,data/raw/pool/neg_coco_photos_00339.jpg
data/raw/pool/neg_coco_photos_00340.jpg,coco_photos,advertisement,0,0.8101,data/raw/pool/neg_coco_photos_00340.jpg
data/raw/pool/neg_coco_photos_00341.jpg,coco_photos,advertisement,0,0.8829,data/raw/pool/neg_coco_photos_00341.jpg
data/raw/pool/neg_coco_photos_00342.jpg,coco_photos,advertisement,0,0.8861,data/raw/pool/neg_coco_photos_00342.jpg
data/raw/pool/neg_coco_photos_00343.jpg,coco_photos,advertisement,0,0.8896,data/raw/pool/neg_coco_photos_00343.jpg
data/raw/pool/neg_coco_photos_00344.jpg,coco_photos,advertisement,0,0.8780,data/raw/pool/neg_coco_photos_00344.jpg
data/raw/pool/neg_coco_photos_00345.jpg,coco_photos,advertisement,0,0.8444,data/raw/pool/neg_coco_photos_00345.jpg
data/raw/pool/neg_coco_photos_00346.jpg,coco_photos,advertisement,0,0.9021,data/raw/pool/neg_coco_photos_00346.jpg
data/raw/pool/neg_coco_photos_00347.jpg,coco_photos,advertisement,0,0.8752,data/raw/pool/neg_coco_photos_00347.jpg
data/raw/pool/neg_coco_photos_00348.jpg,coco_photos,advertisement,0,0.7972,data/raw/pool/neg_coco_photos_00348.jpg
data/raw/pool/neg_coco_photos_00349.jpg,coco_photos,advertisement,0,0.8395,data/raw/pool/neg_coco_photos_00349.jpg
data/raw/pool/neg_coco_photos_00350.jpg,coco_photos,advertisement,0,0.7352,data/raw/pool/neg_coco_photos_00350.jpg
data/raw/pool/neg_coco_photos_00351.jpg,coco_photos,advertisement,0,0.8836,data/raw/pool/neg_coco_photos_00351.jpg
data/raw/pool/neg_coco_photos_00352.jpg,coco_photos,advertisement,0,0.8507,data/raw/pool/neg_coco_photos_00352.jpg
data/raw/pool/neg_coco_photos_00353.jpg,coco_photos,advertisement,0,0.8988,data/raw/pool/neg_coco_photos_00353.jpg
data/raw/pool/neg_coco_photos_00354.jpg,coco_photos,advertisement,0,0.8747,data/raw/pool/neg_coco_photos_00354.jpg
data/raw/pool/neg_coco_photos_00355.jpg,coco_photos,advertisement,0,0.8770,data/raw/pool/neg_coco_photos_00355.jpg
data/raw/pool/neg_coco_photos_00356.jpg,coco_photos,advertisement,0,0.8469,data/raw/pool/neg_coco_photos_00356.jpg
data/raw/pool/neg_coco_photos_00357.jpg,coco_photos,advertisement,0,0.8674,data/raw/pool/neg_coco_photos_00357.jpg
data/raw/pool/neg_coco_photos_00358.jpg,coco_photos,advertisement,0,0.8751,data/raw/pool/neg_coco_photos_00358.jpg
data/raw/pool/neg_coco_photos_00359.jpg,coco_photos,advertisement,0,0.8720,data/raw/pool/neg_coco_photos_00359.jpg
data/raw/pool/neg_coco_photos_00360.jpg,coco_photos,advertisement,0,0.8671,data/raw/pool/neg_coco_photos_00360.jpg
data/raw/pool/neg_coco_photos_00361.jpg,coco_photos,advertisement,0,0.7322,data/raw/pool/neg_coco_photos_00361.jpg
data/raw/pool/neg_coco_photos_00362.jpg,coco_photos,advertisement,0,0.8897,data/raw/pool/neg_coco_photos_00362.jpg
data/raw/pool/neg_coco_photos_00363.jpg,coco_photos,advertisement,0,0.8653,data/raw/pool/neg_coco_photos_00363.jpg
data/raw/pool/neg_coco_photos_00364.jpg,coco_photos,advertisement,0,0.8061,data/raw/pool/neg_coco_photos_00364.jpg
data/raw/pool/neg_coco_photos_00365.jpg,coco_photos,advertisement,0,0.8763,data/raw/pool/neg_coco_photos_00365.jpg
data/raw/pool/neg_coco_photos_00366.jpg,coco_photos,advertisement,0,0.7879,data/raw/pool/neg_coco_photos_00366.jpg
data/raw/pool/neg_coco_photos_00367.jpg,coco_photos,advertisement,0,0.8025,data/raw/pool/neg_coco_photos_00367.jpg
data/raw/pool/neg_coco_photos_00368.jpg,coco_photos,advertisement,0,0.7590,data/raw/pool/neg_coco_photos_00368.jpg
data/raw/pool/neg_coco_photos_00369.jpg,coco_photos,advertisement,0,0.8797,data/raw/pool/neg_coco_photos_00369.jpg
data/raw/pool/neg_coco_photos_00370.jpg,coco_photos,advertisement,0,0.8713,data/raw/pool/neg_coco_photos_00370.jpg
data/raw/pool/neg_coco_photos_00371.jpg,coco_photos,advertisement,0,0.8862,data/raw/pool/neg_coco_photos_00371.jpg
data/raw/pool/neg_coco_photos_00372.jpg,coco_photos,advertisement,0,0.8745,data/raw/pool/neg_coco_photos_00372.jpg
data/raw/pool/neg_coco_photos_00373.jpg,coco_photos,advertisement,0,0.8678,data/raw/pool/neg_coco_photos_00373.jpg
data/raw/pool/neg_coco_photos_00374.jpg,coco_photos,advertisement,0,0.8667,data/raw/pool/neg_coco_photos_00374.jpg
data/raw/pool/neg_coco_photos_00375.jpg,coco_photos,advertisement,0,0.8825,data/raw/pool/neg_coco_photos_00375.jpg
data/raw/pool/neg_coco_photos_00376.jpg,coco_photos,advertisement,0,0.8816,data/raw/pool/neg_coco_photos_00376.jpg
data/raw/pool/neg_coco_photos_00377.jpg,coco_photos,advertisement,0,0.8947,data/raw/pool/neg_coco_photos_00377.jpg
data/raw/pool/neg_coco_photos_00378.jpg,coco_photos,advertisement,0,0.8848,data/raw/pool/neg_coco_photos_00378.jpg
data/raw/pool/neg_coco_photos_00379.jpg,coco_photos,advertisement,0,0.8479,data/raw/pool/neg_coco_photos_00379.jpg
data/raw/pool/neg_coco_photos_00380.jpg,coco_photos,advertisement,0,0.7104,data/raw/pool/neg_coco_photos_00380.jpg
data/raw/pool/neg_coco_photos_00381.jpg,coco_photos,advertisement,0,0.8474,data/raw/pool/neg_coco_photos_00381.jpg
data/raw/pool/neg_coco_photos_00382.jpg,coco_photos,advertisement,0,0.8792,data/raw/pool/neg_coco_photos_00382.jpg
data/raw/pool/neg_coco_photos_00383.jpg,coco_photos,advertisement,0,0.8747,data/raw/pool/neg_coco_photos_00383.jpg
data/raw/pool/neg_coco_photos_00384.jpg,coco_photos,advertisement,0,0.8276,data/raw/pool/neg_coco_photos_00384.jpg
data/raw/pool/neg_coco_photos_00385.jpg,coco_photos,advertisement,0,0.8082,data/raw/pool/neg_coco_photos_00385.jpg
data/raw/pool/neg_coco_photos_00386.jpg,coco_photos,advertisement,0,0.8559,data/raw/pool/neg_coco_photos_00386.jpg
data/raw/pool/neg_coco_photos_00387.jpg,coco_photos,advertisement,0,0.8273,data/raw/pool/neg_coco_photos_00387.jpg
data/raw/pool/neg_coco_photos_00388.jpg,coco_photos,advertisement,0,0.8876,data/raw/pool/neg_coco_photos_00388.jpg
data/raw/pool/neg_coco_photos_00389.jpg,coco_photos,advertisement,0,0.8878,data/raw/pool/neg_coco_photos_00389.jpg
data/raw/pool/neg_coco_photos_00390.jpg,coco_photos,advertisement,0,0.6670,data/raw/pool/neg_coco_photos_00390.jpg
data/raw/pool/neg_coco_photos_00391.jpg,coco_photos,advertisement,0,0.7298,data/raw/pool/neg_coco_photos_00391.jpg
data/raw/pool/neg_coco_photos_00392.jpg,coco_photos,advertisement,0,0.8782,data/raw/pool/neg_coco_photos_00392.jpg
data/raw/pool/neg_coco_photos_00393.jpg,coco_photos,advertisement,0,0.8707,data/raw/pool/neg_coco_photos_00393.jpg
data/raw/pool/neg_coco_photos_00394.jpg,coco_photos,advertisement,0,0.8524,data/raw/pool/neg_coco_photos_00394.jpg
data/raw/pool/neg_coco_photos_00395.jpg,coco_photos,advertisement,0,0.7035,data/raw/pool/neg_coco_photos_00395.jpg
data/raw/pool/neg_coco_photos_00396.jpg,coco_photos,advertisement,0,0.7946,data/raw/pool/neg_coco_photos_00396.jpg
data/raw/pool/neg_coco_photos_00397.jpg,coco_photos,advertisement,0,0.8476,data/raw/pool/neg_coco_photos_00397.jpg
data/raw/pool/neg_coco_photos_00398.jpg,coco_photos,advertisement,0,0.8803,data/raw/pool/neg_coco_photos_00398.jpg
data/raw/pool/neg_coco_photos_00399.jpg,coco_photos,advertisement,0,0.8645,data/raw/pool/neg_coco_photos_00399.jpg
data/raw/pool/neg_coco_photos_00400.jpg,coco_photos,advertisement,0,0.8575,data/raw/pool/neg_coco_photos_00400.jpg
data/raw/pool/neg_coco_photos_00401.jpg,coco_photos,advertisement,0,0.8965,data/raw/pool/neg_coco_photos_00401.jpg
data/raw/pool/neg_coco_photos_00402.jpg,coco_photos,advertisement,0,0.8540,data/raw/pool/neg_coco_photos_00402.jpg
data/raw/pool/neg_coco_photos_00403.jpg,coco_photos,advertisement,0,0.8723,data/raw/pool/neg_coco_photos_00403.jpg
data/raw/pool/neg_coco_photos_00404.jpg,coco_photos,advertisement,0,0.8597,data/raw/pool/neg_coco_photos_00404.jpg
data/raw/pool/neg_coco_photos_00405.jpg,coco_photos,advertisement,0,0.8698,data/raw/pool/neg_coco_photos_00405.jpg
data/raw/pool/neg_coco_photos_00406.jpg,coco_photos,advertisement,0,0.8772,data/raw/pool/neg_coco_photos_00406.jpg
data/raw/pool/neg_coco_photos_00407.jpg,coco_photos,advertisement,0,0.4243,data/raw/pool/neg_coco_photos_00407.jpg
data/raw/pool/neg_coco_photos_00408.jpg,coco_photos,advertisement,0,0.8072,data/raw/pool/neg_coco_photos_00408.jpg
data/raw/pool/neg_coco_photos_00409.jpg,coco_photos,advertisement,0,0.8585,data/raw/pool/neg_coco_photos_00409.jpg
data/raw/pool/neg_coco_photos_00410.jpg,coco_photos,advertisement,0,0.7968,data/raw/pool/neg_coco_photos_00410.jpg
data/raw/pool/neg_coco_photos_00411.jpg,coco_photos,advertisement,0,0.8959,data/raw/pool/neg_coco_photos_00411.jpg
data/raw/pool/neg_coco_photos_00412.jpg,coco_photos,advertisement,0,0.8348,data/raw/pool/neg_coco_photos_00412.jpg
data/raw/pool/neg_coco_photos_00413.jpg,coco_photos,advertisement,0,0.8099,data/raw/pool/neg_coco_photos_00413.jpg
data/raw/pool/neg_coco_photos_00414.jpg,coco_photos,advertisement,0,0.7936,data/raw/pool/neg_coco_photos_00414.jpg
data/raw/pool/neg_coco_photos_00415.jpg,coco_photos,advertisement,0,0.8794,data/raw/pool/neg_coco_photos_00415.jpg
data/raw/pool/neg_coco_photos_00416.jpg,coco_photos,advertisement,0,0.8888,data/raw/pool/neg_coco_photos_00416.jpg
data/raw/pool/neg_coco_photos_00417.jpg,coco_photos,advertisement,0,0.8817,data/raw/pool/neg_coco_photos_00417.jpg
data/raw/pool/neg_coco_photos_00418.jpg,coco_photos,advertisement,0,0.8738,data/raw/pool/neg_coco_photos_00418.jpg
data/raw/pool/neg_coco_photos_00419.jpg,coco_photos,advertisement,0,0.8633,data/raw/pool/neg_coco_photos_00419.jpg
data/raw/pool/neg_coco_photos_00420.jpg,coco_photos,advertisement,0,0.8118,data/raw/pool/neg_coco_photos_00420.jpg
data/raw/pool/neg_coco_photos_00421.jpg,coco_photos,advertisement,0,0.8653,data/raw/pool/neg_coco_photos_00421.jpg
data/raw/pool/neg_coco_photos_00422.jpg,coco_photos,advertisement,0,0.7456,data/raw/pool/neg_coco_photos_00422.jpg
data/raw/pool/neg_coco_photos_00423.jpg,coco_photos,advertisement,0,0.8682,data/raw/pool/neg_coco_photos_00423.jpg
data/raw/pool/neg_coco_photos_00424.jpg,coco_photos,advertisement,0,0.8342,data/raw/pool/neg_coco_photos_00424.jpg
data/raw/pool/neg_coco_photos_00425.jpg,coco_photos,advertisement,0,0.8779,data/raw/pool/neg_coco_photos_00425.jpg
data/raw/pool/neg_coco_photos_00426.jpg,coco_photos,advertisement,0,0.8833,data/raw/pool/neg_coco_photos_00426.jpg
data/raw/pool/neg_coco_photos_00427.jpg,coco_photos,advertisement,0,0.4902,data/raw/pool/neg_coco_photos_00427.jpg
data/raw/pool/neg_coco_photos_00428.jpg,coco_photos,advertisement,0,0.8855,data/raw/pool/neg_coco_photos_00428.jpg
data/raw/pool/neg_coco_photos_00429.jpg,coco_photos,advertisement,0,0.8328,data/raw/pool/neg_coco_photos_00429.jpg
data/raw/pool/neg_coco_photos_00430.jpg,coco_photos,advertisement,0,0.4743,data/raw/pool/neg_coco_photos_00430.jpg
data/raw/pool/neg_coco_photos_00431.jpg,coco_photos,advertisement,0,0.8474,data/raw/pool/neg_coco_photos_00431.jpg
data/raw/pool/neg_coco_photos_00432.jpg,coco_photos,advertisement,0,0.8138,data/raw/pool/neg_coco_photos_00432.jpg
data/raw/pool/neg_coco_photos_00433.jpg,coco_photos,advertisement,0,0.8715,data/raw/pool/neg_coco_photos_00433.jpg
data/raw/pool/neg_coco_photos_00434.jpg,coco_photos,advertisement,0,0.8870,data/raw/pool/neg_coco_photos_00434.jpg
data/raw/pool/neg_coco_photos_00435.jpg,coco_photos,advertisement,0,0.8841,data/raw/pool/neg_coco_photos_00435.jpg
data/raw/pool/neg_coco_photos_00436.jpg,coco_photos,advertisement,0,0.8923,data/raw/pool/neg_coco_photos_00436.jpg
data/raw/pool/neg_coco_photos_00437.jpg,coco_photos,advertisement,0,0.8862,data/raw/pool/neg_coco_photos_00437.jpg
data/raw/pool/neg_coco_photos_00438.jpg,coco_photos,advertisement,0,0.8151,data/raw/pool/neg_coco_photos_00438.jpg
data/raw/pool/neg_coco_photos_00439.jpg,coco_photos,advertisement,0,0.8537,data/raw/pool/neg_coco_photos_00439.jpg
data/raw/pool/neg_coco_photos_00440.jpg,coco_photos,advertisement,0,0.8831,data/raw/pool/neg_coco_photos_00440.jpg
data/raw/pool/neg_coco_photos_00441.jpg,coco_photos,advertisement,0,0.8756,data/raw/pool/neg_coco_photos_00441.jpg
data/raw/pool/neg_coco_photos_00442.jpg,coco_photos,advertisement,0,0.6003,data/raw/pool/neg_coco_photos_00442.jpg
data/raw/pool/neg_coco_photos_00443.jpg,coco_photos,advertisement,0,0.8573,data/raw/pool/neg_coco_photos_00443.jpg
data/raw/pool/neg_coco_photos_00444.jpg,coco_photos,advertisement,0,0.8894,data/raw/pool/neg_coco_photos_00444.jpg
data/raw/pool/neg_coco_photos_00445.jpg,coco_photos,advertisement,0,0.8752,data/raw/pool/neg_coco_photos_00445.jpg
data/raw/pool/neg_coco_photos_00446.jpg,coco_photos,advertisement,0,0.8869,data/raw/pool/neg_coco_photos_00446.jpg
data/raw/pool/neg_coco_photos_00447.jpg,coco_photos,advertisement,0,0.8878,data/raw/pool/neg_coco_photos_00447.jpg
data/raw/pool/neg_coco_photos_00448.jpg,coco_photos,advertisement,0,0.8870,data/raw/pool/neg_coco_photos_00448.jpg
data/raw/pool/neg_coco_photos_00449.jpg,coco_photos,advertisement,0,0.8698,data/raw/pool/neg_coco_photos_00449.jpg
data/raw/pool/neg_coco_photos_00450.jpg,coco_photos,advertisement,0,0.8825,data/raw/pool/neg_coco_photos_00450.jpg
data/raw/pool/neg_coco_photos_00451.jpg,coco_photos,advertisement,0,0.7974,data/raw/pool/neg_coco_photos_00451.jpg
data/raw/pool/neg_coco_photos_00452.jpg,coco_photos,advertisement,0,0.8739,data/raw/pool/neg_coco_photos_00452.jpg
data/raw/pool/neg_coco_photos_00453.jpg,coco_photos,advertisement,0,0.8877,data/raw/pool/neg_coco_photos_00453.jpg
data/raw/pool/neg_coco_photos_00454.jpg,coco_photos,advertisement,0,0.8897,data/raw/pool/neg_coco_photos_00454.jpg
data/raw/pool/neg_coco_photos_00455.jpg,coco_photos,advertisement,0,0.8917,data/raw/pool/neg_coco_photos_00455.jpg
data/raw/pool/neg_coco_photos_00456.jpg,coco_photos,advertisement,0,0.8951,data/raw/pool/neg_coco_photos_00456.jpg
data/raw/pool/neg_coco_photos_00457.jpg,coco_photos,advertisement,0,0.8841,data/raw/pool/neg_coco_photos_00457.jpg
data/raw/pool/neg_coco_photos_00458.jpg,coco_photos,advertisement,0,0.8419,data/raw/pool/neg_coco_photos_00458.jpg
data/raw/pool/neg_coco_photos_00459.jpg,coco_photos,advertisement,0,0.8780,data/raw/pool/neg_coco_photos_00459.jpg
data/raw/pool/neg_coco_photos_00460.jpg,coco_photos,advertisement,0,0.8637,data/raw/pool/neg_coco_photos_00460.jpg
data/raw/pool/neg_coco_photos_00461.jpg,coco_photos,advertisement,0,0.8987,data/raw/pool/neg_coco_photos_00461.jpg
data/raw/pool/neg_coco_photos_00462.jpg,coco_photos,advertisement,0,0.8917,data/raw/pool/neg_coco_photos_00462.jpg
data/raw/pool/neg_coco_photos_00463.jpg,coco_photos,advertisement,0,0.8926,data/raw/pool/neg_coco_photos_00463.jpg
data/raw/pool/neg_coco_photos_00464.jpg,coco_photos,advertisement,0,0.8902,data/raw/pool/neg_coco_photos_00464.jpg
data/raw/pool/neg_coco_photos_00465.jpg,coco_photos,advertisement,0,0.8898,data/raw/pool/neg_coco_photos_00465.jpg
data/raw/pool/neg_coco_photos_00466.jpg,coco_photos,advertisement,0,0.7306,data/raw/pool/neg_coco_photos_00466.jpg
data/raw/pool/neg_coco_photos_00467.jpg,coco_photos,advertisement,0,0.8807,data/raw/pool/neg_coco_photos_00467.jpg
data/raw/pool/neg_coco_photos_00468.jpg,coco_photos,advertisement,0,0.8677,data/raw/pool/neg_coco_photos_00468.jpg
data/raw/pool/neg_coco_photos_00469.jpg,coco_photos,advertisement,0,0.8899,data/raw/pool/neg_coco_photos_00469.jpg
data/raw/pool/neg_coco_photos_00470.jpg,coco_photos,advertisement,0,0.8362,data/raw/pool/neg_coco_photos_00470.jpg
data/raw/pool/neg_coco_photos_00471.jpg,coco_photos,advertisement,0,0.8476,data/raw/pool/neg_coco_photos_00471.jpg
data/raw/pool/neg_coco_photos_00472.jpg,coco_photos,advertisement,0,0.8872,data/raw/pool/neg_coco_photos_00472.jpg
data/raw/pool/neg_coco_photos_00473.jpg,coco_photos,advertisement,0,0.8891,data/raw/pool/neg_coco_photos_00473.jpg
data/raw/pool/neg_coco_photos_00474.jpg,coco_photos,advertisement,0,0.8776,data/raw/pool/neg_coco_photos_00474.jpg
data/raw/pool/neg_coco_photos_00475.jpg,coco_photos,advertisement,0,0.8719,data/raw/pool/neg_coco_photos_00475.jpg
data/raw/pool/neg_coco_photos_00476.jpg,coco_photos,advertisement,0,0.8307,data/raw/pool/neg_coco_photos_00476.jpg
data/raw/pool/neg_coco_photos_00477.jpg,coco_photos,news article,0,0.7241,data/raw/pool/neg_coco_photos_00477.jpg
data/raw/pool/neg_coco_photos_00478.jpg,coco_photos,advertisement,0,0.8620,data/raw/pool/neg_coco_photos_00478.jpg
data/raw/pool/neg_coco_photos_00479.jpg,coco_photos,advertisement,0,0.8940,data/raw/pool/neg_coco_photos_00479.jpg
data/raw/pool/neg_coco_photos_00480.jpg,coco_photos,advertisement,0,0.8084,data/raw/pool/neg_coco_photos_00480.jpg
data/raw/pool/neg_coco_photos_00481.jpg,coco_photos,advertisement,0,0.7283,data/raw/pool/neg_coco_photos_00481.jpg
data/raw/pool/neg_coco_photos_00482.jpg,coco_photos,advertisement,0,0.8900,data/raw/pool/neg_coco_photos_00482.jpg
data/raw/pool/neg_coco_photos_00483.jpg,coco_photos,advertisement,0,0.7507,data/raw/pool/neg_coco_photos_00483.jpg
data/raw/pool/neg_coco_photos_00484.jpg,coco_photos,advertisement,0,0.8645,data/raw/pool/neg_coco_photos_00484.jpg
data/raw/pool/neg_coco_photos_00485.jpg,coco_photos,advertisement,0,0.8687,data/raw/pool/neg_coco_photos_00485.jpg
data/raw/pool/neg_coco_photos_00486.jpg,coco_photos,advertisement,0,0.7448,data/raw/pool/neg_coco_photos_00486.jpg
data/raw/pool/neg_coco_photos_00487.jpg,coco_photos,advertisement,0,0.8912,data/raw/pool/neg_coco_photos_00487.jpg
data/raw/pool/neg_coco_photos_00488.jpg,coco_photos,advertisement,0,0.8088,data/raw/pool/neg_coco_photos_00488.jpg
data/raw/pool/neg_coco_photos_00489.jpg,coco_photos,advertisement,0,0.8848,data/raw/pool/neg_coco_photos_00489.jpg
data/raw/pool/neg_coco_photos_00490.jpg,coco_photos,news article,0,0.5311,data/raw/pool/neg_coco_photos_00490.jpg
data/raw/pool/neg_coco_photos_00491.jpg,coco_photos,advertisement,0,0.8750,data/raw/pool/neg_coco_photos_00491.jpg
data/raw/pool/neg_coco_photos_00492.jpg,coco_photos,advertisement,0,0.8985,data/raw/pool/neg_coco_photos_00492.jpg
data/raw/pool/neg_coco_photos_00493.jpg,coco_photos,advertisement,0,0.8389,data/raw/pool/neg_coco_photos_00493.jpg
data/raw/pool/neg_coco_photos_00494.jpg,coco_photos,advertisement,0,0.8806,data/raw/pool/neg_coco_photos_00494.jpg
data/raw/pool/neg_coco_photos_00495.jpg,coco_photos,advertisement,0,0.8777,data/raw/pool/neg_coco_photos_00495.jpg
data/raw/pool/neg_coco_photos_00496.jpg,coco_photos,advertisement,0,0.8794,data/raw/pool/neg_coco_photos_00496.jpg
data/raw/pool/neg_coco_photos_00497.jpg,coco_photos,advertisement,0,0.8735,data/raw/pool/neg_coco_photos_00497.jpg
data/raw/pool/neg_coco_photos_00498.jpg,coco_photos,advertisement,0,0.8893,data/raw/pool/neg_coco_photos_00498.jpg
data/raw/pool/neg_coco_photos_00499.jpg,coco_photos,advertisement,0,0.8401,data/raw/pool/neg_coco_photos_00499.jpg
data/raw/pool/neg_coco_photos_00500.jpg,coco_photos,advertisement,0,0.8285,data/raw/pool/neg_coco_photos_00500.jpg
data/raw/pool/neg_coco_photos_00501.jpg,coco_photos,advertisement,0,0.8023,data/raw/pool/neg_coco_photos_00501.jpg
data/raw/pool/neg_coco_photos_00502.jpg,coco_photos,advertisement,0,0.8704,data/raw/pool/neg_coco_photos_00502.jpg
data/raw/pool/neg_coco_photos_00503.jpg,coco_photos,presentation,0,0.4614,data/raw/pool/neg_coco_photos_00503.jpg
data/raw/pool/neg_coco_photos_00504.jpg,coco_photos,advertisement,0,0.8949,data/raw/pool/neg_coco_photos_00504.jpg
data/raw/pool/neg_coco_photos_00505.jpg,coco_photos,advertisement,0,0.8750,data/raw/pool/neg_coco_photos_00505.jpg
data/raw/pool/neg_coco_photos_00506.jpg,coco_photos,advertisement,0,0.8629,data/raw/pool/neg_coco_photos_00506.jpg
data/raw/pool/neg_coco_photos_00507.jpg,coco_photos,advertisement,0,0.8178,data/raw/pool/neg_coco_photos_00507.jpg
data/raw/pool/neg_coco_photos_00508.jpg,coco_photos,advertisement,0,0.8932,data/raw/pool/neg_coco_photos_00508.jpg
data/raw/pool/neg_coco_photos_00509.jpg,coco_photos,advertisement,0,0.8899,data/raw/pool/neg_coco_photos_00509.jpg
data/raw/pool/neg_coco_photos_00510.jpg,coco_photos,advertisement,0,0.8579,data/raw/pool/neg_coco_photos_00510.jpg
data/raw/pool/neg_coco_photos_00511.jpg,coco_photos,advertisement,0,0.8728,data/raw/pool/neg_coco_photos_00511.jpg
data/raw/pool/neg_coco_photos_00512.jpg,coco_photos,advertisement,0,0.8925,data/raw/pool/neg_coco_photos_00512.jpg
data/raw/pool/neg_coco_photos_00513.jpg,coco_photos,advertisement,0,0.8077,data/raw/pool/neg_coco_photos_00513.jpg
data/raw/pool/neg_coco_photos_00514.jpg,coco_photos,advertisement,0,0.8758,data/raw/pool/neg_coco_photos_00514.jpg
data/raw/pool/neg_coco_photos_00515.jpg,coco_photos,advertisement,0,0.7357,data/raw/pool/neg_coco_photos_00515.jpg
data/raw/pool/neg_coco_photos_00516.jpg,coco_photos,advertisement,0,0.8924,data/raw/pool/neg_coco_photos_00516.jpg
data/raw/pool/neg_coco_photos_00517.jpg,coco_photos,advertisement,0,0.8753,data/raw/pool/neg_coco_photos_00517.jpg
data/raw/pool/neg_coco_photos_00518.jpg,coco_photos,advertisement,0,0.8645,data/raw/pool/neg_coco_photos_00518.jpg
data/raw/pool/neg_coco_photos_00519.jpg,coco_photos,advertisement,0,0.8938,data/raw/pool/neg_coco_photos_00519.jpg
data/raw/pool/neg_coco_photos_00520.jpg,coco_photos,advertisement,0,0.8769,data/raw/pool/neg_coco_photos_00520.jpg
data/raw/pool/neg_coco_photos_00521.jpg,coco_photos,advertisement,0,0.8993,data/raw/pool/neg_coco_photos_00521.jpg
data/raw/pool/neg_coco_photos_00522.jpg,coco_photos,advertisement,0,0.8877,data/raw/pool/neg_coco_photos_00522.jpg
data/raw/pool/neg_coco_photos_00523.jpg,coco_photos,advertisement,0,0.8720,data/raw/pool/neg_coco_photos_00523.jpg
data/raw/pool/neg_coco_photos_00524.jpg,coco_photos,advertisement,0,0.8612,data/raw/pool/neg_coco_photos_00524.jpg
data/raw/pool/neg_coco_photos_00525.jpg,coco_photos,advertisement,0,0.8273,data/raw/pool/neg_coco_photos_00525.jpg
data/raw/pool/neg_coco_photos_00526.jpg,coco_photos,advertisement,0,0.8786,data/raw/pool/neg_coco_photos_00526.jpg
data/raw/pool/neg_coco_photos_00527.jpg,coco_photos,advertisement,0,0.8766,data/raw/pool/neg_coco_photos_00527.jpg
data/raw/pool/neg_coco_photos_00528.jpg,coco_photos,advertisement,0,0.8921,data/raw/pool/neg_coco_photos_00528.jpg
data/raw/pool/neg_coco_photos_00529.jpg,coco_photos,advertisement,0,0.4665,data/raw/pool/neg_coco_photos_00529.jpg
data/raw/pool/neg_coco_photos_00530.jpg,coco_photos,advertisement,0,0.8701,data/raw/pool/neg_coco_photos_00530.jpg
data/raw/pool/neg_coco_photos_00531.jpg,coco_photos,advertisement,0,0.7474,data/raw/pool/neg_coco_photos_00531.jpg
data/raw/pool/neg_coco_photos_00532.jpg,coco_photos,advertisement,0,0.8852,data/raw/pool/neg_coco_photos_00532.jpg
data/raw/pool/neg_coco_photos_00533.jpg,coco_photos,advertisement,0,0.7699,data/raw/pool/neg_coco_photos_00533.jpg
data/raw/pool/neg_coco_photos_00534.jpg,coco_photos,advertisement,0,0.7903,data/raw/pool/neg_coco_photos_00534.jpg
data/raw/pool/neg_coco_photos_00535.jpg,coco_photos,advertisement,0,0.8047,data/raw/pool/neg_coco_photos_00535.jpg
data/raw/pool/neg_coco_photos_00536.jpg,coco_photos,advertisement,0,0.5980,data/raw/pool/neg_coco_photos_00536.jpg
data/raw/pool/neg_coco_photos_00537.jpg,coco_photos,advertisement,0,0.8802,data/raw/pool/neg_coco_photos_00537.jpg
data/raw/pool/neg_coco_photos_00538.jpg,coco_photos,advertisement,0,0.8088,data/raw/pool/neg_coco_photos_00538.jpg
data/raw/pool/neg_coco_photos_00539.jpg,coco_photos,advertisement,0,0.7190,data/raw/pool/neg_coco_photos_00539.jpg
data/raw/pool/neg_coco_photos_00540.jpg,coco_photos,advertisement,0,0.8726,data/raw/pool/neg_coco_photos_00540.jpg
data/raw/pool/neg_coco_photos_00541.jpg,coco_photos,advertisement,0,0.8493,data/raw/pool/neg_coco_photos_00541.jpg
data/raw/pool/neg_coco_photos_00542.jpg,coco_photos,advertisement,0,0.8562,data/raw/pool/neg_coco_photos_00542.jpg
data/raw/pool/neg_coco_photos_00543.jpg,coco_photos,advertisement,0,0.8836,data/raw/pool/neg_coco_photos_00543.jpg
data/raw/pool/neg_coco_photos_00544.jpg,coco_photos,advertisement,0,0.8650,data/raw/pool/neg_coco_photos_00544.jpg
data/raw/pool/neg_coco_photos_00545.jpg,coco_photos,advertisement,0,0.8747,data/raw/pool/neg_coco_photos_00545.jpg
data/raw/pool/neg_coco_photos_00546.jpg,coco_photos,advertisement,0,0.8868,data/raw/pool/neg_coco_photos_00546.jpg
data/raw/pool/neg_coco_photos_00547.jpg,coco_photos,advertisement,0,0.5887,data/raw/pool/neg_coco_photos_00547.jpg
data/raw/pool/neg_coco_photos_00548.jpg,coco_photos,advertisement,0,0.8929,data/raw/pool/neg_coco_photos_00548.jpg
data/raw/pool/neg_coco_photos_00549.jpg,coco_photos,advertisement,0,0.8429,data/raw/pool/neg_coco_photos_00549.jpg
data/raw/pool/neg_coco_photos_00550.jpg,coco_photos,advertisement,0,0.9021,data/raw/pool/neg_coco_photos_00550.jpg
data/raw/pool/neg_coco_photos_00551.jpg,coco_photos,advertisement,0,0.8725,data/raw/pool/neg_coco_photos_00551.jpg
data/raw/pool/neg_coco_photos_00552.jpg,coco_photos,advertisement,0,0.8333,data/raw/pool/neg_coco_photos_00552.jpg
data/raw/pool/neg_coco_photos_00553.jpg,coco_photos,advertisement,0,0.8591,data/raw/pool/neg_coco_photos_00553.jpg
data/raw/pool/neg_coco_photos_00554.jpg,coco_photos,advertisement,0,0.8769,data/raw/pool/neg_coco_photos_00554.jpg
data/raw/pool/neg_coco_photos_00555.jpg,coco_photos,advertisement,0,0.8862,data/raw/pool/neg_coco_photos_00555.jpg
data/raw/pool/neg_coco_photos_00556.jpg,coco_photos,advertisement,0,0.7740,data/raw/pool/neg_coco_photos_00556.jpg
data/raw/pool/neg_coco_photos_00557.jpg,coco_photos,advertisement,0,0.8945,data/raw/pool/neg_coco_photos_00557.jpg
data/raw/pool/neg_coco_photos_00558.jpg,coco_photos,advertisement,0,0.8695,data/raw/pool/neg_coco_photos_00558.jpg
data/raw/pool/neg_coco_photos_00559.jpg,coco_photos,advertisement,0,0.8667,data/raw/pool/neg_coco_photos_00559.jpg
data/raw/pool/neg_coco_photos_00560.jpg,coco_photos,advertisement,0,0.8975,data/raw/pool/neg_coco_photos_00560.jpg
data/raw/pool/neg_coco_photos_00561.jpg,coco_photos,advertisement,0,0.6504,data/raw/pool/neg_coco_photos_00561.jpg
data/raw/pool/neg_coco_photos_00562.jpg,coco_photos,advertisement,0,0.8791,data/raw/pool/neg_coco_photos_00562.jpg
data/raw/pool/neg_coco_photos_00563.jpg,coco_photos,advertisement,0,0.8197,data/raw/pool/neg_coco_photos_00563.jpg
data/raw/pool/neg_coco_photos_00564.jpg,coco_photos,advertisement,0,0.8601,data/raw/pool/neg_coco_photos_00564.jpg
data/raw/pool/neg_coco_photos_00565.jpg,coco_photos,advertisement,0,0.8085,data/raw/pool/neg_coco_photos_00565.jpg
data/raw/pool/neg_coco_photos_00566.jpg,coco_photos,handwritten,0,0.4291,data/raw/pool/neg_coco_photos_00566.jpg
data/raw/pool/neg_coco_photos_00567.jpg,coco_photos,advertisement,0,0.8582,data/raw/pool/neg_coco_photos_00567.jpg
data/raw/pool/neg_coco_photos_00568.jpg,coco_photos,advertisement,0,0.6514,data/raw/pool/neg_coco_photos_00568.jpg
data/raw/pool/neg_coco_photos_00569.jpg,coco_photos,advertisement,0,0.8877,data/raw/pool/neg_coco_photos_00569.jpg
data/raw/pool/neg_coco_photos_00570.jpg,coco_photos,advertisement,0,0.8890,data/raw/pool/neg_coco_photos_00570.jpg
data/raw/pool/neg_coco_photos_00571.jpg,coco_photos,advertisement,0,0.8698,data/raw/pool/neg_coco_photos_00571.jpg
data/raw/pool/neg_coco_photos_00572.jpg,coco_photos,advertisement,0,0.7900,data/raw/pool/neg_coco_photos_00572.jpg
data/raw/pool/neg_coco_photos_00573.jpg,coco_photos,advertisement,0,0.8807,data/raw/pool/neg_coco_photos_00573.jpg
data/raw/pool/neg_coco_photos_00574.jpg,coco_photos,advertisement,0,0.8823,data/raw/pool/neg_coco_photos_00574.jpg
data/raw/pool/neg_coco_photos_00575.jpg,coco_photos,advertisement,0,0.8635,data/raw/pool/neg_coco_photos_00575.jpg
data/raw/pool/neg_coco_photos_00576.jpg,coco_photos,advertisement,0,0.8671,data/raw/pool/neg_coco_photos_00576.jpg
data/raw/pool/neg_coco_photos_00577.jpg,coco_photos,advertisement,0,0.8675,data/raw/pool/neg_coco_photos_00577.jpg
data/raw/pool/neg_coco_photos_00578.jpg,coco_photos,advertisement,0,0.8917,data/raw/pool/neg_coco_photos_00578.jpg
data/raw/pool/neg_coco_photos_00579.jpg,coco_photos,advertisement,0,0.8750,data/raw/pool/neg_coco_photos_00579.jpg
data/raw/pool/neg_coco_photos_00580.jpg,coco_photos,advertisement,0,0.8635,data/raw/pool/neg_coco_photos_00580.jpg
data/raw/pool/neg_coco_photos_00581.jpg,coco_photos,advertisement,0,0.8724,data/raw/pool/neg_coco_photos_00581.jpg
data/raw/pool/neg_coco_photos_00582.jpg,coco_photos,advertisement,0,0.8874,data/raw/pool/neg_coco_photos_00582.jpg
data/raw/pool/neg_coco_photos_00583.jpg,coco_photos,advertisement,0,0.8741,data/raw/pool/neg_coco_photos_00583.jpg
data/raw/pool/neg_coco_photos_00584.jpg,coco_photos,advertisement,0,0.8960,data/raw/pool/neg_coco_photos_00584.jpg
data/raw/pool/neg_coco_photos_00585.jpg,coco_photos,advertisement,0,0.5604,data/raw/pool/neg_coco_photos_00585.jpg
data/raw/pool/neg_coco_photos_00586.jpg,coco_photos,advertisement,0,0.8896,data/raw/pool/neg_coco_photos_00586.jpg
data/raw/pool/neg_coco_photos_00587.jpg,coco_photos,advertisement,0,0.8904,data/raw/pool/neg_coco_photos_00587.jpg
data/raw/pool/neg_coco_photos_00588.jpg,coco_photos,advertisement,0,0.8822,data/raw/pool/neg_coco_photos_00588.jpg
data/raw/pool/neg_coco_photos_00589.jpg,coco_photos,advertisement,0,0.8918,data/raw/pool/neg_coco_photos_00589.jpg
data/raw/pool/neg_coco_photos_00590.jpg,coco_photos,advertisement,0,0.8711,data/raw/pool/neg_coco_photos_00590.jpg
data/raw/pool/neg_coco_photos_00591.jpg,coco_photos,advertisement,0,0.8777,data/raw/pool/neg_coco_photos_00591.jpg
data/raw/pool/neg_coco_photos_00592.jpg,coco_photos,advertisement,0,0.8822,data/raw/pool/neg_coco_photos_00592.jpg
data/raw/pool/neg_coco_photos_00593.jpg,coco_photos,advertisement,0,0.8836,data/raw/pool/neg_coco_photos_00593.jpg
data/raw/pool/neg_coco_photos_00594.jpg,coco_photos,advertisement,0,0.8787,data/raw/pool/neg_coco_photos_00594.jpg
data/raw/pool/neg_coco_photos_00595.jpg,coco_photos,advertisement,0,0.6653,data/raw/pool/neg_coco_photos_00595.jpg
data/raw/pool/neg_coco_photos_00596.jpg,coco_photos,advertisement,0,0.7767,data/raw/pool/neg_coco_photos_00596.jpg
data/raw/pool/neg_coco_photos_00597.jpg,coco_photos,advertisement,0,0.7628,data/raw/pool/neg_coco_photos_00597.jpg
data/raw/pool/neg_coco_photos_00598.jpg,coco_photos,advertisement,0,0.7552,data/raw/pool/neg_coco_photos_00598.jpg
data/raw/pool/neg_coco_photos_00599.jpg,coco_photos,advertisement,0,0.8833,data/raw/pool/neg_coco_photos_00599.jpg
data/raw/pool/neg_coco_photos_00600.jpg,coco_photos,advertisement,0,0.8877,data/raw/pool/neg_coco_photos_00600.jpg
data/raw/pool/neg_coco_photos_00601.jpg,coco_photos,advertisement,0,0.8940,data/raw/pool/neg_coco_photos_00601.jpg
data/raw/pool/neg_coco_photos_00602.jpg,coco_photos,advertisement,0,0.8733,data/raw/pool/neg_coco_photos_00602.jpg
data/raw/pool/neg_coco_photos_00603.jpg,coco_photos,advertisement,0,0.8688,data/raw/pool/neg_coco_photos_00603.jpg
data/raw/pool/neg_coco_photos_00604.jpg,coco_photos,advertisement,0,0.8355,data/raw/pool/neg_coco_photos_00604.jpg
data/raw/pool/neg_coco_photos_00605.jpg,coco_photos,advertisement,0,0.8907,data/raw/pool/neg_coco_photos_00605.jpg
data/raw/pool/neg_coco_photos_00606.jpg,coco_photos,advertisement,0,0.8835,data/raw/pool/neg_coco_photos_00606.jpg
data/raw/pool/neg_coco_photos_00607.jpg,coco_photos,advertisement,0,0.8769,data/raw/pool/neg_coco_photos_00607.jpg
data/raw/pool/neg_coco_photos_00608.jpg,coco_photos,advertisement,0,0.8626,data/raw/pool/neg_coco_photos_00608.jpg
data/raw/pool/neg_coco_photos_00609.jpg,coco_photos,advertisement,0,0.7982,data/raw/pool/neg_coco_photos_00609.jpg
data/raw/pool/neg_coco_photos_00610.jpg,coco_photos,advertisement,0,0.8915,data/raw/pool/neg_coco_photos_00610.jpg
data/raw/pool/neg_coco_photos_00611.jpg,coco_photos,advertisement,0,0.8725,data/raw/pool/neg_coco_photos_00611.jpg
data/raw/pool/neg_coco_photos_00612.jpg,coco_photos,advertisement,0,0.8920,data/raw/pool/neg_coco_photos_00612.jpg
data/raw/pool/neg_coco_photos_00613.jpg,coco_photos,advertisement,0,0.7064,data/raw/pool/neg_coco_photos_00613.jpg
data/raw/pool/neg_coco_photos_00614.jpg,coco_photos,advertisement,0,0.8337,data/raw/pool/neg_coco_photos_00614.jpg
data/raw/pool/neg_coco_photos_00615.jpg,coco_photos,advertisement,0,0.8534,data/raw/pool/neg_coco_photos_00615.jpg
data/raw/pool/neg_coco_photos_00616.jpg,coco_photos,advertisement,0,0.8793,data/raw/pool/neg_coco_photos_00616.jpg
data/raw/pool/neg_coco_photos_00617.jpg,coco_photos,advertisement,0,0.6217,data/raw/pool/neg_coco_photos_00617.jpg
data/raw/pool/neg_coco_photos_00618.jpg,coco_photos,advertisement,0,0.8880,data/raw/pool/neg_coco_photos_00618.jpg
data/raw/pool/neg_coco_photos_00619.jpg,coco_photos,advertisement,0,0.8055,data/raw/pool/neg_coco_photos_00619.jpg
data/raw/pool/neg_coco_photos_00620.jpg,coco_photos,advertisement,0,0.8007,data/raw/pool/neg_coco_photos_00620.jpg
data/raw/pool/neg_coco_photos_00621.jpg,coco_photos,advertisement,0,0.8910,data/raw/pool/neg_coco_photos_00621.jpg
data/raw/pool/neg_coco_photos_00622.jpg,coco_photos,advertisement,0,0.8752,data/raw/pool/neg_coco_photos_00622.jpg
data/raw/pool/neg_coco_photos_00623.jpg,coco_photos,advertisement,0,0.8097,data/raw/pool/neg_coco_photos_00623.jpg
data/raw/pool/neg_coco_photos_00624.jpg,coco_photos,advertisement,0,0.4635,data/raw/pool/neg_coco_photos_00624.jpg
data/raw/pool/neg_coco_photos_00625.jpg,coco_photos,advertisement,0,0.8909,data/raw/pool/neg_coco_photos_00625.jpg
data/raw/pool/neg_coco_photos_00626.jpg,coco_photos,advertisement,0,0.8191,data/raw/pool/neg_coco_photos_00626.jpg
data/raw/pool/neg_coco_photos_00627.jpg,coco_photos,advertisement,0,0.8656,data/raw/pool/neg_coco_photos_00627.jpg
data/raw/pool/neg_coco_photos_00628.jpg,coco_photos,advertisement,0,0.8674,data/raw/pool/neg_coco_photos_00628.jpg
data/raw/pool/neg_coco_photos_00629.jpg,coco_photos,advertisement,0,0.8913,data/raw/pool/neg_coco_photos_00629.jpg
data/raw/pool/neg_coco_photos_00630.jpg,coco_photos,advertisement,0,0.8807,data/raw/pool/neg_coco_photos_00630.jpg
data/raw/pool/neg_coco_photos_00631.jpg,coco_photos,advertisement,0,0.7473,data/raw/pool/neg_coco_photos_00631.jpg
data/raw/pool/neg_coco_photos_00632.jpg,coco_photos,advertisement,0,0.8910,data/raw/pool/neg_coco_photos_00632.jpg
data/raw/pool/neg_coco_photos_00633.jpg,coco_photos,advertisement,0,0.8762,data/raw/pool/neg_coco_photos_00633.jpg
data/raw/pool/neg_coco_photos_00634.jpg,coco_photos,advertisement,0,0.8788,data/raw/pool/neg_coco_photos_00634.jpg
data/raw/pool/neg_coco_photos_00635.jpg,coco_photos,advertisement,0,0.8794,data/raw/pool/neg_coco_photos_00635.jpg
data/raw/pool/neg_coco_photos_00636.jpg,coco_photos,advertisement,0,0.8616,data/raw/pool/neg_coco_photos_00636.jpg
data/raw/pool/neg_coco_photos_00637.jpg,coco_photos,advertisement,0,0.8308,data/raw/pool/neg_coco_photos_00637.jpg
data/raw/pool/neg_coco_photos_00638.jpg,coco_photos,advertisement,0,0.8241,data/raw/pool/neg_coco_photos_00638.jpg
data/raw/pool/neg_coco_photos_00639.jpg,coco_photos,advertisement,0,0.8681,data/raw/pool/neg_coco_photos_00639.jpg
data/raw/pool/neg_coco_photos_00640.jpg,coco_photos,advertisement,0,0.8823,data/raw/pool/neg_coco_photos_00640.jpg
data/raw/pool/neg_coco_photos_00641.jpg,coco_photos,advertisement,0,0.8550,data/raw/pool/neg_coco_photos_00641.jpg
data/raw/pool/neg_coco_photos_00642.jpg,coco_photos,advertisement,0,0.8588,data/raw/pool/neg_coco_photos_00642.jpg
data/raw/pool/neg_coco_photos_00643.jpg,coco_photos,advertisement,0,0.8917,data/raw/pool/neg_coco_photos_00643.jpg
data/raw/pool/neg_coco_photos_00644.jpg,coco_photos,advertisement,0,0.7948,data/raw/pool/neg_coco_photos_00644.jpg
data/raw/pool/neg_coco_photos_00645.jpg,coco_photos,advertisement,0,0.8803,data/raw/pool/neg_coco_photos_00645.jpg
data/raw/pool/neg_coco_photos_00646.jpg,coco_photos,advertisement,0,0.8926,data/raw/pool/neg_coco_photos_00646.jpg
data/raw/pool/neg_coco_photos_00647.jpg,coco_photos,advertisement,0,0.8974,data/raw/pool/neg_coco_photos_00647.jpg
data/raw/pool/neg_coco_photos_00648.jpg,coco_photos,advertisement,0,0.8789,data/raw/pool/neg_coco_photos_00648.jpg
data/raw/pool/neg_coco_photos_00649.jpg,coco_photos,advertisement,0,0.7349,data/raw/pool/neg_coco_photos_00649.jpg
data/raw/pool/neg_coco_photos_00650.jpg,coco_photos,advertisement,0,0.8732,data/raw/pool/neg_coco_photos_00650.jpg
data/raw/pool/neg_coco_photos_00651.jpg,coco_photos,advertisement,0,0.8773,data/raw/pool/neg_coco_photos_00651.jpg
data/raw/pool/neg_coco_photos_00652.jpg,coco_photos,advertisement,0,0.8919,data/raw/pool/neg_coco_photos_00652.jpg
data/raw/pool/neg_coco_photos_00653.jpg,coco_photos,advertisement,0,0.8980,data/raw/pool/neg_coco_photos_00653.jpg
data/raw/pool/neg_coco_photos_00654.jpg,coco_photos,advertisement,0,0.8111,data/raw/pool/neg_coco_photos_00654.jpg
data/raw/pool/neg_coco_photos_00655.jpg,coco_photos,advertisement,0,0.8861,data/raw/pool/neg_coco_photos_00655.jpg
data/raw/pool/neg_coco_photos_00656.jpg,coco_photos,advertisement,0,0.8810,data/raw/pool/neg_coco_photos_00656.jpg
data/raw/pool/neg_coco_photos_00657.jpg,coco_photos,advertisement,0,0.8428,data/raw/pool/neg_coco_photos_00657.jpg
data/raw/pool/neg_coco_photos_00658.jpg,coco_photos,advertisement,0,0.8823,data/raw/pool/neg_coco_photos_00658.jpg
data/raw/pool/neg_coco_photos_00659.jpg,coco_photos,advertisement,0,0.8229,data/raw/pool/neg_coco_photos_00659.jpg
data/raw/pool/neg_coco_photos_00660.jpg,coco_photos,advertisement,0,0.8030,data/raw/pool/neg_coco_photos_00660.jpg
data/raw/pool/neg_coco_photos_00661.jpg,coco_photos,advertisement,0,0.8818,data/raw/pool/neg_coco_photos_00661.jpg
data/raw/pool/neg_coco_photos_00662.jpg,coco_photos,advertisement,0,0.8338,data/raw/pool/neg_coco_photos_00662.jpg
data/raw/pool/neg_coco_photos_00663.jpg,coco_photos,advertisement,0,0.8957,data/raw/pool/neg_coco_photos_00663.jpg
data/raw/pool/neg_coco_photos_00664.jpg,coco_photos,advertisement,0,0.7810,data/raw/pool/neg_coco_photos_00664.jpg
data/raw/pool/neg_coco_photos_00665.jpg,coco_photos,advertisement,0,0.8058,data/raw/pool/neg_coco_photos_00665.jpg
data/raw/pool/neg_coco_photos_00666.jpg,coco_photos,advertisement,0,0.6262,data/raw/pool/neg_coco_photos_00666.jpg
data/raw/pool/neg_coco_photos_00667.jpg,coco_photos,advertisement,0,0.7305,data/raw/pool/neg_coco_photos_00667.jpg
data/raw/pool/neg_coco_photos_00668.jpg,coco_photos,advertisement,0,0.8634,data/raw/pool/neg_coco_photos_00668.jpg
data/raw/pool/neg_coco_photos_00669.jpg,coco_photos,advertisement,0,0.8502,data/raw/pool/neg_coco_photos_00669.jpg
data/raw/pool/neg_coco_photos_00670.jpg,coco_photos,advertisement,0,0.8528,data/raw/pool/neg_coco_photos_00670.jpg
data/raw/pool/neg_coco_photos_00671.jpg,coco_photos,advertisement,0,0.8429,data/raw/pool/neg_coco_photos_00671.jpg
data/raw/pool/neg_coco_photos_00672.jpg,coco_photos,advertisement,0,0.7548,data/raw/pool/neg_coco_photos_00672.jpg
data/raw/pool/neg_coco_photos_00673.jpg,coco_photos,advertisement,0,0.7214,data/raw/pool/neg_coco_photos_00673.jpg
data/raw/pool/neg_coco_photos_00674.jpg,coco_photos,advertisement,0,0.8201,data/raw/pool/neg_coco_photos_00674.jpg
data/raw/pool/neg_coco_photos_00675.jpg,coco_photos,advertisement,0,0.8614,data/raw/pool/neg_coco_photos_00675.jpg
data/raw/pool/neg_coco_photos_00676.jpg,coco_photos,advertisement,0,0.6279,data/raw/pool/neg_coco_photos_00676.jpg
data/raw/pool/neg_coco_photos_00677.jpg,coco_photos,advertisement,0,0.7043,data/raw/pool/neg_coco_photos_00677.jpg
data/raw/pool/neg_coco_photos_00678.jpg,coco_photos,advertisement,0,0.8749,data/raw/pool/neg_coco_photos_00678.jpg
data/raw/pool/neg_coco_photos_00679.jpg,coco_photos,advertisement,0,0.7972,data/raw/pool/neg_coco_photos_00679.jpg
data/raw/pool/neg_coco_photos_00680.jpg,coco_photos,advertisement,0,0.8916,data/raw/pool/neg_coco_photos_00680.jpg
data/raw/pool/neg_coco_photos_00681.jpg,coco_photos,advertisement,0,0.7992,data/raw/pool/neg_coco_photos_00681.jpg
data/raw/pool/neg_coco_photos_00682.jpg,coco_photos,advertisement,0,0.6957,data/raw/pool/neg_coco_photos_00682.jpg
data/raw/pool/neg_coco_photos_00683.jpg,coco_photos,advertisement,0,0.8521,data/raw/pool/neg_coco_photos_00683.jpg
data/raw/pool/neg_coco_photos_00684.jpg,coco_photos,advertisement,0,0.8938,data/raw/pool/neg_coco_photos_00684.jpg
data/raw/pool/neg_coco_photos_00685.jpg,coco_photos,advertisement,0,0.8287,data/raw/pool/neg_coco_photos_00685.jpg
data/raw/pool/neg_coco_photos_00686.jpg,coco_photos,advertisement,0,0.8775,data/raw/pool/neg_coco_photos_00686.jpg
data/raw/pool/neg_coco_photos_00687.jpg,coco_photos,advertisement,0,0.8632,data/raw/pool/neg_coco_photos_00687.jpg
data/raw/pool/neg_coco_photos_00688.jpg,coco_photos,advertisement,0,0.8318,data/raw/pool/neg_coco_photos_00688.jpg
data/raw/pool/neg_coco_photos_00689.jpg,coco_photos,advertisement,0,0.8814,data/raw/pool/neg_coco_photos_00689.jpg
data/raw/pool/neg_coco_photos_00690.jpg,coco_photos,advertisement,0,0.8392,data/raw/pool/neg_coco_photos_00690.jpg
data/raw/pool/neg_coco_photos_00691.jpg,coco_photos,advertisement,0,0.6132,data/raw/pool/neg_coco_photos_00691.jpg
data/raw/pool/neg_coco_photos_00692.jpg,coco_photos,advertisement,0,0.8481,data/raw/pool/neg_coco_photos_00692.jpg
data/raw/pool/neg_coco_photos_00693.jpg,coco_photos,advertisement,0,0.8871,data/raw/pool/neg_coco_photos_00693.jpg
data/raw/pool/neg_coco_photos_00694.jpg,coco_photos,advertisement,0,0.8784,data/raw/pool/neg_coco_photos_00694.jpg
data/raw/pool/neg_coco_photos_00695.jpg,coco_photos,advertisement,0,0.8186,data/raw/pool/neg_coco_photos_00695.jpg
data/raw/pool/neg_coco_photos_00696.jpg,coco_photos,advertisement,0,0.8940,data/raw/pool/neg_coco_photos_00696.jpg
data/raw/pool/neg_coco_photos_00697.jpg,coco_photos,advertisement,0,0.8295,data/raw/pool/neg_coco_photos_00697.jpg
data/raw/pool/neg_coco_photos_00698.jpg,coco_photos,advertisement,0,0.8641,data/raw/pool/neg_coco_photos_00698.jpg
data/raw/pool/neg_coco_photos_00699.jpg,coco_photos,advertisement,0,0.8940,data/raw/pool/neg_coco_photos_00699.jpg
data/raw/pool/neg_coco_photos_00700.jpg,coco_photos,advertisement,0,0.8851,data/raw/pool/neg_coco_photos_00700.jpg
data/raw/pool/neg_coco_photos_00701.jpg,coco_photos,advertisement,0,0.6665,data/raw/pool/neg_coco_photos_00701.jpg
data/raw/pool/neg_coco_photos_00702.jpg,coco_photos,advertisement,0,0.8946,data/raw/pool/neg_coco_photos_00702.jpg
data/raw/pool/neg_coco_photos_00703.jpg,coco_photos,advertisement,0,0.5676,data/raw/pool/neg_coco_photos_00703.jpg
data/raw/pool/neg_coco_photos_00704.jpg,coco_photos,advertisement,0,0.8802,data/raw/pool/neg_coco_photos_00704.jpg
data/raw/pool/neg_coco_photos_00705.jpg,coco_photos,advertisement,0,0.8398,data/raw/pool/neg_coco_photos_00705.jpg
data/raw/pool/neg_coco_photos_00706.jpg,coco_photos,advertisement,0,0.8855,data/raw/pool/neg_coco_photos_00706.jpg
data/raw/pool/neg_coco_photos_00707.jpg,coco_photos,advertisement,0,0.8258,data/raw/pool/neg_coco_photos_00707.jpg
data/raw/pool/neg_coco_photos_00708.jpg,coco_photos,advertisement,0,0.7468,data/raw/pool/neg_coco_photos_00708.jpg
data/raw/pool/neg_coco_photos_00709.jpg,coco_photos,advertisement,0,0.8782,data/raw/pool/neg_coco_photos_00709.jpg
data/raw/pool/neg_coco_photos_00710.jpg,coco_photos,advertisement,0,0.8579,data/raw/pool/neg_coco_photos_00710.jpg
data/raw/pool/neg_coco_photos_00711.jpg,coco_photos,advertisement,0,0.8910,data/raw/pool/neg_coco_photos_00711.jpg
data/raw/pool/neg_coco_photos_00712.jpg,coco_photos,advertisement,0,0.8528,data/raw/pool/neg_coco_photos_00712.jpg
data/raw/pool/neg_coco_photos_00713.jpg,coco_photos,advertisement,0,0.8210,data/raw/pool/neg_coco_photos_00713.jpg
data/raw/pool/neg_coco_photos_00714.jpg,coco_photos,advertisement,0,0.8519,data/raw/pool/neg_coco_photos_00714.jpg
data/raw/pool/neg_coco_photos_00715.jpg,coco_photos,advertisement,0,0.7792,data/raw/pool/neg_coco_photos_00715.jpg
data/raw/pool/neg_coco_photos_00716.jpg,coco_photos,advertisement,0,0.8799,data/raw/pool/neg_coco_photos_00716.jpg
data/raw/pool/neg_coco_photos_00717.jpg,coco_photos,advertisement,0,0.8165,data/raw/pool/neg_coco_photos_00717.jpg
data/raw/pool/neg_coco_photos_00718.jpg,coco_photos,advertisement,0,0.8969,data/raw/pool/neg_coco_photos_00718.jpg
data/raw/pool/neg_coco_photos_00719.jpg,coco_photos,advertisement,0,0.8419,data/raw/pool/neg_coco_photos_00719.jpg
data/raw/pool/neg_coco_photos_00720.jpg,coco_photos,advertisement,0,0.8953,data/raw/pool/neg_coco_photos_00720.jpg
data/raw/pool/neg_coco_photos_00721.jpg,coco_photos,advertisement,0,0.8223,data/raw/pool/neg_coco_photos_00721.jpg
data/raw/pool/neg_coco_photos_00722.jpg,coco_photos,advertisement,0,0.8880,data/raw/pool/neg_coco_photos_00722.jpg
data/raw/pool/neg_coco_photos_00723.jpg,coco_photos,advertisement,0,0.8910,data/raw/pool/neg_coco_photos_00723.jpg
data/raw/pool/neg_coco_photos_00724.jpg,coco_photos,advertisement,0,0.8933,data/raw/pool/neg_coco_photos_00724.jpg
data/raw/pool/neg_coco_photos_00725.jpg,coco_photos,advertisement,0,0.8634,data/raw/pool/neg_coco_photos_00725.jpg
data/raw/pool/neg_coco_photos_00726.jpg,coco_photos,advertisement,0,0.5381,data/raw/pool/neg_coco_photos_00726.jpg
data/raw/pool/neg_coco_photos_00727.jpg,coco_photos,advertisement,0,0.8564,data/raw/pool/neg_coco_photos_00727.jpg
data/raw/pool/neg_coco_photos_00728.jpg,coco_photos,advertisement,0,0.8632,data/raw/pool/neg_coco_photos_00728.jpg
data/raw/pool/neg_coco_photos_00729.jpg,coco_photos,advertisement,0,0.8699,data/raw/pool/neg_coco_photos_00729.jpg
data/raw/pool/neg_coco_photos_00730.jpg,coco_photos,advertisement,0,0.8166,data/raw/pool/neg_coco_photos_00730.jpg
data/raw/pool/neg_coco_photos_00731.jpg,coco_photos,advertisement,0,0.7907,data/raw/pool/neg_coco_photos_00731.jpg
data/raw/pool/neg_coco_photos_00732.jpg,coco_photos,advertisement,0,0.8696,data/raw/pool/neg_coco_photos_00732.jpg
data/raw/pool/neg_coco_photos_00733.jpg,coco_photos,advertisement,0,0.8614,data/raw/pool/neg_coco_photos_00733.jpg
data/raw/pool/neg_coco_photos_00734.jpg,coco_photos,advertisement,0,0.8721,data/raw/pool/neg_coco_photos_00734.jpg
data/raw/pool/neg_coco_photos_00735.jpg,coco_photos,advertisement,0,0.8352,data/raw/pool/neg_coco_photos_00735.jpg
data/raw/pool/neg_coco_photos_00736.jpg,coco_photos,advertisement,0,0.8826,data/raw/pool/neg_coco_photos_00736.jpg
data/raw/pool/neg_coco_photos_00737.jpg,coco_photos,advertisement,0,0.7666,data/raw/pool/neg_coco_photos_00737.jpg
data/raw/pool/neg_coco_photos_00738.jpg,coco_photos,advertisement,0,0.7518,data/raw/pool/neg_coco_photos_00738.jpg
data/raw/pool/neg_coco_photos_00739.jpg,coco_photos,advertisement,0,0.8778,data/raw/pool/neg_coco_photos_00739.jpg
data/raw/pool/neg_coco_photos_00740.jpg,coco_photos,advertisement,0,0.8684,data/raw/pool/neg_coco_photos_00740.jpg
data/raw/pool/neg_coco_photos_00741.jpg,coco_photos,advertisement,0,0.8457,data/raw/pool/neg_coco_photos_00741.jpg
data/raw/pool/neg_coco_photos_00742.jpg,coco_photos,advertisement,0,0.8963,data/raw/pool/neg_coco_photos_00742.jpg
data/raw/pool/neg_coco_photos_00743.jpg,coco_photos,advertisement,0,0.8222,data/raw/pool/neg_coco_photos_00743.jpg
data/raw/pool/neg_coco_photos_00744.jpg,coco_photos,advertisement,0,0.8806,data/raw/pool/neg_coco_photos_00744.jpg
data/raw/pool/neg_coco_photos_00745.jpg,coco_photos,advertisement,0,0.8932,data/raw/pool/neg_coco_photos_00745.jpg
data/raw/pool/neg_coco_photos_00746.jpg,coco_photos,advertisement,0,0.8589,data/raw/pool/neg_coco_photos_00746.jpg
data/raw/pool/neg_coco_photos_00747.jpg,coco_photos,advertisement,0,0.8642,data/raw/pool/neg_coco_photos_00747.jpg
data/raw/pool/neg_coco_photos_00748.jpg,coco_photos,advertisement,0,0.8417,data/raw/pool/neg_coco_photos_00748.jpg
data/raw/pool/neg_coco_photos_00749.jpg,coco_photos,advertisement,0,0.8049,data/raw/pool/neg_coco_photos_00749.jpg
data/raw/pool/neg_coco_photos_00750.jpg,coco_photos,advertisement,0,0.8854,data/raw/pool/neg_coco_photos_00750.jpg
data/raw/pool/neg_coco_photos_00751.jpg,coco_photos,advertisement,0,0.8807,data/raw/pool/neg_coco_photos_00751.jpg
data/raw/pool/neg_coco_photos_00752.jpg,coco_photos,advertisement,0,0.8040,data/raw/pool/neg_coco_photos_00752.jpg
data/raw/pool/neg_coco_photos_00753.jpg,coco_photos,advertisement,0,0.8574,data/raw/pool/neg_coco_photos_00753.jpg
data/raw/pool/neg_coco_photos_00754.jpg,coco_photos,advertisement,0,0.8545,data/raw/pool/neg_coco_photos_00754.jpg
data/raw/pool/neg_coco_photos_00755.jpg,coco_photos,advertisement,0,0.8893,data/raw/pool/neg_coco_photos_00755.jpg
data/raw/pool/neg_coco_photos_00756.jpg,coco_photos,advertisement,0,0.8719,data/raw/pool/neg_coco_photos_00756.jpg
data/raw/pool/neg_coco_photos_00757.jpg,coco_photos,advertisement,0,0.8857,data/raw/pool/neg_coco_photos_00757.jpg
data/raw/pool/neg_coco_photos_00758.jpg,coco_photos,advertisement,0,0.8780,data/raw/pool/neg_coco_photos_00758.jpg
data/raw/pool/neg_coco_photos_00759.jpg,coco_photos,advertisement,0,0.8701,data/raw/pool/neg_coco_photos_00759.jpg
data/raw/pool/neg_coco_photos_00760.jpg,coco_photos,advertisement,0,0.8754,data/raw/pool/neg_coco_photos_00760.jpg
data/raw/pool/neg_coco_photos_00761.jpg,coco_photos,advertisement,0,0.8921,data/raw/pool/neg_coco_photos_00761.jpg
data/raw/pool/neg_coco_photos_00762.jpg,coco_photos,advertisement,0,0.8086,data/raw/pool/neg_coco_photos_00762.jpg
data/raw/pool/neg_coco_photos_00763.jpg,coco_photos,advertisement,0,0.8827,data/raw/pool/neg_coco_photos_00763.jpg
data/raw/pool/neg_coco_photos_00764.jpg,coco_photos,advertisement,0,0.8460,data/raw/pool/neg_coco_photos_00764.jpg
data/raw/pool/neg_coco_photos_00765.jpg,coco_photos,advertisement,0,0.8861,data/raw/pool/neg_coco_photos_00765.jpg
data/raw/pool/neg_coco_photos_00766.jpg,coco_photos,advertisement,0,0.8487,data/raw/pool/neg_coco_photos_00766.jpg
data/raw/pool/neg_coco_photos_00767.jpg,coco_photos,advertisement,0,0.8752,data/raw/pool/neg_coco_photos_00767.jpg
data/raw/pool/neg_coco_photos_00768.jpg,coco_photos,advertisement,0,0.8829,data/raw/pool/neg_coco_photos_00768.jpg
data/raw/pool/neg_coco_photos_00769.jpg,coco_photos,advertisement,0,0.8847,data/raw/pool/neg_coco_photos_00769.jpg
data/raw/pool/neg_coco_photos_00770.jpg,coco_photos,advertisement,0,0.8299,data/raw/pool/neg_coco_photos_00770.jpg
data/raw/pool/neg_coco_photos_00771.jpg,coco_photos,advertisement,0,0.8704,data/raw/pool/neg_coco_photos_00771.jpg
data/raw/pool/neg_coco_photos_00772.jpg,coco_photos,advertisement,0,0.7842,data/raw/pool/neg_coco_photos_00772.jpg
data/raw/pool/neg_coco_photos_00773.jpg,coco_photos,advertisement,0,0.8754,data/raw/pool/neg_coco_photos_00773.jpg
data/raw/pool/neg_coco_photos_00774.jpg,coco_photos,advertisement,0,0.8577,data/raw/pool/neg_coco_photos_00774.jpg
data/raw/pool/neg_coco_photos_00775.jpg,coco_photos,advertisement,0,0.8871,data/raw/pool/neg_coco_photos_00775.jpg
data/raw/pool/neg_coco_photos_00776.jpg,coco_photos,advertisement,0,0.8762,data/raw/pool/neg_coco_photos_00776.jpg
data/raw/pool/neg_coco_photos_00777.jpg,coco_photos,advertisement,0,0.8751,data/raw/pool/neg_coco_photos_00777.jpg
data/raw/pool/neg_coco_photos_00778.jpg,coco_photos,advertisement,0,0.8746,data/raw/pool/neg_coco_photos_00778.jpg
data/raw/pool/neg_coco_photos_00779.jpg,coco_photos,advertisement,0,0.8798,data/raw/pool/neg_coco_photos_00779.jpg
data/raw/pool/neg_coco_photos_00780.jpg,coco_photos,advertisement,0,0.6870,data/raw/pool/neg_coco_photos_00780.jpg
data/raw/pool/neg_coco_photos_00781.jpg,coco_photos,advertisement,0,0.8778,data/raw/pool/neg_coco_photos_00781.jpg
data/raw/pool/neg_coco_photos_00782.jpg,coco_photos,advertisement,0,0.8949,data/raw/pool/neg_coco_photos_00782.jpg
data/raw/pool/neg_coco_photos_00783.jpg,coco_photos,advertisement,0,0.8845,data/raw/pool/neg_coco_photos_00783.jpg
data/raw/pool/neg_coco_photos_00784.jpg,coco_photos,advertisement,0,0.8804,data/raw/pool/neg_coco_photos_00784.jpg
data/raw/pool/neg_coco_photos_00785.jpg,coco_photos,advertisement,0,0.8732,data/raw/pool/neg_coco_photos_00785.jpg
data/raw/pool/neg_coco_photos_00786.jpg,coco_photos,advertisement,0,0.8446,data/raw/pool/neg_coco_photos_00786.jpg
data/raw/pool/neg_coco_photos_00787.jpg,coco_photos,advertisement,0,0.8913,data/raw/pool/neg_coco_photos_00787.jpg
data/raw/pool/neg_coco_photos_00788.jpg,coco_photos,advertisement,0,0.8467,data/raw/pool/neg_coco_photos_00788.jpg
data/raw/pool/neg_coco_photos_00789.jpg,coco_photos,advertisement,0,0.8699,data/raw/pool/neg_coco_photos_00789.jpg
data/raw/pool/neg_coco_photos_00790.jpg,coco_photos,advertisement,0,0.8118,data/raw/pool/neg_coco_photos_00790.jpg
data/raw/pool/neg_coco_photos_00791.jpg,coco_photos,advertisement,0,0.8520,data/raw/pool/neg_coco_photos_00791.jpg
data/raw/pool/neg_coco_photos_00792.jpg,coco_photos,advertisement,0,0.8674,data/raw/pool/neg_coco_photos_00792.jpg
data/raw/pool/neg_coco_photos_00793.jpg,coco_photos,advertisement,0,0.8723,data/raw/pool/neg_coco_photos_00793.jpg
data/raw/pool/neg_coco_photos_00794.jpg,coco_photos,advertisement,0,0.8619,data/raw/pool/neg_coco_photos_00794.jpg
data/raw/pool/neg_coco_photos_00795.jpg,coco_photos,advertisement,0,0.8170,data/raw/pool/neg_coco_photos_00795.jpg
data/raw/pool/neg_coco_photos_00796.jpg,coco_photos,advertisement,0,0.8262,data/raw/pool/neg_coco_photos_00796.jpg
data/raw/pool/neg_coco_photos_00797.jpg,coco_photos,advertisement,0,0.8916,data/raw/pool/neg_coco_photos_00797.jpg
data/raw/pool/neg_coco_photos_00798.jpg,coco_photos,advertisement,0,0.7520,data/raw/pool/neg_coco_photos_00798.jpg
data/raw/pool/neg_coco_photos_00799.jpg,coco_photos,advertisement,0,0.8354,data/raw/pool/neg_coco_photos_00799.jpg
data/raw/pool/neg_coco_photos_00800.jpg,coco_photos,advertisement,0,0.8777,data/raw/pool/neg_coco_photos_00800.jpg
data/raw/pool/neg_coco_photos_00801.jpg,coco_photos,advertisement,0,0.8776,data/raw/pool/neg_coco_photos_00801.jpg
data/raw/pool/neg_coco_photos_00802.jpg,coco_photos,advertisement,0,0.7944,data/raw/pool/neg_coco_photos_00802.jpg
data/raw/pool/neg_coco_photos_00803.jpg,coco_photos,advertisement,0,0.8854,data/raw/pool/neg_coco_photos_00803.jpg
data/raw/pool/neg_coco_photos_00804.jpg,coco_photos,advertisement,0,0.8812,data/raw/pool/neg_coco_photos_00804.jpg
data/raw/pool/neg_coco_photos_00805.jpg,coco_photos,advertisement,0,0.6641,data/raw/pool/neg_coco_photos_00805.jpg
data/raw/pool/neg_coco_photos_00806.jpg,coco_photos,advertisement,0,0.8884,data/raw/pool/neg_coco_photos_00806.jpg
data/raw/pool/neg_coco_photos_00807.jpg,coco_photos,advertisement,0,0.8896,data/raw/pool/neg_coco_photos_00807.jpg
data/raw/pool/neg_coco_photos_00808.jpg,coco_photos,advertisement,0,0.8978,data/raw/pool/neg_coco_photos_00808.jpg
data/raw/pool/neg_coco_photos_00809.jpg,coco_photos,advertisement,0,0.8735,data/raw/pool/neg_coco_photos_00809.jpg
data/raw/pool/neg_coco_photos_00810.jpg,coco_photos,advertisement,0,0.8274,data/raw/pool/neg_coco_photos_00810.jpg
data/raw/pool/neg_coco_photos_00811.jpg,coco_photos,advertisement,0,0.7705,data/raw/pool/neg_coco_photos_00811.jpg
data/raw/pool/neg_coco_photos_00812.jpg,coco_photos,advertisement,0,0.8239,data/raw/pool/neg_coco_photos_00812.jpg
data/raw/pool/neg_coco_photos_00813.jpg,coco_photos,advertisement,0,0.8543,data/raw/pool/neg_coco_photos_00813.jpg
data/raw/pool/neg_coco_photos_00814.jpg,coco_photos,advertisement,0,0.6298,data/raw/pool/neg_coco_photos_00814.jpg
data/raw/pool/neg_coco_photos_00815.jpg,coco_photos,advertisement,0,0.8013,data/raw/pool/neg_coco_photos_00815.jpg
data/raw/pool/neg_coco_photos_00816.jpg,coco_photos,advertisement,0,0.8931,data/raw/pool/neg_coco_photos_00816.jpg
data/raw/pool/neg_coco_photos_00817.jpg,coco_photos,advertisement,0,0.8652,data/raw/pool/neg_coco_photos_00817.jpg
data/raw/pool/neg_coco_photos_00818.jpg,coco_photos,advertisement,0,0.6390,data/raw/pool/neg_coco_photos_00818.jpg
data/raw/pool/neg_coco_photos_00819.jpg,coco_photos,advertisement,0,0.6534,data/raw/pool/neg_coco_photos_00819.jpg
data/raw/pool/neg_coco_photos_00820.jpg,coco_photos,advertisement,0,0.7822,data/raw/pool/neg_coco_photos_00820.jpg
data/raw/pool/neg_coco_photos_00821.jpg,coco_photos,advertisement,0,0.8809,data/raw/pool/neg_coco_photos_00821.jpg
data/raw/pool/neg_coco_photos_00822.jpg,coco_photos,advertisement,0,0.8506,data/raw/pool/neg_coco_photos_00822.jpg
data/raw/pool/neg_coco_photos_00823.jpg,coco_photos,advertisement,0,0.8635,data/raw/pool/neg_coco_photos_00823.jpg
data/raw/pool/neg_coco_photos_00824.jpg,coco_photos,advertisement,0,0.8526,data/raw/pool/neg_coco_photos_00824.jpg
data/raw/pool/neg_coco_photos_00825.jpg,coco_photos,advertisement,0,0.8746,data/raw/pool/neg_coco_photos_00825.jpg
data/raw/pool/neg_coco_photos_00826.jpg,coco_photos,advertisement,0,0.8637,data/raw/pool/neg_coco_photos_00826.jpg
data/raw/pool/neg_coco_photos_00827.jpg,coco_photos,advertisement,0,0.8594,data/raw/pool/neg_coco_photos_00827.jpg
data/raw/pool/neg_coco_photos_00828.jpg,coco_photos,advertisement,0,0.8959,data/raw/pool/neg_coco_photos_00828.jpg
data/raw/pool/neg_coco_photos_00829.jpg,coco_photos,advertisement,0,0.8744,data/raw/pool/neg_coco_photos_00829.jpg
data/raw/pool/neg_coco_photos_00830.jpg,coco_photos,advertisement,0,0.8783,data/raw/pool/neg_coco_photos_00830.jpg
data/raw/pool/neg_coco_photos_00831.jpg,coco_photos,advertisement,0,0.8952,data/raw/pool/neg_coco_photos_00831.jpg
data/raw/pool/neg_coco_photos_00832.jpg,coco_photos,advertisement,0,0.7496,data/raw/pool/neg_coco_photos_00832.jpg
data/raw/pool/neg_coco_photos_00833.jpg,coco_photos,advertisement,0,0.8662,data/raw/pool/neg_coco_photos_00833.jpg
data/raw/pool/neg_coco_photos_00834.jpg,coco_photos,advertisement,0,0.8422,data/raw/pool/neg_coco_photos_00834.jpg
data/raw/pool/neg_coco_photos_00835.jpg,coco_photos,advertisement,0,0.8902,data/raw/pool/neg_coco_photos_00835.jpg
data/raw/pool/neg_coco_photos_00836.jpg,coco_photos,advertisement,0,0.8847,data/raw/pool/neg_coco_photos_00836.jpg
data/raw/pool/neg_coco_photos_00837.jpg,coco_photos,advertisement,0,0.8829,data/raw/pool/neg_coco_photos_00837.jpg
data/raw/pool/neg_coco_photos_00838.jpg,coco_photos,advertisement,0,0.8832,data/raw/pool/neg_coco_photos_00838.jpg
data/raw/pool/neg_coco_photos_00839.jpg,coco_photos,advertisement,0,0.8792,data/raw/pool/neg_coco_photos_00839.jpg
data/raw/pool/neg_coco_photos_00840.jpg,coco_photos,advertisement,0,0.7861,data/raw/pool/neg_coco_photos_00840.jpg
data/raw/pool/neg_coco_photos_00841.jpg,coco_photos,advertisement,0,0.8329,data/raw/pool/neg_coco_photos_00841.jpg
data/raw/pool/neg_coco_photos_00842.jpg,coco_photos,advertisement,0,0.8942,data/raw/pool/neg_coco_photos_00842.jpg
data/raw/pool/neg_coco_photos_00843.jpg,coco_photos,advertisement,0,0.8199,data/raw/pool/neg_coco_photos_00843.jpg
data/raw/pool/neg_coco_photos_00844.jpg,coco_photos,advertisement,0,0.8570,data/raw/pool/neg_coco_photos_00844.jpg
data/raw/pool/neg_coco_photos_00845.jpg,coco_photos,advertisement,0,0.8250,data/raw/pool/neg_coco_photos_00845.jpg
data/raw/pool/neg_coco_photos_00846.jpg,coco_photos,advertisement,0,0.8931,data/raw/pool/neg_coco_photos_00846.jpg
data/raw/pool/neg_coco_photos_00847.jpg,coco_photos,advertisement,0,0.7886,data/raw/pool/neg_coco_photos_00847.jpg
data/raw/pool/neg_coco_photos_00848.jpg,coco_photos,advertisement,0,0.8778,data/raw/pool/neg_coco_photos_00848.jpg
data/raw/pool/neg_coco_photos_00849.jpg,coco_photos,advertisement,0,0.8921,data/raw/pool/neg_coco_photos_00849.jpg
data/raw/pool/neg_coco_photos_00850.jpg,coco_photos,advertisement,0,0.8597,data/raw/pool/neg_coco_photos_00850.jpg
data/raw/pool/neg_coco_photos_00851.jpg,coco_photos,advertisement,0,0.6815,data/raw/pool/neg_coco_photos_00851.jpg
data/raw/pool/neg_coco_photos_00852.jpg,coco_photos,advertisement,0,0.8791,data/raw/pool/neg_coco_photos_00852.jpg
data/raw/pool/neg_coco_photos_00853.jpg,coco_photos,advertisement,0,0.8916,data/raw/pool/neg_coco_photos_00853.jpg
data/raw/pool/neg_coco_photos_00854.jpg,coco_photos,advertisement,0,0.8878,data/raw/pool/neg_coco_photos_00854.jpg
data/raw/pool/neg_coco_photos_00855.jpg,coco_photos,advertisement,0,0.6495,data/raw/pool/neg_coco_photos_00855.jpg
data/raw/pool/neg_coco_photos_00856.jpg,coco_photos,advertisement,0,0.8054,data/raw/pool/neg_coco_photos_00856.jpg
data/raw/pool/neg_coco_photos_00857.jpg,coco_photos,advertisement,0,0.8478,data/raw/pool/neg_coco_photos_00857.jpg
data/raw/pool/neg_coco_photos_00858.jpg,coco_photos,advertisement,0,0.8620,data/raw/pool/neg_coco_photos_00858.jpg
data/raw/pool/neg_coco_photos_00859.jpg,coco_photos,advertisement,0,0.8887,data/raw/pool/neg_coco_photos_00859.jpg
data/raw/pool/neg_coco_photos_00860.jpg,coco_photos,advertisement,0,0.8830,data/raw/pool/neg_coco_photos_00860.jpg
data/raw/pool/neg_coco_photos_00861.jpg,coco_photos,advertisement,0,0.8566,data/raw/pool/neg_coco_photos_00861.jpg
data/raw/pool/neg_coco_photos_00862.jpg,coco_photos,advertisement,0,0.7650,data/raw/pool/neg_coco_photos_00862.jpg
data/raw/pool/neg_coco_photos_00863.jpg,coco_photos,advertisement,0,0.7835,data/raw/pool/neg_coco_photos_00863.jpg
data/raw/pool/neg_coco_photos_00864.jpg,coco_photos,advertisement,0,0.7171,data/raw/pool/neg_coco_photos_00864.jpg
data/raw/pool/neg_coco_photos_00865.jpg,coco_photos,advertisement,0,0.8610,data/raw/pool/neg_coco_photos_00865.jpg
data/raw/pool/neg_coco_photos_00866.jpg,coco_photos,advertisement,0,0.5663,data/raw/pool/neg_coco_photos_00866.jpg
data/raw/pool/neg_coco_photos_00867.jpg,coco_photos,advertisement,0,0.8880,data/raw/pool/neg_coco_photos_00867.jpg
data/raw/pool/neg_coco_photos_00868.jpg,coco_photos,advertisement,0,0.5563,data/raw/pool/neg_coco_photos_00868.jpg
data/raw/pool/neg_coco_photos_00869.jpg,coco_photos,advertisement,0,0.8395,data/raw/pool/neg_coco_photos_00869.jpg
data/raw/pool/neg_coco_photos_00870.jpg,coco_photos,advertisement,0,0.8654,data/raw/pool/neg_coco_photos_00870.jpg
data/raw/pool/neg_coco_photos_00871.jpg,coco_photos,advertisement,0,0.8767,data/raw/pool/neg_coco_photos_00871.jpg
data/raw/pool/neg_coco_photos_00872.jpg,coco_photos,advertisement,0,0.6942,data/raw/pool/neg_coco_photos_00872.jpg
data/raw/pool/neg_coco_photos_00873.jpg,coco_photos,advertisement,0,0.7883,data/raw/pool/neg_coco_photos_00873.jpg
data/raw/pool/neg_coco_photos_00874.jpg,coco_photos,advertisement,0,0.8997,data/raw/pool/neg_coco_photos_00874.jpg
data/raw/pool/neg_coco_photos_00875.jpg,coco_photos,advertisement,0,0.8346,data/raw/pool/neg_coco_photos_00875.jpg
data/raw/pool/neg_coco_photos_00876.jpg,coco_photos,advertisement,0,0.8928,data/raw/pool/neg_coco_photos_00876.jpg
data/raw/pool/neg_coco_photos_00877.jpg,coco_photos,advertisement,0,0.8353,data/raw/pool/neg_coco_photos_00877.jpg
data/raw/pool/neg_coco_photos_00878.jpg,coco_photos,advertisement,0,0.8120,data/raw/pool/neg_coco_photos_00878.jpg
data/raw/pool/neg_coco_photos_00879.jpg,coco_photos,advertisement,0,0.8599,data/raw/pool/neg_coco_photos_00879.jpg
data/raw/pool/neg_coco_photos_00880.jpg,coco_photos,advertisement,0,0.8360,data/raw/pool/neg_coco_photos_00880.jpg
data/raw/pool/neg_coco_photos_00881.jpg,coco_photos,advertisement,0,0.8542,data/raw/pool/neg_coco_photos_00881.jpg
data/raw/pool/neg_coco_photos_00882.jpg,coco_photos,advertisement,0,0.7785,data/raw/pool/neg_coco_photos_00882.jpg
data/raw/pool/neg_coco_photos_00883.jpg,coco_photos,advertisement,0,0.8879,data/raw/pool/neg_coco_photos_00883.jpg
data/raw/pool/neg_coco_photos_00884.jpg,coco_photos,advertisement,0,0.8905,data/raw/pool/neg_coco_photos_00884.jpg
data/raw/pool/neg_coco_photos_00885.jpg,coco_photos,news article,0,0.2742,data/raw/pool/neg_coco_photos_00885.jpg
data/raw/pool/neg_coco_photos_00886.jpg,coco_photos,advertisement,0,0.8926,data/raw/pool/neg_coco_photos_00886.jpg
data/raw/pool/neg_coco_photos_00887.jpg,coco_photos,advertisement,0,0.8983,data/raw/pool/neg_coco_photos_00887.jpg
data/raw/pool/neg_coco_photos_00888.jpg,coco_photos,advertisement,0,0.8781,data/raw/pool/neg_coco_photos_00888.jpg
data/raw/pool/neg_coco_photos_00889.jpg,coco_photos,advertisement,0,0.8994,data/raw/pool/neg_coco_photos_00889.jpg
data/raw/pool/neg_coco_photos_00890.jpg,coco_photos,advertisement,0,0.8663,data/raw/pool/neg_coco_photos_00890.jpg
data/raw/pool/neg_coco_photos_00891.jpg,coco_photos,advertisement,0,0.8871,data/raw/pool/neg_coco_photos_00891.jpg
data/raw/pool/neg_coco_photos_00892.jpg,coco_photos,advertisement,0,0.8429,data/raw/pool/neg_coco_photos_00892.jpg
data/raw/pool/neg_coco_photos_00893.jpg,coco_photos,advertisement,0,0.7758,data/raw/pool/neg_coco_photos_00893.jpg
data/raw/pool/neg_coco_photos_00894.jpg,coco_photos,advertisement,0,0.4995,data/raw/pool/neg_coco_photos_00894.jpg
data/raw/pool/neg_coco_photos_00895.jpg,coco_photos,advertisement,0,0.8767,data/raw/pool/neg_coco_photos_00895.jpg
data/raw/pool/neg_coco_photos_00896.jpg,coco_photos,advertisement,0,0.8894,data/raw/pool/neg_coco_photos_00896.jpg
data/raw/pool/neg_coco_photos_00897.jpg,coco_photos,advertisement,0,0.8303,data/raw/pool/neg_coco_photos_00897.jpg
data/raw/pool/neg_coco_photos_00898.jpg,coco_photos,advertisement,0,0.7798,data/raw/pool/neg_coco_photos_00898.jpg
data/raw/pool/neg_coco_photos_00899.jpg,coco_photos,advertisement,0,0.8067,data/raw/pool/neg_coco_photos_00899.jpg
data/raw/pool/neg_coco_photos_00900.jpg,coco_photos,advertisement,0,0.8669,data/raw/pool/neg_coco_photos_00900.jpg
data/raw/pool/neg_coco_photos_00901.jpg,coco_photos,advertisement,0,0.6802,data/raw/pool/neg_coco_photos_00901.jpg
data/raw/pool/neg_coco_photos_00902.jpg,coco_photos,advertisement,0,0.8586,data/raw/pool/neg_coco_photos_00902.jpg
data/raw/pool/neg_coco_photos_00903.jpg,coco_photos,advertisement,0,0.7023,data/raw/pool/neg_coco_photos_00903.jpg
data/raw/pool/neg_coco_photos_00904.jpg,coco_photos,advertisement,0,0.8705,data/raw/pool/neg_coco_photos_00904.jpg
data/raw/pool/neg_coco_photos_00905.jpg,coco_photos,advertisement,0,0.7893,data/raw/pool/neg_coco_photos_00905.jpg
data/raw/pool/neg_coco_photos_00906.jpg,coco_photos,advertisement,0,0.8899,data/raw/pool/neg_coco_photos_00906.jpg
data/raw/pool/neg_coco_photos_00907.jpg,coco_photos,advertisement,0,0.8905,data/raw/pool/neg_coco_photos_00907.jpg
data/raw/pool/neg_coco_photos_00908.jpg,coco_photos,advertisement,0,0.8821,data/raw/pool/neg_coco_photos_00908.jpg
data/raw/pool/neg_coco_photos_00909.jpg,coco_photos,advertisement,0,0.8545,data/raw/pool/neg_coco_photos_00909.jpg
data/raw/pool/neg_coco_photos_00910.jpg,coco_photos,advertisement,0,0.8869,data/raw/pool/neg_coco_photos_00910.jpg
data/raw/pool/neg_coco_photos_00911.jpg,coco_photos,advertisement,0,0.8855,data/raw/pool/neg_coco_photos_00911.jpg
data/raw/pool/neg_coco_photos_00912.jpg,coco_photos,advertisement,0,0.8456,data/raw/pool/neg_coco_photos_00912.jpg
data/raw/pool/neg_coco_photos_00913.jpg,coco_photos,advertisement,0,0.8659,data/raw/pool/neg_coco_photos_00913.jpg
data/raw/pool/neg_coco_photos_00914.jpg,coco_photos,advertisement,0,0.8859,data/raw/pool/neg_coco_photos_00914.jpg
data/raw/pool/neg_coco_photos_00915.jpg,coco_photos,advertisement,0,0.8437,data/raw/pool/neg_coco_photos_00915.jpg
data/raw/pool/neg_coco_photos_00916.jpg,coco_photos,advertisement,0,0.8014,data/raw/pool/neg_coco_photos_00916.jpg
data/raw/pool/neg_coco_photos_00917.jpg,coco_photos,advertisement,0,0.8365,data/raw/pool/neg_coco_photos_00917.jpg
data/raw/pool/neg_coco_photos_00918.jpg,coco_photos,advertisement,0,0.8944,data/raw/pool/neg_coco_photos_00918.jpg
data/raw/pool/neg_coco_photos_00919.jpg,coco_photos,advertisement,0,0.7121,data/raw/pool/neg_coco_photos_00919.jpg
data/raw/pool/neg_coco_photos_00920.jpg,coco_photos,advertisement,0,0.8957,data/raw/pool/neg_coco_photos_00920.jpg
data/raw/pool/neg_coco_photos_00921.jpg,coco_photos,advertisement,0,0.8515,data/raw/pool/neg_coco_photos_00921.jpg
data/raw/pool/neg_coco_photos_00922.jpg,coco_photos,advertisement,0,0.8335,data/raw/pool/neg_coco_photos_00922.jpg
data/raw/pool/neg_coco_photos_00923.jpg,coco_photos,advertisement,0,0.8648,data/raw/pool/neg_coco_photos_00923.jpg
data/raw/pool/neg_coco_photos_00924.jpg,coco_photos,advertisement,0,0.8855,data/raw/pool/neg_coco_photos_00924.jpg
data/raw/pool/neg_coco_photos_00925.jpg,coco_photos,advertisement,0,0.8698,data/raw/pool/neg_coco_photos_00925.jpg
data/raw/pool/neg_coco_photos_00926.jpg,coco_photos,advertisement,0,0.8874,data/raw/pool/neg_coco_photos_00926.jpg
data/raw/pool/neg_coco_photos_00927.jpg,coco_photos,advertisement,0,0.8627,data/raw/pool/neg_coco_photos_00927.jpg
data/raw/pool/neg_coco_photos_00928.jpg,coco_photos,advertisement,0,0.8483,data/raw/pool/neg_coco_photos_00928.jpg
data/raw/pool/neg_coco_photos_00929.jpg,coco_photos,advertisement,0,0.7002,data/raw/pool/neg_coco_photos_00929.jpg
data/raw/pool/neg_coco_photos_00930.jpg,coco_photos,advertisement,0,0.8605,data/raw/pool/neg_coco_photos_00930.jpg
data/raw/pool/neg_coco_photos_00931.jpg,coco_photos,advertisement,0,0.8980,data/raw/pool/neg_coco_photos_00931.jpg
data/raw/pool/neg_coco_photos_00932.jpg,coco_photos,advertisement,0,0.8678,data/raw/pool/neg_coco_photos_00932.jpg
data/raw/pool/neg_coco_photos_00933.jpg,coco_photos,advertisement,0,0.8512,data/raw/pool/neg_coco_photos_00933.jpg
data/raw/pool/neg_coco_photos_00934.jpg,coco_photos,advertisement,0,0.8978,data/raw/pool/neg_coco_photos_00934.jpg
data/raw/pool/neg_coco_photos_00935.jpg,coco_photos,advertisement,0,0.8626,data/raw/pool/neg_coco_photos_00935.jpg
data/raw/pool/neg_coco_photos_00936.jpg,coco_photos,advertisement,0,0.8833,data/raw/pool/neg_coco_photos_00936.jpg
data/raw/pool/neg_coco_photos_00937.jpg,coco_photos,advertisement,0,0.8355,data/raw/pool/neg_coco_photos_00937.jpg
data/raw/pool/neg_coco_photos_00938.jpg,coco_photos,advertisement,0,0.8346,data/raw/pool/neg_coco_photos_00938.jpg
data/raw/pool/neg_coco_photos_00939.jpg,coco_photos,advertisement,0,0.8368,data/raw/pool/neg_coco_photos_00939.jpg
data/raw/pool/neg_coco_photos_00940.jpg,coco_photos,file folder,0,0.3405,data/raw/pool/neg_coco_photos_00940.jpg
data/raw/pool/neg_coco_photos_00941.jpg,coco_photos,advertisement,0,0.8570,data/raw/pool/neg_coco_photos_00941.jpg
data/raw/pool/neg_coco_photos_00942.jpg,coco_photos,advertisement,0,0.7405,data/raw/pool/neg_coco_photos_00942.jpg
data/raw/pool/neg_coco_photos_00943.jpg,coco_photos,advertisement,0,0.8669,data/raw/pool/neg_coco_photos_00943.jpg
data/raw/pool/neg_coco_photos_00944.jpg,coco_photos,advertisement,0,0.8855,data/raw/pool/neg_coco_photos_00944.jpg
data/raw/pool/neg_coco_photos_00945.jpg,coco_photos,advertisement,0,0.8876,data/raw/pool/neg_coco_photos_00945.jpg
data/raw/pool/neg_coco_photos_00946.jpg,coco_photos,advertisement,0,0.7923,data/raw/pool/neg_coco_photos_00946.jpg
data/raw/pool/neg_coco_photos_00947.jpg,coco_photos,advertisement,0,0.8934,data/raw/pool/neg_coco_photos_00947.jpg
data/raw/pool/neg_coco_photos_00948.jpg,coco_photos,advertisement,0,0.7186,data/raw/pool/neg_coco_photos_00948.jpg
data/raw/pool/neg_coco_photos_00949.jpg,coco_photos,advertisement,0,0.8229,data/raw/pool/neg_coco_photos_00949.jpg
data/raw/pool/neg_coco_photos_00950.jpg,coco_photos,advertisement,0,0.8397,data/raw/pool/neg_coco_photos_00950.jpg
data/raw/pool/neg_coco_photos_00951.jpg,coco_photos,news article,0,0.4024,data/raw/pool/neg_coco_photos_00951.jpg
data/raw/pool/neg_coco_photos_00952.jpg,coco_photos,advertisement,0,0.8590,data/raw/pool/neg_coco_photos_00952.jpg
data/raw/pool/neg_coco_photos_00953.jpg,coco_photos,advertisement,0,0.8710,data/raw/pool/neg_coco_photos_00953.jpg
data/raw/pool/neg_coco_photos_00954.jpg,coco_photos,advertisement,0,0.6879,data/raw/pool/neg_coco_photos_00954.jpg
data/raw/pool/neg_coco_photos_00955.jpg,coco_photos,advertisement,0,0.8011,data/raw/pool/neg_coco_photos_00955.jpg
data/raw/pool/neg_coco_photos_00956.jpg,coco_photos,advertisement,0,0.8598,data/raw/pool/neg_coco_photos_00956.jpg
data/raw/pool/neg_coco_photos_00957.jpg,coco_photos,advertisement,0,0.7681,data/raw/pool/neg_coco_photos_00957.jpg
data/raw/pool/neg_coco_photos_00958.jpg,coco_photos,advertisement,0,0.7813,data/raw/pool/neg_coco_photos_00958.jpg
data/raw/pool/neg_coco_photos_00959.jpg,coco_photos,advertisement,0,0.5097,data/raw/pool/neg_coco_photos_00959.jpg
data/raw/pool/neg_coco_photos_00960.jpg,coco_photos,advertisement,0,0.8851,data/raw/pool/neg_coco_photos_00960.jpg
data/raw/pool/neg_coco_photos_00961.jpg,coco_photos,advertisement,0,0.8631,data/raw/pool/neg_coco_photos_00961.jpg
data/raw/pool/neg_coco_photos_00962.jpg,coco_photos,advertisement,0,0.8013,data/raw/pool/neg_coco_photos_00962.jpg
data/raw/pool/neg_coco_photos_00963.jpg,coco_photos,advertisement,0,0.8791,data/raw/pool/neg_coco_photos_00963.jpg
data/raw/pool/neg_coco_photos_00964.jpg,coco_photos,advertisement,0,0.7513,data/raw/pool/neg_coco_photos_00964.jpg
data/raw/pool/neg_coco_photos_00965.jpg,coco_photos,advertisement,0,0.8914,data/raw/pool/neg_coco_photos_00965.jpg
data/raw/pool/neg_coco_photos_00966.jpg,coco_photos,advertisement,0,0.8188,data/raw/pool/neg_coco_photos_00966.jpg
data/raw/pool/neg_coco_photos_00967.jpg,coco_photos,advertisement,0,0.8488,data/raw/pool/neg_coco_photos_00967.jpg
data/raw/pool/neg_coco_photos_00968.jpg,coco_photos,advertisement,0,0.8900,data/raw/pool/neg_coco_photos_00968.jpg
data/raw/pool/neg_coco_photos_00969.jpg,coco_photos,advertisement,0,0.8769,data/raw/pool/neg_coco_photos_00969.jpg
data/raw/pool/neg_coco_photos_00970.jpg,coco_photos,advertisement,0,0.8453,data/raw/pool/neg_coco_photos_00970.jpg
data/raw/pool/neg_coco_photos_00971.jpg,coco_photos,advertisement,0,0.8335,data/raw/pool/neg_coco_photos_00971.jpg
data/raw/pool/neg_coco_photos_00972.jpg,coco_photos,advertisement,0,0.8731,data/raw/pool/neg_coco_photos_00972.jpg
data/raw/pool/neg_coco_photos_00973.jpg,coco_photos,advertisement,0,0.8780,data/raw/pool/neg_coco_photos_00973.jpg
data/raw/pool/neg_coco_photos_00974.jpg,coco_photos,advertisement,0,0.8914,data/raw/pool/neg_coco_photos_00974.jpg
data/raw/pool/neg_coco_photos_00975.jpg,coco_photos,advertisement,0,0.8826,data/raw/pool/neg_coco_photos_00975.jpg
data/raw/pool/neg_coco_photos_00976.jpg,coco_photos,advertisement,0,0.8647,data/raw/pool/neg_coco_photos_00976.jpg
data/raw/pool/neg_coco_photos_00977.jpg,coco_photos,advertisement,0,0.5008,data/raw/pool/neg_coco_photos_00977.jpg
data/raw/pool/neg_coco_photos_00978.jpg,coco_photos,advertisement,0,0.8752,data/raw/pool/neg_coco_photos_00978.jpg
data/raw/pool/neg_coco_photos_00979.jpg,coco_photos,advertisement,0,0.8779,data/raw/pool/neg_coco_photos_00979.jpg
data/raw/pool/neg_coco_photos_00980.jpg,coco_photos,advertisement,0,0.8909,data/raw/pool/neg_coco_photos_00980.jpg
data/raw/pool/neg_coco_photos_00981.jpg,coco_photos,advertisement,0,0.8958,data/raw/pool/neg_coco_photos_00981.jpg
data/raw/pool/neg_coco_photos_00982.jpg,coco_photos,advertisement,0,0.8370,data/raw/pool/neg_coco_photos_00982.jpg
data/raw/pool/neg_coco_photos_00983.jpg,coco_photos,advertisement,0,0.8863,data/raw/pool/neg_coco_photos_00983.jpg
data/raw/pool/neg_coco_photos_00984.jpg,coco_photos,advertisement,0,0.8135,data/raw/pool/neg_coco_photos_00984.jpg
data/raw/pool/neg_coco_photos_00985.jpg,coco_photos,advertisement,0,0.7956,data/raw/pool/neg_coco_photos_00985.jpg
data/raw/pool/neg_coco_photos_00986.jpg,coco_photos,advertisement,0,0.8751,data/raw/pool/neg_coco_photos_00986.jpg
data/raw/pool/neg_coco_photos_00987.jpg,coco_photos,advertisement,0,0.8834,data/raw/pool/neg_coco_photos_00987.jpg
data/raw/pool/neg_coco_photos_00988.jpg,coco_photos,advertisement,0,0.8503,data/raw/pool/neg_coco_photos_00988.jpg
data/raw/pool/neg_coco_photos_00989.jpg,coco_photos,advertisement,0,0.8429,data/raw/pool/neg_coco_photos_00989.jpg
data/raw/pool/neg_coco_photos_00990.jpg,coco_photos,advertisement,0,0.6640,data/raw/pool/neg_coco_photos_00990.jpg
data/raw/pool/neg_coco_photos_00991.jpg,coco_photos,advertisement,0,0.8687,data/raw/pool/neg_coco_photos_00991.jpg
data/raw/pool/neg_coco_photos_00992.jpg,coco_photos,advertisement,0,0.8267,data/raw/pool/neg_coco_photos_00992.jpg
data/raw/pool/neg_coco_photos_00993.jpg,coco_photos,advertisement,0,0.8881,data/raw/pool/neg_coco_photos_00993.jpg
data/raw/pool/neg_coco_photos_00994.jpg,coco_photos,advertisement,0,0.8665,data/raw/pool/neg_coco_photos_00994.jpg
data/raw/pool/neg_coco_photos_00995.jpg,coco_photos,advertisement,0,0.7907,data/raw/pool/neg_coco_photos_00995.jpg
data/raw/pool/neg_coco_photos_00996.jpg,coco_photos,advertisement,0,0.8726,data/raw/pool/neg_coco_photos_00996.jpg
data/raw/pool/neg_coco_photos_00997.jpg,coco_photos,advertisement,0,0.8844,data/raw/pool/neg_coco_photos_00997.jpg
data/raw/pool/neg_coco_photos_00998.jpg,coco_photos,advertisement,0,0.6973,data/raw/pool/neg_coco_photos_00998.jpg
data/raw/pool/neg_coco_photos_00999.jpg,coco_photos,advertisement,0,0.8688,data/raw/pool/neg_coco_photos_00999.jpg
data/raw/pool/neg_coco_photos_01000.jpg,coco_photos,advertisement,0,0.8539,data/raw/pool/neg_coco_photos_01000.jpg
data/raw/pool/neg_coco_photos_01001.jpg,coco_photos,advertisement,0,0.6283,data/raw/pool/neg_coco_photos_01001.jpg
data/raw/pool/neg_coco_photos_01002.jpg,coco_photos,advertisement,0,0.8760,data/raw/pool/neg_coco_photos_01002.jpg
data/raw/pool/neg_coco_photos_01003.jpg,coco_photos,advertisement,0,0.8214,data/raw/pool/neg_coco_photos_01003.jpg
data/raw/pool/neg_coco_photos_01004.jpg,coco_photos,advertisement,0,0.8194,data/raw/pool/neg_coco_photos_01004.jpg
data/raw/pool/neg_coco_photos_01005.jpg,coco_photos,advertisement,0,0.8879,data/raw/pool/neg_coco_photos_01005.jpg
data/raw/pool/neg_coco_photos_01006.jpg,coco_photos,advertisement,0,0.8497,data/raw/pool/neg_coco_photos_01006.jpg
data/raw/pool/neg_coco_photos_01007.jpg,coco_photos,advertisement,0,0.8811,data/raw/pool/neg_coco_photos_01007.jpg
data/raw/pool/neg_coco_photos_01008.jpg,coco_photos,advertisement,0,0.5317,data/raw/pool/neg_coco_photos_01008.jpg
data/raw/pool/neg_coco_photos_01009.jpg,coco_photos,advertisement,0,0.7564,data/raw/pool/neg_coco_photos_01009.jpg
data/raw/pool/neg_coco_photos_01010.jpg,coco_photos,advertisement,0,0.7809,data/raw/pool/neg_coco_photos_01010.jpg
data/raw/pool/neg_coco_photos_01011.jpg,coco_photos,advertisement,0,0.7977,data/raw/pool/neg_coco_photos_01011.jpg
data/raw/pool/neg_coco_photos_01012.jpg,coco_photos,advertisement,0,0.8552,data/raw/pool/neg_coco_photos_01012.jpg
data/raw/pool/neg_coco_photos_01013.jpg,coco_photos,advertisement,0,0.8910,data/raw/pool/neg_coco_photos_01013.jpg
data/raw/pool/neg_coco_photos_01014.jpg,coco_photos,advertisement,0,0.8898,data/raw/pool/neg_coco_photos_01014.jpg
data/raw/pool/neg_coco_photos_01015.jpg,coco_photos,advertisement,0,0.8848,data/raw/pool/neg_coco_photos_01015.jpg
data/raw/pool/neg_coco_photos_01016.jpg,coco_photos,advertisement,0,0.8746,data/raw/pool/neg_coco_photos_01016.jpg
data/raw/pool/neg_coco_photos_01017.jpg,coco_photos,advertisement,0,0.8561,data/raw/pool/neg_coco_photos_01017.jpg
data/raw/pool/neg_coco_photos_01018.jpg,coco_photos,advertisement,0,0.8523,data/raw/pool/neg_coco_photos_01018.jpg
data/raw/pool/neg_coco_photos_01019.jpg,coco_photos,advertisement,0,0.8843,data/raw/pool/neg_coco_photos_01019.jpg
data/raw/pool/neg_coco_photos_01020.jpg,coco_photos,advertisement,0,0.8845,data/raw/pool/neg_coco_photos_01020.jpg
data/raw/pool/neg_coco_photos_01021.jpg,coco_photos,file folder,0,0.6050,data/raw/pool/neg_coco_photos_01021.jpg
data/raw/pool/neg_coco_photos_01022.jpg,coco_photos,advertisement,0,0.8501,data/raw/pool/neg_coco_photos_01022.jpg
data/raw/pool/neg_coco_photos_01023.jpg,coco_photos,advertisement,0,0.8761,data/raw/pool/neg_coco_photos_01023.jpg
data/raw/pool/neg_coco_photos_01024.jpg,coco_photos,advertisement,0,0.7472,data/raw/pool/neg_coco_photos_01024.jpg
data/raw/pool/neg_coco_photos_01025.jpg,coco_photos,advertisement,0,0.8855,data/raw/pool/neg_coco_photos_01025.jpg
data/raw/pool/neg_coco_photos_01026.jpg,coco_photos,advertisement,0,0.8839,data/raw/pool/neg_coco_photos_01026.jpg
data/raw/pool/neg_coco_photos_01027.jpg,coco_photos,advertisement,0,0.8929,data/raw/pool/neg_coco_photos_01027.jpg
data/raw/pool/neg_coco_photos_01028.jpg,coco_photos,advertisement,0,0.7911,data/raw/pool/neg_coco_photos_01028.jpg
data/raw/pool/neg_coco_photos_01029.jpg,coco_photos,advertisement,0,0.8853,data/raw/pool/neg_coco_photos_01029.jpg
data/raw/pool/neg_coco_photos_01030.jpg,coco_photos,advertisement,0,0.8654,data/raw/pool/neg_coco_photos_01030.jpg
data/raw/pool/neg_coco_photos_01031.jpg,coco_photos,advertisement,0,0.8924,data/raw/pool/neg_coco_photos_01031.jpg
data/raw/pool/neg_coco_photos_01032.jpg,coco_photos,advertisement,0,0.8857,data/raw/pool/neg_coco_photos_01032.jpg
data/raw/pool/neg_coco_photos_01033.jpg,coco_photos,advertisement,0,0.8546,data/raw/pool/neg_coco_photos_01033.jpg
data/raw/pool/neg_coco_photos_01034.jpg,coco_photos,advertisement,0,0.7941,data/raw/pool/neg_coco_photos_01034.jpg
data/raw/pool/neg_coco_photos_01035.jpg,coco_photos,advertisement,0,0.7766,data/raw/pool/neg_coco_photos_01035.jpg
data/raw/pool/neg_coco_photos_01036.jpg,coco_photos,advertisement,0,0.8552,data/raw/pool/neg_coco_photos_01036.jpg
data/raw/pool/neg_coco_photos_01037.jpg,coco_photos,advertisement,0,0.8842,data/raw/pool/neg_coco_photos_01037.jpg
data/raw/pool/neg_coco_photos_01038.jpg,coco_photos,advertisement,0,0.8860,data/raw/pool/neg_coco_photos_01038.jpg
data/raw/pool/neg_coco_photos_01039.jpg,coco_photos,advertisement,0,0.7187,data/raw/pool/neg_coco_photos_01039.jpg
data/raw/pool/neg_coco_photos_01040.jpg,coco_photos,advertisement,0,0.8881,data/raw/pool/neg_coco_photos_01040.jpg
data/raw/pool/neg_coco_photos_01041.jpg,coco_photos,advertisement,0,0.9001,data/raw/pool/neg_coco_photos_01041.jpg
data/raw/pool/neg_coco_photos_01042.jpg,coco_photos,advertisement,0,0.8811,data/raw/pool/neg_coco_photos_01042.jpg
data/raw/pool/neg_coco_photos_01043.jpg,coco_photos,advertisement,0,0.8868,data/raw/pool/neg_coco_photos_01043.jpg
data/raw/pool/neg_coco_photos_01044.jpg,coco_photos,advertisement,0,0.8855,data/raw/pool/neg_coco_photos_01044.jpg
data/raw/pool/neg_coco_photos_01045.jpg,coco_photos,advertisement,0,0.8167,data/raw/pool/neg_coco_photos_01045.jpg
data/raw/pool/neg_coco_photos_01046.jpg,coco_photos,advertisement,0,0.8740,data/raw/pool/neg_coco_photos_01046.jpg
data/raw/pool/neg_coco_photos_01047.jpg,coco_photos,advertisement,0,0.8713,data/raw/pool/neg_coco_photos_01047.jpg
data/raw/pool/neg_coco_photos_01048.jpg,coco_photos,advertisement,0,0.8550,data/raw/pool/neg_coco_photos_01048.jpg
data/raw/pool/neg_coco_photos_01049.jpg,coco_photos,advertisement,0,0.8810,data/raw/pool/neg_coco_photos_01049.jpg
data/raw/pool/neg_coco_photos_01050.jpg,coco_photos,advertisement,0,0.8063,data/raw/pool/neg_coco_photos_01050.jpg
data/raw/pool/neg_coco_photos_01051.jpg,coco_photos,advertisement,0,0.8541,data/raw/pool/neg_coco_photos_01051.jpg
data/raw/pool/neg_coco_photos_01052.jpg,coco_photos,handwritten,0,0.3008,data/raw/pool/neg_coco_photos_01052.jpg
data/raw/pool/neg_coco_photos_01053.jpg,coco_photos,advertisement,0,0.8950,data/raw/pool/neg_coco_photos_01053.jpg
data/raw/pool/neg_coco_photos_01054.jpg,coco_photos,advertisement,0,0.8878,data/raw/pool/neg_coco_photos_01054.jpg
data/raw/pool/neg_coco_photos_01055.jpg,coco_photos,advertisement,0,0.8487,data/raw/pool/neg_coco_photos_01055.jpg
data/raw/pool/neg_coco_photos_01056.jpg,coco_photos,file folder,0,0.3623,data/raw/pool/neg_coco_photos_01056.jpg
data/raw/pool/neg_coco_photos_01057.jpg,coco_photos,advertisement,0,0.8265,data/raw/pool/neg_coco_photos_01057.jpg
data/raw/pool/neg_coco_photos_01058.jpg,coco_photos,advertisement,0,0.8588,data/raw/pool/neg_coco_photos_01058.jpg
data/raw/pool/neg_coco_photos_01059.jpg,coco_photos,advertisement,0,0.8918,data/raw/pool/neg_coco_photos_01059.jpg
data/raw/pool/neg_coco_photos_01060.jpg,coco_photos,advertisement,0,0.8785,data/raw/pool/neg_coco_photos_01060.jpg
data/raw/pool/neg_coco_photos_01061.jpg,coco_photos,advertisement,0,0.8850,data/raw/pool/neg_coco_photos_01061.jpg
data/raw/pool/neg_coco_photos_01062.jpg,coco_photos,advertisement,0,0.8484,data/raw/pool/neg_coco_photos_01062.jpg
data/raw/pool/neg_coco_photos_01063.jpg,coco_photos,advertisement,0,0.8461,data/raw/pool/neg_coco_photos_01063.jpg
data/raw/pool/neg_coco_photos_01064.jpg,coco_photos,advertisement,0,0.8654,data/raw/pool/neg_coco_photos_01064.jpg
data/raw/pool/neg_coco_photos_01065.jpg,coco_photos,advertisement,0,0.8246,data/raw/pool/neg_coco_photos_01065.jpg
data/raw/pool/neg_coco_photos_01066.jpg,coco_photos,advertisement,0,0.5844,data/raw/pool/neg_coco_photos_01066.jpg
data/raw/pool/neg_coco_photos_01067.jpg,coco_photos,advertisement,0,0.8070,data/raw/pool/neg_coco_photos_01067.jpg
data/raw/pool/neg_coco_photos_01068.jpg,coco_photos,file folder,0,0.3384,data/raw/pool/neg_coco_photos_01068.jpg
data/raw/pool/neg_coco_photos_01069.jpg,coco_photos,advertisement,0,0.8765,data/raw/pool/neg_coco_photos_01069.jpg
data/raw/pool/neg_coco_photos_01070.jpg,coco_photos,advertisement,0,0.6358,data/raw/pool/neg_coco_photos_01070.jpg
data/raw/pool/neg_coco_photos_01071.jpg,coco_photos,advertisement,0,0.8806,data/raw/pool/neg_coco_photos_01071.jpg
data/raw/pool/neg_coco_photos_01072.jpg,coco_photos,advertisement,0,0.8078,data/raw/pool/neg_coco_photos_01072.jpg
data/raw/pool/neg_coco_photos_01073.jpg,coco_photos,advertisement,0,0.7762,data/raw/pool/neg_coco_photos_01073.jpg
data/raw/pool/neg_coco_photos_01074.jpg,coco_photos,advertisement,0,0.8857,data/raw/pool/neg_coco_photos_01074.jpg
data/raw/pool/neg_coco_photos_01075.jpg,coco_photos,advertisement,0,0.8669,data/raw/pool/neg_coco_photos_01075.jpg
data/raw/pool/neg_coco_photos_01076.jpg,coco_photos,advertisement,0,0.8568,data/raw/pool/neg_coco_photos_01076.jpg
data/raw/pool/neg_coco_photos_01077.jpg,coco_photos,advertisement,0,0.8374,data/raw/pool/neg_coco_photos_01077.jpg
data/raw/pool/neg_coco_photos_01078.jpg,coco_photos,advertisement,0,0.8415,data/raw/pool/neg_coco_photos_01078.jpg
data/raw/pool/neg_coco_photos_01079.jpg,coco_photos,advertisement,0,0.8645,data/raw/pool/neg_coco_photos_01079.jpg
data/raw/pool/neg_coco_photos_01080.jpg,coco_photos,advertisement,0,0.8822,data/raw/pool/neg_coco_photos_01080.jpg
data/raw/pool/neg_coco_photos_01081.jpg,coco_photos,advertisement,0,0.8165,data/raw/pool/neg_coco_photos_01081.jpg
data/raw/pool/neg_coco_photos_01082.jpg,coco_photos,advertisement,0,0.8965,data/raw/pool/neg_coco_photos_01082.jpg
data/raw/pool/neg_coco_photos_01083.jpg,coco_photos,advertisement,0,0.8864,data/raw/pool/neg_coco_photos_01083.jpg
data/raw/pool/neg_coco_photos_01084.jpg,coco_photos,advertisement,0,0.8722,data/raw/pool/neg_coco_photos_01084.jpg
data/raw/pool/neg_coco_photos_01085.jpg,coco_photos,advertisement,0,0.8729,data/raw/pool/neg_coco_photos_01085.jpg
data/raw/pool/neg_coco_photos_01086.jpg,coco_photos,advertisement,0,0.8286,data/raw/pool/neg_coco_photos_01086.jpg
data/raw/pool/neg_coco_photos_01087.jpg,coco_photos,advertisement,0,0.8701,data/raw/pool/neg_coco_photos_01087.jpg
data/raw/pool/neg_coco_photos_01088.jpg,coco_photos,advertisement,0,0.8890,data/raw/pool/neg_coco_photos_01088.jpg
data/raw/pool/neg_coco_photos_01089.jpg,coco_photos,advertisement,0,0.8649,data/raw/pool/neg_coco_photos_01089.jpg
data/raw/pool/neg_coco_photos_01090.jpg,coco_photos,advertisement,0,0.7745,data/raw/pool/neg_coco_photos_01090.jpg
data/raw/pool/neg_coco_photos_01091.jpg,coco_photos,advertisement,0,0.8680,data/raw/pool/neg_coco_photos_01091.jpg
data/raw/pool/neg_coco_photos_01092.jpg,coco_photos,advertisement,0,0.8809,data/raw/pool/neg_coco_photos_01092.jpg
data/raw/pool/neg_coco_photos_01093.jpg,coco_photos,advertisement,0,0.8568,data/raw/pool/neg_coco_photos_01093.jpg
data/raw/pool/neg_coco_photos_01094.jpg,coco_photos,advertisement,0,0.8657,data/raw/pool/neg_coco_photos_01094.jpg
data/raw/pool/neg_coco_photos_01095.jpg,coco_photos,advertisement,0,0.7926,data/raw/pool/neg_coco_photos_01095.jpg
data/raw/pool/neg_coco_photos_01096.jpg,coco_photos,advertisement,0,0.9006,data/raw/pool/neg_coco_photos_01096.jpg
data/raw/pool/neg_coco_photos_01097.jpg,coco_photos,advertisement,0,0.8668,data/raw/pool/neg_coco_photos_01097.jpg
data/raw/pool/neg_coco_photos_01098.jpg,coco_photos,advertisement,0,0.7593,data/raw/pool/neg_coco_photos_01098.jpg
data/raw/pool/neg_coco_photos_01099.jpg,coco_photos,advertisement,0,0.8563,data/raw/pool/neg_coco_photos_01099.jpg
data/raw/pool/neg_coco_photos_01100.jpg,coco_photos,advertisement,0,0.8713,data/raw/pool/neg_coco_photos_01100.jpg
data/raw/pool/neg_coco_photos_01101.jpg,coco_photos,advertisement,0,0.7734,data/raw/pool/neg_coco_photos_01101.jpg
data/raw/pool/neg_coco_photos_01102.jpg,coco_photos,advertisement,0,0.5647,data/raw/pool/neg_coco_photos_01102.jpg
data/raw/pool/neg_coco_photos_01103.jpg,coco_photos,advertisement,0,0.8766,data/raw/pool/neg_coco_photos_01103.jpg
data/raw/pool/neg_coco_photos_01104.jpg,coco_photos,advertisement,0,0.8704,data/raw/pool/neg_coco_photos_01104.jpg
data/raw/pool/neg_coco_photos_01105.jpg,coco_photos,advertisement,0,0.8682,data/raw/pool/neg_coco_photos_01105.jpg
data/raw/pool/neg_coco_photos_01106.jpg,coco_photos,advertisement,0,0.7952,data/raw/pool/neg_coco_photos_01106.jpg
data/raw/pool/neg_coco_photos_01107.jpg,coco_photos,advertisement,0,0.8884,data/raw/pool/neg_coco_photos_01107.jpg
data/raw/pool/neg_coco_photos_01108.jpg,coco_photos,advertisement,0,0.8452,data/raw/pool/neg_coco_photos_01108.jpg
data/raw/pool/neg_coco_photos_01109.jpg,coco_photos,advertisement,0,0.8835,data/raw/pool/neg_coco_photos_01109.jpg
data/raw/pool/neg_coco_photos_01110.jpg,coco_photos,advertisement,0,0.8661,data/raw/pool/neg_coco_photos_01110.jpg
data/raw/pool/neg_coco_photos_01111.jpg,coco_photos,advertisement,0,0.5512,data/raw/pool/neg_coco_photos_01111.jpg
data/raw/pool/neg_coco_photos_01112.jpg,coco_photos,advertisement,0,0.3120,data/raw/pool/neg_coco_photos_01112.jpg
data/raw/pool/neg_coco_photos_01113.jpg,coco_photos,advertisement,0,0.8828,data/raw/pool/neg_coco_photos_01113.jpg
data/raw/pool/neg_coco_photos_01114.jpg,coco_photos,advertisement,0,0.8192,data/raw/pool/neg_coco_photos_01114.jpg
data/raw/pool/neg_coco_photos_01115.jpg,coco_photos,advertisement,0,0.7968,data/raw/pool/neg_coco_photos_01115.jpg
data/raw/pool/neg_coco_photos_01116.jpg,coco_photos,advertisement,0,0.8348,data/raw/pool/neg_coco_photos_01116.jpg
data/raw/pool/neg_coco_photos_01117.jpg,coco_photos,advertisement,0,0.8637,data/raw/pool/neg_coco_photos_01117.jpg
data/raw/pool/neg_coco_photos_01118.jpg,coco_photos,advertisement,0,0.6745,data/raw/pool/neg_coco_photos_01118.jpg
data/raw/pool/neg_coco_photos_01119.jpg,coco_photos,advertisement,0,0.4041,data/raw/pool/neg_coco_photos_01119.jpg
data/raw/pool/neg_coco_photos_01120.jpg,coco_photos,advertisement,0,0.8820,data/raw/pool/neg_coco_photos_01120.jpg
data/raw/pool/neg_coco_photos_01121.jpg,coco_photos,advertisement,0,0.8257,data/raw/pool/neg_coco_photos_01121.jpg
data/raw/pool/neg_coco_photos_01122.jpg,coco_photos,advertisement,0,0.5983,data/raw/pool/neg_coco_photos_01122.jpg
data/raw/pool/neg_coco_photos_01123.jpg,coco_photos,advertisement,0,0.8286,data/raw/pool/neg_coco_photos_01123.jpg
data/raw/pool/neg_coco_photos_01124.jpg,coco_photos,advertisement,0,0.8880,data/raw/pool/neg_coco_photos_01124.jpg
data/raw/pool/neg_coco_photos_01125.jpg,coco_photos,advertisement,0,0.8822,data/raw/pool/neg_coco_photos_01125.jpg
data/raw/pool/neg_coco_photos_01126.jpg,coco_photos,advertisement,0,0.7841,data/raw/pool/neg_coco_photos_01126.jpg
data/raw/pool/neg_coco_photos_01127.jpg,coco_photos,advertisement,0,0.8952,data/raw/pool/neg_coco_photos_01127.jpg
data/raw/pool/neg_coco_photos_01128.jpg,coco_photos,advertisement,0,0.8416,data/raw/pool/neg_coco_photos_01128.jpg
data/raw/pool/neg_coco_photos_01129.jpg,coco_photos,advertisement,0,0.3987,data/raw/pool/neg_coco_photos_01129.jpg
data/raw/pool/neg_coco_photos_01130.jpg,coco_photos,advertisement,0,0.8948,data/raw/pool/neg_coco_photos_01130.jpg
data/raw/pool/neg_coco_photos_01131.jpg,coco_photos,advertisement,0,0.8869,data/raw/pool/neg_coco_photos_01131.jpg
data/raw/pool/neg_coco_photos_01132.jpg,coco_photos,advertisement,0,0.8820,data/raw/pool/neg_coco_photos_01132.jpg
data/raw/pool/neg_coco_photos_01133.jpg,coco_photos,advertisement,0,0.8748,data/raw/pool/neg_coco_photos_01133.jpg
data/raw/pool/neg_coco_photos_01134.jpg,coco_photos,advertisement,0,0.8842,data/raw/pool/neg_coco_photos_01134.jpg
data/raw/pool/neg_coco_photos_01135.jpg,coco_photos,advertisement,0,0.5122,data/raw/pool/neg_coco_photos_01135.jpg
data/raw/pool/neg_coco_photos_01136.jpg,coco_photos,advertisement,0,0.8723,data/raw/pool/neg_coco_photos_01136.jpg
data/raw/pool/neg_coco_photos_01137.jpg,coco_photos,advertisement,0,0.8858,data/raw/pool/neg_coco_photos_01137.jpg
data/raw/pool/neg_coco_photos_01138.jpg,coco_photos,advertisement,0,0.6614,data/raw/pool/neg_coco_photos_01138.jpg
data/raw/pool/neg_coco_photos_01139.jpg,coco_photos,advertisement,0,0.8877,data/raw/pool/neg_coco_photos_01139.jpg
data/raw/pool/neg_coco_photos_01140.jpg,coco_photos,advertisement,0,0.7021,data/raw/pool/neg_coco_photos_01140.jpg
data/raw/pool/neg_coco_photos_01141.jpg,coco_photos,advertisement,0,0.7190,data/raw/pool/neg_coco_photos_01141.jpg
data/raw/pool/neg_coco_photos_01142.jpg,coco_photos,advertisement,0,0.7756,data/raw/pool/neg_coco_photos_01142.jpg
data/raw/pool/neg_coco_photos_01143.jpg,coco_photos,advertisement,0,0.8699,data/raw/pool/neg_coco_photos_01143.jpg
data/raw/pool/neg_coco_photos_01144.jpg,coco_photos,advertisement,0,0.8166,data/raw/pool/neg_coco_photos_01144.jpg
data/raw/pool/neg_coco_photos_01145.jpg,coco_photos,advertisement,0,0.8692,data/raw/pool/neg_coco_photos_01145.jpg
data/raw/pool/neg_coco_photos_01146.jpg,coco_photos,advertisement,0,0.8874,data/raw/pool/neg_coco_photos_01146.jpg
data/raw/pool/neg_coco_photos_01147.jpg,coco_photos,advertisement,0,0.8573,data/raw/pool/neg_coco_photos_01147.jpg
data/raw/pool/neg_coco_photos_01148.jpg,coco_photos,presentation,0,0.6593,data/raw/pool/neg_coco_photos_01148.jpg
data/raw/pool/neg_coco_photos_01149.jpg,coco_photos,advertisement,0,0.8466,data/raw/pool/neg_coco_photos_01149.jpg
data/raw/pool/neg_coco_photos_01150.jpg,coco_photos,advertisement,0,0.8498,data/raw/pool/neg_coco_photos_01150.jpg
data/raw/pool/neg_coco_photos_01151.jpg,coco_photos,advertisement,0,0.8658,data/raw/pool/neg_coco_photos_01151.jpg
data/raw/pool/neg_coco_photos_01152.jpg,coco_photos,advertisement,0,0.8953,data/raw/pool/neg_coco_photos_01152.jpg
data/raw/pool/neg_coco_photos_01153.jpg,coco_photos,advertisement,0,0.8138,data/raw/pool/neg_coco_photos_01153.jpg
data/raw/pool/neg_coco_photos_01154.jpg,coco_photos,advertisement,0,0.8682,data/raw/pool/neg_coco_photos_01154.jpg
data/raw/pool/neg_coco_photos_01155.jpg,coco_photos,advertisement,0,0.8383,data/raw/pool/neg_coco_photos_01155.jpg
data/raw/pool/neg_coco_photos_01156.jpg,coco_photos,advertisement,0,0.7764,data/raw/pool/neg_coco_photos_01156.jpg
data/raw/pool/neg_coco_photos_01157.jpg,coco_photos,advertisement,0,0.8580,data/raw/pool/neg_coco_photos_01157.jpg
data/raw/pool/neg_coco_photos_01158.jpg,coco_photos,advertisement,0,0.8760,data/raw/pool/neg_coco_photos_01158.jpg
data/raw/pool/neg_coco_photos_01159.jpg,coco_photos,advertisement,0,0.8903,data/raw/pool/neg_coco_photos_01159.jpg
data/raw/pool/neg_coco_photos_01160.jpg,coco_photos,advertisement,0,0.8852,data/raw/pool/neg_coco_photos_01160.jpg
data/raw/pool/neg_coco_photos_01161.jpg,coco_photos,advertisement,0,0.8900,data/raw/pool/neg_coco_photos_01161.jpg
data/raw/pool/neg_coco_photos_01162.jpg,coco_photos,advertisement,0,0.8832,data/raw/pool/neg_coco_photos_01162.jpg
data/raw/pool/neg_coco_photos_01163.jpg,coco_photos,advertisement,0,0.8873,data/raw/pool/neg_coco_photos_01163.jpg
data/raw/pool/neg_coco_photos_01164.jpg,coco_photos,advertisement,0,0.7972,data/raw/pool/neg_coco_photos_01164.jpg
data/raw/pool/neg_coco_photos_01165.jpg,coco_photos,advertisement,0,0.8761,data/raw/pool/neg_coco_photos_01165.jpg
data/raw/pool/neg_coco_photos_01166.jpg,coco_photos,advertisement,0,0.8070,data/raw/pool/neg_coco_photos_01166.jpg
data/raw/pool/neg_coco_photos_01167.jpg,coco_photos,advertisement,0,0.8550,data/raw/pool/neg_coco_photos_01167.jpg
data/raw/pool/neg_coco_photos_01168.jpg,coco_photos,advertisement,0,0.8855,data/raw/pool/neg_coco_photos_01168.jpg
data/raw/pool/neg_coco_photos_01169.jpg,coco_photos,advertisement,0,0.8066,data/raw/pool/neg_coco_photos_01169.jpg
data/raw/pool/neg_coco_photos_01170.jpg,coco_photos,advertisement,0,0.7475,data/raw/pool/neg_coco_photos_01170.jpg
data/raw/pool/neg_coco_photos_01171.jpg,coco_photos,advertisement,0,0.8587,data/raw/pool/neg_coco_photos_01171.jpg
data/raw/pool/neg_coco_photos_01172.jpg,coco_photos,advertisement,0,0.8725,data/raw/pool/neg_coco_photos_01172.jpg
data/raw/pool/neg_coco_photos_01173.jpg,coco_photos,advertisement,0,0.8339,data/raw/pool/neg_coco_photos_01173.jpg
data/raw/pool/neg_coco_photos_01174.jpg,coco_photos,advertisement,0,0.8484,data/raw/pool/neg_coco_photos_01174.jpg
data/raw/pool/neg_coco_photos_01175.jpg,coco_photos,advertisement,0,0.8564,data/raw/pool/neg_coco_photos_01175.jpg
data/raw/pool/neg_coco_photos_01176.jpg,coco_photos,advertisement,0,0.8454,data/raw/pool/neg_coco_photos_01176.jpg
data/raw/pool/neg_coco_photos_01177.jpg,coco_photos,advertisement,0,0.8925,data/raw/pool/neg_coco_photos_01177.jpg
data/raw/pool/neg_coco_photos_01178.jpg,coco_photos,advertisement,0,0.5844,data/raw/pool/neg_coco_photos_01178.jpg
data/raw/pool/neg_coco_photos_01179.jpg,coco_photos,advertisement,0,0.8340,data/raw/pool/neg_coco_photos_01179.jpg
data/raw/pool/neg_coco_photos_01180.jpg,coco_photos,advertisement,0,0.8815,data/raw/pool/neg_coco_photos_01180.jpg
data/raw/pool/neg_coco_photos_01181.jpg,coco_photos,advertisement,0,0.8377,data/raw/pool/neg_coco_photos_01181.jpg
data/raw/pool/neg_coco_photos_01182.jpg,coco_photos,advertisement,0,0.8947,data/raw/pool/neg_coco_photos_01182.jpg
data/raw/pool/neg_coco_photos_01183.jpg,coco_photos,advertisement,0,0.8859,data/raw/pool/neg_coco_photos_01183.jpg
data/raw/pool/neg_coco_photos_01184.jpg,coco_photos,advertisement,0,0.8935,data/raw/pool/neg_coco_photos_01184.jpg
data/raw/pool/neg_coco_photos_01185.jpg,coco_photos,advertisement,0,0.8914,data/raw/pool/neg_coco_photos_01185.jpg
data/raw/pool/neg_coco_photos_01186.jpg,coco_photos,advertisement,0,0.5737,data/raw/pool/neg_coco_photos_01186.jpg
data/raw/pool/neg_coco_photos_01187.jpg,coco_photos,advertisement,0,0.4409,data/raw/pool/neg_coco_photos_01187.jpg
data/raw/pool/neg_coco_photos_01188.jpg,coco_photos,advertisement,0,0.8686,data/raw/pool/neg_coco_photos_01188.jpg
data/raw/pool/neg_coco_photos_01189.jpg,coco_photos,advertisement,0,0.8763,data/raw/pool/neg_coco_photos_01189.jpg
data/raw/pool/neg_coco_photos_01190.jpg,coco_photos,advertisement,0,0.8506,data/raw/pool/neg_coco_photos_01190.jpg
data/raw/pool/neg_coco_photos_01191.jpg,coco_photos,advertisement,0,0.8924,data/raw/pool/neg_coco_photos_01191.jpg
data/raw/pool/neg_coco_photos_01192.jpg,coco_photos,advertisement,0,0.8672,data/raw/pool/neg_coco_photos_01192.jpg
data/raw/pool/neg_coco_photos_01193.jpg,coco_photos,advertisement,0,0.8633,data/raw/pool/neg_coco_photos_01193.jpg
data/raw/pool/neg_coco_photos_01194.jpg,coco_photos,advertisement,0,0.8529,data/raw/pool/neg_coco_photos_01194.jpg
data/raw/pool/neg_coco_photos_01195.jpg,coco_photos,advertisement,0,0.8498,data/raw/pool/neg_coco_photos_01195.jpg
data/raw/pool/neg_coco_photos_01196.jpg,coco_photos,advertisement,0,0.8945,data/raw/pool/neg_coco_photos_01196.jpg
data/raw/pool/neg_coco_photos_01197.jpg,coco_photos,advertisement,0,0.8664,data/raw/pool/neg_coco_photos_01197.jpg
data/raw/pool/neg_coco_photos_01198.jpg,coco_photos,advertisement,0,0.6848,data/raw/pool/neg_coco_photos_01198.jpg
data/raw/pool/neg_coco_photos_01199.jpg,coco_photos,advertisement,0,0.5991,data/raw/pool/neg_coco_photos_01199.jpg
data/raw/pool/syn_hard_pos_00000.jpg,synthetic_hard_pos,synthetic_composite,1,1.0000,data/raw/pool/pos_rvlcdip_invoice_00781.jpg
data/raw/pool/syn_hard_pos_00001.jpg,synthetic_hard_pos,synthetic_composite,1,1.0000,data/raw/pool/pos_rvlcdip_invoice_00430.jpg
data/raw/pool/syn_hard_pos_00002.jpg,synthetic_hard_pos,synthetic_composite,1,1.0000,data/raw/pool/pos_sroie_receipts_00039.jpg
data/raw/pool/syn_hard_pos_00003.jpg,synthetic_hard_pos,synthetic_composite,1,1.0000,data/raw/pool/pos_rvlcdip_invoice_00637.jpg
data/raw/pool/syn_hard_pos_00004.jpg,synthetic_hard_pos,synthetic_composite,1,1.0000,data/raw/pool/pos_rvlcdip_invoice_00181.jpg
data/raw/pool/syn_hard_pos_00005.jpg,synthetic_hard_pos,synthetic_composite,1,1.0000,data/raw/pool/pos_rvlcdip_invoice_01797.jpg
data/raw/pool/syn_hard_pos_00006.jpg,synthetic_hard_pos,synthetic_composite,1,1.0000,data/raw/pool/pos_sroie_receipts_00149.jpg
data/raw/pool/syn_hard_pos_00007.jpg,synthetic_hard_pos,synthetic_composite,1,1.0000,data/raw/pool/pos_rvlcdip_invoice_01335.jpg
data/raw/pool/syn_hard_pos_00008.jpg,synthetic_hard_pos,synthetic_composite,1,1.0000,data/raw/pool/pos_sroie_receipts_00550.jpg
data/raw/pool/syn_hard_pos_00009.jpg,synthetic_hard_pos,synthetic_composite,1,1.0000,data/raw/pool/pos_rvlcdip_invoice_00400.jpg
data/raw/pool/syn_hard_pos_00010.jpg,synthetic_hard_pos,synthetic_composite,1,1.0000,data/raw/pool/pos_rvlcdip_invoice_01094.jpg
data/raw/pool/syn_hard_pos_00011.jpg,synthetic_hard_pos,synthetic_composite,1,1.0000,data/raw/pool/pos_cord_receipts_00001.jpg
data/raw/pool/syn_hard_pos_00012.jpg,synthetic_hard_pos,synthetic_composite,1,1.0000,data/raw/pool/pos_rvlcdip_invoice_00951.jpg
data/raw/pool/syn_hard_pos_00013.jpg,synthetic_hard_pos,synthetic_composite,1,1.0000,data/raw/pool/pos_rvlcdip_invoice_01592.jpg
data/raw/pool/syn_hard_pos_00014.jpg,synthetic_hard_pos,synthetic_composite,1,1.0000,data/raw/pool/pos_rvlcdip_invoice_01644.jpg
data/raw/pool/syn_hard_pos_00015.jpg,synthetic_hard_pos,synthetic_composite,1,1.0000,data/raw/pool/pos_rvlcdip_invoice_00915.jpg
data/raw/pool/syn_hard_pos_00016.jpg,synthetic_hard_pos,synthetic_composite,1,1.0000,data/raw/pool/pos_rvlcdip_invoice_00241.jpg
data/raw/pool/syn_hard_pos_00017.jpg,synthetic_hard_pos,synthetic_composite,1,1.0000,data/raw/pool/pos_rvlcdip_invoice_00866.jpg
data/raw/pool/syn_hard_pos_00018.jpg,synthetic_hard_pos,synthetic_composite,1,1.0000,data/raw/pool/pos_sroie_receipts_00216.jpg
data/raw/pool/syn_hard_pos_00019.jpg,synthetic_hard_pos,synthetic_composite,1,1.0000,data/raw/pool/pos_rvlcdip_invoice_00816.jpg
data/raw/pool/syn_hard_pos_00020.jpg,synthetic_hard_pos,synthetic_composite,1,1.0000,data/raw/pool/pos_sroie_receipts_00216.jpg
data/raw/pool/syn_hard_pos_00021.jpg,synthetic_hard_pos,synthetic_composite,1,1.0000,data/raw/pool/pos_rvlcdip_invoice_00036.jpg
data/raw/pool/syn_hard_pos_00022.jpg,synthetic_hard_pos,synthetic_composite,1,1.0000,data/raw/pool/pos_rvlcdip_invoice_00307.jpg
data/raw/pool/syn_hard_pos_00023.jpg,synthetic_hard_pos,synthetic_composite,1,1.0000,data/raw/pool/pos_rvlcdip_invoice_01568.jpg
data/raw/pool/syn_hard_pos_00024.jpg,synthetic_hard_pos,synthetic_composite,1,1.0000,data/raw/pool/pos_rvlcdip_invoice_00051.jpg
data/raw/pool/syn_hard_pos_00025.jpg,synthetic_hard_pos,synthetic_composite,1,1.0000,data/raw/pool/pos_rvlcdip_invoice_01654.jpg
data/raw/pool/syn_hard_pos_00026.jpg,synthetic_hard_pos,synthetic_composite,1,1.0000,data/raw/pool/pos_rvlcdip_invoice_00585.jpg
data/raw/pool/syn_hard_pos_00027.jpg,synthetic_hard_pos,synthetic_composite,1,1.0000,data/raw/pool/pos_rvlcdip_invoice_00511.jpg
data/raw/pool/syn_hard_pos_00028.jpg,synthetic_hard_pos,synthetic_composite,1,1.0000,data/raw/pool/pos_rvlcdip_invoice_00023.jpg
data/raw/pool/syn_hard_pos_00029.jpg,synthetic_hard_pos,synthetic_composite,1,1.0000,data/raw/pool/pos_rvlcdip_invoice_00106.jpg
data/raw/pool/syn_hard_pos_00030.jpg,synthetic_hard_pos,synthetic_composite,1,1.0000,data/raw/pool/pos_rvlcdip_invoice_01575.jpg
data/raw/pool/syn_hard_pos_00031.jpg,synthetic_hard_pos,synthetic_composite,1,1.0000,data/raw/pool/pos_rvlcdip_invoice_01127.jpg
data/raw/pool/syn_hard_pos_00032.jpg,synthetic_hard_pos,synthetic_composite,1,1.0000,data/raw/pool/pos_sroie_receipts_00212.jpg
data/raw/pool/syn_hard_pos_00033.jpg,synthetic_hard_pos,synthetic_composite,1,1.0000,data/raw/pool/pos_rvlcdip_invoice_01176.jpg
data/raw/pool/syn_hard_pos_00034.jpg,synthetic_hard_pos,synthetic_composite,1,1.0000,data/raw/pool/pos_rvlcdip_invoice_00520.jpg
data/raw/pool/syn_hard_pos_00035.jpg,synthetic_hard_pos,synthetic_composite,1,1.0000,data/raw/pool/pos_rvlcdip_invoice_01547.jpg
data/raw/pool/syn_hard_pos_00036.jpg,synthetic_hard_pos,synthetic_composite,1,1.0000,data/raw/pool/pos_rvlcdip_invoice_01122.jpg
data/raw/pool/syn_hard_pos_00037.jpg,synthetic_hard_pos,synthetic_composite,1,1.0000,data/raw/pool/pos_rvlcdip_invoice_00493.jpg
data/raw/pool/syn_hard_pos_00038.jpg,synthetic_hard_pos,synthetic_composite,1,1.0000,data/raw/pool/pos_rvlcdip_invoice_00437.jpg
data/raw/pool/syn_hard_pos_00039.jpg,synthetic_hard_pos,synthetic_composite,1,1.0000,data/raw/pool/pos_rvlcdip_invoice_01417.jpg
data/raw/pool/syn_hard_pos_00040.jpg,synthetic_hard_pos,synthetic_composite,1,1.0000,data/raw/pool/pos_rvlcdip_invoice_00398.jpg
data/raw/pool/syn_hard_pos_00041.jpg,synthetic_hard_pos,synthetic_composite,1,1.0000,data/raw/pool/pos_rvlcdip_invoice_00008.jpg
data/raw/pool/syn_hard_pos_00042.jpg,synthetic_hard_pos,synthetic_composite,1,1.0000,data/raw/pool/pos_rvlcdip_invoice_00386.jpg
data/raw/pool/syn_hard_pos_00043.jpg,synthetic_hard_pos,synthetic_composite,1,1.0000,data/raw/pool/pos_rvlcdip_invoice_01674.jpg
data/raw/pool/syn_hard_pos_00044.jpg,synthetic_hard_pos,synthetic_composite,1,1.0000,data/raw/pool/pos_rvlcdip_invoice_00535.jpg
data/raw/pool/syn_hard_pos_00045.jpg,synthetic_hard_pos,synthetic_composite,1,1.0000,data/raw/pool/pos_rvlcdip_invoice_00698.jpg
data/raw/pool/syn_hard_pos_00046.jpg,synthetic_hard_pos,synthetic_composite,1,1.0000,data/raw/pool/pos_sroie_receipts_00313.jpg
data/raw/pool/syn_hard_pos_00047.jpg,synthetic_hard_pos,synthetic_composite,1,1.0000,data/raw/pool/pos_rvlcdip_invoice_00637.jpg
data/raw/pool/syn_hard_pos_00048.jpg,synthetic_hard_pos,synthetic_composite,1,1.0000,data/raw/pool/pos_sroie_receipts_00569.jpg
data/raw/pool/syn_hard_pos_00049.jpg,synthetic_hard_pos,synthetic_composite,1,1.0000,data/raw/pool/pos_rvlcdip_invoice_01002.jpg
data/raw/pool/syn_hard_pos_00050.jpg,synthetic_hard_pos,synthetic_composite,1,1.0000,data/raw/pool/pos_sroie_receipts_00442.jpg
data/raw/pool/syn_hard_pos_00051.jpg,synthetic_hard_pos,synthetic_composite,1,1.0000,data/raw/pool/pos_rvlcdip_invoice_00620.jpg
data/raw/pool/syn_hard_pos_00052.jpg,synthetic_hard_pos,synthetic_composite,1,1.0000,data/raw/pool/pos_rvlcdip_invoice_00623.jpg
data/raw/pool/syn_hard_pos_00053.jpg,synthetic_hard_pos,synthetic_composite,1,1.0000,data/raw/pool/pos_rvlcdip_invoice_00294.jpg
data/raw/pool/syn_hard_pos_00054.jpg,synthetic_hard_pos,synthetic_composite,1,1.0000,data/raw/pool/pos_rvlcdip_invoice_01309.jpg
data/raw/pool/syn_hard_pos_00055.jpg,synthetic_hard_pos,synthetic_composite,1,1.0000,data/raw/pool/pos_cord_receipts_00233.jpg
data/raw/pool/syn_hard_pos_00056.jpg,synthetic_hard_pos,synthetic_composite,1,1.0000,data/raw/pool/pos_rvlcdip_invoice_00328.jpg
data/raw/pool/syn_hard_pos_00057.jpg,synthetic_hard_pos,synthetic_composite,1,1.0000,data/raw/pool/pos_rvlcdip_invoice_01390.jpg
data/raw/pool/syn_hard_pos_00058.jpg,synthetic_hard_pos,synthetic_composite,1,1.0000,data/raw/pool/pos_sroie_receipts_00484.jpg
data/raw/pool/syn_hard_pos_00059.jpg,synthetic_hard_pos,synthetic_composite,1,1.0000,data/raw/pool/pos_rvlcdip_invoice_01644.jpg
data/raw/pool/syn_hard_pos_00060.jpg,synthetic_hard_pos,synthetic_composite,1,1.0000,data/raw/pool/pos_rvlcdip_invoice_00687.jpg
data/raw/pool/syn_hard_pos_00061.jpg,synthetic_hard_pos,synthetic_composite,1,1.0000,data/raw/pool/pos_rvlcdip_invoice_01186.jpg
data/raw/pool/syn_hard_pos_00062.jpg,synthetic_hard_pos,synthetic_composite,1,1.0000,data/raw/pool/pos_rvlcdip_invoice_00236.jpg
data/raw/pool/syn_hard_pos_00063.jpg,synthetic_hard_pos,synthetic_composite,1,1.0000,data/raw/pool/pos_rvlcdip_invoice_00037.jpg
data/raw/pool/syn_hard_pos_00064.jpg,synthetic_hard_pos,synthetic_composite,1,1.0000,data/raw/pool/pos_rvlcdip_invoice_00196.jpg
data/raw/pool/syn_hard_pos_00065.jpg,synthetic_hard_pos,synthetic_composite,1,1.0000,data/raw/pool/pos_rvlcdip_invoice_00993.jpg
data/raw/pool/syn_hard_pos_00066.jpg,synthetic_hard_pos,synthetic_composite,1,1.0000,data/raw/pool/pos_rvlcdip_invoice_01702.jpg
data/raw/pool/syn_hard_pos_00067.jpg,synthetic_hard_pos,synthetic_composite,1,1.0000,data/raw/pool/pos_rvlcdip_invoice_00460.jpg
data/raw/pool/syn_hard_pos_00068.jpg,synthetic_hard_pos,synthetic_composite,1,1.0000,data/raw/pool/pos_cord_receipts_00453.jpg
data/raw/pool/syn_hard_pos_00069.jpg,synthetic_hard_pos,synthetic_composite,1,1.0000,data/raw/pool/pos_sroie_receipts_00068.jpg
data/raw/pool/syn_hard_pos_00070.jpg,synthetic_hard_pos,synthetic_composite,1,1.0000,data/raw/pool/pos_rvlcdip_invoice_01227.jpg
data/raw/pool/syn_hard_pos_00071.jpg,synthetic_hard_pos,synthetic_composite,1,1.0000,data/raw/pool/pos_rvlcdip_invoice_00057.jpg
data/raw/pool/syn_hard_pos_00072.jpg,synthetic_hard_pos,synthetic_composite,1,1.0000,data/raw/pool/pos_rvlcdip_invoice_01447.jpg
data/raw/pool/syn_hard_pos_00073.jpg,synthetic_hard_pos,synthetic_composite,1,1.0000,data/raw/pool/pos_rvlcdip_invoice_00149.jpg
data/raw/pool/syn_hard_pos_00074.jpg,synthetic_hard_pos,synthetic_composite,1,1.0000,data/raw/pool/pos_sroie_receipts_00450.jpg
data/raw/pool/syn_hard_pos_00075.jpg,synthetic_hard_pos,synthetic_composite,1,1.0000,data/raw/pool/pos_rvlcdip_invoice_00257.jpg
data/raw/pool/syn_hard_pos_00076.jpg,synthetic_hard_pos,synthetic_composite,1,1.0000,data/raw/pool/pos_rvlcdip_invoice_00213.jpg
data/raw/pool/syn_hard_pos_00077.jpg,synthetic_hard_pos,synthetic_composite,1,1.0000,data/raw/pool/pos_rvlcdip_invoice_01302.jpg
data/raw/pool/syn_hard_pos_00078.jpg,synthetic_hard_pos,synthetic_composite,1,1.0000,data/raw/pool/pos_cord_receipts_00062.jpg
data/raw/pool/syn_hard_pos_00079.jpg,synthetic_hard_pos,synthetic_composite,1,1.0000,data/raw/pool/pos_rvlcdip_invoice_00276.jpg
data/raw/pool/syn_hard_pos_00080.jpg,synthetic_hard_pos,synthetic_composite,1,1.0000,data/raw/pool/pos_sroie_receipts_00174.jpg
data/raw/pool/syn_hard_pos_00081.jpg,synthetic_hard_pos,synthetic_composite,1,1.0000,data/raw/pool/pos_rvlcdip_invoice_00733.jpg
data/raw/pool/syn_hard_pos_00082.jpg,synthetic_hard_pos,synthetic_composite,1,1.0000,data/raw/pool/pos_rvlcdip_invoice_01064.jpg
data/raw/pool/syn_hard_pos_00083.jpg,synthetic_hard_pos,synthetic_composite,1,1.0000,data/raw/pool/pos_rvlcdip_invoice_01745.jpg
data/raw/pool/syn_hard_pos_00084.jpg,synthetic_hard_pos,synthetic_composite,1,1.0000,data/raw/pool/pos_rvlcdip_invoice_01542.jpg
data/raw/pool/syn_hard_pos_00085.jpg,synthetic_hard_pos,synthetic_composite,1,1.0000,data/raw/pool/pos_sroie_receipts_00372.jpg
data/raw/pool/syn_hard_pos_00086.jpg,synthetic_hard_pos,synthetic_composite,1,1.0000,data/raw/pool/pos_rvlcdip_invoice_01451.jpg
data/raw/pool/syn_hard_pos_00087.jpg,synthetic_hard_pos,synthetic_composite,1,1.0000,data/raw/pool/pos_rvlcdip_invoice_00096.jpg
data/raw/pool/syn_hard_pos_00088.jpg,synthetic_hard_pos,synthetic_composite,1,1.0000,data/raw/pool/pos_rvlcdip_invoice_00456.jpg
data/raw/pool/syn_hard_pos_00089.jpg,synthetic_hard_pos,synthetic_composite,1,1.0000,data/raw/pool/pos_rvlcdip_invoice_00782.jpg
data/raw/pool/syn_hard_pos_00090.jpg,synthetic_hard_pos,synthetic_composite,1,1.0000,data/raw/pool/pos_rvlcdip_invoice_00715.jpg
data/raw/pool/syn_hard_pos_00091.jpg,synthetic_hard_pos,synthetic_composite,1,1.0000,data/raw/pool/pos_rvlcdip_invoice_01347.jpg
data/raw/pool/syn_hard_pos_00092.jpg,synthetic_hard_pos,synthetic_composite,1,1.0000,data/raw/pool/pos_sroie_receipts_00192.jpg
data/raw/pool/syn_hard_pos_00093.jpg,synthetic_hard_pos,synthetic_composite,1,1.0000,data/raw/pool/pos_sroie_receipts_00381.jpg
data/raw/pool/syn_hard_pos_00094.jpg,synthetic_hard_pos,synthetic_composite,1,1.0000,data/raw/pool/pos_rvlcdip_invoice_00349.jpg
data/raw/pool/syn_hard_pos_00095.jpg,synthetic_hard_pos,synthetic_composite,1,1.0000,data/raw/pool/pos_rvlcdip_invoice_00576.jpg
data/raw/pool/syn_hard_pos_00096.jpg,synthetic_hard_pos,synthetic_composite,1,1.0000,data/raw/pool/pos_rvlcdip_invoice_00589.jpg
data/raw/pool/syn_hard_pos_00097.jpg,synthetic_hard_pos,synthetic_composite,1,1.0000,data/raw/pool/pos_rvlcdip_invoice_00036.jpg
data/raw/pool/syn_hard_pos_00098.jpg,synthetic_hard_pos,synthetic_composite,1,1.0000,data/raw/pool/pos_cord_receipts_00489.jpg
data/raw/pool/syn_hard_pos_00099.jpg,synthetic_hard_pos,synthetic_composite,1,1.0000,data/raw/pool/pos_rvlcdip_invoice_00734.jpg
data/raw/pool/syn_hard_pos_00100.jpg,synthetic_hard_pos,synthetic_composite,1,1.0000,data/raw/pool/pos_rvlcdip_invoice_01175.jpg
data/raw/pool/syn_hard_pos_00101.jpg,synthetic_hard_pos,synthetic_composite,1,1.0000,data/raw/pool/pos_cord_receipts_00471.jpg
data/raw/pool/syn_hard_pos_00102.jpg,synthetic_hard_pos,synthetic_composite,1,1.0000,data/raw/pool/pos_rvlcdip_invoice_00088.jpg
data/raw/pool/syn_hard_pos_00103.jpg,synthetic_hard_pos,synthetic_composite,1,1.0000,data/raw/pool/pos_rvlcdip_invoice_00891.jpg
data/raw/pool/syn_hard_pos_00104.jpg,synthetic_hard_pos,synthetic_composite,1,1.0000,data/raw/pool/pos_sroie_receipts_00017.jpg
data/raw/pool/syn_hard_pos_00105.jpg,synthetic_hard_pos,synthetic_composite,1,1.0000,data/raw/pool/pos_sroie_receipts_00195.jpg
data/raw/pool/syn_hard_pos_00106.jpg,synthetic_hard_pos,synthetic_composite,1,1.0000,data/raw/pool/pos_sroie_receipts_00218.jpg
data/raw/pool/syn_hard_pos_00107.jpg,synthetic_hard_pos,synthetic_composite,1,1.0000,data/raw/pool/pos_rvlcdip_invoice_00793.jpg
data/raw/pool/syn_hard_pos_00108.jpg,synthetic_hard_pos,synthetic_composite,1,1.0000,data/raw/pool/pos_rvlcdip_invoice_01678.jpg
data/raw/pool/syn_hard_pos_00109.jpg,synthetic_hard_neg,synthetic_composite,0,1.0000,data/raw/pool/neg_rvlcdip_other_00380.jpg
data/raw/pool/syn_hard_pos_00110.jpg,synthetic_hard_pos,synthetic_composite,1,1.0000,data/raw/pool/pos_rvlcdip_invoice_00868.jpg
data/raw/pool/syn_hard_pos_00111.jpg,synthetic_hard_pos,synthetic_composite,1,1.0000,data/raw/pool/pos_sroie_receipts_00090.jpg
data/raw/pool/syn_hard_pos_00112.jpg,synthetic_hard_pos,synthetic_composite,1,1.0000,data/raw/pool/pos_sroie_receipts_00072.jpg
data/raw/pool/syn_hard_pos_00113.jpg,synthetic_hard_pos,synthetic_composite,1,1.0000,data/raw/pool/pos_rvlcdip_invoice_00282.jpg
data/raw/pool/syn_hard_pos_00114.jpg,synthetic_hard_pos,synthetic_composite,1,1.0000,data/raw/pool/pos_rvlcdip_invoice_00876.jpg
data/raw/pool/syn_hard_pos_00115.jpg,synthetic_hard_pos,synthetic_composite,1,1.0000,data/raw/pool/pos_sroie_receipts_00287.jpg
data/raw/pool/syn_hard_pos_00116.jpg,synthetic_hard_pos,synthetic_composite,1,1.0000,data/raw/pool/pos_rvlcdip_invoice_01588.jpg
data/raw/pool/syn_hard_pos_00117.jpg,synthetic_hard_pos,synthetic_composite,1,1.0000,data/raw/pool/pos_rvlcdip_invoice_00792.jpg
data/raw/pool/syn_hard_pos_00118.jpg,synthetic_hard_pos,synthetic_composite,1,1.0000,data/raw/pool/pos_rvlcdip_invoice_00401.jpg
data/raw/pool/syn_hard_pos_00119.jpg,synthetic_hard_pos,synthetic_composite,1,1.0000,data/raw/pool/pos_rvlcdip_invoice_00419.jpg
data/raw/pool/syn_hard_pos_00120.jpg,synthetic_hard_pos,synthetic_composite,1,1.0000,data/raw/pool/pos_rvlcdip_invoice_00459.jpg
data/raw/pool/syn_hard_pos_00121.jpg,synthetic_hard_pos,synthetic_composite,1,1.0000,data/raw/pool/pos_rvlcdip_invoice_00507.jpg
data/raw/pool/syn_hard_pos_00122.jpg,synthetic_hard_pos,synthetic_composite,1,1.0000,data/raw/pool/pos_rvlcdip_invoice_00689.jpg
data/raw/pool/syn_hard_pos_00123.jpg,synthetic_hard_pos,synthetic_composite,1,1.0000,data/raw/pool/pos_rvlcdip_invoice_01122.jpg
data/raw/pool/syn_hard_pos_00124.jpg,synthetic_hard_pos,synthetic_composite,1,1.0000,data/raw/pool/pos_rvlcdip_invoice_00381.jpg
data/raw/pool/syn_hard_pos_00125.jpg,synthetic_hard_pos,synthetic_composite,1,1.0000,data/raw/pool/pos_sroie_receipts_00299.jpg
data/raw/pool/syn_hard_pos_00126.jpg,synthetic_hard_pos,synthetic_composite,1,1.0000,data/raw/pool/pos_rvlcdip_invoice_01055.jpg
data/raw/pool/syn_hard_pos_00127.jpg,synthetic_hard_pos,synthetic_composite,1,1.0000,data/raw/pool/pos_rvlcdip_invoice_01421.jpg
data/raw/pool/syn_hard_pos_00128.jpg,synthetic_hard_pos,synthetic_composite,1,1.0000,data/raw/pool/pos_rvlcdip_invoice_01338.jpg
data/raw/pool/syn_hard_pos_00129.jpg,synthetic_hard_pos,synthetic_composite,1,1.0000,data/raw/pool/pos_rvlcdip_invoice_00915.jpg
data/raw/pool/syn_hard_pos_00130.jpg,synthetic_hard_pos,synthetic_composite,1,1.0000,data/raw/pool/pos_rvlcdip_invoice_00233.jpg
data/raw/pool/syn_hard_pos_00131.jpg,synthetic_hard_pos,synthetic_composite,1,1.0000,data/raw/pool/pos_rvlcdip_invoice_01157.jpg
data/raw/pool/syn_hard_pos_00132.jpg,synthetic_hard_pos,synthetic_composite,1,1.0000,data/raw/pool/pos_rvlcdip_invoice_00388.jpg
data/raw/pool/syn_hard_pos_00133.jpg,synthetic_hard_pos,synthetic_composite,1,1.0000,data/raw/pool/pos_rvlcdip_invoice_01437.jpg
data/raw/pool/syn_hard_pos_00134.jpg,synthetic_hard_pos,synthetic_composite,1,1.0000,data/raw/pool/pos_rvlcdip_invoice_00651.jpg
data/raw/pool/syn_hard_pos_00135.jpg,synthetic_hard_pos,synthetic_composite,1,1.0000,data/raw/pool/pos_rvlcdip_invoice_00875.jpg
data/raw/pool/syn_hard_pos_00136.jpg,synthetic_hard_pos,synthetic_composite,1,1.0000,data/raw/pool/pos_sroie_receipts_00252.jpg
data/raw/pool/syn_hard_pos_00137.jpg,synthetic_hard_pos,synthetic_composite,1,1.0000,data/raw/pool/pos_rvlcdip_invoice_01486.jpg
data/raw/pool/syn_hard_pos_00138.jpg,synthetic_hard_pos,synthetic_composite,1,1.0000,data/raw/pool/pos_rvlcdip_invoice_01389.jpg
data/raw/pool/syn_hard_pos_00139.jpg,synthetic_hard_pos,synthetic_composite,1,1.0000,data/raw/pool/pos_rvlcdip_invoice_00808.jpg
data/raw/pool/syn_hard_pos_00140.jpg,synthetic_hard_pos,synthetic_composite,1,1.0000,data/raw/pool/pos_sroie_receipts_00489.jpg
data/raw/pool/syn_hard_pos_00141.jpg,synthetic_hard_pos,synthetic_composite,1,1.0000,data/raw/pool/pos_rvlcdip_invoice_00635.jpg
data/raw/pool/syn_hard_pos_00142.jpg,synthetic_hard_pos,synthetic_composite,1,1.0000,data/raw/pool/pos_rvlcdip_invoice_01550.jpg
data/raw/pool/syn_hard_pos_00143.jpg,synthetic_hard_pos,synthetic_composite,1,1.0000,data/raw/pool/pos_rvlcdip_invoice_00219.jpg
data/raw/pool/syn_hard_pos_00144.jpg,synthetic_hard_pos,synthetic_composite,1,1.0000,data/raw/pool/pos_sroie_receipts_00208.jpg
data/raw/pool/syn_hard_pos_00145.jpg,synthetic_hard_pos,synthetic_composite,1,1.0000,data/raw/pool/pos_cord_receipts_00145.jpg
data/raw/pool/syn_hard_pos_00146.jpg,synthetic_hard_pos,synthetic_composite,1,1.0000,data/raw/pool/pos_rvlcdip_invoice_00198.jpg
data/raw/pool/syn_hard_pos_00147.jpg,synthetic_hard_pos,synthetic_composite,1,1.0000,data/raw/pool/pos_rvlcdip_invoice_01294.jpg
data/raw/pool/syn_hard_pos_00148.jpg,synthetic_hard_pos,synthetic_composite,1,1.0000,data/raw/pool/pos_cord_receipts_00098.jpg
data/raw/pool/syn_hard_pos_00149.jpg,synthetic_hard_pos,synthetic_composite,1,1.0000,data/raw/pool/pos_rvlcdip_invoice_01357.jpg
data/raw/pool/syn_hard_pos_00150.jpg,synthetic_hard_pos,synthetic_composite,1,1.0000,data/raw/pool/pos_sroie_receipts_00026.jpg
data/raw/pool/syn_hard_pos_00151.jpg,synthetic_hard_pos,synthetic_composite,1,1.0000,data/raw/pool/pos_rvlcdip_invoice_00564.jpg
data/raw/pool/syn_hard_pos_00152.jpg,synthetic_hard_pos,synthetic_composite,1,1.0000,data/raw/pool/pos_rvlcdip_invoice_00815.jpg
data/raw/pool/syn_hard_pos_00153.jpg,synthetic_hard_pos,synthetic_composite,1,1.0000,data/raw/pool/pos_rvlcdip_invoice_00453.jpg
data/raw/pool/syn_hard_pos_00154.jpg,synthetic_hard_pos,synthetic_composite,1,1.0000,data/raw/pool/pos_rvlcdip_invoice_00771.jpg
data/raw/pool/syn_hard_pos_00155.jpg,synthetic_hard_pos,synthetic_composite,1,1.0000,data/raw/pool/pos_rvlcdip_invoice_00040.jpg
data/raw/pool/syn_hard_pos_00156.jpg,synthetic_hard_pos,synthetic_composite,1,1.0000,data/raw/pool/pos_cord_receipts_00098.jpg
data/raw/pool/syn_hard_pos_00157.jpg,synthetic_hard_pos,synthetic_composite,1,1.0000,data/raw/pool/pos_rvlcdip_invoice_00946.jpg
data/raw/pool/syn_hard_pos_00158.jpg,synthetic_hard_pos,synthetic_composite,1,1.0000,data/raw/pool/pos_rvlcdip_invoice_01494.jpg
data/raw/pool/syn_hard_pos_00159.jpg,synthetic_hard_pos,synthetic_composite,1,1.0000,data/raw/pool/pos_rvlcdip_invoice_01465.jpg
data/raw/pool/syn_hard_pos_00160.jpg,synthetic_hard_pos,synthetic_composite,1,1.0000,data/raw/pool/pos_sroie_receipts_00559.jpg
data/raw/pool/syn_hard_pos_00161.jpg,synthetic_hard_pos,synthetic_composite,1,1.0000,data/raw/pool/pos_rvlcdip_invoice_01091.jpg
data/raw/pool/syn_hard_pos_00162.jpg,synthetic_hard_pos,synthetic_composite,1,1.0000,data/raw/pool/pos_rvlcdip_invoice_00981.jpg
data/raw/pool/syn_hard_pos_00163.jpg,synthetic_hard_pos,synthetic_composite,1,1.0000,data/raw/pool/pos_sroie_receipts_00024.jpg
data/raw/pool/syn_hard_pos_00164.jpg,synthetic_hard_pos,synthetic_composite,1,1.0000,data/raw/pool/pos_rvlcdip_invoice_01454.jpg
data/raw/pool/syn_hard_pos_00165.jpg,synthetic_hard_pos,synthetic_composite,1,1.0000,data/raw/pool/pos_rvlcdip_invoice_00675.jpg
data/raw/pool/syn_hard_pos_00166.jpg,synthetic_hard_pos,synthetic_composite,1,1.0000,data/raw/pool/pos_cord_receipts_00134.jpg
data/raw/pool/syn_hard_pos_00167.jpg,synthetic_hard_pos,synthetic_composite,1,1.0000,data/raw/pool/pos_rvlcdip_invoice_00402.jpg
data/raw/pool/syn_hard_pos_00168.jpg,synthetic_hard_pos,synthetic_composite,1,1.0000,data/raw/pool/pos_rvlcdip_invoice_00179.jpg
data/raw/pool/syn_hard_pos_00169.jpg,synthetic_hard_pos,synthetic_composite,1,1.0000,data/raw/pool/pos_rvlcdip_invoice_00127.jpg
data/raw/pool/syn_hard_pos_00170.jpg,synthetic_hard_pos,synthetic_composite,1,1.0000,data/raw/pool/pos_rvlcdip_invoice_00952.jpg
data/raw/pool/syn_hard_pos_00171.jpg,synthetic_hard_pos,synthetic_composite,1,1.0000,data/raw/pool/pos_rvlcdip_invoice_00852.jpg
data/raw/pool/syn_hard_pos_00172.jpg,synthetic_hard_pos,synthetic_composite,1,1.0000,data/raw/pool/pos_rvlcdip_invoice_01503.jpg
data/raw/pool/syn_hard_pos_00173.jpg,synthetic_hard_pos,synthetic_composite,1,1.0000,data/raw/pool/pos_rvlcdip_invoice_00714.jpg
data/raw/pool/syn_hard_pos_00174.jpg,synthetic_hard_pos,synthetic_composite,1,1.0000,data/raw/pool/pos_rvlcdip_invoice_00828.jpg
data/raw/pool/syn_hard_pos_00175.jpg,synthetic_hard_pos,synthetic_composite,1,1.0000,data/raw/pool/pos_rvlcdip_invoice_01425.jpg
data/raw/pool/syn_hard_pos_00176.jpg,synthetic_hard_pos,synthetic_composite,1,1.0000,data/raw/pool/pos_rvlcdip_invoice_00964.jpg
data/raw/pool/syn_hard_pos_00177.jpg,synthetic_hard_pos,synthetic_composite,1,1.0000,data/raw/pool/pos_rvlcdip_invoice_01294.jpg
data/raw/pool/syn_hard_pos_00178.jpg,synthetic_hard_pos,synthetic_composite,1,1.0000,data/raw/pool/pos_rvlcdip_invoice_00360.jpg
data/raw/pool/syn_hard_pos_00179.jpg,synthetic_hard_pos,synthetic_composite,1,1.0000,data/raw/pool/pos_sroie_receipts_00331.jpg
data/raw/pool/syn_hard_pos_00180.jpg,synthetic_hard_pos,synthetic_composite,1,1.0000,data/raw/pool/pos_rvlcdip_invoice_01088.jpg
data/raw/pool/syn_hard_pos_00181.jpg,synthetic_hard_pos,synthetic_composite,1,1.0000,data/raw/pool/pos_rvlcdip_invoice_01632.jpg
data/raw/pool/syn_hard_pos_00182.jpg,synthetic_hard_pos,synthetic_composite,1,1.0000,data/raw/pool/pos_rvlcdip_invoice_00952.jpg
data/raw/pool/syn_hard_pos_00183.jpg,synthetic_hard_pos,synthetic_composite,1,1.0000,data/raw/pool/pos_cord_receipts_00479.jpg
data/raw/pool/syn_hard_pos_00184.jpg,synthetic_hard_pos,synthetic_composite,1,1.0000,data/raw/pool/pos_cord_receipts_00370.jpg
data/raw/pool/syn_hard_pos_00185.jpg,synthetic_hard_pos,synthetic_composite,1,1.0000,data/raw/pool/pos_rvlcdip_invoice_00628.jpg
data/raw/pool/syn_hard_pos_00186.jpg,synthetic_hard_pos,synthetic_composite,1,1.0000,data/raw/pool/pos_rvlcdip_invoice_01722.jpg
data/raw/pool/syn_hard_pos_00187.jpg,synthetic_hard_pos,synthetic_composite,1,1.0000,data/raw/pool/pos_rvlcdip_invoice_01087.jpg
data/raw/pool/syn_hard_pos_00188.jpg,synthetic_hard_pos,synthetic_composite,1,1.0000,data/raw/pool/pos_rvlcdip_invoice_01051.jpg
data/raw/pool/syn_hard_pos_00189.jpg,synthetic_hard_pos,synthetic_composite,1,1.0000,data/raw/pool/pos_sroie_receipts_00427.jpg
data/raw/pool/syn_hard_pos_00190.jpg,synthetic_hard_pos,synthetic_composite,1,1.0000,data/raw/pool/pos_sroie_receipts_00388.jpg
data/raw/pool/syn_hard_pos_00191.jpg,synthetic_hard_pos,synthetic_composite,1,1.0000,data/raw/pool/pos_rvlcdip_invoice_01250.jpg
data/raw/pool/syn_hard_pos_00192.jpg,synthetic_hard_pos,synthetic_composite,1,1.0000,data/raw/pool/pos_rvlcdip_invoice_00438.jpg
data/raw/pool/syn_hard_pos_00193.jpg,synthetic_hard_pos,synthetic_composite,1,1.0000,data/raw/pool/pos_rvlcdip_invoice_00895.jpg
data/raw/pool/syn_hard_pos_00194.jpg,synthetic_hard_pos,synthetic_composite,1,1.0000,data/raw/pool/pos_rvlcdip_invoice_00139.jpg
data/raw/pool/syn_hard_pos_00195.jpg,synthetic_hard_pos,synthetic_composite,1,1.0000,data/raw/pool/pos_rvlcdip_invoice_00188.jpg
data/raw/pool/syn_hard_pos_00196.jpg,synthetic_hard_pos,synthetic_composite,1,1.0000,data/raw/pool/pos_cord_receipts_00439.jpg
data/raw/pool/syn_hard_pos_00197.jpg,synthetic_hard_pos,synthetic_composite,1,1.0000,data/raw/pool/pos_rvlcdip_invoice_01092.jpg
data/raw/pool/syn_hard_pos_00198.jpg,synthetic_hard_neg,synthetic_composite,0,1.0000,data/raw/pool/neg_rvlcdip_other_00510.jpg
data/raw/pool/syn_hard_pos_00199.jpg,synthetic_hard_pos,synthetic_composite,1,1.0000,data/raw/pool/pos_rvlcdip_invoice_00138.jpg
data/raw/pool/syn_hard_pos_00200.jpg,synthetic_hard_pos,synthetic_composite,1,1.0000,data/raw/pool/pos_rvlcdip_invoice_00777.jpg
data/raw/pool/syn_hard_pos_00201.jpg,synthetic_hard_pos,synthetic_composite,1,1.0000,data/raw/pool/pos_cord_receipts_00224.jpg
data/raw/pool/syn_hard_pos_00202.jpg,synthetic_hard_pos,synthetic_composite,1,1.0000,data/raw/pool/pos_rvlcdip_invoice_00467.jpg
data/raw/pool/syn_hard_pos_00203.jpg,synthetic_hard_pos,synthetic_composite,1,1.0000,data/raw/pool/pos_cord_receipts_00249.jpg
data/raw/pool/syn_hard_pos_00204.jpg,synthetic_hard_pos,synthetic_composite,1,1.0000,data/raw/pool/pos_rvlcdip_invoice_01754.jpg
data/raw/pool/syn_hard_pos_00205.jpg,synthetic_hard_pos,synthetic_composite,1,1.0000,data/raw/pool/pos_rvlcdip_invoice_00091.jpg
data/raw/pool/syn_hard_pos_00206.jpg,synthetic_hard_pos,synthetic_composite,1,1.0000,data/raw/pool/pos_rvlcdip_invoice_00295.jpg
data/raw/pool/syn_hard_pos_00207.jpg,synthetic_hard_pos,synthetic_composite,1,1.0000,data/raw/pool/pos_rvlcdip_invoice_00516.jpg
data/raw/pool/syn_hard_pos_00208.jpg,synthetic_hard_pos,synthetic_composite,1,1.0000,data/raw/pool/pos_rvlcdip_invoice_00313.jpg
data/raw/pool/syn_hard_pos_00209.jpg,synthetic_hard_pos,synthetic_composite,1,1.0000,data/raw/pool/pos_rvlcdip_invoice_01038.jpg
data/raw/pool/syn_hard_pos_00210.jpg,synthetic_hard_pos,synthetic_composite,1,1.0000,data/raw/pool/pos_sroie_receipts_00091.jpg
data/raw/pool/syn_hard_pos_00211.jpg,synthetic_hard_pos,synthetic_composite,1,1.0000,data/raw/pool/pos_sroie_receipts_00237.jpg
data/raw/pool/syn_hard_pos_00212.jpg,synthetic_hard_pos,synthetic_composite,1,1.0000,data/raw/pool/pos_rvlcdip_invoice_01366.jpg
data/raw/pool/syn_hard_pos_00213.jpg,synthetic_hard_pos,synthetic_composite,1,1.0000,data/raw/pool/pos_rvlcdip_invoice_01230.jpg
data/raw/pool/syn_hard_pos_00214.jpg,synthetic_hard_pos,synthetic_composite,1,1.0000,data/raw/pool/pos_rvlcdip_invoice_00886.jpg
data/raw/pool/syn_hard_pos_00215.jpg,synthetic_hard_pos,synthetic_composite,1,1.0000,data/raw/pool/pos_rvlcdip_invoice_00446.jpg
data/raw/pool/syn_hard_pos_00216.jpg,synthetic_hard_pos,synthetic_composite,1,1.0000,data/raw/pool/pos_rvlcdip_invoice_01320.jpg
data/raw/pool/syn_hard_pos_00217.jpg,synthetic_hard_pos,synthetic_composite,1,1.0000,data/raw/pool/pos_sroie_receipts_00535.jpg
data/raw/pool/syn_hard_pos_00218.jpg,synthetic_hard_pos,synthetic_composite,1,1.0000,data/raw/pool/pos_rvlcdip_invoice_01151.jpg
data/raw/pool/syn_hard_pos_00219.jpg,synthetic_hard_pos,synthetic_composite,1,1.0000,data/raw/pool/pos_rvlcdip_invoice_01451.jpg
data/raw/pool/syn_hard_pos_00220.jpg,synthetic_hard_pos,synthetic_composite,1,1.0000,data/raw/pool/pos_rvlcdip_invoice_01359.jpg
data/raw/pool/syn_hard_pos_00221.jpg,synthetic_hard_pos,synthetic_composite,1,1.0000,data/raw/pool/pos_rvlcdip_invoice_01301.jpg
data/raw/pool/syn_hard_pos_00222.jpg,synthetic_hard_pos,synthetic_composite,1,1.0000,data/raw/pool/pos_rvlcdip_invoice_01794.jpg
data/raw/pool/syn_hard_pos_00223.jpg,synthetic_hard_pos,synthetic_composite,1,1.0000,data/raw/pool/pos_rvlcdip_invoice_00773.jpg
data/raw/pool/syn_hard_pos_00224.jpg,synthetic_hard_pos,synthetic_composite,1,1.0000,data/raw/pool/pos_rvlcdip_invoice_00476.jpg
data/raw/pool/syn_hard_pos_00225.jpg,synthetic_hard_pos,synthetic_composite,1,1.0000,data/raw/pool/pos_rvlcdip_invoice_00793.jpg
data/raw/pool/syn_hard_pos_00226.jpg,synthetic_hard_pos,synthetic_composite,1,1.0000,data/raw/pool/pos_rvlcdip_invoice_00084.jpg
data/raw/pool/syn_hard_pos_00227.jpg,synthetic_hard_pos,synthetic_composite,1,1.0000,data/raw/pool/pos_cord_receipts_00581.jpg
data/raw/pool/syn_hard_pos_00228.jpg,synthetic_hard_pos,synthetic_composite,1,1.0000,data/raw/pool/pos_rvlcdip_invoice_00163.jpg
data/raw/pool/syn_hard_pos_00229.jpg,synthetic_hard_pos,synthetic_composite,1,1.0000,data/raw/pool/pos_rvlcdip_invoice_00070.jpg
data/raw/pool/syn_hard_pos_00230.jpg,synthetic_hard_pos,synthetic_composite,1,1.0000,data/raw/pool/pos_sroie_receipts_00218.jpg
data/raw/pool/syn_hard_pos_00231.jpg,synthetic_hard_pos,synthetic_composite,1,1.0000,data/raw/pool/pos_rvlcdip_invoice_00477.jpg
data/raw/pool/syn_hard_pos_00232.jpg,synthetic_hard_pos,synthetic_composite,1,1.0000,data/raw/pool/pos_rvlcdip_invoice_01579.jpg
data/raw/pool/syn_hard_pos_00233.jpg,synthetic_hard_pos,synthetic_composite,1,1.0000,data/raw/pool/pos_rvlcdip_invoice_00226.jpg
data/raw/pool/syn_hard_pos_00234.jpg,synthetic_hard_pos,synthetic_composite,1,1.0000,data/raw/pool/pos_rvlcdip_invoice_01353.jpg
data/raw/pool/syn_hard_pos_00235.jpg,synthetic_hard_pos,synthetic_composite,1,1.0000,data/raw/pool/pos_rvlcdip_invoice_00268.jpg
data/raw/pool/syn_hard_pos_00236.jpg,synthetic_hard_pos,synthetic_composite,1,1.0000,data/raw/pool/pos_cord_receipts_00121.jpg
data/raw/pool/syn_hard_pos_00237.jpg,synthetic_hard_pos,synthetic_composite,1,1.0000,data/raw/pool/pos_cord_receipts_00453.jpg
data/raw/pool/syn_hard_pos_00238.jpg,synthetic_hard_pos,synthetic_composite,1,1.0000,data/raw/pool/pos_rvlcdip_invoice_01267.jpg
data/raw/pool/syn_hard_pos_00239.jpg,synthetic_hard_pos,synthetic_composite,1,1.0000,data/raw/pool/pos_rvlcdip_invoice_01469.jpg
data/raw/pool/syn_hard_pos_00240.jpg,synthetic_hard_pos,synthetic_composite,1,1.0000,data/raw/pool/pos_rvlcdip_invoice_01071.jpg
data/raw/pool/syn_hard_pos_00241.jpg,synthetic_hard_pos,synthetic_composite,1,1.0000,data/raw/pool/pos_rvlcdip_invoice_01595.jpg
data/raw/pool/syn_hard_pos_00242.jpg,synthetic_hard_pos,synthetic_composite,1,1.0000,data/raw/pool/pos_rvlcdip_invoice_01391.jpg
data/raw/pool/syn_hard_pos_00243.jpg,synthetic_hard_pos,synthetic_composite,1,1.0000,data/raw/pool/pos_rvlcdip_invoice_00026.jpg
data/raw/pool/syn_hard_pos_00244.jpg,synthetic_hard_pos,synthetic_composite,1,1.0000,data/raw/pool/pos_sroie_receipts_00309.jpg
data/raw/pool/syn_hard_pos_00245.jpg,synthetic_hard_pos,synthetic_composite,1,1.0000,data/raw/pool/pos_rvlcdip_invoice_01539.jpg
data/raw/pool/syn_hard_pos_00246.jpg,synthetic_hard_pos,synthetic_composite,1,1.0000,data/raw/pool/pos_rvlcdip_invoice_00131.jpg
data/raw/pool/syn_hard_pos_00247.jpg,synthetic_hard_pos,synthetic_composite,1,1.0000,data/raw/pool/pos_rvlcdip_invoice_00850.jpg
data/raw/pool/syn_hard_pos_00248.jpg,synthetic_hard_pos,synthetic_composite,1,1.0000,data/raw/pool/pos_cord_receipts_00254.jpg
data/raw/pool/syn_hard_pos_00249.jpg,synthetic_hard_pos,synthetic_composite,1,1.0000,data/raw/pool/pos_rvlcdip_invoice_00853.jpg
data/raw/pool/syn_hard_pos_00250.jpg,synthetic_hard_pos,synthetic_composite,1,1.0000,data/raw/pool/pos_cord_receipts_00295.jpg
data/raw/pool/syn_hard_pos_00251.jpg,synthetic_hard_pos,synthetic_composite,1,1.0000,data/raw/pool/pos_rvlcdip_invoice_00838.jpg
data/raw/pool/syn_hard_pos_00252.jpg,synthetic_hard_pos,synthetic_composite,1,1.0000,data/raw/pool/pos_rvlcdip_invoice_01498.jpg
data/raw/pool/syn_hard_pos_00253.jpg,synthetic_hard_pos,synthetic_composite,1,1.0000,data/raw/pool/pos_rvlcdip_invoice_01796.jpg
data/raw/pool/syn_hard_pos_00254.jpg,synthetic_hard_pos,synthetic_composite,1,1.0000,data/raw/pool/pos_rvlcdip_invoice_00865.jpg
data/raw/pool/syn_hard_pos_00255.jpg,synthetic_hard_pos,synthetic_composite,1,1.0000,data/raw/pool/pos_rvlcdip_invoice_01322.jpg
data/raw/pool/syn_hard_pos_00256.jpg,synthetic_hard_pos,synthetic_composite,1,1.0000,data/raw/pool/pos_rvlcdip_invoice_01760.jpg
data/raw/pool/syn_hard_pos_00257.jpg,synthetic_hard_pos,synthetic_composite,1,1.0000,data/raw/pool/pos_rvlcdip_invoice_00103.jpg
data/raw/pool/syn_hard_pos_00258.jpg,synthetic_hard_pos,synthetic_composite,1,1.0000,data/raw/pool/pos_rvlcdip_invoice_00865.jpg
data/raw/pool/syn_hard_pos_00259.jpg,synthetic_hard_pos,synthetic_composite,1,1.0000,data/raw/pool/pos_cord_receipts_00164.jpg
data/raw/pool/syn_hard_pos_00260.jpg,synthetic_hard_pos,synthetic_composite,1,1.0000,data/raw/pool/pos_rvlcdip_invoice_00591.jpg
data/raw/pool/syn_hard_pos_00261.jpg,synthetic_hard_pos,synthetic_composite,1,1.0000,data/raw/pool/pos_rvlcdip_invoice_01321.jpg
data/raw/pool/syn_hard_pos_00262.jpg,synthetic_hard_pos,synthetic_composite,1,1.0000,data/raw/pool/pos_rvlcdip_invoice_01264.jpg
data/raw/pool/syn_hard_pos_00263.jpg,synthetic_hard_pos,synthetic_composite,1,1.0000,data/raw/pool/pos_rvlcdip_invoice_00060.jpg
data/raw/pool/syn_hard_pos_00264.jpg,synthetic_hard_pos,synthetic_composite,1,1.0000,data/raw/pool/pos_rvlcdip_invoice_01088.jpg
data/raw/pool/syn_hard_pos_00265.jpg,synthetic_hard_pos,synthetic_composite,1,1.0000,data/raw/pool/pos_cord_receipts_00383.jpg
data/raw/pool/syn_hard_pos_00266.jpg,synthetic_hard_pos,synthetic_composite,1,1.0000,data/raw/pool/pos_rvlcdip_invoice_01719.jpg
data/raw/pool/syn_hard_pos_00267.jpg,synthetic_hard_pos,synthetic_composite,1,1.0000,data/raw/pool/pos_rvlcdip_invoice_00531.jpg
data/raw/pool/syn_hard_pos_00268.jpg,synthetic_hard_pos,synthetic_composite,1,1.0000,data/raw/pool/pos_rvlcdip_invoice_01099.jpg
data/raw/pool/syn_hard_pos_00269.jpg,synthetic_hard_pos,synthetic_composite,1,1.0000,data/raw/pool/pos_rvlcdip_invoice_01144.jpg
data/raw/pool/syn_hard_pos_00270.jpg,synthetic_hard_pos,synthetic_composite,1,1.0000,data/raw/pool/pos_rvlcdip_invoice_01278.jpg
data/raw/pool/syn_hard_pos_00271.jpg,synthetic_hard_pos,synthetic_composite,1,1.0000,data/raw/pool/pos_rvlcdip_invoice_01566.jpg
data/raw/pool/syn_hard_pos_00272.jpg,synthetic_hard_pos,synthetic_composite,1,1.0000,data/raw/pool/pos_rvlcdip_invoice_00358.jpg
data/raw/pool/syn_hard_pos_00273.jpg,synthetic_hard_pos,synthetic_composite,1,1.0000,data/raw/pool/pos_rvlcdip_invoice_00959.jpg
data/raw/pool/syn_hard_pos_00274.jpg,synthetic_hard_pos,synthetic_composite,1,1.0000,data/raw/pool/pos_rvlcdip_invoice_00477.jpg
data/raw/pool/syn_hard_pos_00275.jpg,synthetic_hard_pos,synthetic_composite,1,1.0000,data/raw/pool/pos_rvlcdip_invoice_01432.jpg
data/raw/pool/syn_hard_pos_00276.jpg,synthetic_hard_pos,synthetic_composite,1,1.0000,data/raw/pool/pos_rvlcdip_invoice_00265.jpg
data/raw/pool/syn_hard_pos_00277.jpg,synthetic_hard_pos,synthetic_composite,1,1.0000,data/raw/pool/pos_rvlcdip_invoice_00574.jpg
data/raw/pool/syn_hard_pos_00278.jpg,synthetic_hard_pos,synthetic_composite,1,1.0000,data/raw/pool/pos_rvlcdip_invoice_01135.jpg
data/raw/pool/syn_hard_pos_00279.jpg,synthetic_hard_pos,synthetic_composite,1,1.0000,data/raw/pool/pos_sroie_receipts_00108.jpg
data/raw/pool/syn_hard_pos_00280.jpg,synthetic_hard_pos,synthetic_composite,1,1.0000,data/raw/pool/pos_rvlcdip_invoice_01412.jpg
data/raw/pool/syn_hard_pos_00281.jpg,synthetic_hard_pos,synthetic_composite,1,1.0000,data/raw/pool/pos_rvlcdip_invoice_00656.jpg
data/raw/pool/syn_hard_pos_00282.jpg,synthetic_hard_pos,synthetic_composite,1,1.0000,data/raw/pool/pos_rvlcdip_invoice_01797.jpg
data/raw/pool/syn_hard_pos_00283.jpg,synthetic_hard_pos,synthetic_composite,1,1.0000,data/raw/pool/pos_rvlcdip_invoice_01689.jpg
data/raw/pool/syn_hard_pos_00284.jpg,synthetic_hard_pos,synthetic_composite,1,1.0000,data/raw/pool/pos_rvlcdip_invoice_00675.jpg
data/raw/pool/syn_hard_pos_00285.jpg,synthetic_hard_pos,synthetic_composite,1,1.0000,data/raw/pool/pos_rvlcdip_invoice_00292.jpg
data/raw/pool/syn_hard_pos_00286.jpg,synthetic_hard_pos,synthetic_composite,1,1.0000,data/raw/pool/pos_rvlcdip_invoice_00645.jpg
data/raw/pool/syn_hard_pos_00287.jpg,synthetic_hard_pos,synthetic_composite,1,1.0000,data/raw/pool/pos_rvlcdip_invoice_01288.jpg
data/raw/pool/syn_hard_pos_00288.jpg,synthetic_hard_pos,synthetic_composite,1,1.0000,data/raw/pool/pos_rvlcdip_invoice_00112.jpg
data/raw/pool/syn_hard_pos_00289.jpg,synthetic_hard_pos,synthetic_composite,1,1.0000,data/raw/pool/pos_cord_receipts_00516.jpg
data/raw/pool/syn_hard_pos_00290.jpg,synthetic_hard_pos,synthetic_composite,1,1.0000,data/raw/pool/pos_rvlcdip_invoice_00760.jpg
data/raw/pool/syn_hard_pos_00291.jpg,synthetic_hard_pos,synthetic_composite,1,1.0000,data/raw/pool/pos_rvlcdip_invoice_00060.jpg
data/raw/pool/syn_hard_pos_00292.jpg,synthetic_hard_pos,synthetic_composite,1,1.0000,data/raw/pool/pos_rvlcdip_invoice_00358.jpg
data/raw/pool/syn_hard_pos_00293.jpg,synthetic_hard_pos,synthetic_composite,1,1.0000,data/raw/pool/pos_sroie_receipts_00269.jpg
data/raw/pool/syn_hard_pos_00294.jpg,synthetic_hard_pos,synthetic_composite,1,1.0000,data/raw/pool/pos_rvlcdip_invoice_00680.jpg
data/raw/pool/syn_hard_pos_00295.jpg,synthetic_hard_pos,synthetic_composite,1,1.0000,data/raw/pool/pos_cord_receipts_00352.jpg
data/raw/pool/syn_hard_pos_00296.jpg,synthetic_hard_pos,synthetic_composite,1,1.0000,data/raw/pool/pos_sroie_receipts_00354.jpg
data/raw/pool/syn_hard_pos_00297.jpg,synthetic_hard_pos,synthetic_composite,1,1.0000,data/raw/pool/pos_rvlcdip_invoice_01531.jpg
data/raw/pool/syn_hard_pos_00298.jpg,synthetic_hard_pos,synthetic_composite,1,1.0000,data/raw/pool/pos_rvlcdip_invoice_00306.jpg
data/raw/pool/syn_hard_pos_00299.jpg,synthetic_hard_pos,synthetic_composite,1,1.0000,data/raw/pool/pos_rvlcdip_invoice_00442.jpg
data/raw/pool/syn_hard_pos_00300.jpg,synthetic_hard_pos,synthetic_composite,1,1.0000,data/raw/pool/pos_rvlcdip_invoice_00189.jpg
data/raw/pool/syn_hard_pos_00301.jpg,synthetic_hard_pos,synthetic_composite,1,1.0000,data/raw/pool/pos_rvlcdip_invoice_00277.jpg
data/raw/pool/syn_hard_pos_00302.jpg,synthetic_hard_pos,synthetic_composite,1,1.0000,data/raw/pool/pos_rvlcdip_invoice_01437.jpg
data/raw/pool/syn_hard_pos_00303.jpg,synthetic_hard_pos,synthetic_composite,1,1.0000,data/raw/pool/pos_rvlcdip_invoice_00104.jpg
data/raw/pool/syn_hard_pos_00304.jpg,synthetic_hard_pos,synthetic_composite,1,1.0000,data/raw/pool/pos_rvlcdip_invoice_01382.jpg
data/raw/pool/syn_hard_pos_00305.jpg,synthetic_hard_pos,synthetic_composite,1,1.0000,data/raw/pool/pos_rvlcdip_invoice_01786.jpg
data/raw/pool/syn_hard_pos_00306.jpg,synthetic_hard_pos,synthetic_composite,1,1.0000,data/raw/pool/pos_rvlcdip_invoice_00859.jpg
data/raw/pool/syn_hard_pos_00307.jpg,synthetic_hard_pos,synthetic_composite,1,1.0000,data/raw/pool/pos_rvlcdip_invoice_00846.jpg
data/raw/pool/syn_hard_pos_00308.jpg,synthetic_hard_pos,synthetic_composite,1,1.0000,data/raw/pool/pos_rvlcdip_invoice_00828.jpg
data/raw/pool/syn_hard_pos_00309.jpg,synthetic_hard_pos,synthetic_composite,1,1.0000,data/raw/pool/pos_rvlcdip_invoice_01000.jpg
data/raw/pool/syn_hard_pos_00310.jpg,synthetic_hard_pos,synthetic_composite,1,1.0000,data/raw/pool/pos_sroie_receipts_00335.jpg
data/raw/pool/syn_hard_pos_00311.jpg,synthetic_hard_pos,synthetic_composite,1,1.0000,data/raw/pool/pos_rvlcdip_invoice_01581.jpg
data/raw/pool/syn_hard_pos_00312.jpg,synthetic_hard_pos,synthetic_composite,1,1.0000,data/raw/pool/pos_cord_receipts_00198.jpg
data/raw/pool/syn_hard_pos_00313.jpg,synthetic_hard_pos,synthetic_composite,1,1.0000,data/raw/pool/pos_rvlcdip_invoice_00561.jpg
data/raw/pool/syn_hard_pos_00314.jpg,synthetic_hard_pos,synthetic_composite,1,1.0000,data/raw/pool/pos_rvlcdip_invoice_00600.jpg
data/raw/pool/syn_hard_pos_00315.jpg,synthetic_hard_pos,synthetic_composite,1,1.0000,data/raw/pool/pos_sroie_receipts_00214.jpg
data/raw/pool/syn_hard_pos_00316.jpg,synthetic_hard_pos,synthetic_composite,1,1.0000,data/raw/pool/pos_rvlcdip_invoice_00671.jpg
data/raw/pool/syn_hard_pos_00317.jpg,synthetic_hard_pos,synthetic_composite,1,1.0000,data/raw/pool/pos_rvlcdip_invoice_01417.jpg
data/raw/pool/syn_hard_pos_00318.jpg,synthetic_hard_pos,synthetic_composite,1,1.0000,data/raw/pool/pos_cord_receipts_00456.jpg
data/raw/pool/syn_hard_pos_00319.jpg,synthetic_hard_pos,synthetic_composite,1,1.0000,data/raw/pool/pos_rvlcdip_invoice_01151.jpg
data/raw/pool/syn_hard_pos_00320.jpg,synthetic_hard_pos,synthetic_composite,1,1.0000,data/raw/pool/pos_sroie_receipts_00450.jpg
data/raw/pool/syn_hard_pos_00321.jpg,synthetic_hard_pos,synthetic_composite,1,1.0000,data/raw/pool/pos_sroie_receipts_00429.jpg
data/raw/pool/syn_hard_pos_00322.jpg,synthetic_hard_pos,synthetic_composite,1,1.0000,data/raw/pool/pos_rvlcdip_invoice_01157.jpg
data/raw/pool/syn_hard_pos_00323.jpg,synthetic_hard_pos,synthetic_composite,1,1.0000,data/raw/pool/pos_rvlcdip_invoice_01022.jpg
data/raw/pool/syn_hard_pos_00324.jpg,synthetic_hard_pos,synthetic_composite,1,1.0000,data/raw/pool/pos_rvlcdip_invoice_01562.jpg
data/raw/pool/syn_hard_pos_00325.jpg,synthetic_hard_pos,synthetic_composite,1,1.0000,data/raw/pool/pos_sroie_receipts_00179.jpg
data/raw/pool/syn_hard_pos_00326.jpg,synthetic_hard_pos,synthetic_composite,1,1.0000,data/raw/pool/pos_rvlcdip_invoice_01455.jpg
data/raw/pool/syn_hard_pos_00327.jpg,synthetic_hard_pos,synthetic_composite,1,1.0000,data/raw/pool/pos_rvlcdip_invoice_00545.jpg
data/raw/pool/syn_hard_pos_00328.jpg,synthetic_hard_pos,synthetic_composite,1,1.0000,data/raw/pool/pos_sroie_receipts_00574.jpg
data/raw/pool/syn_hard_pos_00329.jpg,synthetic_hard_pos,synthetic_composite,1,1.0000,data/raw/pool/pos_rvlcdip_invoice_00267.jpg
data/raw/pool/syn_hard_pos_00330.jpg,synthetic_hard_pos,synthetic_composite,1,1.0000,data/raw/pool/pos_sroie_receipts_00044.jpg
data/raw/pool/syn_hard_pos_00331.jpg,synthetic_hard_pos,synthetic_composite,1,1.0000,data/raw/pool/pos_rvlcdip_invoice_00914.jpg
data/raw/pool/syn_hard_pos_00332.jpg,synthetic_hard_pos,synthetic_composite,1,1.0000,data/raw/pool/pos_rvlcdip_invoice_01423.jpg
data/raw/pool/syn_hard_pos_00333.jpg,synthetic_hard_pos,synthetic_composite,1,1.0000,data/raw/pool/pos_sroie_receipts_00389.jpg
data/raw/pool/syn_hard_pos_00334.jpg,synthetic_hard_pos,synthetic_composite,1,1.0000,data/raw/pool/pos_sroie_receipts_00221.jpg
data/raw/pool/syn_hard_pos_00335.jpg,synthetic_hard_pos,synthetic_composite,1,1.0000,data/raw/pool/pos_rvlcdip_invoice_01362.jpg
data/raw/pool/syn_hard_pos_00336.jpg,synthetic_hard_pos,synthetic_composite,1,1.0000,data/raw/pool/pos_rvlcdip_invoice_01029.jpg
data/raw/pool/syn_hard_pos_00337.jpg,synthetic_hard_pos,synthetic_composite,1,1.0000,data/raw/pool/pos_rvlcdip_invoice_00018.jpg
data/raw/pool/syn_hard_pos_00338.jpg,synthetic_hard_pos,synthetic_composite,1,1.0000,data/raw/pool/pos_rvlcdip_invoice_00381.jpg
data/raw/pool/syn_hard_pos_00339.jpg,synthetic_hard_pos,synthetic_composite,1,1.0000,data/raw/pool/pos_rvlcdip_invoice_00261.jpg
data/raw/pool/syn_hard_pos_00340.jpg,synthetic_hard_pos,synthetic_composite,1,1.0000,data/raw/pool/pos_cord_receipts_00457.jpg
data/raw/pool/syn_hard_pos_00341.jpg,synthetic_hard_pos,synthetic_composite,1,1.0000,data/raw/pool/pos_cord_receipts_00022.jpg
data/raw/pool/syn_hard_pos_00342.jpg,synthetic_hard_pos,synthetic_composite,1,1.0000,data/raw/pool/pos_rvlcdip_invoice_01683.jpg
data/raw/pool/syn_hard_pos_00343.jpg,synthetic_hard_pos,synthetic_composite,1,1.0000,data/raw/pool/pos_rvlcdip_invoice_01779.jpg
data/raw/pool/syn_hard_pos_00344.jpg,synthetic_hard_pos,synthetic_composite,1,1.0000,data/raw/pool/pos_rvlcdip_invoice_00291.jpg
data/raw/pool/syn_hard_pos_00345.jpg,synthetic_hard_pos,synthetic_composite,1,1.0000,data/raw/pool/pos_rvlcdip_invoice_00719.jpg
data/raw/pool/syn_hard_pos_00346.jpg,synthetic_hard_pos,synthetic_composite,1,1.0000,data/raw/pool/pos_rvlcdip_invoice_00306.jpg
data/raw/pool/syn_hard_pos_00347.jpg,synthetic_hard_pos,synthetic_composite,1,1.0000,data/raw/pool/pos_rvlcdip_invoice_01230.jpg
data/raw/pool/syn_hard_pos_00348.jpg,synthetic_hard_pos,synthetic_composite,1,1.0000,data/raw/pool/pos_rvlcdip_invoice_01154.jpg
data/raw/pool/syn_hard_pos_00349.jpg,synthetic_hard_pos,synthetic_composite,1,1.0000,data/raw/pool/pos_rvlcdip_invoice_01206.jpg
data/raw/pool/syn_hard_pos_00350.jpg,synthetic_hard_pos,synthetic_composite,1,1.0000,data/raw/pool/pos_sroie_receipts_00244.jpg
data/raw/pool/syn_hard_pos_00351.jpg,synthetic_hard_pos,synthetic_composite,1,1.0000,data/raw/pool/pos_rvlcdip_invoice_00163.jpg
data/raw/pool/syn_hard_pos_00352.jpg,synthetic_hard_pos,synthetic_composite,1,1.0000,data/raw/pool/pos_rvlcdip_invoice_00019.jpg
data/raw/pool/syn_hard_pos_00353.jpg,synthetic_hard_pos,synthetic_composite,1,1.0000,data/raw/pool/pos_sroie_receipts_00398.jpg
data/raw/pool/syn_hard_pos_00354.jpg,synthetic_hard_pos,synthetic_composite,1,1.0000,data/raw/pool/pos_rvlcdip_invoice_00491.jpg
data/raw/pool/syn_hard_pos_00355.jpg,synthetic_hard_pos,synthetic_composite,1,1.0000,data/raw/pool/pos_rvlcdip_invoice_01357.jpg
data/raw/pool/syn_hard_pos_00356.jpg,synthetic_hard_pos,synthetic_composite,1,1.0000,data/raw/pool/pos_sroie_receipts_00147.jpg
data/raw/pool/syn_hard_pos_00357.jpg,synthetic_hard_pos,synthetic_composite,1,1.0000,data/raw/pool/pos_rvlcdip_invoice_00358.jpg
data/raw/pool/syn_hard_pos_00358.jpg,synthetic_hard_pos,synthetic_composite,1,1.0000,data/raw/pool/pos_sroie_receipts_00390.jpg
data/raw/pool/syn_hard_pos_00359.jpg,synthetic_hard_pos,synthetic_composite,1,1.0000,data/raw/pool/pos_rvlcdip_invoice_00524.jpg
data/raw/pool/syn_hard_pos_00360.jpg,synthetic_hard_pos,synthetic_composite,1,1.0000,data/raw/pool/pos_rvlcdip_invoice_00390.jpg
data/raw/pool/syn_hard_pos_00361.jpg,synthetic_hard_pos,synthetic_composite,1,1.0000,data/raw/pool/pos_cord_receipts_00595.jpg
data/raw/pool/syn_hard_pos_00362.jpg,synthetic_hard_pos,synthetic_composite,1,1.0000,data/raw/pool/pos_sroie_receipts_00092.jpg
data/raw/pool/syn_hard_pos_00363.jpg,synthetic_hard_pos,synthetic_composite,1,1.0000,data/raw/pool/pos_rvlcdip_invoice_00008.jpg
data/raw/pool/syn_hard_pos_00364.jpg,synthetic_hard_pos,synthetic_composite,1,1.0000,data/raw/pool/pos_rvlcdip_invoice_00185.jpg
data/raw/pool/syn_hard_pos_00365.jpg,synthetic_hard_pos,synthetic_composite,1,1.0000,data/raw/pool/pos_rvlcdip_invoice_00258.jpg
data/raw/pool/syn_hard_pos_00366.jpg,synthetic_hard_pos,synthetic_composite,1,1.0000,data/raw/pool/pos_rvlcdip_invoice_00399.jpg
data/raw/pool/syn_hard_pos_00367.jpg,synthetic_hard_pos,synthetic_composite,1,1.0000,data/raw/pool/pos_rvlcdip_invoice_00330.jpg
data/raw/pool/syn_hard_pos_00368.jpg,synthetic_hard_pos,synthetic_composite,1,1.0000,data/raw/pool/pos_rvlcdip_invoice_00072.jpg
data/raw/pool/syn_hard_pos_00369.jpg,synthetic_hard_pos,synthetic_composite,1,1.0000,data/raw/pool/pos_rvlcdip_invoice_01617.jpg
data/raw/pool/syn_hard_pos_00370.jpg,synthetic_hard_pos,synthetic_composite,1,1.0000,data/raw/pool/pos_cord_receipts_00182.jpg
data/raw/pool/syn_hard_pos_00371.jpg,synthetic_hard_pos,synthetic_composite,1,1.0000,data/raw/pool/pos_rvlcdip_invoice_01026.jpg
data/raw/pool/syn_hard_pos_00372.jpg,synthetic_hard_pos,synthetic_composite,1,1.0000,data/raw/pool/pos_rvlcdip_invoice_00501.jpg
data/raw/pool/syn_hard_pos_00373.jpg,synthetic_hard_pos,synthetic_composite,1,1.0000,data/raw/pool/pos_rvlcdip_invoice_00179.jpg
data/raw/pool/syn_hard_pos_00374.jpg,synthetic_hard_pos,synthetic_composite,1,1.0000,data/raw/pool/pos_sroie_receipts_00399.jpg
data/raw/pool/syn_hard_pos_00375.jpg,synthetic_hard_pos,synthetic_composite,1,1.0000,data/raw/pool/pos_rvlcdip_invoice_01077.jpg
data/raw/pool/syn_hard_pos_00376.jpg,synthetic_hard_pos,synthetic_composite,1,1.0000,data/raw/pool/pos_sroie_receipts_00063.jpg
data/raw/pool/syn_hard_pos_00377.jpg,synthetic_hard_pos,synthetic_composite,1,1.0000,data/raw/pool/pos_rvlcdip_invoice_00149.jpg
data/raw/pool/syn_hard_pos_00378.jpg,synthetic_hard_pos,synthetic_composite,1,1.0000,data/raw/pool/pos_rvlcdip_invoice_00046.jpg
data/raw/pool/syn_hard_pos_00379.jpg,synthetic_hard_pos,synthetic_composite,1,1.0000,data/raw/pool/pos_rvlcdip_invoice_00525.jpg
data/raw/pool/syn_hard_pos_00380.jpg,synthetic_hard_pos,synthetic_composite,1,1.0000,data/raw/pool/pos_rvlcdip_invoice_00384.jpg
data/raw/pool/syn_hard_pos_00381.jpg,synthetic_hard_pos,synthetic_composite,1,1.0000,data/raw/pool/pos_rvlcdip_invoice_00327.jpg
data/raw/pool/syn_hard_pos_00382.jpg,synthetic_hard_pos,synthetic_composite,1,1.0000,data/raw/pool/pos_rvlcdip_invoice_00229.jpg
data/raw/pool/syn_hard_pos_00383.jpg,synthetic_hard_pos,synthetic_composite,1,1.0000,data/raw/pool/pos_cord_receipts_00588.jpg
data/raw/pool/syn_hard_pos_00384.jpg,synthetic_hard_pos,synthetic_composite,1,1.0000,data/raw/pool/pos_rvlcdip_invoice_01614.jpg
data/raw/pool/syn_hard_pos_00385.jpg,synthetic_hard_pos,synthetic_composite,1,1.0000,data/raw/pool/pos_rvlcdip_invoice_01047.jpg
data/raw/pool/syn_hard_pos_00386.jpg,synthetic_hard_pos,synthetic_composite,1,1.0000,data/raw/pool/pos_sroie_receipts_00571.jpg
data/raw/pool/syn_hard_pos_00387.jpg,synthetic_hard_pos,synthetic_composite,1,1.0000,data/raw/pool/pos_cord_receipts_00364.jpg
data/raw/pool/syn_hard_pos_00388.jpg,synthetic_hard_pos,synthetic_composite,1,1.0000,data/raw/pool/pos_rvlcdip_invoice_01129.jpg
data/raw/pool/syn_hard_pos_00389.jpg,synthetic_hard_pos,synthetic_composite,1,1.0000,data/raw/pool/pos_rvlcdip_invoice_01409.jpg
data/raw/pool/syn_hard_pos_00390.jpg,synthetic_hard_pos,synthetic_composite,1,1.0000,data/raw/pool/pos_sroie_receipts_00551.jpg
data/raw/pool/syn_hard_pos_00391.jpg,synthetic_hard_pos,synthetic_composite,1,1.0000,data/raw/pool/pos_cord_receipts_00299.jpg
data/raw/pool/syn_hard_pos_00392.jpg,synthetic_hard_pos,synthetic_composite,1,1.0000,data/raw/pool/pos_rvlcdip_invoice_00794.jpg
data/raw/pool/syn_hard_pos_00393.jpg,synthetic_hard_pos,synthetic_composite,1,1.0000,data/raw/pool/pos_rvlcdip_invoice_01079.jpg
data/raw/pool/syn_hard_pos_00394.jpg,synthetic_hard_neg,synthetic_composite,0,1.0000,data/raw/pool/neg_rvlcdip_other_00510.jpg
data/raw/pool/syn_hard_pos_00395.jpg,synthetic_hard_pos,synthetic_composite,1,1.0000,data/raw/pool/pos_rvlcdip_invoice_00484.jpg
data/raw/pool/syn_hard_pos_00396.jpg,synthetic_hard_pos,synthetic_composite,1,1.0000,data/raw/pool/pos_rvlcdip_invoice_00321.jpg
data/raw/pool/syn_hard_pos_00397.jpg,synthetic_hard_pos,synthetic_composite,1,1.0000,data/raw/pool/pos_cord_receipts_00279.jpg
data/raw/pool/syn_hard_pos_00398.jpg,synthetic_hard_pos,synthetic_composite,1,1.0000,data/raw/pool/pos_rvlcdip_invoice_01109.jpg
data/raw/pool/syn_hard_pos_00399.jpg,synthetic_hard_pos,synthetic_composite,1,1.0000,data/raw/pool/pos_rvlcdip_invoice_01400.jpg
data/raw/pool/syn_hard_pos_00400.jpg,synthetic_hard_pos,synthetic_composite,1,1.0000,data/raw/pool/pos_rvlcdip_invoice_01602.jpg
data/raw/pool/syn_hard_pos_00401.jpg,synthetic_hard_pos,synthetic_composite,1,1.0000,data/raw/pool/pos_rvlcdip_invoice_00194.jpg
data/raw/pool/syn_hard_pos_00402.jpg,synthetic_hard_pos,synthetic_composite,1,1.0000,data/raw/pool/pos_rvlcdip_invoice_01172.jpg
data/raw/pool/syn_hard_pos_00403.jpg,synthetic_hard_pos,synthetic_composite,1,1.0000,data/raw/pool/pos_rvlcdip_invoice_01744.jpg
data/raw/pool/syn_hard_pos_00404.jpg,synthetic_hard_pos,synthetic_composite,1,1.0000,data/raw/pool/pos_rvlcdip_invoice_01261.jpg
data/raw/pool/syn_hard_pos_00405.jpg,synthetic_hard_pos,synthetic_composite,1,1.0000,data/raw/pool/pos_rvlcdip_invoice_00395.jpg
data/raw/pool/syn_hard_pos_00406.jpg,synthetic_hard_pos,synthetic_composite,1,1.0000,data/raw/pool/pos_rvlcdip_invoice_00566.jpg
data/raw/pool/syn_hard_pos_00407.jpg,synthetic_hard_pos,synthetic_composite,1,1.0000,data/raw/pool/pos_sroie_receipts_00101.jpg
data/raw/pool/syn_hard_pos_00408.jpg,synthetic_hard_pos,synthetic_composite,1,1.0000,data/raw/pool/pos_rvlcdip_invoice_01709.jpg
data/raw/pool/syn_hard_pos_00409.jpg,synthetic_hard_pos,synthetic_composite,1,1.0000,data/raw/pool/pos_rvlcdip_invoice_00919.jpg
data/raw/pool/syn_hard_pos_00410.jpg,synthetic_hard_pos,synthetic_composite,1,1.0000,data/raw/pool/pos_rvlcdip_invoice_01561.jpg
data/raw/pool/syn_hard_pos_00411.jpg,synthetic_hard_pos,synthetic_composite,1,1.0000,data/raw/pool/pos_rvlcdip_invoice_01116.jpg
data/raw/pool/syn_hard_pos_00412.jpg,synthetic_hard_pos,synthetic_composite,1,1.0000,data/raw/pool/pos_rvlcdip_invoice_01377.jpg
data/raw/pool/syn_hard_pos_00413.jpg,synthetic_hard_pos,synthetic_composite,1,1.0000,data/raw/pool/pos_rvlcdip_invoice_00343.jpg
data/raw/pool/syn_hard_pos_00414.jpg,synthetic_hard_pos,synthetic_composite,1,1.0000,data/raw/pool/pos_rvlcdip_invoice_00948.jpg
data/raw/pool/syn_hard_pos_00415.jpg,synthetic_hard_pos,synthetic_composite,1,1.0000,data/raw/pool/pos_rvlcdip_invoice_00096.jpg
data/raw/pool/syn_hard_pos_00416.jpg,synthetic_hard_pos,synthetic_composite,1,1.0000,data/raw/pool/pos_rvlcdip_invoice_00027.jpg
data/raw/pool/syn_hard_pos_00417.jpg,synthetic_hard_pos,synthetic_composite,1,1.0000,data/raw/pool/pos_sroie_receipts_00472.jpg
data/raw/pool/syn_hard_pos_00418.jpg,synthetic_hard_pos,synthetic_composite,1,1.0000,data/raw/pool/pos_rvlcdip_invoice_00936.jpg
data/raw/pool/syn_hard_pos_00419.jpg,synthetic_hard_pos,synthetic_composite,1,1.0000,data/raw/pool/pos_rvlcdip_invoice_00894.jpg
data/raw/pool/syn_hard_pos_00420.jpg,synthetic_hard_pos,synthetic_composite,1,1.0000,data/raw/pool/pos_rvlcdip_invoice_01085.jpg
data/raw/pool/syn_hard_pos_00421.jpg,synthetic_hard_pos,synthetic_composite,1,1.0000,data/raw/pool/pos_rvlcdip_invoice_00080.jpg
data/raw/pool/syn_hard_pos_00422.jpg,synthetic_hard_pos,synthetic_composite,1,1.0000,data/raw/pool/pos_rvlcdip_invoice_00216.jpg
data/raw/pool/syn_hard_pos_00423.jpg,synthetic_hard_pos,synthetic_composite,1,1.0000,data/raw/pool/pos_rvlcdip_invoice_00100.jpg
data/raw/pool/syn_hard_pos_00424.jpg,synthetic_hard_pos,synthetic_composite,1,1.0000,data/raw/pool/pos_cord_receipts_00050.jpg
data/raw/pool/syn_hard_pos_00425.jpg,synthetic_hard_pos,synthetic_composite,1,1.0000,data/raw/pool/pos_cord_receipts_00050.jpg
data/raw/pool/syn_hard_pos_00426.jpg,synthetic_hard_pos,synthetic_composite,1,1.0000,data/raw/pool/pos_rvlcdip_invoice_01249.jpg
data/raw/pool/syn_hard_pos_00427.jpg,synthetic_hard_pos,synthetic_composite,1,1.0000,data/raw/pool/pos_rvlcdip_invoice_00979.jpg
data/raw/pool/syn_hard_pos_00428.jpg,synthetic_hard_pos,synthetic_composite,1,1.0000,data/raw/pool/pos_rvlcdip_invoice_00587.jpg
data/raw/pool/syn_hard_pos_00429.jpg,synthetic_hard_pos,synthetic_composite,1,1.0000,data/raw/pool/pos_cord_receipts_00475.jpg
data/raw/pool/syn_hard_pos_00430.jpg,synthetic_hard_pos,synthetic_composite,1,1.0000,data/raw/pool/pos_sroie_receipts_00560.jpg
data/raw/pool/syn_hard_pos_00431.jpg,synthetic_hard_pos,synthetic_composite,1,1.0000,data/raw/pool/pos_rvlcdip_invoice_00201.jpg
data/raw/pool/syn_hard_pos_00432.jpg,synthetic_hard_pos,synthetic_composite,1,1.0000,data/raw/pool/pos_rvlcdip_invoice_00514.jpg
data/raw/pool/syn_hard_pos_00433.jpg,synthetic_hard_pos,synthetic_composite,1,1.0000,data/raw/pool/pos_rvlcdip_invoice_01282.jpg
data/raw/pool/syn_hard_pos_00434.jpg,synthetic_hard_pos,synthetic_composite,1,1.0000,data/raw/pool/pos_rvlcdip_invoice_01399.jpg
data/raw/pool/syn_hard_pos_00435.jpg,synthetic_hard_pos,synthetic_composite,1,1.0000,data/raw/pool/pos_rvlcdip_invoice_00170.jpg
data/raw/pool/syn_hard_pos_00436.jpg,synthetic_hard_pos,synthetic_composite,1,1.0000,data/raw/pool/pos_rvlcdip_invoice_01331.jpg
data/raw/pool/syn_hard_pos_00437.jpg,synthetic_hard_pos,synthetic_composite,1,1.0000,data/raw/pool/pos_sroie_receipts_00055.jpg
data/raw/pool/syn_hard_pos_00438.jpg,synthetic_hard_pos,synthetic_composite,1,1.0000,data/raw/pool/pos_cord_receipts_00016.jpg
data/raw/pool/syn_hard_pos_00439.jpg,synthetic_hard_pos,synthetic_composite,1,1.0000,data/raw/pool/pos_cord_receipts_00096.jpg
data/raw/pool/syn_hard_pos_00440.jpg,synthetic_hard_pos,synthetic_composite,1,1.0000,data/raw/pool/pos_rvlcdip_invoice_00780.jpg
data/raw/pool/syn_hard_pos_00441.jpg,synthetic_hard_pos,synthetic_composite,1,1.0000,data/raw/pool/pos_rvlcdip_invoice_01204.jpg
data/raw/pool/syn_hard_pos_00442.jpg,synthetic_hard_pos,synthetic_composite,1,1.0000,data/raw/pool/pos_cord_receipts_00247.jpg
data/raw/pool/syn_hard_pos_00443.jpg,synthetic_hard_pos,synthetic_composite,1,1.0000,data/raw/pool/pos_rvlcdip_invoice_00095.jpg
data/raw/pool/syn_hard_pos_00444.jpg,synthetic_hard_pos,synthetic_composite,1,1.0000,data/raw/pool/pos_rvlcdip_invoice_00435.jpg
data/raw/pool/syn_hard_pos_00445.jpg,synthetic_hard_pos,synthetic_composite,1,1.0000,data/raw/pool/pos_rvlcdip_invoice_00253.jpg
data/raw/pool/syn_hard_pos_00446.jpg,synthetic_hard_pos,synthetic_composite,1,1.0000,data/raw/pool/pos_rvlcdip_invoice_01201.jpg
data/raw/pool/syn_hard_pos_00447.jpg,synthetic_hard_pos,synthetic_composite,1,1.0000,data/raw/pool/pos_cord_receipts_00487.jpg
data/raw/pool/syn_hard_pos_00448.jpg,synthetic_hard_pos,synthetic_composite,1,1.0000,data/raw/pool/pos_cord_receipts_00041.jpg
data/raw/pool/syn_hard_pos_00449.jpg,synthetic_hard_pos,synthetic_composite,1,1.0000,data/raw/pool/pos_sroie_receipts_00099.jpg
data/raw/pool/syn_hard_pos_00450.jpg,synthetic_hard_pos,synthetic_composite,1,1.0000,data/raw/pool/pos_sroie_receipts_00317.jpg
data/raw/pool/syn_hard_pos_00451.jpg,synthetic_hard_pos,synthetic_composite,1,1.0000,data/raw/pool/pos_rvlcdip_invoice_01504.jpg
data/raw/pool/syn_hard_pos_00452.jpg,synthetic_hard_pos,synthetic_composite,1,1.0000,data/raw/pool/pos_rvlcdip_invoice_00199.jpg
data/raw/pool/syn_hard_pos_00453.jpg,synthetic_hard_pos,synthetic_composite,1,1.0000,data/raw/pool/pos_rvlcdip_invoice_00428.jpg
data/raw/pool/syn_hard_pos_00454.jpg,synthetic_hard_pos,synthetic_composite,1,1.0000,data/raw/pool/pos_rvlcdip_invoice_00963.jpg
data/raw/pool/syn_hard_pos_00455.jpg,synthetic_hard_pos,synthetic_composite,1,1.0000,data/raw/pool/pos_rvlcdip_invoice_00515.jpg
data/raw/pool/syn_hard_pos_00456.jpg,synthetic_hard_pos,synthetic_composite,1,1.0000,data/raw/pool/pos_rvlcdip_invoice_01276.jpg
data/raw/pool/syn_hard_pos_00457.jpg,synthetic_hard_pos,synthetic_composite,1,1.0000,data/raw/pool/pos_rvlcdip_invoice_01659.jpg
data/raw/pool/syn_hard_pos_00458.jpg,synthetic_hard_pos,synthetic_composite,1,1.0000,data/raw/pool/pos_cord_receipts_00334.jpg
data/raw/pool/syn_hard_pos_00459.jpg,synthetic_hard_pos,synthetic_composite,1,1.0000,data/raw/pool/pos_rvlcdip_invoice_01330.jpg
data/raw/pool/syn_hard_pos_00460.jpg,synthetic_hard_pos,synthetic_composite,1,1.0000,data/raw/pool/pos_rvlcdip_invoice_01236.jpg
data/raw/pool/syn_hard_pos_00461.jpg,synthetic_hard_pos,synthetic_composite,1,1.0000,data/raw/pool/pos_rvlcdip_invoice_01469.jpg
data/raw/pool/syn_hard_pos_00462.jpg,synthetic_hard_pos,synthetic_composite,1,1.0000,data/raw/pool/pos_rvlcdip_invoice_01215.jpg
data/raw/pool/syn_hard_pos_00463.jpg,synthetic_hard_pos,synthetic_composite,1,1.0000,data/raw/pool/pos_rvlcdip_invoice_01266.jpg
data/raw/pool/syn_hard_pos_00464.jpg,synthetic_hard_pos,synthetic_composite,1,1.0000,data/raw/pool/pos_rvlcdip_invoice_00394.jpg
data/raw/pool/syn_hard_pos_00465.jpg,synthetic_hard_pos,synthetic_composite,1,1.0000,data/raw/pool/pos_rvlcdip_invoice_00773.jpg
data/raw/pool/syn_hard_pos_00466.jpg,synthetic_hard_pos,synthetic_composite,1,1.0000,data/raw/pool/pos_rvlcdip_invoice_00429.jpg
data/raw/pool/syn_hard_pos_00467.jpg,synthetic_hard_pos,synthetic_composite,1,1.0000,data/raw/pool/pos_rvlcdip_invoice_01396.jpg
data/raw/pool/syn_hard_pos_00468.jpg,synthetic_hard_pos,synthetic_composite,1,1.0000,data/raw/pool/pos_sroie_receipts_00255.jpg
data/raw/pool/syn_hard_pos_00469.jpg,synthetic_hard_pos,synthetic_composite,1,1.0000,data/raw/pool/pos_rvlcdip_invoice_00194.jpg
data/raw/pool/syn_hard_pos_00470.jpg,synthetic_hard_pos,synthetic_composite,1,1.0000,data/raw/pool/pos_rvlcdip_invoice_00880.jpg
data/raw/pool/syn_hard_pos_00471.jpg,synthetic_hard_pos,synthetic_composite,1,1.0000,data/raw/pool/pos_sroie_receipts_00406.jpg
data/raw/pool/syn_hard_pos_00472.jpg,synthetic_hard_pos,synthetic_composite,1,1.0000,data/raw/pool/pos_rvlcdip_invoice_00354.jpg
data/raw/pool/syn_hard_pos_00473.jpg,synthetic_hard_pos,synthetic_composite,1,1.0000,data/raw/pool/pos_rvlcdip_invoice_00343.jpg
data/raw/pool/syn_hard_pos_00474.jpg,synthetic_hard_pos,synthetic_composite,1,1.0000,data/raw/pool/pos_rvlcdip_invoice_01702.jpg
data/raw/pool/syn_hard_pos_00475.jpg,synthetic_hard_pos,synthetic_composite,1,1.0000,data/raw/pool/pos_rvlcdip_invoice_01531.jpg
data/raw/pool/syn_hard_pos_00476.jpg,synthetic_hard_pos,synthetic_composite,1,1.0000,data/raw/pool/pos_sroie_receipts_00487.jpg
data/raw/pool/syn_hard_pos_00477.jpg,synthetic_hard_pos,synthetic_composite,1,1.0000,data/raw/pool/pos_sroie_receipts_00196.jpg
data/raw/pool/syn_hard_pos_00478.jpg,synthetic_hard_pos,synthetic_composite,1,1.0000,data/raw/pool/pos_sroie_receipts_00106.jpg
data/raw/pool/syn_hard_pos_00479.jpg,synthetic_hard_pos,synthetic_composite,1,1.0000,data/raw/pool/pos_cord_receipts_00251.jpg
data/raw/pool/syn_hard_pos_00480.jpg,synthetic_hard_pos,synthetic_composite,1,1.0000,data/raw/pool/pos_sroie_receipts_00233.jpg
data/raw/pool/syn_hard_pos_00481.jpg,synthetic_hard_pos,synthetic_composite,1,1.0000,data/raw/pool/pos_sroie_receipts_00023.jpg
data/raw/pool/syn_hard_pos_00482.jpg,synthetic_hard_pos,synthetic_composite,1,1.0000,data/raw/pool/pos_rvlcdip_invoice_00025.jpg
data/raw/pool/syn_hard_pos_00483.jpg,synthetic_hard_pos,synthetic_composite,1,1.0000,data/raw/pool/pos_rvlcdip_invoice_00346.jpg
data/raw/pool/syn_hard_pos_00484.jpg,synthetic_hard_pos,synthetic_composite,1,1.0000,data/raw/pool/pos_rvlcdip_invoice_01459.jpg
data/raw/pool/syn_hard_pos_00485.jpg,synthetic_hard_pos,synthetic_composite,1,1.0000,data/raw/pool/pos_rvlcdip_invoice_00528.jpg
data/raw/pool/syn_hard_pos_00486.jpg,synthetic_hard_pos,synthetic_composite,1,1.0000,data/raw/pool/pos_rvlcdip_invoice_01747.jpg
data/raw/pool/syn_hard_pos_00487.jpg,synthetic_hard_pos,synthetic_composite,1,1.0000,data/raw/pool/pos_sroie_receipts_00287.jpg
data/raw/pool/syn_hard_pos_00488.jpg,synthetic_hard_pos,synthetic_composite,1,1.0000,data/raw/pool/pos_rvlcdip_invoice_01052.jpg
data/raw/pool/syn_hard_pos_00489.jpg,synthetic_hard_pos,synthetic_composite,1,1.0000,data/raw/pool/pos_rvlcdip_invoice_01285.jpg
data/raw/pool/syn_hard_pos_00490.jpg,synthetic_hard_pos,synthetic_composite,1,1.0000,data/raw/pool/pos_rvlcdip_invoice_01740.jpg
data/raw/pool/syn_hard_pos_00491.jpg,synthetic_hard_pos,synthetic_composite,1,1.0000,data/raw/pool/pos_sroie_receipts_00404.jpg
data/raw/pool/syn_hard_pos_00492.jpg,synthetic_hard_pos,synthetic_composite,1,1.0000,data/raw/pool/pos_cord_receipts_00254.jpg
data/raw/pool/syn_hard_pos_00493.jpg,synthetic_hard_pos,synthetic_composite,1,1.0000,data/raw/pool/pos_rvlcdip_invoice_01666.jpg
data/raw/pool/syn_hard_pos_00494.jpg,synthetic_hard_pos,synthetic_composite,1,1.0000,data/raw/pool/pos_rvlcdip_invoice_01256.jpg
data/raw/pool/syn_hard_pos_00495.jpg,synthetic_hard_pos,synthetic_composite,1,1.0000,data/raw/pool/pos_rvlcdip_invoice_01134.jpg
data/raw/pool/syn_hard_pos_00496.jpg,synthetic_hard_pos,synthetic_composite,1,1.0000,data/raw/pool/pos_rvlcdip_invoice_01769.jpg
data/raw/pool/syn_hard_pos_00497.jpg,synthetic_hard_pos,synthetic_composite,1,1.0000,data/raw/pool/pos_rvlcdip_invoice_00665.jpg
data/raw/pool/syn_hard_pos_00498.jpg,synthetic_hard_pos,synthetic_composite,1,1.0000,data/raw/pool/pos_rvlcdip_invoice_00704.jpg
data/raw/pool/syn_hard_pos_00499.jpg,synthetic_hard_pos,synthetic_composite,1,1.0000,data/raw/pool/pos_rvlcdip_invoice_01469.jpg
data/raw/pool/syn_hard_pos_00500.jpg,synthetic_hard_pos,synthetic_composite,1,1.0000,data/raw/pool/pos_rvlcdip_invoice_00581.jpg
data/raw/pool/syn_hard_pos_00501.jpg,synthetic_hard_pos,synthetic_composite,1,1.0000,data/raw/pool/pos_rvlcdip_invoice_00420.jpg
data/raw/pool/syn_hard_pos_00502.jpg,synthetic_hard_pos,synthetic_composite,1,1.0000,data/raw/pool/pos_rvlcdip_invoice_00951.jpg
data/raw/pool/syn_hard_pos_00503.jpg,synthetic_hard_pos,synthetic_composite,1,1.0000,data/raw/pool/pos_rvlcdip_invoice_00637.jpg
data/raw/pool/syn_hard_pos_00504.jpg,synthetic_hard_pos,synthetic_composite,1,1.0000,data/raw/pool/pos_sroie_receipts_00320.jpg
data/raw/pool/syn_hard_pos_00505.jpg,synthetic_hard_pos,synthetic_composite,1,1.0000,data/raw/pool/pos_rvlcdip_invoice_00636.jpg
data/raw/pool/syn_hard_pos_00506.jpg,synthetic_hard_pos,synthetic_composite,1,1.0000,data/raw/pool/pos_rvlcdip_invoice_00644.jpg
data/raw/pool/syn_hard_pos_00507.jpg,synthetic_hard_pos,synthetic_composite,1,1.0000,data/raw/pool/pos_rvlcdip_invoice_01244.jpg
data/raw/pool/syn_hard_pos_00508.jpg,synthetic_hard_pos,synthetic_composite,1,1.0000,data/raw/pool/pos_rvlcdip_invoice_00236.jpg
data/raw/pool/syn_hard_pos_00509.jpg,synthetic_hard_pos,synthetic_composite,1,1.0000,data/raw/pool/pos_rvlcdip_invoice_00197.jpg
data/raw/pool/syn_hard_pos_00510.jpg,synthetic_hard_pos,synthetic_composite,1,1.0000,data/raw/pool/pos_rvlcdip_invoice_01069.jpg
data/raw/pool/syn_hard_pos_00511.jpg,synthetic_hard_pos,synthetic_composite,1,1.0000,data/raw/pool/pos_rvlcdip_invoice_00621.jpg
data/raw/pool/syn_hard_pos_00512.jpg,synthetic_hard_pos,synthetic_composite,1,1.0000,data/raw/pool/pos_sroie_receipts_00164.jpg
data/raw/pool/syn_hard_pos_00513.jpg,synthetic_hard_pos,synthetic_composite,1,1.0000,data/raw/pool/pos_rvlcdip_invoice_01628.jpg
data/raw/pool/syn_hard_pos_00514.jpg,synthetic_hard_pos,synthetic_composite,1,1.0000,data/raw/pool/pos_rvlcdip_invoice_01115.jpg
data/raw/pool/syn_hard_pos_00515.jpg,synthetic_hard_pos,synthetic_composite,1,1.0000,data/raw/pool/pos_sroie_receipts_00246.jpg
data/raw/pool/syn_hard_pos_00516.jpg,synthetic_hard_pos,synthetic_composite,1,1.0000,data/raw/pool/pos_sroie_receipts_00475.jpg
data/raw/pool/syn_hard_pos_00517.jpg,synthetic_hard_pos,synthetic_composite,1,1.0000,data/raw/pool/pos_rvlcdip_invoice_01367.jpg
data/raw/pool/syn_hard_pos_00518.jpg,synthetic_hard_pos,synthetic_composite,1,1.0000,data/raw/pool/pos_rvlcdip_invoice_00830.jpg
data/raw/pool/syn_hard_pos_00519.jpg,synthetic_hard_pos,synthetic_composite,1,1.0000,data/raw/pool/pos_rvlcdip_invoice_00513.jpg
data/raw/pool/syn_hard_pos_00520.jpg,synthetic_hard_pos,synthetic_composite,1,1.0000,data/raw/pool/pos_rvlcdip_invoice_00824.jpg
data/raw/pool/syn_hard_pos_00521.jpg,synthetic_hard_pos,synthetic_composite,1,1.0000,data/raw/pool/pos_sroie_receipts_00013.jpg
data/raw/pool/syn_hard_pos_00522.jpg,synthetic_hard_pos,synthetic_composite,1,1.0000,data/raw/pool/pos_rvlcdip_invoice_01152.jpg
data/raw/pool/syn_hard_pos_00523.jpg,synthetic_hard_pos,synthetic_composite,1,1.0000,data/raw/pool/pos_rvlcdip_invoice_01545.jpg
data/raw/pool/syn_hard_pos_00524.jpg,synthetic_hard_pos,synthetic_composite,1,1.0000,data/raw/pool/pos_rvlcdip_invoice_01493.jpg
data/raw/pool/syn_hard_pos_00525.jpg,synthetic_hard_pos,synthetic_composite,1,1.0000,data/raw/pool/pos_rvlcdip_invoice_01141.jpg
data/raw/pool/syn_hard_pos_00526.jpg,synthetic_hard_pos,synthetic_composite,1,1.0000,data/raw/pool/pos_rvlcdip_invoice_01396.jpg
data/raw/pool/syn_hard_pos_00527.jpg,synthetic_hard_pos,synthetic_composite,1,1.0000,data/raw/pool/pos_cord_receipts_00033.jpg
data/raw/pool/syn_hard_pos_00528.jpg,synthetic_hard_pos,synthetic_composite,1,1.0000,data/raw/pool/pos_rvlcdip_invoice_00037.jpg
data/raw/pool/syn_hard_pos_00529.jpg,synthetic_hard_pos,synthetic_composite,1,1.0000,data/raw/pool/pos_rvlcdip_invoice_00788.jpg
data/raw/pool/syn_hard_pos_00530.jpg,synthetic_hard_pos,synthetic_composite,1,1.0000,data/raw/pool/pos_cord_receipts_00542.jpg
data/raw/pool/syn_hard_pos_00531.jpg,synthetic_hard_pos,synthetic_composite,1,1.0000,data/raw/pool/pos_sroie_receipts_00055.jpg
data/raw/pool/syn_hard_pos_00532.jpg,synthetic_hard_pos,synthetic_composite,1,1.0000,data/raw/pool/pos_rvlcdip_invoice_00331.jpg
data/raw/pool/syn_hard_pos_00533.jpg,synthetic_hard_pos,synthetic_composite,1,1.0000,data/raw/pool/pos_rvlcdip_invoice_01072.jpg
data/raw/pool/syn_hard_pos_00534.jpg,synthetic_hard_pos,synthetic_composite,1,1.0000,data/raw/pool/pos_sroie_receipts_00456.jpg
data/raw/pool/syn_hard_pos_00535.jpg,synthetic_hard_pos,synthetic_composite,1,1.0000,data/raw/pool/pos_rvlcdip_invoice_01384.jpg
data/raw/pool/syn_hard_pos_00536.jpg,synthetic_hard_pos,synthetic_composite,1,1.0000,data/raw/pool/pos_rvlcdip_invoice_00102.jpg
data/raw/pool/syn_hard_pos_00537.jpg,synthetic_hard_pos,synthetic_composite,1,1.0000,data/raw/pool/pos_rvlcdip_invoice_01089.jpg
data/raw/pool/syn_hard_pos_00538.jpg,synthetic_hard_pos,synthetic_composite,1,1.0000,data/raw/pool/pos_rvlcdip_invoice_00321.jpg
data/raw/pool/syn_hard_pos_00539.jpg,synthetic_hard_pos,synthetic_composite,1,1.0000,data/raw/pool/pos_rvlcdip_invoice_00497.jpg
data/raw/pool/syn_hard_pos_00540.jpg,synthetic_hard_pos,synthetic_composite,1,1.0000,data/raw/pool/pos_rvlcdip_invoice_01145.jpg
data/raw/pool/syn_hard_pos_00541.jpg,synthetic_hard_pos,synthetic_composite,1,1.0000,data/raw/pool/pos_rvlcdip_invoice_01430.jpg
data/raw/pool/syn_hard_pos_00542.jpg,synthetic_hard_pos,synthetic_composite,1,1.0000,data/raw/pool/pos_rvlcdip_invoice_01391.jpg
data/raw/pool/syn_hard_pos_00543.jpg,synthetic_hard_pos,synthetic_composite,1,1.0000,data/raw/pool/pos_rvlcdip_invoice_00350.jpg
data/raw/pool/syn_hard_pos_00544.jpg,synthetic_hard_pos,synthetic_composite,1,1.0000,data/raw/pool/pos_rvlcdip_invoice_01328.jpg
data/raw/pool/syn_hard_pos_00545.jpg,synthetic_hard_pos,synthetic_composite,1,1.0000,data/raw/pool/pos_rvlcdip_invoice_01495.jpg
data/raw/pool/syn_hard_pos_00546.jpg,synthetic_hard_pos,synthetic_composite,1,1.0000,data/raw/pool/pos_rvlcdip_invoice_00090.jpg
data/raw/pool/syn_hard_pos_00547.jpg,synthetic_hard_pos,synthetic_composite,1,1.0000,data/raw/pool/pos_rvlcdip_invoice_01274.jpg
data/raw/pool/syn_hard_pos_00548.jpg,synthetic_hard_pos,synthetic_composite,1,1.0000,data/raw/pool/pos_sroie_receipts_00263.jpg
data/raw/pool/syn_hard_pos_00549.jpg,synthetic_hard_pos,synthetic_composite,1,1.0000,data/raw/pool/pos_rvlcdip_invoice_01291.jpg
data/raw/pool/syn_hard_pos_00550.jpg,synthetic_hard_pos,synthetic_composite,1,1.0000,data/raw/pool/pos_rvlcdip_invoice_00879.jpg
data/raw/pool/syn_hard_pos_00551.jpg,synthetic_hard_pos,synthetic_composite,1,1.0000,data/raw/pool/pos_cord_receipts_00098.jpg
data/raw/pool/syn_hard_pos_00552.jpg,synthetic_hard_pos,synthetic_composite,1,1.0000,data/raw/pool/pos_rvlcdip_invoice_00917.jpg
data/raw/pool/syn_hard_pos_00553.jpg,synthetic_hard_pos,synthetic_composite,1,1.0000,data/raw/pool/pos_rvlcdip_invoice_00791.jpg
data/raw/pool/syn_hard_pos_00554.jpg,synthetic_hard_pos,synthetic_composite,1,1.0000,data/raw/pool/pos_rvlcdip_invoice_01281.jpg
data/raw/pool/syn_hard_pos_00555.jpg,synthetic_hard_pos,synthetic_composite,1,1.0000,data/raw/pool/pos_rvlcdip_invoice_01094.jpg
data/raw/pool/syn_hard_pos_00556.jpg,synthetic_hard_pos,synthetic_composite,1,1.0000,data/raw/pool/pos_rvlcdip_invoice_00611.jpg
data/raw/pool/syn_hard_pos_00557.jpg,synthetic_hard_pos,synthetic_composite,1,1.0000,data/raw/pool/pos_rvlcdip_invoice_00718.jpg
data/raw/pool/syn_hard_pos_00558.jpg,synthetic_hard_pos,synthetic_composite,1,1.0000,data/raw/pool/pos_rvlcdip_invoice_00863.jpg
data/raw/pool/syn_hard_pos_00559.jpg,synthetic_hard_pos,synthetic_composite,1,1.0000,data/raw/pool/pos_cord_receipts_00351.jpg
data/raw/pool/syn_hard_pos_00560.jpg,synthetic_hard_pos,synthetic_composite,1,1.0000,data/raw/pool/pos_rvlcdip_invoice_00892.jpg
data/raw/pool/syn_hard_pos_00561.jpg,synthetic_hard_pos,synthetic_composite,1,1.0000,data/raw/pool/pos_sroie_receipts_00290.jpg
data/raw/pool/syn_hard_pos_00562.jpg,synthetic_hard_pos,synthetic_composite,1,1.0000,data/raw/pool/pos_rvlcdip_invoice_01534.jpg
data/raw/pool/syn_hard_pos_00563.jpg,synthetic_hard_pos,synthetic_composite,1,1.0000,data/raw/pool/pos_sroie_receipts_00342.jpg
data/raw/pool/syn_hard_pos_00564.jpg,synthetic_hard_pos,synthetic_composite,1,1.0000,data/raw/pool/pos_sroie_receipts_00206.jpg
data/raw/pool/syn_hard_pos_00565.jpg,synthetic_hard_pos,synthetic_composite,1,1.0000,data/raw/pool/pos_rvlcdip_invoice_01262.jpg
data/raw/pool/syn_hard_pos_00566.jpg,synthetic_hard_pos,synthetic_composite,1,1.0000,data/raw/pool/pos_cord_receipts_00039.jpg
data/raw/pool/syn_hard_pos_00567.jpg,synthetic_hard_pos,synthetic_composite,1,1.0000,data/raw/pool/pos_cord_receipts_00439.jpg
data/raw/pool/syn_hard_pos_00568.jpg,synthetic_hard_pos,synthetic_composite,1,1.0000,data/raw/pool/pos_rvlcdip_invoice_01672.jpg
data/raw/pool/syn_hard_pos_00569.jpg,synthetic_hard_pos,synthetic_composite,1,1.0000,data/raw/pool/pos_sroie_receipts_00264.jpg
data/raw/pool/syn_hard_pos_00570.jpg,synthetic_hard_pos,synthetic_composite,1,1.0000,data/raw/pool/pos_sroie_receipts_00426.jpg
data/raw/pool/syn_hard_pos_00571.jpg,synthetic_hard_pos,synthetic_composite,1,1.0000,data/raw/pool/pos_rvlcdip_invoice_01236.jpg
data/raw/pool/syn_hard_pos_00572.jpg,synthetic_hard_pos,synthetic_composite,1,1.0000,data/raw/pool/pos_cord_receipts_00378.jpg
data/raw/pool/syn_hard_pos_00573.jpg,synthetic_hard_pos,synthetic_composite,1,1.0000,data/raw/pool/pos_sroie_receipts_00016.jpg
data/raw/pool/syn_hard_pos_00574.jpg,synthetic_hard_pos,synthetic_composite,1,1.0000,data/raw/pool/pos_rvlcdip_invoice_00032.jpg
data/raw/pool/syn_hard_pos_00575.jpg,synthetic_hard_pos,synthetic_composite,1,1.0000,data/raw/pool/pos_rvlcdip_invoice_00382.jpg
data/raw/pool/syn_hard_pos_00576.jpg,synthetic_hard_pos,synthetic_composite,1,1.0000,data/raw/pool/pos_rvlcdip_invoice_00185.jpg
data/raw/pool/syn_hard_pos_00577.jpg,synthetic_hard_pos,synthetic_composite,1,1.0000,data/raw/pool/pos_rvlcdip_invoice_00047.jpg
data/raw/pool/syn_hard_pos_00578.jpg,synthetic_hard_pos,synthetic_composite,1,1.0000,data/raw/pool/pos_rvlcdip_invoice_01117.jpg
data/raw/pool/syn_hard_pos_00579.jpg,synthetic_hard_pos,synthetic_composite,1,1.0000,data/raw/pool/pos_rvlcdip_invoice_00472.jpg
data/raw/pool/syn_hard_pos_00580.jpg,synthetic_hard_pos,synthetic_composite,1,1.0000,data/raw/pool/pos_rvlcdip_invoice_01710.jpg
data/raw/pool/syn_hard_pos_00581.jpg,synthetic_hard_pos,synthetic_composite,1,1.0000,data/raw/pool/pos_rvlcdip_invoice_00597.jpg
data/raw/pool/syn_hard_pos_00582.jpg,synthetic_hard_pos,synthetic_composite,1,1.0000,data/raw/pool/pos_cord_receipts_00462.jpg
data/raw/pool/syn_hard_pos_00583.jpg,synthetic_hard_pos,synthetic_composite,1,1.0000,data/raw/pool/pos_rvlcdip_invoice_01226.jpg
data/raw/pool/syn_hard_pos_00584.jpg,synthetic_hard_pos,synthetic_composite,1,1.0000,data/raw/pool/pos_rvlcdip_invoice_00781.jpg
data/raw/pool/syn_hard_pos_00585.jpg,synthetic_hard_pos,synthetic_composite,1,1.0000,data/raw/pool/pos_rvlcdip_invoice_01750.jpg
data/raw/pool/syn_hard_pos_00586.jpg,synthetic_hard_pos,synthetic_composite,1,1.0000,data/raw/pool/pos_sroie_receipts_00545.jpg
data/raw/pool/syn_hard_pos_00587.jpg,synthetic_hard_pos,synthetic_composite,1,1.0000,data/raw/pool/pos_rvlcdip_invoice_01138.jpg
data/raw/pool/syn_hard_pos_00588.jpg,synthetic_hard_pos,synthetic_composite,1,1.0000,data/raw/pool/pos_rvlcdip_invoice_01648.jpg
data/raw/pool/syn_hard_pos_00589.jpg,synthetic_hard_pos,synthetic_composite,1,1.0000,data/raw/pool/pos_rvlcdip_invoice_01134.jpg
data/raw/pool/syn_hard_pos_00590.jpg,synthetic_hard_pos,synthetic_composite,1,1.0000,data/raw/pool/pos_rvlcdip_invoice_00067.jpg
data/raw/pool/syn_hard_pos_00591.jpg,synthetic_hard_pos,synthetic_composite,1,1.0000,data/raw/pool/pos_rvlcdip_invoice_00917.jpg
data/raw/pool/syn_hard_pos_00592.jpg,synthetic_hard_pos,synthetic_composite,1,1.0000,data/raw/pool/pos_rvlcdip_invoice_00701.jpg
data/raw/pool/syn_hard_pos_00593.jpg,synthetic_hard_pos,synthetic_composite,1,1.0000,data/raw/pool/pos_rvlcdip_invoice_01647.jpg
data/raw/pool/syn_hard_pos_00594.jpg,synthetic_hard_pos,synthetic_composite,1,1.0000,data/raw/pool/pos_cord_receipts_00012.jpg
data/raw/pool/syn_hard_pos_00595.jpg,synthetic_hard_pos,synthetic_composite,1,1.0000,data/raw/pool/pos_rvlcdip_invoice_00748.jpg
data/raw/pool/syn_hard_pos_00596.jpg,synthetic_hard_pos,synthetic_composite,1,1.0000,data/raw/pool/pos_rvlcdip_invoice_01311.jpg
data/raw/pool/syn_hard_pos_00597.jpg,synthetic_hard_pos,synthetic_composite,1,1.0000,data/raw/pool/pos_rvlcdip_invoice_01478.jpg
data/raw/pool/syn_hard_pos_00598.jpg,synthetic_hard_pos,synthetic_composite,1,1.0000,data/raw/pool/pos_rvlcdip_invoice_01093.jpg
data/raw/pool/syn_hard_pos_00599.jpg,synthetic_hard_pos,synthetic_composite,1,1.0000,data/raw/pool/pos_sroie_receipts_00177.jpg
data/raw/pool/syn_hard_pos_00600.jpg,synthetic_hard_pos,synthetic_composite,1,1.0000,data/raw/pool/pos_rvlcdip_invoice_00351.jpg
data/raw/pool/syn_hard_pos_00601.jpg,synthetic_hard_pos,synthetic_composite,1,1.0000,data/raw/pool/pos_rvlcdip_invoice_01107.jpg
data/raw/pool/syn_hard_pos_00602.jpg,synthetic_hard_pos,synthetic_composite,1,1.0000,data/raw/pool/pos_rvlcdip_invoice_01474.jpg
data/raw/pool/syn_hard_pos_00603.jpg,synthetic_hard_pos,synthetic_composite,1,1.0000,data/raw/pool/pos_rvlcdip_invoice_00839.jpg
data/raw/pool/syn_hard_pos_00604.jpg,synthetic_hard_pos,synthetic_composite,1,1.0000,data/raw/pool/pos_cord_receipts_00254.jpg
data/raw/pool/syn_hard_pos_00605.jpg,synthetic_hard_pos,synthetic_composite,1,1.0000,data/raw/pool/pos_rvlcdip_invoice_00498.jpg
data/raw/pool/syn_hard_pos_00606.jpg,synthetic_hard_pos,synthetic_composite,1,1.0000,data/raw/pool/pos_rvlcdip_invoice_01661.jpg
data/raw/pool/syn_hard_pos_00607.jpg,synthetic_hard_pos,synthetic_composite,1,1.0000,data/raw/pool/pos_rvlcdip_invoice_00172.jpg
data/raw/pool/syn_hard_pos_00608.jpg,synthetic_hard_pos,synthetic_composite,1,1.0000,data/raw/pool/pos_rvlcdip_invoice_00474.jpg
data/raw/pool/syn_hard_pos_00609.jpg,synthetic_hard_pos,synthetic_composite,1,1.0000,data/raw/pool/pos_rvlcdip_invoice_00664.jpg
data/raw/pool/syn_hard_pos_00610.jpg,synthetic_hard_pos,synthetic_composite,1,1.0000,data/raw/pool/pos_sroie_receipts_00349.jpg
data/raw/pool/syn_hard_pos_00611.jpg,synthetic_hard_pos,synthetic_composite,1,1.0000,data/raw/pool/pos_rvlcdip_invoice_01300.jpg
data/raw/pool/syn_hard_pos_00612.jpg,synthetic_hard_pos,synthetic_composite,1,1.0000,data/raw/pool/pos_sroie_receipts_00346.jpg
data/raw/pool/syn_hard_pos_00613.jpg,synthetic_hard_pos,synthetic_composite,1,1.0000,data/raw/pool/pos_rvlcdip_invoice_01153.jpg
data/raw/pool/syn_hard_pos_00614.jpg,synthetic_hard_pos,synthetic_composite,1,1.0000,data/raw/pool/pos_rvlcdip_invoice_01538.jpg
data/raw/pool/syn_hard_pos_00615.jpg,synthetic_hard_pos,synthetic_composite,1,1.0000,data/raw/pool/pos_rvlcdip_invoice_01234.jpg
data/raw/pool/syn_hard_pos_00616.jpg,synthetic_hard_pos,synthetic_composite,1,1.0000,data/raw/pool/pos_rvlcdip_invoice_00865.jpg
data/raw/pool/syn_hard_pos_00617.jpg,synthetic_hard_pos,synthetic_composite,1,1.0000,data/raw/pool/pos_cord_receipts_00272.jpg
data/raw/pool/syn_hard_pos_00618.jpg,synthetic_hard_pos,synthetic_composite,1,1.0000,data/raw/pool/pos_rvlcdip_invoice_01315.jpg
data/raw/pool/syn_hard_pos_00619.jpg,synthetic_hard_pos,synthetic_composite,1,1.0000,data/raw/pool/pos_sroie_receipts_00256.jpg
data/raw/pool/syn_hard_pos_00620.jpg,synthetic_hard_pos,synthetic_composite,1,1.0000,data/raw/pool/pos_rvlcdip_invoice_01604.jpg
data/raw/pool/syn_hard_pos_00621.jpg,synthetic_hard_pos,synthetic_composite,1,1.0000,data/raw/pool/pos_cord_receipts_00084.jpg
data/raw/pool/syn_hard_pos_00622.jpg,synthetic_hard_pos,synthetic_composite,1,1.0000,data/raw/pool/pos_rvlcdip_invoice_01067.jpg
data/raw/pool/syn_hard_pos_00623.jpg,synthetic_hard_pos,synthetic_composite,1,1.0000,data/raw/pool/pos_rvlcdip_invoice_01609.jpg
data/raw/pool/syn_hard_pos_00624.jpg,synthetic_hard_pos,synthetic_composite,1,1.0000,data/raw/pool/pos_rvlcdip_invoice_00396.jpg
data/raw/pool/syn_hard_pos_00625.jpg,synthetic_hard_pos,synthetic_composite,1,1.0000,data/raw/pool/pos_rvlcdip_invoice_00286.jpg
data/raw/pool/syn_hard_pos_00626.jpg,synthetic_hard_pos,synthetic_composite,1,1.0000,data/raw/pool/pos_rvlcdip_invoice_01383.jpg
data/raw/pool/syn_hard_pos_00627.jpg,synthetic_hard_pos,synthetic_composite,1,1.0000,data/raw/pool/pos_rvlcdip_invoice_01705.jpg
data/raw/pool/syn_hard_pos_00628.jpg,synthetic_hard_pos,synthetic_composite,1,1.0000,data/raw/pool/pos_rvlcdip_invoice_00783.jpg
data/raw/pool/syn_hard_pos_00629.jpg,synthetic_hard_pos,synthetic_composite,1,1.0000,data/raw/pool/pos_rvlcdip_invoice_01323.jpg
data/raw/pool/syn_hard_pos_00630.jpg,synthetic_hard_pos,synthetic_composite,1,1.0000,data/raw/pool/pos_rvlcdip_invoice_00669.jpg
data/raw/pool/syn_hard_pos_00631.jpg,synthetic_hard_pos,synthetic_composite,1,1.0000,data/raw/pool/pos_rvlcdip_invoice_01652.jpg
data/raw/pool/syn_hard_pos_00632.jpg,synthetic_hard_pos,synthetic_composite,1,1.0000,data/raw/pool/pos_rvlcdip_invoice_01629.jpg
data/raw/pool/syn_hard_pos_00633.jpg,synthetic_hard_pos,synthetic_composite,1,1.0000,data/raw/pool/pos_cord_receipts_00292.jpg
data/raw/pool/syn_hard_pos_00634.jpg,synthetic_hard_pos,synthetic_composite,1,1.0000,data/raw/pool/pos_rvlcdip_invoice_00113.jpg
data/raw/pool/syn_hard_pos_00635.jpg,synthetic_hard_pos,synthetic_composite,1,1.0000,data/raw/pool/pos_sroie_receipts_00145.jpg
data/raw/pool/syn_hard_pos_00636.jpg,synthetic_hard_pos,synthetic_composite,1,1.0000,data/raw/pool/pos_rvlcdip_invoice_00528.jpg
data/raw/pool/syn_hard_pos_00637.jpg,synthetic_hard_pos,synthetic_composite,1,1.0000,data/raw/pool/pos_rvlcdip_invoice_01523.jpg
data/raw/pool/syn_hard_pos_00638.jpg,synthetic_hard_pos,synthetic_composite,1,1.0000,data/raw/pool/pos_sroie_receipts_00221.jpg
data/raw/pool/syn_hard_pos_00639.jpg,synthetic_hard_pos,synthetic_composite,1,1.0000,data/raw/pool/pos_rvlcdip_invoice_01494.jpg
data/raw/pool/syn_hard_pos_00640.jpg,synthetic_hard_pos,synthetic_composite,1,1.0000,data/raw/pool/pos_sroie_receipts_00079.jpg
data/raw/pool/syn_hard_pos_00641.jpg,synthetic_hard_pos,synthetic_composite,1,1.0000,data/raw/pool/pos_rvlcdip_invoice_00972.jpg
data/raw/pool/syn_hard_pos_00642.jpg,synthetic_hard_pos,synthetic_composite,1,1.0000,data/raw/pool/pos_rvlcdip_invoice_00494.jpg
data/raw/pool/syn_hard_pos_00643.jpg,synthetic_hard_pos,synthetic_composite,1,1.0000,data/raw/pool/pos_rvlcdip_invoice_00538.jpg
data/raw/pool/syn_hard_pos_00644.jpg,synthetic_hard_pos,synthetic_composite,1,1.0000,data/raw/pool/pos_rvlcdip_invoice_00615.jpg
data/raw/pool/syn_hard_pos_00645.jpg,synthetic_hard_pos,synthetic_composite,1,1.0000,data/raw/pool/pos_rvlcdip_invoice_00301.jpg
data/raw/pool/syn_hard_pos_00646.jpg,synthetic_hard_pos,synthetic_composite,1,1.0000,data/raw/pool/pos_sroie_receipts_00098.jpg
data/raw/pool/syn_hard_pos_00647.jpg,synthetic_hard_pos,synthetic_composite,1,1.0000,data/raw/pool/pos_rvlcdip_invoice_01013.jpg
data/raw/pool/syn_hard_pos_00648.jpg,synthetic_hard_pos,synthetic_composite,1,1.0000,data/raw/pool/pos_rvlcdip_invoice_00377.jpg
data/raw/pool/syn_hard_pos_00649.jpg,synthetic_hard_pos,synthetic_composite,1,1.0000,data/raw/pool/pos_rvlcdip_invoice_01612.jpg
data/raw/pool/syn_hard_pos_00650.jpg,synthetic_hard_pos,synthetic_composite,1,1.0000,data/raw/pool/pos_rvlcdip_invoice_00526.jpg
data/raw/pool/syn_hard_pos_00651.jpg,synthetic_hard_pos,synthetic_composite,1,1.0000,data/raw/pool/pos_rvlcdip_invoice_01409.jpg
data/raw/pool/syn_hard_pos_00652.jpg,synthetic_hard_pos,synthetic_composite,1,1.0000,data/raw/pool/pos_rvlcdip_invoice_00530.jpg
data/raw/pool/syn_hard_pos_00653.jpg,synthetic_hard_pos,synthetic_composite,1,1.0000,data/raw/pool/pos_sroie_receipts_00323.jpg
data/raw/pool/syn_hard_pos_00654.jpg,synthetic_hard_pos,synthetic_composite,1,1.0000,data/raw/pool/pos_rvlcdip_invoice_01370.jpg
data/raw/pool/syn_hard_pos_00655.jpg,synthetic_hard_pos,synthetic_composite,1,1.0000,data/raw/pool/pos_rvlcdip_invoice_00633.jpg
data/raw/pool/syn_hard_pos_00656.jpg,synthetic_hard_pos,synthetic_composite,1,1.0000,data/raw/pool/pos_cord_receipts_00273.jpg
data/raw/pool/syn_hard_pos_00657.jpg,synthetic_hard_pos,synthetic_composite,1,1.0000,data/raw/pool/pos_rvlcdip_invoice_00691.jpg
data/raw/pool/syn_hard_pos_00658.jpg,synthetic_hard_pos,synthetic_composite,1,1.0000,data/raw/pool/pos_cord_receipts_00218.jpg
data/raw/pool/syn_hard_pos_00659.jpg,synthetic_hard_pos,synthetic_composite,1,1.0000,data/raw/pool/pos_rvlcdip_invoice_00039.jpg
data/raw/pool/syn_hard_pos_00660.jpg,synthetic_hard_pos,synthetic_composite,1,1.0000,data/raw/pool/pos_rvlcdip_invoice_00929.jpg
data/raw/pool/syn_hard_pos_00661.jpg,synthetic_hard_pos,synthetic_composite,1,1.0000,data/raw/pool/pos_rvlcdip_invoice_01489.jpg
data/raw/pool/syn_hard_pos_00662.jpg,synthetic_hard_pos,synthetic_composite,1,1.0000,data/raw/pool/pos_rvlcdip_invoice_01014.jpg
data/raw/pool/syn_hard_pos_00663.jpg,synthetic_hard_pos,synthetic_composite,1,1.0000,data/raw/pool/pos_rvlcdip_invoice_01220.jpg
data/raw/pool/syn_hard_pos_00664.jpg,synthetic_hard_pos,synthetic_composite,1,1.0000,data/raw/pool/pos_cord_receipts_00249.jpg
data/raw/pool/syn_hard_pos_00665.jpg,synthetic_hard_pos,synthetic_composite,1,1.0000,data/raw/pool/pos_rvlcdip_invoice_00489.jpg
data/raw/pool/syn_hard_pos_00666.jpg,synthetic_hard_pos,synthetic_composite,1,1.0000,data/raw/pool/pos_rvlcdip_invoice_01480.jpg
data/raw/pool/syn_hard_pos_00667.jpg,synthetic_hard_pos,synthetic_composite,1,1.0000,data/raw/pool/pos_sroie_receipts_00035.jpg
data/raw/pool/syn_hard_pos_00668.jpg,synthetic_hard_pos,synthetic_composite,1,1.0000,data/raw/pool/pos_rvlcdip_invoice_00273.jpg
data/raw/pool/syn_hard_pos_00669.jpg,synthetic_hard_pos,synthetic_composite,1,1.0000,data/raw/pool/pos_rvlcdip_invoice_00976.jpg
data/raw/pool/syn_hard_pos_00670.jpg,synthetic_hard_pos,synthetic_composite,1,1.0000,data/raw/pool/pos_rvlcdip_invoice_01766.jpg
data/raw/pool/syn_hard_pos_00671.jpg,synthetic_hard_pos,synthetic_composite,1,1.0000,data/raw/pool/pos_rvlcdip_invoice_00083.jpg
data/raw/pool/syn_hard_pos_00672.jpg,synthetic_hard_pos,synthetic_composite,1,1.0000,data/raw/pool/pos_rvlcdip_invoice_00641.jpg
data/raw/pool/syn_hard_pos_00673.jpg,synthetic_hard_pos,synthetic_composite,1,1.0000,data/raw/pool/pos_rvlcdip_invoice_01663.jpg
data/raw/pool/syn_hard_pos_00674.jpg,synthetic_hard_pos,synthetic_composite,1,1.0000,data/raw/pool/pos_cord_receipts_00470.jpg
data/raw/pool/syn_hard_pos_00675.jpg,synthetic_hard_pos,synthetic_composite,1,1.0000,data/raw/pool/pos_rvlcdip_invoice_01248.jpg
data/raw/pool/syn_hard_pos_00676.jpg,synthetic_hard_pos,synthetic_composite,1,1.0000,data/raw/pool/pos_rvlcdip_invoice_00221.jpg
data/raw/pool/syn_hard_pos_00677.jpg,synthetic_hard_pos,synthetic_composite,1,1.0000,data/raw/pool/pos_rvlcdip_invoice_00645.jpg
data/raw/pool/syn_hard_pos_00678.jpg,synthetic_hard_pos,synthetic_composite,1,1.0000,data/raw/pool/pos_rvlcdip_invoice_01193.jpg
data/raw/pool/syn_hard_pos_00679.jpg,synthetic_hard_pos,synthetic_composite,1,1.0000,data/raw/pool/pos_rvlcdip_invoice_00852.jpg
data/raw/pool/syn_hard_pos_00680.jpg,synthetic_hard_pos,synthetic_composite,1,1.0000,data/raw/pool/pos_sroie_receipts_00425.jpg
data/raw/pool/syn_hard_pos_00681.jpg,synthetic_hard_pos,synthetic_composite,1,1.0000,data/raw/pool/pos_rvlcdip_invoice_00480.jpg
data/raw/pool/syn_hard_pos_00682.jpg,synthetic_hard_pos,synthetic_composite,1,1.0000,data/raw/pool/pos_rvlcdip_invoice_01206.jpg
data/raw/pool/syn_hard_pos_00683.jpg,synthetic_hard_pos,synthetic_composite,1,1.0000,data/raw/pool/pos_rvlcdip_invoice_01621.jpg
data/raw/pool/syn_hard_pos_00684.jpg,synthetic_hard_pos,synthetic_composite,1,1.0000,data/raw/pool/pos_sroie_receipts_00396.jpg
data/raw/pool/syn_hard_pos_00685.jpg,synthetic_hard_neg,synthetic_composite,0,1.0000,data/raw/pool/neg_rvlcdip_other_00323.jpg
data/raw/pool/syn_hard_pos_00686.jpg,synthetic_hard_pos,synthetic_composite,1,1.0000,data/raw/pool/pos_sroie_receipts_00396.jpg
data/raw/pool/syn_hard_pos_00687.jpg,synthetic_hard_pos,synthetic_composite,1,1.0000,data/raw/pool/pos_rvlcdip_invoice_01476.jpg
data/raw/pool/syn_hard_pos_00688.jpg,synthetic_hard_pos,synthetic_composite,1,1.0000,data/raw/pool/pos_rvlcdip_invoice_01061.jpg
data/raw/pool/syn_hard_pos_00689.jpg,synthetic_hard_pos,synthetic_composite,1,1.0000,data/raw/pool/pos_rvlcdip_invoice_01091.jpg
data/raw/pool/syn_hard_pos_00690.jpg,synthetic_hard_pos,synthetic_composite,1,1.0000,data/raw/pool/pos_sroie_receipts_00426.jpg
data/raw/pool/syn_hard_pos_00691.jpg,synthetic_hard_pos,synthetic_composite,1,1.0000,data/raw/pool/pos_rvlcdip_invoice_00365.jpg
data/raw/pool/syn_hard_pos_00692.jpg,synthetic_hard_pos,synthetic_composite,1,1.0000,data/raw/pool/pos_sroie_receipts_00390.jpg
data/raw/pool/syn_hard_pos_00693.jpg,synthetic_hard_pos,synthetic_composite,1,1.0000,data/raw/pool/pos_rvlcdip_invoice_01438.jpg
data/raw/pool/syn_hard_pos_00694.jpg,synthetic_hard_pos,synthetic_composite,1,1.0000,data/raw/pool/pos_rvlcdip_invoice_01099.jpg
data/raw/pool/syn_hard_pos_00695.jpg,synthetic_hard_pos,synthetic_composite,1,1.0000,data/raw/pool/pos_cord_receipts_00123.jpg
data/raw/pool/syn_hard_pos_00696.jpg,synthetic_hard_pos,synthetic_composite,1,1.0000,data/raw/pool/pos_sroie_receipts_00261.jpg
data/raw/pool/syn_hard_pos_00697.jpg,synthetic_hard_pos,synthetic_composite,1,1.0000,data/raw/pool/pos_rvlcdip_invoice_01570.jpg
data/raw/pool/syn_hard_pos_00698.jpg,synthetic_hard_pos,synthetic_composite,1,1.0000,data/raw/pool/pos_rvlcdip_invoice_00183.jpg
data/raw/pool/syn_hard_pos_00699.jpg,synthetic_hard_pos,synthetic_composite,1,1.0000,data/raw/pool/pos_rvlcdip_invoice_01644.jpg
data/raw/pool/syn_hard_pos_00700.jpg,synthetic_hard_pos,synthetic_composite,1,1.0000,data/raw/pool/pos_rvlcdip_invoice_00963.jpg
data/raw/pool/syn_hard_pos_00701.jpg,synthetic_hard_pos,synthetic_composite,1,1.0000,data/raw/pool/pos_cord_receipts_00598.jpg
data/raw/pool/syn_hard_pos_00702.jpg,synthetic_hard_pos,synthetic_composite,1,1.0000,data/raw/pool/pos_rvlcdip_invoice_01492.jpg
data/raw/pool/syn_hard_pos_00703.jpg,synthetic_hard_pos,synthetic_composite,1,1.0000,data/raw/pool/pos_rvlcdip_invoice_00823.jpg
data/raw/pool/syn_hard_pos_00704.jpg,synthetic_hard_pos,synthetic_composite,1,1.0000,data/raw/pool/pos_rvlcdip_invoice_00049.jpg
data/raw/pool/syn_hard_pos_00705.jpg,synthetic_hard_pos,synthetic_composite,1,1.0000,data/raw/pool/pos_rvlcdip_invoice_00287.jpg
data/raw/pool/syn_hard_pos_00706.jpg,synthetic_hard_pos,synthetic_composite,1,1.0000,data/raw/pool/pos_rvlcdip_invoice_00550.jpg
data/raw/pool/syn_hard_pos_00707.jpg,synthetic_hard_pos,synthetic_composite,1,1.0000,data/raw/pool/pos_rvlcdip_invoice_00493.jpg
data/raw/pool/syn_hard_pos_00708.jpg,synthetic_hard_pos,synthetic_composite,1,1.0000,data/raw/pool/pos_rvlcdip_invoice_00781.jpg
data/raw/pool/syn_hard_pos_00709.jpg,synthetic_hard_pos,synthetic_composite,1,1.0000,data/raw/pool/pos_sroie_receipts_00171.jpg
data/raw/pool/syn_hard_pos_00710.jpg,synthetic_hard_pos,synthetic_composite,1,1.0000,data/raw/pool/pos_rvlcdip_invoice_00285.jpg
data/raw/pool/syn_hard_pos_00711.jpg,synthetic_hard_pos,synthetic_composite,1,1.0000,data/raw/pool/pos_cord_receipts_00341.jpg
data/raw/pool/syn_hard_pos_00712.jpg,synthetic_hard_pos,synthetic_composite,1,1.0000,data/raw/pool/pos_rvlcdip_invoice_01777.jpg
data/raw/pool/syn_hard_pos_00713.jpg,synthetic_hard_pos,synthetic_composite,1,1.0000,data/raw/pool/pos_cord_receipts_00434.jpg
data/raw/pool/syn_hard_pos_00714.jpg,synthetic_hard_pos,synthetic_composite,1,1.0000,data/raw/pool/pos_rvlcdip_invoice_01262.jpg
data/raw/pool/syn_hard_pos_00715.jpg,synthetic_hard_pos,synthetic_composite,1,1.0000,data/raw/pool/pos_rvlcdip_invoice_00864.jpg
data/raw/pool/syn_hard_pos_00716.jpg,synthetic_hard_pos,synthetic_composite,1,1.0000,data/raw/pool/pos_rvlcdip_invoice_00918.jpg
data/raw/pool/syn_hard_pos_00717.jpg,synthetic_hard_pos,synthetic_composite,1,1.0000,data/raw/pool/pos_sroie_receipts_00395.jpg
data/raw/pool/syn_hard_pos_00718.jpg,synthetic_hard_pos,synthetic_composite,1,1.0000,data/raw/pool/pos_rvlcdip_invoice_01676.jpg
data/raw/pool/syn_hard_pos_00719.jpg,synthetic_hard_pos,synthetic_composite,1,1.0000,data/raw/pool/pos_sroie_receipts_00464.jpg
data/raw/pool/syn_hard_pos_00720.jpg,synthetic_hard_pos,synthetic_composite,1,1.0000,data/raw/pool/pos_cord_receipts_00440.jpg
data/raw/pool/syn_hard_pos_00721.jpg,synthetic_hard_pos,synthetic_composite,1,1.0000,data/raw/pool/pos_rvlcdip_invoice_01203.jpg
data/raw/pool/syn_hard_pos_00722.jpg,synthetic_hard_pos,synthetic_composite,1,1.0000,data/raw/pool/pos_rvlcdip_invoice_00294.jpg
data/raw/pool/syn_hard_pos_00723.jpg,synthetic_hard_pos,synthetic_composite,1,1.0000,data/raw/pool/pos_rvlcdip_invoice_00299.jpg
data/raw/pool/syn_hard_pos_00724.jpg,synthetic_hard_pos,synthetic_composite,1,1.0000,data/raw/pool/pos_rvlcdip_invoice_01590.jpg
data/raw/pool/syn_hard_pos_00725.jpg,synthetic_hard_pos,synthetic_composite,1,1.0000,data/raw/pool/pos_rvlcdip_invoice_00999.jpg
data/raw/pool/syn_hard_pos_00726.jpg,synthetic_hard_pos,synthetic_composite,1,1.0000,data/raw/pool/pos_rvlcdip_invoice_01166.jpg
data/raw/pool/syn_hard_pos_00727.jpg,synthetic_hard_pos,synthetic_composite,1,1.0000,data/raw/pool/pos_rvlcdip_invoice_00160.jpg
data/raw/pool/syn_hard_pos_00728.jpg,synthetic_hard_pos,synthetic_composite,1,1.0000,data/raw/pool/pos_rvlcdip_invoice_01423.jpg
data/raw/pool/syn_hard_pos_00729.jpg,synthetic_hard_pos,synthetic_composite,1,1.0000,data/raw/pool/pos_rvlcdip_invoice_00798.jpg
data/raw/pool/syn_hard_pos_00730.jpg,synthetic_hard_pos,synthetic_composite,1,1.0000,data/raw/pool/pos_rvlcdip_invoice_00378.jpg
data/raw/pool/syn_hard_pos_00731.jpg,synthetic_hard_pos,synthetic_composite,1,1.0000,data/raw/pool/pos_rvlcdip_invoice_00312.jpg
data/raw/pool/syn_hard_pos_00732.jpg,synthetic_hard_pos,synthetic_composite,1,1.0000,data/raw/pool/pos_rvlcdip_invoice_00092.jpg
data/raw/pool/syn_hard_pos_00733.jpg,synthetic_hard_pos,synthetic_composite,1,1.0000,data/raw/pool/pos_sroie_receipts_00406.jpg
data/raw/pool/syn_hard_pos_00734.jpg,synthetic_hard_pos,synthetic_composite,1,1.0000,data/raw/pool/pos_rvlcdip_invoice_00088.jpg
data/raw/pool/syn_hard_pos_00735.jpg,synthetic_hard_pos,synthetic_composite,1,1.0000,data/raw/pool/pos_rvlcdip_invoice_01480.jpg
data/raw/pool/syn_hard_pos_00736.jpg,synthetic_hard_pos,synthetic_composite,1,1.0000,data/raw/pool/pos_cord_receipts_00311.jpg
data/raw/pool/syn_hard_pos_00737.jpg,synthetic_hard_pos,synthetic_composite,1,1.0000,data/raw/pool/pos_rvlcdip_invoice_01513.jpg
data/raw/pool/syn_hard_pos_00738.jpg,synthetic_hard_pos,synthetic_composite,1,1.0000,data/raw/pool/pos_rvlcdip_invoice_00490.jpg
data/raw/pool/syn_hard_pos_00739.jpg,synthetic_hard_pos,synthetic_composite,1,1.0000,data/raw/pool/pos_cord_receipts_00145.jpg
data/raw/pool/syn_hard_pos_00740.jpg,synthetic_hard_pos,synthetic_composite,1,1.0000,data/raw/pool/pos_rvlcdip_invoice_00166.jpg
data/raw/pool/syn_hard_pos_00741.jpg,synthetic_hard_pos,synthetic_composite,1,1.0000,data/raw/pool/pos_rvlcdip_invoice_01214.jpg
data/raw/pool/syn_hard_pos_00742.jpg,synthetic_hard_pos,synthetic_composite,1,1.0000,data/raw/pool/pos_rvlcdip_invoice_00206.jpg
data/raw/pool/syn_hard_pos_00743.jpg,synthetic_hard_pos,synthetic_composite,1,1.0000,data/raw/pool/pos_rvlcdip_invoice_00987.jpg
data/raw/pool/syn_hard_pos_00744.jpg,synthetic_hard_pos,synthetic_composite,1,1.0000,data/raw/pool/pos_rvlcdip_invoice_00479.jpg
data/raw/pool/syn_hard_pos_00745.jpg,synthetic_hard_pos,synthetic_composite,1,1.0000,data/raw/pool/pos_rvlcdip_invoice_01098.jpg
data/raw/pool/syn_hard_pos_00746.jpg,synthetic_hard_pos,synthetic_composite,1,1.0000,data/raw/pool/pos_rvlcdip_invoice_00719.jpg
data/raw/pool/syn_hard_pos_00747.jpg,synthetic_hard_pos,synthetic_composite,1,1.0000,data/raw/pool/pos_sroie_receipts_00088.jpg
data/raw/pool/syn_hard_pos_00748.jpg,synthetic_hard_pos,synthetic_composite,1,1.0000,data/raw/pool/pos_rvlcdip_invoice_00763.jpg
data/raw/pool/syn_hard_pos_00749.jpg,synthetic_hard_pos,synthetic_composite,1,1.0000,data/raw/pool/pos_rvlcdip_invoice_00595.jpg
data/raw/pool/syn_hard_pos_00750.jpg,synthetic_hard_pos,synthetic_composite,1,1.0000,data/raw/pool/pos_rvlcdip_invoice_01186.jpg
data/raw/pool/syn_hard_pos_00751.jpg,synthetic_hard_pos,synthetic_composite,1,1.0000,data/raw/pool/pos_rvlcdip_invoice_00037.jpg
data/raw/pool/syn_hard_pos_00752.jpg,synthetic_hard_pos,synthetic_composite,1,1.0000,data/raw/pool/pos_rvlcdip_invoice_01158.jpg
data/raw/pool/syn_hard_pos_00753.jpg,synthetic_hard_pos,synthetic_composite,1,1.0000,data/raw/pool/pos_rvlcdip_invoice_00942.jpg
data/raw/pool/syn_hard_pos_00754.jpg,synthetic_hard_pos,synthetic_composite,1,1.0000,data/raw/pool/pos_rvlcdip_invoice_00849.jpg
data/raw/pool/syn_hard_pos_00755.jpg,synthetic_hard_pos,synthetic_composite,1,1.0000,data/raw/pool/pos_rvlcdip_invoice_01127.jpg
data/raw/pool/syn_hard_pos_00756.jpg,synthetic_hard_pos,synthetic_composite,1,1.0000,data/raw/pool/pos_rvlcdip_invoice_00005.jpg
data/raw/pool/syn_hard_pos_00757.jpg,synthetic_hard_pos,synthetic_composite,1,1.0000,data/raw/pool/pos_rvlcdip_invoice_00454.jpg
data/raw/pool/syn_hard_pos_00758.jpg,synthetic_hard_pos,synthetic_composite,1,1.0000,data/raw/pool/pos_rvlcdip_invoice_00693.jpg
data/raw/pool/syn_hard_pos_00759.jpg,synthetic_hard_pos,synthetic_composite,1,1.0000,data/raw/pool/pos_rvlcdip_invoice_01233.jpg
data/raw/pool/syn_hard_pos_00760.jpg,synthetic_hard_pos,synthetic_composite,1,1.0000,data/raw/pool/pos_rvlcdip_invoice_01495.jpg
data/raw/pool/syn_hard_pos_00761.jpg,synthetic_hard_pos,synthetic_composite,1,1.0000,data/raw/pool/pos_sroie_receipts_00032.jpg
data/raw/pool/syn_hard_pos_00762.jpg,synthetic_hard_pos,synthetic_composite,1,1.0000,data/raw/pool/pos_sroie_receipts_00395.jpg
data/raw/pool/syn_hard_pos_00763.jpg,synthetic_hard_pos,synthetic_composite,1,1.0000,data/raw/pool/pos_rvlcdip_invoice_01736.jpg
data/raw/pool/syn_hard_pos_00764.jpg,synthetic_hard_pos,synthetic_composite,1,1.0000,data/raw/pool/pos_cord_receipts_00084.jpg
data/raw/pool/syn_hard_pos_00765.jpg,synthetic_hard_pos,synthetic_composite,1,1.0000,data/raw/pool/pos_rvlcdip_invoice_00769.jpg
data/raw/pool/syn_hard_pos_00766.jpg,synthetic_hard_pos,synthetic_composite,1,1.0000,data/raw/pool/pos_sroie_receipts_00269.jpg
data/raw/pool/syn_hard_pos_00767.jpg,synthetic_hard_pos,synthetic_composite,1,1.0000,data/raw/pool/pos_rvlcdip_invoice_00469.jpg
data/raw/pool/syn_hard_pos_00768.jpg,synthetic_hard_pos,synthetic_composite,1,1.0000,data/raw/pool/pos_rvlcdip_invoice_01687.jpg
data/raw/pool/syn_hard_pos_00769.jpg,synthetic_hard_pos,synthetic_composite,1,1.0000,data/raw/pool/pos_cord_receipts_00577.jpg
data/raw/pool/syn_hard_pos_00770.jpg,synthetic_hard_pos,synthetic_composite,1,1.0000,data/raw/pool/pos_rvlcdip_invoice_00622.jpg
data/raw/pool/syn_hard_pos_00771.jpg,synthetic_hard_pos,synthetic_composite,1,1.0000,data/raw/pool/pos_rvlcdip_invoice_01536.jpg
data/raw/pool/syn_hard_pos_00772.jpg,synthetic_hard_pos,synthetic_composite,1,1.0000,data/raw/pool/pos_sroie_receipts_00252.jpg
data/raw/pool/syn_hard_pos_00773.jpg,synthetic_hard_pos,synthetic_composite,1,1.0000,data/raw/pool/pos_sroie_receipts_00211.jpg
data/raw/pool/syn_hard_pos_00774.jpg,synthetic_hard_pos,synthetic_composite,1,1.0000,data/raw/pool/pos_cord_receipts_00238.jpg
data/raw/pool/syn_hard_pos_00775.jpg,synthetic_hard_pos,synthetic_composite,1,1.0000,data/raw/pool/pos_rvlcdip_invoice_00608.jpg
data/raw/pool/syn_hard_pos_00776.jpg,synthetic_hard_pos,synthetic_composite,1,1.0000,data/raw/pool/pos_rvlcdip_invoice_01082.jpg
data/raw/pool/syn_hard_pos_00777.jpg,synthetic_hard_pos,synthetic_composite,1,1.0000,data/raw/pool/pos_rvlcdip_invoice_01644.jpg
data/raw/pool/syn_hard_pos_00778.jpg,synthetic_hard_pos,synthetic_composite,1,1.0000,data/raw/pool/pos_sroie_receipts_00108.jpg
data/raw/pool/syn_hard_pos_00779.jpg,synthetic_hard_pos,synthetic_composite,1,1.0000,data/raw/pool/pos_rvlcdip_invoice_00602.jpg
data/raw/pool/syn_hard_pos_00780.jpg,synthetic_hard_pos,synthetic_composite,1,1.0000,data/raw/pool/pos_rvlcdip_invoice_00662.jpg
data/raw/pool/syn_hard_pos_00781.jpg,synthetic_hard_pos,synthetic_composite,1,1.0000,data/raw/pool/pos_rvlcdip_invoice_00993.jpg
data/raw/pool/syn_hard_pos_00782.jpg,synthetic_hard_pos,synthetic_composite,1,1.0000,data/raw/pool/pos_rvlcdip_invoice_01473.jpg
data/raw/pool/syn_hard_pos_00783.jpg,synthetic_hard_pos,synthetic_composite,1,1.0000,data/raw/pool/pos_cord_receipts_00057.jpg
data/raw/pool/syn_hard_pos_00784.jpg,synthetic_hard_pos,synthetic_composite,1,1.0000,data/raw/pool/pos_rvlcdip_invoice_00335.jpg
data/raw/pool/syn_hard_pos_00785.jpg,synthetic_hard_pos,synthetic_composite,1,1.0000,data/raw/pool/pos_rvlcdip_invoice_00418.jpg
data/raw/pool/syn_hard_pos_00786.jpg,synthetic_hard_pos,synthetic_composite,1,1.0000,data/raw/pool/pos_rvlcdip_invoice_00793.jpg
data/raw/pool/syn_hard_pos_00787.jpg,synthetic_hard_pos,synthetic_composite,1,1.0000,data/raw/pool/pos_sroie_receipts_00345.jpg
data/raw/pool/syn_hard_pos_00788.jpg,synthetic_hard_pos,synthetic_composite,1,1.0000,data/raw/pool/pos_rvlcdip_invoice_01042.jpg
data/raw/pool/syn_hard_pos_00789.jpg,synthetic_hard_pos,synthetic_composite,1,1.0000,data/raw/pool/pos_rvlcdip_invoice_00633.jpg
data/raw/pool/syn_hard_pos_00790.jpg,synthetic_hard_pos,synthetic_composite,1,1.0000,data/raw/pool/pos_rvlcdip_invoice_01519.jpg
data/raw/pool/syn_hard_pos_00791.jpg,synthetic_hard_pos,synthetic_composite,1,1.0000,data/raw/pool/pos_rvlcdip_invoice_00786.jpg
data/raw/pool/syn_hard_pos_00792.jpg,synthetic_hard_pos,synthetic_composite,1,1.0000,data/raw/pool/pos_rvlcdip_invoice_01133.jpg
data/raw/pool/syn_hard_pos_00793.jpg,synthetic_hard_pos,synthetic_composite,1,1.0000,data/raw/pool/pos_sroie_receipts_00354.jpg
data/raw/pool/syn_hard_pos_00794.jpg,synthetic_hard_pos,synthetic_composite,1,1.0000,data/raw/pool/pos_rvlcdip_invoice_01515.jpg
data/raw/pool/syn_hard_pos_00795.jpg,synthetic_hard_pos,synthetic_composite,1,1.0000,data/raw/pool/pos_rvlcdip_invoice_00898.jpg
data/raw/pool/syn_hard_pos_00796.jpg,synthetic_hard_pos,synthetic_composite,1,1.0000,data/raw/pool/pos_rvlcdip_invoice_01509.jpg
data/raw/pool/syn_hard_pos_00797.jpg,synthetic_hard_pos,synthetic_composite,1,1.0000,data/raw/pool/pos_rvlcdip_invoice_00442.jpg
data/raw/pool/syn_hard_pos_00798.jpg,synthetic_hard_pos,synthetic_composite,1,1.0000,data/raw/pool/pos_rvlcdip_invoice_00350.jpg
data/raw/pool/syn_hard_pos_00799.jpg,synthetic_hard_pos,synthetic_composite,1,1.0000,data/raw/pool/pos_rvlcdip_invoice_00267.jpg
data/raw/pool/syn_hard_pos_00800.jpg,synthetic_hard_pos,synthetic_composite,1,1.0000,data/raw/pool/pos_cord_receipts_00503.jpg
data/raw/pool/syn_hard_pos_00801.jpg,synthetic_hard_pos,synthetic_composite,1,1.0000,data/raw/pool/pos_rvlcdip_invoice_00285.jpg
data/raw/pool/syn_hard_pos_00802.jpg,synthetic_hard_pos,synthetic_composite,1,1.0000,data/raw/pool/pos_sroie_receipts_00246.jpg
data/raw/pool/syn_hard_pos_00803.jpg,synthetic_hard_pos,synthetic_composite,1,1.0000,data/raw/pool/pos_rvlcdip_invoice_01644.jpg
data/raw/pool/syn_hard_pos_00804.jpg,synthetic_hard_pos,synthetic_composite,1,1.0000,data/raw/pool/pos_rvlcdip_invoice_00122.jpg
data/raw/pool/syn_hard_pos_00805.jpg,synthetic_hard_pos,synthetic_composite,1,1.0000,data/raw/pool/pos_sroie_receipts_00213.jpg
data/raw/pool/syn_hard_pos_00806.jpg,synthetic_hard_pos,synthetic_composite,1,1.0000,data/raw/pool/pos_sroie_receipts_00417.jpg
data/raw/pool/syn_hard_pos_00807.jpg,synthetic_hard_pos,synthetic_composite,1,1.0000,data/raw/pool/pos_rvlcdip_invoice_01017.jpg
data/raw/pool/syn_hard_pos_00808.jpg,synthetic_hard_pos,synthetic_composite,1,1.0000,data/raw/pool/pos_sroie_receipts_00214.jpg
data/raw/pool/syn_hard_pos_00809.jpg,synthetic_hard_pos,synthetic_composite,1,1.0000,data/raw/pool/pos_rvlcdip_invoice_01771.jpg
data/raw/pool/syn_hard_pos_00810.jpg,synthetic_hard_pos,synthetic_composite,1,1.0000,data/raw/pool/pos_rvlcdip_invoice_01091.jpg
data/raw/pool/syn_hard_pos_00811.jpg,synthetic_hard_pos,synthetic_composite,1,1.0000,data/raw/pool/pos_cord_receipts_00238.jpg
data/raw/pool/syn_hard_pos_00812.jpg,synthetic_hard_pos,synthetic_composite,1,1.0000,data/raw/pool/pos_rvlcdip_invoice_00705.jpg
data/raw/pool/syn_hard_pos_00813.jpg,synthetic_hard_pos,synthetic_composite,1,1.0000,data/raw/pool/pos_sroie_receipts_00171.jpg
data/raw/pool/syn_hard_pos_00814.jpg,synthetic_hard_pos,synthetic_composite,1,1.0000,data/raw/pool/pos_rvlcdip_invoice_00938.jpg
data/raw/pool/syn_hard_pos_00815.jpg,synthetic_hard_pos,synthetic_composite,1,1.0000,data/raw/pool/pos_rvlcdip_invoice_00627.jpg
data/raw/pool/syn_hard_pos_00816.jpg,synthetic_hard_pos,synthetic_composite,1,1.0000,data/raw/pool/pos_rvlcdip_invoice_01253.jpg
data/raw/pool/syn_hard_pos_00817.jpg,synthetic_hard_pos,synthetic_composite,1,1.0000,data/raw/pool/pos_rvlcdip_invoice_01579.jpg
data/raw/pool/syn_hard_pos_00818.jpg,synthetic_hard_pos,synthetic_composite,1,1.0000,data/raw/pool/pos_rvlcdip_invoice_00019.jpg
data/raw/pool/syn_hard_pos_00819.jpg,synthetic_hard_neg,synthetic_composite,0,1.0000,data/raw/pool/neg_rvlcdip_other_00538.jpg
data/raw/pool/syn_hard_pos_00820.jpg,synthetic_hard_pos,synthetic_composite,1,1.0000,data/raw/pool/pos_cord_receipts_00569.jpg
data/raw/pool/syn_hard_pos_00821.jpg,synthetic_hard_pos,synthetic_composite,1,1.0000,data/raw/pool/pos_rvlcdip_invoice_00154.jpg
data/raw/pool/syn_hard_pos_00822.jpg,synthetic_hard_pos,synthetic_composite,1,1.0000,data/raw/pool/pos_rvlcdip_invoice_01360.jpg
data/raw/pool/syn_hard_pos_00823.jpg,synthetic_hard_pos,synthetic_composite,1,1.0000,data/raw/pool/pos_sroie_receipts_00222.jpg
data/raw/pool/syn_hard_pos_00824.jpg,synthetic_hard_pos,synthetic_composite,1,1.0000,data/raw/pool/pos_rvlcdip_invoice_00331.jpg
data/raw/pool/syn_hard_pos_00825.jpg,synthetic_hard_pos,synthetic_composite,1,1.0000,data/raw/pool/pos_rvlcdip_invoice_00867.jpg
data/raw/pool/syn_hard_pos_00826.jpg,synthetic_hard_pos,synthetic_composite,1,1.0000,data/raw/pool/pos_cord_receipts_00104.jpg
data/raw/pool/syn_hard_pos_00827.jpg,synthetic_hard_pos,synthetic_composite,1,1.0000,data/raw/pool/pos_rvlcdip_invoice_01123.jpg
data/raw/pool/syn_hard_pos_00828.jpg,synthetic_hard_pos,synthetic_composite,1,1.0000,data/raw/pool/pos_rvlcdip_invoice_01387.jpg
data/raw/pool/syn_hard_pos_00829.jpg,synthetic_hard_pos,synthetic_composite,1,1.0000,data/raw/pool/pos_cord_receipts_00484.jpg
data/raw/pool/syn_hard_pos_00830.jpg,synthetic_hard_pos,synthetic_composite,1,1.0000,data/raw/pool/pos_rvlcdip_invoice_00237.jpg
data/raw/pool/syn_hard_pos_00831.jpg,synthetic_hard_pos,synthetic_composite,1,1.0000,data/raw/pool/pos_rvlcdip_invoice_01384.jpg
data/raw/pool/syn_hard_pos_00832.jpg,synthetic_hard_pos,synthetic_composite,1,1.0000,data/raw/pool/pos_rvlcdip_invoice_01159.jpg
data/raw/pool/syn_hard_pos_00833.jpg,synthetic_hard_pos,synthetic_composite,1,1.0000,data/raw/pool/pos_rvlcdip_invoice_01264.jpg
data/raw/pool/syn_hard_pos_00834.jpg,synthetic_hard_pos,synthetic_composite,1,1.0000,data/raw/pool/pos_rvlcdip_invoice_01600.jpg
data/raw/pool/syn_hard_pos_00835.jpg,synthetic_hard_pos,synthetic_composite,1,1.0000,data/raw/pool/pos_sroie_receipts_00196.jpg
data/raw/pool/syn_hard_pos_00836.jpg,synthetic_hard_pos,synthetic_composite,1,1.0000,data/raw/pool/pos_rvlcdip_invoice_01438.jpg
data/raw/pool/syn_hard_pos_00837.jpg,synthetic_hard_pos,synthetic_composite,1,1.0000,data/raw/pool/pos_sroie_receipts_00330.jpg
data/raw/pool/syn_hard_pos_00838.jpg,synthetic_hard_pos,synthetic_composite,1,1.0000,data/raw/pool/pos_rvlcdip_invoice_00788.jpg
data/raw/pool/syn_hard_pos_00839.jpg,synthetic_hard_pos,synthetic_composite,1,1.0000,data/raw/pool/pos_rvlcdip_invoice_00962.jpg
data/raw/pool/syn_hard_pos_00840.jpg,synthetic_hard_pos,synthetic_composite,1,1.0000,data/raw/pool/pos_cord_receipts_00470.jpg
data/raw/pool/syn_hard_pos_00841.jpg,synthetic_hard_pos,synthetic_composite,1,1.0000,data/raw/pool/pos_sroie_receipts_00456.jpg
data/raw/pool/syn_hard_pos_00842.jpg,synthetic_hard_pos,synthetic_composite,1,1.0000,data/raw/pool/pos_rvlcdip_invoice_01237.jpg
data/raw/pool/syn_hard_pos_00843.jpg,synthetic_hard_pos,synthetic_composite,1,1.0000,data/raw/pool/pos_sroie_receipts_00332.jpg
data/raw/pool/syn_hard_pos_00844.jpg,synthetic_hard_pos,synthetic_composite,1,1.0000,data/raw/pool/pos_rvlcdip_invoice_01249.jpg
data/raw/pool/syn_hard_pos_00845.jpg,synthetic_hard_pos,synthetic_composite,1,1.0000,data/raw/pool/pos_rvlcdip_invoice_00792.jpg
data/raw/pool/syn_hard_pos_00846.jpg,synthetic_hard_pos,synthetic_composite,1,1.0000,data/raw/pool/pos_cord_receipts_00319.jpg
data/raw/pool/syn_hard_pos_00847.jpg,synthetic_hard_pos,synthetic_composite,1,1.0000,data/raw/pool/pos_rvlcdip_invoice_01361.jpg
data/raw/pool/syn_hard_pos_00848.jpg,synthetic_hard_pos,synthetic_composite,1,1.0000,data/raw/pool/pos_cord_receipts_00439.jpg
data/raw/pool/syn_hard_pos_00849.jpg,synthetic_hard_pos,synthetic_composite,1,1.0000,data/raw/pool/pos_rvlcdip_invoice_00197.jpg
data/raw/pool/syn_hard_pos_00850.jpg,synthetic_hard_pos,synthetic_composite,1,1.0000,data/raw/pool/pos_rvlcdip_invoice_00534.jpg
data/raw/pool/syn_hard_pos_00851.jpg,synthetic_hard_pos,synthetic_composite,1,1.0000,data/raw/pool/pos_rvlcdip_invoice_00011.jpg
data/raw/pool/syn_hard_pos_00852.jpg,synthetic_hard_pos,synthetic_composite,1,1.0000,data/raw/pool/pos_cord_receipts_00464.jpg
data/raw/pool/syn_hard_pos_00853.jpg,synthetic_hard_pos,synthetic_composite,1,1.0000,data/raw/pool/pos_rvlcdip_invoice_00151.jpg
data/raw/pool/syn_hard_pos_00854.jpg,synthetic_hard_pos,synthetic_composite,1,1.0000,data/raw/pool/pos_rvlcdip_invoice_00984.jpg
data/raw/pool/syn_hard_pos_00855.jpg,synthetic_hard_pos,synthetic_composite,1,1.0000,data/raw/pool/pos_rvlcdip_invoice_01725.jpg
data/raw/pool/syn_hard_pos_00856.jpg,synthetic_hard_pos,synthetic_composite,1,1.0000,data/raw/pool/pos_rvlcdip_invoice_01178.jpg
data/raw/pool/syn_hard_pos_00857.jpg,synthetic_hard_pos,synthetic_composite,1,1.0000,data/raw/pool/pos_rvlcdip_invoice_01766.jpg
data/raw/pool/syn_hard_pos_00858.jpg,synthetic_hard_pos,synthetic_composite,1,1.0000,data/raw/pool/pos_cord_receipts_00417.jpg
data/raw/pool/syn_hard_pos_00859.jpg,synthetic_hard_neg,synthetic_composite,0,1.0000,data/raw/pool/neg_rvlcdip_other_00603.jpg
data/raw/pool/syn_hard_pos_00860.jpg,synthetic_hard_pos,synthetic_composite,1,1.0000,data/raw/pool/pos_sroie_receipts_00106.jpg
data/raw/pool/syn_hard_pos_00861.jpg,synthetic_hard_pos,synthetic_composite,1,1.0000,data/raw/pool/pos_rvlcdip_invoice_00967.jpg
data/raw/pool/syn_hard_pos_00862.jpg,synthetic_hard_pos,synthetic_composite,1,1.0000,data/raw/pool/pos_rvlcdip_invoice_00389.jpg
data/raw/pool/syn_hard_pos_00863.jpg,synthetic_hard_pos,synthetic_composite,1,1.0000,data/raw/pool/pos_rvlcdip_invoice_00777.jpg
data/raw/pool/syn_hard_pos_00864.jpg,synthetic_hard_pos,synthetic_composite,1,1.0000,data/raw/pool/pos_cord_receipts_00213.jpg
data/raw/pool/syn_hard_pos_00865.jpg,synthetic_hard_pos,synthetic_composite,1,1.0000,data/raw/pool/pos_rvlcdip_invoice_00013.jpg
data/raw/pool/syn_hard_pos_00866.jpg,synthetic_hard_pos,synthetic_composite,1,1.0000,data/raw/pool/pos_rvlcdip_invoice_01679.jpg
data/raw/pool/syn_hard_pos_00867.jpg,synthetic_hard_pos,synthetic_composite,1,1.0000,data/raw/pool/pos_rvlcdip_invoice_01715.jpg
data/raw/pool/syn_hard_pos_00868.jpg,synthetic_hard_pos,synthetic_composite,1,1.0000,data/raw/pool/pos_rvlcdip_invoice_00069.jpg
data/raw/pool/syn_hard_pos_00869.jpg,synthetic_hard_pos,synthetic_composite,1,1.0000,data/raw/pool/pos_rvlcdip_invoice_00013.jpg
data/raw/pool/syn_hard_pos_00870.jpg,synthetic_hard_pos,synthetic_composite,1,1.0000,data/raw/pool/pos_rvlcdip_invoice_01397.jpg
data/raw/pool/syn_hard_pos_00871.jpg,synthetic_hard_pos,synthetic_composite,1,1.0000,data/raw/pool/pos_sroie_receipts_00210.jpg
data/raw/pool/syn_hard_pos_00872.jpg,synthetic_hard_pos,synthetic_composite,1,1.0000,data/raw/pool/pos_rvlcdip_invoice_00897.jpg
data/raw/pool/syn_hard_pos_00873.jpg,synthetic_hard_pos,synthetic_composite,1,1.0000,data/raw/pool/pos_rvlcdip_invoice_01703.jpg
data/raw/pool/syn_hard_pos_00874.jpg,synthetic_hard_pos,synthetic_composite,1,1.0000,data/raw/pool/pos_rvlcdip_invoice_01441.jpg
data/raw/pool/syn_hard_pos_00875.jpg,synthetic_hard_pos,synthetic_composite,1,1.0000,data/raw/pool/pos_rvlcdip_invoice_00360.jpg
data/raw/pool/syn_hard_pos_00876.jpg,synthetic_hard_pos,synthetic_composite,1,1.0000,data/raw/pool/pos_rvlcdip_invoice_01086.jpg
data/raw/pool/syn_hard_pos_00877.jpg,synthetic_hard_pos,synthetic_composite,1,1.0000,data/raw/pool/pos_rvlcdip_invoice_01647.jpg
data/raw/pool/syn_hard_pos_00878.jpg,synthetic_hard_pos,synthetic_composite,1,1.0000,data/raw/pool/pos_rvlcdip_invoice_01299.jpg
data/raw/pool/syn_hard_pos_00879.jpg,synthetic_hard_pos,synthetic_composite,1,1.0000,data/raw/pool/pos_rvlcdip_invoice_00125.jpg
data/raw/pool/syn_hard_pos_00880.jpg,synthetic_hard_pos,synthetic_composite,1,1.0000,data/raw/pool/pos_rvlcdip_invoice_00668.jpg
data/raw/pool/syn_hard_pos_00881.jpg,synthetic_hard_pos,synthetic_composite,1,1.0000,data/raw/pool/pos_rvlcdip_invoice_01109.jpg
data/raw/pool/syn_hard_pos_00882.jpg,synthetic_hard_pos,synthetic_composite,1,1.0000,data/raw/pool/pos_cord_receipts_00162.jpg
data/raw/pool/syn_hard_pos_00883.jpg,synthetic_hard_pos,synthetic_composite,1,1.0000,data/raw/pool/pos_rvlcdip_invoice_01400.jpg
data/raw/pool/syn_hard_pos_00884.jpg,synthetic_hard_pos,synthetic_composite,1,1.0000,data/raw/pool/pos_rvlcdip_invoice_00758.jpg
data/raw/pool/syn_hard_pos_00885.jpg,synthetic_hard_pos,synthetic_composite,1,1.0000,data/raw/pool/pos_sroie_receipts_00288.jpg
data/raw/pool/syn_hard_pos_00886.jpg,synthetic_hard_pos,synthetic_composite,1,1.0000,data/raw/pool/pos_rvlcdip_invoice_01214.jpg
data/raw/pool/syn_hard_pos_00887.jpg,synthetic_hard_pos,synthetic_composite,1,1.0000,data/raw/pool/pos_sroie_receipts_00051.jpg
data/raw/pool/syn_hard_pos_00888.jpg,synthetic_hard_pos,synthetic_composite,1,1.0000,data/raw/pool/pos_rvlcdip_invoice_00433.jpg
data/raw/pool/syn_hard_pos_00889.jpg,synthetic_hard_pos,synthetic_composite,1,1.0000,data/raw/pool/pos_sroie_receipts_00449.jpg
data/raw/pool/syn_hard_pos_00890.jpg,synthetic_hard_pos,synthetic_composite,1,1.0000,data/raw/pool/pos_rvlcdip_invoice_00368.jpg
data/raw/pool/syn_hard_pos_00891.jpg,synthetic_hard_pos,synthetic_composite,1,1.0000,data/raw/pool/pos_sroie_receipts_00310.jpg
data/raw/pool/syn_hard_pos_00892.jpg,synthetic_hard_pos,synthetic_composite,1,1.0000,data/raw/pool/pos_cord_receipts_00022.jpg
data/raw/pool/syn_hard_pos_00893.jpg,synthetic_hard_pos,synthetic_composite,1,1.0000,data/raw/pool/pos_rvlcdip_invoice_01464.jpg
data/raw/pool/syn_hard_pos_00894.jpg,synthetic_hard_pos,synthetic_composite,1,1.0000,data/raw/pool/pos_rvlcdip_invoice_01648.jpg
data/raw/pool/syn_hard_pos_00895.jpg,synthetic_hard_pos,synthetic_composite,1,1.0000,data/raw/pool/pos_rvlcdip_invoice_00405.jpg
data/raw/pool/syn_hard_pos_00896.jpg,synthetic_hard_pos,synthetic_composite,1,1.0000,data/raw/pool/pos_rvlcdip_invoice_00666.jpg
data/raw/pool/syn_hard_pos_00897.jpg,synthetic_hard_pos,synthetic_composite,1,1.0000,data/raw/pool/pos_rvlcdip_invoice_01534.jpg
data/raw/pool/syn_hard_pos_00898.jpg,synthetic_hard_neg,synthetic_composite,0,1.0000,data/raw/pool/neg_rvlcdip_other_00323.jpg
data/raw/pool/syn_hard_pos_00899.jpg,synthetic_hard_pos,synthetic_composite,1,1.0000,data/raw/pool/pos_rvlcdip_invoice_00123.jpg
data/raw/pool/syn_hard_neg_00000.jpg,synthetic_hard_neg,synthetic_composite,0,1.0000,data/raw/pool/neg_rvlcdip_other_01527.jpg
data/raw/pool/syn_hard_neg_00001.jpg,synthetic_hard_pos,synthetic_composite,1,1.0000,data/raw/pool/pos_cord_receipts_00072.jpg
data/raw/pool/syn_hard_neg_00002.jpg,synthetic_hard_neg,synthetic_composite,0,1.0000,data/raw/pool/neg_rvlcdip_other_00130.jpg
data/raw/pool/syn_hard_neg_00003.jpg,synthetic_hard_neg,synthetic_composite,0,1.0000,data/raw/pool/neg_rvlcdip_other_00527.jpg
data/raw/pool/syn_hard_neg_00004.jpg,synthetic_hard_neg,synthetic_composite,0,1.0000,data/raw/pool/neg_rvlcdip_other_01356.jpg
data/raw/pool/syn_hard_neg_00005.jpg,synthetic_hard_pos,synthetic_composite,1,1.0000,data/raw/pool/pos_cord_receipts_00423.jpg
data/raw/pool/syn_hard_neg_00006.jpg,synthetic_hard_neg,synthetic_composite,0,1.0000,data/raw/pool/neg_rvlcdip_other_00637.jpg
data/raw/pool/syn_hard_neg_00007.jpg,synthetic_hard_pos,synthetic_composite,1,1.0000,data/raw/pool/pos_sroie_receipts_00074.jpg
data/raw/pool/syn_hard_neg_00008.jpg,synthetic_hard_neg,synthetic_composite,0,1.0000,data/raw/pool/neg_rvlcdip_other_01749.jpg
data/raw/pool/syn_hard_neg_00009.jpg,synthetic_hard_neg,synthetic_composite,0,1.0000,data/raw/pool/neg_rvlcdip_other_01502.jpg
data/raw/pool/syn_hard_neg_00010.jpg,synthetic_hard_neg,synthetic_composite,0,1.0000,data/raw/pool/neg_rvlcdip_other_00868.jpg
data/raw/pool/syn_hard_neg_00011.jpg,synthetic_hard_pos,synthetic_composite,1,1.0000,data/raw/pool/pos_sroie_receipts_00103.jpg
data/raw/pool/syn_hard_neg_00012.jpg,synthetic_hard_neg,synthetic_composite,0,1.0000,data/raw/pool/neg_rvlcdip_other_01041.jpg
data/raw/pool/syn_hard_neg_00013.jpg,synthetic_hard_neg,synthetic_composite,0,1.0000,data/raw/pool/neg_rvlcdip_other_00349.jpg
data/raw/pool/syn_hard_neg_00014.jpg,synthetic_hard_neg,synthetic_composite,0,1.0000,data/raw/pool/neg_rvlcdip_other_00225.jpg
data/raw/pool/syn_hard_neg_00015.jpg,synthetic_hard_neg,synthetic_composite,0,1.0000,data/raw/pool/neg_rvlcdip_other_00181.jpg
data/raw/pool/syn_hard_neg_00016.jpg,synthetic_hard_neg,synthetic_composite,0,1.0000,data/raw/pool/neg_rvlcdip_other_01652.jpg
data/raw/pool/syn_hard_neg_00017.jpg,synthetic_hard_neg,synthetic_composite,0,1.0000,data/raw/pool/neg_rvlcdip_other_01284.jpg
data/raw/pool/syn_hard_neg_00018.jpg,synthetic_hard_neg,synthetic_composite,0,1.0000,data/raw/pool/neg_rvlcdip_other_01538.jpg
data/raw/pool/syn_hard_neg_00019.jpg,synthetic_hard_neg,synthetic_composite,0,1.0000,data/raw/pool/neg_rvlcdip_other_00738.jpg
data/raw/pool/syn_hard_neg_00020.jpg,synthetic_hard_pos,synthetic_composite,1,1.0000,data/raw/pool/pos_cord_receipts_00597.jpg
data/raw/pool/syn_hard_neg_00021.jpg,synthetic_hard_pos,synthetic_composite,1,1.0000,data/raw/pool/pos_rvlcdip_invoice_00191.jpg
data/raw/pool/syn_hard_neg_00022.jpg,synthetic_hard_pos,synthetic_composite,1,1.0000,data/raw/pool/pos_cord_receipts_00201.jpg
data/raw/pool/syn_hard_neg_00023.jpg,synthetic_hard_pos,synthetic_composite,1,1.0000,data/raw/pool/pos_cord_receipts_00413.jpg
data/raw/pool/syn_hard_neg_00024.jpg,synthetic_hard_pos,synthetic_composite,1,1.0000,data/raw/pool/pos_sroie_receipts_00529.jpg
data/raw/pool/syn_hard_neg_00025.jpg,synthetic_hard_neg,synthetic_composite,0,1.0000,data/raw/pool/neg_rvlcdip_other_00229.jpg
data/raw/pool/syn_hard_neg_00026.jpg,synthetic_hard_neg,synthetic_composite,0,1.0000,data/raw/pool/neg_rvlcdip_other_00270.jpg
data/raw/pool/syn_hard_neg_00027.jpg,synthetic_hard_neg,synthetic_composite,0,1.0000,data/raw/pool/neg_rvlcdip_other_00908.jpg
data/raw/pool/syn_hard_neg_00028.jpg,synthetic_hard_pos,synthetic_composite,1,1.0000,data/raw/pool/pos_cord_receipts_00536.jpg
data/raw/pool/syn_hard_neg_00029.jpg,synthetic_hard_neg,synthetic_composite,0,1.0000,data/raw/pool/neg_rvlcdip_other_00655.jpg
data/raw/pool/syn_hard_neg_00030.jpg,synthetic_hard_neg,synthetic_composite,0,1.0000,data/raw/pool/neg_rvlcdip_other_00171.jpg
data/raw/pool/syn_hard_neg_00031.jpg,synthetic_hard_neg,synthetic_composite,0,1.0000,data/raw/pool/neg_rvlcdip_other_00770.jpg
data/raw/pool/syn_hard_neg_00032.jpg,synthetic_hard_neg,synthetic_composite,0,1.0000,data/raw/pool/neg_rvlcdip_other_00652.jpg
data/raw/pool/syn_hard_neg_00033.jpg,synthetic_hard_pos,synthetic_composite,1,1.0000,data/raw/pool/pos_cord_receipts_00365.jpg
data/raw/pool/syn_hard_neg_00034.jpg,synthetic_hard_pos,synthetic_composite,1,1.0000,data/raw/pool/pos_sroie_receipts_00363.jpg
data/raw/pool/syn_hard_neg_00035.jpg,synthetic_hard_neg,synthetic_composite,0,1.0000,data/raw/pool/neg_rvlcdip_other_01642.jpg
data/raw/pool/syn_hard_neg_00036.jpg,synthetic_hard_neg,synthetic_composite,0,1.0000,data/raw/pool/neg_rvlcdip_other_00355.jpg
data/raw/pool/syn_hard_neg_00037.jpg,synthetic_hard_neg,synthetic_composite,0,1.0000,data/raw/pool/neg_rvlcdip_other_00312.jpg
data/raw/pool/syn_hard_neg_00038.jpg,synthetic_hard_pos,synthetic_composite,1,1.0000,data/raw/pool/pos_sroie_receipts_00273.jpg
data/raw/pool/syn_hard_neg_00039.jpg,synthetic_hard_neg,synthetic_composite,0,1.0000,data/raw/pool/neg_rvlcdip_other_00438.jpg
data/raw/pool/syn_hard_neg_00040.jpg,synthetic_hard_neg,synthetic_composite,0,1.0000,data/raw/pool/neg_rvlcdip_other_00362.jpg
data/raw/pool/syn_hard_neg_00041.jpg,synthetic_hard_neg,synthetic_composite,0,1.0000,data/raw/pool/neg_rvlcdip_other_00731.jpg
data/raw/pool/syn_hard_neg_00042.jpg,synthetic_hard_neg,synthetic_composite,0,1.0000,data/raw/pool/neg_rvlcdip_other_00000.jpg
data/raw/pool/syn_hard_neg_00043.jpg,synthetic_hard_pos,synthetic_composite,1,1.0000,data/raw/pool/pos_sroie_receipts_00376.jpg
data/raw/pool/syn_hard_neg_00044.jpg,synthetic_hard_pos,synthetic_composite,1,1.0000,data/raw/pool/pos_cord_receipts_00528.jpg
data/raw/pool/syn_hard_neg_00045.jpg,synthetic_hard_neg,synthetic_composite,0,1.0000,data/raw/pool/neg_rvlcdip_other_01469.jpg
data/raw/pool/syn_hard_neg_00046.jpg,synthetic_hard_neg,synthetic_composite,0,1.0000,data/raw/pool/neg_rvlcdip_other_00935.jpg
data/raw/pool/syn_hard_neg_00047.jpg,synthetic_hard_pos,synthetic_composite,1,1.0000,data/raw/pool/pos_sroie_receipts_00343.jpg
data/raw/pool/syn_hard_neg_00048.jpg,synthetic_hard_pos,synthetic_composite,1,1.0000,data/raw/pool/pos_cord_receipts_00222.jpg
data/raw/pool/syn_hard_neg_00049.jpg,synthetic_hard_neg,synthetic_composite,0,1.0000,data/raw/pool/neg_rvlcdip_other_01016.jpg
data/raw/pool/syn_hard_neg_00050.jpg,synthetic_hard_pos,synthetic_composite,1,1.0000,data/raw/pool/pos_cord_receipts_00149.jpg
data/raw/pool/syn_hard_neg_00051.jpg,synthetic_hard_neg,synthetic_composite,0,1.0000,data/raw/pool/neg_rvlcdip_other_00107.jpg
data/raw/pool/syn_hard_neg_00052.jpg,synthetic_hard_neg,synthetic_composite,0,1.0000,data/raw/pool/neg_rvlcdip_other_01454.jpg
data/raw/pool/syn_hard_neg_00053.jpg,synthetic_hard_pos,synthetic_composite,1,1.0000,data/raw/pool/pos_sroie_receipts_00340.jpg
data/raw/pool/syn_hard_neg_00054.jpg,synthetic_hard_neg,synthetic_composite,0,1.0000,data/raw/pool/neg_rvlcdip_other_00369.jpg
data/raw/pool/syn_hard_neg_00055.jpg,synthetic_hard_pos,synthetic_composite,1,1.0000,data/raw/pool/pos_cord_receipts_00030.jpg
data/raw/pool/syn_hard_neg_00056.jpg,synthetic_hard_pos,synthetic_composite,1,1.0000,data/raw/pool/pos_rvlcdip_invoice_01346.jpg
data/raw/pool/syn_hard_neg_00057.jpg,synthetic_hard_neg,synthetic_composite,0,1.0000,data/raw/pool/neg_rvlcdip_other_00627.jpg
data/raw/pool/syn_hard_neg_00058.jpg,synthetic_hard_pos,synthetic_composite,1,1.0000,data/raw/pool/pos_cord_receipts_00259.jpg
data/raw/pool/syn_hard_neg_00059.jpg,synthetic_hard_pos,synthetic_composite,1,1.0000,data/raw/pool/pos_sroie_receipts_00375.jpg
data/raw/pool/syn_hard_neg_00060.jpg,synthetic_hard_pos,synthetic_composite,1,1.0000,data/raw/pool/pos_sroie_receipts_00121.jpg
data/raw/pool/syn_hard_neg_00061.jpg,synthetic_hard_neg,synthetic_composite,0,1.0000,data/raw/pool/neg_rvlcdip_other_00382.jpg
data/raw/pool/syn_hard_neg_00062.jpg,synthetic_hard_pos,synthetic_composite,1,1.0000,data/raw/pool/pos_rvlcdip_invoice_00969.jpg
data/raw/pool/syn_hard_neg_00063.jpg,synthetic_hard_pos,synthetic_composite,1,1.0000,data/raw/pool/pos_cord_receipts_00438.jpg
data/raw/pool/syn_hard_neg_00064.jpg,synthetic_hard_pos,synthetic_composite,1,1.0000,data/raw/pool/pos_sroie_receipts_00540.jpg
data/raw/pool/syn_hard_neg_00065.jpg,synthetic_hard_neg,synthetic_composite,0,1.0000,data/raw/pool/neg_rvlcdip_other_01572.jpg
data/raw/pool/syn_hard_neg_00066.jpg,synthetic_hard_neg,synthetic_composite,0,1.0000,data/raw/pool/neg_rvlcdip_other_01407.jpg
data/raw/pool/syn_hard_neg_00067.jpg,synthetic_hard_neg,synthetic_composite,0,1.0000,data/raw/pool/neg_rvlcdip_other_01788.jpg
data/raw/pool/syn_hard_neg_00068.jpg,synthetic_hard_neg,synthetic_composite,0,1.0000,data/raw/pool/neg_rvlcdip_other_00023.jpg
data/raw/pool/syn_hard_neg_00069.jpg,synthetic_hard_neg,synthetic_composite,0,1.0000,data/raw/pool/neg_rvlcdip_other_00579.jpg
data/raw/pool/syn_hard_neg_00070.jpg,synthetic_hard_pos,synthetic_composite,1,1.0000,data/raw/pool/pos_sroie_receipts_00308.jpg
data/raw/pool/syn_hard_neg_00071.jpg,synthetic_hard_neg,synthetic_composite,0,1.0000,data/raw/pool/neg_rvlcdip_other_00308.jpg
data/raw/pool/syn_hard_neg_00072.jpg,synthetic_hard_neg,synthetic_composite,0,1.0000,data/raw/pool/neg_rvlcdip_other_00347.jpg
data/raw/pool/syn_hard_neg_00073.jpg,synthetic_hard_neg,synthetic_composite,0,1.0000,data/raw/pool/neg_rvlcdip_other_00426.jpg
data/raw/pool/syn_hard_neg_00074.jpg,synthetic_hard_neg,synthetic_composite,0,1.0000,data/raw/pool/neg_rvlcdip_other_00839.jpg
data/raw/pool/syn_hard_neg_00075.jpg,synthetic_hard_neg,synthetic_composite,0,1.0000,data/raw/pool/neg_rvlcdip_other_01618.jpg
data/raw/pool/syn_hard_neg_00076.jpg,synthetic_hard_neg,synthetic_composite,0,1.0000,data/raw/pool/neg_rvlcdip_other_00999.jpg
data/raw/pool/syn_hard_neg_00077.jpg,synthetic_hard_neg,synthetic_composite,0,1.0000,data/raw/pool/neg_rvlcdip_other_01505.jpg
data/raw/pool/syn_hard_neg_00078.jpg,synthetic_hard_pos,synthetic_composite,1,1.0000,data/raw/pool/pos_cord_receipts_00230.jpg
data/raw/pool/syn_hard_neg_00079.jpg,synthetic_hard_neg,synthetic_composite,0,1.0000,data/raw/pool/neg_rvlcdip_other_01041.jpg
data/raw/pool/syn_hard_neg_00080.jpg,synthetic_hard_neg,synthetic_composite,0,1.0000,data/raw/pool/neg_rvlcdip_other_01354.jpg
data/raw/pool/syn_hard_neg_00081.jpg,synthetic_hard_neg,synthetic_composite,0,1.0000,data/raw/pool/neg_rvlcdip_other_01137.jpg
data/raw/pool/syn_hard_neg_00082.jpg,synthetic_hard_neg,synthetic_composite,0,1.0000,data/raw/pool/neg_rvlcdip_other_01558.jpg
data/raw/pool/syn_hard_neg_00083.jpg,synthetic_hard_neg,synthetic_composite,0,1.0000,data/raw/pool/neg_rvlcdip_other_00810.jpg
data/raw/pool/syn_hard_neg_00084.jpg,synthetic_hard_neg,synthetic_composite,0,1.0000,data/raw/pool/neg_rvlcdip_other_01503.jpg
data/raw/pool/syn_hard_neg_00085.jpg,synthetic_hard_neg,synthetic_composite,0,1.0000,data/raw/pool/neg_rvlcdip_other_00647.jpg
data/raw/pool/syn_hard_neg_00086.jpg,synthetic_hard_neg,synthetic_composite,0,1.0000,data/raw/pool/neg_rvlcdip_other_00750.jpg
data/raw/pool/syn_hard_neg_00087.jpg,synthetic_hard_neg,synthetic_composite,0,1.0000,data/raw/pool/neg_rvlcdip_other_01724.jpg
data/raw/pool/syn_hard_neg_00088.jpg,synthetic_hard_neg,synthetic_composite,0,1.0000,data/raw/pool/neg_rvlcdip_other_00836.jpg
data/raw/pool/syn_hard_neg_00089.jpg,synthetic_hard_pos,synthetic_composite,1,1.0000,data/raw/pool/pos_cord_receipts_00217.jpg
data/raw/pool/syn_hard_neg_00090.jpg,synthetic_hard_neg,synthetic_composite,0,1.0000,data/raw/pool/neg_rvlcdip_other_00286.jpg
data/raw/pool/syn_hard_neg_00091.jpg,synthetic_hard_neg,synthetic_composite,0,1.0000,data/raw/pool/neg_rvlcdip_other_00774.jpg
data/raw/pool/syn_hard_neg_00092.jpg,synthetic_hard_neg,synthetic_composite,0,1.0000,data/raw/pool/neg_rvlcdip_other_01431.jpg
data/raw/pool/syn_hard_neg_00093.jpg,synthetic_hard_neg,synthetic_composite,0,1.0000,data/raw/pool/neg_rvlcdip_other_00895.jpg
data/raw/pool/syn_hard_neg_00094.jpg,synthetic_hard_neg,synthetic_composite,0,1.0000,data/raw/pool/neg_rvlcdip_other_01551.jpg
data/raw/pool/syn_hard_neg_00095.jpg,synthetic_hard_neg,synthetic_composite,0,1.0000,data/raw/pool/neg_rvlcdip_other_00252.jpg
data/raw/pool/syn_hard_neg_00096.jpg,synthetic_hard_neg,synthetic_composite,0,1.0000,data/raw/pool/neg_rvlcdip_other_01684.jpg
data/raw/pool/syn_hard_neg_00097.jpg,synthetic_hard_neg,synthetic_composite,0,1.0000,data/raw/pool/neg_rvlcdip_other_00459.jpg
data/raw/pool/syn_hard_neg_00098.jpg,synthetic_hard_neg,synthetic_composite,0,1.0000,data/raw/pool/neg_rvlcdip_other_01554.jpg
data/raw/pool/syn_hard_neg_00099.jpg,synthetic_hard_neg,synthetic_composite,0,1.0000,data/raw/pool/neg_rvlcdip_other_00041.jpg
data/raw/pool/syn_hard_neg_00100.jpg,synthetic_hard_neg,synthetic_composite,0,1.0000,data/raw/pool/neg_rvlcdip_other_01329.jpg
data/raw/pool/syn_hard_neg_00101.jpg,synthetic_hard_pos,synthetic_composite,1,1.0000,data/raw/pool/pos_cord_receipts_00565.jpg
data/raw/pool/syn_hard_neg_00102.jpg,synthetic_hard_neg,synthetic_composite,0,1.0000,data/raw/pool/neg_rvlcdip_other_00138.jpg
data/raw/pool/syn_hard_neg_00103.jpg,synthetic_hard_neg,synthetic_composite,0,1.0000,data/raw/pool/neg_rvlcdip_other_01212.jpg
data/raw/pool/syn_hard_neg_00104.jpg,synthetic_hard_neg,synthetic_composite,0,1.0000,data/raw/pool/neg_rvlcdip_other_01602.jpg
data/raw/pool/syn_hard_neg_00105.jpg,synthetic_hard_pos,synthetic_composite,1,1.0000,data/raw/pool/pos_cord_receipts_00227.jpg
data/raw/pool/syn_hard_neg_00106.jpg,synthetic_hard_neg,synthetic_composite,0,1.0000,data/raw/pool/neg_rvlcdip_other_00635.jpg
data/raw/pool/syn_hard_neg_00107.jpg,synthetic_hard_neg,synthetic_composite,0,1.0000,data/raw/pool/neg_rvlcdip_other_00101.jpg
data/raw/pool/syn_hard_neg_00108.jpg,synthetic_hard_pos,synthetic_composite,1,1.0000,data/raw/pool/pos_sroie_receipts_00260.jpg
data/raw/pool/syn_hard_neg_00109.jpg,synthetic_hard_neg,synthetic_composite,0,1.0000,data/raw/pool/neg_rvlcdip_other_00328.jpg
data/raw/pool/syn_hard_neg_00110.jpg,synthetic_hard_neg,synthetic_composite,0,1.0000,data/raw/pool/neg_rvlcdip_other_01137.jpg
data/raw/pool/syn_hard_neg_00111.jpg,synthetic_hard_neg,synthetic_composite,0,1.0000,data/raw/pool/neg_rvlcdip_other_00894.jpg
data/raw/pool/syn_hard_neg_00112.jpg,synthetic_hard_pos,synthetic_composite,1,1.0000,data/raw/pool/pos_cord_receipts_00093.jpg
data/raw/pool/syn_hard_neg_00113.jpg,synthetic_hard_neg,synthetic_composite,0,1.0000,data/raw/pool/neg_rvlcdip_other_00973.jpg
data/raw/pool/syn_hard_neg_00114.jpg,synthetic_hard_pos,synthetic_composite,1,1.0000,data/raw/pool/pos_cord_receipts_00327.jpg
data/raw/pool/syn_hard_neg_00115.jpg,synthetic_hard_neg,synthetic_composite,0,1.0000,data/raw/pool/neg_rvlcdip_other_00472.jpg
data/raw/pool/syn_hard_neg_00116.jpg,synthetic_hard_neg,synthetic_composite,0,1.0000,data/raw/pool/neg_rvlcdip_other_01717.jpg
data/raw/pool/syn_hard_neg_00117.jpg,synthetic_hard_pos,synthetic_composite,1,1.0000,data/raw/pool/pos_rvlcdip_invoice_00473.jpg
data/raw/pool/syn_hard_neg_00118.jpg,synthetic_hard_neg,synthetic_composite,0,1.0000,data/raw/pool/neg_rvlcdip_other_01073.jpg
data/raw/pool/syn_hard_neg_00119.jpg,synthetic_hard_neg,synthetic_composite,0,1.0000,data/raw/pool/neg_rvlcdip_other_00394.jpg
data/raw/pool/syn_hard_neg_00120.jpg,synthetic_hard_neg,synthetic_composite,0,1.0000,data/raw/pool/neg_rvlcdip_other_00820.jpg
data/raw/pool/syn_hard_neg_00121.jpg,synthetic_hard_neg,synthetic_composite,0,1.0000,data/raw/pool/neg_rvlcdip_other_00162.jpg
data/raw/pool/syn_hard_neg_00122.jpg,synthetic_hard_neg,synthetic_composite,0,1.0000,data/raw/pool/neg_rvlcdip_other_01789.jpg
data/raw/pool/syn_hard_neg_00123.jpg,synthetic_hard_neg,synthetic_composite,0,1.0000,data/raw/pool/neg_rvlcdip_other_00182.jpg
data/raw/pool/syn_hard_neg_00124.jpg,synthetic_hard_neg,synthetic_composite,0,1.0000,data/raw/pool/neg_rvlcdip_other_01307.jpg
data/raw/pool/syn_hard_neg_00125.jpg,synthetic_hard_neg,synthetic_composite,0,1.0000,data/raw/pool/neg_rvlcdip_other_00956.jpg
data/raw/pool/syn_hard_neg_00126.jpg,synthetic_hard_neg,synthetic_composite,0,1.0000,data/raw/pool/neg_rvlcdip_other_01466.jpg
data/raw/pool/syn_hard_neg_00127.jpg,synthetic_hard_neg,synthetic_composite,0,1.0000,data/raw/pool/neg_rvlcdip_other_00620.jpg
data/raw/pool/syn_hard_neg_00128.jpg,synthetic_hard_neg,synthetic_composite,0,1.0000,data/raw/pool/neg_rvlcdip_other_01073.jpg
data/raw/pool/syn_hard_neg_00129.jpg,synthetic_hard_neg,synthetic_composite,0,1.0000,data/raw/pool/neg_rvlcdip_other_01153.jpg
data/raw/pool/syn_hard_neg_00130.jpg,synthetic_hard_pos,synthetic_composite,1,1.0000,data/raw/pool/pos_sroie_receipts_00011.jpg
data/raw/pool/syn_hard_neg_00131.jpg,synthetic_hard_neg,synthetic_composite,0,1.0000,data/raw/pool/neg_rvlcdip_other_00562.jpg
data/raw/pool/syn_hard_neg_00132.jpg,synthetic_hard_pos,synthetic_composite,1,1.0000,data/raw/pool/pos_cord_receipts_00091.jpg
data/raw/pool/syn_hard_neg_00133.jpg,synthetic_hard_neg,synthetic_composite,0,1.0000,data/raw/pool/neg_rvlcdip_other_01043.jpg
data/raw/pool/syn_hard_neg_00134.jpg,synthetic_hard_neg,synthetic_composite,0,1.0000,data/raw/pool/neg_rvlcdip_other_00797.jpg
data/raw/pool/syn_hard_neg_00135.jpg,synthetic_hard_pos,synthetic_composite,1,1.0000,data/raw/pool/pos_cord_receipts_00105.jpg
data/raw/pool/syn_hard_neg_00136.jpg,synthetic_hard_neg,synthetic_composite,0,1.0000,data/raw/pool/neg_rvlcdip_other_01778.jpg
data/raw/pool/syn_hard_neg_00137.jpg,synthetic_hard_neg,synthetic_composite,0,1.0000,data/raw/pool/neg_rvlcdip_other_01389.jpg
data/raw/pool/syn_hard_neg_00138.jpg,synthetic_hard_pos,synthetic_composite,1,1.0000,data/raw/pool/pos_sroie_receipts_00585.jpg
data/raw/pool/syn_hard_neg_00139.jpg,synthetic_hard_neg,synthetic_composite,0,1.0000,data/raw/pool/neg_rvlcdip_other_00090.jpg
data/raw/pool/syn_hard_neg_00140.jpg,synthetic_hard_neg,synthetic_composite,0,1.0000,data/raw/pool/neg_rvlcdip_other_01764.jpg
data/raw/pool/syn_hard_neg_00141.jpg,synthetic_hard_neg,synthetic_composite,0,1.0000,data/raw/pool/neg_rvlcdip_other_00112.jpg
data/raw/pool/syn_hard_neg_00142.jpg,synthetic_hard_neg,synthetic_composite,0,1.0000,data/raw/pool/neg_rvlcdip_other_00214.jpg
data/raw/pool/syn_hard_neg_00143.jpg,synthetic_hard_neg,synthetic_composite,0,1.0000,data/raw/pool/neg_rvlcdip_other_01498.jpg
data/raw/pool/syn_hard_neg_00144.jpg,synthetic_hard_neg,synthetic_composite,0,1.0000,data/raw/pool/neg_rvlcdip_other_01109.jpg
data/raw/pool/syn_hard_neg_00145.jpg,synthetic_hard_neg,synthetic_composite,0,1.0000,data/raw/pool/neg_rvlcdip_other_00485.jpg
data/raw/pool/syn_hard_neg_00146.jpg,synthetic_hard_neg,synthetic_composite,0,1.0000,data/raw/pool/neg_rvlcdip_other_01686.jpg
data/raw/pool/syn_hard_neg_00147.jpg,synthetic_hard_neg,synthetic_composite,0,1.0000,data/raw/pool/neg_rvlcdip_other_00137.jpg
data/raw/pool/syn_hard_neg_00148.jpg,synthetic_hard_neg,synthetic_composite,0,1.0000,data/raw/pool/neg_rvlcdip_other_01428.jpg
data/raw/pool/syn_hard_neg_00149.jpg,synthetic_hard_pos,synthetic_composite,1,1.0000,data/raw/pool/pos_cord_receipts_00099.jpg
data/raw/pool/syn_hard_neg_00150.jpg,synthetic_hard_neg,synthetic_composite,0,1.0000,data/raw/pool/neg_rvlcdip_other_00101.jpg
data/raw/pool/syn_hard_neg_00151.jpg,synthetic_hard_neg,synthetic_composite,0,1.0000,data/raw/pool/neg_rvlcdip_other_00133.jpg
data/raw/pool/syn_hard_neg_00152.jpg,synthetic_hard_neg,synthetic_composite,0,1.0000,data/raw/pool/neg_rvlcdip_other_00491.jpg
data/raw/pool/syn_hard_neg_00153.jpg,synthetic_hard_pos,synthetic_composite,1,1.0000,data/raw/pool/pos_sroie_receipts_00315.jpg
data/raw/pool/syn_hard_neg_00154.jpg,synthetic_hard_pos,synthetic_composite,1,1.0000,data/raw/pool/pos_sroie_receipts_00581.jpg
data/raw/pool/syn_hard_neg_00155.jpg,synthetic_hard_neg,synthetic_composite,0,1.0000,data/raw/pool/neg_rvlcdip_other_01306.jpg
data/raw/pool/syn_hard_neg_00156.jpg,synthetic_hard_pos,synthetic_composite,1,1.0000,data/raw/pool/pos_cord_receipts_00021.jpg
data/raw/pool/syn_hard_neg_00157.jpg,synthetic_hard_neg,synthetic_composite,0,1.0000,data/raw/pool/neg_rvlcdip_other_01079.jpg
data/raw/pool/syn_hard_neg_00158.jpg,synthetic_hard_neg,synthetic_composite,0,1.0000,data/raw/pool/neg_rvlcdip_other_01399.jpg
data/raw/pool/syn_hard_neg_00159.jpg,synthetic_hard_pos,synthetic_composite,1,1.0000,data/raw/pool/pos_sroie_receipts_00116.jpg
data/raw/pool/syn_hard_neg_00160.jpg,synthetic_hard_neg,synthetic_composite,0,1.0000,data/raw/pool/neg_rvlcdip_other_00035.jpg
data/raw/pool/syn_hard_neg_00161.jpg,synthetic_hard_pos,synthetic_composite,1,1.0000,data/raw/pool/pos_sroie_receipts_00137.jpg
data/raw/pool/syn_hard_neg_00162.jpg,synthetic_hard_pos,synthetic_composite,1,1.0000,data/raw/pool/pos_rvlcdip_invoice_00316.jpg
data/raw/pool/syn_hard_neg_00163.jpg,synthetic_hard_neg,synthetic_composite,0,1.0000,data/raw/pool/neg_rvlcdip_other_01261.jpg
data/raw/pool/syn_hard_neg_00164.jpg,synthetic_hard_pos,synthetic_composite,1,1.0000,data/raw/pool/pos_sroie_receipts_00250.jpg
data/raw/pool/syn_hard_neg_00165.jpg,synthetic_hard_pos,synthetic_composite,1,1.0000,data/raw/pool/pos_sroie_receipts_00520.jpg
data/raw/pool/syn_hard_neg_00166.jpg,synthetic_hard_neg,synthetic_composite,0,1.0000,data/raw/pool/neg_rvlcdip_other_01437.jpg
data/raw/pool/syn_hard_neg_00167.jpg,synthetic_hard_pos,synthetic_composite,1,1.0000,data/raw/pool/pos_sroie_receipts_00225.jpg
data/raw/pool/syn_hard_neg_00168.jpg,synthetic_hard_pos,synthetic_composite,1,1.0000,data/raw/pool/pos_cord_receipts_00512.jpg
data/raw/pool/syn_hard_neg_00169.jpg,synthetic_hard_pos,synthetic_composite,1,1.0000,data/raw/pool/pos_cord_receipts_00544.jpg
data/raw/pool/syn_hard_neg_00170.jpg,synthetic_hard_neg,synthetic_composite,0,1.0000,data/raw/pool/neg_rvlcdip_other_00078.jpg
data/raw/pool/syn_hard_neg_00171.jpg,synthetic_hard_neg,synthetic_composite,0,1.0000,data/raw/pool/neg_rvlcdip_other_00973.jpg
data/raw/pool/syn_hard_neg_00172.jpg,synthetic_hard_neg,synthetic_composite,0,1.0000,data/raw/pool/neg_rvlcdip_other_01454.jpg
data/raw/pool/syn_hard_neg_00173.jpg,synthetic_hard_pos,synthetic_composite,1,1.0000,data/raw/pool/pos_cord_receipts_00520.jpg
data/raw/pool/syn_hard_neg_00174.jpg,synthetic_hard_pos,synthetic_composite,1,1.0000,data/raw/pool/pos_cord_receipts_00585.jpg
data/raw/pool/syn_hard_neg_00175.jpg,synthetic_hard_neg,synthetic_composite,0,1.0000,data/raw/pool/neg_rvlcdip_other_01233.jpg
data/raw/pool/syn_hard_neg_00176.jpg,synthetic_hard_neg,synthetic_composite,0,1.0000,data/raw/pool/neg_rvlcdip_other_00834.jpg
data/raw/pool/syn_hard_neg_00177.jpg,synthetic_hard_neg,synthetic_composite,0,1.0000,data/raw/pool/neg_rvlcdip_other_00097.jpg
data/raw/pool/syn_hard_neg_00178.jpg,synthetic_hard_neg,synthetic_composite,0,1.0000,data/raw/pool/neg_rvlcdip_other_01775.jpg
data/raw/pool/syn_hard_neg_00179.jpg,synthetic_hard_pos,synthetic_composite,1,1.0000,data/raw/pool/pos_sroie_receipts_00119.jpg
data/raw/pool/syn_hard_neg_00180.jpg,synthetic_hard_neg,synthetic_composite,0,1.0000,data/raw/pool/neg_rvlcdip_other_01548.jpg
data/raw/pool/syn_hard_neg_00181.jpg,synthetic_hard_neg,synthetic_composite,0,1.0000,data/raw/pool/neg_rvlcdip_other_00887.jpg
data/raw/pool/syn_hard_neg_00182.jpg,synthetic_hard_pos,synthetic_composite,1,1.0000,data/raw/pool/pos_cord_receipts_00101.jpg
data/raw/pool/syn_hard_neg_00183.jpg,synthetic_hard_neg,synthetic_composite,0,1.0000,data/raw/pool/neg_rvlcdip_other_01671.jpg
data/raw/pool/syn_hard_neg_00184.jpg,synthetic_hard_pos,synthetic_composite,1,1.0000,data/raw/pool/pos_cord_receipts_00169.jpg
data/raw/pool/syn_hard_neg_00185.jpg,synthetic_hard_neg,synthetic_composite,0,1.0000,data/raw/pool/neg_rvlcdip_other_00904.jpg
data/raw/pool/syn_hard_neg_00186.jpg,synthetic_hard_neg,synthetic_composite,0,1.0000,data/raw/pool/neg_rvlcdip_other_00842.jpg
data/raw/pool/syn_hard_neg_00187.jpg,synthetic_hard_pos,synthetic_composite,1,1.0000,data/raw/pool/pos_cord_receipts_00285.jpg
data/raw/pool/syn_hard_neg_00188.jpg,synthetic_hard_neg,synthetic_composite,0,1.0000,data/raw/pool/neg_rvlcdip_other_01746.jpg
data/raw/pool/syn_hard_neg_00189.jpg,synthetic_hard_neg,synthetic_composite,0,1.0000,data/raw/pool/neg_rvlcdip_other_01479.jpg
data/raw/pool/syn_hard_neg_00190.jpg,synthetic_hard_neg,synthetic_composite,0,1.0000,data/raw/pool/neg_rvlcdip_other_01087.jpg
data/raw/pool/syn_hard_neg_00191.jpg,synthetic_hard_neg,synthetic_composite,0,1.0000,data/raw/pool/neg_rvlcdip_other_01775.jpg
data/raw/pool/syn_hard_neg_00192.jpg,synthetic_hard_pos,synthetic_composite,1,1.0000,data/raw/pool/pos_sroie_receipts_00421.jpg
data/raw/pool/syn_hard_neg_00193.jpg,synthetic_hard_neg,synthetic_composite,0,1.0000,data/raw/pool/neg_rvlcdip_other_00097.jpg
data/raw/pool/syn_hard_neg_00194.jpg,synthetic_hard_pos,synthetic_composite,1,1.0000,data/raw/pool/pos_cord_receipts_00007.jpg
data/raw/pool/syn_hard_neg_00195.jpg,synthetic_hard_neg,synthetic_composite,0,1.0000,data/raw/pool/neg_rvlcdip_other_01191.jpg
data/raw/pool/syn_hard_neg_00196.jpg,synthetic_hard_neg,synthetic_composite,0,1.0000,data/raw/pool/neg_rvlcdip_other_00777.jpg
data/raw/pool/syn_hard_neg_00197.jpg,synthetic_hard_neg,synthetic_composite,0,1.0000,data/raw/pool/neg_rvlcdip_other_00305.jpg
data/raw/pool/syn_hard_neg_00198.jpg,synthetic_hard_pos,synthetic_composite,1,1.0000,data/raw/pool/pos_cord_receipts_00318.jpg
data/raw/pool/syn_hard_neg_00199.jpg,synthetic_hard_neg,synthetic_composite,0,1.0000,data/raw/pool/neg_rvlcdip_other_01059.jpg
data/raw/pool/syn_hard_neg_00200.jpg,synthetic_hard_neg,synthetic_composite,0,1.0000,data/raw/pool/neg_rvlcdip_other_00360.jpg
data/raw/pool/syn_hard_neg_00201.jpg,synthetic_hard_neg,synthetic_composite,0,1.0000,data/raw/pool/neg_rvlcdip_other_01664.jpg
data/raw/pool/syn_hard_neg_00202.jpg,synthetic_hard_neg,synthetic_composite,0,1.0000,data/raw/pool/neg_rvlcdip_other_01059.jpg
data/raw/pool/syn_hard_neg_00203.jpg,synthetic_hard_pos,synthetic_composite,1,1.0000,data/raw/pool/pos_cord_receipts_00452.jpg
data/raw/pool/syn_hard_neg_00204.jpg,synthetic_hard_neg,synthetic_composite,0,1.0000,data/raw/pool/neg_rvlcdip_other_00405.jpg
data/raw/pool/syn_hard_neg_00205.jpg,synthetic_hard_pos,synthetic_composite,1,1.0000,data/raw/pool/pos_cord_receipts_00345.jpg
data/raw/pool/syn_hard_neg_00206.jpg,synthetic_hard_neg,synthetic_composite,0,1.0000,data/raw/pool/neg_rvlcdip_other_00896.jpg
data/raw/pool/syn_hard_neg_00207.jpg,synthetic_hard_neg,synthetic_composite,0,1.0000,data/raw/pool/neg_rvlcdip_other_00056.jpg
data/raw/pool/syn_hard_neg_00208.jpg,synthetic_hard_neg,synthetic_composite,0,1.0000,data/raw/pool/neg_rvlcdip_other_01647.jpg
data/raw/pool/syn_hard_neg_00209.jpg,synthetic_hard_neg,synthetic_composite,0,1.0000,data/raw/pool/neg_rvlcdip_other_01424.jpg
data/raw/pool/syn_hard_neg_00210.jpg,synthetic_hard_pos,synthetic_composite,1,1.0000,data/raw/pool/pos_rvlcdip_invoice_01704.jpg
data/raw/pool/syn_hard_neg_00211.jpg,synthetic_hard_neg,synthetic_composite,0,1.0000,data/raw/pool/neg_rvlcdip_other_01263.jpg
data/raw/pool/syn_hard_neg_00212.jpg,synthetic_hard_neg,synthetic_composite,0,1.0000,data/raw/pool/neg_rvlcdip_other_01492.jpg
data/raw/pool/syn_hard_neg_00213.jpg,synthetic_hard_neg,synthetic_composite,0,1.0000,data/raw/pool/neg_rvlcdip_other_01616.jpg
data/raw/pool/syn_hard_neg_00214.jpg,synthetic_hard_neg,synthetic_composite,0,1.0000,data/raw/pool/neg_rvlcdip_other_00093.jpg
data/raw/pool/syn_hard_neg_00215.jpg,synthetic_hard_pos,synthetic_composite,1,1.0000,data/raw/pool/pos_sroie_receipts_00119.jpg
data/raw/pool/syn_hard_neg_00216.jpg,synthetic_hard_neg,synthetic_composite,0,1.0000,data/raw/pool/neg_rvlcdip_other_00862.jpg
data/raw/pool/syn_hard_neg_00217.jpg,synthetic_hard_neg,synthetic_composite,0,1.0000,data/raw/pool/neg_rvlcdip_other_00634.jpg
data/raw/pool/syn_hard_neg_00218.jpg,synthetic_hard_neg,synthetic_composite,0,1.0000,data/raw/pool/neg_rvlcdip_other_01174.jpg
data/raw/pool/syn_hard_neg_00219.jpg,synthetic_hard_neg,synthetic_composite,0,1.0000,data/raw/pool/neg_rvlcdip_other_00228.jpg
data/raw/pool/syn_hard_neg_00220.jpg,synthetic_hard_neg,synthetic_composite,0,1.0000,data/raw/pool/neg_rvlcdip_other_00656.jpg
data/raw/pool/syn_hard_neg_00221.jpg,synthetic_hard_pos,synthetic_composite,1,1.0000,data/raw/pool/pos_cord_receipts_00209.jpg
data/raw/pool/syn_hard_neg_00222.jpg,synthetic_hard_neg,synthetic_composite,0,1.0000,data/raw/pool/neg_rvlcdip_other_01347.jpg
data/raw/pool/syn_hard_neg_00223.jpg,synthetic_hard_pos,synthetic_composite,1,1.0000,data/raw/pool/pos_cord_receipts_00034.jpg
data/raw/pool/syn_hard_neg_00224.jpg,synthetic_hard_neg,synthetic_composite,0,1.0000,data/raw/pool/neg_rvlcdip_other_00367.jpg
data/raw/pool/syn_hard_neg_00225.jpg,synthetic_hard_pos,synthetic_composite,1,1.0000,data/raw/pool/pos_rvlcdip_invoice_01669.jpg
data/raw/pool/syn_hard_neg_00226.jpg,synthetic_hard_neg,synthetic_composite,0,1.0000,data/raw/pool/neg_rvlcdip_other_01643.jpg
data/raw/pool/syn_hard_neg_00227.jpg,synthetic_hard_neg,synthetic_composite,0,1.0000,data/raw/pool/neg_rvlcdip_other_01380.jpg
data/raw/pool/syn_hard_neg_00228.jpg,synthetic_hard_pos,synthetic_composite,1,1.0000,data/raw/pool/pos_sroie_receipts_00493.jpg
data/raw/pool/syn_hard_neg_00229.jpg,synthetic_hard_pos,synthetic_composite,1,1.0000,data/raw/pool/pos_sroie_receipts_00363.jpg
data/raw/pool/syn_hard_neg_00230.jpg,synthetic_hard_neg,synthetic_composite,0,1.0000,data/raw/pool/neg_rvlcdip_other_00122.jpg
data/raw/pool/syn_hard_neg_00231.jpg,synthetic_hard_neg,synthetic_composite,0,1.0000,data/raw/pool/neg_rvlcdip_other_00513.jpg
data/raw/pool/syn_hard_neg_00232.jpg,synthetic_hard_neg,synthetic_composite,0,1.0000,data/raw/pool/neg_rvlcdip_other_00864.jpg
data/raw/pool/syn_hard_neg_00233.jpg,synthetic_hard_neg,synthetic_composite,0,1.0000,data/raw/pool/neg_rvlcdip_other_01234.jpg
data/raw/pool/syn_hard_neg_00234.jpg,synthetic_hard_neg,synthetic_composite,0,1.0000,data/raw/pool/neg_rvlcdip_other_00540.jpg
data/raw/pool/syn_hard_neg_00235.jpg,synthetic_hard_neg,synthetic_composite,0,1.0000,data/raw/pool/neg_rvlcdip_other_00225.jpg
data/raw/pool/syn_hard_neg_00236.jpg,synthetic_hard_neg,synthetic_composite,0,1.0000,data/raw/pool/neg_rvlcdip_other_01173.jpg
data/raw/pool/syn_hard_neg_00237.jpg,synthetic_hard_neg,synthetic_composite,0,1.0000,data/raw/pool/neg_rvlcdip_other_00023.jpg
data/raw/pool/syn_hard_neg_00238.jpg,synthetic_hard_neg,synthetic_composite,0,1.0000,data/raw/pool/neg_rvlcdip_other_00546.jpg
data/raw/pool/syn_hard_neg_00239.jpg,synthetic_hard_neg,synthetic_composite,0,1.0000,data/raw/pool/neg_rvlcdip_other_01613.jpg
data/raw/pool/syn_hard_neg_00240.jpg,synthetic_hard_neg,synthetic_composite,0,1.0000,data/raw/pool/neg_rvlcdip_other_00998.jpg
data/raw/pool/syn_hard_neg_00241.jpg,synthetic_hard_neg,synthetic_composite,0,1.0000,data/raw/pool/neg_rvlcdip_other_00701.jpg
data/raw/pool/syn_hard_neg_00242.jpg,synthetic_hard_pos,synthetic_composite,1,1.0000,data/raw/pool/pos_cord_receipts_00377.jpg
data/raw/pool/syn_hard_neg_00243.jpg,synthetic_hard_neg,synthetic_composite,0,1.0000,data/raw/pool/neg_rvlcdip_other_01412.jpg
data/raw/pool/syn_hard_neg_00244.jpg,synthetic_hard_neg,synthetic_composite,0,1.0000,data/raw/pool/neg_rvlcdip_other_00529.jpg
data/raw/pool/syn_hard_neg_00245.jpg,synthetic_hard_pos,synthetic_composite,1,1.0000,data/raw/pool/pos_sroie_receipts_00377.jpg
data/raw/pool/syn_hard_neg_00246.jpg,synthetic_hard_pos,synthetic_composite,1,1.0000,data/raw/pool/pos_rvlcdip_invoice_01181.jpg
data/raw/pool/syn_hard_neg_00247.jpg,synthetic_hard_neg,synthetic_composite,0,1.0000,data/raw/pool/neg_rvlcdip_other_00835.jpg
data/raw/pool/syn_hard_neg_00248.jpg,synthetic_hard_pos,synthetic_composite,1,1.0000,data/raw/pool/pos_rvlcdip_invoice_01704.jpg
data/raw/pool/syn_hard_neg_00249.jpg,synthetic_hard_neg,synthetic_composite,0,1.0000,data/raw/pool/neg_rvlcdip_other_00671.jpg
data/raw/pool/syn_hard_neg_00250.jpg,synthetic_hard_neg,synthetic_composite,0,1.0000,data/raw/pool/neg_rvlcdip_other_01303.jpg
data/raw/pool/syn_hard_neg_00251.jpg,synthetic_hard_neg,synthetic_composite,0,1.0000,data/raw/pool/neg_rvlcdip_other_01020.jpg
data/raw/pool/syn_hard_neg_00252.jpg,synthetic_hard_neg,synthetic_composite,0,1.0000,data/raw/pool/neg_rvlcdip_other_01161.jpg
data/raw/pool/syn_hard_neg_00253.jpg,synthetic_hard_neg,synthetic_composite,0,1.0000,data/raw/pool/neg_rvlcdip_other_01235.jpg
data/raw/pool/syn_hard_neg_00254.jpg,synthetic_hard_neg,synthetic_composite,0,1.0000,data/raw/pool/neg_rvlcdip_other_00163.jpg
data/raw/pool/syn_hard_neg_00255.jpg,synthetic_hard_neg,synthetic_composite,0,1.0000,data/raw/pool/neg_rvlcdip_other_00589.jpg
data/raw/pool/syn_hard_neg_00256.jpg,synthetic_hard_neg,synthetic_composite,0,1.0000,data/raw/pool/neg_rvlcdip_other_00144.jpg
data/raw/pool/syn_hard_neg_00257.jpg,synthetic_hard_neg,synthetic_composite,0,1.0000,data/raw/pool/neg_rvlcdip_other_00783.jpg
data/raw/pool/syn_hard_neg_00258.jpg,synthetic_hard_pos,synthetic_composite,1,1.0000,data/raw/pool/pos_cord_receipts_00333.jpg
data/raw/pool/syn_hard_neg_00259.jpg,synthetic_hard_neg,synthetic_composite,0,1.0000,data/raw/pool/neg_rvlcdip_other_00479.jpg
data/raw/pool/syn_hard_neg_00260.jpg,synthetic_hard_pos,synthetic_composite,1,1.0000,data/raw/pool/pos_sroie_receipts_00361.jpg
data/raw/pool/syn_hard_neg_00261.jpg,synthetic_hard_neg,synthetic_composite,0,1.0000,data/raw/pool/neg_rvlcdip_other_01472.jpg
data/raw/pool/syn_hard_neg_00262.jpg,synthetic_hard_neg,synthetic_composite,0,1.0000,data/raw/pool/neg_rvlcdip_other_01365.jpg
data/raw/pool/syn_hard_neg_00263.jpg,synthetic_hard_neg,synthetic_composite,0,1.0000,data/raw/pool/neg_rvlcdip_other_01467.jpg
data/raw/pool/syn_hard_neg_00264.jpg,synthetic_hard_pos,synthetic_composite,1,1.0000,data/raw/pool/pos_cord_receipts_00404.jpg
data/raw/pool/syn_hard_neg_00265.jpg,synthetic_hard_neg,synthetic_composite,0,1.0000,data/raw/pool/neg_rvlcdip_other_00228.jpg
data/raw/pool/syn_hard_neg_00266.jpg,synthetic_hard_pos,synthetic_composite,1,1.0000,data/raw/pool/pos_sroie_receipts_00104.jpg
data/raw/pool/syn_hard_neg_00267.jpg,synthetic_hard_neg,synthetic_composite,0,1.0000,data/raw/pool/neg_rvlcdip_other_00974.jpg
data/raw/pool/syn_hard_neg_00268.jpg,synthetic_hard_neg,synthetic_composite,0,1.0000,data/raw/pool/neg_rvlcdip_other_00083.jpg
data/raw/pool/syn_hard_neg_00269.jpg,synthetic_hard_neg,synthetic_composite,0,1.0000,data/raw/pool/neg_rvlcdip_other_00643.jpg
data/raw/pool/syn_hard_neg_00270.jpg,synthetic_hard_neg,synthetic_composite,0,1.0000,data/raw/pool/neg_rvlcdip_other_00887.jpg
data/raw/pool/syn_hard_neg_00271.jpg,synthetic_hard_neg,synthetic_composite,0,1.0000,data/raw/pool/neg_rvlcdip_other_00114.jpg
data/raw/pool/syn_hard_neg_00272.jpg,synthetic_hard_pos,synthetic_composite,1,1.0000,data/raw/pool/pos_sroie_receipts_00371.jpg
data/raw/pool/syn_hard_neg_00273.jpg,synthetic_hard_neg,synthetic_composite,0,1.0000,data/raw/pool/neg_rvlcdip_other_00445.jpg
data/raw/pool/syn_hard_neg_00274.jpg,synthetic_hard_neg,synthetic_composite,0,1.0000,data/raw/pool/neg_rvlcdip_other_00896.jpg
data/raw/pool/syn_hard_neg_00275.jpg,synthetic_hard_neg,synthetic_composite,0,1.0000,data/raw/pool/neg_rvlcdip_other_01535.jpg
data/raw/pool/syn_hard_neg_00276.jpg,synthetic_hard_neg,synthetic_composite,0,1.0000,data/raw/pool/neg_rvlcdip_other_00341.jpg
data/raw/pool/syn_hard_neg_00277.jpg,synthetic_hard_neg,synthetic_composite,0,1.0000,data/raw/pool/neg_rvlcdip_other_01776.jpg
data/raw/pool/syn_hard_neg_00278.jpg,synthetic_hard_pos,synthetic_composite,1,1.0000,data/raw/pool/pos_sroie_receipts_00020.jpg
data/raw/pool/syn_hard_neg_00279.jpg,synthetic_hard_neg,synthetic_composite,0,1.0000,data/raw/pool/neg_rvlcdip_other_01542.jpg
data/raw/pool/syn_hard_neg_00280.jpg,synthetic_hard_pos,synthetic_composite,1,1.0000,data/raw/pool/pos_cord_receipts_00297.jpg
data/raw/pool/syn_hard_neg_00281.jpg,synthetic_hard_neg,synthetic_composite,0,1.0000,data/raw/pool/neg_rvlcdip_other_00210.jpg
data/raw/pool/syn_hard_neg_00282.jpg,synthetic_hard_pos,synthetic_composite,1,1.0000,data/raw/pool/pos_cord_receipts_00081.jpg
data/raw/pool/syn_hard_neg_00283.jpg,synthetic_hard_pos,synthetic_composite,1,1.0000,data/raw/pool/pos_sroie_receipts_00006.jpg
data/raw/pool/syn_hard_neg_00284.jpg,synthetic_hard_neg,synthetic_composite,0,1.0000,data/raw/pool/neg_rvlcdip_other_01193.jpg
data/raw/pool/syn_hard_neg_00285.jpg,synthetic_hard_neg,synthetic_composite,0,1.0000,data/raw/pool/neg_rvlcdip_other_00622.jpg
data/raw/pool/syn_hard_neg_00286.jpg,synthetic_hard_pos,synthetic_composite,1,1.0000,data/raw/pool/pos_cord_receipts_00129.jpg
data/raw/pool/syn_hard_neg_00287.jpg,synthetic_hard_neg,synthetic_composite,0,1.0000,data/raw/pool/neg_rvlcdip_other_01451.jpg
data/raw/pool/syn_hard_neg_00288.jpg,synthetic_hard_neg,synthetic_composite,0,1.0000,data/raw/pool/neg_rvlcdip_other_00461.jpg
data/raw/pool/syn_hard_neg_00289.jpg,synthetic_hard_neg,synthetic_composite,0,1.0000,data/raw/pool/neg_rvlcdip_other_01681.jpg
data/raw/pool/syn_hard_neg_00290.jpg,synthetic_hard_neg,synthetic_composite,0,1.0000,data/raw/pool/neg_rvlcdip_other_01479.jpg
data/raw/pool/syn_hard_neg_00291.jpg,synthetic_hard_pos,synthetic_composite,1,1.0000,data/raw/pool/pos_sroie_receipts_00189.jpg
data/raw/pool/syn_hard_neg_00292.jpg,synthetic_hard_pos,synthetic_composite,1,1.0000,data/raw/pool/pos_cord_receipts_00105.jpg
data/raw/pool/syn_hard_neg_00293.jpg,synthetic_hard_neg,synthetic_composite,0,1.0000,data/raw/pool/neg_rvlcdip_other_00727.jpg
data/raw/pool/syn_hard_neg_00294.jpg,synthetic_hard_neg,synthetic_composite,0,1.0000,data/raw/pool/neg_rvlcdip_other_00123.jpg
data/raw/pool/syn_hard_neg_00295.jpg,synthetic_hard_neg,synthetic_composite,0,1.0000,data/raw/pool/neg_rvlcdip_other_00986.jpg
data/raw/pool/syn_hard_neg_00296.jpg,synthetic_hard_neg,synthetic_composite,0,1.0000,data/raw/pool/neg_rvlcdip_other_01547.jpg
data/raw/pool/syn_hard_neg_00297.jpg,synthetic_hard_neg,synthetic_composite,0,1.0000,data/raw/pool/neg_rvlcdip_other_00474.jpg
data/raw/pool/syn_hard_neg_00298.jpg,synthetic_hard_neg,synthetic_composite,0,1.0000,data/raw/pool/neg_rvlcdip_other_01148.jpg
data/raw/pool/syn_hard_neg_00299.jpg,synthetic_hard_neg,synthetic_composite,0,1.0000,data/raw/pool/neg_rvlcdip_other_00074.jpg
data/raw/pool/syn_hard_neg_00300.jpg,synthetic_hard_neg,synthetic_composite,0,1.0000,data/raw/pool/neg_rvlcdip_other_01264.jpg
data/raw/pool/syn_hard_neg_00301.jpg,synthetic_hard_neg,synthetic_composite,0,1.0000,data/raw/pool/neg_rvlcdip_other_01154.jpg
data/raw/pool/syn_hard_neg_00302.jpg,synthetic_hard_neg,synthetic_composite,0,1.0000,data/raw/pool/neg_rvlcdip_other_01517.jpg
data/raw/pool/syn_hard_neg_00303.jpg,synthetic_hard_neg,synthetic_composite,0,1.0000,data/raw/pool/neg_rvlcdip_other_01705.jpg
data/raw/pool/syn_hard_neg_00304.jpg,synthetic_hard_neg,synthetic_composite,0,1.0000,data/raw/pool/neg_rvlcdip_other_01609.jpg
data/raw/pool/syn_hard_neg_00305.jpg,synthetic_hard_neg,synthetic_composite,0,1.0000,data/raw/pool/neg_rvlcdip_other_00959.jpg
data/raw/pool/syn_hard_neg_00306.jpg,synthetic_hard_neg,synthetic_composite,0,1.0000,data/raw/pool/neg_rvlcdip_other_00524.jpg
data/raw/pool/syn_hard_neg_00307.jpg,synthetic_hard_neg,synthetic_composite,0,1.0000,data/raw/pool/neg_rvlcdip_other_01296.jpg
data/raw/pool/syn_hard_neg_00308.jpg,synthetic_hard_pos,synthetic_composite,1,1.0000,data/raw/pool/pos_sroie_receipts_00118.jpg
data/raw/pool/syn_hard_neg_00309.jpg,synthetic_hard_neg,synthetic_composite,0,1.0000,data/raw/pool/neg_rvlcdip_other_00618.jpg
data/raw/pool/syn_hard_neg_00310.jpg,synthetic_hard_neg,synthetic_composite,0,1.0000,data/raw/pool/neg_rvlcdip_other_00104.jpg
data/raw/pool/syn_hard_neg_00311.jpg,synthetic_hard_pos,synthetic_composite,1,1.0000,data/raw/pool/pos_sroie_receipts_00503.jpg
data/raw/pool/syn_hard_neg_00312.jpg,synthetic_hard_neg,synthetic_composite,0,1.0000,data/raw/pool/neg_rvlcdip_other_00330.jpg
data/raw/pool/syn_hard_neg_00313.jpg,synthetic_hard_neg,synthetic_composite,0,1.0000,data/raw/pool/neg_rvlcdip_other_00044.jpg
data/raw/pool/syn_hard_neg_00314.jpg,synthetic_hard_neg,synthetic_composite,0,1.0000,data/raw/pool/neg_rvlcdip_other_00347.jpg
data/raw/pool/syn_hard_neg_00315.jpg,synthetic_hard_neg,synthetic_composite,0,1.0000,data/raw/pool/neg_rvlcdip_other_01683.jpg
data/raw/pool/syn_hard_neg_00316.jpg,synthetic_hard_neg,synthetic_composite,0,1.0000,data/raw/pool/neg_rvlcdip_other_00184.jpg
data/raw/pool/syn_hard_neg_00317.jpg,synthetic_hard_pos,synthetic_composite,1,1.0000,data/raw/pool/pos_cord_receipts_00223.jpg
data/raw/pool/syn_hard_neg_00318.jpg,synthetic_hard_neg,synthetic_composite,0,1.0000,data/raw/pool/neg_rvlcdip_other_00324.jpg
data/raw/pool/syn_hard_neg_00319.jpg,synthetic_hard_neg,synthetic_composite,0,1.0000,data/raw/pool/neg_rvlcdip_other_00081.jpg
data/raw/pool/syn_hard_neg_00320.jpg,synthetic_hard_neg,synthetic_composite,0,1.0000,data/raw/pool/neg_rvlcdip_other_01102.jpg
data/raw/pool/syn_hard_neg_00321.jpg,synthetic_hard_neg,synthetic_composite,0,1.0000,data/raw/pool/neg_rvlcdip_other_01103.jpg
data/raw/pool/syn_hard_neg_00322.jpg,synthetic_hard_pos,synthetic_composite,1,1.0000,data/raw/pool/pos_cord_receipts_00507.jpg
data/raw/pool/syn_hard_neg_00323.jpg,synthetic_hard_neg,synthetic_composite,0,1.0000,data/raw/pool/neg_rvlcdip_other_01567.jpg
data/raw/pool/syn_hard_neg_00324.jpg,synthetic_hard_neg,synthetic_composite,0,1.0000,data/raw/pool/neg_rvlcdip_other_01108.jpg
data/raw/pool/syn_hard_neg_00325.jpg,synthetic_hard_neg,synthetic_composite,0,1.0000,data/raw/pool/neg_rvlcdip_other_00598.jpg
data/raw/pool/syn_hard_neg_00326.jpg,synthetic_hard_neg,synthetic_composite,0,1.0000,data/raw/pool/neg_rvlcdip_other_01761.jpg
data/raw/pool/syn_hard_neg_00327.jpg,synthetic_hard_pos,synthetic_composite,1,1.0000,data/raw/pool/pos_sroie_receipts_00033.jpg
data/raw/pool/syn_hard_neg_00328.jpg,synthetic_hard_neg,synthetic_composite,0,1.0000,data/raw/pool/neg_rvlcdip_other_01138.jpg
data/raw/pool/syn_hard_neg_00329.jpg,synthetic_hard_neg,synthetic_composite,0,1.0000,data/raw/pool/neg_rvlcdip_other_00049.jpg
data/raw/pool/syn_hard_neg_00330.jpg,synthetic_hard_pos,synthetic_composite,1,1.0000,data/raw/pool/pos_sroie_receipts_00046.jpg
data/raw/pool/syn_hard_neg_00331.jpg,synthetic_hard_neg,synthetic_composite,0,1.0000,data/raw/pool/neg_rvlcdip_other_01732.jpg
data/raw/pool/syn_hard_neg_00332.jpg,synthetic_hard_neg,synthetic_composite,0,1.0000,data/raw/pool/neg_rvlcdip_other_00061.jpg
data/raw/pool/syn_hard_neg_00333.jpg,synthetic_hard_neg,synthetic_composite,0,1.0000,data/raw/pool/neg_rvlcdip_other_01111.jpg
data/raw/pool/syn_hard_neg_00334.jpg,synthetic_hard_neg,synthetic_composite,0,1.0000,data/raw/pool/neg_rvlcdip_other_00465.jpg
data/raw/pool/syn_hard_neg_00335.jpg,synthetic_hard_pos,synthetic_composite,1,1.0000,data/raw/pool/pos_cord_receipts_00102.jpg
data/raw/pool/syn_hard_neg_00336.jpg,synthetic_hard_neg,synthetic_composite,0,1.0000,data/raw/pool/neg_rvlcdip_other_01494.jpg
data/raw/pool/syn_hard_neg_00337.jpg,synthetic_hard_pos,synthetic_composite,1,1.0000,data/raw/pool/pos_cord_receipts_00043.jpg
data/raw/pool/syn_hard_neg_00338.jpg,synthetic_hard_neg,synthetic_composite,0,1.0000,data/raw/pool/neg_rvlcdip_other_01139.jpg
data/raw/pool/syn_hard_neg_00339.jpg,synthetic_hard_neg,synthetic_composite,0,1.0000,data/raw/pool/neg_rvlcdip_other_00103.jpg
data/raw/pool/syn_hard_neg_00340.jpg,synthetic_hard_pos,synthetic_composite,1,1.0000,data/raw/pool/pos_cord_receipts_00275.jpg
data/raw/pool/syn_hard_neg_00341.jpg,synthetic_hard_neg,synthetic_composite,0,1.0000,data/raw/pool/neg_rvlcdip_other_00581.jpg
data/raw/pool/syn_hard_neg_00342.jpg,synthetic_hard_neg,synthetic_composite,0,1.0000,data/raw/pool/neg_rvlcdip_other_00815.jpg
data/raw/pool/syn_hard_neg_00343.jpg,synthetic_hard_neg,synthetic_composite,0,1.0000,data/raw/pool/neg_rvlcdip_other_00951.jpg
data/raw/pool/syn_hard_neg_00344.jpg,synthetic_hard_pos,synthetic_composite,1,1.0000,data/raw/pool/pos_cord_receipts_00048.jpg
data/raw/pool/syn_hard_neg_00345.jpg,synthetic_hard_neg,synthetic_composite,0,1.0000,data/raw/pool/neg_rvlcdip_other_01370.jpg
data/raw/pool/syn_hard_neg_00346.jpg,synthetic_hard_neg,synthetic_composite,0,1.0000,data/raw/pool/neg_rvlcdip_other_00690.jpg
data/raw/pool/syn_hard_neg_00347.jpg,synthetic_hard_pos,synthetic_composite,1,1.0000,data/raw/pool/pos_cord_receipts_00467.jpg
data/raw/pool/syn_hard_neg_00348.jpg,synthetic_hard_neg,synthetic_composite,0,1.0000,data/raw/pool/neg_rvlcdip_other_01294.jpg
data/raw/pool/syn_hard_neg_00349.jpg,synthetic_hard_pos,synthetic_composite,1,1.0000,data/raw/pool/pos_cord_receipts_00327.jpg
data/raw/pool/syn_hard_neg_00350.jpg,synthetic_hard_neg,synthetic_composite,0,1.0000,data/raw/pool/neg_rvlcdip_other_00958.jpg
data/raw/pool/syn_hard_neg_00351.jpg,synthetic_hard_pos,synthetic_composite,1,1.0000,data/raw/pool/pos_cord_receipts_00410.jpg
data/raw/pool/syn_hard_neg_00352.jpg,synthetic_hard_neg,synthetic_composite,0,1.0000,data/raw/pool/neg_rvlcdip_other_00026.jpg
data/raw/pool/syn_hard_neg_00353.jpg,synthetic_hard_neg,synthetic_composite,0,1.0000,data/raw/pool/neg_rvlcdip_other_01153.jpg
data/raw/pool/syn_hard_neg_00354.jpg,synthetic_hard_neg,synthetic_composite,0,1.0000,data/raw/pool/neg_rvlcdip_other_00469.jpg
data/raw/pool/syn_hard_neg_00355.jpg,synthetic_hard_neg,synthetic_composite,0,1.0000,data/raw/pool/neg_rvlcdip_other_00401.jpg
data/raw/pool/syn_hard_neg_00356.jpg,synthetic_hard_neg,synthetic_composite,0,1.0000,data/raw/pool/neg_rvlcdip_other_01166.jpg
data/raw/pool/syn_hard_neg_00357.jpg,synthetic_hard_neg,synthetic_composite,0,1.0000,data/raw/pool/neg_rvlcdip_other_00683.jpg
data/raw/pool/syn_hard_neg_00358.jpg,synthetic_hard_pos,synthetic_composite,1,1.0000,data/raw/pool/pos_cord_receipts_00178.jpg
data/raw/pool/syn_hard_neg_00359.jpg,synthetic_hard_neg,synthetic_composite,0,1.0000,data/raw/pool/neg_rvlcdip_other_00574.jpg
data/raw/pool/syn_hard_neg_00360.jpg,synthetic_hard_pos,synthetic_composite,1,1.0000,data/raw/pool/pos_cord_receipts_00573.jpg
data/raw/pool/syn_hard_neg_00361.jpg,synthetic_hard_neg,synthetic_composite,0,1.0000,data/raw/pool/neg_rvlcdip_other_01393.jpg
data/raw/pool/syn_hard_neg_00362.jpg,synthetic_hard_neg,synthetic_composite,0,1.0000,data/raw/pool/neg_rvlcdip_other_00662.jpg
data/raw/pool/syn_hard_neg_00363.jpg,synthetic_hard_neg,synthetic_composite,0,1.0000,data/raw/pool/neg_rvlcdip_other_00295.jpg
data/raw/pool/syn_hard_neg_00364.jpg,synthetic_hard_pos,synthetic_composite,1,1.0000,data/raw/pool/pos_rvlcdip_invoice_00707.jpg
data/raw/pool/syn_hard_neg_00365.jpg,synthetic_hard_pos,synthetic_composite,1,1.0000,data/raw/pool/pos_cord_receipts_00025.jpg
data/raw/pool/syn_hard_neg_00366.jpg,synthetic_hard_pos,synthetic_composite,1,1.0000,data/raw/pool/pos_sroie_receipts_00377.jpg
data/raw/pool/syn_hard_neg_00367.jpg,synthetic_hard_neg,synthetic_composite,0,1.0000,data/raw/pool/neg_rvlcdip_other_01620.jpg
data/raw/pool/syn_hard_neg_00368.jpg,synthetic_hard_neg,synthetic_composite,0,1.0000,data/raw/pool/neg_rvlcdip_other_00230.jpg
data/raw/pool/syn_hard_neg_00369.jpg,synthetic_hard_neg,synthetic_composite,0,1.0000,data/raw/pool/neg_rvlcdip_other_00118.jpg
data/raw/pool/syn_hard_neg_00370.jpg,synthetic_hard_neg,synthetic_composite,0,1.0000,data/raw/pool/neg_rvlcdip_other_01160.jpg
data/raw/pool/syn_hard_neg_00371.jpg,synthetic_hard_neg,synthetic_composite,0,1.0000,data/raw/pool/neg_rvlcdip_other_00470.jpg
data/raw/pool/syn_hard_neg_00372.jpg,synthetic_hard_neg,synthetic_composite,0,1.0000,data/raw/pool/neg_rvlcdip_other_00253.jpg
data/raw/pool/syn_hard_neg_00373.jpg,synthetic_hard_neg,synthetic_composite,0,1.0000,data/raw/pool/neg_rvlcdip_other_00040.jpg
data/raw/pool/syn_hard_neg_00374.jpg,synthetic_hard_pos,synthetic_composite,1,1.0000,data/raw/pool/pos_sroie_receipts_00117.jpg
data/raw/pool/syn_hard_neg_00375.jpg,synthetic_hard_neg,synthetic_composite,0,1.0000,data/raw/pool/neg_rvlcdip_other_01550.jpg
data/raw/pool/syn_hard_neg_00376.jpg,synthetic_hard_neg,synthetic_composite,0,1.0000,data/raw/pool/neg_rvlcdip_other_01672.jpg
data/raw/pool/syn_hard_neg_00377.jpg,synthetic_hard_neg,synthetic_composite,0,1.0000,data/raw/pool/neg_rvlcdip_other_01140.jpg
data/raw/pool/syn_hard_neg_00378.jpg,synthetic_hard_neg,synthetic_composite,0,1.0000,data/raw/pool/neg_rvlcdip_other_01137.jpg
data/raw/pool/syn_hard_neg_00379.jpg,synthetic_hard_neg,synthetic_composite,0,1.0000,data/raw/pool/neg_rvlcdip_other_01569.jpg
data/raw/pool/syn_hard_neg_00380.jpg,synthetic_hard_neg,synthetic_composite,0,1.0000,data/raw/pool/neg_rvlcdip_other_00896.jpg
data/raw/pool/syn_hard_neg_00381.jpg,synthetic_hard_neg,synthetic_composite,0,1.0000,data/raw/pool/neg_rvlcdip_other_00716.jpg
data/raw/pool/syn_hard_neg_00382.jpg,synthetic_hard_neg,synthetic_composite,0,1.0000,data/raw/pool/neg_rvlcdip_other_01600.jpg
data/raw/pool/syn_hard_neg_00383.jpg,synthetic_hard_neg,synthetic_composite,0,1.0000,data/raw/pool/neg_rvlcdip_other_00979.jpg
data/raw/pool/syn_hard_neg_00384.jpg,synthetic_hard_neg,synthetic_composite,0,1.0000,data/raw/pool/neg_rvlcdip_other_01726.jpg
data/raw/pool/syn_hard_neg_00385.jpg,synthetic_hard_neg,synthetic_composite,0,1.0000,data/raw/pool/neg_rvlcdip_other_01520.jpg
data/raw/pool/syn_hard_neg_00386.jpg,synthetic_hard_neg,synthetic_composite,0,1.0000,data/raw/pool/neg_rvlcdip_other_01037.jpg
data/raw/pool/syn_hard_neg_00387.jpg,synthetic_hard_neg,synthetic_composite,0,1.0000,data/raw/pool/neg_rvlcdip_other_01278.jpg
data/raw/pool/syn_hard_neg_00388.jpg,synthetic_hard_neg,synthetic_composite,0,1.0000,data/raw/pool/neg_rvlcdip_other_01002.jpg
data/raw/pool/syn_hard_neg_00389.jpg,synthetic_hard_neg,synthetic_composite,0,1.0000,data/raw/pool/neg_rvlcdip_other_01608.jpg
data/raw/pool/syn_hard_neg_00390.jpg,synthetic_hard_pos,synthetic_composite,1,1.0000,data/raw/pool/pos_cord_receipts_00347.jpg
data/raw/pool/syn_hard_neg_00391.jpg,synthetic_hard_neg,synthetic_composite,0,1.0000,data/raw/pool/neg_rvlcdip_other_00417.jpg
data/raw/pool/syn_hard_neg_00392.jpg,synthetic_hard_neg,synthetic_composite,0,1.0000,data/raw/pool/neg_rvlcdip_other_00822.jpg
data/raw/pool/syn_hard_neg_00393.jpg,synthetic_hard_neg,synthetic_composite,0,1.0000,data/raw/pool/neg_rvlcdip_other_01656.jpg
data/raw/pool/syn_hard_neg_00394.jpg,synthetic_hard_neg,synthetic_composite,0,1.0000,data/raw/pool/neg_rvlcdip_other_01313.jpg
data/raw/pool/syn_hard_neg_00395.jpg,synthetic_hard_pos,synthetic_composite,1,1.0000,data/raw/pool/pos_sroie_receipts_00118.jpg
data/raw/pool/syn_hard_neg_00396.jpg,synthetic_hard_pos,synthetic_composite,1,1.0000,data/raw/pool/pos_rvlcdip_invoice_01062.jpg
data/raw/pool/syn_hard_neg_00397.jpg,synthetic_hard_neg,synthetic_composite,0,1.0000,data/raw/pool/neg_rvlcdip_other_00638.jpg
data/raw/pool/syn_hard_neg_00398.jpg,synthetic_hard_neg,synthetic_composite,0,1.0000,data/raw/pool/neg_rvlcdip_other_00898.jpg
data/raw/pool/syn_hard_neg_00399.jpg,synthetic_hard_neg,synthetic_composite,0,1.0000,data/raw/pool/neg_rvlcdip_other_00853.jpg
