filepath,source,split,source_doc
data/raw/public_hard_negatives/rvl/scientific_report_fae12bfb10f4afbf.jpg,rvl_targeted_scientific_report,train,rvl:scientific_report:fae12bfb10f4afbf
data/raw/public_hard_negatives/rvl/scientific_report_15990933f9d68b14.jpg,rvl_targeted_scientific_report,train,rvl:scientific_report:15990933f9d68b14
data/raw/public_hard_negatives/rvl/scientific_report_f9f92feb2aa4f660.jpg,rvl_targeted_scientific_report,train,rvl:scientific_report:f9f92feb2aa4f660
data/raw/public_hard_negatives/rvl/scientific_report_5e11a6ef71b4961e.jpg,rvl_targeted_scientific_report,train,rvl:scientific_report:5e11a6ef71b4961e
data/raw/public_hard_negatives/rvl/scientific_report_7bf45b6f2ac84282.jpg,rvl_targeted_scientific_report,val,rvl:scientific_report:7bf45b6f2ac84282
data/raw/public_hard_negatives/rvl/scientific_report_98241af2b9a20a53.jpg,rvl_targeted_scientific_report,train,rvl:scientific_report:98241af2b9a20a53
data/raw/public_hard_negatives/rvl/scientific_report_1120f6e8f397ae70.jpg,rvl_targeted_scientific_report,val,rvl:scientific_report:1120f6e8f397ae70
data/raw/public_hard_negatives/rvl/scientific_report_61ddfab2f43231c6.jpg,rvl_targeted_scientific_report,train,rvl:scientific_report:61ddfab2f43231c6
data/raw/public_hard_negatives/rvl/scientific_report_76caaf63a4528325.jpg,rvl_targeted_scientific_report,train,rvl:scientific_report:76caaf63a4528325
data/raw/public_hard_negatives/rvl/scientific_report_d39ce3ba5784e519.jpg,rvl_targeted_scientific_report,train,rvl:scientific_report:d39ce3ba5784e519
data/raw/public_hard_negatives/rvl/scientific_report_e26a0f42f12b4c2b.jpg,rvl_targeted_scientific_report,train,rvl:scientific_report:e26a0f42f12b4c2b
data/raw/public_hard_negatives/rvl/scientific_report_756d8b4c9ee9516a.jpg,rvl_targeted_scientific_report,train,rvl:scientific_report:756d8b4c9ee9516a
data/raw/public_hard_negatives/rvl/scientific_report_94668d6fc895588f.jpg,rvl_targeted_scientific_report,train,rvl:scientific_report:94668d6fc895588f
data/raw/public_hard_negatives/rvl/scientific_report_e63b140f520e0bcf.jpg,rvl_targeted_scientific_report,train,rvl:scientific_report:e63b140f520e0bcf
data/raw/public_hard_negatives/rvl/scientific_report_36a5459cc320e87b.jpg,rvl_targeted_scientific_report,val,rvl:scientific_report:36a5459cc320e87b
data/raw/public_hard_negatives/rvl/scientific_report_90bd41dc00b6e761.jpg,rvl_targeted_scientific_report,train,rvl:scientific_report:90bd41dc00b6e761
data/raw/public_hard_negatives/rvl/scientific_report_86226af48ca28df1.jpg,rvl_targeted_scientific_report,train,rvl:scientific_report:86226af48ca28df1
data/raw/public_hard_negatives/rvl/scientific_report_98cf2416f325cce5.jpg,rvl_targeted_scientific_report,train,rvl:scientific_report:98cf2416f325cce5
data/raw/public_hard_negatives/rvl/scientific_report_e397827bf61d943e.jpg,rvl_targeted_scientific_report,train,rvl:scientific_report:e397827bf61d943e
data/raw/public_hard_negatives/rvl/scientific_report_b60089dcafb588ea.jpg,rvl_targeted_scientific_report,train,rvl:scientific_report:b60089dcafb588ea
data/raw/public_hard_negatives/rvl/scientific_report_51ae097f3696b432.jpg,rvl_targeted_scientific_report,train,rvl:scientific_report:51ae097f3696b432
data/raw/public_hard_negatives/rvl/scientific_report_4401b980ce297069.jpg,rvl_targeted_scientific_report,train,rvl:scientific_report:4401b980ce297069
data/raw/public_hard_negatives/rvl/scientific_report_0a635113988e37fc.jpg,rvl_targeted_scientific_report,train,rvl:scientific_report:0a635113988e37fc
data/raw/public_hard_negatives/rvl/scientific_report_7c9ab2d434c81981.jpg,rvl_targeted_scientific_report,train,rvl:scientific_report:7c9ab2d434c81981
data/raw/public_hard_negatives/rvl/scientific_report_3788d6e26c436611.jpg,rvl_targeted_scientific_report,train,rvl:scientific_report:3788d6e26c436611
data/raw/public_hard_negatives/rvl/scientific_report_cfbb102d80031f4b.jpg,rvl_targeted_scientific_report,train,rvl:scientific_report:cfbb102d80031f4b
data/raw/public_hard_negatives/rvl/scientific_report_dfeb39a56e6c3537.jpg,rvl_targeted_scientific_report,train,rvl:scientific_report:dfeb39a56e6c3537
data/raw/public_hard_negatives/rvl/scientific_report_3e17a85b0fdc8f34.jpg,rvl_targeted_scientific_report,train,rvl:scientific_report:3e17a85b0fdc8f34
data/raw/public_hard_negatives/rvl/scientific_report_d5d77edb413abdd9.jpg,rvl_targeted_scientific_report,train,rvl:scientific_report:d5d77edb413abdd9
data/raw/public_hard_negatives/rvl/scientific_report_616f56a4e1fae9aa.jpg,rvl_targeted_scientific_report,test,rvl:scientific_report:616f56a4e1fae9aa
data/raw/public_hard_negatives/rvl/scientific_report_3d44b7c4817210ab.jpg,rvl_targeted_scientific_report,train,rvl:scientific_report:3d44b7c4817210ab
data/raw/public_hard_negatives/rvl/scientific_report_3da21fc61dbfefa4.jpg,rvl_targeted_scientific_report,train,rvl:scientific_report:3da21fc61dbfefa4
data/raw/public_hard_negatives/rvl/scientific_report_a5e7b6edaadcd9c9.jpg,rvl_targeted_scientific_report,train,rvl:scientific_report:a5e7b6edaadcd9c9
data/raw/public_hard_negatives/rvl/scientific_report_e6bf155777ac5309.jpg,rvl_targeted_scientific_report,train,rvl:scientific_report:e6bf155777ac5309
data/raw/public_hard_negatives/rvl/scientific_report_425a126464423bec.jpg,rvl_targeted_scientific_report,val,rvl:scientific_report:425a126464423bec
data/raw/public_hard_negatives/rvl/scientific_report_6de40def5204e395.jpg,rvl_targeted_scientific_report,val,rvl:scientific_report:6de40def5204e395
data/raw/public_hard_negatives/rvl/scientific_report_9843f655b8405372.jpg,rvl_targeted_scientific_report,train,rvl:scientific_report:9843f655b8405372
data/raw/public_hard_negatives/rvl/scientific_report_6e9ba302936785ec.jpg,rvl_targeted_scientific_report,train,rvl:scientific_report:6e9ba302936785ec
data/raw/public_hard_negatives/rvl/scientific_report_8bc71fbea93e3367.jpg,rvl_targeted_scientific_report,val,rvl:scientific_report:8bc71fbea93e3367
data/raw/public_hard_negatives/rvl/scientific_report_6b7a8e4778a42089.jpg,rvl_targeted_scientific_report,train,rvl:scientific_report:6b7a8e4778a42089
data/raw/public_hard_negatives/rvl/scientific_report_96c11975e4bc221d.jpg,rvl_targeted_scientific_report,train,rvl:scientific_report:96c11975e4bc221d
data/raw/public_hard_negatives/rvl/scientific_report_ca2004c2ac33cb72.jpg,rvl_targeted_scientific_report,train,rvl:scientific_report:ca2004c2ac33cb72
data/raw/public_hard_negatives/rvl/scientific_report_4bb00825e73ea5c4.jpg,rvl_targeted_scientific_report,val,rvl:scientific_report:4bb00825e73ea5c4
data/raw/public_hard_negatives/rvl/scientific_report_bfb690036d8a9b95.jpg,rvl_targeted_scientific_report,train,rvl:scientific_report:bfb690036d8a9b95
data/raw/public_hard_negatives/rvl/scientific_report_de3d30c3efe872f4.jpg,rvl_targeted_scientific_report,train,rvl:scientific_report:de3d30c3efe872f4
data/raw/public_hard_negatives/rvl/scientific_report_de123e0b6f21dde5.jpg,rvl_targeted_scientific_report,train,rvl:scientific_report:de123e0b6f21dde5
data/raw/public_hard_negatives/rvl/scientific_report_3e8034700a9e8244.jpg,rvl_targeted_scientific_report,train,rvl:scientific_report:3e8034700a9e8244
data/raw/public_hard_negatives/rvl/scientific_report_99cffdabfc565064.jpg,rvl_targeted_scientific_report,val,rvl:scientific_report:99cffdabfc565064
data/raw/public_hard_negatives/rvl/scientific_report_f2e0a0ff19e3504e.jpg,rvl_targeted_scientific_report,val,rvl:scientific_report:f2e0a0ff19e3504e
data/raw/public_hard_negatives/rvl/scientific_report_8373fecf59592bcd.jpg,rvl_targeted_scientific_report,test,rvl:scientific_report:8373fecf59592bcd
data/raw/public_hard_negatives/rvl/scientific_report_a96a248b881cd6d4.jpg,rvl_targeted_scientific_report,train,rvl:scientific_report:a96a248b881cd6d4
data/raw/public_hard_negatives/rvl/scientific_report_bd66b607f660e8f9.jpg,rvl_targeted_scientific_report,test,rvl:scientific_report:bd66b607f660e8f9
data/raw/public_hard_negatives/rvl/scientific_report_36d0a2aed51c35b8.jpg,rvl_targeted_scientific_report,train,rvl:scientific_report:36d0a2aed51c35b8
data/raw/public_hard_negatives/rvl/scientific_report_7fbd8d1d9b679f53.jpg,rvl_targeted_scientific_report,train,rvl:scientific_report:7fbd8d1d9b679f53
data/raw/public_hard_negatives/rvl/scientific_report_a99cd12ad387e67a.jpg,rvl_targeted_scientific_report,train,rvl:scientific_report:a99cd12ad387e67a
data/raw/public_hard_negatives/rvl/scientific_report_f41661f3590cc120.jpg,rvl_targeted_scientific_report,train,rvl:scientific_report:f41661f3590cc120
data/raw/public_hard_negatives/rvl/scientific_report_5f62818a8a77e807.jpg,rvl_targeted_scientific_report,train,rvl:scientific_report:5f62818a8a77e807
data/raw/public_hard_negatives/rvl/scientific_report_9fd222598bcf6837.jpg,rvl_targeted_scientific_report,train,rvl:scientific_report:9fd222598bcf6837
data/raw/public_hard_negatives/rvl/scientific_report_c4454b20f1885c24.jpg,rvl_targeted_scientific_report,train,rvl:scientific_report:c4454b20f1885c24
data/raw/public_hard_negatives/rvl/scientific_report_fd59175a7038d3e4.jpg,rvl_targeted_scientific_report,train,rvl:scientific_report:fd59175a7038d3e4
data/raw/public_hard_negatives/rvl/scientific_report_c8628ab6531b9edc.jpg,rvl_targeted_scientific_report,train,rvl:scientific_report:c8628ab6531b9edc
data/raw/public_hard_negatives/rvl/scientific_report_b18d4640e836e8a4.jpg,rvl_targeted_scientific_report,train,rvl:scientific_report:b18d4640e836e8a4
data/raw/public_hard_negatives/rvl/scientific_report_145efda65bc58e23.jpg,rvl_targeted_scientific_report,test,rvl:scientific_report:145efda65bc58e23
data/raw/public_hard_negatives/rvl/scientific_report_c5ca88f91a179925.jpg,rvl_targeted_scientific_report,test,rvl:scientific_report:c5ca88f91a179925
data/raw/public_hard_negatives/rvl/scientific_report_00e37e5e705a9043.jpg,rvl_targeted_scientific_report,train,rvl:scientific_report:00e37e5e705a9043
data/raw/public_hard_negatives/rvl/scientific_report_23d01c4e55e04aed.jpg,rvl_targeted_scientific_report,train,rvl:scientific_report:23d01c4e55e04aed
data/raw/public_hard_negatives/rvl/scientific_report_78d568dde7dd1f3c.jpg,rvl_targeted_scientific_report,test,rvl:scientific_report:78d568dde7dd1f3c
data/raw/public_hard_negatives/rvl/scientific_report_41c7df6989b666b9.jpg,rvl_targeted_scientific_report,train,rvl:scientific_report:41c7df6989b666b9
data/raw/public_hard_negatives/rvl/scientific_report_7fd4a5a1d4481ecd.jpg,rvl_targeted_scientific_report,train,rvl:scientific_report:7fd4a5a1d4481ecd
data/raw/public_hard_negatives/rvl/scientific_report_8e9397df1a1780e2.jpg,rvl_targeted_scientific_report,train,rvl:scientific_report:8e9397df1a1780e2
data/raw/public_hard_negatives/rvl/scientific_report_cd77f337037774c0.jpg,rvl_targeted_scientific_report,train,rvl:scientific_report:cd77f337037774c0
data/raw/public_hard_negatives/rvl/scientific_report_134d7698c59fee21.jpg,rvl_targeted_scientific_report,train,rvl:scientific_report:134d7698c59fee21
data/raw/public_hard_negatives/rvl/scientific_report_410d4682a553047d.jpg,rvl_targeted_scientific_report,train,rvl:scientific_report:410d4682a553047d
data/raw/public_hard_negatives/rvl/scientific_report_e79b3237fd439d06.jpg,rvl_targeted_scientific_report,train,rvl:scientific_report:e79b3237fd439d06
data/raw/public_hard_negatives/rvl/scientific_report_50dd6e0a09267fd4.jpg,rvl_targeted_scientific_report,train,rvl:scientific_report:50dd6e0a09267fd4
data/raw/public_hard_negatives/rvl/scientific_report_2d5e383ddaa58588.jpg,rvl_targeted_scientific_report,train,rvl:scientific_report:2d5e383ddaa58588
data/raw/public_hard_negatives/rvl/scientific_report_1e7805f3324b5ed0.jpg,rvl_targeted_scientific_report,train,rvl:scientific_report:1e7805f3324b5ed0
data/raw/public_hard_negatives/rvl/scientific_report_2d2873bb69e3a8f4.jpg,rvl_targeted_scientific_report,train,rvl:scientific_report:2d2873bb69e3a8f4
data/raw/public_hard_negatives/rvl/scientific_report_806bc8f1ada8e864.jpg,rvl_targeted_scientific_report,train,rvl:scientific_report:806bc8f1ada8e864
data/raw/public_hard_negatives/rvl/scientific_report_9e2315d6b876bd23.jpg,rvl_targeted_scientific_report,train,rvl:scientific_report:9e2315d6b876bd23
data/raw/public_hard_negatives/rvl/scientific_report_9a0fd6a95491a8cf.jpg,rvl_targeted_scientific_report,train,rvl:scientific_report:9a0fd6a95491a8cf
data/raw/public_hard_negatives/rvl/scientific_report_dce3f0b3d8d0e9d8.jpg,rvl_targeted_scientific_report,train,rvl:scientific_report:dce3f0b3d8d0e9d8
data/raw/public_hard_negatives/rvl/scientific_report_6572f50b9ab35929.jpg,rvl_targeted_scientific_report,val,rvl:scientific_report:6572f50b9ab35929
data/raw/public_hard_negatives/rvl/scientific_report_5e53bea7f9c81bcd.jpg,rvl_targeted_scientific_report,train,rvl:scientific_report:5e53bea7f9c81bcd
data/raw/public_hard_negatives/rvl/scientific_report_b5f16a2ad9ca7623.jpg,rvl_targeted_scientific_report,train,rvl:scientific_report:b5f16a2ad9ca7623
data/raw/public_hard_negatives/rvl/scientific_report_523ff4a5499f66a1.jpg,rvl_targeted_scientific_report,train,rvl:scientific_report:523ff4a5499f66a1
data/raw/public_hard_negatives/rvl/scientific_report_57523b8b3e89d3f8.jpg,rvl_targeted_scientific_report,train,rvl:scientific_report:57523b8b3e89d3f8
data/raw/public_hard_negatives/rvl/scientific_report_2de00bb5df0f36ac.jpg,rvl_targeted_scientific_report,train,rvl:scientific_report:2de00bb5df0f36ac
data/raw/public_hard_negatives/rvl/scientific_report_114525a077e6c26a.jpg,rvl_targeted_scientific_report,train,rvl:scientific_report:114525a077e6c26a
data/raw/public_hard_negatives/rvl/scientific_report_52ebf0e058e8c41e.jpg,rvl_targeted_scientific_report,test,rvl:scientific_report:52ebf0e058e8c41e
data/raw/public_hard_negatives/rvl/scientific_report_0bb972c712833c79.jpg,rvl_targeted_scientific_report,train,rvl:scientific_report:0bb972c712833c79
data/raw/public_hard_negatives/rvl/scientific_report_d79829070e3e67ef.jpg,rvl_targeted_scientific_report,train,rvl:scientific_report:d79829070e3e67ef
data/raw/public_hard_negatives/rvl/scientific_report_f5713e7dc77fffcc.jpg,rvl_targeted_scientific_report,train,rvl:scientific_report:f5713e7dc77fffcc
data/raw/public_hard_negatives/rvl/scientific_report_d62af93ffed20c13.jpg,rvl_targeted_scientific_report,train,rvl:scientific_report:d62af93ffed20c13
data/raw/public_hard_negatives/rvl/scientific_report_bbcbaff8fd9e5175.jpg,rvl_targeted_scientific_report,train,rvl:scientific_report:bbcbaff8fd9e5175
data/raw/public_hard_negatives/rvl/scientific_report_8f2310c8c6db863c.jpg,rvl_targeted_scientific_report,train,rvl:scientific_report:8f2310c8c6db863c
data/raw/public_hard_negatives/rvl/scientific_report_513e1fa35980e74f.jpg,rvl_targeted_scientific_report,train,rvl:scientific_report:513e1fa35980e74f
data/raw/public_hard_negatives/rvl/scientific_report_89416b143e8bd404.jpg,rvl_targeted_scientific_report,test,rvl:scientific_report:89416b143e8bd404
data/raw/public_hard_negatives/rvl/scientific_report_c9ef4aa8dae5e8f2.jpg,rvl_targeted_scientific_report,train,rvl:scientific_report:c9ef4aa8dae5e8f2
data/raw/public_hard_negatives/rvl/scientific_report_d32a6d8851930bc9.jpg,rvl_targeted_scientific_report,train,rvl:scientific_report:d32a6d8851930bc9
data/raw/public_hard_negatives/rvl/scientific_report_983a118038c416d4.jpg,rvl_targeted_scientific_report,train,rvl:scientific_report:983a118038c416d4
data/raw/public_hard_negatives/rvl/scientific_report_81cd1673721f623d.jpg,rvl_targeted_scientific_report,train,rvl:scientific_report:81cd1673721f623d
data/raw/public_hard_negatives/rvl/scientific_report_9af4e189c8007a4e.jpg,rvl_targeted_scientific_report,train,rvl:scientific_report:9af4e189c8007a4e
data/raw/public_hard_negatives/rvl/scientific_report_d0b2170d8fc0d59e.jpg,rvl_targeted_scientific_report,train,rvl:scientific_report:d0b2170d8fc0d59e
data/raw/public_hard_negatives/rvl/scientific_report_92d05f80a1b9135d.jpg,rvl_targeted_scientific_report,train,rvl:scientific_report:92d05f80a1b9135d
data/raw/public_hard_negatives/rvl/scientific_report_27d0a343690f3835.jpg,rvl_targeted_scientific_report,train,rvl:scientific_report:27d0a343690f3835
data/raw/public_hard_negatives/rvl/scientific_report_b9eb82f705b4f56c.jpg,rvl_targeted_scientific_report,train,rvl:scientific_report:b9eb82f705b4f56c
data/raw/public_hard_negatives/rvl/scientific_report_9024342cef96a450.jpg,rvl_targeted_scientific_report,train,rvl:scientific_report:9024342cef96a450
data/raw/public_hard_negatives/rvl/scientific_report_68ab1f969f5c5f49.jpg,rvl_targeted_scientific_report,test,rvl:scientific_report:68ab1f969f5c5f49
data/raw/public_hard_negatives/rvl/scientific_report_f25e706047a42be5.jpg,rvl_targeted_scientific_report,train,rvl:scientific_report:f25e706047a42be5
data/raw/public_hard_negatives/rvl/scientific_report_06b1dbca7e430f60.jpg,rvl_targeted_scientific_report,val,rvl:scientific_report:06b1dbca7e430f60
data/raw/public_hard_negatives/rvl/scientific_report_eb941dcb01b9ed07.jpg,rvl_targeted_scientific_report,train,rvl:scientific_report:eb941dcb01b9ed07
data/raw/public_hard_negatives/rvl/scientific_report_ea8ffe6e52c39afe.jpg,rvl_targeted_scientific_report,train,rvl:scientific_report:ea8ffe6e52c39afe
data/raw/public_hard_negatives/rvl/scientific_report_f0d0ecbd527b93e1.jpg,rvl_targeted_scientific_report,train,rvl:scientific_report:f0d0ecbd527b93e1
data/raw/public_hard_negatives/rvl/scientific_report_62c3f8bfe826552f.jpg,rvl_targeted_scientific_report,train,rvl:scientific_report:62c3f8bfe826552f
data/raw/public_hard_negatives/rvl/scientific_report_cb27b79faf0b3312.jpg,rvl_targeted_scientific_report,train,rvl:scientific_report:cb27b79faf0b3312
data/raw/public_hard_negatives/rvl/scientific_report_df5d944cb74812e8.jpg,rvl_targeted_scientific_report,train,rvl:scientific_report:df5d944cb74812e8
data/raw/public_hard_negatives/rvl/scientific_report_1ca0b1dd3c77b13c.jpg,rvl_targeted_scientific_report,train,rvl:scientific_report:1ca0b1dd3c77b13c
data/raw/public_hard_negatives/rvl/scientific_report_f73a2f5791539381.jpg,rvl_targeted_scientific_report,train,rvl:scientific_report:f73a2f5791539381
data/raw/public_hard_negatives/rvl/scientific_report_875bc635c628d535.jpg,rvl_targeted_scientific_report,train,rvl:scientific_report:875bc635c628d535
data/raw/public_hard_negatives/rvl/scientific_report_d241b8fcda318c92.jpg,rvl_targeted_scientific_report,test,rvl:scientific_report:d241b8fcda318c92
data/raw/public_hard_negatives/rvl/scientific_report_ae4cdc4024ed5f0e.jpg,rvl_targeted_scientific_report,train,rvl:scientific_report:ae4cdc4024ed5f0e
data/raw/public_hard_negatives/rvl/scientific_report_8372a2b7ec6865fc.jpg,rvl_targeted_scientific_report,train,rvl:scientific_report:8372a2b7ec6865fc
data/raw/public_hard_negatives/rvl/scientific_report_6ed38b273d168cd1.jpg,rvl_targeted_scientific_report,test,rvl:scientific_report:6ed38b273d168cd1
data/raw/public_hard_negatives/rvl/scientific_report_34bd9d088b3f1c01.jpg,rvl_targeted_scientific_report,train,rvl:scientific_report:34bd9d088b3f1c01
data/raw/public_hard_negatives/rvl/scientific_report_1ad17ab48d6c85c0.jpg,rvl_targeted_scientific_report,train,rvl:scientific_report:1ad17ab48d6c85c0
data/raw/public_hard_negatives/rvl/scientific_report_88c2e2a98189fb06.jpg,rvl_targeted_scientific_report,train,rvl:scientific_report:88c2e2a98189fb06
data/raw/public_hard_negatives/rvl/scientific_report_d04bab27d60b87b0.jpg,rvl_targeted_scientific_report,train,rvl:scientific_report:d04bab27d60b87b0
data/raw/public_hard_negatives/rvl/scientific_report_c24de01ce34916bb.jpg,rvl_targeted_scientific_report,train,rvl:scientific_report:c24de01ce34916bb
data/raw/public_hard_negatives/rvl/scientific_report_99f70567f0f9ba6c.jpg,rvl_targeted_scientific_report,train,rvl:scientific_report:99f70567f0f9ba6c
data/raw/public_hard_negatives/rvl/scientific_report_55f131651f2b532b.jpg,rvl_targeted_scientific_report,train,rvl:scientific_report:55f131651f2b532b
data/raw/public_hard_negatives/rvl/scientific_report_2e7994fb93c90792.jpg,rvl_targeted_scientific_report,test,rvl:scientific_report:2e7994fb93c90792
data/raw/public_hard_negatives/rvl/scientific_report_a189202c514f5bf2.jpg,rvl_targeted_scientific_report,train,rvl:scientific_report:a189202c514f5bf2
data/raw/public_hard_negatives/rvl/scientific_report_44d9c9eda894921c.jpg,rvl_targeted_scientific_report,train,rvl:scientific_report:44d9c9eda894921c
data/raw/public_hard_negatives/rvl/scientific_report_0c2eaf8b8c5ccb78.jpg,rvl_targeted_scientific_report,train,rvl:scientific_report:0c2eaf8b8c5ccb78
data/raw/public_hard_negatives/rvl/scientific_report_e13bec0e9b708f94.jpg,rvl_targeted_scientific_report,train,rvl:scientific_report:e13bec0e9b708f94
data/raw/public_hard_negatives/rvl/scientific_report_f7e792eb6e5c413a.jpg,rvl_targeted_scientific_report,train,rvl:scientific_report:f7e792eb6e5c413a
data/raw/public_hard_negatives/rvl/scientific_report_2a086a2ffbb45c94.jpg,rvl_targeted_scientific_report,train,rvl:scientific_report:2a086a2ffbb45c94
data/raw/public_hard_negatives/rvl/scientific_report_9a84aa74ab2073fa.jpg,rvl_targeted_scientific_report,test,rvl:scientific_report:9a84aa74ab2073fa
data/raw/public_hard_negatives/rvl/scientific_report_2e816bca2e55fdd5.jpg,rvl_targeted_scientific_report,train,rvl:scientific_report:2e816bca2e55fdd5
data/raw/public_hard_negatives/rvl/scientific_report_04c0d8d41f4a1b5e.jpg,rvl_targeted_scientific_report,train,rvl:scientific_report:04c0d8d41f4a1b5e
data/raw/public_hard_negatives/rvl/scientific_report_d8686162bd516b29.jpg,rvl_targeted_scientific_report,test,rvl:scientific_report:d8686162bd516b29
data/raw/public_hard_negatives/rvl/scientific_report_44d687beaccc45e2.jpg,rvl_targeted_scientific_report,train,rvl:scientific_report:44d687beaccc45e2
data/raw/public_hard_negatives/rvl/scientific_report_e901c72e9c663671.jpg,rvl_targeted_scientific_report,train,rvl:scientific_report:e901c72e9c663671
data/raw/public_hard_negatives/rvl/scientific_report_82d01e8466d74bd4.jpg,rvl_targeted_scientific_report,test,rvl:scientific_report:82d01e8466d74bd4
data/raw/public_hard_negatives/rvl/scientific_report_5ec41876909ea145.jpg,rvl_targeted_scientific_report,train,rvl:scientific_report:5ec41876909ea145
data/raw/public_hard_negatives/rvl/scientific_report_9c91aaf1e2b1e844.jpg,rvl_targeted_scientific_report,train,rvl:scientific_report:9c91aaf1e2b1e844
data/raw/public_hard_negatives/rvl/scientific_report_eb5230104ed49130.jpg,rvl_targeted_scientific_report,train,rvl:scientific_report:eb5230104ed49130
data/raw/public_hard_negatives/rvl/scientific_report_8e9c55324057fb16.jpg,rvl_targeted_scientific_report,train,rvl:scientific_report:8e9c55324057fb16
data/raw/public_hard_negatives/rvl/scientific_report_1066cee53a5e089e.jpg,rvl_targeted_scientific_report,val,rvl:scientific_report:1066cee53a5e089e
data/raw/public_hard_negatives/rvl/scientific_publication_b6e2e31bb5d365c5.jpg,rvl_targeted_scientific_publication,val,rvl:scientific_publication:b6e2e31bb5d365c5
data/raw/public_hard_negatives/rvl/scientific_publication_cfc516fdd83996e7.jpg,rvl_targeted_scientific_publication,val,rvl:scientific_publication:cfc516fdd83996e7
data/raw/public_hard_negatives/rvl/scientific_publication_d281babc024693f3.jpg,rvl_targeted_scientific_publication,train,rvl:scientific_publication:d281babc024693f3
data/raw/public_hard_negatives/rvl/scientific_publication_fdba8a822311d662.jpg,rvl_targeted_scientific_publication,train,rvl:scientific_publication:fdba8a822311d662
data/raw/public_hard_negatives/rvl/scientific_publication_7f7d46027ebc50bd.jpg,rvl_targeted_scientific_publication,test,rvl:scientific_publication:7f7d46027ebc50bd
data/raw/public_hard_negatives/rvl/scientific_publication_af43190cfa2e845e.jpg,rvl_targeted_scientific_publication,train,rvl:scientific_publication:af43190cfa2e845e
data/raw/public_hard_negatives/rvl/scientific_publication_4c8436a5221af5e9.jpg,rvl_targeted_scientific_publication,train,rvl:scientific_publication:4c8436a5221af5e9
data/raw/public_hard_negatives/rvl/scientific_publication_ac954461045c6e44.jpg,rvl_targeted_scientific_publication,train,rvl:scientific_publication:ac954461045c6e44
data/raw/public_hard_negatives/rvl/scientific_publication_10e558dad7f5a1de.jpg,rvl_targeted_scientific_publication,train,rvl:scientific_publication:10e558dad7f5a1de
data/raw/public_hard_negatives/rvl/scientific_publication_605ac272cec8f21e.jpg,rvl_targeted_scientific_publication,train,rvl:scientific_publication:605ac272cec8f21e
data/raw/public_hard_negatives/rvl/scientific_publication_bb5878215b09aecc.jpg,rvl_targeted_scientific_publication,train,rvl:scientific_publication:bb5878215b09aecc
data/raw/public_hard_negatives/rvl/scientific_publication_adc54b38437dafb4.jpg,rvl_targeted_scientific_publication,train,rvl:scientific_publication:adc54b38437dafb4
data/raw/public_hard_negatives/rvl/scientific_publication_90aad2cb65b7ce48.jpg,rvl_targeted_scientific_publication,val,rvl:scientific_publication:90aad2cb65b7ce48
data/raw/public_hard_negatives/rvl/scientific_publication_6b252514cab32f74.jpg,rvl_targeted_scientific_publication,train,rvl:scientific_publication:6b252514cab32f74
data/raw/public_hard_negatives/rvl/scientific_publication_60f65b322a41a722.jpg,rvl_targeted_scientific_publication,train,rvl:scientific_publication:60f65b322a41a722
data/raw/public_hard_negatives/rvl/scientific_publication_f924c696e5f4bae1.jpg,rvl_targeted_scientific_publication,test,rvl:scientific_publication:f924c696e5f4bae1
data/raw/public_hard_negatives/rvl/scientific_publication_4d80d52685dbddc2.jpg,rvl_targeted_scientific_publication,train,rvl:scientific_publication:4d80d52685dbddc2
data/raw/public_hard_negatives/rvl/scientific_publication_6a02c7215717df2d.jpg,rvl_targeted_scientific_publication,train,rvl:scientific_publication:6a02c7215717df2d
data/raw/public_hard_negatives/rvl/scientific_publication_603c372d87e7cd91.jpg,rvl_targeted_scientific_publication,train,rvl:scientific_publication:603c372d87e7cd91
data/raw/public_hard_negatives/rvl/scientific_publication_9dd7b2b76dc0caa5.jpg,rvl_targeted_scientific_publication,train,rvl:scientific_publication:9dd7b2b76dc0caa5
data/raw/public_hard_negatives/rvl/scientific_publication_6316f5f13a7cf813.jpg,rvl_targeted_scientific_publication,train,rvl:scientific_publication:6316f5f13a7cf813
data/raw/public_hard_negatives/rvl/scientific_publication_de1d153743cc54ee.jpg,rvl_targeted_scientific_publication,train,rvl:scientific_publication:de1d153743cc54ee
data/raw/public_hard_negatives/rvl/scientific_publication_cc1524b77cb134ba.jpg,rvl_targeted_scientific_publication,train,rvl:scientific_publication:cc1524b77cb134ba
data/raw/public_hard_negatives/rvl/scientific_publication_2dc6f188fc0801d1.jpg,rvl_targeted_scientific_publication,train,rvl:scientific_publication:2dc6f188fc0801d1
data/raw/public_hard_negatives/rvl/scientific_publication_802316ac12b34c5b.jpg,rvl_targeted_scientific_publication,train,rvl:scientific_publication:802316ac12b34c5b
data/raw/public_hard_negatives/rvl/scientific_publication_169e3eaae2ac835d.jpg,rvl_targeted_scientific_publication,train,rvl:scientific_publication:169e3eaae2ac835d
data/raw/public_hard_negatives/rvl/scientific_publication_2bdd7e52b9508eaa.jpg,rvl_targeted_scientific_publication,train,rvl:scientific_publication:2bdd7e52b9508eaa
data/raw/public_hard_negatives/rvl/scientific_publication_e479830c6d1eee7b.jpg,rvl_targeted_scientific_publication,train,rvl:scientific_publication:e479830c6d1eee7b
data/raw/public_hard_negatives/rvl/scientific_publication_5ead21f275e56992.jpg,rvl_targeted_scientific_publication,train,rvl:scientific_publication:5ead21f275e56992
data/raw/public_hard_negatives/rvl/scientific_publication_23df7c5ff1aa95ee.jpg,rvl_targeted_scientific_publication,train,rvl:scientific_publication:23df7c5ff1aa95ee
data/raw/public_hard_negatives/rvl/scientific_publication_1466a4ed51547bf5.jpg,rvl_targeted_scientific_publication,train,rvl:scientific_publication:1466a4ed51547bf5
data/raw/public_hard_negatives/rvl/scientific_publication_de3f4bae10c72583.jpg,rvl_targeted_scientific_publication,train,rvl:scientific_publication:de3f4bae10c72583
data/raw/public_hard_negatives/rvl/scientific_publication_de2f0b8b6a3a4bdd.jpg,rvl_targeted_scientific_publication,train,rvl:scientific_publication:de2f0b8b6a3a4bdd
data/raw/public_hard_negatives/rvl/scientific_publication_aca9e48254cf3b0e.jpg,rvl_targeted_scientific_publication,train,rvl:scientific_publication:aca9e48254cf3b0e
data/raw/public_hard_negatives/rvl/scientific_publication_1a5f093284dab849.jpg,rvl_targeted_scientific_publication,train,rvl:scientific_publication:1a5f093284dab849
data/raw/public_hard_negatives/rvl/scientific_publication_0266115db6d9390c.jpg,rvl_targeted_scientific_publication,train,rvl:scientific_publication:0266115db6d9390c
data/raw/public_hard_negatives/rvl/scientific_publication_6f41b0439b80793b.jpg,rvl_targeted_scientific_publication,train,rvl:scientific_publication:6f41b0439b80793b
data/raw/public_hard_negatives/rvl/scientific_publication_bc0ad4ba4cea3083.jpg,rvl_targeted_scientific_publication,train,rvl:scientific_publication:bc0ad4ba4cea3083
data/raw/public_hard_negatives/rvl/scientific_publication_6aa2c42b9418b517.jpg,rvl_targeted_scientific_publication,train,rvl:scientific_publication:6aa2c42b9418b517
data/raw/public_hard_negatives/rvl/scientific_publication_337fe99efd56d649.jpg,rvl_targeted_scientific_publication,train,rvl:scientific_publication:337fe99efd56d649
data/raw/public_hard_negatives/rvl/scientific_publication_03424e78a5387b3d.jpg,rvl_targeted_scientific_publication,train,rvl:scientific_publication:03424e78a5387b3d
data/raw/public_hard_negatives/rvl/scientific_publication_6857d33420510a8d.jpg,rvl_targeted_scientific_publication,train,rvl:scientific_publication:6857d33420510a8d
data/raw/public_hard_negatives/rvl/scientific_publication_8ea0a27067e80e45.jpg,rvl_targeted_scientific_publication,train,rvl:scientific_publication:8ea0a27067e80e45
data/raw/public_hard_negatives/rvl/scientific_publication_79179c47f8b79ab4.jpg,rvl_targeted_scientific_publication,val,rvl:scientific_publication:79179c47f8b79ab4
data/raw/public_hard_negatives/rvl/scientific_publication_7b76945e961a9b18.jpg,rvl_targeted_scientific_publication,train,rvl:scientific_publication:7b76945e961a9b18
data/raw/public_hard_negatives/rvl/scientific_publication_a078eaa4a6dc79ca.jpg,rvl_targeted_scientific_publication,train,rvl:scientific_publication:a078eaa4a6dc79ca
data/raw/public_hard_negatives/rvl/scientific_publication_20fa16d393d95070.jpg,rvl_targeted_scientific_publication,train,rvl:scientific_publication:20fa16d393d95070
data/raw/public_hard_negatives/rvl/scientific_publication_18dabe89547387f0.jpg,rvl_targeted_scientific_publication,train,rvl:scientific_publication:18dabe89547387f0
data/raw/public_hard_negatives/rvl/scientific_publication_5a14c91dbb2a2198.jpg,rvl_targeted_scientific_publication,train,rvl:scientific_publication:5a14c91dbb2a2198
data/raw/public_hard_negatives/rvl/scientific_publication_e9c2dd913735802f.jpg,rvl_targeted_scientific_publication,train,rvl:scientific_publication:e9c2dd913735802f
data/raw/public_hard_negatives/rvl/scientific_publication_282b89d961eb0e93.jpg,rvl_targeted_scientific_publication,train,rvl:scientific_publication:282b89d961eb0e93
data/raw/public_hard_negatives/rvl/scientific_publication_730881495c2bffe5.jpg,rvl_targeted_scientific_publication,train,rvl:scientific_publication:730881495c2bffe5
data/raw/public_hard_negatives/rvl/scientific_publication_b719b7eb76a6de4e.jpg,rvl_targeted_scientific_publication,train,rvl:scientific_publication:b719b7eb76a6de4e
data/raw/public_hard_negatives/rvl/scientific_publication_04f9f1d37097da0a.jpg,rvl_targeted_scientific_publication,val,rvl:scientific_publication:04f9f1d37097da0a
data/raw/public_hard_negatives/rvl/scientific_publication_9a6fe14bd533091d.jpg,rvl_targeted_scientific_publication,train,rvl:scientific_publication:9a6fe14bd533091d
data/raw/public_hard_negatives/rvl/scientific_publication_2b8d167eacdb65e4.jpg,rvl_targeted_scientific_publication,test,rvl:scientific_publication:2b8d167eacdb65e4
data/raw/public_hard_negatives/rvl/scientific_publication_98bf0ced40164bf5.jpg,rvl_targeted_scientific_publication,val,rvl:scientific_publication:98bf0ced40164bf5
data/raw/public_hard_negatives/rvl/scientific_publication_31f018259c6c9bb1.jpg,rvl_targeted_scientific_publication,train,rvl:scientific_publication:31f018259c6c9bb1
data/raw/public_hard_negatives/rvl/scientific_publication_494211cd6bc6770c.jpg,rvl_targeted_scientific_publication,train,rvl:scientific_publication:494211cd6bc6770c
data/raw/public_hard_negatives/rvl/scientific_publication_cd5feec4a5a784f2.jpg,rvl_targeted_scientific_publication,train,rvl:scientific_publication:cd5feec4a5a784f2
data/raw/public_hard_negatives/rvl/scientific_publication_90bdeee7336c7bc3.jpg,rvl_targeted_scientific_publication,val,rvl:scientific_publication:90bdeee7336c7bc3
data/raw/public_hard_negatives/rvl/scientific_publication_b6c6675ff669d5bb.jpg,rvl_targeted_scientific_publication,train,rvl:scientific_publication:b6c6675ff669d5bb
data/raw/public_hard_negatives/rvl/scientific_publication_c0ac51af7f827724.jpg,rvl_targeted_scientific_publication,test,rvl:scientific_publication:c0ac51af7f827724
data/raw/public_hard_negatives/rvl/scientific_publication_216f2a9cd6ef7216.jpg,rvl_targeted_scientific_publication,train,rvl:scientific_publication:216f2a9cd6ef7216
data/raw/public_hard_negatives/rvl/scientific_publication_63e82bfe3e59aaf1.jpg,rvl_targeted_scientific_publication,train,rvl:scientific_publication:63e82bfe3e59aaf1
data/raw/public_hard_negatives/rvl/scientific_publication_f347d5479eca727f.jpg,rvl_targeted_scientific_publication,test,rvl:scientific_publication:f347d5479eca727f
data/raw/public_hard_negatives/rvl/scientific_publication_23e18338470d06ef.jpg,rvl_targeted_scientific_publication,train,rvl:scientific_publication:23e18338470d06ef
data/raw/public_hard_negatives/rvl/scientific_publication_93f853c20f63eefc.jpg,rvl_targeted_scientific_publication,train,rvl:scientific_publication:93f853c20f63eefc
data/raw/public_hard_negatives/rvl/scientific_publication_118dd4f06a049cbb.jpg,rvl_targeted_scientific_publication,train,rvl:scientific_publication:118dd4f06a049cbb
data/raw/public_hard_negatives/rvl/scientific_publication_49afb0acde56d77b.jpg,rvl_targeted_scientific_publication,train,rvl:scientific_publication:49afb0acde56d77b
data/raw/public_hard_negatives/rvl/scientific_publication_857ebb0baaf7e90d.jpg,rvl_targeted_scientific_publication,train,rvl:scientific_publication:857ebb0baaf7e90d
data/raw/public_hard_negatives/rvl/scientific_publication_abf45c18e824152e.jpg,rvl_targeted_scientific_publication,val,rvl:scientific_publication:abf45c18e824152e
data/raw/public_hard_negatives/rvl/scientific_publication_39a2c9462cbe3350.jpg,rvl_targeted_scientific_publication,val,rvl:scientific_publication:39a2c9462cbe3350
data/raw/public_hard_negatives/rvl/scientific_publication_2a274287000bac2c.jpg,rvl_targeted_scientific_publication,train,rvl:scientific_publication:2a274287000bac2c
data/raw/public_hard_negatives/rvl/scientific_publication_090e3652846b4c66.jpg,rvl_targeted_scientific_publication,test,rvl:scientific_publication:090e3652846b4c66
data/raw/public_hard_negatives/rvl/scientific_publication_3d1f30b93564c2c4.jpg,rvl_targeted_scientific_publication,train,rvl:scientific_publication:3d1f30b93564c2c4
data/raw/public_hard_negatives/rvl/scientific_publication_abf32ee2f72ebccc.jpg,rvl_targeted_scientific_publication,train,rvl:scientific_publication:abf32ee2f72ebccc
data/raw/public_hard_negatives/rvl/scientific_publication_4897332fdb646094.jpg,rvl_targeted_scientific_publication,train,rvl:scientific_publication:4897332fdb646094
data/raw/public_hard_negatives/rvl/scientific_publication_f7fb9041aa060ad2.jpg,rvl_targeted_scientific_publication,train,rvl:scientific_publication:f7fb9041aa060ad2
data/raw/public_hard_negatives/rvl/scientific_publication_7f0351f687c39cb9.jpg,rvl_targeted_scientific_publication,val,rvl:scientific_publication:7f0351f687c39cb9
data/raw/public_hard_negatives/rvl/scientific_publication_8d0750085d3ab102.jpg,rvl_targeted_scientific_publication,train,rvl:scientific_publication:8d0750085d3ab102
data/raw/public_hard_negatives/rvl/scientific_publication_15c6a6e77869565e.jpg,rvl_targeted_scientific_publication,train,rvl:scientific_publication:15c6a6e77869565e
data/raw/public_hard_negatives/rvl/scientific_publication_b60535a10917face.jpg,rvl_targeted_scientific_publication,train,rvl:scientific_publication:b60535a10917face
data/raw/public_hard_negatives/rvl/scientific_publication_543f50e3c028c7b5.jpg,rvl_targeted_scientific_publication,train,rvl:scientific_publication:543f50e3c028c7b5
data/raw/public_hard_negatives/rvl/scientific_publication_02385a711202a467.jpg,rvl_targeted_scientific_publication,test,rvl:scientific_publication:02385a711202a467
data/raw/public_hard_negatives/rvl/scientific_publication_8cddd230d5493048.jpg,rvl_targeted_scientific_publication,train,rvl:scientific_publication:8cddd230d5493048
data/raw/public_hard_negatives/rvl/scientific_publication_130657f74a408c18.jpg,rvl_targeted_scientific_publication,train,rvl:scientific_publication:130657f74a408c18
data/raw/public_hard_negatives/rvl/scientific_publication_61937bbd6440c964.jpg,rvl_targeted_scientific_publication,train,rvl:scientific_publication:61937bbd6440c964
data/raw/public_hard_negatives/rvl/scientific_publication_9e44360faaea946e.jpg,rvl_targeted_scientific_publication,train,rvl:scientific_publication:9e44360faaea946e
data/raw/public_hard_negatives/rvl/scientific_publication_e1f8c50aeb6f9b92.jpg,rvl_targeted_scientific_publication,train,rvl:scientific_publication:e1f8c50aeb6f9b92
data/raw/public_hard_negatives/rvl/scientific_publication_f5e553b948858a39.jpg,rvl_targeted_scientific_publication,train,rvl:scientific_publication:f5e553b948858a39
data/raw/public_hard_negatives/rvl/scientific_publication_afbb2c212b03310b.jpg,rvl_targeted_scientific_publication,test,rvl:scientific_publication:afbb2c212b03310b
data/raw/public_hard_negatives/rvl/scientific_publication_1046b2d7049ddf74.jpg,rvl_targeted_scientific_publication,train,rvl:scientific_publication:1046b2d7049ddf74
data/raw/public_hard_negatives/rvl/scientific_publication_3fd1c207d2afe5f8.jpg,rvl_targeted_scientific_publication,train,rvl:scientific_publication:3fd1c207d2afe5f8
data/raw/public_hard_negatives/rvl/scientific_publication_98341b30f783b895.jpg,rvl_targeted_scientific_publication,train,rvl:scientific_publication:98341b30f783b895
data/raw/public_hard_negatives/rvl/scientific_publication_8ae1eac848ffd346.jpg,rvl_targeted_scientific_publication,train,rvl:scientific_publication:8ae1eac848ffd346
data/raw/public_hard_negatives/rvl/scientific_publication_a67677d2eadcd131.jpg,rvl_targeted_scientific_publication,train,rvl:scientific_publication:a67677d2eadcd131
data/raw/public_hard_negatives/rvl/scientific_publication_41da93061e249a2a.jpg,rvl_targeted_scientific_publication,train,rvl:scientific_publication:41da93061e249a2a
data/raw/public_hard_negatives/rvl/scientific_publication_8da2f320b29d589b.jpg,rvl_targeted_scientific_publication,val,rvl:scientific_publication:8da2f320b29d589b
data/raw/public_hard_negatives/rvl/scientific_publication_181c6aa65d892e94.jpg,rvl_targeted_scientific_publication,train,rvl:scientific_publication:181c6aa65d892e94
data/raw/public_hard_negatives/rvl/scientific_publication_e244052337cf5513.jpg,rvl_targeted_scientific_publication,train,rvl:scientific_publication:e244052337cf5513
data/raw/public_hard_negatives/rvl/scientific_publication_a065061c56dd5183.jpg,rvl_targeted_scientific_publication,train,rvl:scientific_publication:a065061c56dd5183
data/raw/public_hard_negatives/rvl/scientific_publication_9486b6e4d74e77b7.jpg,rvl_targeted_scientific_publication,train,rvl:scientific_publication:9486b6e4d74e77b7
data/raw/public_hard_negatives/rvl/scientific_publication_91f6588b24fff20d.jpg,rvl_targeted_scientific_publication,train,rvl:scientific_publication:91f6588b24fff20d
data/raw/public_hard_negatives/rvl/scientific_publication_be845880d3591624.jpg,rvl_targeted_scientific_publication,train,rvl:scientific_publication:be845880d3591624
data/raw/public_hard_negatives/rvl/scientific_publication_de53e3ba4cf6ed0c.jpg,rvl_targeted_scientific_publication,train,rvl:scientific_publication:de53e3ba4cf6ed0c
data/raw/public_hard_negatives/rvl/scientific_publication_2a61d9405348f0ed.jpg,rvl_targeted_scientific_publication,train,rvl:scientific_publication:2a61d9405348f0ed
data/raw/public_hard_negatives/rvl/scientific_publication_9e9f60922cfed1a4.jpg,rvl_targeted_scientific_publication,train,rvl:scientific_publication:9e9f60922cfed1a4
data/raw/public_hard_negatives/rvl/scientific_publication_800f794addd9ba49.jpg,rvl_targeted_scientific_publication,train,rvl:scientific_publication:800f794addd9ba49
data/raw/public_hard_negatives/rvl/scientific_publication_8a4a9b124fd9d518.jpg,rvl_targeted_scientific_publication,test,rvl:scientific_publication:8a4a9b124fd9d518
data/raw/public_hard_negatives/rvl/scientific_publication_84e076a64c589050.jpg,rvl_targeted_scientific_publication,train,rvl:scientific_publication:84e076a64c589050
data/raw/public_hard_negatives/rvl/scientific_publication_7aa9969e62e6efcd.jpg,rvl_targeted_scientific_publication,test,rvl:scientific_publication:7aa9969e62e6efcd
data/raw/public_hard_negatives/rvl/scientific_publication_39042c6e52df6fd4.jpg,rvl_targeted_scientific_publication,val,rvl:scientific_publication:39042c6e52df6fd4
data/raw/public_hard_negatives/rvl/scientific_publication_7a6b320db1afa7ae.jpg,rvl_targeted_scientific_publication,train,rvl:scientific_publication:7a6b320db1afa7ae
data/raw/public_hard_negatives/rvl/scientific_publication_65597111fd813188.jpg,rvl_targeted_scientific_publication,train,rvl:scientific_publication:65597111fd813188
data/raw/public_hard_negatives/rvl/scientific_publication_0b8a1006e6a31d42.jpg,rvl_targeted_scientific_publication,train,rvl:scientific_publication:0b8a1006e6a31d42
data/raw/public_hard_negatives/rvl/scientific_publication_d5956c03c81c616f.jpg,rvl_targeted_scientific_publication,train,rvl:scientific_publication:d5956c03c81c616f
data/raw/public_hard_negatives/rvl/scientific_publication_cd643aa86c602bf0.jpg,rvl_targeted_scientific_publication,val,rvl:scientific_publication:cd643aa86c602bf0
data/raw/public_hard_negatives/rvl/scientific_publication_6273957b2db8fe5e.jpg,rvl_targeted_scientific_publication,train,rvl:scientific_publication:6273957b2db8fe5e
data/raw/public_hard_negatives/rvl/scientific_publication_33ae173e2760051b.jpg,rvl_targeted_scientific_publication,train,rvl:scientific_publication:33ae173e2760051b
data/raw/public_hard_negatives/rvl/scientific_publication_a3510634e47b216f.jpg,rvl_targeted_scientific_publication,train,rvl:scientific_publication:a3510634e47b216f
data/raw/public_hard_negatives/rvl/scientific_publication_966a08fc116aa8c4.jpg,rvl_targeted_scientific_publication,train,rvl:scientific_publication:966a08fc116aa8c4
data/raw/public_hard_negatives/rvl/scientific_publication_efb3ffe583e3d63b.jpg,rvl_targeted_scientific_publication,train,rvl:scientific_publication:efb3ffe583e3d63b
data/raw/public_hard_negatives/rvl/scientific_publication_e5cbbc5112eeb0fe.jpg,rvl_targeted_scientific_publication,test,rvl:scientific_publication:e5cbbc5112eeb0fe
data/raw/public_hard_negatives/rvl/scientific_publication_e31487c8ba44e704.jpg,rvl_targeted_scientific_publication,train,rvl:scientific_publication:e31487c8ba44e704
data/raw/public_hard_negatives/rvl/scientific_publication_2de5210c96ef0718.jpg,rvl_targeted_scientific_publication,train,rvl:scientific_publication:2de5210c96ef0718
data/raw/public_hard_negatives/rvl/scientific_publication_451b7b0d401acc9b.jpg,rvl_targeted_scientific_publication,train,rvl:scientific_publication:451b7b0d401acc9b
data/raw/public_hard_negatives/rvl/scientific_publication_3e2877b698861a49.jpg,rvl_targeted_scientific_publication,train,rvl:scientific_publication:3e2877b698861a49
data/raw/public_hard_negatives/rvl/scientific_publication_194e6949ff883e9e.jpg,rvl_targeted_scientific_publication,train,rvl:scientific_publication:194e6949ff883e9e
data/raw/public_hard_negatives/rvl/scientific_publication_023eeba96b4b1546.jpg,rvl_targeted_scientific_publication,train,rvl:scientific_publication:023eeba96b4b1546
data/raw/public_hard_negatives/rvl/scientific_publication_a32f717cd51663a7.jpg,rvl_targeted_scientific_publication,train,rvl:scientific_publication:a32f717cd51663a7
data/raw/public_hard_negatives/rvl/scientific_publication_e90055eb2bc393e1.jpg,rvl_targeted_scientific_publication,test,rvl:scientific_publication:e90055eb2bc393e1
data/raw/public_hard_negatives/rvl/scientific_publication_5e734aab5cc4331a.jpg,rvl_targeted_scientific_publication,val,rvl:scientific_publication:5e734aab5cc4331a
data/raw/public_hard_negatives/rvl/scientific_publication_71aabb554a9d5cff.jpg,rvl_targeted_scientific_publication,train,rvl:scientific_publication:71aabb554a9d5cff
data/raw/public_hard_negatives/rvl/scientific_publication_d34f44a58d9955c5.jpg,rvl_targeted_scientific_publication,train,rvl:scientific_publication:d34f44a58d9955c5
data/raw/public_hard_negatives/rvl/scientific_publication_55b7b0332f12f223.jpg,rvl_targeted_scientific_publication,test,rvl:scientific_publication:55b7b0332f12f223
data/raw/public_hard_negatives/rvl/scientific_publication_b414d7e150c3400d.jpg,rvl_targeted_scientific_publication,val,rvl:scientific_publication:b414d7e150c3400d
data/raw/public_hard_negatives/rvl/scientific_publication_5e0e6ed75bd41234.jpg,rvl_targeted_scientific_publication,train,rvl:scientific_publication:5e0e6ed75bd41234
data/raw/public_hard_negatives/rvl/scientific_publication_35c751120a9a33b9.jpg,rvl_targeted_scientific_publication,test,rvl:scientific_publication:35c751120a9a33b9
data/raw/public_hard_negatives/rvl/scientific_publication_8fb16bd01676b7a4.jpg,rvl_targeted_scientific_publication,train,rvl:scientific_publication:8fb16bd01676b7a4
data/raw/public_hard_negatives/rvl/scientific_publication_27cd5243ba326436.jpg,rvl_targeted_scientific_publication,train,rvl:scientific_publication:27cd5243ba326436
data/raw/public_hard_negatives/rvl/scientific_publication_3b36aa8e8fd839eb.jpg,rvl_targeted_scientific_publication,train,rvl:scientific_publication:3b36aa8e8fd839eb
data/raw/public_hard_negatives/rvl/scientific_publication_deebbaae0b9b777e.jpg,rvl_targeted_scientific_publication,train,rvl:scientific_publication:deebbaae0b9b777e
data/raw/public_hard_negatives/rvl/scientific_publication_0d1d8bc8e0a4ede4.jpg,rvl_targeted_scientific_publication,train,rvl:scientific_publication:0d1d8bc8e0a4ede4
data/raw/public_hard_negatives/rvl/scientific_publication_877a2ef4f50d6ac6.jpg,rvl_targeted_scientific_publication,train,rvl:scientific_publication:877a2ef4f50d6ac6
data/raw/public_hard_negatives/rvl/scientific_publication_33ab1af16e7b2f5c.jpg,rvl_targeted_scientific_publication,train,rvl:scientific_publication:33ab1af16e7b2f5c
data/raw/public_hard_negatives/rvl/scientific_publication_73e98760693a5f3e.jpg,rvl_targeted_scientific_publication,train,rvl:scientific_publication:73e98760693a5f3e
data/raw/public_hard_negatives/rvl/scientific_publication_d91dc8079d0c6dac.jpg,rvl_targeted_scientific_publication,train,rvl:scientific_publication:d91dc8079d0c6dac
data/raw/public_hard_negatives/rvl/scientific_publication_efef83782830bb70.jpg,rvl_targeted_scientific_publication,train,rvl:scientific_publication:efef83782830bb70
data/raw/public_hard_negatives/rvl/scientific_publication_53030707a5c63904.jpg,rvl_targeted_scientific_publication,train,rvl:scientific_publication:53030707a5c63904
data/raw/public_hard_negatives/rvl/specification_377955fd1119f8d0.jpg,rvl_targeted_specification,train,rvl:specification:377955fd1119f8d0
data/raw/public_hard_negatives/rvl/specification_08326897752b457c.jpg,rvl_targeted_specification,train,rvl:specification:08326897752b457c
data/raw/public_hard_negatives/rvl/specification_b4575e6c1dd0fad0.jpg,rvl_targeted_specification,train,rvl:specification:b4575e6c1dd0fad0
data/raw/public_hard_negatives/rvl/specification_53d4159274ccbbad.jpg,rvl_targeted_specification,train,rvl:specification:53d4159274ccbbad
data/raw/public_hard_negatives/rvl/specification_1e5cf6ae6005157b.jpg,rvl_targeted_specification,train,rvl:specification:1e5cf6ae6005157b
data/raw/public_hard_negatives/rvl/specification_6abdf9610325b4c8.jpg,rvl_targeted_specification,train,rvl:specification:6abdf9610325b4c8
data/raw/public_hard_negatives/rvl/specification_064f20fd35211c9f.jpg,rvl_targeted_specification,train,rvl:specification:064f20fd35211c9f
data/raw/public_hard_negatives/rvl/specification_157252812eaee950.jpg,rvl_targeted_specification,val,rvl:specification:157252812eaee950
data/raw/public_hard_negatives/rvl/specification_56774467b5d3c917.jpg,rvl_targeted_specification,val,rvl:specification:56774467b5d3c917
data/raw/public_hard_negatives/rvl/specification_e0745fd29e486e0b.jpg,rvl_targeted_specification,train,rvl:specification:e0745fd29e486e0b
data/raw/public_hard_negatives/rvl/specification_475aaba155bccb64.jpg,rvl_targeted_specification,train,rvl:specification:475aaba155bccb64
data/raw/public_hard_negatives/rvl/specification_68c14fd4f29d8683.jpg,rvl_targeted_specification,train,rvl:specification:68c14fd4f29d8683
data/raw/public_hard_negatives/rvl/specification_c5c3a6bd2c006241.jpg,rvl_targeted_specification,train,rvl:specification:c5c3a6bd2c006241
data/raw/public_hard_negatives/rvl/specification_f4e4ae73be03b8f9.jpg,rvl_targeted_specification,val,rvl:specification:f4e4ae73be03b8f9
data/raw/public_hard_negatives/rvl/specification_51f873625d552dbe.jpg,rvl_targeted_specification,val,rvl:specification:51f873625d552dbe
data/raw/public_hard_negatives/rvl/specification_11d133171e09e863.jpg,rvl_targeted_specification,val,rvl:specification:11d133171e09e863
data/raw/public_hard_negatives/rvl/specification_b557c6142e67d161.jpg,rvl_targeted_specification,train,rvl:specification:b557c6142e67d161
data/raw/public_hard_negatives/rvl/specification_4246802fb49d7af0.jpg,rvl_targeted_specification,train,rvl:specification:4246802fb49d7af0
data/raw/public_hard_negatives/rvl/specification_a5718e7385cd4d2f.jpg,rvl_targeted_specification,val,rvl:specification:a5718e7385cd4d2f
data/raw/public_hard_negatives/rvl/specification_1086ca4a8b0bbd15.jpg,rvl_targeted_specification,train,rvl:specification:1086ca4a8b0bbd15
data/raw/public_hard_negatives/rvl/specification_71bf344aaecaab1f.jpg,rvl_targeted_specification,train,rvl:specification:71bf344aaecaab1f
data/raw/public_hard_negatives/rvl/specification_9c890b8399d2e4d0.jpg,rvl_targeted_specification,train,rvl:specification:9c890b8399d2e4d0
data/raw/public_hard_negatives/rvl/specification_977337b0a4f063da.jpg,rvl_targeted_specification,train,rvl:specification:977337b0a4f063da
data/raw/public_hard_negatives/rvl/specification_25f5ab58c6b31bec.jpg,rvl_targeted_specification,train,rvl:specification:25f5ab58c6b31bec
data/raw/public_hard_negatives/rvl/specification_af9dcc2abe141b7f.jpg,rvl_targeted_specification,train,rvl:specification:af9dcc2abe141b7f
data/raw/public_hard_negatives/rvl/specification_99c579a26c96324f.jpg,rvl_targeted_specification,val,rvl:specification:99c579a26c96324f
data/raw/public_hard_negatives/rvl/specification_b852c65d1cd7beac.jpg,rvl_targeted_specification,train,rvl:specification:b852c65d1cd7beac
data/raw/public_hard_negatives/rvl/specification_136d19e42db5ed7a.jpg,rvl_targeted_specification,train,rvl:specification:136d19e42db5ed7a
data/raw/public_hard_negatives/rvl/specification_bdc22d3f08db4262.jpg,rvl_targeted_specification,val,rvl:specification:bdc22d3f08db4262
data/raw/public_hard_negatives/rvl/specification_9d06c055e635c924.jpg,rvl_targeted_specification,test,rvl:specification:9d06c055e635c924
data/raw/public_hard_negatives/rvl/specification_650c1f649c71594d.jpg,rvl_targeted_specification,val,rvl:specification:650c1f649c71594d
data/raw/public_hard_negatives/rvl/specification_d4e88934e9f9bc47.jpg,rvl_targeted_specification,train,rvl:specification:d4e88934e9f9bc47
data/raw/public_hard_negatives/rvl/specification_dd58dccd3bc17760.jpg,rvl_targeted_specification,train,rvl:specification:dd58dccd3bc17760
data/raw/public_hard_negatives/rvl/specification_02a2bf854c4357e3.jpg,rvl_targeted_specification,train,rvl:specification:02a2bf854c4357e3
data/raw/public_hard_negatives/rvl/specification_734ab7505a41c3e7.jpg,rvl_targeted_specification,test,rvl:specification:734ab7505a41c3e7
data/raw/public_hard_negatives/rvl/specification_d5eee914ef1938b2.jpg,rvl_targeted_specification,test,rvl:specification:d5eee914ef1938b2
data/raw/public_hard_negatives/rvl/specification_dc8501a942b09b8d.jpg,rvl_targeted_specification,train,rvl:specification:dc8501a942b09b8d
data/raw/public_hard_negatives/rvl/specification_069ea29cd0ebcc4b.jpg,rvl_targeted_specification,train,rvl:specification:069ea29cd0ebcc4b
data/raw/public_hard_negatives/rvl/specification_15f88e163082b119.jpg,rvl_targeted_specification,train,rvl:specification:15f88e163082b119
data/raw/public_hard_negatives/rvl/specification_f8827d6784ad9fc5.jpg,rvl_targeted_specification,train,rvl:specification:f8827d6784ad9fc5
data/raw/public_hard_negatives/rvl/specification_c38ce60e5bdf410d.jpg,rvl_targeted_specification,train,rvl:specification:c38ce60e5bdf410d
data/raw/public_hard_negatives/rvl/specification_5bae14373d279392.jpg,rvl_targeted_specification,train,rvl:specification:5bae14373d279392
data/raw/public_hard_negatives/rvl/specification_3074c8daff29e6c4.jpg,rvl_targeted_specification,train,rvl:specification:3074c8daff29e6c4
data/raw/public_hard_negatives/rvl/specification_bf8ae8e39689f103.jpg,rvl_targeted_specification,train,rvl:specification:bf8ae8e39689f103
data/raw/public_hard_negatives/rvl/specification_6ce58aafafebc3bc.jpg,rvl_targeted_specification,val,rvl:specification:6ce58aafafebc3bc
data/raw/public_hard_negatives/rvl/specification_7b8c8bba913006cc.jpg,rvl_targeted_specification,train,rvl:specification:7b8c8bba913006cc
data/raw/public_hard_negatives/rvl/specification_5b7f08284b6f3d35.jpg,rvl_targeted_specification,train,rvl:specification:5b7f08284b6f3d35
data/raw/public_hard_negatives/rvl/specification_c22996938c74aaac.jpg,rvl_targeted_specification,train,rvl:specification:c22996938c74aaac
data/raw/public_hard_negatives/rvl/specification_720bfa07c3e63b15.jpg,rvl_targeted_specification,train,rvl:specification:720bfa07c3e63b15
data/raw/public_hard_negatives/rvl/specification_8825c18cdf13cfd4.jpg,rvl_targeted_specification,val,rvl:specification:8825c18cdf13cfd4
data/raw/public_hard_negatives/rvl/specification_b3e4a52d1e41a3b7.jpg,rvl_targeted_specification,val,rvl:specification:b3e4a52d1e41a3b7
data/raw/public_hard_negatives/rvl/specification_279d0849f309682b.jpg,rvl_targeted_specification,train,rvl:specification:279d0849f309682b
data/raw/public_hard_negatives/rvl/specification_db0ac69b0ee50884.jpg,rvl_targeted_specification,train,rvl:specification:db0ac69b0ee50884
data/raw/public_hard_negatives/rvl/specification_6e064f8cb3694ac3.jpg,rvl_targeted_specification,train,rvl:specification:6e064f8cb3694ac3
data/raw/public_hard_negatives/rvl/specification_b5a1c763931f28f9.jpg,rvl_targeted_specification,train,rvl:specification:b5a1c763931f28f9
data/raw/public_hard_negatives/rvl/specification_d9738c4edb8dc299.jpg,rvl_targeted_specification,train,rvl:specification:d9738c4edb8dc299
data/raw/public_hard_negatives/rvl/specification_c47934d8a3fc58da.jpg,rvl_targeted_specification,train,rvl:specification:c47934d8a3fc58da
data/raw/public_hard_negatives/rvl/specification_c26a670ec8395835.jpg,rvl_targeted_specification,train,rvl:specification:c26a670ec8395835
data/raw/public_hard_negatives/rvl/specification_38cd54078659daad.jpg,rvl_targeted_specification,train,rvl:specification:38cd54078659daad
data/raw/public_hard_negatives/rvl/specification_fd1c972e18361cf3.jpg,rvl_targeted_specification,train,rvl:specification:fd1c972e18361cf3
data/raw/public_hard_negatives/rvl/specification_15df0b075284b0e2.jpg,rvl_targeted_specification,train,rvl:specification:15df0b075284b0e2
data/raw/public_hard_negatives/rvl/specification_d0e6c19cf900bc37.jpg,rvl_targeted_specification,train,rvl:specification:d0e6c19cf900bc37
data/raw/public_hard_negatives/rvl/specification_2997fdc885bf617c.jpg,rvl_targeted_specification,val,rvl:specification:2997fdc885bf617c
data/raw/public_hard_negatives/rvl/specification_3657fb0e2735da14.jpg,rvl_targeted_specification,train,rvl:specification:3657fb0e2735da14
data/raw/public_hard_negatives/rvl/specification_a75f7726a54f430b.jpg,rvl_targeted_specification,train,rvl:specification:a75f7726a54f430b
data/raw/public_hard_negatives/rvl/specification_5b114bb307c5a506.jpg,rvl_targeted_specification,train,rvl:specification:5b114bb307c5a506
data/raw/public_hard_negatives/rvl/specification_4e3bd5e4e229347e.jpg,rvl_targeted_specification,train,rvl:specification:4e3bd5e4e229347e
data/raw/public_hard_negatives/rvl/specification_1ee99f0db7f817da.jpg,rvl_targeted_specification,train,rvl:specification:1ee99f0db7f817da
data/raw/public_hard_negatives/rvl/specification_5f07eaafdab15c41.jpg,rvl_targeted_specification,train,rvl:specification:5f07eaafdab15c41
data/raw/public_hard_negatives/rvl/specification_53c075638fe4de27.jpg,rvl_targeted_specification,train,rvl:specification:53c075638fe4de27
data/raw/public_hard_negatives/rvl/specification_8ddf625a94dd0bfb.jpg,rvl_targeted_specification,train,rvl:specification:8ddf625a94dd0bfb
data/raw/public_hard_negatives/rvl/specification_6ca9143eea144dbb.jpg,rvl_targeted_specification,train,rvl:specification:6ca9143eea144dbb
data/raw/public_hard_negatives/rvl/specification_ffd5afacb2070039.jpg,rvl_targeted_specification,train,rvl:specification:ffd5afacb2070039
data/raw/public_hard_negatives/rvl/specification_96d5bd4ae1a68853.jpg,rvl_targeted_specification,train,rvl:specification:96d5bd4ae1a68853
data/raw/public_hard_negatives/rvl/specification_c06035182b40367d.jpg,rvl_targeted_specification,test,rvl:specification:c06035182b40367d
data/raw/public_hard_negatives/rvl/specification_b3c1633ef9eefa8b.jpg,rvl_targeted_specification,train,rvl:specification:b3c1633ef9eefa8b
data/raw/public_hard_negatives/rvl/specification_d5026c5aa0d6576e.jpg,rvl_targeted_specification,train,rvl:specification:d5026c5aa0d6576e
data/raw/public_hard_negatives/rvl/specification_1801bc36209ad119.jpg,rvl_targeted_specification,val,rvl:specification:1801bc36209ad119
data/raw/public_hard_negatives/rvl/specification_71845eebf83cd83a.jpg,rvl_targeted_specification,train,rvl:specification:71845eebf83cd83a
data/raw/public_hard_negatives/rvl/specification_3fa4ae6b787d1aa8.jpg,rvl_targeted_specification,test,rvl:specification:3fa4ae6b787d1aa8
data/raw/public_hard_negatives/rvl/specification_7f2e551e98babf24.jpg,rvl_targeted_specification,train,rvl:specification:7f2e551e98babf24
data/raw/public_hard_negatives/rvl/specification_3917cddbb60f3007.jpg,rvl_targeted_specification,train,rvl:specification:3917cddbb60f3007
data/raw/public_hard_negatives/rvl/specification_68ee8b029a1e02ed.jpg,rvl_targeted_specification,train,rvl:specification:68ee8b029a1e02ed
data/raw/public_hard_negatives/rvl/specification_8fdeec8a940786e5.jpg,rvl_targeted_specification,train,rvl:specification:8fdeec8a940786e5
data/raw/public_hard_negatives/rvl/specification_4b52e876f7fba63c.jpg,rvl_targeted_specification,train,rvl:specification:4b52e876f7fba63c
data/raw/public_hard_negatives/rvl/specification_31d9a58ac7dcec49.jpg,rvl_targeted_specification,train,rvl:specification:31d9a58ac7dcec49
data/raw/public_hard_negatives/rvl/specification_eab9102cb1188d04.jpg,rvl_targeted_specification,train,rvl:specification:eab9102cb1188d04
data/raw/public_hard_negatives/rvl/specification_909caa258b21acc0.jpg,rvl_targeted_specification,train,rvl:specification:909caa258b21acc0
data/raw/public_hard_negatives/rvl/specification_03e2984754774cdb.jpg,rvl_targeted_specification,train,rvl:specification:03e2984754774cdb
data/raw/public_hard_negatives/rvl/specification_2789cd4e5dd15c99.jpg,rvl_targeted_specification,train,rvl:specification:2789cd4e5dd15c99
data/raw/public_hard_negatives/rvl/specification_5fb7d439646c6f82.jpg,rvl_targeted_specification,val,rvl:specification:5fb7d439646c6f82
data/raw/public_hard_negatives/rvl/specification_055ffb4c4222a3ca.jpg,rvl_targeted_specification,train,rvl:specification:055ffb4c4222a3ca
data/raw/public_hard_negatives/rvl/specification_cc15313f394b7492.jpg,rvl_targeted_specification,train,rvl:specification:cc15313f394b7492
data/raw/public_hard_negatives/rvl/specification_cfde68de5c161b56.jpg,rvl_targeted_specification,train,rvl:specification:cfde68de5c161b56
data/raw/public_hard_negatives/rvl/specification_8be50077d6c3ccea.jpg,rvl_targeted_specification,train,rvl:specification:8be50077d6c3ccea
data/raw/public_hard_negatives/rvl/specification_2cc4ea5733bbc169.jpg,rvl_targeted_specification,train,rvl:specification:2cc4ea5733bbc169
data/raw/public_hard_negatives/rvl/specification_964c83af6c62e1a8.jpg,rvl_targeted_specification,train,rvl:specification:964c83af6c62e1a8
data/raw/public_hard_negatives/rvl/specification_fc037373a350ac1f.jpg,rvl_targeted_specification,test,rvl:specification:fc037373a350ac1f
data/raw/public_hard_negatives/rvl/specification_f102983c311bc8d4.jpg,rvl_targeted_specification,train,rvl:specification:f102983c311bc8d4
data/raw/public_hard_negatives/rvl/specification_df9368b3b14042e3.jpg,rvl_targeted_specification,train,rvl:specification:df9368b3b14042e3
data/raw/public_hard_negatives/rvl/specification_e30477bb8ab5ba58.jpg,rvl_targeted_specification,train,rvl:specification:e30477bb8ab5ba58
data/raw/public_hard_negatives/rvl/specification_c8d43f9ef71df49e.jpg,rvl_targeted_specification,train,rvl:specification:c8d43f9ef71df49e
data/raw/public_hard_negatives/rvl/specification_9dbea43bb50718c8.jpg,rvl_targeted_specification,train,rvl:specification:9dbea43bb50718c8
data/raw/public_hard_negatives/rvl/specification_0bdd79f68bb9f09d.jpg,rvl_targeted_specification,train,rvl:specification:0bdd79f68bb9f09d
data/raw/public_hard_negatives/rvl/specification_d148d1108bc785ee.jpg,rvl_targeted_specification,train,rvl:specification:d148d1108bc785ee
data/raw/public_hard_negatives/rvl/specification_662576f6184e6d5f.jpg,rvl_targeted_specification,train,rvl:specification:662576f6184e6d5f
data/raw/public_hard_negatives/rvl/specification_a4f461300b79595e.jpg,rvl_targeted_specification,train,rvl:specification:a4f461300b79595e
data/raw/public_hard_negatives/rvl/specification_5523560dfb5d1951.jpg,rvl_targeted_specification,train,rvl:specification:5523560dfb5d1951
data/raw/public_hard_negatives/rvl/specification_6261ee8aafd80fee.jpg,rvl_targeted_specification,train,rvl:specification:6261ee8aafd80fee
data/raw/public_hard_negatives/rvl/specification_01d11c2d59659cf0.jpg,rvl_targeted_specification,train,rvl:specification:01d11c2d59659cf0
data/raw/public_hard_negatives/rvl/specification_8e8a8e5ce623d219.jpg,rvl_targeted_specification,train,rvl:specification:8e8a8e5ce623d219
data/raw/public_hard_negatives/rvl/specification_895bc40be5e21048.jpg,rvl_targeted_specification,val,rvl:specification:895bc40be5e21048
data/raw/public_hard_negatives/rvl/specification_c121b3aef6565f18.jpg,rvl_targeted_specification,train,rvl:specification:c121b3aef6565f18
data/raw/public_hard_negatives/rvl/specification_817c410073fbefa7.jpg,rvl_targeted_specification,test,rvl:specification:817c410073fbefa7
data/raw/public_hard_negatives/rvl/specification_3d27dd5b967a1e00.jpg,rvl_targeted_specification,train,rvl:specification:3d27dd5b967a1e00
data/raw/public_hard_negatives/rvl/specification_8d4d32ad9415c8c1.jpg,rvl_targeted_specification,train,rvl:specification:8d4d32ad9415c8c1
data/raw/public_hard_negatives/rvl/specification_95e4c45e0cfc566e.jpg,rvl_targeted_specification,train,rvl:specification:95e4c45e0cfc566e
data/raw/public_hard_negatives/rvl/specification_9c9d96429a6427a1.jpg,rvl_targeted_specification,train,rvl:specification:9c9d96429a6427a1
data/raw/public_hard_negatives/rvl/specification_7493acd707a1d59c.jpg,rvl_targeted_specification,train,rvl:specification:7493acd707a1d59c
data/raw/public_hard_negatives/rvl/specification_51da4aae62eaf027.jpg,rvl_targeted_specification,test,rvl:specification:51da4aae62eaf027
data/raw/public_hard_negatives/rvl/specification_c9f6a569d8bbc7c3.jpg,rvl_targeted_specification,val,rvl:specification:c9f6a569d8bbc7c3
data/raw/public_hard_negatives/rvl/specification_79fde795a62dd4e6.jpg,rvl_targeted_specification,train,rvl:specification:79fde795a62dd4e6
data/raw/public_hard_negatives/rvl/specification_b8cbbb93bfc7a495.jpg,rvl_targeted_specification,train,rvl:specification:b8cbbb93bfc7a495
data/raw/public_hard_negatives/rvl/specification_51ee51c5fa608c61.jpg,rvl_targeted_specification,train,rvl:specification:51ee51c5fa608c61
data/raw/public_hard_negatives/rvl/specification_e8482785a77a244e.jpg,rvl_targeted_specification,train,rvl:specification:e8482785a77a244e
data/raw/public_hard_negatives/rvl/specification_3a47c277abcbd405.jpg,rvl_targeted_specification,train,rvl:specification:3a47c277abcbd405
data/raw/public_hard_negatives/rvl/specification_df96f8e6ce4b1315.jpg,rvl_targeted_specification,train,rvl:specification:df96f8e6ce4b1315
data/raw/public_hard_negatives/rvl/specification_f04bb78609f3775d.jpg,rvl_targeted_specification,train,rvl:specification:f04bb78609f3775d
data/raw/public_hard_negatives/rvl/specification_64e12687db7c1e82.jpg,rvl_targeted_specification,val,rvl:specification:64e12687db7c1e82
data/raw/public_hard_negatives/rvl/specification_5cf7853de43f0695.jpg,rvl_targeted_specification,train,rvl:specification:5cf7853de43f0695
data/raw/public_hard_negatives/rvl/specification_251308c1f3456f70.jpg,rvl_targeted_specification,test,rvl:specification:251308c1f3456f70
data/raw/public_hard_negatives/rvl/specification_3d9907462543444e.jpg,rvl_targeted_specification,train,rvl:specification:3d9907462543444e
data/raw/public_hard_negatives/rvl/specification_3a6889f839b58e01.jpg,rvl_targeted_specification,train,rvl:specification:3a6889f839b58e01
data/raw/public_hard_negatives/rvl/specification_27643cb53952871d.jpg,rvl_targeted_specification,train,rvl:specification:27643cb53952871d
data/raw/public_hard_negatives/rvl/specification_52b2f663d8ead411.jpg,rvl_targeted_specification,test,rvl:specification:52b2f663d8ead411
data/raw/public_hard_negatives/rvl/specification_2d695b617a1351c0.jpg,rvl_targeted_specification,test,rvl:specification:2d695b617a1351c0
data/raw/public_hard_negatives/rvl/specification_701f0532acca23d3.jpg,rvl_targeted_specification,train,rvl:specification:701f0532acca23d3
data/raw/public_hard_negatives/rvl/specification_5dbdcf4dbbaa8baa.jpg,rvl_targeted_specification,val,rvl:specification:5dbdcf4dbbaa8baa
data/raw/public_hard_negatives/rvl/specification_e532b829667ee156.jpg,rvl_targeted_specification,train,rvl:specification:e532b829667ee156
data/raw/public_hard_negatives/rvl/specification_f3f0b69390091239.jpg,rvl_targeted_specification,train,rvl:specification:f3f0b69390091239
data/raw/public_hard_negatives/rvl/specification_b829ae822cafac18.jpg,rvl_targeted_specification,train,rvl:specification:b829ae822cafac18
data/raw/public_hard_negatives/rvl/specification_6cbdabad8ddbce24.jpg,rvl_targeted_specification,val,rvl:specification:6cbdabad8ddbce24
data/raw/public_hard_negatives/rvl/specification_c0cbc3b12e01f372.jpg,rvl_targeted_specification,train,rvl:specification:c0cbc3b12e01f372
data/raw/public_hard_negatives/rvl/specification_f24adb38e8e3a975.jpg,rvl_targeted_specification,train,rvl:specification:f24adb38e8e3a975
data/raw/public_hard_negatives/rvl/specification_c76939a45215d34c.jpg,rvl_targeted_specification,test,rvl:specification:c76939a45215d34c
data/raw/public_hard_negatives/rvl/specification_f16d3cd69e93c691.jpg,rvl_targeted_specification,train,rvl:specification:f16d3cd69e93c691
data/raw/public_hard_negatives/rvl/specification_d39cbc54b16f95e7.jpg,rvl_targeted_specification,train,rvl:specification:d39cbc54b16f95e7
data/raw/public_hard_negatives/rvl/specification_2faec594d9d94983.jpg,rvl_targeted_specification,train,rvl:specification:2faec594d9d94983
data/raw/public_hard_negatives/rvl/specification_f6efca45e59a20ef.jpg,rvl_targeted_specification,val,rvl:specification:f6efca45e59a20ef
data/raw/public_hard_negatives/rvl/specification_e9099b160a01d7ab.jpg,rvl_targeted_specification,train,rvl:specification:e9099b160a01d7ab
data/raw/public_hard_negatives/rvl/news_article_3b0b80ba8d9469e8.jpg,rvl_targeted_news_article,train,rvl:news_article:3b0b80ba8d9469e8
data/raw/public_hard_negatives/rvl/news_article_4b4b66754209c0c1.jpg,rvl_targeted_news_article,train,rvl:news_article:4b4b66754209c0c1
data/raw/public_hard_negatives/rvl/news_article_f02ce9520ff62dd3.jpg,rvl_targeted_news_article,train,rvl:news_article:f02ce9520ff62dd3
data/raw/public_hard_negatives/rvl/news_article_cbf49502dc7aed10.jpg,rvl_targeted_news_article,train,rvl:news_article:cbf49502dc7aed10
data/raw/public_hard_negatives/rvl/news_article_93c50c2dee70a7a0.jpg,rvl_targeted_news_article,train,rvl:news_article:93c50c2dee70a7a0
data/raw/public_hard_negatives/rvl/news_article_e8f9a61b10bf5c47.jpg,rvl_targeted_news_article,train,rvl:news_article:e8f9a61b10bf5c47
data/raw/public_hard_negatives/rvl/news_article_cf1f31744ebbd932.jpg,rvl_targeted_news_article,val,rvl:news_article:cf1f31744ebbd932
data/raw/public_hard_negatives/rvl/news_article_f128b6f23cc85783.jpg,rvl_targeted_news_article,val,rvl:news_article:f128b6f23cc85783
data/raw/public_hard_negatives/rvl/news_article_ace58a28255d1e01.jpg,rvl_targeted_news_article,train,rvl:news_article:ace58a28255d1e01
data/raw/public_hard_negatives/rvl/news_article_ccdbcd429f5dc35d.jpg,rvl_targeted_news_article,val,rvl:news_article:ccdbcd429f5dc35d
data/raw/public_hard_negatives/rvl/news_article_df5a44a6b9bb3594.jpg,rvl_targeted_news_article,train,rvl:news_article:df5a44a6b9bb3594
data/raw/public_hard_negatives/rvl/news_article_0d54786024d105fc.jpg,rvl_targeted_news_article,train,rvl:news_article:0d54786024d105fc
data/raw/public_hard_negatives/rvl/news_article_da239c64d9b2293d.jpg,rvl_targeted_news_article,train,rvl:news_article:da239c64d9b2293d
data/raw/public_hard_negatives/rvl/news_article_123289502fc8615a.jpg,rvl_targeted_news_article,train,rvl:news_article:123289502fc8615a
data/raw/public_hard_negatives/rvl/news_article_ad2dfe3ee21dfc69.jpg,rvl_targeted_news_article,test,rvl:news_article:ad2dfe3ee21dfc69
data/raw/public_hard_negatives/rvl/news_article_605cf42c75b79f33.jpg,rvl_targeted_news_article,val,rvl:news_article:605cf42c75b79f33
data/raw/public_hard_negatives/rvl/news_article_3f011498a8778d8c.jpg,rvl_targeted_news_article,test,rvl:news_article:3f011498a8778d8c
data/raw/public_hard_negatives/rvl/news_article_f55023dbeb69761a.jpg,rvl_targeted_news_article,test,rvl:news_article:f55023dbeb69761a
data/raw/public_hard_negatives/rvl/news_article_e0b6fb2d01ac6501.jpg,rvl_targeted_news_article,train,rvl:news_article:e0b6fb2d01ac6501
data/raw/public_hard_negatives/rvl/news_article_f0b24e21a8622e8b.jpg,rvl_targeted_news_article,train,rvl:news_article:f0b24e21a8622e8b
data/raw/public_hard_negatives/rvl/news_article_5099140c1007d143.jpg,rvl_targeted_news_article,test,rvl:news_article:5099140c1007d143
data/raw/public_hard_negatives/rvl/news_article_ede8decaecb2b64a.jpg,rvl_targeted_news_article,train,rvl:news_article:ede8decaecb2b64a
data/raw/public_hard_negatives/rvl/news_article_2d2a81a397eefb86.jpg,rvl_targeted_news_article,train,rvl:news_article:2d2a81a397eefb86
data/raw/public_hard_negatives/rvl/news_article_415d1d8a0eb5bb34.jpg,rvl_targeted_news_article,train,rvl:news_article:415d1d8a0eb5bb34
data/raw/public_hard_negatives/rvl/news_article_04dd80c82530600a.jpg,rvl_targeted_news_article,train,rvl:news_article:04dd80c82530600a
data/raw/public_hard_negatives/rvl/news_article_253f504b52cc2093.jpg,rvl_targeted_news_article,train,rvl:news_article:253f504b52cc2093
data/raw/public_hard_negatives/rvl/news_article_1b0931b61d4386d5.jpg,rvl_targeted_news_article,val,rvl:news_article:1b0931b61d4386d5
data/raw/public_hard_negatives/rvl/news_article_9276acd8ee87db42.jpg,rvl_targeted_news_article,train,rvl:news_article:9276acd8ee87db42
data/raw/public_hard_negatives/rvl/news_article_d0bc981b39ec3819.jpg,rvl_targeted_news_article,test,rvl:news_article:d0bc981b39ec3819
data/raw/public_hard_negatives/rvl/news_article_a76b2c3740a9e370.jpg,rvl_targeted_news_article,train,rvl:news_article:a76b2c3740a9e370
data/raw/public_hard_negatives/rvl/news_article_30efcdb7ec58f8e9.jpg,rvl_targeted_news_article,train,rvl:news_article:30efcdb7ec58f8e9
data/raw/public_hard_negatives/rvl/news_article_a718ae62ff8df4b4.jpg,rvl_targeted_news_article,train,rvl:news_article:a718ae62ff8df4b4
data/raw/public_hard_negatives/rvl/news_article_6eb28f08221f6f33.jpg,rvl_targeted_news_article,test,rvl:news_article:6eb28f08221f6f33
data/raw/public_hard_negatives/rvl/news_article_1e9615c1380494c1.jpg,rvl_targeted_news_article,train,rvl:news_article:1e9615c1380494c1
data/raw/public_hard_negatives/rvl/news_article_0c095a01150e03f1.jpg,rvl_targeted_news_article,val,rvl:news_article:0c095a01150e03f1
data/raw/public_hard_negatives/rvl/news_article_fd191004d8174f5f.jpg,rvl_targeted_news_article,train,rvl:news_article:fd191004d8174f5f
data/raw/public_hard_negatives/rvl/news_article_53b2a1d17a035fcb.jpg,rvl_targeted_news_article,val,rvl:news_article:53b2a1d17a035fcb
data/raw/public_hard_negatives/rvl/news_article_ae42b54306ef7870.jpg,rvl_targeted_news_article,train,rvl:news_article:ae42b54306ef7870
data/raw/public_hard_negatives/rvl/news_article_59d50df0bb1287a6.jpg,rvl_targeted_news_article,train,rvl:news_article:59d50df0bb1287a6
data/raw/public_hard_negatives/rvl/news_article_4c20135d18f7edba.jpg,rvl_targeted_news_article,train,rvl:news_article:4c20135d18f7edba
data/raw/public_hard_negatives/rvl/news_article_354dc5daa32230b0.jpg,rvl_targeted_news_article,train,rvl:news_article:354dc5daa32230b0
data/raw/public_hard_negatives/rvl/news_article_8cc258834ab5ba34.jpg,rvl_targeted_news_article,train,rvl:news_article:8cc258834ab5ba34
data/raw/public_hard_negatives/rvl/news_article_a8deb5eb4e4048c8.jpg,rvl_targeted_news_article,train,rvl:news_article:a8deb5eb4e4048c8
data/raw/public_hard_negatives/rvl/news_article_8756222305827497.jpg,rvl_targeted_news_article,train,rvl:news_article:8756222305827497
data/raw/public_hard_negatives/rvl/news_article_25406c0b3ef52c27.jpg,rvl_targeted_news_article,train,rvl:news_article:25406c0b3ef52c27
data/raw/public_hard_negatives/rvl/news_article_567bc1c774ab3ffe.jpg,rvl_targeted_news_article,test,rvl:news_article:567bc1c774ab3ffe
data/raw/public_hard_negatives/rvl/news_article_b445956dd4027447.jpg,rvl_targeted_news_article,train,rvl:news_article:b445956dd4027447
data/raw/public_hard_negatives/rvl/news_article_f9b761244e214448.jpg,rvl_targeted_news_article,train,rvl:news_article:f9b761244e214448
data/raw/public_hard_negatives/rvl/news_article_f96514ae744ac2d9.jpg,rvl_targeted_news_article,train,rvl:news_article:f96514ae744ac2d9
data/raw/public_hard_negatives/rvl/news_article_20072974ed5ca4f8.jpg,rvl_targeted_news_article,train,rvl:news_article:20072974ed5ca4f8
data/raw/public_hard_negatives/rvl/news_article_ce942ccecefd1b90.jpg,rvl_targeted_news_article,train,rvl:news_article:ce942ccecefd1b90
data/raw/public_hard_negatives/rvl/news_article_d21898fcf6c1dc8d.jpg,rvl_targeted_news_article,train,rvl:news_article:d21898fcf6c1dc8d
data/raw/public_hard_negatives/rvl/news_article_1174fc88d09cde83.jpg,rvl_targeted_news_article,train,rvl:news_article:1174fc88d09cde83
data/raw/public_hard_negatives/rvl/news_article_b2db3a69597b07c5.jpg,rvl_targeted_news_article,val,rvl:news_article:b2db3a69597b07c5
data/raw/public_hard_negatives/rvl/news_article_92ea3d7345234148.jpg,rvl_targeted_news_article,test,rvl:news_article:92ea3d7345234148
data/raw/public_hard_negatives/rvl/news_article_507e4b8998947c8d.jpg,rvl_targeted_news_article,test,rvl:news_article:507e4b8998947c8d
data/raw/public_hard_negatives/rvl/news_article_4746bdc7fb2f05fe.jpg,rvl_targeted_news_article,val,rvl:news_article:4746bdc7fb2f05fe
data/raw/public_hard_negatives/rvl/news_article_47ff78852e5dc551.jpg,rvl_targeted_news_article,train,rvl:news_article:47ff78852e5dc551
data/raw/public_hard_negatives/rvl/news_article_86797d8064891ce5.jpg,rvl_targeted_news_article,train,rvl:news_article:86797d8064891ce5
data/raw/public_hard_negatives/rvl/news_article_a916adc933aaab23.jpg,rvl_targeted_news_article,train,rvl:news_article:a916adc933aaab23
data/raw/public_hard_negatives/rvl/news_article_3ee60c1c0fcd6da7.jpg,rvl_targeted_news_article,test,rvl:news_article:3ee60c1c0fcd6da7
data/raw/public_hard_negatives/rvl/news_article_32ca5c73d19d4cfd.jpg,rvl_targeted_news_article,train,rvl:news_article:32ca5c73d19d4cfd
data/raw/public_hard_negatives/rvl/news_article_f19bf11a052e836e.jpg,rvl_targeted_news_article,train,rvl:news_article:f19bf11a052e836e
data/raw/public_hard_negatives/rvl/news_article_77002d522cf6e58e.jpg,rvl_targeted_news_article,train,rvl:news_article:77002d522cf6e58e
data/raw/public_hard_negatives/rvl/news_article_ecc446e5071d754e.jpg,rvl_targeted_news_article,train,rvl:news_article:ecc446e5071d754e
data/raw/public_hard_negatives/rvl/news_article_f74b26af26adb3ab.jpg,rvl_targeted_news_article,train,rvl:news_article:f74b26af26adb3ab
data/raw/public_hard_negatives/rvl/news_article_6d9344a7109ef610.jpg,rvl_targeted_news_article,train,rvl:news_article:6d9344a7109ef610
data/raw/public_hard_negatives/rvl/news_article_4740322e18d8897f.jpg,rvl_targeted_news_article,train,rvl:news_article:4740322e18d8897f
data/raw/public_hard_negatives/rvl/news_article_ae55b082a00955c7.jpg,rvl_targeted_news_article,train,rvl:news_article:ae55b082a00955c7
data/raw/public_hard_negatives/rvl/news_article_80593ede9c26b78d.jpg,rvl_targeted_news_article,train,rvl:news_article:80593ede9c26b78d
data/raw/public_hard_negatives/rvl/news_article_891c4cfd619a387a.jpg,rvl_targeted_news_article,train,rvl:news_article:891c4cfd619a387a
data/raw/public_hard_negatives/rvl/news_article_c66d05ae388e05ab.jpg,rvl_targeted_news_article,train,rvl:news_article:c66d05ae388e05ab
data/raw/public_hard_negatives/rvl/news_article_22874d997768dc8d.jpg,rvl_targeted_news_article,train,rvl:news_article:22874d997768dc8d
data/raw/public_hard_negatives/rvl/news_article_e519a1d42971b63e.jpg,rvl_targeted_news_article,train,rvl:news_article:e519a1d42971b63e
data/raw/public_hard_negatives/rvl/news_article_31b15fde4ae902b9.jpg,rvl_targeted_news_article,test,rvl:news_article:31b15fde4ae902b9
data/raw/public_hard_negatives/rvl/news_article_82ff7bbafec45f70.jpg,rvl_targeted_news_article,train,rvl:news_article:82ff7bbafec45f70
data/raw/public_hard_negatives/rvl/news_article_70282f0a01bb7a3c.jpg,rvl_targeted_news_article,test,rvl:news_article:70282f0a01bb7a3c
data/raw/public_hard_negatives/rvl/news_article_b8ec94462b8d5963.jpg,rvl_targeted_news_article,train,rvl:news_article:b8ec94462b8d5963
data/raw/public_hard_negatives/rvl/news_article_1adec232e5ac359c.jpg,rvl_targeted_news_article,test,rvl:news_article:1adec232e5ac359c
data/raw/public_hard_negatives/rvl/news_article_6bee4a0eb871cb29.jpg,rvl_targeted_news_article,train,rvl:news_article:6bee4a0eb871cb29
data/raw/public_hard_negatives/rvl/news_article_749dbd527f969c8c.jpg,rvl_targeted_news_article,train,rvl:news_article:749dbd527f969c8c
data/raw/public_hard_negatives/rvl/news_article_91514611398a47cb.jpg,rvl_targeted_news_article,train,rvl:news_article:91514611398a47cb
data/raw/public_hard_negatives/rvl/news_article_6c158e7770bfcb20.jpg,rvl_targeted_news_article,train,rvl:news_article:6c158e7770bfcb20
data/raw/public_hard_negatives/rvl/news_article_bdfa8160e0f58c26.jpg,rvl_targeted_news_article,train,rvl:news_article:bdfa8160e0f58c26
data/raw/public_hard_negatives/rvl/news_article_cc52bc8adfb801f6.jpg,rvl_targeted_news_article,train,rvl:news_article:cc52bc8adfb801f6
data/raw/public_hard_negatives/rvl/news_article_054577c0d5d2f700.jpg,rvl_targeted_news_article,val,rvl:news_article:054577c0d5d2f700
data/raw/public_hard_negatives/rvl/news_article_2b064e821f3c72b3.jpg,rvl_targeted_news_article,train,rvl:news_article:2b064e821f3c72b3
data/raw/public_hard_negatives/rvl/news_article_ce883cc576f2d886.jpg,rvl_targeted_news_article,train,rvl:news_article:ce883cc576f2d886
data/raw/public_hard_negatives/rvl/news_article_e47e4c228b31ee38.jpg,rvl_targeted_news_article,train,rvl:news_article:e47e4c228b31ee38
data/raw/public_hard_negatives/rvl/news_article_e14f7d745d378f53.jpg,rvl_targeted_news_article,train,rvl:news_article:e14f7d745d378f53
data/raw/public_hard_negatives/rvl/news_article_3489a0cf073831a3.jpg,rvl_targeted_news_article,train,rvl:news_article:3489a0cf073831a3
data/raw/public_hard_negatives/rvl/news_article_43bfb6af0a6a8307.jpg,rvl_targeted_news_article,train,rvl:news_article:43bfb6af0a6a8307
data/raw/public_hard_negatives/rvl/news_article_a9b6722519ee107f.jpg,rvl_targeted_news_article,train,rvl:news_article:a9b6722519ee107f
data/raw/public_hard_negatives/rvl/news_article_7db7c79860da6985.jpg,rvl_targeted_news_article,train,rvl:news_article:7db7c79860da6985
data/raw/public_hard_negatives/rvl/news_article_c92aadace2443e12.jpg,rvl_targeted_news_article,train,rvl:news_article:c92aadace2443e12
data/raw/public_hard_negatives/rvl/news_article_1e33bb7bb20f38d3.jpg,rvl_targeted_news_article,train,rvl:news_article:1e33bb7bb20f38d3
data/raw/public_hard_negatives/rvl/news_article_1ade2e9f11d506a9.jpg,rvl_targeted_news_article,train,rvl:news_article:1ade2e9f11d506a9
data/raw/public_hard_negatives/rvl/news_article_d17a73003e881962.jpg,rvl_targeted_news_article,train,rvl:news_article:d17a73003e881962
data/raw/public_hard_negatives/rvl/news_article_428bbb29b5ad4afd.jpg,rvl_targeted_news_article,test,rvl:news_article:428bbb29b5ad4afd
data/raw/public_hard_negatives/rvl/news_article_20f7766c3459e10b.jpg,rvl_targeted_news_article,train,rvl:news_article:20f7766c3459e10b
data/raw/public_hard_negatives/rvl/news_article_d4e781616f4526ce.jpg,rvl_targeted_news_article,train,rvl:news_article:d4e781616f4526ce
data/raw/public_hard_negatives/rvl/news_article_3177e67e7ced1127.jpg,rvl_targeted_news_article,train,rvl:news_article:3177e67e7ced1127
data/raw/public_hard_negatives/rvl/news_article_ad7e46b7ece9404f.jpg,rvl_targeted_news_article,train,rvl:news_article:ad7e46b7ece9404f
data/raw/public_hard_negatives/rvl/news_article_da60aa78dd68b317.jpg,rvl_targeted_news_article,val,rvl:news_article:da60aa78dd68b317
data/raw/public_hard_negatives/rvl/news_article_98771a2df58ef34b.jpg,rvl_targeted_news_article,train,rvl:news_article:98771a2df58ef34b
data/raw/public_hard_negatives/rvl/news_article_0f23ed6577e0ed7a.jpg,rvl_targeted_news_article,train,rvl:news_article:0f23ed6577e0ed7a
data/raw/public_hard_negatives/rvl/news_article_91d3e84cac6cb223.jpg,rvl_targeted_news_article,train,rvl:news_article:91d3e84cac6cb223
data/raw/public_hard_negatives/rvl/news_article_f8822b4fdba3f027.jpg,rvl_targeted_news_article,train,rvl:news_article:f8822b4fdba3f027
data/raw/public_hard_negatives/rvl/news_article_131fb15d152b9ede.jpg,rvl_targeted_news_article,val,rvl:news_article:131fb15d152b9ede
data/raw/public_hard_negatives/rvl/news_article_ea1b39b2b0718c84.jpg,rvl_targeted_news_article,train,rvl:news_article:ea1b39b2b0718c84
data/raw/public_hard_negatives/rvl/news_article_3b7c5b9012698635.jpg,rvl_targeted_news_article,train,rvl:news_article:3b7c5b9012698635
data/raw/public_hard_negatives/rvl/news_article_f68fa4ac986d8dd4.jpg,rvl_targeted_news_article,train,rvl:news_article:f68fa4ac986d8dd4
data/raw/public_hard_negatives/rvl/news_article_6fe3b0f5fcd28c44.jpg,rvl_targeted_news_article,train,rvl:news_article:6fe3b0f5fcd28c44
data/raw/public_hard_negatives/rvl/news_article_57cba900bc7b525c.jpg,rvl_targeted_news_article,train,rvl:news_article:57cba900bc7b525c
data/raw/public_hard_negatives/rvl/news_article_0c7fd9b8549b1812.jpg,rvl_targeted_news_article,train,rvl:news_article:0c7fd9b8549b1812
data/raw/public_hard_negatives/rvl/news_article_ae279f1487e962d2.jpg,rvl_targeted_news_article,train,rvl:news_article:ae279f1487e962d2
data/raw/public_hard_negatives/rvl/news_article_15745537f7e690c5.jpg,rvl_targeted_news_article,train,rvl:news_article:15745537f7e690c5
data/raw/public_hard_negatives/rvl/news_article_4582edccc3ed8869.jpg,rvl_targeted_news_article,val,rvl:news_article:4582edccc3ed8869
data/raw/public_hard_negatives/rvl/news_article_2be844dfdc33132d.jpg,rvl_targeted_news_article,train,rvl:news_article:2be844dfdc33132d
data/raw/public_hard_negatives/rvl/news_article_34ba21be242df5c1.jpg,rvl_targeted_news_article,train,rvl:news_article:34ba21be242df5c1
data/raw/public_hard_negatives/rvl/news_article_6a696d0b0a37bbb3.jpg,rvl_targeted_news_article,val,rvl:news_article:6a696d0b0a37bbb3
data/raw/public_hard_negatives/rvl/news_article_b5e627da7027af49.jpg,rvl_targeted_news_article,train,rvl:news_article:b5e627da7027af49
data/raw/public_hard_negatives/rvl/news_article_5d1718f0e03a9c02.jpg,rvl_targeted_news_article,train,rvl:news_article:5d1718f0e03a9c02
data/raw/public_hard_negatives/rvl/news_article_4620a6e2bc306035.jpg,rvl_targeted_news_article,train,rvl:news_article:4620a6e2bc306035
data/raw/public_hard_negatives/rvl/news_article_69105e13dc8fb495.jpg,rvl_targeted_news_article,train,rvl:news_article:69105e13dc8fb495
data/raw/public_hard_negatives/rvl/news_article_1f9a9a73dd2ff9b2.jpg,rvl_targeted_news_article,train,rvl:news_article:1f9a9a73dd2ff9b2
data/raw/public_hard_negatives/rvl/news_article_6195b58de118eebb.jpg,rvl_targeted_news_article,train,rvl:news_article:6195b58de118eebb
data/raw/public_hard_negatives/rvl/news_article_dab0ea4a4fdc339b.jpg,rvl_targeted_news_article,train,rvl:news_article:dab0ea4a4fdc339b
data/raw/public_hard_negatives/rvl/news_article_7787694139ac7555.jpg,rvl_targeted_news_article,train,rvl:news_article:7787694139ac7555
data/raw/public_hard_negatives/rvl/news_article_f8c061c4720de3c2.jpg,rvl_targeted_news_article,test,rvl:news_article:f8c061c4720de3c2
data/raw/public_hard_negatives/rvl/news_article_325e8d085cc71769.jpg,rvl_targeted_news_article,test,rvl:news_article:325e8d085cc71769
data/raw/public_hard_negatives/rvl/news_article_688bf5d7101de57a.jpg,rvl_targeted_news_article,train,rvl:news_article:688bf5d7101de57a
data/raw/public_hard_negatives/rvl/news_article_b4e8642aa6eb8421.jpg,rvl_targeted_news_article,train,rvl:news_article:b4e8642aa6eb8421
data/raw/public_hard_negatives/rvl/news_article_2eaa1bb2174e2651.jpg,rvl_targeted_news_article,train,rvl:news_article:2eaa1bb2174e2651
data/raw/public_hard_negatives/rvl/news_article_20a1b05216e8b6ea.jpg,rvl_targeted_news_article,train,rvl:news_article:20a1b05216e8b6ea
data/raw/public_hard_negatives/rvl/news_article_7db36c98e245c70a.jpg,rvl_targeted_news_article,train,rvl:news_article:7db36c98e245c70a
data/raw/public_hard_negatives/rvl/news_article_3a926cb4f5723595.jpg,rvl_targeted_news_article,test,rvl:news_article:3a926cb4f5723595
data/raw/public_hard_negatives/rvl/news_article_d1d175d54f402f5e.jpg,rvl_targeted_news_article,train,rvl:news_article:d1d175d54f402f5e
data/raw/public_hard_negatives/rvl/news_article_f9f849688358b282.jpg,rvl_targeted_news_article,train,rvl:news_article:f9f849688358b282
data/raw/public_hard_negatives/rvl/news_article_7ebf0747f8f47852.jpg,rvl_targeted_news_article,val,rvl:news_article:7ebf0747f8f47852
data/raw/public_hard_negatives/rvl/news_article_f74e509b29ef1da8.jpg,rvl_targeted_news_article,train,rvl:news_article:f74e509b29ef1da8
data/raw/public_hard_negatives/rvl/news_article_184545286da70b40.jpg,rvl_targeted_news_article,train,rvl:news_article:184545286da70b40
data/raw/public_hard_negatives/rvl/news_article_4ed78bda8518a221.jpg,rvl_targeted_news_article,train,rvl:news_article:4ed78bda8518a221
data/raw/public_hard_negatives/rvl/news_article_022ca48c93d69003.jpg,rvl_targeted_news_article,train,rvl:news_article:022ca48c93d69003
data/raw/public_hard_negatives/rvl/news_article_df3b097cb48798ed.jpg,rvl_targeted_news_article,train,rvl:news_article:df3b097cb48798ed
data/raw/public_hard_negatives/rvl/news_article_24f7abd57c95e76c.jpg,rvl_targeted_news_article,test,rvl:news_article:24f7abd57c95e76c
data/raw/public_hard_negatives/rvl/news_article_70b9fdd757584c50.jpg,rvl_targeted_news_article,val,rvl:news_article:70b9fdd757584c50
data/raw/public_hard_negatives/rvl/news_article_8331350ad30858f0.jpg,rvl_targeted_news_article,train,rvl:news_article:8331350ad30858f0
data/raw/public_hard_negatives/rvl/news_article_a828791273c331da.jpg,rvl_targeted_news_article,train,rvl:news_article:a828791273c331da
data/raw/public_hard_negatives/rvl/news_article_a941ccce0d3c4856.jpg,rvl_targeted_news_article,train,rvl:news_article:a941ccce0d3c4856
data/raw/public_hard_negatives/rvl/budget_46ad5f138d4d7f41.jpg,rvl_targeted_budget,train,rvl:budget:46ad5f138d4d7f41
data/raw/public_hard_negatives/rvl/budget_36964594accde5be.jpg,rvl_targeted_budget,train,rvl:budget:36964594accde5be
data/raw/public_hard_negatives/rvl/budget_8631c0f21668a4a0.jpg,rvl_targeted_budget,test,rvl:budget:8631c0f21668a4a0
data/raw/public_hard_negatives/rvl/budget_8699c450539acec7.jpg,rvl_targeted_budget,test,rvl:budget:8699c450539acec7
data/raw/public_hard_negatives/rvl/budget_3adf75640b4ea7e8.jpg,rvl_targeted_budget,train,rvl:budget:3adf75640b4ea7e8
data/raw/public_hard_negatives/rvl/budget_35eafdcc22956dd4.jpg,rvl_targeted_budget,train,rvl:budget:35eafdcc22956dd4
data/raw/public_hard_negatives/rvl/budget_3bc548ea74890893.jpg,rvl_targeted_budget,train,rvl:budget:3bc548ea74890893
data/raw/public_hard_negatives/rvl/budget_e1111ec3550afc55.jpg,rvl_targeted_budget,train,rvl:budget:e1111ec3550afc55
data/raw/public_hard_negatives/rvl/budget_ae895d24f9d6f59c.jpg,rvl_targeted_budget,train,rvl:budget:ae895d24f9d6f59c
data/raw/public_hard_negatives/rvl/budget_9f3bfcb4a58d030e.jpg,rvl_targeted_budget,train,rvl:budget:9f3bfcb4a58d030e
data/raw/public_hard_negatives/rvl/budget_0d5a427a377d3adf.jpg,rvl_targeted_budget,train,rvl:budget:0d5a427a377d3adf
data/raw/public_hard_negatives/rvl/budget_79f247fd0bc70067.jpg,rvl_targeted_budget,train,rvl:budget:79f247fd0bc70067
data/raw/public_hard_negatives/rvl/budget_18f0a21b38f9f4c6.jpg,rvl_targeted_budget,train,rvl:budget:18f0a21b38f9f4c6
data/raw/public_hard_negatives/rvl/budget_797891369d88f792.jpg,rvl_targeted_budget,train,rvl:budget:797891369d88f792
data/raw/public_hard_negatives/rvl/budget_67e77c6cbd8177f4.jpg,rvl_targeted_budget,test,rvl:budget:67e77c6cbd8177f4
data/raw/public_hard_negatives/rvl/budget_25e04b8a4df6843a.jpg,rvl_targeted_budget,train,rvl:budget:25e04b8a4df6843a
data/raw/public_hard_negatives/rvl/budget_7e810f47a1745dd9.jpg,rvl_targeted_budget,train,rvl:budget:7e810f47a1745dd9
data/raw/public_hard_negatives/rvl/budget_edea44bfcf5257de.jpg,rvl_targeted_budget,train,rvl:budget:edea44bfcf5257de
data/raw/public_hard_negatives/rvl/budget_bd27346e45a88a72.jpg,rvl_targeted_budget,train,rvl:budget:bd27346e45a88a72
data/raw/public_hard_negatives/rvl/budget_8918c9e7236f3d06.jpg,rvl_targeted_budget,train,rvl:budget:8918c9e7236f3d06
data/raw/public_hard_negatives/rvl/budget_435771dbb9cd7f22.jpg,rvl_targeted_budget,val,rvl:budget:435771dbb9cd7f22
data/raw/public_hard_negatives/rvl/budget_a23f9e583895a716.jpg,rvl_targeted_budget,train,rvl:budget:a23f9e583895a716
data/raw/public_hard_negatives/rvl/budget_02361271cce017ab.jpg,rvl_targeted_budget,train,rvl:budget:02361271cce017ab
data/raw/public_hard_negatives/rvl/budget_5959f54f0e9a08c1.jpg,rvl_targeted_budget,val,rvl:budget:5959f54f0e9a08c1
data/raw/public_hard_negatives/rvl/budget_03227844947e1cda.jpg,rvl_targeted_budget,train,rvl:budget:03227844947e1cda
data/raw/public_hard_negatives/rvl/budget_bb340b86e06047d4.jpg,rvl_targeted_budget,test,rvl:budget:bb340b86e06047d4
data/raw/public_hard_negatives/rvl/budget_5e4ed515e4831cab.jpg,rvl_targeted_budget,train,rvl:budget:5e4ed515e4831cab
data/raw/public_hard_negatives/rvl/budget_4a9a33541aa77289.jpg,rvl_targeted_budget,train,rvl:budget:4a9a33541aa77289
data/raw/public_hard_negatives/rvl/budget_418a590674453d64.jpg,rvl_targeted_budget,val,rvl:budget:418a590674453d64
data/raw/public_hard_negatives/rvl/budget_f6fafd0b7bc2d774.jpg,rvl_targeted_budget,val,rvl:budget:f6fafd0b7bc2d774
data/raw/public_hard_negatives/rvl/budget_97052ab244920a2b.jpg,rvl_targeted_budget,train,rvl:budget:97052ab244920a2b
data/raw/public_hard_negatives/rvl/budget_7a6d9914fa2fa4eb.jpg,rvl_targeted_budget,train,rvl:budget:7a6d9914fa2fa4eb
data/raw/public_hard_negatives/rvl/budget_0332b943ae51a949.jpg,rvl_targeted_budget,train,rvl:budget:0332b943ae51a949
data/raw/public_hard_negatives/rvl/budget_b1d3872f2ed6c2dd.jpg,rvl_targeted_budget,train,rvl:budget:b1d3872f2ed6c2dd
data/raw/public_hard_negatives/rvl/budget_0321abb48c9affe6.jpg,rvl_targeted_budget,train,rvl:budget:0321abb48c9affe6
data/raw/public_hard_negatives/rvl/budget_a68d400d00f85765.jpg,rvl_targeted_budget,train,rvl:budget:a68d400d00f85765
data/raw/public_hard_negatives/rvl/budget_44ff0b8b3da8ae9d.jpg,rvl_targeted_budget,train,rvl:budget:44ff0b8b3da8ae9d
data/raw/public_hard_negatives/rvl/budget_ed9ef422b4e336ee.jpg,rvl_targeted_budget,train,rvl:budget:ed9ef422b4e336ee
data/raw/public_hard_negatives/rvl/budget_abc22f744f53424a.jpg,rvl_targeted_budget,train,rvl:budget:abc22f744f53424a
data/raw/public_hard_negatives/rvl/budget_4e785bf4d981dbb4.jpg,rvl_targeted_budget,train,rvl:budget:4e785bf4d981dbb4
data/raw/public_hard_negatives/rvl/budget_830e4b5975678414.jpg,rvl_targeted_budget,train,rvl:budget:830e4b5975678414
data/raw/public_hard_negatives/rvl/budget_44cd11ffde522579.jpg,rvl_targeted_budget,train,rvl:budget:44cd11ffde522579
data/raw/public_hard_negatives/rvl/budget_80028b513231a8cc.jpg,rvl_targeted_budget,train,rvl:budget:80028b513231a8cc
data/raw/public_hard_negatives/rvl/budget_bbd967a4f49d63b3.jpg,rvl_targeted_budget,train,rvl:budget:bbd967a4f49d63b3
data/raw/public_hard_negatives/rvl/budget_d5aaefd1a1f24f5f.jpg,rvl_targeted_budget,val,rvl:budget:d5aaefd1a1f24f5f
data/raw/public_hard_negatives/rvl/budget_044d27bce860a65b.jpg,rvl_targeted_budget,train,rvl:budget:044d27bce860a65b
data/raw/public_hard_negatives/rvl/budget_b42204e918b4c847.jpg,rvl_targeted_budget,train,rvl:budget:b42204e918b4c847
data/raw/public_hard_negatives/rvl/budget_c30351a847dbb34a.jpg,rvl_targeted_budget,train,rvl:budget:c30351a847dbb34a
data/raw/public_hard_negatives/rvl/budget_e153d571dd22714e.jpg,rvl_targeted_budget,train,rvl:budget:e153d571dd22714e
data/raw/public_hard_negatives/rvl/budget_7161046a704899f6.jpg,rvl_targeted_budget,train,rvl:budget:7161046a704899f6
data/raw/public_hard_negatives/rvl/budget_312b44941c96a1b6.jpg,rvl_targeted_budget,val,rvl:budget:312b44941c96a1b6
data/raw/public_hard_negatives/rvl/budget_d6c89ff0d0f384d5.jpg,rvl_targeted_budget,train,rvl:budget:d6c89ff0d0f384d5
data/raw/public_hard_negatives/rvl/budget_a1653e81056150f1.jpg,rvl_targeted_budget,train,rvl:budget:a1653e81056150f1
data/raw/public_hard_negatives/rvl/budget_e81adcc923b1c78e.jpg,rvl_targeted_budget,train,rvl:budget:e81adcc923b1c78e
data/raw/public_hard_negatives/rvl/budget_2b7c277f7aa121c1.jpg,rvl_targeted_budget,train,rvl:budget:2b7c277f7aa121c1
data/raw/public_hard_negatives/rvl/budget_0addc3274517c607.jpg,rvl_targeted_budget,train,rvl:budget:0addc3274517c607
data/raw/public_hard_negatives/rvl/budget_ad6ccd66b47b4979.jpg,rvl_targeted_budget,val,rvl:budget:ad6ccd66b47b4979
data/raw/public_hard_negatives/rvl/budget_bcf400b3aa685611.jpg,rvl_targeted_budget,test,rvl:budget:bcf400b3aa685611
data/raw/public_hard_negatives/rvl/budget_4f4a9f461a996db2.jpg,rvl_targeted_budget,train,rvl:budget:4f4a9f461a996db2
data/raw/public_hard_negatives/rvl/budget_9de9f192bd0f128c.jpg,rvl_targeted_budget,train,rvl:budget:9de9f192bd0f128c
data/raw/public_hard_negatives/rvl/budget_416d2270f32cc671.jpg,rvl_targeted_budget,train,rvl:budget:416d2270f32cc671
data/raw/public_hard_negatives/rvl/budget_79342282b1bb73c7.jpg,rvl_targeted_budget,train,rvl:budget:79342282b1bb73c7
data/raw/public_hard_negatives/rvl/budget_539285ff2e658285.jpg,rvl_targeted_budget,train,rvl:budget:539285ff2e658285
data/raw/public_hard_negatives/rvl/budget_71c01fd17e00cc16.jpg,rvl_targeted_budget,train,rvl:budget:71c01fd17e00cc16
data/raw/public_hard_negatives/rvl/budget_4bd923ffe6c99c9e.jpg,rvl_targeted_budget,train,rvl:budget:4bd923ffe6c99c9e
data/raw/public_hard_negatives/rvl/budget_1f6ee27f0e33e87e.jpg,rvl_targeted_budget,train,rvl:budget:1f6ee27f0e33e87e
data/raw/public_hard_negatives/rvl/budget_dda0d307fd3ee665.jpg,rvl_targeted_budget,val,rvl:budget:dda0d307fd3ee665
data/raw/public_hard_negatives/rvl/budget_ece7659c3ca250c3.jpg,rvl_targeted_budget,train,rvl:budget:ece7659c3ca250c3
data/raw/public_hard_negatives/rvl/budget_c9af6be2268f635c.jpg,rvl_targeted_budget,test,rvl:budget:c9af6be2268f635c
data/raw/public_hard_negatives/rvl/budget_a93b33d9db016196.jpg,rvl_targeted_budget,train,rvl:budget:a93b33d9db016196
data/raw/public_hard_negatives/rvl/budget_fa3ba2305a1d381e.jpg,rvl_targeted_budget,train,rvl:budget:fa3ba2305a1d381e
data/raw/public_hard_negatives/rvl/budget_b8078bb94cc865cc.jpg,rvl_targeted_budget,train,rvl:budget:b8078bb94cc865cc
data/raw/public_hard_negatives/rvl/budget_f372a84376a99829.jpg,rvl_targeted_budget,train,rvl:budget:f372a84376a99829
data/raw/public_hard_negatives/rvl/budget_1b18d6b2e8e3e370.jpg,rvl_targeted_budget,train,rvl:budget:1b18d6b2e8e3e370
data/raw/public_hard_negatives/rvl/budget_3d046d663ec41cd2.jpg,rvl_targeted_budget,train,rvl:budget:3d046d663ec41cd2
data/raw/public_hard_negatives/rvl/budget_739cf0578085ef06.jpg,rvl_targeted_budget,train,rvl:budget:739cf0578085ef06
data/raw/public_hard_negatives/rvl/budget_5b415c310b2a8739.jpg,rvl_targeted_budget,train,rvl:budget:5b415c310b2a8739
data/raw/public_hard_negatives/rvl/budget_0838cde258f1318e.jpg,rvl_targeted_budget,train,rvl:budget:0838cde258f1318e
data/raw/public_hard_negatives/rvl/budget_4d20e140acd11253.jpg,rvl_targeted_budget,train,rvl:budget:4d20e140acd11253
data/raw/public_hard_negatives/rvl/budget_c5428dd119035c5d.jpg,rvl_targeted_budget,val,rvl:budget:c5428dd119035c5d
data/raw/public_hard_negatives/rvl/budget_0d751c9bcbaf8395.jpg,rvl_targeted_budget,train,rvl:budget:0d751c9bcbaf8395
data/raw/public_hard_negatives/rvl/budget_62a4c24e90e9145a.jpg,rvl_targeted_budget,train,rvl:budget:62a4c24e90e9145a
data/raw/public_hard_negatives/rvl/budget_61f06fab5d5ee698.jpg,rvl_targeted_budget,train,rvl:budget:61f06fab5d5ee698
data/raw/public_hard_negatives/rvl/budget_e76a8d0bc8edd900.jpg,rvl_targeted_budget,train,rvl:budget:e76a8d0bc8edd900
data/raw/public_hard_negatives/rvl/budget_a5f7fae827c32905.jpg,rvl_targeted_budget,val,rvl:budget:a5f7fae827c32905
data/raw/public_hard_negatives/rvl/budget_0097246c0d07d3e4.jpg,rvl_targeted_budget,test,rvl:budget:0097246c0d07d3e4
data/raw/public_hard_negatives/rvl/budget_baea3c81568ee66e.jpg,rvl_targeted_budget,train,rvl:budget:baea3c81568ee66e
data/raw/public_hard_negatives/rvl/budget_d9eea569faf283a5.jpg,rvl_targeted_budget,train,rvl:budget:d9eea569faf283a5
data/raw/public_hard_negatives/rvl/budget_bdcc412fc4634261.jpg,rvl_targeted_budget,train,rvl:budget:bdcc412fc4634261
data/raw/public_hard_negatives/rvl/budget_c966cdaa6b9a2b4b.jpg,rvl_targeted_budget,test,rvl:budget:c966cdaa6b9a2b4b
data/raw/public_hard_negatives/rvl/budget_5139228a03e1c733.jpg,rvl_targeted_budget,train,rvl:budget:5139228a03e1c733
data/raw/public_hard_negatives/rvl/budget_ce35e5b549a43ad4.jpg,rvl_targeted_budget,train,rvl:budget:ce35e5b549a43ad4
data/raw/public_hard_negatives/rvl/budget_e06de3415a273a49.jpg,rvl_targeted_budget,test,rvl:budget:e06de3415a273a49
data/raw/public_hard_negatives/rvl/budget_17fe32691325c4ed.jpg,rvl_targeted_budget,train,rvl:budget:17fe32691325c4ed
data/raw/public_hard_negatives/rvl/budget_1cb527cbc12850ef.jpg,rvl_targeted_budget,train,rvl:budget:1cb527cbc12850ef
data/raw/public_hard_negatives/rvl/budget_f71c530f7fc192bf.jpg,rvl_targeted_budget,train,rvl:budget:f71c530f7fc192bf
data/raw/public_hard_negatives/rvl/budget_630a472d889064ec.jpg,rvl_targeted_budget,train,rvl:budget:630a472d889064ec
data/raw/public_hard_negatives/rvl/budget_adde2db972db049a.jpg,rvl_targeted_budget,train,rvl:budget:adde2db972db049a
data/raw/public_hard_negatives/rvl/budget_4be1b2653744ebc3.jpg,rvl_targeted_budget,train,rvl:budget:4be1b2653744ebc3
data/raw/public_hard_negatives/rvl/budget_cc53d08efdea492e.jpg,rvl_targeted_budget,train,rvl:budget:cc53d08efdea492e
data/raw/public_hard_negatives/rvl/budget_27cc44b55b41f03d.jpg,rvl_targeted_budget,train,rvl:budget:27cc44b55b41f03d
data/raw/public_hard_negatives/rvl/budget_0606ddaf14eca2a2.jpg,rvl_targeted_budget,test,rvl:budget:0606ddaf14eca2a2
data/raw/public_hard_negatives/rvl/budget_3a3bfd6b2e945de1.jpg,rvl_targeted_budget,val,rvl:budget:3a3bfd6b2e945de1
data/raw/public_hard_negatives/rvl/budget_42877ad181e78468.jpg,rvl_targeted_budget,train,rvl:budget:42877ad181e78468
data/raw/public_hard_negatives/rvl/budget_0aa33686f2e0efcc.jpg,rvl_targeted_budget,val,rvl:budget:0aa33686f2e0efcc
data/raw/public_hard_negatives/rvl/budget_affa37e5b767fcd6.jpg,rvl_targeted_budget,train,rvl:budget:affa37e5b767fcd6
data/raw/public_hard_negatives/rvl/budget_15bc6a526aa3306f.jpg,rvl_targeted_budget,train,rvl:budget:15bc6a526aa3306f
data/raw/public_hard_negatives/rvl/budget_0ce72988175cd365.jpg,rvl_targeted_budget,train,rvl:budget:0ce72988175cd365
data/raw/public_hard_negatives/rvl/budget_7a3b95d6717ba430.jpg,rvl_targeted_budget,train,rvl:budget:7a3b95d6717ba430
data/raw/public_hard_negatives/rvl/budget_8952681c3b4de43d.jpg,rvl_targeted_budget,val,rvl:budget:8952681c3b4de43d
data/raw/public_hard_negatives/rvl/budget_2c9a303c7d3fe002.jpg,rvl_targeted_budget,train,rvl:budget:2c9a303c7d3fe002
data/raw/public_hard_negatives/rvl/budget_e0c00eee97a84721.jpg,rvl_targeted_budget,train,rvl:budget:e0c00eee97a84721
data/raw/public_hard_negatives/rvl/budget_64320440679806ec.jpg,rvl_targeted_budget,train,rvl:budget:64320440679806ec
data/raw/public_hard_negatives/rvl/budget_f6e090d6df923ad1.jpg,rvl_targeted_budget,train,rvl:budget:f6e090d6df923ad1
data/raw/public_hard_negatives/rvl/budget_60cd5e0831f495fe.jpg,rvl_targeted_budget,train,rvl:budget:60cd5e0831f495fe
data/raw/public_hard_negatives/rvl/budget_752a5fe23172915f.jpg,rvl_targeted_budget,train,rvl:budget:752a5fe23172915f
data/raw/public_hard_negatives/rvl/budget_e3aa5575076cfdab.jpg,rvl_targeted_budget,train,rvl:budget:e3aa5575076cfdab
data/raw/public_hard_negatives/rvl/budget_c0410b16495f728b.jpg,rvl_targeted_budget,train,rvl:budget:c0410b16495f728b
data/raw/public_hard_negatives/rvl/budget_10b7eee122879a15.jpg,rvl_targeted_budget,train,rvl:budget:10b7eee122879a15
data/raw/public_hard_negatives/rvl/budget_3f130bc72ede2f37.jpg,rvl_targeted_budget,train,rvl:budget:3f130bc72ede2f37
data/raw/public_hard_negatives/rvl/budget_8b88fdb54e456fe4.jpg,rvl_targeted_budget,train,rvl:budget:8b88fdb54e456fe4
data/raw/public_hard_negatives/rvl/budget_583b4284b964b021.jpg,rvl_targeted_budget,train,rvl:budget:583b4284b964b021
data/raw/public_hard_negatives/rvl/budget_d995818452a7e4f1.jpg,rvl_targeted_budget,train,rvl:budget:d995818452a7e4f1
data/raw/public_hard_negatives/rvl/budget_d548c0a02a3c91a6.jpg,rvl_targeted_budget,train,rvl:budget:d548c0a02a3c91a6
data/raw/public_hard_negatives/rvl/budget_2a847b9db5ad90f2.jpg,rvl_targeted_budget,train,rvl:budget:2a847b9db5ad90f2
data/raw/public_hard_negatives/rvl/budget_8511536ff4c05aa6.jpg,rvl_targeted_budget,val,rvl:budget:8511536ff4c05aa6
data/raw/public_hard_negatives/rvl/budget_1db9689ab6221c12.jpg,rvl_targeted_budget,train,rvl:budget:1db9689ab6221c12
data/raw/public_hard_negatives/rvl/budget_5a4e71a5af841db9.jpg,rvl_targeted_budget,train,rvl:budget:5a4e71a5af841db9
data/raw/public_hard_negatives/rvl/budget_7775248f32f058f7.jpg,rvl_targeted_budget,train,rvl:budget:7775248f32f058f7
data/raw/public_hard_negatives/rvl/budget_7d537623deb12b3f.jpg,rvl_targeted_budget,train,rvl:budget:7d537623deb12b3f
data/raw/public_hard_negatives/rvl/budget_500ca40a016b66e4.jpg,rvl_targeted_budget,train,rvl:budget:500ca40a016b66e4
data/raw/public_hard_negatives/rvl/budget_5911145ffcee7d5a.jpg,rvl_targeted_budget,train,rvl:budget:5911145ffcee7d5a
data/raw/public_hard_negatives/rvl/budget_15e90ce31d4647e0.jpg,rvl_targeted_budget,train,rvl:budget:15e90ce31d4647e0
data/raw/public_hard_negatives/rvl/budget_58d8c3cb2b8b503e.jpg,rvl_targeted_budget,train,rvl:budget:58d8c3cb2b8b503e
data/raw/public_hard_negatives/rvl/budget_fcdf58e2d393517d.jpg,rvl_targeted_budget,train,rvl:budget:fcdf58e2d393517d
data/raw/public_hard_negatives/rvl/budget_344504b6affd3f9b.jpg,rvl_targeted_budget,train,rvl:budget:344504b6affd3f9b
data/raw/public_hard_negatives/rvl/budget_dc82024735f41256.jpg,rvl_targeted_budget,train,rvl:budget:dc82024735f41256
data/raw/public_hard_negatives/rvl/budget_a5f7387f8237e625.jpg,rvl_targeted_budget,train,rvl:budget:a5f7387f8237e625
data/raw/public_hard_negatives/rvl/budget_a74f5ffb9fcd91ba.jpg,rvl_targeted_budget,val,rvl:budget:a74f5ffb9fcd91ba
data/raw/public_hard_negatives/rvl/budget_b4ac98272885b2c7.jpg,rvl_targeted_budget,test,rvl:budget:b4ac98272885b2c7
data/raw/public_hard_negatives/rvl/budget_4dd93a8eb183b508.jpg,rvl_targeted_budget,train,rvl:budget:4dd93a8eb183b508
data/raw/public_hard_negatives/rvl/budget_4035a534da13c29f.jpg,rvl_targeted_budget,test,rvl:budget:4035a534da13c29f
data/raw/public_hard_negatives/rvl/budget_cb60e0d9fbc8d62d.jpg,rvl_targeted_budget,train,rvl:budget:cb60e0d9fbc8d62d
data/raw/public_hard_negatives/rvl/budget_a869cd3d16ff60d6.jpg,rvl_targeted_budget,train,rvl:budget:a869cd3d16ff60d6
data/raw/public_hard_negatives/rvl/budget_e200f00daf90a77c.jpg,rvl_targeted_budget,train,rvl:budget:e200f00daf90a77c
data/raw/public_hard_negatives/rvl/budget_1bc1f150a6c9a2c6.jpg,rvl_targeted_budget,train,rvl:budget:1bc1f150a6c9a2c6
data/raw/public_hard_negatives/rvl/budget_86fe9ac4885d9b3f.jpg,rvl_targeted_budget,test,rvl:budget:86fe9ac4885d9b3f
data/raw/public_hard_negatives/rvl/budget_4f742684da70fe3e.jpg,rvl_targeted_budget,train,rvl:budget:4f742684da70fe3e
data/raw/public_hard_negatives/rvl/budget_33a3bac404dd833a.jpg,rvl_targeted_budget,train,rvl:budget:33a3bac404dd833a
data/raw/public_hard_negatives/rvl/budget_89c7db09c34cd02a.jpg,rvl_targeted_budget,train,rvl:budget:89c7db09c34cd02a
data/raw/public_hard_negatives/rvl/presentation_edd5f139184bdad7.jpg,rvl_targeted_presentation,train,rvl:presentation:edd5f139184bdad7
data/raw/public_hard_negatives/rvl/presentation_8ac52601586bbe59.jpg,rvl_targeted_presentation,train,rvl:presentation:8ac52601586bbe59
data/raw/public_hard_negatives/rvl/presentation_dbbaa38820e98deb.jpg,rvl_targeted_presentation,test,rvl:presentation:dbbaa38820e98deb
data/raw/public_hard_negatives/rvl/presentation_ebcbf552124f4507.jpg,rvl_targeted_presentation,train,rvl:presentation:ebcbf552124f4507
data/raw/public_hard_negatives/rvl/presentation_67e08d229113708a.jpg,rvl_targeted_presentation,train,rvl:presentation:67e08d229113708a
data/raw/public_hard_negatives/rvl/presentation_8e5c3b9ed7493b97.jpg,rvl_targeted_presentation,train,rvl:presentation:8e5c3b9ed7493b97
data/raw/public_hard_negatives/rvl/presentation_767df685234c9147.jpg,rvl_targeted_presentation,train,rvl:presentation:767df685234c9147
data/raw/public_hard_negatives/rvl/presentation_07e6ca2626688f46.jpg,rvl_targeted_presentation,train,rvl:presentation:07e6ca2626688f46
data/raw/public_hard_negatives/rvl/presentation_e2411306016b9a76.jpg,rvl_targeted_presentation,train,rvl:presentation:e2411306016b9a76
data/raw/public_hard_negatives/rvl/presentation_f3b97187e2e195d5.jpg,rvl_targeted_presentation,train,rvl:presentation:f3b97187e2e195d5
data/raw/public_hard_negatives/rvl/presentation_9a5162f069cabf2d.jpg,rvl_targeted_presentation,train,rvl:presentation:9a5162f069cabf2d
data/raw/public_hard_negatives/rvl/presentation_d48b0e3a6a61077f.jpg,rvl_targeted_presentation,train,rvl:presentation:d48b0e3a6a61077f
data/raw/public_hard_negatives/rvl/presentation_bb9f79fd964a0b1e.jpg,rvl_targeted_presentation,train,rvl:presentation:bb9f79fd964a0b1e
data/raw/public_hard_negatives/rvl/presentation_3cf4033ce465b55e.jpg,rvl_targeted_presentation,train,rvl:presentation:3cf4033ce465b55e
data/raw/public_hard_negatives/rvl/presentation_ab4ba4b6f1c4eeb8.jpg,rvl_targeted_presentation,test,rvl:presentation:ab4ba4b6f1c4eeb8
data/raw/public_hard_negatives/rvl/presentation_40e75c35f968c4fd.jpg,rvl_targeted_presentation,train,rvl:presentation:40e75c35f968c4fd
data/raw/public_hard_negatives/rvl/presentation_398531b94682c177.jpg,rvl_targeted_presentation,train,rvl:presentation:398531b94682c177
data/raw/public_hard_negatives/rvl/presentation_b55f428fc35f4860.jpg,rvl_targeted_presentation,train,rvl:presentation:b55f428fc35f4860
data/raw/public_hard_negatives/rvl/presentation_c41d72825671f7b5.jpg,rvl_targeted_presentation,train,rvl:presentation:c41d72825671f7b5
data/raw/public_hard_negatives/rvl/presentation_9b1c84ff505e438f.jpg,rvl_targeted_presentation,test,rvl:presentation:9b1c84ff505e438f
data/raw/public_hard_negatives/rvl/presentation_8024e52ab568540d.jpg,rvl_targeted_presentation,train,rvl:presentation:8024e52ab568540d
data/raw/public_hard_negatives/rvl/presentation_bd2c38d874066322.jpg,rvl_targeted_presentation,train,rvl:presentation:bd2c38d874066322
data/raw/public_hard_negatives/rvl/presentation_046f7b63748fdede.jpg,rvl_targeted_presentation,train,rvl:presentation:046f7b63748fdede
data/raw/public_hard_negatives/rvl/presentation_f3cba4fe31f147df.jpg,rvl_targeted_presentation,train,rvl:presentation:f3cba4fe31f147df
data/raw/public_hard_negatives/rvl/presentation_698663c1a4c4a528.jpg,rvl_targeted_presentation,val,rvl:presentation:698663c1a4c4a528
data/raw/public_hard_negatives/rvl/presentation_a63b458f093627b4.jpg,rvl_targeted_presentation,train,rvl:presentation:a63b458f093627b4
data/raw/public_hard_negatives/rvl/presentation_0a91079aa7f058d0.jpg,rvl_targeted_presentation,train,rvl:presentation:0a91079aa7f058d0
data/raw/public_hard_negatives/rvl/presentation_d91513bd1b307e5f.jpg,rvl_targeted_presentation,train,rvl:presentation:d91513bd1b307e5f
data/raw/public_hard_negatives/rvl/presentation_d91339592b002404.jpg,rvl_targeted_presentation,test,rvl:presentation:d91339592b002404
data/raw/public_hard_negatives/rvl/presentation_2d4fe27d10865752.jpg,rvl_targeted_presentation,train,rvl:presentation:2d4fe27d10865752
data/raw/public_hard_negatives/rvl/presentation_323c095661509f50.jpg,rvl_targeted_presentation,train,rvl:presentation:323c095661509f50
data/raw/public_hard_negatives/rvl/presentation_c2d27f68ced2d1c3.jpg,rvl_targeted_presentation,train,rvl:presentation:c2d27f68ced2d1c3
data/raw/public_hard_negatives/rvl/presentation_53290af0a1baeb69.jpg,rvl_targeted_presentation,train,rvl:presentation:53290af0a1baeb69
data/raw/public_hard_negatives/rvl/presentation_b67da417715bcf06.jpg,rvl_targeted_presentation,train,rvl:presentation:b67da417715bcf06
data/raw/public_hard_negatives/rvl/presentation_facc3e9bfd98d68d.jpg,rvl_targeted_presentation,train,rvl:presentation:facc3e9bfd98d68d
data/raw/public_hard_negatives/rvl/presentation_c16d554218f960f7.jpg,rvl_targeted_presentation,train,rvl:presentation:c16d554218f960f7
data/raw/public_hard_negatives/rvl/presentation_e75c356f6e2b7788.jpg,rvl_targeted_presentation,val,rvl:presentation:e75c356f6e2b7788
data/raw/public_hard_negatives/rvl/presentation_9a5fc3b8059c5de1.jpg,rvl_targeted_presentation,train,rvl:presentation:9a5fc3b8059c5de1
data/raw/public_hard_negatives/rvl/presentation_253ce321d362777f.jpg,rvl_targeted_presentation,train,rvl:presentation:253ce321d362777f
data/raw/public_hard_negatives/rvl/presentation_c43ed5c7f6e9fcad.jpg,rvl_targeted_presentation,train,rvl:presentation:c43ed5c7f6e9fcad
data/raw/public_hard_negatives/rvl/presentation_d1332d9826cc0045.jpg,rvl_targeted_presentation,train,rvl:presentation:d1332d9826cc0045
data/raw/public_hard_negatives/rvl/presentation_95ba82467c4f0a75.jpg,rvl_targeted_presentation,train,rvl:presentation:95ba82467c4f0a75
data/raw/public_hard_negatives/rvl/presentation_84ce39656739796e.jpg,rvl_targeted_presentation,train,rvl:presentation:84ce39656739796e
data/raw/public_hard_negatives/rvl/presentation_340b40fa00c8e0f1.jpg,rvl_targeted_presentation,train,rvl:presentation:340b40fa00c8e0f1
data/raw/public_hard_negatives/rvl/presentation_f8db1d56b1f2e3a1.jpg,rvl_targeted_presentation,train,rvl:presentation:f8db1d56b1f2e3a1
data/raw/public_hard_negatives/rvl/presentation_308e9e533920a77f.jpg,rvl_targeted_presentation,train,rvl:presentation:308e9e533920a77f
data/raw/public_hard_negatives/rvl/presentation_7f36ff83756a85ee.jpg,rvl_targeted_presentation,train,rvl:presentation:7f36ff83756a85ee
data/raw/public_hard_negatives/rvl/presentation_007f1e6b62cbb66a.jpg,rvl_targeted_presentation,train,rvl:presentation:007f1e6b62cbb66a
data/raw/public_hard_negatives/rvl/presentation_05c131450ce2d09d.jpg,rvl_targeted_presentation,train,rvl:presentation:05c131450ce2d09d
data/raw/public_hard_negatives/rvl/presentation_fed902653de61ff2.jpg,rvl_targeted_presentation,train,rvl:presentation:fed902653de61ff2
data/raw/public_hard_negatives/rvl/presentation_2a2d6ef67bee49d1.jpg,rvl_targeted_presentation,train,rvl:presentation:2a2d6ef67bee49d1
data/raw/public_hard_negatives/rvl/presentation_887613c0178f9a42.jpg,rvl_targeted_presentation,val,rvl:presentation:887613c0178f9a42
data/raw/public_hard_negatives/rvl/presentation_9bfc70da0789eb9e.jpg,rvl_targeted_presentation,train,rvl:presentation:9bfc70da0789eb9e
data/raw/public_hard_negatives/rvl/presentation_a1049c0bb459cd75.jpg,rvl_targeted_presentation,train,rvl:presentation:a1049c0bb459cd75
data/raw/public_hard_negatives/rvl/presentation_4f921f3c20d91132.jpg,rvl_targeted_presentation,test,rvl:presentation:4f921f3c20d91132
data/raw/public_hard_negatives/rvl/presentation_5f8317c11b627262.jpg,rvl_targeted_presentation,train,rvl:presentation:5f8317c11b627262
data/raw/public_hard_negatives/rvl/presentation_755ca97659a66e27.jpg,rvl_targeted_presentation,train,rvl:presentation:755ca97659a66e27
data/raw/public_hard_negatives/rvl/presentation_5f9e1f228d89d71c.jpg,rvl_targeted_presentation,train,rvl:presentation:5f9e1f228d89d71c
data/raw/public_hard_negatives/rvl/presentation_be832c2c54e548bb.jpg,rvl_targeted_presentation,train,rvl:presentation:be832c2c54e548bb
data/raw/public_hard_negatives/rvl/presentation_a21116c5c85ca695.jpg,rvl_targeted_presentation,val,rvl:presentation:a21116c5c85ca695
data/raw/public_hard_negatives/rvl/presentation_c0504dccc0536ec8.jpg,rvl_targeted_presentation,train,rvl:presentation:c0504dccc0536ec8
data/raw/public_hard_negatives/rvl/presentation_0306db7e44050b3a.jpg,rvl_targeted_presentation,train,rvl:presentation:0306db7e44050b3a
data/raw/public_hard_negatives/rvl/presentation_4016415ff0723bba.jpg,rvl_targeted_presentation,train,rvl:presentation:4016415ff0723bba
data/raw/public_hard_negatives/rvl/presentation_8df092863aa4e4dc.jpg,rvl_targeted_presentation,train,rvl:presentation:8df092863aa4e4dc
data/raw/public_hard_negatives/rvl/presentation_6e6a00b131457d80.jpg,rvl_targeted_presentation,train,rvl:presentation:6e6a00b131457d80
data/raw/public_hard_negatives/rvl/presentation_f2b0a8817ff7f2e7.jpg,rvl_targeted_presentation,train,rvl:presentation:f2b0a8817ff7f2e7
data/raw/public_hard_negatives/rvl/presentation_21adf1ef68064ef5.jpg,rvl_targeted_presentation,test,rvl:presentation:21adf1ef68064ef5
data/raw/public_hard_negatives/rvl/presentation_e55b4e722edb2256.jpg,rvl_targeted_presentation,val,rvl:presentation:e55b4e722edb2256
data/raw/public_hard_negatives/rvl/presentation_d956152cb1c01251.jpg,rvl_targeted_presentation,val,rvl:presentation:d956152cb1c01251
data/raw/public_hard_negatives/rvl/presentation_e2c0d1eb5d47db95.jpg,rvl_targeted_presentation,train,rvl:presentation:e2c0d1eb5d47db95
data/raw/public_hard_negatives/rvl/presentation_b33993d492ae2181.jpg,rvl_targeted_presentation,test,rvl:presentation:b33993d492ae2181
data/raw/public_hard_negatives/rvl/presentation_41ead22aa92e80fd.jpg,rvl_targeted_presentation,train,rvl:presentation:41ead22aa92e80fd
data/raw/public_hard_negatives/rvl/presentation_41eace32988f36a1.jpg,rvl_targeted_presentation,train,rvl:presentation:41eace32988f36a1
data/raw/public_hard_negatives/rvl/presentation_612bc5cc3776795e.jpg,rvl_targeted_presentation,test,rvl:presentation:612bc5cc3776795e
data/raw/public_hard_negatives/rvl/presentation_f7f3764c2f08526c.jpg,rvl_targeted_presentation,train,rvl:presentation:f7f3764c2f08526c
data/raw/public_hard_negatives/rvl/presentation_a836d752362d15be.jpg,rvl_targeted_presentation,train,rvl:presentation:a836d752362d15be
data/raw/public_hard_negatives/rvl/presentation_61f5f73c6d185432.jpg,rvl_targeted_presentation,train,rvl:presentation:61f5f73c6d185432
data/raw/public_hard_negatives/rvl/presentation_6257dbedfeedfe54.jpg,rvl_targeted_presentation,train,rvl:presentation:6257dbedfeedfe54
data/raw/public_hard_negatives/rvl/presentation_ccf0c25787b90792.jpg,rvl_targeted_presentation,train,rvl:presentation:ccf0c25787b90792
data/raw/public_hard_negatives/rvl/presentation_f7edec7da8ff110d.jpg,rvl_targeted_presentation,train,rvl:presentation:f7edec7da8ff110d
data/raw/public_hard_negatives/rvl/presentation_1398ebd8e01ee16f.jpg,rvl_targeted_presentation,test,rvl:presentation:1398ebd8e01ee16f
data/raw/public_hard_negatives/rvl/presentation_2783c7a64b40f779.jpg,rvl_targeted_presentation,train,rvl:presentation:2783c7a64b40f779
data/raw/public_hard_negatives/rvl/presentation_cbe369b5d7741b7c.jpg,rvl_targeted_presentation,val,rvl:presentation:cbe369b5d7741b7c
data/raw/public_hard_negatives/rvl/presentation_ac92f769cf8078ea.jpg,rvl_targeted_presentation,train,rvl:presentation:ac92f769cf8078ea
data/raw/public_hard_negatives/rvl/presentation_c6a65975a04a6383.jpg,rvl_targeted_presentation,val,rvl:presentation:c6a65975a04a6383
data/raw/public_hard_negatives/rvl/presentation_aba70159576ad4b2.jpg,rvl_targeted_presentation,train,rvl:presentation:aba70159576ad4b2
data/raw/public_hard_negatives/rvl/presentation_feb110e4cd7aba37.jpg,rvl_targeted_presentation,train,rvl:presentation:feb110e4cd7aba37
data/raw/public_hard_negatives/rvl/presentation_4af3f64aaa2eb12c.jpg,rvl_targeted_presentation,val,rvl:presentation:4af3f64aaa2eb12c
data/raw/public_hard_negatives/rvl/presentation_41bf03839a420264.jpg,rvl_targeted_presentation,test,rvl:presentation:41bf03839a420264
data/raw/public_hard_negatives/rvl/presentation_92178510146c2127.jpg,rvl_targeted_presentation,val,rvl:presentation:92178510146c2127
data/raw/public_hard_negatives/rvl/presentation_d373446cb739f2eb.jpg,rvl_targeted_presentation,train,rvl:presentation:d373446cb739f2eb
data/raw/public_hard_negatives/rvl/presentation_12d3d9a894f446f8.jpg,rvl_targeted_presentation,train,rvl:presentation:12d3d9a894f446f8
data/raw/public_hard_negatives/rvl/presentation_2ab42a2ba53e04f6.jpg,rvl_targeted_presentation,train,rvl:presentation:2ab42a2ba53e04f6
data/raw/public_hard_negatives/rvl/presentation_5214c8fdc5e0caf2.jpg,rvl_targeted_presentation,val,rvl:presentation:5214c8fdc5e0caf2
data/raw/public_hard_negatives/rvl/presentation_5d6fba6c4e1c4d4a.jpg,rvl_targeted_presentation,train,rvl:presentation:5d6fba6c4e1c4d4a
data/raw/public_hard_negatives/rvl/presentation_256869cbe1db4d80.jpg,rvl_targeted_presentation,train,rvl:presentation:256869cbe1db4d80
data/raw/public_hard_negatives/rvl/presentation_140bc5cea31801b8.jpg,rvl_targeted_presentation,train,rvl:presentation:140bc5cea31801b8
data/raw/public_hard_negatives/rvl/presentation_e1c527f5a03d71de.jpg,rvl_targeted_presentation,val,rvl:presentation:e1c527f5a03d71de
data/raw/public_hard_negatives/rvl/presentation_fd67b321231d4f36.jpg,rvl_targeted_presentation,train,rvl:presentation:fd67b321231d4f36
data/raw/public_hard_negatives/rvl/presentation_30536946f84015a4.jpg,rvl_targeted_presentation,train,rvl:presentation:30536946f84015a4
data/raw/public_hard_negatives/rvl/presentation_52bff8ab8f985408.jpg,rvl_targeted_presentation,test,rvl:presentation:52bff8ab8f985408
data/raw/public_hard_negatives/rvl/presentation_040bc399939f180d.jpg,rvl_targeted_presentation,train,rvl:presentation:040bc399939f180d
data/raw/public_hard_negatives/rvl/presentation_852fb2dff4cbc8fb.jpg,rvl_targeted_presentation,train,rvl:presentation:852fb2dff4cbc8fb
data/raw/public_hard_negatives/rvl/presentation_18d3049fcca59815.jpg,rvl_targeted_presentation,train,rvl:presentation:18d3049fcca59815
data/raw/public_hard_negatives/rvl/presentation_67ab743469d225ab.jpg,rvl_targeted_presentation,train,rvl:presentation:67ab743469d225ab
data/raw/public_hard_negatives/rvl/presentation_7433f241b5ed2356.jpg,rvl_targeted_presentation,val,rvl:presentation:7433f241b5ed2356
data/raw/public_hard_negatives/rvl/presentation_3466281cff00e3a8.jpg,rvl_targeted_presentation,train,rvl:presentation:3466281cff00e3a8
data/raw/public_hard_negatives/rvl/presentation_43cca33e926fb9d7.jpg,rvl_targeted_presentation,train,rvl:presentation:43cca33e926fb9d7
data/raw/public_hard_negatives/rvl/presentation_5e93a99a70c1ace0.jpg,rvl_targeted_presentation,val,rvl:presentation:5e93a99a70c1ace0
data/raw/public_hard_negatives/rvl/presentation_1473357c7d8bebf0.jpg,rvl_targeted_presentation,val,rvl:presentation:1473357c7d8bebf0
data/raw/public_hard_negatives/rvl/presentation_c32f99a84cd8bac9.jpg,rvl_targeted_presentation,train,rvl:presentation:c32f99a84cd8bac9
data/raw/public_hard_negatives/rvl/presentation_0faee79349267484.jpg,rvl_targeted_presentation,val,rvl:presentation:0faee79349267484
data/raw/public_hard_negatives/rvl/presentation_9f42310d2e59bee4.jpg,rvl_targeted_presentation,train,rvl:presentation:9f42310d2e59bee4
data/raw/public_hard_negatives/rvl/presentation_36b6723a4c81a367.jpg,rvl_targeted_presentation,train,rvl:presentation:36b6723a4c81a367
data/raw/public_hard_negatives/rvl/presentation_ce304a7ecfed60e8.jpg,rvl_targeted_presentation,train,rvl:presentation:ce304a7ecfed60e8
data/raw/public_hard_negatives/rvl/presentation_98a38db6e86716ab.jpg,rvl_targeted_presentation,test,rvl:presentation:98a38db6e86716ab
data/raw/public_hard_negatives/rvl/presentation_dfccbe1e3f885ea0.jpg,rvl_targeted_presentation,val,rvl:presentation:dfccbe1e3f885ea0
data/raw/public_hard_negatives/rvl/presentation_203b618b17f81f0b.jpg,rvl_targeted_presentation,test,rvl:presentation:203b618b17f81f0b
data/raw/public_hard_negatives/rvl/presentation_cfae4369b16e41dd.jpg,rvl_targeted_presentation,train,rvl:presentation:cfae4369b16e41dd
data/raw/public_hard_negatives/rvl/presentation_adaf96a6944d46eb.jpg,rvl_targeted_presentation,test,rvl:presentation:adaf96a6944d46eb
data/raw/public_hard_negatives/rvl/presentation_06ec243f569045b9.jpg,rvl_targeted_presentation,train,rvl:presentation:06ec243f569045b9
data/raw/public_hard_negatives/rvl/presentation_f038771214ac3d6d.jpg,rvl_targeted_presentation,train,rvl:presentation:f038771214ac3d6d
data/raw/public_hard_negatives/rvl/presentation_fc68a604d09e1679.jpg,rvl_targeted_presentation,train,rvl:presentation:fc68a604d09e1679
data/raw/public_hard_negatives/rvl/presentation_ec6870764b503fcd.jpg,rvl_targeted_presentation,train,rvl:presentation:ec6870764b503fcd
data/raw/public_hard_negatives/rvl/presentation_ad5127946e18f196.jpg,rvl_targeted_presentation,train,rvl:presentation:ad5127946e18f196
data/raw/public_hard_negatives/rvl/presentation_2583884029a1cdea.jpg,rvl_targeted_presentation,train,rvl:presentation:2583884029a1cdea
data/raw/public_hard_negatives/rvl/presentation_75d3abe7a8656186.jpg,rvl_targeted_presentation,train,rvl:presentation:75d3abe7a8656186
data/raw/public_hard_negatives/rvl/presentation_62bcc374b94acdfd.jpg,rvl_targeted_presentation,val,rvl:presentation:62bcc374b94acdfd
data/raw/public_hard_negatives/rvl/presentation_def979c6b2486019.jpg,rvl_targeted_presentation,train,rvl:presentation:def979c6b2486019
data/raw/public_hard_negatives/rvl/presentation_f8a1d8bb3fcbbce7.jpg,rvl_targeted_presentation,val,rvl:presentation:f8a1d8bb3fcbbce7
data/raw/public_hard_negatives/rvl/presentation_638e9a06691c9e92.jpg,rvl_targeted_presentation,train,rvl:presentation:638e9a06691c9e92
data/raw/public_hard_negatives/rvl/presentation_02157fd20d211b55.jpg,rvl_targeted_presentation,train,rvl:presentation:02157fd20d211b55
data/raw/public_hard_negatives/rvl/presentation_ca30ebefa030c167.jpg,rvl_targeted_presentation,train,rvl:presentation:ca30ebefa030c167
data/raw/public_hard_negatives/rvl/presentation_054ef1d5bad1de98.jpg,rvl_targeted_presentation,val,rvl:presentation:054ef1d5bad1de98
data/raw/public_hard_negatives/rvl/presentation_0b43b04de16290cd.jpg,rvl_targeted_presentation,val,rvl:presentation:0b43b04de16290cd
data/raw/public_hard_negatives/rvl/presentation_8e97c2f2e940f37b.jpg,rvl_targeted_presentation,train,rvl:presentation:8e97c2f2e940f37b
data/raw/public_hard_negatives/rvl/presentation_b4f065bad644baf2.jpg,rvl_targeted_presentation,train,rvl:presentation:b4f065bad644baf2
data/raw/public_hard_negatives/rvl/presentation_0a55cf9eec27a7fd.jpg,rvl_targeted_presentation,train,rvl:presentation:0a55cf9eec27a7fd
data/raw/public_hard_negatives/rvl/presentation_e024f31303ac6fe8.jpg,rvl_targeted_presentation,train,rvl:presentation:e024f31303ac6fe8
data/raw/public_hard_negatives/rvl/presentation_574c58ce0ad0e35b.jpg,rvl_targeted_presentation,train,rvl:presentation:574c58ce0ad0e35b
data/raw/public_hard_negatives/rvl/presentation_e6694b30d4e05173.jpg,rvl_targeted_presentation,train,rvl:presentation:e6694b30d4e05173
data/raw/public_hard_negatives/rvl/presentation_7739147cb58e890d.jpg,rvl_targeted_presentation,train,rvl:presentation:7739147cb58e890d
data/raw/public_hard_negatives/rvl/presentation_c02e11800c794277.jpg,rvl_targeted_presentation,train,rvl:presentation:c02e11800c794277
data/raw/public_hard_negatives/rvl/presentation_de7156c19bde0f34.jpg,rvl_targeted_presentation,train,rvl:presentation:de7156c19bde0f34
data/raw/public_hard_negatives/rvl/presentation_e8f55669b5c7859f.jpg,rvl_targeted_presentation,val,rvl:presentation:e8f55669b5c7859f
data/raw/public_hard_negatives/rvl/presentation_df069e68bc3c6098.jpg,rvl_targeted_presentation,train,rvl:presentation:df069e68bc3c6098
data/raw/public_hard_negatives/rvl/presentation_fa5482bb8f73e7ba.jpg,rvl_targeted_presentation,train,rvl:presentation:fa5482bb8f73e7ba
data/raw/public_hard_negatives/rvl/presentation_23d6e19c2b413dd0.jpg,rvl_targeted_presentation,train,rvl:presentation:23d6e19c2b413dd0
data/raw/public_hard_negatives/rvl/presentation_934befdf6a156b93.jpg,rvl_targeted_presentation,train,rvl:presentation:934befdf6a156b93
data/raw/public_hard_negatives/rvl/presentation_741dd1ade34f9c8a.jpg,rvl_targeted_presentation,val,rvl:presentation:741dd1ade34f9c8a
data/raw/public_hard_negatives/rvl/questionnaire_4478be1a151e3ef1.jpg,rvl_targeted_questionnaire,train,rvl:questionnaire:4478be1a151e3ef1
data/raw/public_hard_negatives/rvl/questionnaire_6275483f1fdf546d.jpg,rvl_targeted_questionnaire,train,rvl:questionnaire:6275483f1fdf546d
data/raw/public_hard_negatives/rvl/questionnaire_c9617af7210863ca.jpg,rvl_targeted_questionnaire,train,rvl:questionnaire:c9617af7210863ca
data/raw/public_hard_negatives/rvl/questionnaire_1930b2be6285e56d.jpg,rvl_targeted_questionnaire,val,rvl:questionnaire:1930b2be6285e56d
data/raw/public_hard_negatives/rvl/questionnaire_7485ddb00df0f9e9.jpg,rvl_targeted_questionnaire,test,rvl:questionnaire:7485ddb00df0f9e9
data/raw/public_hard_negatives/rvl/questionnaire_ffcf36eddb79b4a2.jpg,rvl_targeted_questionnaire,train,rvl:questionnaire:ffcf36eddb79b4a2
data/raw/public_hard_negatives/rvl/questionnaire_e7f94f55b8c70743.jpg,rvl_targeted_questionnaire,train,rvl:questionnaire:e7f94f55b8c70743
data/raw/public_hard_negatives/rvl/questionnaire_875a40693123afd0.jpg,rvl_targeted_questionnaire,train,rvl:questionnaire:875a40693123afd0
data/raw/public_hard_negatives/rvl/questionnaire_266ef87215186fec.jpg,rvl_targeted_questionnaire,train,rvl:questionnaire:266ef87215186fec
data/raw/public_hard_negatives/rvl/questionnaire_7d82d417d68c4288.jpg,rvl_targeted_questionnaire,val,rvl:questionnaire:7d82d417d68c4288
data/raw/public_hard_negatives/rvl/questionnaire_570f77988b371d9b.jpg,rvl_targeted_questionnaire,train,rvl:questionnaire:570f77988b371d9b
data/raw/public_hard_negatives/rvl/questionnaire_f97ff53ccf71fbf0.jpg,rvl_targeted_questionnaire,val,rvl:questionnaire:f97ff53ccf71fbf0
data/raw/public_hard_negatives/rvl/questionnaire_56ac08bff3d754d1.jpg,rvl_targeted_questionnaire,train,rvl:questionnaire:56ac08bff3d754d1
data/raw/public_hard_negatives/rvl/questionnaire_769854a9ad028e8b.jpg,rvl_targeted_questionnaire,train,rvl:questionnaire:769854a9ad028e8b
data/raw/public_hard_negatives/rvl/questionnaire_c9ce82dc72323721.jpg,rvl_targeted_questionnaire,train,rvl:questionnaire:c9ce82dc72323721
data/raw/public_hard_negatives/rvl/questionnaire_c7dfd006fceab957.jpg,rvl_targeted_questionnaire,train,rvl:questionnaire:c7dfd006fceab957
data/raw/public_hard_negatives/rvl/questionnaire_7d87b8827bb2f0ab.jpg,rvl_targeted_questionnaire,train,rvl:questionnaire:7d87b8827bb2f0ab
data/raw/public_hard_negatives/rvl/questionnaire_daffefa107056761.jpg,rvl_targeted_questionnaire,train,rvl:questionnaire:daffefa107056761
data/raw/public_hard_negatives/rvl/questionnaire_0aae30645fdca740.jpg,rvl_targeted_questionnaire,train,rvl:questionnaire:0aae30645fdca740
data/raw/public_hard_negatives/rvl/questionnaire_f69685a6ea1073ce.jpg,rvl_targeted_questionnaire,train,rvl:questionnaire:f69685a6ea1073ce
data/raw/public_hard_negatives/rvl/questionnaire_0a2f0fd4df7873e4.jpg,rvl_targeted_questionnaire,test,rvl:questionnaire:0a2f0fd4df7873e4
data/raw/public_hard_negatives/rvl/questionnaire_b5e58170a9540299.jpg,rvl_targeted_questionnaire,test,rvl:questionnaire:b5e58170a9540299
data/raw/public_hard_negatives/rvl/questionnaire_9991130628669822.jpg,rvl_targeted_questionnaire,val,rvl:questionnaire:9991130628669822
data/raw/public_hard_negatives/rvl/questionnaire_1a83fe9fd739dcb4.jpg,rvl_targeted_questionnaire,train,rvl:questionnaire:1a83fe9fd739dcb4
data/raw/public_hard_negatives/rvl/questionnaire_667fec619585a255.jpg,rvl_targeted_questionnaire,train,rvl:questionnaire:667fec619585a255
data/raw/public_hard_negatives/rvl/questionnaire_67d6a9836f4138da.jpg,rvl_targeted_questionnaire,test,rvl:questionnaire:67d6a9836f4138da
data/raw/public_hard_negatives/rvl/questionnaire_0c71bae4f15fe757.jpg,rvl_targeted_questionnaire,train,rvl:questionnaire:0c71bae4f15fe757
data/raw/public_hard_negatives/rvl/questionnaire_04f6bd44a2ae3473.jpg,rvl_targeted_questionnaire,test,rvl:questionnaire:04f6bd44a2ae3473
data/raw/public_hard_negatives/rvl/questionnaire_896a67be43daa23e.jpg,rvl_targeted_questionnaire,test,rvl:questionnaire:896a67be43daa23e
data/raw/public_hard_negatives/rvl/questionnaire_dea016f296e71cbf.jpg,rvl_targeted_questionnaire,train,rvl:questionnaire:dea016f296e71cbf
data/raw/public_hard_negatives/rvl/questionnaire_7e01d1ee4a91552f.jpg,rvl_targeted_questionnaire,train,rvl:questionnaire:7e01d1ee4a91552f
data/raw/public_hard_negatives/rvl/questionnaire_03af21e443c07cf9.jpg,rvl_targeted_questionnaire,train,rvl:questionnaire:03af21e443c07cf9
data/raw/public_hard_negatives/rvl/questionnaire_8c37a7108bc64247.jpg,rvl_targeted_questionnaire,train,rvl:questionnaire:8c37a7108bc64247
data/raw/public_hard_negatives/rvl/questionnaire_5df285bb7e6dc017.jpg,rvl_targeted_questionnaire,train,rvl:questionnaire:5df285bb7e6dc017
data/raw/public_hard_negatives/rvl/questionnaire_b815078b33204d79.jpg,rvl_targeted_questionnaire,train,rvl:questionnaire:b815078b33204d79
data/raw/public_hard_negatives/rvl/questionnaire_61756009eba3dc17.jpg,rvl_targeted_questionnaire,train,rvl:questionnaire:61756009eba3dc17
data/raw/public_hard_negatives/rvl/questionnaire_e8eabc87db902cb8.jpg,rvl_targeted_questionnaire,train,rvl:questionnaire:e8eabc87db902cb8
data/raw/public_hard_negatives/rvl/questionnaire_f1b9683c65eb5a63.jpg,rvl_targeted_questionnaire,val,rvl:questionnaire:f1b9683c65eb5a63
data/raw/public_hard_negatives/rvl/questionnaire_4f47a570f6af1861.jpg,rvl_targeted_questionnaire,train,rvl:questionnaire:4f47a570f6af1861
data/raw/public_hard_negatives/rvl/questionnaire_334c33e97f3419ba.jpg,rvl_targeted_questionnaire,val,rvl:questionnaire:334c33e97f3419ba
data/raw/public_hard_negatives/rvl/questionnaire_999fa1735b6919fb.jpg,rvl_targeted_questionnaire,train,rvl:questionnaire:999fa1735b6919fb
data/raw/public_hard_negatives/rvl/questionnaire_455dab99bfa9582c.jpg,rvl_targeted_questionnaire,train,rvl:questionnaire:455dab99bfa9582c
data/raw/public_hard_negatives/rvl/questionnaire_484f4951ba16b4b8.jpg,rvl_targeted_questionnaire,train,rvl:questionnaire:484f4951ba16b4b8
data/raw/public_hard_negatives/rvl/questionnaire_7007ba2a8e120e00.jpg,rvl_targeted_questionnaire,train,rvl:questionnaire:7007ba2a8e120e00
data/raw/public_hard_negatives/rvl/questionnaire_6693dbab0f6cccbe.jpg,rvl_targeted_questionnaire,train,rvl:questionnaire:6693dbab0f6cccbe
data/raw/public_hard_negatives/rvl/questionnaire_bcaa7d89df4dd901.jpg,rvl_targeted_questionnaire,train,rvl:questionnaire:bcaa7d89df4dd901
data/raw/public_hard_negatives/rvl/questionnaire_149052d8a1ec70ca.jpg,rvl_targeted_questionnaire,train,rvl:questionnaire:149052d8a1ec70ca
data/raw/public_hard_negatives/rvl/questionnaire_76384ecc8f62a180.jpg,rvl_targeted_questionnaire,train,rvl:questionnaire:76384ecc8f62a180
data/raw/public_hard_negatives/rvl/questionnaire_55660aed4a48972a.jpg,rvl_targeted_questionnaire,train,rvl:questionnaire:55660aed4a48972a
data/raw/public_hard_negatives/rvl/questionnaire_17acb129d9352eba.jpg,rvl_targeted_questionnaire,train,rvl:questionnaire:17acb129d9352eba
data/raw/public_hard_negatives/rvl/questionnaire_ca8b0e8f028852ea.jpg,rvl_targeted_questionnaire,train,rvl:questionnaire:ca8b0e8f028852ea
data/raw/public_hard_negatives/rvl/questionnaire_82a84754c14f8201.jpg,rvl_targeted_questionnaire,train,rvl:questionnaire:82a84754c14f8201
data/raw/public_hard_negatives/rvl/questionnaire_b461bb9af3687ad5.jpg,rvl_targeted_questionnaire,train,rvl:questionnaire:b461bb9af3687ad5
data/raw/public_hard_negatives/rvl/questionnaire_da8d7257ff25b59a.jpg,rvl_targeted_questionnaire,train,rvl:questionnaire:da8d7257ff25b59a
data/raw/public_hard_negatives/rvl/questionnaire_ae7f6cc73a309f33.jpg,rvl_targeted_questionnaire,train,rvl:questionnaire:ae7f6cc73a309f33
data/raw/public_hard_negatives/rvl/questionnaire_8996fa1ad1267abe.jpg,rvl_targeted_questionnaire,test,rvl:questionnaire:8996fa1ad1267abe
data/raw/public_hard_negatives/rvl/questionnaire_373be9538382515d.jpg,rvl_targeted_questionnaire,train,rvl:questionnaire:373be9538382515d
data/raw/public_hard_negatives/rvl/questionnaire_027bbb41fb8f6b80.jpg,rvl_targeted_questionnaire,train,rvl:questionnaire:027bbb41fb8f6b80
data/raw/public_hard_negatives/rvl/questionnaire_3eb7a3ccdd1d0627.jpg,rvl_targeted_questionnaire,train,rvl:questionnaire:3eb7a3ccdd1d0627
data/raw/public_hard_negatives/rvl/questionnaire_dba35dea79cc12a4.jpg,rvl_targeted_questionnaire,val,rvl:questionnaire:dba35dea79cc12a4
data/raw/public_hard_negatives/rvl/questionnaire_8de6e19a2cd86fff.jpg,rvl_targeted_questionnaire,train,rvl:questionnaire:8de6e19a2cd86fff
data/raw/public_hard_negatives/rvl/questionnaire_77d05a86548c43ab.jpg,rvl_targeted_questionnaire,train,rvl:questionnaire:77d05a86548c43ab
data/raw/public_hard_negatives/rvl/questionnaire_5deef505432b7d23.jpg,rvl_targeted_questionnaire,train,rvl:questionnaire:5deef505432b7d23
data/raw/public_hard_negatives/rvl/questionnaire_3935d4f2d4d98caf.jpg,rvl_targeted_questionnaire,train,rvl:questionnaire:3935d4f2d4d98caf
data/raw/public_hard_negatives/rvl/questionnaire_9f66410356e79195.jpg,rvl_targeted_questionnaire,train,rvl:questionnaire:9f66410356e79195
data/raw/public_hard_negatives/rvl/questionnaire_76935afc4d2825e2.jpg,rvl_targeted_questionnaire,train,rvl:questionnaire:76935afc4d2825e2
data/raw/public_hard_negatives/rvl/questionnaire_c831dcaa01f9d0b3.jpg,rvl_targeted_questionnaire,train,rvl:questionnaire:c831dcaa01f9d0b3
data/raw/public_hard_negatives/rvl/questionnaire_377e3d7ea040de16.jpg,rvl_targeted_questionnaire,train,rvl:questionnaire:377e3d7ea040de16
data/raw/public_hard_negatives/rvl/questionnaire_95c558228ddb4aa9.jpg,rvl_targeted_questionnaire,train,rvl:questionnaire:95c558228ddb4aa9
data/raw/public_hard_negatives/rvl/questionnaire_d0c2891fb55259f3.jpg,rvl_targeted_questionnaire,train,rvl:questionnaire:d0c2891fb55259f3
data/raw/public_hard_negatives/rvl/questionnaire_34d2e2218ccf5d59.jpg,rvl_targeted_questionnaire,val,rvl:questionnaire:34d2e2218ccf5d59
data/raw/public_hard_negatives/rvl/questionnaire_c8447447edef61d2.jpg,rvl_targeted_questionnaire,test,rvl:questionnaire:c8447447edef61d2
data/raw/public_hard_negatives/rvl/questionnaire_c19e85d105ce3ba7.jpg,rvl_targeted_questionnaire,test,rvl:questionnaire:c19e85d105ce3ba7
data/raw/public_hard_negatives/rvl/questionnaire_23d072ef62743fe2.jpg,rvl_targeted_questionnaire,train,rvl:questionnaire:23d072ef62743fe2
data/raw/public_hard_negatives/rvl/questionnaire_7bec3bf3d8910c95.jpg,rvl_targeted_questionnaire,train,rvl:questionnaire:7bec3bf3d8910c95
data/raw/public_hard_negatives/rvl/questionnaire_a9fd10f1a5734992.jpg,rvl_targeted_questionnaire,val,rvl:questionnaire:a9fd10f1a5734992
data/raw/public_hard_negatives/rvl/questionnaire_a95d630182f69803.jpg,rvl_targeted_questionnaire,train,rvl:questionnaire:a95d630182f69803
data/raw/public_hard_negatives/rvl/questionnaire_9b8c93b3bedf7a88.jpg,rvl_targeted_questionnaire,train,rvl:questionnaire:9b8c93b3bedf7a88
data/raw/public_hard_negatives/rvl/questionnaire_9b07372ad6b65ddc.jpg,rvl_targeted_questionnaire,test,rvl:questionnaire:9b07372ad6b65ddc
data/raw/public_hard_negatives/rvl/questionnaire_a911786818af3ee6.jpg,rvl_targeted_questionnaire,train,rvl:questionnaire:a911786818af3ee6
data/raw/public_hard_negatives/rvl/questionnaire_300c085bdff2bbe2.jpg,rvl_targeted_questionnaire,train,rvl:questionnaire:300c085bdff2bbe2
data/raw/public_hard_negatives/rvl/questionnaire_22f49c910670605e.jpg,rvl_targeted_questionnaire,val,rvl:questionnaire:22f49c910670605e
data/raw/public_hard_negatives/rvl/questionnaire_0c89284b664a53d2.jpg,rvl_targeted_questionnaire,train,rvl:questionnaire:0c89284b664a53d2
data/raw/public_hard_negatives/rvl/questionnaire_1b56473d11931ebc.jpg,rvl_targeted_questionnaire,test,rvl:questionnaire:1b56473d11931ebc
data/raw/public_hard_negatives/rvl/questionnaire_8bb5b20a001790c4.jpg,rvl_targeted_questionnaire,test,rvl:questionnaire:8bb5b20a001790c4
data/raw/public_hard_negatives/rvl/questionnaire_67c8c8fa65b27cea.jpg,rvl_targeted_questionnaire,test,rvl:questionnaire:67c8c8fa65b27cea
data/raw/public_hard_negatives/rvl/questionnaire_4463780b4f499ac1.jpg,rvl_targeted_questionnaire,train,rvl:questionnaire:4463780b4f499ac1
data/raw/public_hard_negatives/rvl/questionnaire_a78c0f4e26c61dc1.jpg,rvl_targeted_questionnaire,train,rvl:questionnaire:a78c0f4e26c61dc1
data/raw/public_hard_negatives/rvl/questionnaire_f386e129470f518b.jpg,rvl_targeted_questionnaire,train,rvl:questionnaire:f386e129470f518b
data/raw/public_hard_negatives/rvl/questionnaire_16b7214f35f4dfff.jpg,rvl_targeted_questionnaire,train,rvl:questionnaire:16b7214f35f4dfff
data/raw/public_hard_negatives/rvl/questionnaire_0cb1daea701b402f.jpg,rvl_targeted_questionnaire,train,rvl:questionnaire:0cb1daea701b402f
data/raw/public_hard_negatives/rvl/questionnaire_a0bdbbffe963acd8.jpg,rvl_targeted_questionnaire,train,rvl:questionnaire:a0bdbbffe963acd8
data/raw/public_hard_negatives/rvl/questionnaire_278599e2627695a5.jpg,rvl_targeted_questionnaire,train,rvl:questionnaire:278599e2627695a5
data/raw/public_hard_negatives/rvl/questionnaire_c2719e1979923b6b.jpg,rvl_targeted_questionnaire,train,rvl:questionnaire:c2719e1979923b6b
data/raw/public_hard_negatives/rvl/questionnaire_3c4bf7e4d8764160.jpg,rvl_targeted_questionnaire,train,rvl:questionnaire:3c4bf7e4d8764160
data/raw/public_hard_negatives/rvl/questionnaire_7c4e6c43b172c170.jpg,rvl_targeted_questionnaire,test,rvl:questionnaire:7c4e6c43b172c170
data/raw/public_hard_negatives/rvl/questionnaire_07dee4373d5a879d.jpg,rvl_targeted_questionnaire,train,rvl:questionnaire:07dee4373d5a879d
data/raw/public_hard_negatives/rvl/questionnaire_abeaa50e8880d0e4.jpg,rvl_targeted_questionnaire,train,rvl:questionnaire:abeaa50e8880d0e4
data/raw/public_hard_negatives/rvl/questionnaire_5114fe5ebc665066.jpg,rvl_targeted_questionnaire,val,rvl:questionnaire:5114fe5ebc665066
data/raw/public_hard_negatives/rvl/questionnaire_09762e4165d5362c.jpg,rvl_targeted_questionnaire,train,rvl:questionnaire:09762e4165d5362c
data/raw/public_hard_negatives/rvl/questionnaire_115ade477b088ec4.jpg,rvl_targeted_questionnaire,train,rvl:questionnaire:115ade477b088ec4
data/raw/public_hard_negatives/rvl/questionnaire_4fe03e04da480f5b.jpg,rvl_targeted_questionnaire,train,rvl:questionnaire:4fe03e04da480f5b
data/raw/public_hard_negatives/rvl/questionnaire_3baea6738ee678c9.jpg,rvl_targeted_questionnaire,train,rvl:questionnaire:3baea6738ee678c9
data/raw/public_hard_negatives/rvl/questionnaire_e621953bce747823.jpg,rvl_targeted_questionnaire,train,rvl:questionnaire:e621953bce747823
data/raw/public_hard_negatives/rvl/questionnaire_538b4bb6758d0ce6.jpg,rvl_targeted_questionnaire,train,rvl:questionnaire:538b4bb6758d0ce6
data/raw/public_hard_negatives/rvl/questionnaire_626ec0eed6df25b5.jpg,rvl_targeted_questionnaire,train,rvl:questionnaire:626ec0eed6df25b5
data/raw/public_hard_negatives/rvl/questionnaire_22538f508c313a7c.jpg,rvl_targeted_questionnaire,train,rvl:questionnaire:22538f508c313a7c
data/raw/public_hard_negatives/rvl/questionnaire_a916bb0b8f234d57.jpg,rvl_targeted_questionnaire,train,rvl:questionnaire:a916bb0b8f234d57
data/raw/public_hard_negatives/rvl/questionnaire_eb1961bf25cd6362.jpg,rvl_targeted_questionnaire,train,rvl:questionnaire:eb1961bf25cd6362
data/raw/public_hard_negatives/rvl/questionnaire_0bdc883ba7237139.jpg,rvl_targeted_questionnaire,train,rvl:questionnaire:0bdc883ba7237139
data/raw/public_hard_negatives/rvl/questionnaire_6c6b7fb095d39feb.jpg,rvl_targeted_questionnaire,train,rvl:questionnaire:6c6b7fb095d39feb
data/raw/public_hard_negatives/rvl/questionnaire_caec71cd53cabf83.jpg,rvl_targeted_questionnaire,train,rvl:questionnaire:caec71cd53cabf83
data/raw/public_hard_negatives/rvl/questionnaire_df6939e5a0fe1baf.jpg,rvl_targeted_questionnaire,train,rvl:questionnaire:df6939e5a0fe1baf
data/raw/public_hard_negatives/rvl/questionnaire_a4e35f5284dd4414.jpg,rvl_targeted_questionnaire,test,rvl:questionnaire:a4e35f5284dd4414
data/raw/public_hard_negatives/rvl/questionnaire_c3a54cd01212d5fb.jpg,rvl_targeted_questionnaire,train,rvl:questionnaire:c3a54cd01212d5fb
data/raw/public_hard_negatives/rvl/questionnaire_5b013d17d094c292.jpg,rvl_targeted_questionnaire,train,rvl:questionnaire:5b013d17d094c292
data/raw/public_hard_negatives/rvl/questionnaire_1f3096ac1cb8b114.jpg,rvl_targeted_questionnaire,train,rvl:questionnaire:1f3096ac1cb8b114
data/raw/public_hard_negatives/rvl/questionnaire_bbc0be5f307f12ce.jpg,rvl_targeted_questionnaire,train,rvl:questionnaire:bbc0be5f307f12ce
data/raw/public_hard_negatives/rvl/questionnaire_19e866c64115694f.jpg,rvl_targeted_questionnaire,train,rvl:questionnaire:19e866c64115694f
data/raw/public_hard_negatives/rvl/questionnaire_b8c60bfef25ea513.jpg,rvl_targeted_questionnaire,train,rvl:questionnaire:b8c60bfef25ea513
data/raw/public_hard_negatives/rvl/questionnaire_d5588a2ab783df43.jpg,rvl_targeted_questionnaire,val,rvl:questionnaire:d5588a2ab783df43
data/raw/public_hard_negatives/rvl/questionnaire_5e90f67f8e7943e9.jpg,rvl_targeted_questionnaire,train,rvl:questionnaire:5e90f67f8e7943e9
data/raw/public_hard_negatives/rvl/questionnaire_234ee35d840c2d3d.jpg,rvl_targeted_questionnaire,train,rvl:questionnaire:234ee35d840c2d3d
data/raw/public_hard_negatives/rvl/questionnaire_d861828d5fee3216.jpg,rvl_targeted_questionnaire,train,rvl:questionnaire:d861828d5fee3216
data/raw/public_hard_negatives/rvl/questionnaire_2ae183987b209f7a.jpg,rvl_targeted_questionnaire,val,rvl:questionnaire:2ae183987b209f7a
data/raw/public_hard_negatives/rvl/questionnaire_ea8bdd9cdb2af9ea.jpg,rvl_targeted_questionnaire,train,rvl:questionnaire:ea8bdd9cdb2af9ea
data/raw/public_hard_negatives/rvl/questionnaire_a2f628bf8f06b587.jpg,rvl_targeted_questionnaire,train,rvl:questionnaire:a2f628bf8f06b587
data/raw/public_hard_negatives/rvl/questionnaire_449ac32cfc085275.jpg,rvl_targeted_questionnaire,val,rvl:questionnaire:449ac32cfc085275
data/raw/public_hard_negatives/rvl/questionnaire_ef39271d2ea23c0a.jpg,rvl_targeted_questionnaire,train,rvl:questionnaire:ef39271d2ea23c0a
data/raw/public_hard_negatives/rvl/questionnaire_6ea56b816f720bf6.jpg,rvl_targeted_questionnaire,train,rvl:questionnaire:6ea56b816f720bf6
data/raw/public_hard_negatives/rvl/questionnaire_164afd4565613908.jpg,rvl_targeted_questionnaire,test,rvl:questionnaire:164afd4565613908
data/raw/public_hard_negatives/rvl/questionnaire_5f2f63a2bdfbb192.jpg,rvl_targeted_questionnaire,test,rvl:questionnaire:5f2f63a2bdfbb192
data/raw/public_hard_negatives/rvl/questionnaire_178e6d27755df600.jpg,rvl_targeted_questionnaire,train,rvl:questionnaire:178e6d27755df600
data/raw/public_hard_negatives/rvl/questionnaire_eab6da7584d7d81b.jpg,rvl_targeted_questionnaire,train,rvl:questionnaire:eab6da7584d7d81b
data/raw/public_hard_negatives/rvl/questionnaire_d29f0d1f01e9aa0b.jpg,rvl_targeted_questionnaire,train,rvl:questionnaire:d29f0d1f01e9aa0b
data/raw/public_hard_negatives/rvl/questionnaire_ad8ef2486c1a0b4c.jpg,rvl_targeted_questionnaire,train,rvl:questionnaire:ad8ef2486c1a0b4c
data/raw/public_hard_negatives/rvl/questionnaire_de9826597b0130e9.jpg,rvl_targeted_questionnaire,train,rvl:questionnaire:de9826597b0130e9
data/raw/public_hard_negatives/rvl/questionnaire_cd8883f3c0f576f4.jpg,rvl_targeted_questionnaire,train,rvl:questionnaire:cd8883f3c0f576f4
data/raw/public_hard_negatives/rvl/questionnaire_0f49f56fde6fd43e.jpg,rvl_targeted_questionnaire,train,rvl:questionnaire:0f49f56fde6fd43e
data/raw/public_hard_negatives/rvl/questionnaire_8a7d6290f01c7591.jpg,rvl_targeted_questionnaire,train,rvl:questionnaire:8a7d6290f01c7591
data/raw/public_hard_negatives/rvl/questionnaire_89ef93fa6d09c69b.jpg,rvl_targeted_questionnaire,val,rvl:questionnaire:89ef93fa6d09c69b
data/raw/public_hard_negatives/rvl/questionnaire_84f4a34f1b9d745b.jpg,rvl_targeted_questionnaire,test,rvl:questionnaire:84f4a34f1b9d745b
data/raw/public_hard_negatives/rvl/questionnaire_0cdeb8f60694605f.jpg,rvl_targeted_questionnaire,train,rvl:questionnaire:0cdeb8f60694605f
data/raw/public_hard_negatives/rvl/questionnaire_04e686b4ab2c5368.jpg,rvl_targeted_questionnaire,val,rvl:questionnaire:04e686b4ab2c5368
data/raw/public_hard_negatives/rvl/questionnaire_afdeac1bf4dfd3e7.jpg,rvl_targeted_questionnaire,train,rvl:questionnaire:afdeac1bf4dfd3e7
data/raw/public_hard_negatives/rvl/questionnaire_3e840b840b57e27e.jpg,rvl_targeted_questionnaire,train,rvl:questionnaire:3e840b840b57e27e
data/raw/public_hard_negatives/rvl/questionnaire_316065076ff4df57.jpg,rvl_targeted_questionnaire,test,rvl:questionnaire:316065076ff4df57
data/raw/public_hard_negatives/rvl/questionnaire_7f6fa688c1b4f7c1.jpg,rvl_targeted_questionnaire,val,rvl:questionnaire:7f6fa688c1b4f7c1
data/raw/public_hard_negatives/rvl/questionnaire_6c115dfc118aa79d.jpg,rvl_targeted_questionnaire,train,rvl:questionnaire:6c115dfc118aa79d
data/raw/public_hard_negatives/rvl/questionnaire_50a6c9de68ee0e13.jpg,rvl_targeted_questionnaire,train,rvl:questionnaire:50a6c9de68ee0e13
data/raw/public_hard_negatives/rvl/resume_6df363b6f560ff1e.jpg,rvl_targeted_resume,val,rvl:resume:6df363b6f560ff1e
data/raw/public_hard_negatives/rvl/resume_2ac0a9aa90933c10.jpg,rvl_targeted_resume,train,rvl:resume:2ac0a9aa90933c10
data/raw/public_hard_negatives/rvl/resume_a309c39d5e25f0c8.jpg,rvl_targeted_resume,train,rvl:resume:a309c39d5e25f0c8
data/raw/public_hard_negatives/rvl/resume_089eb3966950f156.jpg,rvl_targeted_resume,val,rvl:resume:089eb3966950f156
data/raw/public_hard_negatives/rvl/resume_7610ad1c401073cb.jpg,rvl_targeted_resume,train,rvl:resume:7610ad1c401073cb
data/raw/public_hard_negatives/rvl/resume_e82844d7938cb7dc.jpg,rvl_targeted_resume,train,rvl:resume:e82844d7938cb7dc
data/raw/public_hard_negatives/rvl/resume_cb43775464aa7183.jpg,rvl_targeted_resume,train,rvl:resume:cb43775464aa7183
data/raw/public_hard_negatives/rvl/resume_7d7b2bd005fc700a.jpg,rvl_targeted_resume,train,rvl:resume:7d7b2bd005fc700a
data/raw/public_hard_negatives/rvl/resume_fdafd87169702290.jpg,rvl_targeted_resume,train,rvl:resume:fdafd87169702290
data/raw/public_hard_negatives/rvl/resume_ea369745fb5d29e6.jpg,rvl_targeted_resume,val,rvl:resume:ea369745fb5d29e6
data/raw/public_hard_negatives/rvl/resume_6df568d04c21771c.jpg,rvl_targeted_resume,test,rvl:resume:6df568d04c21771c
data/raw/public_hard_negatives/rvl/resume_c2ee13a3e4982547.jpg,rvl_targeted_resume,train,rvl:resume:c2ee13a3e4982547
data/raw/public_hard_negatives/rvl/resume_b83851b020a9e7c7.jpg,rvl_targeted_resume,train,rvl:resume:b83851b020a9e7c7
data/raw/public_hard_negatives/rvl/resume_02f66353389f6ef5.jpg,rvl_targeted_resume,train,rvl:resume:02f66353389f6ef5
data/raw/public_hard_negatives/rvl/resume_5da35dca47ecd84f.jpg,rvl_targeted_resume,train,rvl:resume:5da35dca47ecd84f
data/raw/public_hard_negatives/rvl/resume_f58caf7845f87d48.jpg,rvl_targeted_resume,train,rvl:resume:f58caf7845f87d48
data/raw/public_hard_negatives/rvl/resume_3b2da40e9d8fc8ad.jpg,rvl_targeted_resume,train,rvl:resume:3b2da40e9d8fc8ad
data/raw/public_hard_negatives/rvl/resume_4c36b0c6d845e373.jpg,rvl_targeted_resume,train,rvl:resume:4c36b0c6d845e373
data/raw/public_hard_negatives/rvl/resume_b6c8f63bf59e54d2.jpg,rvl_targeted_resume,train,rvl:resume:b6c8f63bf59e54d2
data/raw/public_hard_negatives/rvl/resume_906d43f691cee003.jpg,rvl_targeted_resume,train,rvl:resume:906d43f691cee003
data/raw/public_hard_negatives/rvl/resume_ed83a03a4f136fb5.jpg,rvl_targeted_resume,train,rvl:resume:ed83a03a4f136fb5
data/raw/public_hard_negatives/rvl/resume_2f128511982d2255.jpg,rvl_targeted_resume,train,rvl:resume:2f128511982d2255
data/raw/public_hard_negatives/rvl/resume_cfef5f570b18c91e.jpg,rvl_targeted_resume,train,rvl:resume:cfef5f570b18c91e
data/raw/public_hard_negatives/rvl/resume_356ad87db169ff10.jpg,rvl_targeted_resume,train,rvl:resume:356ad87db169ff10
data/raw/public_hard_negatives/rvl/resume_aa8d8f59f873db8b.jpg,rvl_targeted_resume,train,rvl:resume:aa8d8f59f873db8b
data/raw/public_hard_negatives/rvl/resume_a9e7c52b2075c956.jpg,rvl_targeted_resume,train,rvl:resume:a9e7c52b2075c956
data/raw/public_hard_negatives/rvl/resume_e253eea99edc5ad2.jpg,rvl_targeted_resume,train,rvl:resume:e253eea99edc5ad2
data/raw/public_hard_negatives/rvl/resume_40136aca1ff52873.jpg,rvl_targeted_resume,train,rvl:resume:40136aca1ff52873
data/raw/public_hard_negatives/rvl/resume_ac91e44a36ab7e19.jpg,rvl_targeted_resume,train,rvl:resume:ac91e44a36ab7e19
data/raw/public_hard_negatives/rvl/resume_f649b17371a3a106.jpg,rvl_targeted_resume,train,rvl:resume:f649b17371a3a106
data/raw/public_hard_negatives/rvl/resume_9e3b30035ae4e068.jpg,rvl_targeted_resume,train,rvl:resume:9e3b30035ae4e068
data/raw/public_hard_negatives/rvl/resume_0248cd3b2bcf2b51.jpg,rvl_targeted_resume,train,rvl:resume:0248cd3b2bcf2b51
data/raw/public_hard_negatives/rvl/resume_3be643075f414983.jpg,rvl_targeted_resume,train,rvl:resume:3be643075f414983
data/raw/public_hard_negatives/rvl/resume_6e6fb8532f112c0c.jpg,rvl_targeted_resume,train,rvl:resume:6e6fb8532f112c0c
data/raw/public_hard_negatives/rvl/resume_6ed7828c26a8df95.jpg,rvl_targeted_resume,val,rvl:resume:6ed7828c26a8df95
data/raw/public_hard_negatives/rvl/resume_3d1a24c5d054d829.jpg,rvl_targeted_resume,train,rvl:resume:3d1a24c5d054d829
data/raw/public_hard_negatives/rvl/resume_3daa3e9e70597f1a.jpg,rvl_targeted_resume,train,rvl:resume:3daa3e9e70597f1a
data/raw/public_hard_negatives/rvl/resume_cbaecdcf0e2f2e63.jpg,rvl_targeted_resume,train,rvl:resume:cbaecdcf0e2f2e63
data/raw/public_hard_negatives/rvl/resume_64a8eff9188af9a4.jpg,rvl_targeted_resume,train,rvl:resume:64a8eff9188af9a4
data/raw/public_hard_negatives/rvl/resume_beb7f299656c73c1.jpg,rvl_targeted_resume,train,rvl:resume:beb7f299656c73c1
data/raw/public_hard_negatives/rvl/resume_f05243716d62309c.jpg,rvl_targeted_resume,val,rvl:resume:f05243716d62309c
data/raw/public_hard_negatives/rvl/resume_8cd691f207421000.jpg,rvl_targeted_resume,train,rvl:resume:8cd691f207421000
data/raw/public_hard_negatives/rvl/resume_89e811e1ccfcc781.jpg,rvl_targeted_resume,train,rvl:resume:89e811e1ccfcc781
data/raw/public_hard_negatives/rvl/resume_a3dec8f4e19a14e8.jpg,rvl_targeted_resume,train,rvl:resume:a3dec8f4e19a14e8
data/raw/public_hard_negatives/rvl/resume_cc8874d5aacd94a0.jpg,rvl_targeted_resume,train,rvl:resume:cc8874d5aacd94a0
data/raw/public_hard_negatives/rvl/resume_85ea8fa23f1811a9.jpg,rvl_targeted_resume,train,rvl:resume:85ea8fa23f1811a9
data/raw/public_hard_negatives/rvl/resume_c8c043df4671e1fe.jpg,rvl_targeted_resume,train,rvl:resume:c8c043df4671e1fe
data/raw/public_hard_negatives/rvl/resume_e715f546f9974892.jpg,rvl_targeted_resume,val,rvl:resume:e715f546f9974892
data/raw/public_hard_negatives/rvl/resume_a82c8c9e347498a3.jpg,rvl_targeted_resume,train,rvl:resume:a82c8c9e347498a3
data/raw/public_hard_negatives/rvl/resume_13a83e14a64ae770.jpg,rvl_targeted_resume,train,rvl:resume:13a83e14a64ae770
data/raw/public_hard_negatives/rvl/resume_b09aa91fdf40bce9.jpg,rvl_targeted_resume,train,rvl:resume:b09aa91fdf40bce9
data/raw/public_hard_negatives/rvl/resume_24298fc279cfbcf1.jpg,rvl_targeted_resume,train,rvl:resume:24298fc279cfbcf1
data/raw/public_hard_negatives/rvl/resume_eb21ef6d25999850.jpg,rvl_targeted_resume,train,rvl:resume:eb21ef6d25999850
data/raw/public_hard_negatives/rvl/resume_abde645cba3321cf.jpg,rvl_targeted_resume,train,rvl:resume:abde645cba3321cf
data/raw/public_hard_negatives/rvl/resume_130d18148998b7a1.jpg,rvl_targeted_resume,train,rvl:resume:130d18148998b7a1
data/raw/public_hard_negatives/rvl/resume_79206a7cb6c2adfc.jpg,rvl_targeted_resume,train,rvl:resume:79206a7cb6c2adfc
data/raw/public_hard_negatives/rvl/resume_9e4cad7e3c9383a9.jpg,rvl_targeted_resume,train,rvl:resume:9e4cad7e3c9383a9
data/raw/public_hard_negatives/rvl/resume_6b1e478eedc3e901.jpg,rvl_targeted_resume,train,rvl:resume:6b1e478eedc3e901
data/raw/public_hard_negatives/rvl/resume_595bdd83acf3aeb0.jpg,rvl_targeted_resume,train,rvl:resume:595bdd83acf3aeb0
data/raw/public_hard_negatives/rvl/resume_237c101cf78201c4.jpg,rvl_targeted_resume,train,rvl:resume:237c101cf78201c4
data/raw/public_hard_negatives/rvl/resume_d2e25f916158c51f.jpg,rvl_targeted_resume,val,rvl:resume:d2e25f916158c51f
data/raw/public_hard_negatives/rvl/resume_ab863079d550a63b.jpg,rvl_targeted_resume,train,rvl:resume:ab863079d550a63b
data/raw/public_hard_negatives/rvl/resume_304e0c60ca27555b.jpg,rvl_targeted_resume,train,rvl:resume:304e0c60ca27555b
data/raw/public_hard_negatives/rvl/resume_32049083c9478b5a.jpg,rvl_targeted_resume,train,rvl:resume:32049083c9478b5a
data/raw/public_hard_negatives/rvl/resume_d0cee484aa920314.jpg,rvl_targeted_resume,train,rvl:resume:d0cee484aa920314
data/raw/public_hard_negatives/rvl/resume_94da1684df1504e0.jpg,rvl_targeted_resume,train,rvl:resume:94da1684df1504e0
data/raw/public_hard_negatives/rvl/resume_26525b2ab6da0896.jpg,rvl_targeted_resume,train,rvl:resume:26525b2ab6da0896
data/raw/public_hard_negatives/rvl/resume_6c71ad4f07ef967e.jpg,rvl_targeted_resume,train,rvl:resume:6c71ad4f07ef967e
data/raw/public_hard_negatives/rvl/resume_04961100816313c4.jpg,rvl_targeted_resume,val,rvl:resume:04961100816313c4
data/raw/public_hard_negatives/rvl/resume_bc144a7549b5426a.jpg,rvl_targeted_resume,train,rvl:resume:bc144a7549b5426a
data/raw/public_hard_negatives/rvl/resume_7355c4d1878d5352.jpg,rvl_targeted_resume,val,rvl:resume:7355c4d1878d5352
data/raw/public_hard_negatives/rvl/resume_48c9e210c8d14e1d.jpg,rvl_targeted_resume,train,rvl:resume:48c9e210c8d14e1d
data/raw/public_hard_negatives/rvl/resume_bedfb00612a6f0e3.jpg,rvl_targeted_resume,train,rvl:resume:bedfb00612a6f0e3
data/raw/public_hard_negatives/rvl/resume_d7dfd894b5c84ada.jpg,rvl_targeted_resume,test,rvl:resume:d7dfd894b5c84ada
data/raw/public_hard_negatives/rvl/resume_b89fbbfc288a826c.jpg,rvl_targeted_resume,train,rvl:resume:b89fbbfc288a826c
data/raw/public_hard_negatives/rvl/resume_ec56f42f2d318754.jpg,rvl_targeted_resume,train,rvl:resume:ec56f42f2d318754
data/raw/public_hard_negatives/rvl/resume_fd45a020f4376460.jpg,rvl_targeted_resume,train,rvl:resume:fd45a020f4376460
data/raw/public_hard_negatives/rvl/resume_41c7ebf9aa114c9b.jpg,rvl_targeted_resume,train,rvl:resume:41c7ebf9aa114c9b
data/raw/public_hard_negatives/rvl/resume_54a7a8575f159968.jpg,rvl_targeted_resume,val,rvl:resume:54a7a8575f159968
data/raw/public_hard_negatives/rvl/resume_9545a9962cce05af.jpg,rvl_targeted_resume,val,rvl:resume:9545a9962cce05af
data/raw/public_hard_negatives/rvl/resume_4c6b1565e1dfabbb.jpg,rvl_targeted_resume,train,rvl:resume:4c6b1565e1dfabbb
data/raw/public_hard_negatives/rvl/resume_06b7fefa95fc3215.jpg,rvl_targeted_resume,train,rvl:resume:06b7fefa95fc3215
data/raw/public_hard_negatives/rvl/resume_94a054c81ff37834.jpg,rvl_targeted_resume,train,rvl:resume:94a054c81ff37834
data/raw/public_hard_negatives/rvl/resume_a77911a99f9c56c4.jpg,rvl_targeted_resume,val,rvl:resume:a77911a99f9c56c4
data/raw/public_hard_negatives/rvl/resume_055899026d127691.jpg,rvl_targeted_resume,train,rvl:resume:055899026d127691
data/raw/public_hard_negatives/rvl/resume_9a642e12a5074121.jpg,rvl_targeted_resume,train,rvl:resume:9a642e12a5074121
data/raw/public_hard_negatives/rvl/resume_cac45b638def2276.jpg,rvl_targeted_resume,val,rvl:resume:cac45b638def2276
data/raw/public_hard_negatives/rvl/resume_a4470d71a631dc25.jpg,rvl_targeted_resume,train,rvl:resume:a4470d71a631dc25
data/raw/public_hard_negatives/rvl/resume_5229ee190ee17e80.jpg,rvl_targeted_resume,train,rvl:resume:5229ee190ee17e80
data/raw/public_hard_negatives/rvl/resume_2943c774feb62635.jpg,rvl_targeted_resume,train,rvl:resume:2943c774feb62635
data/raw/public_hard_negatives/rvl/resume_c637a873757327e9.jpg,rvl_targeted_resume,train,rvl:resume:c637a873757327e9
data/raw/public_hard_negatives/rvl/resume_92195cc04d53d1b0.jpg,rvl_targeted_resume,train,rvl:resume:92195cc04d53d1b0
data/raw/public_hard_negatives/rvl/resume_6d794837b26085aa.jpg,rvl_targeted_resume,test,rvl:resume:6d794837b26085aa
data/raw/public_hard_negatives/rvl/resume_8518a0caf170d5e5.jpg,rvl_targeted_resume,val,rvl:resume:8518a0caf170d5e5
data/raw/public_hard_negatives/rvl/resume_3186155293e4fe0a.jpg,rvl_targeted_resume,val,rvl:resume:3186155293e4fe0a
data/raw/public_hard_negatives/rvl/resume_25bd11d3ce36ef39.jpg,rvl_targeted_resume,train,rvl:resume:25bd11d3ce36ef39
data/raw/public_hard_negatives/rvl/resume_cfe78fb3c6b5c10a.jpg,rvl_targeted_resume,train,rvl:resume:cfe78fb3c6b5c10a
data/raw/public_hard_negatives/rvl/resume_2d559c9e932e3ee2.jpg,rvl_targeted_resume,train,rvl:resume:2d559c9e932e3ee2
data/raw/public_hard_negatives/rvl/resume_83a51b3a216d2552.jpg,rvl_targeted_resume,train,rvl:resume:83a51b3a216d2552
data/raw/public_hard_negatives/rvl/resume_8d22ff2ef43b582d.jpg,rvl_targeted_resume,train,rvl:resume:8d22ff2ef43b582d
data/raw/public_hard_negatives/rvl/resume_4791f526d67c470b.jpg,rvl_targeted_resume,train,rvl:resume:4791f526d67c470b
data/raw/public_hard_negatives/rvl/resume_403a564e7ca7b8a4.jpg,rvl_targeted_resume,train,rvl:resume:403a564e7ca7b8a4
data/raw/public_hard_negatives/rvl/resume_bdfe40eefd337f19.jpg,rvl_targeted_resume,train,rvl:resume:bdfe40eefd337f19
data/raw/public_hard_negatives/rvl/resume_06406b84a8f2b9a6.jpg,rvl_targeted_resume,train,rvl:resume:06406b84a8f2b9a6
data/raw/public_hard_negatives/rvl/resume_b6e91a13a3b4c5c6.jpg,rvl_targeted_resume,train,rvl:resume:b6e91a13a3b4c5c6
data/raw/public_hard_negatives/rvl/resume_ef8a78c645a76706.jpg,rvl_targeted_resume,train,rvl:resume:ef8a78c645a76706
data/raw/public_hard_negatives/rvl/resume_01d3a60bbe8e2865.jpg,rvl_targeted_resume,train,rvl:resume:01d3a60bbe8e2865
data/raw/public_hard_negatives/rvl/resume_e52f30c8659cbf9b.jpg,rvl_targeted_resume,train,rvl:resume:e52f30c8659cbf9b
data/raw/public_hard_negatives/rvl/resume_3198fe01b13df5cc.jpg,rvl_targeted_resume,train,rvl:resume:3198fe01b13df5cc
data/raw/public_hard_negatives/rvl/resume_5e0eb9d4fc5eed62.jpg,rvl_targeted_resume,train,rvl:resume:5e0eb9d4fc5eed62
data/raw/public_hard_negatives/rvl/resume_7ee0b5c35d8cb697.jpg,rvl_targeted_resume,test,rvl:resume:7ee0b5c35d8cb697
data/raw/public_hard_negatives/rvl/resume_746b060d762504f3.jpg,rvl_targeted_resume,train,rvl:resume:746b060d762504f3
data/raw/public_hard_negatives/rvl/resume_e1cbc9531b101e96.jpg,rvl_targeted_resume,train,rvl:resume:e1cbc9531b101e96
data/raw/public_hard_negatives/rvl/resume_ee531b55fe2f9c15.jpg,rvl_targeted_resume,train,rvl:resume:ee531b55fe2f9c15
data/raw/public_hard_negatives/rvl/resume_b407b0ada12d8a77.jpg,rvl_targeted_resume,train,rvl:resume:b407b0ada12d8a77
data/raw/public_hard_negatives/rvl/resume_d8e803923ee240af.jpg,rvl_targeted_resume,train,rvl:resume:d8e803923ee240af
data/raw/public_hard_negatives/rvl/resume_8bf736e62b7abe2f.jpg,rvl_targeted_resume,train,rvl:resume:8bf736e62b7abe2f
data/raw/public_hard_negatives/rvl/resume_4bf3dbdb1fbe0cee.jpg,rvl_targeted_resume,train,rvl:resume:4bf3dbdb1fbe0cee
data/raw/public_hard_negatives/rvl/resume_8687f7c938fecaa7.jpg,rvl_targeted_resume,train,rvl:resume:8687f7c938fecaa7
data/raw/public_hard_negatives/rvl/resume_672d56134ee6f0c4.jpg,rvl_targeted_resume,train,rvl:resume:672d56134ee6f0c4
data/raw/public_hard_negatives/rvl/resume_073aa93d14e79d3c.jpg,rvl_targeted_resume,test,rvl:resume:073aa93d14e79d3c
data/raw/public_hard_negatives/rvl/resume_5cb6234a43df8cab.jpg,rvl_targeted_resume,train,rvl:resume:5cb6234a43df8cab
data/raw/public_hard_negatives/rvl/resume_96ec8d98c40f05d4.jpg,rvl_targeted_resume,train,rvl:resume:96ec8d98c40f05d4
data/raw/public_hard_negatives/rvl/resume_af519418bc5cfd5d.jpg,rvl_targeted_resume,test,rvl:resume:af519418bc5cfd5d
data/raw/public_hard_negatives/rvl/resume_7bd8c47689c71396.jpg,rvl_targeted_resume,train,rvl:resume:7bd8c47689c71396
data/raw/public_hard_negatives/rvl/resume_86d13ba7b85d9af7.jpg,rvl_targeted_resume,val,rvl:resume:86d13ba7b85d9af7
data/raw/public_hard_negatives/rvl/resume_460b16f5124da2f1.jpg,rvl_targeted_resume,test,rvl:resume:460b16f5124da2f1
data/raw/public_hard_negatives/rvl/resume_ae7c06cb7c700f65.jpg,rvl_targeted_resume,train,rvl:resume:ae7c06cb7c700f65
data/raw/public_hard_negatives/rvl/resume_7075d9287026ed71.jpg,rvl_targeted_resume,val,rvl:resume:7075d9287026ed71
data/raw/public_hard_negatives/rvl/resume_ed08f45d52d470c4.jpg,rvl_targeted_resume,train,rvl:resume:ed08f45d52d470c4
data/raw/public_hard_negatives/rvl/resume_1fd273db51e72525.jpg,rvl_targeted_resume,train,rvl:resume:1fd273db51e72525
data/raw/public_hard_negatives/rvl/resume_b32a8f03476f3e12.jpg,rvl_targeted_resume,train,rvl:resume:b32a8f03476f3e12
data/raw/public_hard_negatives/rvl/resume_cb8051a62e748ab8.jpg,rvl_targeted_resume,train,rvl:resume:cb8051a62e748ab8
data/raw/public_hard_negatives/rvl/resume_9cf09a93175db9ad.jpg,rvl_targeted_resume,train,rvl:resume:9cf09a93175db9ad
data/raw/public_hard_negatives/rvl/resume_8fa48abe865fb139.jpg,rvl_targeted_resume,train,rvl:resume:8fa48abe865fb139
data/raw/public_hard_negatives/rvl/resume_42d130c48102a6f5.jpg,rvl_targeted_resume,train,rvl:resume:42d130c48102a6f5
data/raw/public_hard_negatives/rvl/resume_6f39129fb4094e80.jpg,rvl_targeted_resume,train,rvl:resume:6f39129fb4094e80
data/raw/public_hard_negatives/rvl/resume_d1e8add6ac209c55.jpg,rvl_targeted_resume,train,rvl:resume:d1e8add6ac209c55
data/raw/public_hard_negatives/rvl/resume_b1f9e276c4e6dfd5.jpg,rvl_targeted_resume,test,rvl:resume:b1f9e276c4e6dfd5
data/raw/public_hard_negatives/rvl/resume_aac69edb54bb01b4.jpg,rvl_targeted_resume,train,rvl:resume:aac69edb54bb01b4
data/raw/public_hard_negatives/rvl/resume_257cba9bc22d9c3a.jpg,rvl_targeted_resume,train,rvl:resume:257cba9bc22d9c3a
data/raw/public_hard_negatives/rvl/resume_5368152efe783d85.jpg,rvl_targeted_resume,train,rvl:resume:5368152efe783d85
data/raw/public_hard_negatives/rvl/resume_e39f6f11ee269151.jpg,rvl_targeted_resume,train,rvl:resume:e39f6f11ee269151
data/raw/public_hard_negatives/rvl/resume_ca947212972f5b97.jpg,rvl_targeted_resume,train,rvl:resume:ca947212972f5b97
data/raw/public_hard_negatives/rvl/resume_ea4f2d6796374fa7.jpg,rvl_targeted_resume,val,rvl:resume:ea4f2d6796374fa7
data/raw/public_hard_negatives/rvl/resume_7489bb36cd29dd5f.jpg,rvl_targeted_resume,val,rvl:resume:7489bb36cd29dd5f
data/raw/public_hard_negatives/rvl/resume_927b04ca82114b8a.jpg,rvl_targeted_resume,train,rvl:resume:927b04ca82114b8a
data/raw/public_hard_negatives/rvl/resume_a721112cba5faf5f.jpg,rvl_targeted_resume,train,rvl:resume:a721112cba5faf5f
data/raw/public_hard_negatives/rvl/resume_5ac63081eb0f077c.jpg,rvl_targeted_resume,train,rvl:resume:5ac63081eb0f077c
data/raw/public_hard_negatives/rvl/resume_5d683b6e0bc68491.jpg,rvl_targeted_resume,train,rvl:resume:5d683b6e0bc68491
data/raw/public_hard_negatives/rvl/memo_bcdfe178dec9fe0a.jpg,rvl_targeted_memo,train,rvl:memo:bcdfe178dec9fe0a
data/raw/public_hard_negatives/rvl/memo_0657f5af0520d552.jpg,rvl_targeted_memo,train,rvl:memo:0657f5af0520d552
data/raw/public_hard_negatives/rvl/memo_bf98d60c075dc032.jpg,rvl_targeted_memo,train,rvl:memo:bf98d60c075dc032
data/raw/public_hard_negatives/rvl/memo_cbd35ac0864d4677.jpg,rvl_targeted_memo,train,rvl:memo:cbd35ac0864d4677
data/raw/public_hard_negatives/rvl/memo_4f3234a49ca54eb6.jpg,rvl_targeted_memo,train,rvl:memo:4f3234a49ca54eb6
data/raw/public_hard_negatives/rvl/memo_502c147465719a2d.jpg,rvl_targeted_memo,train,rvl:memo:502c147465719a2d
data/raw/public_hard_negatives/rvl/memo_a711d31fad0358ae.jpg,rvl_targeted_memo,train,rvl:memo:a711d31fad0358ae
data/raw/public_hard_negatives/rvl/memo_56b99177ffe5007b.jpg,rvl_targeted_memo,train,rvl:memo:56b99177ffe5007b
data/raw/public_hard_negatives/rvl/memo_b4b873685a3a03d3.jpg,rvl_targeted_memo,val,rvl:memo:b4b873685a3a03d3
data/raw/public_hard_negatives/rvl/memo_2ee65f8640eb4cf3.jpg,rvl_targeted_memo,train,rvl:memo:2ee65f8640eb4cf3
data/raw/public_hard_negatives/rvl/memo_f521ef6a853e6857.jpg,rvl_targeted_memo,train,rvl:memo:f521ef6a853e6857
data/raw/public_hard_negatives/rvl/memo_2abccc33ba781c1d.jpg,rvl_targeted_memo,train,rvl:memo:2abccc33ba781c1d
data/raw/public_hard_negatives/rvl/memo_550a83da51a9b918.jpg,rvl_targeted_memo,train,rvl:memo:550a83da51a9b918
data/raw/public_hard_negatives/rvl/memo_b83186d2c85dca0c.jpg,rvl_targeted_memo,train,rvl:memo:b83186d2c85dca0c
data/raw/public_hard_negatives/rvl/memo_6a1ef4241403bc3e.jpg,rvl_targeted_memo,train,rvl:memo:6a1ef4241403bc3e
data/raw/public_hard_negatives/rvl/memo_f744a9673985ee4c.jpg,rvl_targeted_memo,train,rvl:memo:f744a9673985ee4c
data/raw/public_hard_negatives/rvl/memo_9b5a45638b0f3332.jpg,rvl_targeted_memo,train,rvl:memo:9b5a45638b0f3332
data/raw/public_hard_negatives/rvl/memo_547100f30f511735.jpg,rvl_targeted_memo,val,rvl:memo:547100f30f511735
data/raw/public_hard_negatives/rvl/memo_df34b39803025678.jpg,rvl_targeted_memo,test,rvl:memo:df34b39803025678
data/raw/public_hard_negatives/rvl/memo_08e661e1f8fff385.jpg,rvl_targeted_memo,test,rvl:memo:08e661e1f8fff385
data/raw/public_hard_negatives/rvl/memo_4b2a8696faf492be.jpg,rvl_targeted_memo,train,rvl:memo:4b2a8696faf492be
data/raw/public_hard_negatives/rvl/memo_94b16892edcef94b.jpg,rvl_targeted_memo,train,rvl:memo:94b16892edcef94b
data/raw/public_hard_negatives/rvl/memo_6866b6f981d36c0b.jpg,rvl_targeted_memo,train,rvl:memo:6866b6f981d36c0b
data/raw/public_hard_negatives/rvl/memo_583e448d0534659c.jpg,rvl_targeted_memo,train,rvl:memo:583e448d0534659c
data/raw/public_hard_negatives/rvl/memo_7b98112abc559c0c.jpg,rvl_targeted_memo,train,rvl:memo:7b98112abc559c0c
data/raw/public_hard_negatives/rvl/memo_e9d69be4539f89e1.jpg,rvl_targeted_memo,test,rvl:memo:e9d69be4539f89e1
data/raw/public_hard_negatives/rvl/memo_19ce4beb5f85d309.jpg,rvl_targeted_memo,train,rvl:memo:19ce4beb5f85d309
data/raw/public_hard_negatives/rvl/memo_0937de7f7b0122f7.jpg,rvl_targeted_memo,train,rvl:memo:0937de7f7b0122f7
data/raw/public_hard_negatives/rvl/memo_9a15110e03673037.jpg,rvl_targeted_memo,test,rvl:memo:9a15110e03673037
data/raw/public_hard_negatives/rvl/memo_bf37347ae11a1ab7.jpg,rvl_targeted_memo,val,rvl:memo:bf37347ae11a1ab7
data/raw/public_hard_negatives/rvl/memo_c42e0b817b16636d.jpg,rvl_targeted_memo,val,rvl:memo:c42e0b817b16636d
data/raw/public_hard_negatives/rvl/memo_1bb6ba8b01687e8b.jpg,rvl_targeted_memo,train,rvl:memo:1bb6ba8b01687e8b
data/raw/public_hard_negatives/rvl/memo_0442c80041838c24.jpg,rvl_targeted_memo,train,rvl:memo:0442c80041838c24
data/raw/public_hard_negatives/rvl/memo_e02bd8a21cb23e5b.jpg,rvl_targeted_memo,val,rvl:memo:e02bd8a21cb23e5b
data/raw/public_hard_negatives/rvl/memo_e9e60d6c144dcc0c.jpg,rvl_targeted_memo,train,rvl:memo:e9e60d6c144dcc0c
data/raw/public_hard_negatives/rvl/memo_b76a821c093eda8e.jpg,rvl_targeted_memo,train,rvl:memo:b76a821c093eda8e
data/raw/public_hard_negatives/rvl/memo_e8c03a6dc04aef09.jpg,rvl_targeted_memo,train,rvl:memo:e8c03a6dc04aef09
data/raw/public_hard_negatives/rvl/memo_c03c88c7d52f510f.jpg,rvl_targeted_memo,train,rvl:memo:c03c88c7d52f510f
data/raw/public_hard_negatives/rvl/memo_1371edd624006c81.jpg,rvl_targeted_memo,train,rvl:memo:1371edd624006c81
data/raw/public_hard_negatives/rvl/memo_f6cc5471993017e8.jpg,rvl_targeted_memo,train,rvl:memo:f6cc5471993017e8
data/raw/public_hard_negatives/rvl/memo_d26879d51646a983.jpg,rvl_targeted_memo,test,rvl:memo:d26879d51646a983
data/raw/public_hard_negatives/rvl/memo_7ebde071508dde42.jpg,rvl_targeted_memo,train,rvl:memo:7ebde071508dde42
data/raw/public_hard_negatives/rvl/memo_6876de5d94dfa58b.jpg,rvl_targeted_memo,val,rvl:memo:6876de5d94dfa58b
data/raw/public_hard_negatives/rvl/memo_ae46feaa48c5116a.jpg,rvl_targeted_memo,train,rvl:memo:ae46feaa48c5116a
data/raw/public_hard_negatives/rvl/memo_d8bf8ef1fb772e89.jpg,rvl_targeted_memo,val,rvl:memo:d8bf8ef1fb772e89
data/raw/public_hard_negatives/rvl/memo_841779f7124dbf97.jpg,rvl_targeted_memo,train,rvl:memo:841779f7124dbf97
data/raw/public_hard_negatives/rvl/memo_46e405ce4205bfee.jpg,rvl_targeted_memo,train,rvl:memo:46e405ce4205bfee
data/raw/public_hard_negatives/rvl/memo_a4c482fadb0e36db.jpg,rvl_targeted_memo,val,rvl:memo:a4c482fadb0e36db
data/raw/public_hard_negatives/rvl/memo_670a1835903183d6.jpg,rvl_targeted_memo,val,rvl:memo:670a1835903183d6
data/raw/public_hard_negatives/rvl/memo_1aecc46f7deaf78c.jpg,rvl_targeted_memo,train,rvl:memo:1aecc46f7deaf78c
data/raw/public_hard_negatives/rvl/memo_0fd1032fd37005b6.jpg,rvl_targeted_memo,train,rvl:memo:0fd1032fd37005b6
data/raw/public_hard_negatives/rvl/memo_03b5d4cc89f2c93f.jpg,rvl_targeted_memo,train,rvl:memo:03b5d4cc89f2c93f
data/raw/public_hard_negatives/rvl/memo_9ebaad11174b8778.jpg,rvl_targeted_memo,train,rvl:memo:9ebaad11174b8778
data/raw/public_hard_negatives/rvl/memo_1922a5ce6b3bafcf.jpg,rvl_targeted_memo,train,rvl:memo:1922a5ce6b3bafcf
data/raw/public_hard_negatives/rvl/memo_8e896db879f5a260.jpg,rvl_targeted_memo,train,rvl:memo:8e896db879f5a260
data/raw/public_hard_negatives/rvl/memo_7855c1ecff6fd94e.jpg,rvl_targeted_memo,train,rvl:memo:7855c1ecff6fd94e
data/raw/public_hard_negatives/rvl/memo_c98a4bc056542343.jpg,rvl_targeted_memo,train,rvl:memo:c98a4bc056542343
data/raw/public_hard_negatives/rvl/memo_0d9245930e7ac629.jpg,rvl_targeted_memo,train,rvl:memo:0d9245930e7ac629
data/raw/public_hard_negatives/rvl/memo_8496bebe1f63473d.jpg,rvl_targeted_memo,train,rvl:memo:8496bebe1f63473d
data/raw/public_hard_negatives/rvl/memo_7a1107cf0cd96bb3.jpg,rvl_targeted_memo,val,rvl:memo:7a1107cf0cd96bb3
data/raw/public_hard_negatives/rvl/memo_826b081da09d6efe.jpg,rvl_targeted_memo,test,rvl:memo:826b081da09d6efe
data/raw/public_hard_negatives/rvl/memo_c8848655e429d501.jpg,rvl_targeted_memo,test,rvl:memo:c8848655e429d501
data/raw/public_hard_negatives/rvl/memo_6a0406185ad1e9ed.jpg,rvl_targeted_memo,test,rvl:memo:6a0406185ad1e9ed
data/raw/public_hard_negatives/rvl/memo_0d15bcd0b370855a.jpg,rvl_targeted_memo,train,rvl:memo:0d15bcd0b370855a
data/raw/public_hard_negatives/rvl/memo_32c7ec55349a28a5.jpg,rvl_targeted_memo,train,rvl:memo:32c7ec55349a28a5
data/raw/public_hard_negatives/rvl/memo_41226465a95fdf3a.jpg,rvl_targeted_memo,train,rvl:memo:41226465a95fdf3a
data/raw/public_hard_negatives/rvl/memo_c86436af587abf18.jpg,rvl_targeted_memo,train,rvl:memo:c86436af587abf18
data/raw/public_hard_negatives/rvl/memo_449bd70ac8270e8d.jpg,rvl_targeted_memo,train,rvl:memo:449bd70ac8270e8d
data/raw/public_hard_negatives/rvl/memo_6e633113d55bf957.jpg,rvl_targeted_memo,train,rvl:memo:6e633113d55bf957
data/raw/public_hard_negatives/rvl/memo_fa27290717a8042b.jpg,rvl_targeted_memo,test,rvl:memo:fa27290717a8042b
data/raw/public_hard_negatives/rvl/memo_0ad241871f17ade2.jpg,rvl_targeted_memo,train,rvl:memo:0ad241871f17ade2
data/raw/public_hard_negatives/rvl/memo_1a55095886668501.jpg,rvl_targeted_memo,train,rvl:memo:1a55095886668501
data/raw/public_hard_negatives/rvl/memo_fed5cd37f91513ca.jpg,rvl_targeted_memo,val,rvl:memo:fed5cd37f91513ca
data/raw/public_hard_negatives/rvl/memo_bc6983e60518faf3.jpg,rvl_targeted_memo,train,rvl:memo:bc6983e60518faf3
data/raw/public_hard_negatives/rvl/memo_32ec783112ebba25.jpg,rvl_targeted_memo,train,rvl:memo:32ec783112ebba25
data/raw/public_hard_negatives/rvl/memo_abf87398a33f08ab.jpg,rvl_targeted_memo,train,rvl:memo:abf87398a33f08ab
data/raw/public_hard_negatives/rvl/memo_2cbbfc78a5bfcc33.jpg,rvl_targeted_memo,train,rvl:memo:2cbbfc78a5bfcc33
data/raw/public_hard_negatives/rvl/memo_033a57040fbef977.jpg,rvl_targeted_memo,train,rvl:memo:033a57040fbef977
data/raw/public_hard_negatives/rvl/memo_a3d227e2c7b695dc.jpg,rvl_targeted_memo,train,rvl:memo:a3d227e2c7b695dc
data/raw/public_hard_negatives/rvl/memo_91bd96039baf2b67.jpg,rvl_targeted_memo,test,rvl:memo:91bd96039baf2b67
data/raw/public_hard_negatives/rvl/memo_f293451e7fdaf371.jpg,rvl_targeted_memo,train,rvl:memo:f293451e7fdaf371
data/raw/public_hard_negatives/rvl/memo_7dcd935da68acaa7.jpg,rvl_targeted_memo,test,rvl:memo:7dcd935da68acaa7
data/raw/public_hard_negatives/rvl/memo_a00d71a65311998e.jpg,rvl_targeted_memo,val,rvl:memo:a00d71a65311998e
data/raw/public_hard_negatives/rvl/memo_a529e71e035a3fd2.jpg,rvl_targeted_memo,train,rvl:memo:a529e71e035a3fd2
data/raw/public_hard_negatives/rvl/memo_d40d133c3585070d.jpg,rvl_targeted_memo,train,rvl:memo:d40d133c3585070d
data/raw/public_hard_negatives/rvl/memo_0888ac012ffdc89f.jpg,rvl_targeted_memo,val,rvl:memo:0888ac012ffdc89f
data/raw/public_hard_negatives/rvl/memo_96859742e23dfa66.jpg,rvl_targeted_memo,train,rvl:memo:96859742e23dfa66
data/raw/public_hard_negatives/rvl/memo_f341123ffeb0bd6b.jpg,rvl_targeted_memo,test,rvl:memo:f341123ffeb0bd6b
data/raw/public_hard_negatives/rvl/memo_7d5b865052be5d7c.jpg,rvl_targeted_memo,train,rvl:memo:7d5b865052be5d7c
data/raw/public_hard_negatives/rvl/memo_e46b5f0614b7967b.jpg,rvl_targeted_memo,train,rvl:memo:e46b5f0614b7967b
data/raw/public_hard_negatives/rvl/memo_45dc49e93c41660a.jpg,rvl_targeted_memo,train,rvl:memo:45dc49e93c41660a
data/raw/public_hard_negatives/rvl/memo_424df8cba8eb3699.jpg,rvl_targeted_memo,train,rvl:memo:424df8cba8eb3699
data/raw/public_hard_negatives/rvl/memo_1541558d5dedef6f.jpg,rvl_targeted_memo,train,rvl:memo:1541558d5dedef6f
data/raw/public_hard_negatives/rvl/memo_abf82da636f24856.jpg,rvl_targeted_memo,val,rvl:memo:abf82da636f24856
data/raw/public_hard_negatives/rvl/memo_a36d63e027589804.jpg,rvl_targeted_memo,val,rvl:memo:a36d63e027589804
data/raw/public_hard_negatives/rvl/memo_e4f48466cf0e00b0.jpg,rvl_targeted_memo,train,rvl:memo:e4f48466cf0e00b0
data/raw/public_hard_negatives/rvl/memo_d9cc9b7c8cb274a1.jpg,rvl_targeted_memo,train,rvl:memo:d9cc9b7c8cb274a1
data/raw/public_hard_negatives/rvl/memo_5c429c17f1839c94.jpg,rvl_targeted_memo,train,rvl:memo:5c429c17f1839c94
data/raw/public_hard_negatives/rvl/memo_fafbac74dea239c9.jpg,rvl_targeted_memo,train,rvl:memo:fafbac74dea239c9
data/raw/public_hard_negatives/rvl/memo_1bb881136a06a4f0.jpg,rvl_targeted_memo,train,rvl:memo:1bb881136a06a4f0
data/raw/public_hard_negatives/rvl/memo_1e25ce12fc5a882d.jpg,rvl_targeted_memo,train,rvl:memo:1e25ce12fc5a882d
data/raw/public_hard_negatives/rvl/memo_3c8eed667dbe8124.jpg,rvl_targeted_memo,train,rvl:memo:3c8eed667dbe8124
data/raw/public_hard_negatives/rvl/memo_81e8ecae78aca683.jpg,rvl_targeted_memo,val,rvl:memo:81e8ecae78aca683
data/raw/public_hard_negatives/rvl/memo_ad8764652747c779.jpg,rvl_targeted_memo,val,rvl:memo:ad8764652747c779
data/raw/public_hard_negatives/rvl/memo_0e16a0b0a4f2a801.jpg,rvl_targeted_memo,train,rvl:memo:0e16a0b0a4f2a801
data/raw/public_hard_negatives/rvl/memo_1dbd5a9331dc6669.jpg,rvl_targeted_memo,train,rvl:memo:1dbd5a9331dc6669
data/raw/public_hard_negatives/rvl/memo_96837d5005b098ad.jpg,rvl_targeted_memo,train,rvl:memo:96837d5005b098ad
data/raw/public_hard_negatives/rvl/memo_91b5e4b14bf5fe54.jpg,rvl_targeted_memo,train,rvl:memo:91b5e4b14bf5fe54
data/raw/public_hard_negatives/rvl/memo_6fcbb45afb2d0cdf.jpg,rvl_targeted_memo,train,rvl:memo:6fcbb45afb2d0cdf
data/raw/public_hard_negatives/rvl/memo_51ebb77713562b9e.jpg,rvl_targeted_memo,train,rvl:memo:51ebb77713562b9e
data/raw/public_hard_negatives/rvl/memo_4f81d352f5a34f62.jpg,rvl_targeted_memo,train,rvl:memo:4f81d352f5a34f62
data/raw/public_hard_negatives/rvl/memo_9e9b51aac616f63c.jpg,rvl_targeted_memo,train,rvl:memo:9e9b51aac616f63c
data/raw/public_hard_negatives/rvl/memo_d71ca5ccd6b70155.jpg,rvl_targeted_memo,train,rvl:memo:d71ca5ccd6b70155
data/raw/public_hard_negatives/rvl/memo_ebeda1a702fcc850.jpg,rvl_targeted_memo,train,rvl:memo:ebeda1a702fcc850
data/raw/public_hard_negatives/rvl/memo_21d2bac275e48250.jpg,rvl_targeted_memo,train,rvl:memo:21d2bac275e48250
data/raw/public_hard_negatives/rvl/memo_b513a9d980298375.jpg,rvl_targeted_memo,val,rvl:memo:b513a9d980298375
data/raw/public_hard_negatives/rvl/memo_bfaab92f057e8985.jpg,rvl_targeted_memo,train,rvl:memo:bfaab92f057e8985
data/raw/public_hard_negatives/rvl/memo_679a65d232a35f0a.jpg,rvl_targeted_memo,train,rvl:memo:679a65d232a35f0a
data/raw/public_hard_negatives/rvl/memo_4401aac655420154.jpg,rvl_targeted_memo,val,rvl:memo:4401aac655420154
data/raw/public_hard_negatives/rvl/memo_51f5c52c66db2d71.jpg,rvl_targeted_memo,train,rvl:memo:51f5c52c66db2d71
data/raw/public_hard_negatives/rvl/memo_54f8d5e17483f44e.jpg,rvl_targeted_memo,train,rvl:memo:54f8d5e17483f44e
data/raw/public_hard_negatives/rvl/memo_8b5a05a3f91cd6b9.jpg,rvl_targeted_memo,train,rvl:memo:8b5a05a3f91cd6b9
data/raw/public_hard_negatives/rvl/memo_b5d6b20c305560fd.jpg,rvl_targeted_memo,train,rvl:memo:b5d6b20c305560fd
data/raw/public_hard_negatives/rvl/memo_7a55f1d38b3a84d9.jpg,rvl_targeted_memo,train,rvl:memo:7a55f1d38b3a84d9
data/raw/public_hard_negatives/rvl/memo_e22b6309c6e18664.jpg,rvl_targeted_memo,train,rvl:memo:e22b6309c6e18664
data/raw/public_hard_negatives/rvl/memo_c83c94f2c88c97cb.jpg,rvl_targeted_memo,train,rvl:memo:c83c94f2c88c97cb
data/raw/public_hard_negatives/rvl/memo_c3f8568990b5103d.jpg,rvl_targeted_memo,train,rvl:memo:c3f8568990b5103d
data/raw/public_hard_negatives/rvl/memo_231e4e622655f0d7.jpg,rvl_targeted_memo,train,rvl:memo:231e4e622655f0d7
data/raw/public_hard_negatives/rvl/memo_f968cf10b68c5310.jpg,rvl_targeted_memo,train,rvl:memo:f968cf10b68c5310
data/raw/public_hard_negatives/rvl/memo_302cf208ec5afa6f.jpg,rvl_targeted_memo,train,rvl:memo:302cf208ec5afa6f
data/raw/public_hard_negatives/rvl/memo_eab2fb179125665e.jpg,rvl_targeted_memo,train,rvl:memo:eab2fb179125665e
data/raw/public_hard_negatives/rvl/memo_1f3f4b28917b80c7.jpg,rvl_targeted_memo,train,rvl:memo:1f3f4b28917b80c7
data/raw/public_hard_negatives/rvl/memo_a14ff5b29ae7f76c.jpg,rvl_targeted_memo,train,rvl:memo:a14ff5b29ae7f76c
data/raw/public_hard_negatives/rvl/memo_521384e5b032d174.jpg,rvl_targeted_memo,train,rvl:memo:521384e5b032d174
data/raw/public_hard_negatives/rvl/memo_e0f11ed54cfea44e.jpg,rvl_targeted_memo,train,rvl:memo:e0f11ed54cfea44e
data/raw/public_hard_negatives/rvl/memo_8d69f0b25ec98804.jpg,rvl_targeted_memo,train,rvl:memo:8d69f0b25ec98804
data/raw/public_hard_negatives/rvl/memo_ce7a6327b28a2467.jpg,rvl_targeted_memo,train,rvl:memo:ce7a6327b28a2467
data/raw/public_hard_negatives/rvl/memo_7dcf053716e8eff8.jpg,rvl_targeted_memo,val,rvl:memo:7dcf053716e8eff8
data/raw/public_hard_negatives/rvl/memo_9dfa2f692b5c60a8.jpg,rvl_targeted_memo,train,rvl:memo:9dfa2f692b5c60a8
data/raw/public_hard_negatives/rvl/memo_7bd647413176312c.jpg,rvl_targeted_memo,test,rvl:memo:7bd647413176312c
data/raw/public_hard_negatives/rvl/memo_923b5565f7e18cee.jpg,rvl_targeted_memo,train,rvl:memo:923b5565f7e18cee
data/raw/public_hard_negatives/rvl/memo_bb117ccf02b5f2bf.jpg,rvl_targeted_memo,test,rvl:memo:bb117ccf02b5f2bf
data/raw/public_hard_negatives/rvl/memo_af64c238a6fc30da.jpg,rvl_targeted_memo,train,rvl:memo:af64c238a6fc30da
data/raw/public_hard_negatives/rvl/memo_707a13b7b6f10806.jpg,rvl_targeted_memo,train,rvl:memo:707a13b7b6f10806
data/raw/public_hard_negatives/rvl/memo_5addd4386a9722e3.jpg,rvl_targeted_memo,test,rvl:memo:5addd4386a9722e3
data/raw/public_hard_negatives/rvl/memo_7e693f040e72f664.jpg,rvl_targeted_memo,train,rvl:memo:7e693f040e72f664
data/raw/public_hard_negatives/rvl/memo_f8585765f33388a4.jpg,rvl_targeted_memo,train,rvl:memo:f8585765f33388a4
data/raw/public_hard_negatives/rvl/memo_85a43f57ed3d4b63.jpg,rvl_targeted_memo,test,rvl:memo:85a43f57ed3d4b63
data/raw/public_hard_negatives/rvl/memo_88cb1e963095a60a.jpg,rvl_targeted_memo,train,rvl:memo:88cb1e963095a60a
data/raw/public_hard_negatives/rvl/memo_dc7f49693c019703.jpg,rvl_targeted_memo,train,rvl:memo:dc7f49693c019703
data/raw/public_hard_negatives/hiertext/c14a3fe5dd2b12ad.jpg,hiertext_text_scene,train,hiertext:c14a3fe5dd2b12ad
data/raw/public_hard_negatives/hiertext/7716494f93ad3fd7.jpg,hiertext_text_scene,train,hiertext:7716494f93ad3fd7
data/raw/public_hard_negatives/hiertext/757baf85b84deee3.jpg,hiertext_text_scene,val,hiertext:757baf85b84deee3
data/raw/public_hard_negatives/hiertext/d4f640b11c6af7f4.jpg,hiertext_text_scene,train,hiertext:d4f640b11c6af7f4
data/raw/public_hard_negatives/hiertext/929748245d06ff4f.jpg,hiertext_text_scene,train,hiertext:929748245d06ff4f
data/raw/public_hard_negatives/hiertext/c640cdeb564fe9eb.jpg,hiertext_text_scene,val,hiertext:c640cdeb564fe9eb
data/raw/public_hard_negatives/hiertext/8a9653af601b35bf.jpg,hiertext_text_scene,val,hiertext:8a9653af601b35bf
data/raw/public_hard_negatives/hiertext/386579ad9f5d9f5f.jpg,hiertext_text_scene,train,hiertext:386579ad9f5d9f5f
data/raw/public_hard_negatives/hiertext/61dc5eea8b68d8e2.jpg,hiertext_text_scene,train,hiertext:61dc5eea8b68d8e2
data/raw/public_hard_negatives/hiertext/1c223c0d648a6609.jpg,hiertext_text_scene,train,hiertext:1c223c0d648a6609
data/raw/public_hard_negatives/hiertext/eb8c79cd2f1e0825.jpg,hiertext_text_scene,train,hiertext:eb8c79cd2f1e0825
data/raw/public_hard_negatives/hiertext/c4222aa1d526fe0c.jpg,hiertext_text_scene,test,hiertext:c4222aa1d526fe0c
data/raw/public_hard_negatives/hiertext/028f95007af16e94.jpg,hiertext_text_scene,train,hiertext:028f95007af16e94
data/raw/public_hard_negatives/hiertext/664ef6162599a235.jpg,hiertext_text_scene,val,hiertext:664ef6162599a235
data/raw/public_hard_negatives/hiertext/e5b1687bc73d7804.jpg,hiertext_text_scene,train,hiertext:e5b1687bc73d7804
data/raw/public_hard_negatives/hiertext/6aa3ddfccdce0853.jpg,hiertext_text_scene,train,hiertext:6aa3ddfccdce0853
data/raw/public_hard_negatives/hiertext/4a698706c0e69a3d.jpg,hiertext_text_scene,train,hiertext:4a698706c0e69a3d
data/raw/public_hard_negatives/hiertext/8cbd3cf8e5d27b65.jpg,hiertext_text_scene,train,hiertext:8cbd3cf8e5d27b65
data/raw/public_hard_negatives/hiertext/413507eba76320da.jpg,hiertext_text_scene,test,hiertext:413507eba76320da
data/raw/public_hard_negatives/hiertext/7f1e2a3d2ed68266.jpg,hiertext_text_scene,train,hiertext:7f1e2a3d2ed68266
data/raw/public_hard_negatives/hiertext/8d7f69a59688c5f6.jpg,hiertext_text_scene,train,hiertext:8d7f69a59688c5f6
data/raw/public_hard_negatives/hiertext/5e9189c475f486ed.jpg,hiertext_text_scene,train,hiertext:5e9189c475f486ed
data/raw/public_hard_negatives/hiertext/990da18f9df57a5f.jpg,hiertext_text_scene,train,hiertext:990da18f9df57a5f
data/raw/public_hard_negatives/hiertext/b4efafb87e002440.jpg,hiertext_text_scene,train,hiertext:b4efafb87e002440
data/raw/public_hard_negatives/hiertext/1847bbdb325c69bc.jpg,hiertext_text_scene,train,hiertext:1847bbdb325c69bc
data/raw/public_hard_negatives/hiertext/b0895e45757e51e7.jpg,hiertext_text_scene,train,hiertext:b0895e45757e51e7
data/raw/public_hard_negatives/hiertext/6b9a238096d21ac9.jpg,hiertext_text_scene,test,hiertext:6b9a238096d21ac9
data/raw/public_hard_negatives/hiertext/ac6ac7a12e0d28d6.jpg,hiertext_text_scene,train,hiertext:ac6ac7a12e0d28d6
data/raw/public_hard_negatives/hiertext/a15324bdd3ec26db.jpg,hiertext_text_scene,train,hiertext:a15324bdd3ec26db
data/raw/public_hard_negatives/hiertext/28aac5fbfb6a0b6e.jpg,hiertext_text_scene,train,hiertext:28aac5fbfb6a0b6e
data/raw/public_hard_negatives/hiertext/b3c7fcfa137b1a05.jpg,hiertext_text_scene,val,hiertext:b3c7fcfa137b1a05
data/raw/public_hard_negatives/hiertext/e1154c00eb8b9e8c.jpg,hiertext_text_scene,train,hiertext:e1154c00eb8b9e8c
data/raw/public_hard_negatives/hiertext/7496b8c8bc6469b5.jpg,hiertext_text_scene,val,hiertext:7496b8c8bc6469b5
data/raw/public_hard_negatives/hiertext/c2fdf343133c83d6.jpg,hiertext_text_scene,train,hiertext:c2fdf343133c83d6
data/raw/public_hard_negatives/hiertext/ffbd92526fddb923.jpg,hiertext_text_scene,test,hiertext:ffbd92526fddb923
data/raw/public_hard_negatives/hiertext/2dc3d17d2830cad9.jpg,hiertext_text_scene,train,hiertext:2dc3d17d2830cad9
data/raw/public_hard_negatives/hiertext/a522d28eb1858446.jpg,hiertext_text_scene,train,hiertext:a522d28eb1858446
data/raw/public_hard_negatives/hiertext/200abe02001a4c74.jpg,hiertext_text_scene,train,hiertext:200abe02001a4c74
data/raw/public_hard_negatives/hiertext/439f5a9a9178e4e4.jpg,hiertext_text_scene,train,hiertext:439f5a9a9178e4e4
data/raw/public_hard_negatives/hiertext/1279fc7c3b6dcd71.jpg,hiertext_text_scene,train,hiertext:1279fc7c3b6dcd71
data/raw/public_hard_negatives/hiertext/ae81f4ba18d48aeb.jpg,hiertext_text_scene,train,hiertext:ae81f4ba18d48aeb
data/raw/public_hard_negatives/hiertext/dd838509911a8f86.jpg,hiertext_text_scene,train,hiertext:dd838509911a8f86
data/raw/public_hard_negatives/hiertext/db99cc9b16be7147.jpg,hiertext_text_scene,val,hiertext:db99cc9b16be7147
data/raw/public_hard_negatives/hiertext/f4ae087f600d4255.jpg,hiertext_text_scene,train,hiertext:f4ae087f600d4255
data/raw/public_hard_negatives/hiertext/58142fd71d2e1ed9.jpg,hiertext_text_scene,train,hiertext:58142fd71d2e1ed9
data/raw/public_hard_negatives/hiertext/803d7d354f4f9250.jpg,hiertext_text_scene,train,hiertext:803d7d354f4f9250
data/raw/public_hard_negatives/hiertext/e3e8e2bad29367b7.jpg,hiertext_text_scene,test,hiertext:e3e8e2bad29367b7
data/raw/public_hard_negatives/hiertext/360d7ca86574da12.jpg,hiertext_text_scene,val,hiertext:360d7ca86574da12
data/raw/public_hard_negatives/hiertext/b6f77fde778118e6.jpg,hiertext_text_scene,train,hiertext:b6f77fde778118e6
data/raw/public_hard_negatives/hiertext/f15545c0f8eb51d3.jpg,hiertext_text_scene,train,hiertext:f15545c0f8eb51d3
data/raw/public_hard_negatives/hiertext/dced6eeb59f4bbcf.jpg,hiertext_text_scene,train,hiertext:dced6eeb59f4bbcf
data/raw/public_hard_negatives/hiertext/e05bcbb8e7600e24.jpg,hiertext_text_scene,train,hiertext:e05bcbb8e7600e24
data/raw/public_hard_negatives/hiertext/8f45d8ac31ec8fc5.jpg,hiertext_text_scene,train,hiertext:8f45d8ac31ec8fc5
data/raw/public_hard_negatives/hiertext/65b68056283012d7.jpg,hiertext_text_scene,train,hiertext:65b68056283012d7
data/raw/public_hard_negatives/hiertext/8bc8ebd239ab83f6.jpg,hiertext_text_scene,train,hiertext:8bc8ebd239ab83f6
data/raw/public_hard_negatives/hiertext/5dabe808217bfd83.jpg,hiertext_text_scene,train,hiertext:5dabe808217bfd83
data/raw/public_hard_negatives/hiertext/102f2c6a35f05df6.jpg,hiertext_text_scene,val,hiertext:102f2c6a35f05df6
data/raw/public_hard_negatives/hiertext/900f6fdc7bd2b339.jpg,hiertext_text_scene,train,hiertext:900f6fdc7bd2b339
data/raw/public_hard_negatives/hiertext/6e36a0865a3b090d.jpg,hiertext_text_scene,train,hiertext:6e36a0865a3b090d
data/raw/public_hard_negatives/hiertext/c1480937ecea9947.jpg,hiertext_text_scene,train,hiertext:c1480937ecea9947
data/raw/public_hard_negatives/hiertext/a6c5bea89740200c.jpg,hiertext_text_scene,val,hiertext:a6c5bea89740200c
data/raw/public_hard_negatives/hiertext/e04931ec29a0bf9c.jpg,hiertext_text_scene,train,hiertext:e04931ec29a0bf9c
data/raw/public_hard_negatives/hiertext/58689334895df49d.jpg,hiertext_text_scene,val,hiertext:58689334895df49d
data/raw/public_hard_negatives/hiertext/ab1b97c8e766fa46.jpg,hiertext_text_scene,train,hiertext:ab1b97c8e766fa46
data/raw/public_hard_negatives/hiertext/342a85a4280db9ef.jpg,hiertext_text_scene,train,hiertext:342a85a4280db9ef
data/raw/public_hard_negatives/hiertext/ced84b087c7cefc2.jpg,hiertext_text_scene,train,hiertext:ced84b087c7cefc2
data/raw/public_hard_negatives/hiertext/86760f63da399e07.jpg,hiertext_text_scene,train,hiertext:86760f63da399e07
data/raw/public_hard_negatives/hiertext/67e367b45f5bc324.jpg,hiertext_text_scene,val,hiertext:67e367b45f5bc324
data/raw/public_hard_negatives/hiertext/59d5a9566321606b.jpg,hiertext_text_scene,test,hiertext:59d5a9566321606b
data/raw/public_hard_negatives/hiertext/32903847bd2eb4c0.jpg,hiertext_text_scene,train,hiertext:32903847bd2eb4c0
data/raw/public_hard_negatives/hiertext/a036e05ad9039ed8.jpg,hiertext_text_scene,train,hiertext:a036e05ad9039ed8
data/raw/public_hard_negatives/hiertext/2993d8238f37ff50.jpg,hiertext_text_scene,train,hiertext:2993d8238f37ff50
data/raw/public_hard_negatives/hiertext/992966bb8f545ecb.jpg,hiertext_text_scene,train,hiertext:992966bb8f545ecb
data/raw/public_hard_negatives/hiertext/0651786a7821ab22.jpg,hiertext_text_scene,train,hiertext:0651786a7821ab22
data/raw/public_hard_negatives/hiertext/ac9bd37be02371e4.jpg,hiertext_text_scene,train,hiertext:ac9bd37be02371e4
data/raw/public_hard_negatives/hiertext/858236d2b0247ef3.jpg,hiertext_text_scene,val,hiertext:858236d2b0247ef3
data/raw/public_hard_negatives/hiertext/b238f010b21c9031.jpg,hiertext_text_scene,train,hiertext:b238f010b21c9031
data/raw/public_hard_negatives/hiertext/ac1d4964e21d855e.jpg,hiertext_text_scene,train,hiertext:ac1d4964e21d855e
data/raw/public_hard_negatives/hiertext/60bfca3d0323a49d.jpg,hiertext_text_scene,val,hiertext:60bfca3d0323a49d
data/raw/public_hard_negatives/hiertext/9b01f7e1fbf1644b.jpg,hiertext_text_scene,train,hiertext:9b01f7e1fbf1644b
data/raw/public_hard_negatives/hiertext/feaa0ba27e863e46.jpg,hiertext_text_scene,test,hiertext:feaa0ba27e863e46
data/raw/public_hard_negatives/hiertext/44b7b0beee997caf.jpg,hiertext_text_scene,test,hiertext:44b7b0beee997caf
data/raw/public_hard_negatives/hiertext/f1c30c47c7d51b17.jpg,hiertext_text_scene,train,hiertext:f1c30c47c7d51b17
data/raw/public_hard_negatives/hiertext/ca0b42a32116f76e.jpg,hiertext_text_scene,train,hiertext:ca0b42a32116f76e
data/raw/public_hard_negatives/hiertext/4ee86bd63a80b30c.jpg,hiertext_text_scene,train,hiertext:4ee86bd63a80b30c
data/raw/public_hard_negatives/hiertext/2a0d8d5d2b0dea95.jpg,hiertext_text_scene,train,hiertext:2a0d8d5d2b0dea95
data/raw/public_hard_negatives/hiertext/428a7b3642248331.jpg,hiertext_text_scene,val,hiertext:428a7b3642248331
data/raw/public_hard_negatives/hiertext/f3649039f74b22ae.jpg,hiertext_text_scene,train,hiertext:f3649039f74b22ae
data/raw/public_hard_negatives/hiertext/463ab4555c1b685d.jpg,hiertext_text_scene,train,hiertext:463ab4555c1b685d
data/raw/public_hard_negatives/hiertext/773bb654163b2812.jpg,hiertext_text_scene,val,hiertext:773bb654163b2812
data/raw/public_hard_negatives/hiertext/5252c33bbc093f3c.jpg,hiertext_text_scene,val,hiertext:5252c33bbc093f3c
data/raw/public_hard_negatives/hiertext/f8da26aa99da8ae9.jpg,hiertext_text_scene,train,hiertext:f8da26aa99da8ae9
data/raw/public_hard_negatives/hiertext/3ee654e68652c51f.jpg,hiertext_text_scene,train,hiertext:3ee654e68652c51f
data/raw/public_hard_negatives/hiertext/ed2093e7d0cf04e7.jpg,hiertext_text_scene,train,hiertext:ed2093e7d0cf04e7
data/raw/public_hard_negatives/hiertext/76023fc6664f124b.jpg,hiertext_text_scene,train,hiertext:76023fc6664f124b
data/raw/public_hard_negatives/hiertext/ad9b0f3f2af7d976.jpg,hiertext_text_scene,train,hiertext:ad9b0f3f2af7d976
data/raw/public_hard_negatives/hiertext/7333961186f566fc.jpg,hiertext_text_scene,train,hiertext:7333961186f566fc
data/raw/public_hard_negatives/hiertext/bb8d9d62788d5201.jpg,hiertext_text_scene,train,hiertext:bb8d9d62788d5201
data/raw/public_hard_negatives/hiertext/0983bde18b019dcf.jpg,hiertext_text_scene,train,hiertext:0983bde18b019dcf
data/raw/public_hard_negatives/hiertext/15201bcbc27bf045.jpg,hiertext_text_scene,train,hiertext:15201bcbc27bf045
data/raw/public_hard_negatives/hiertext/6da213089860926d.jpg,hiertext_text_scene,train,hiertext:6da213089860926d
data/raw/public_hard_negatives/hiertext/537379049fbd93cb.jpg,hiertext_text_scene,val,hiertext:537379049fbd93cb
data/raw/public_hard_negatives/hiertext/c9336e4d786958ab.jpg,hiertext_text_scene,train,hiertext:c9336e4d786958ab
data/raw/public_hard_negatives/hiertext/3ff6a40f4278e231.jpg,hiertext_text_scene,test,hiertext:3ff6a40f4278e231
data/raw/public_hard_negatives/hiertext/96fb2a4a66702374.jpg,hiertext_text_scene,val,hiertext:96fb2a4a66702374
data/raw/public_hard_negatives/hiertext/5efcc31532acbf36.jpg,hiertext_text_scene,train,hiertext:5efcc31532acbf36
data/raw/public_hard_negatives/hiertext/737d8295428649a4.jpg,hiertext_text_scene,train,hiertext:737d8295428649a4
data/raw/public_hard_negatives/hiertext/fcc9074ffd5ba3ad.jpg,hiertext_text_scene,train,hiertext:fcc9074ffd5ba3ad
data/raw/public_hard_negatives/hiertext/ac3e9e39a7178ac1.jpg,hiertext_text_scene,train,hiertext:ac3e9e39a7178ac1
data/raw/public_hard_negatives/hiertext/6e67af67fe64e0d0.jpg,hiertext_text_scene,train,hiertext:6e67af67fe64e0d0
data/raw/public_hard_negatives/hiertext/bded7abc2faa43c4.jpg,hiertext_text_scene,val,hiertext:bded7abc2faa43c4
data/raw/public_hard_negatives/hiertext/064c8afa1a51e0bb.jpg,hiertext_text_scene,val,hiertext:064c8afa1a51e0bb
data/raw/public_hard_negatives/hiertext/680d6b48a300c455.jpg,hiertext_text_scene,test,hiertext:680d6b48a300c455
data/raw/public_hard_negatives/hiertext/9a84104737004c54.jpg,hiertext_text_scene,train,hiertext:9a84104737004c54
data/raw/public_hard_negatives/hiertext/371b43cb4a39d5d2.jpg,hiertext_text_scene,test,hiertext:371b43cb4a39d5d2
data/raw/public_hard_negatives/hiertext/77ddaec516b4c5cd.jpg,hiertext_text_scene,test,hiertext:77ddaec516b4c5cd
data/raw/public_hard_negatives/hiertext/aeed061918f7c41f.jpg,hiertext_text_scene,train,hiertext:aeed061918f7c41f
data/raw/public_hard_negatives/hiertext/b674d9bf01dabecb.jpg,hiertext_text_scene,train,hiertext:b674d9bf01dabecb
data/raw/public_hard_negatives/hiertext/f248b5d555a67530.jpg,hiertext_text_scene,train,hiertext:f248b5d555a67530
data/raw/public_hard_negatives/hiertext/4cf7e5b67a4dba64.jpg,hiertext_text_scene,train,hiertext:4cf7e5b67a4dba64
data/raw/public_hard_negatives/hiertext/eb6f3fafd30d0172.jpg,hiertext_text_scene,train,hiertext:eb6f3fafd30d0172
data/raw/public_hard_negatives/hiertext/cc7423ec2a7adb30.jpg,hiertext_text_scene,train,hiertext:cc7423ec2a7adb30
data/raw/public_hard_negatives/hiertext/b32ddfd4467dec68.jpg,hiertext_text_scene,test,hiertext:b32ddfd4467dec68
data/raw/public_hard_negatives/hiertext/3c027cacb77e35cd.jpg,hiertext_text_scene,train,hiertext:3c027cacb77e35cd
data/raw/public_hard_negatives/hiertext/dcc7fc83654bb950.jpg,hiertext_text_scene,test,hiertext:dcc7fc83654bb950
data/raw/public_hard_negatives/hiertext/f4711b48d0b52640.jpg,hiertext_text_scene,train,hiertext:f4711b48d0b52640
data/raw/public_hard_negatives/hiertext/dfb621f01cbb191d.jpg,hiertext_text_scene,train,hiertext:dfb621f01cbb191d
data/raw/public_hard_negatives/hiertext/45877aaa12c9ef83.jpg,hiertext_text_scene,train,hiertext:45877aaa12c9ef83
data/raw/public_hard_negatives/hiertext/68adadcfab80ff61.jpg,hiertext_text_scene,train,hiertext:68adadcfab80ff61
data/raw/public_hard_negatives/hiertext/de95864b12e0162d.jpg,hiertext_text_scene,test,hiertext:de95864b12e0162d
data/raw/public_hard_negatives/hiertext/3d1ac2f287ddd1ea.jpg,hiertext_text_scene,train,hiertext:3d1ac2f287ddd1ea
data/raw/public_hard_negatives/hiertext/37e0eb8fecffbbac.jpg,hiertext_text_scene,test,hiertext:37e0eb8fecffbbac
data/raw/public_hard_negatives/hiertext/2692df868bf5164b.jpg,hiertext_text_scene,train,hiertext:2692df868bf5164b
data/raw/public_hard_negatives/hiertext/22dc900fbbe49006.jpg,hiertext_text_scene,train,hiertext:22dc900fbbe49006
data/raw/public_hard_negatives/hiertext/864153969a76639b.jpg,hiertext_text_scene,val,hiertext:864153969a76639b
data/raw/public_hard_negatives/hiertext/cd4348feff3ca0c6.jpg,hiertext_text_scene,train,hiertext:cd4348feff3ca0c6
data/raw/public_hard_negatives/hiertext/0538af158b769e1e.jpg,hiertext_text_scene,test,hiertext:0538af158b769e1e
data/raw/public_hard_negatives/hiertext/df8279177f284ba4.jpg,hiertext_text_scene,train,hiertext:df8279177f284ba4
data/raw/public_hard_negatives/hiertext/d9be28deacf09167.jpg,hiertext_text_scene,train,hiertext:d9be28deacf09167
data/raw/public_hard_negatives/hiertext/25d5a0112e9dd001.jpg,hiertext_text_scene,train,hiertext:25d5a0112e9dd001
data/raw/public_hard_negatives/hiertext/f171b0c4366c0cbe.jpg,hiertext_text_scene,train,hiertext:f171b0c4366c0cbe
data/raw/public_hard_negatives/hiertext/7958ba40d90b8097.jpg,hiertext_text_scene,val,hiertext:7958ba40d90b8097
data/raw/public_hard_negatives/hiertext/a9e786675709fdef.jpg,hiertext_text_scene,train,hiertext:a9e786675709fdef
data/raw/public_hard_negatives/hiertext/f531541b6e2a8efd.jpg,hiertext_text_scene,train,hiertext:f531541b6e2a8efd
data/raw/public_hard_negatives/hiertext/b7a14daa5bc4e3b2.jpg,hiertext_text_scene,train,hiertext:b7a14daa5bc4e3b2
data/raw/public_hard_negatives/hiertext/369ed1b407e15e98.jpg,hiertext_text_scene,train,hiertext:369ed1b407e15e98
data/raw/public_hard_negatives/hiertext/3a720977ce826479.jpg,hiertext_text_scene,train,hiertext:3a720977ce826479
data/raw/public_hard_negatives/hiertext/39c215a4679d3848.jpg,hiertext_text_scene,val,hiertext:39c215a4679d3848
data/raw/public_hard_negatives/hiertext/3d70788b4a4ae5d6.jpg,hiertext_text_scene,train,hiertext:3d70788b4a4ae5d6
data/raw/public_hard_negatives/hiertext/f61c775d6c036ba8.jpg,hiertext_text_scene,train,hiertext:f61c775d6c036ba8
data/raw/public_hard_negatives/hiertext/975414ca1e6b155c.jpg,hiertext_text_scene,train,hiertext:975414ca1e6b155c
data/raw/public_hard_negatives/hiertext/1393effbca420944.jpg,hiertext_text_scene,train,hiertext:1393effbca420944
data/raw/public_hard_negatives/hiertext/6cbac1608e9170f0.jpg,hiertext_text_scene,train,hiertext:6cbac1608e9170f0
data/raw/public_hard_negatives/hiertext/c360ce6881285baa.jpg,hiertext_text_scene,train,hiertext:c360ce6881285baa
data/raw/public_hard_negatives/hiertext/3e3d6b35dea6b77d.jpg,hiertext_text_scene,train,hiertext:3e3d6b35dea6b77d
data/raw/public_hard_negatives/hiertext/db883fbef1be064a.jpg,hiertext_text_scene,val,hiertext:db883fbef1be064a
data/raw/public_hard_negatives/hiertext/d509706ec4c0819d.jpg,hiertext_text_scene,train,hiertext:d509706ec4c0819d
data/raw/public_hard_negatives/hiertext/530e2945f9b994c1.jpg,hiertext_text_scene,train,hiertext:530e2945f9b994c1
data/raw/public_hard_negatives/hiertext/02ce4d2311b32eab.jpg,hiertext_text_scene,train,hiertext:02ce4d2311b32eab
data/raw/public_hard_negatives/hiertext/bf264e83b996725d.jpg,hiertext_text_scene,test,hiertext:bf264e83b996725d
data/raw/public_hard_negatives/hiertext/38a757a4b1fc4775.jpg,hiertext_text_scene,train,hiertext:38a757a4b1fc4775
data/raw/public_hard_negatives/hiertext/4cea4fea0d9813ba.jpg,hiertext_text_scene,val,hiertext:4cea4fea0d9813ba
data/raw/public_hard_negatives/hiertext/21f2adfc9cfa6755.jpg,hiertext_text_scene,train,hiertext:21f2adfc9cfa6755
data/raw/public_hard_negatives/hiertext/bde6ff0880d3ae42.jpg,hiertext_text_scene,train,hiertext:bde6ff0880d3ae42
data/raw/public_hard_negatives/hiertext/4e1879381ac08d9f.jpg,hiertext_text_scene,train,hiertext:4e1879381ac08d9f
data/raw/public_hard_negatives/hiertext/fa3b6fda2528377f.jpg,hiertext_text_scene,train,hiertext:fa3b6fda2528377f
data/raw/public_hard_negatives/hiertext/d14658b78cec2cf7.jpg,hiertext_text_scene,train,hiertext:d14658b78cec2cf7
data/raw/public_hard_negatives/hiertext/15fb043025bc007c.jpg,hiertext_text_scene,train,hiertext:15fb043025bc007c
data/raw/public_hard_negatives/hiertext/41092cfb0013b757.jpg,hiertext_text_scene,train,hiertext:41092cfb0013b757
data/raw/public_hard_negatives/hiertext/74f96f5dca2c3445.jpg,hiertext_text_scene,train,hiertext:74f96f5dca2c3445
data/raw/public_hard_negatives/hiertext/7d5f25d3c7f2eefa.jpg,hiertext_text_scene,train,hiertext:7d5f25d3c7f2eefa
data/raw/public_hard_negatives/hiertext/9cf1acfc322a130d.jpg,hiertext_text_scene,train,hiertext:9cf1acfc322a130d
data/raw/public_hard_negatives/hiertext/9b22ed2eb6b8d6d6.jpg,hiertext_text_scene,train,hiertext:9b22ed2eb6b8d6d6
data/raw/public_hard_negatives/hiertext/b7c7ccf2e0c2514f.jpg,hiertext_text_scene,train,hiertext:b7c7ccf2e0c2514f
data/raw/public_hard_negatives/hiertext/c97ff293a9a809a2.jpg,hiertext_text_scene,train,hiertext:c97ff293a9a809a2
data/raw/public_hard_negatives/hiertext/d44d01dd84a6cae0.jpg,hiertext_text_scene,train,hiertext:d44d01dd84a6cae0
data/raw/public_hard_negatives/hiertext/0a85661607f14abf.jpg,hiertext_text_scene,test,hiertext:0a85661607f14abf
data/raw/public_hard_negatives/hiertext/92a42343ab4a5fed.jpg,hiertext_text_scene,train,hiertext:92a42343ab4a5fed
data/raw/public_hard_negatives/hiertext/1524faee7eb416c7.jpg,hiertext_text_scene,train,hiertext:1524faee7eb416c7
data/raw/public_hard_negatives/hiertext/50a0f397f662adda.jpg,hiertext_text_scene,train,hiertext:50a0f397f662adda
data/raw/public_hard_negatives/hiertext/707b4bb0240818a1.jpg,hiertext_text_scene,train,hiertext:707b4bb0240818a1
data/raw/public_hard_negatives/hiertext/16f6022cb7fe6df0.jpg,hiertext_text_scene,train,hiertext:16f6022cb7fe6df0
data/raw/public_hard_negatives/hiertext/3476aa167cec84aa.jpg,hiertext_text_scene,train,hiertext:3476aa167cec84aa
data/raw/public_hard_negatives/hiertext/824362c08a90bfbf.jpg,hiertext_text_scene,train,hiertext:824362c08a90bfbf
data/raw/public_hard_negatives/hiertext/bbfd4d63effc2e9d.jpg,hiertext_text_scene,test,hiertext:bbfd4d63effc2e9d
data/raw/public_hard_negatives/hiertext/d2a9ac48fa8754fc.jpg,hiertext_text_scene,train,hiertext:d2a9ac48fa8754fc
data/raw/public_hard_negatives/hiertext/9a0b386fc82ae0fa.jpg,hiertext_text_scene,train,hiertext:9a0b386fc82ae0fa
data/raw/public_hard_negatives/hiertext/79b0050b567591a4.jpg,hiertext_text_scene,val,hiertext:79b0050b567591a4
data/raw/public_hard_negatives/hiertext/8f4c0ffce6636dc5.jpg,hiertext_text_scene,train,hiertext:8f4c0ffce6636dc5
data/raw/public_hard_negatives/hiertext/d788d5cf66685a70.jpg,hiertext_text_scene,train,hiertext:d788d5cf66685a70
data/raw/public_hard_negatives/hiertext/0c7023f269a3270b.jpg,hiertext_text_scene,train,hiertext:0c7023f269a3270b
data/raw/public_hard_negatives/hiertext/96d0a203ca6c9a2d.jpg,hiertext_text_scene,test,hiertext:96d0a203ca6c9a2d
data/raw/public_hard_negatives/hiertext/ce57c6105f89c98d.jpg,hiertext_text_scene,train,hiertext:ce57c6105f89c98d
data/raw/public_hard_negatives/hiertext/ac9f81b45d84b7db.jpg,hiertext_text_scene,train,hiertext:ac9f81b45d84b7db
data/raw/public_hard_negatives/hiertext/4133129bbdb5abb9.jpg,hiertext_text_scene,train,hiertext:4133129bbdb5abb9
data/raw/public_hard_negatives/hiertext/1e93e94271756210.jpg,hiertext_text_scene,train,hiertext:1e93e94271756210
data/raw/public_hard_negatives/hiertext/154058472bd0c3bf.jpg,hiertext_text_scene,train,hiertext:154058472bd0c3bf
data/raw/public_hard_negatives/hiertext/f9731a42ce72e738.jpg,hiertext_text_scene,train,hiertext:f9731a42ce72e738
data/raw/public_hard_negatives/hiertext/715dd7e0fe82a046.jpg,hiertext_text_scene,train,hiertext:715dd7e0fe82a046
data/raw/public_hard_negatives/hiertext/7e52faa692e2ec7c.jpg,hiertext_text_scene,val,hiertext:7e52faa692e2ec7c
data/raw/public_hard_negatives/hiertext/3b95fb37e8bb7a98.jpg,hiertext_text_scene,train,hiertext:3b95fb37e8bb7a98
data/raw/public_hard_negatives/hiertext/df76af7395241ad4.jpg,hiertext_text_scene,train,hiertext:df76af7395241ad4
data/raw/public_hard_negatives/hiertext/ff641068bb5d8c03.jpg,hiertext_text_scene,train,hiertext:ff641068bb5d8c03
data/raw/public_hard_negatives/hiertext/b4adfb35883e681e.jpg,hiertext_text_scene,train,hiertext:b4adfb35883e681e
data/raw/public_hard_negatives/hiertext/0d87fa9846489db3.jpg,hiertext_text_scene,train,hiertext:0d87fa9846489db3
data/raw/public_hard_negatives/hiertext/9f09b89666a18819.jpg,hiertext_text_scene,train,hiertext:9f09b89666a18819
data/raw/public_hard_negatives/hiertext/045278cb03219c06.jpg,hiertext_text_scene,val,hiertext:045278cb03219c06
data/raw/public_hard_negatives/hiertext/7bf68a14e5ae8164.jpg,hiertext_text_scene,train,hiertext:7bf68a14e5ae8164
data/raw/public_hard_negatives/hiertext/3b04412701001d82.jpg,hiertext_text_scene,train,hiertext:3b04412701001d82
data/raw/public_hard_negatives/hiertext/9a318a77f227a2bb.jpg,hiertext_text_scene,train,hiertext:9a318a77f227a2bb
data/raw/public_hard_negatives/hiertext/1035ccf0cddf0818.jpg,hiertext_text_scene,train,hiertext:1035ccf0cddf0818
data/raw/public_hard_negatives/hiertext/8810c21650a10fcd.jpg,hiertext_text_scene,train,hiertext:8810c21650a10fcd
data/raw/public_hard_negatives/hiertext/26cecb6e5b984c20.jpg,hiertext_text_scene,train,hiertext:26cecb6e5b984c20
data/raw/public_hard_negatives/hiertext/7de2f5cff1aee947.jpg,hiertext_text_scene,train,hiertext:7de2f5cff1aee947
data/raw/public_hard_negatives/hiertext/234123d61ee3df9a.jpg,hiertext_text_scene,train,hiertext:234123d61ee3df9a
data/raw/public_hard_negatives/hiertext/bde51cd0a0e194b1.jpg,hiertext_text_scene,train,hiertext:bde51cd0a0e194b1
data/raw/public_hard_negatives/hiertext/47dcfb4d44f3e274.jpg,hiertext_text_scene,test,hiertext:47dcfb4d44f3e274
data/raw/public_hard_negatives/hiertext/cca033c8a5147c28.jpg,hiertext_text_scene,train,hiertext:cca033c8a5147c28
data/raw/public_hard_negatives/hiertext/190dfcc6b9c70686.jpg,hiertext_text_scene,train,hiertext:190dfcc6b9c70686
data/raw/public_hard_negatives/hiertext/dadedb32bac3b819.jpg,hiertext_text_scene,val,hiertext:dadedb32bac3b819
data/raw/public_hard_negatives/hiertext/5ca2a6d36c8998a5.jpg,hiertext_text_scene,train,hiertext:5ca2a6d36c8998a5
data/raw/public_hard_negatives/hiertext/fe42f07e244abf27.jpg,hiertext_text_scene,train,hiertext:fe42f07e244abf27
data/raw/public_hard_negatives/hiertext/aa10b33a40a01c67.jpg,hiertext_text_scene,val,hiertext:aa10b33a40a01c67
data/raw/public_hard_negatives/hiertext/a428a09438de3dc8.jpg,hiertext_text_scene,train,hiertext:a428a09438de3dc8
data/raw/public_hard_negatives/hiertext/7b280ede94bb40d9.jpg,hiertext_text_scene,train,hiertext:7b280ede94bb40d9
data/raw/public_hard_negatives/hiertext/821d3a32764c6780.jpg,hiertext_text_scene,test,hiertext:821d3a32764c6780
data/raw/public_hard_negatives/hiertext/0112b5587ac77c29.jpg,hiertext_text_scene,val,hiertext:0112b5587ac77c29
data/raw/public_hard_negatives/hiertext/2aafcb12b2ce977e.jpg,hiertext_text_scene,train,hiertext:2aafcb12b2ce977e
data/raw/public_hard_negatives/hiertext/d3b0ffab381f76df.jpg,hiertext_text_scene,train,hiertext:d3b0ffab381f76df
data/raw/public_hard_negatives/hiertext/b18f91c9dd2a5015.jpg,hiertext_text_scene,train,hiertext:b18f91c9dd2a5015
data/raw/public_hard_negatives/hiertext/98330c52c6102550.jpg,hiertext_text_scene,train,hiertext:98330c52c6102550
data/raw/public_hard_negatives/hiertext/aa0a45c109d380df.jpg,hiertext_text_scene,val,hiertext:aa0a45c109d380df
data/raw/public_hard_negatives/hiertext/71df3af7f3ce77fb.jpg,hiertext_text_scene,test,hiertext:71df3af7f3ce77fb
data/raw/public_hard_negatives/hiertext/40e9423f6b91802c.jpg,hiertext_text_scene,train,hiertext:40e9423f6b91802c
data/raw/public_hard_negatives/hiertext/e4de4f4143491a9d.jpg,hiertext_text_scene,val,hiertext:e4de4f4143491a9d
data/raw/public_hard_negatives/hiertext/7b37564703926a4e.jpg,hiertext_text_scene,train,hiertext:7b37564703926a4e
data/raw/public_hard_negatives/hiertext/6fd9a4672d5ca85d.jpg,hiertext_text_scene,train,hiertext:6fd9a4672d5ca85d
data/raw/public_hard_negatives/hiertext/2a31c7936f9d0ac6.jpg,hiertext_text_scene,val,hiertext:2a31c7936f9d0ac6
data/raw/public_hard_negatives/hiertext/08305773da04ad9b.jpg,hiertext_text_scene,val,hiertext:08305773da04ad9b
data/raw/public_hard_negatives/hiertext/e8e15eafc5a36a04.jpg,hiertext_text_scene,train,hiertext:e8e15eafc5a36a04
data/raw/public_hard_negatives/hiertext/684739d1e056aedf.jpg,hiertext_text_scene,train,hiertext:684739d1e056aedf
data/raw/public_hard_negatives/hiertext/a34e7fbe0fa62901.jpg,hiertext_text_scene,train,hiertext:a34e7fbe0fa62901
data/raw/public_hard_negatives/hiertext/b56641eb8b189d5f.jpg,hiertext_text_scene,train,hiertext:b56641eb8b189d5f
data/raw/public_hard_negatives/hiertext/acfdb0a8d5b1e93a.jpg,hiertext_text_scene,train,hiertext:acfdb0a8d5b1e93a
data/raw/public_hard_negatives/hiertext/66f8641708e86eab.jpg,hiertext_text_scene,train,hiertext:66f8641708e86eab
data/raw/public_hard_negatives/hiertext/80b3bcf63ba0bd0c.jpg,hiertext_text_scene,train,hiertext:80b3bcf63ba0bd0c
data/raw/public_hard_negatives/hiertext/a0ee219f05e2a1f9.jpg,hiertext_text_scene,train,hiertext:a0ee219f05e2a1f9
data/raw/public_hard_negatives/hiertext/86ddf2369ec68216.jpg,hiertext_text_scene,train,hiertext:86ddf2369ec68216
data/raw/public_hard_negatives/hiertext/d763ac03e439edd5.jpg,hiertext_text_scene,train,hiertext:d763ac03e439edd5
data/raw/public_hard_negatives/hiertext/2969202f291fb6cf.jpg,hiertext_text_scene,train,hiertext:2969202f291fb6cf
data/raw/public_hard_negatives/hiertext/cd092c3002fd4141.jpg,hiertext_text_scene,train,hiertext:cd092c3002fd4141
data/raw/public_hard_negatives/hiertext/1e419dd031950099.jpg,hiertext_text_scene,test,hiertext:1e419dd031950099
data/raw/public_hard_negatives/hiertext/104e2b7cade268c4.jpg,hiertext_text_scene,train,hiertext:104e2b7cade268c4
data/raw/public_hard_negatives/hiertext/1615b0d4232d31ff.jpg,hiertext_text_scene,train,hiertext:1615b0d4232d31ff
data/raw/public_hard_negatives/hiertext/4a03acd1b9ed0f2b.jpg,hiertext_text_scene,train,hiertext:4a03acd1b9ed0f2b
data/raw/public_hard_negatives/hiertext/c8f098f7dc3ee956.jpg,hiertext_text_scene,train,hiertext:c8f098f7dc3ee956
data/raw/public_hard_negatives/hiertext/6e5c125d79909fbd.jpg,hiertext_text_scene,train,hiertext:6e5c125d79909fbd
data/raw/public_hard_negatives/hiertext/b0d2e7080fe72bdb.jpg,hiertext_text_scene,val,hiertext:b0d2e7080fe72bdb
data/raw/public_hard_negatives/hiertext/056b01a8262bf4b8.jpg,hiertext_text_scene,train,hiertext:056b01a8262bf4b8
data/raw/public_hard_negatives/hiertext/9bc50232cc07d5b2.jpg,hiertext_text_scene,train,hiertext:9bc50232cc07d5b2
data/raw/public_hard_negatives/hiertext/c5a13b93b0ad8994.jpg,hiertext_text_scene,train,hiertext:c5a13b93b0ad8994
data/raw/public_hard_negatives/hiertext/ea3d8673c4e7d188.jpg,hiertext_text_scene,train,hiertext:ea3d8673c4e7d188
data/raw/public_hard_negatives/hiertext/da3d7308d0722742.jpg,hiertext_text_scene,train,hiertext:da3d7308d0722742
data/raw/public_hard_negatives/hiertext/07fee9c6a2bc3f31.jpg,hiertext_text_scene,train,hiertext:07fee9c6a2bc3f31
data/raw/public_hard_negatives/hiertext/70ce61c1d3c5adfc.jpg,hiertext_text_scene,train,hiertext:70ce61c1d3c5adfc
data/raw/public_hard_negatives/hiertext/b0cec9be81be120f.jpg,hiertext_text_scene,train,hiertext:b0cec9be81be120f
data/raw/public_hard_negatives/hiertext/8cab3e0a4abb87c3.jpg,hiertext_text_scene,train,hiertext:8cab3e0a4abb87c3
data/raw/public_hard_negatives/hiertext/994f27d236d93a0b.jpg,hiertext_text_scene,train,hiertext:994f27d236d93a0b
data/raw/public_hard_negatives/hiertext/0de5b7129e65e61d.jpg,hiertext_text_scene,train,hiertext:0de5b7129e65e61d
data/raw/public_hard_negatives/hiertext/8228913ff0bce190.jpg,hiertext_text_scene,train,hiertext:8228913ff0bce190
data/raw/public_hard_negatives/hiertext/5df8f368544e5579.jpg,hiertext_text_scene,train,hiertext:5df8f368544e5579
data/raw/public_hard_negatives/hiertext/2d3c84244b2604e7.jpg,hiertext_text_scene,train,hiertext:2d3c84244b2604e7
data/raw/public_hard_negatives/hiertext/e7c0d65da74afeb9.jpg,hiertext_text_scene,train,hiertext:e7c0d65da74afeb9
data/raw/public_hard_negatives/hiertext/e0f9f8af89ff5b42.jpg,hiertext_text_scene,train,hiertext:e0f9f8af89ff5b42
data/raw/public_hard_negatives/hiertext/d292dbb21d93ede5.jpg,hiertext_text_scene,test,hiertext:d292dbb21d93ede5
data/raw/public_hard_negatives/hiertext/95f6d3eb788a9c4a.jpg,hiertext_text_scene,train,hiertext:95f6d3eb788a9c4a
data/raw/public_hard_negatives/hiertext/ab6fb759938e462b.jpg,hiertext_text_scene,train,hiertext:ab6fb759938e462b
data/raw/public_hard_negatives/hiertext/578e7c3936b3bbeb.jpg,hiertext_text_scene,train,hiertext:578e7c3936b3bbeb
data/raw/public_hard_negatives/hiertext/6e952597159f2573.jpg,hiertext_text_scene,train,hiertext:6e952597159f2573
data/raw/public_hard_negatives/hiertext/b2ab54c48633d102.jpg,hiertext_text_scene,train,hiertext:b2ab54c48633d102
data/raw/public_hard_negatives/hiertext/1da8e0e996d021fb.jpg,hiertext_text_scene,train,hiertext:1da8e0e996d021fb
data/raw/public_hard_negatives/hiertext/5ce5022b9bf5447b.jpg,hiertext_text_scene,train,hiertext:5ce5022b9bf5447b
data/raw/public_hard_negatives/hiertext/2bc1981b58f5aa94.jpg,hiertext_text_scene,train,hiertext:2bc1981b58f5aa94
data/raw/public_hard_negatives/hiertext/20ebeb815d147560.jpg,hiertext_text_scene,train,hiertext:20ebeb815d147560
data/raw/public_hard_negatives/hiertext/54fabb3c3c97d996.jpg,hiertext_text_scene,train,hiertext:54fabb3c3c97d996
data/raw/public_hard_negatives/hiertext/3683e8356005714d.jpg,hiertext_text_scene,train,hiertext:3683e8356005714d
data/raw/public_hard_negatives/hiertext/9c86c84c962ad905.jpg,hiertext_text_scene,val,hiertext:9c86c84c962ad905
data/raw/public_hard_negatives/hiertext/b541f4989bb12ced.jpg,hiertext_text_scene,train,hiertext:b541f4989bb12ced
data/raw/public_hard_negatives/hiertext/48904c0fff1c7fcb.jpg,hiertext_text_scene,test,hiertext:48904c0fff1c7fcb
data/raw/public_hard_negatives/hiertext/ee54824ea6846068.jpg,hiertext_text_scene,train,hiertext:ee54824ea6846068
data/raw/public_hard_negatives/hiertext/f398ebeaaf203fb7.jpg,hiertext_text_scene,train,hiertext:f398ebeaaf203fb7
data/raw/public_hard_negatives/hiertext/870b721faf7b475d.jpg,hiertext_text_scene,val,hiertext:870b721faf7b475d
data/raw/public_hard_negatives/hiertext/f598b347357b9628.jpg,hiertext_text_scene,train,hiertext:f598b347357b9628
data/raw/public_hard_negatives/hiertext/e60a4bf2cc09941e.jpg,hiertext_text_scene,train,hiertext:e60a4bf2cc09941e
data/raw/public_hard_negatives/hiertext/a4465aa5969de952.jpg,hiertext_text_scene,train,hiertext:a4465aa5969de952
data/raw/public_hard_negatives/hiertext/3df65e15a3af9645.jpg,hiertext_text_scene,train,hiertext:3df65e15a3af9645
data/raw/public_hard_negatives/hiertext/673aa85a040eed0b.jpg,hiertext_text_scene,train,hiertext:673aa85a040eed0b
data/raw/public_hard_negatives/hiertext/2463c44bc93ca077.jpg,hiertext_text_scene,train,hiertext:2463c44bc93ca077
data/raw/public_hard_negatives/hiertext/ea42c991c5aecdc7.jpg,hiertext_text_scene,train,hiertext:ea42c991c5aecdc7
data/raw/public_hard_negatives/hiertext/95363bfb935e0217.jpg,hiertext_text_scene,train,hiertext:95363bfb935e0217
data/raw/public_hard_negatives/hiertext/b4a849b4d0de3011.jpg,hiertext_text_scene,test,hiertext:b4a849b4d0de3011
data/raw/public_hard_negatives/hiertext/d3cbedb76d4ff953.jpg,hiertext_text_scene,val,hiertext:d3cbedb76d4ff953
data/raw/public_hard_negatives/hiertext/e8d1be7082989099.jpg,hiertext_text_scene,val,hiertext:e8d1be7082989099
data/raw/public_hard_negatives/hiertext/322f5bc2e50cfdc8.jpg,hiertext_text_scene,train,hiertext:322f5bc2e50cfdc8
data/raw/public_hard_negatives/hiertext/40b983d1209839cb.jpg,hiertext_text_scene,test,hiertext:40b983d1209839cb
data/raw/public_hard_negatives/hiertext/8817ea284712f51b.jpg,hiertext_text_scene,train,hiertext:8817ea284712f51b
data/raw/public_hard_negatives/hiertext/52ceb045cacff471.jpg,hiertext_text_scene,train,hiertext:52ceb045cacff471
data/raw/public_hard_negatives/hiertext/e966d48f77cc771f.jpg,hiertext_text_scene,train,hiertext:e966d48f77cc771f
data/raw/public_hard_negatives/hiertext/4c54e98a228679a7.jpg,hiertext_text_scene,val,hiertext:4c54e98a228679a7
data/raw/public_hard_negatives/hiertext/a066cb031a75a4ad.jpg,hiertext_text_scene,train,hiertext:a066cb031a75a4ad
data/raw/public_hard_negatives/hiertext/519eb18a7f813a68.jpg,hiertext_text_scene,train,hiertext:519eb18a7f813a68
data/raw/public_hard_negatives/hiertext/ee97c1324f182e0c.jpg,hiertext_text_scene,train,hiertext:ee97c1324f182e0c
data/raw/public_hard_negatives/hiertext/043b7e93293b589f.jpg,hiertext_text_scene,train,hiertext:043b7e93293b589f
data/raw/public_hard_negatives/hiertext/fff21410301b0683.jpg,hiertext_text_scene,train,hiertext:fff21410301b0683
data/raw/public_hard_negatives/hiertext/39b2aad3aad757e8.jpg,hiertext_text_scene,train,hiertext:39b2aad3aad757e8
data/raw/public_hard_negatives/hiertext/4e09c5653e9d7836.jpg,hiertext_text_scene,train,hiertext:4e09c5653e9d7836
data/raw/public_hard_negatives/hiertext/93db9801fd265c01.jpg,hiertext_text_scene,train,hiertext:93db9801fd265c01
data/raw/public_hard_negatives/hiertext/68892e5cfa4054c1.jpg,hiertext_text_scene,val,hiertext:68892e5cfa4054c1
data/raw/public_hard_negatives/hiertext/57ece7949aa80e1a.jpg,hiertext_text_scene,val,hiertext:57ece7949aa80e1a
data/raw/public_hard_negatives/hiertext/9baa2412a1b56a5c.jpg,hiertext_text_scene,train,hiertext:9baa2412a1b56a5c
data/raw/public_hard_negatives/hiertext/8c72528d761137be.jpg,hiertext_text_scene,train,hiertext:8c72528d761137be
data/raw/public_hard_negatives/hiertext/8526bdcb4bca67e9.jpg,hiertext_text_scene,train,hiertext:8526bdcb4bca67e9
data/raw/public_hard_negatives/hiertext/7e42b6deffe9f0ad.jpg,hiertext_text_scene,train,hiertext:7e42b6deffe9f0ad
data/raw/public_hard_negatives/hiertext/a03e16b58763f87d.jpg,hiertext_text_scene,val,hiertext:a03e16b58763f87d
data/raw/public_hard_negatives/hiertext/e0068af71f399846.jpg,hiertext_text_scene,train,hiertext:e0068af71f399846
data/raw/public_hard_negatives/hiertext/c5b3801984c98e40.jpg,hiertext_text_scene,train,hiertext:c5b3801984c98e40
data/raw/public_hard_negatives/hiertext/dcee27acd6d6883b.jpg,hiertext_text_scene,train,hiertext:dcee27acd6d6883b
data/raw/public_hard_negatives/hiertext/59ba392c3dcd9815.jpg,hiertext_text_scene,test,hiertext:59ba392c3dcd9815
data/raw/public_hard_negatives/hiertext/a1bacac3784b1cb7.jpg,hiertext_text_scene,train,hiertext:a1bacac3784b1cb7
data/raw/public_hard_negatives/hiertext/0f425d64be97920d.jpg,hiertext_text_scene,train,hiertext:0f425d64be97920d
data/raw/public_hard_negatives/hiertext/fee6e10b47e7353a.jpg,hiertext_text_scene,train,hiertext:fee6e10b47e7353a
data/raw/public_hard_negatives/hiertext/89c07f77d1c28a4b.jpg,hiertext_text_scene,train,hiertext:89c07f77d1c28a4b
data/raw/public_hard_negatives/hiertext/a170eae71046e318.jpg,hiertext_text_scene,train,hiertext:a170eae71046e318
data/raw/public_hard_negatives/hiertext/eec86efed1be34cf.jpg,hiertext_text_scene,val,hiertext:eec86efed1be34cf
data/raw/public_hard_negatives/hiertext/96dd91982840b193.jpg,hiertext_text_scene,train,hiertext:96dd91982840b193
data/raw/public_hard_negatives/hiertext/0f8db5011a7037cf.jpg,hiertext_text_scene,train,hiertext:0f8db5011a7037cf
data/raw/public_hard_negatives/hiertext/9e5a39562079fc61.jpg,hiertext_text_scene,train,hiertext:9e5a39562079fc61
data/raw/public_hard_negatives/hiertext/8b25b7f33f759ca8.jpg,hiertext_text_scene,train,hiertext:8b25b7f33f759ca8
data/raw/public_hard_negatives/hiertext/0f6dd07d35f2ecee.jpg,hiertext_text_scene,train,hiertext:0f6dd07d35f2ecee
data/raw/public_hard_negatives/hiertext/e629e0e2fc0cd9ed.jpg,hiertext_text_scene,train,hiertext:e629e0e2fc0cd9ed
data/raw/public_hard_negatives/hiertext/c958e03db1f7e104.jpg,hiertext_text_scene,train,hiertext:c958e03db1f7e104
data/raw/public_hard_negatives/hiertext/6b3a667fc6e75662.jpg,hiertext_text_scene,train,hiertext:6b3a667fc6e75662
data/raw/public_hard_negatives/hiertext/3ae92b902b0b5329.jpg,hiertext_text_scene,train,hiertext:3ae92b902b0b5329
data/raw/public_hard_negatives/hiertext/f8cbc54f25fc8415.jpg,hiertext_text_scene,train,hiertext:f8cbc54f25fc8415
data/raw/public_hard_negatives/hiertext/6bb598814409577d.jpg,hiertext_text_scene,train,hiertext:6bb598814409577d
data/raw/public_hard_negatives/hiertext/4d4fd986142cb50f.jpg,hiertext_text_scene,train,hiertext:4d4fd986142cb50f
data/raw/public_hard_negatives/hiertext/f28ce6960805a9f2.jpg,hiertext_text_scene,train,hiertext:f28ce6960805a9f2
data/raw/public_hard_negatives/hiertext/7e5e830197b019fa.jpg,hiertext_text_scene,train,hiertext:7e5e830197b019fa
data/raw/public_hard_negatives/hiertext/8ae2be439d1886a6.jpg,hiertext_text_scene,train,hiertext:8ae2be439d1886a6
data/raw/public_hard_negatives/hiertext/af2ddc65295391cf.jpg,hiertext_text_scene,train,hiertext:af2ddc65295391cf
data/raw/public_hard_negatives/hiertext/86eb75430cf5d908.jpg,hiertext_text_scene,train,hiertext:86eb75430cf5d908
data/raw/public_hard_negatives/hiertext/7bfb5064c9e18411.jpg,hiertext_text_scene,test,hiertext:7bfb5064c9e18411
data/raw/public_hard_negatives/hiertext/13160f4632e4206e.jpg,hiertext_text_scene,train,hiertext:13160f4632e4206e
data/raw/public_hard_negatives/hiertext/862ae42ee2aa0292.jpg,hiertext_text_scene,train,hiertext:862ae42ee2aa0292
data/raw/public_hard_negatives/hiertext/3d8d769939ad6ecb.jpg,hiertext_text_scene,train,hiertext:3d8d769939ad6ecb
data/raw/public_hard_negatives/hiertext/38ef8a03aab1ee75.jpg,hiertext_text_scene,test,hiertext:38ef8a03aab1ee75
data/raw/public_hard_negatives/hiertext/0ae116c3ada0d021.jpg,hiertext_text_scene,train,hiertext:0ae116c3ada0d021
data/raw/public_hard_negatives/hiertext/31288e756d94714c.jpg,hiertext_text_scene,train,hiertext:31288e756d94714c
data/raw/public_hard_negatives/hiertext/a9bd3875c8957ee7.jpg,hiertext_text_scene,train,hiertext:a9bd3875c8957ee7
data/raw/public_hard_negatives/hiertext/5cfba89b787c1681.jpg,hiertext_text_scene,val,hiertext:5cfba89b787c1681
data/raw/public_hard_negatives/hiertext/f56a3acba1b39f9c.jpg,hiertext_text_scene,train,hiertext:f56a3acba1b39f9c
data/raw/public_hard_negatives/hiertext/3d874195d3c70081.jpg,hiertext_text_scene,train,hiertext:3d874195d3c70081
data/raw/public_hard_negatives/hiertext/c51c89367a983490.jpg,hiertext_text_scene,train,hiertext:c51c89367a983490
data/raw/public_hard_negatives/hiertext/f5ef2832a8495f91.jpg,hiertext_text_scene,val,hiertext:f5ef2832a8495f91
data/raw/public_hard_negatives/hiertext/606b551e4cc2313b.jpg,hiertext_text_scene,train,hiertext:606b551e4cc2313b
data/raw/public_hard_negatives/hiertext/636762606bd538c8.jpg,hiertext_text_scene,train,hiertext:636762606bd538c8
data/raw/public_hard_negatives/hiertext/a2b3271fb0453892.jpg,hiertext_text_scene,val,hiertext:a2b3271fb0453892
data/raw/public_hard_negatives/hiertext/b53eff5d68b89a73.jpg,hiertext_text_scene,train,hiertext:b53eff5d68b89a73
data/raw/public_hard_negatives/hiertext/5bdfd41e73fc8f2d.jpg,hiertext_text_scene,train,hiertext:5bdfd41e73fc8f2d
data/raw/public_hard_negatives/hiertext/8d077835903119a2.jpg,hiertext_text_scene,train,hiertext:8d077835903119a2
data/raw/public_hard_negatives/hiertext/7544174e4d32a956.jpg,hiertext_text_scene,train,hiertext:7544174e4d32a956
data/raw/public_hard_negatives/hiertext/4555a78be4b2431f.jpg,hiertext_text_scene,train,hiertext:4555a78be4b2431f
data/raw/public_hard_negatives/hiertext/f0d5be7b423bd666.jpg,hiertext_text_scene,val,hiertext:f0d5be7b423bd666
data/raw/public_hard_negatives/hiertext/0e540a946561f68a.jpg,hiertext_text_scene,train,hiertext:0e540a946561f68a
data/raw/public_hard_negatives/hiertext/5841f489fb1b5f77.jpg,hiertext_text_scene,train,hiertext:5841f489fb1b5f77
data/raw/public_hard_negatives/hiertext/92c04cd59aea58b3.jpg,hiertext_text_scene,val,hiertext:92c04cd59aea58b3
data/raw/public_hard_negatives/hiertext/409a18936c552f05.jpg,hiertext_text_scene,train,hiertext:409a18936c552f05
data/raw/public_hard_negatives/hiertext/6404e4604e29867d.jpg,hiertext_text_scene,train,hiertext:6404e4604e29867d
data/raw/public_hard_negatives/hiertext/421bc6bcf8f93f9e.jpg,hiertext_text_scene,train,hiertext:421bc6bcf8f93f9e
data/raw/public_hard_negatives/hiertext/fcf925f0e2ef6198.jpg,hiertext_text_scene,train,hiertext:fcf925f0e2ef6198
data/raw/public_hard_negatives/hiertext/a93c8fe0e15346d6.jpg,hiertext_text_scene,train,hiertext:a93c8fe0e15346d6
data/raw/public_hard_negatives/hiertext/b3acef0d0d4c3da7.jpg,hiertext_text_scene,train,hiertext:b3acef0d0d4c3da7
data/raw/public_hard_negatives/hiertext/be03199fbd6828bd.jpg,hiertext_text_scene,train,hiertext:be03199fbd6828bd
data/raw/public_hard_negatives/hiertext/5262ca23757b930b.jpg,hiertext_text_scene,val,hiertext:5262ca23757b930b
data/raw/public_hard_negatives/hiertext/89b0418d9971b4a5.jpg,hiertext_text_scene,train,hiertext:89b0418d9971b4a5
data/raw/public_hard_negatives/hiertext/a2364c31de73114d.jpg,hiertext_text_scene,train,hiertext:a2364c31de73114d
data/raw/public_hard_negatives/hiertext/0144982d3d323b25.jpg,hiertext_text_scene,test,hiertext:0144982d3d323b25
data/raw/public_hard_negatives/hiertext/b6cd82323c09b36f.jpg,hiertext_text_scene,train,hiertext:b6cd82323c09b36f
data/raw/public_hard_negatives/hiertext/de7d52c67db36fc0.jpg,hiertext_text_scene,test,hiertext:de7d52c67db36fc0
data/raw/public_hard_negatives/hiertext/9358016f216f6c9d.jpg,hiertext_text_scene,train,hiertext:9358016f216f6c9d
data/raw/public_hard_negatives/hiertext/743c85d498315a0e.jpg,hiertext_text_scene,train,hiertext:743c85d498315a0e
data/raw/public_hard_negatives/hiertext/b367153756be74c7.jpg,hiertext_text_scene,train,hiertext:b367153756be74c7
data/raw/public_hard_negatives/hiertext/80baf8ca6d00be3b.jpg,hiertext_text_scene,val,hiertext:80baf8ca6d00be3b
data/raw/public_hard_negatives/hiertext/0558ce6ed7f4e6d1.jpg,hiertext_text_scene,train,hiertext:0558ce6ed7f4e6d1
data/raw/public_hard_negatives/hiertext/9ab7b5819a5da01e.jpg,hiertext_text_scene,train,hiertext:9ab7b5819a5da01e
data/raw/public_hard_negatives/hiertext/050bf08413b35ab1.jpg,hiertext_text_scene,train,hiertext:050bf08413b35ab1
data/raw/public_hard_negatives/hiertext/64e0fcb9242e306c.jpg,hiertext_text_scene,train,hiertext:64e0fcb9242e306c
data/raw/public_hard_negatives/hiertext/490afae9ff9e98a6.jpg,hiertext_text_scene,val,hiertext:490afae9ff9e98a6
data/raw/public_hard_negatives/hiertext/3161527fb4849521.jpg,hiertext_text_scene,train,hiertext:3161527fb4849521
data/raw/public_hard_negatives/hiertext/4bcd774eb5ecefb6.jpg,hiertext_text_scene,train,hiertext:4bcd774eb5ecefb6
data/raw/public_hard_negatives/hiertext/0b4912b998fea4fb.jpg,hiertext_text_scene,train,hiertext:0b4912b998fea4fb
data/raw/public_hard_negatives/hiertext/73c4c581414b06fb.jpg,hiertext_text_scene,train,hiertext:73c4c581414b06fb
data/raw/public_hard_negatives/hiertext/b041d855cd129c74.jpg,hiertext_text_scene,test,hiertext:b041d855cd129c74
data/raw/public_hard_negatives/hiertext/b8753d171f1f954d.jpg,hiertext_text_scene,train,hiertext:b8753d171f1f954d
data/raw/public_hard_negatives/hiertext/df7b8a70d3d3effc.jpg,hiertext_text_scene,train,hiertext:df7b8a70d3d3effc
data/raw/public_hard_negatives/hiertext/dca147ce445da6b6.jpg,hiertext_text_scene,train,hiertext:dca147ce445da6b6
data/raw/public_hard_negatives/hiertext/5fdcb191c15923ff.jpg,hiertext_text_scene,train,hiertext:5fdcb191c15923ff
data/raw/public_hard_negatives/hiertext/755525a0555db9bd.jpg,hiertext_text_scene,test,hiertext:755525a0555db9bd
data/raw/public_hard_negatives/hiertext/ecce4b5f78aa68a6.jpg,hiertext_text_scene,train,hiertext:ecce4b5f78aa68a6
data/raw/public_hard_negatives/hiertext/529dcdb7a87af94e.jpg,hiertext_text_scene,val,hiertext:529dcdb7a87af94e
data/raw/public_hard_negatives/hiertext/8be7188afb5c8a37.jpg,hiertext_text_scene,train,hiertext:8be7188afb5c8a37
data/raw/public_hard_negatives/hiertext/41abd84c5d49e9ec.jpg,hiertext_text_scene,train,hiertext:41abd84c5d49e9ec
data/raw/public_hard_negatives/hiertext/41e8093065b69b33.jpg,hiertext_text_scene,test,hiertext:41e8093065b69b33
data/raw/public_hard_negatives/hiertext/83e0e51f627a741d.jpg,hiertext_text_scene,train,hiertext:83e0e51f627a741d
data/raw/public_hard_negatives/hiertext/765e06edc56d5695.jpg,hiertext_text_scene,val,hiertext:765e06edc56d5695
data/raw/public_hard_negatives/hiertext/8796d2d29c8e5b9a.jpg,hiertext_text_scene,train,hiertext:8796d2d29c8e5b9a
data/raw/public_hard_negatives/hiertext/76812a452561d99f.jpg,hiertext_text_scene,train,hiertext:76812a452561d99f
data/raw/public_hard_negatives/hiertext/1a94541acb461d78.jpg,hiertext_text_scene,train,hiertext:1a94541acb461d78
data/raw/public_hard_negatives/hiertext/edf0dca03698fbda.jpg,hiertext_text_scene,val,hiertext:edf0dca03698fbda
data/raw/public_hard_negatives/hiertext/891e983041ecfc89.jpg,hiertext_text_scene,train,hiertext:891e983041ecfc89
data/raw/public_hard_negatives/hiertext/086a367c2478e5e3.jpg,hiertext_text_scene,train,hiertext:086a367c2478e5e3
data/raw/public_hard_negatives/hiertext/ac95336ada1ab474.jpg,hiertext_text_scene,train,hiertext:ac95336ada1ab474
data/raw/public_hard_negatives/hiertext/ec714b7642c67d57.jpg,hiertext_text_scene,train,hiertext:ec714b7642c67d57
data/raw/public_hard_negatives/hiertext/f3f3db73848153f6.jpg,hiertext_text_scene,val,hiertext:f3f3db73848153f6
data/raw/public_hard_negatives/hiertext/68e3f1f3f4ecce97.jpg,hiertext_text_scene,train,hiertext:68e3f1f3f4ecce97
data/raw/public_hard_negatives/hiertext/2db014ccd11e52b7.jpg,hiertext_text_scene,train,hiertext:2db014ccd11e52b7
data/raw/public_hard_negatives/hiertext/d4af94dc678962fd.jpg,hiertext_text_scene,train,hiertext:d4af94dc678962fd
data/raw/public_hard_negatives/hiertext/24d07cd4175a99c1.jpg,hiertext_text_scene,train,hiertext:24d07cd4175a99c1
data/raw/public_hard_negatives/hiertext/46f666c9c19780d9.jpg,hiertext_text_scene,train,hiertext:46f666c9c19780d9
data/raw/public_hard_negatives/hiertext/3c57bae8f2575f7a.jpg,hiertext_text_scene,train,hiertext:3c57bae8f2575f7a
data/raw/public_hard_negatives/hiertext/043728e896c1c506.jpg,hiertext_text_scene,train,hiertext:043728e896c1c506
data/raw/public_hard_negatives/hiertext/443f47a55cea3560.jpg,hiertext_text_scene,train,hiertext:443f47a55cea3560
data/raw/public_hard_negatives/hiertext/08e481cfddb5ab42.jpg,hiertext_text_scene,train,hiertext:08e481cfddb5ab42
data/raw/public_hard_negatives/hiertext/c9eb63f2ace42c79.jpg,hiertext_text_scene,train,hiertext:c9eb63f2ace42c79
data/raw/public_hard_negatives/hiertext/b0ee7ca0acef7da6.jpg,hiertext_text_scene,test,hiertext:b0ee7ca0acef7da6
data/raw/public_hard_negatives/hiertext/9c2ed4bea36fec9f.jpg,hiertext_text_scene,train,hiertext:9c2ed4bea36fec9f
data/raw/public_hard_negatives/hiertext/d9e9136836ad922a.jpg,hiertext_text_scene,train,hiertext:d9e9136836ad922a
data/raw/public_hard_negatives/hiertext/3f2f166c4216a7ce.jpg,hiertext_text_scene,train,hiertext:3f2f166c4216a7ce
data/raw/public_hard_negatives/hiertext/d6d8baa32f96d2e8.jpg,hiertext_text_scene,train,hiertext:d6d8baa32f96d2e8
data/raw/public_hard_negatives/hiertext/1cc17232ecf7f50c.jpg,hiertext_text_scene,train,hiertext:1cc17232ecf7f50c
data/raw/public_hard_negatives/hiertext/995f2ab706b68006.jpg,hiertext_text_scene,train,hiertext:995f2ab706b68006
data/raw/public_hard_negatives/hiertext/f8a979d3ffb4711a.jpg,hiertext_text_scene,train,hiertext:f8a979d3ffb4711a
data/raw/public_hard_negatives/hiertext/a0865294f4dedd6c.jpg,hiertext_text_scene,train,hiertext:a0865294f4dedd6c
data/raw/public_hard_negatives/hiertext/88a93d25f838b9b4.jpg,hiertext_text_scene,train,hiertext:88a93d25f838b9b4
data/raw/public_hard_negatives/hiertext/8fef6bc3b9723d7a.jpg,hiertext_text_scene,train,hiertext:8fef6bc3b9723d7a
data/raw/public_hard_negatives/hiertext/ef4e35edac32660b.jpg,hiertext_text_scene,train,hiertext:ef4e35edac32660b
data/raw/public_hard_negatives/hiertext/9516d3051bbd146a.jpg,hiertext_text_scene,train,hiertext:9516d3051bbd146a
data/raw/public_hard_negatives/hiertext/e21d00c299083ea3.jpg,hiertext_text_scene,train,hiertext:e21d00c299083ea3
data/raw/public_hard_negatives/hiertext/7f95640b675f08c3.jpg,hiertext_text_scene,val,hiertext:7f95640b675f08c3
data/raw/public_hard_negatives/hiertext/3eaa95823aac7b57.jpg,hiertext_text_scene,train,hiertext:3eaa95823aac7b57
data/raw/public_hard_negatives/hiertext/b7dcea139098df00.jpg,hiertext_text_scene,train,hiertext:b7dcea139098df00
data/raw/public_hard_negatives/hiertext/5e3a0b410a59c9fc.jpg,hiertext_text_scene,train,hiertext:5e3a0b410a59c9fc
data/raw/public_hard_negatives/hiertext/12cbe153ac52d659.jpg,hiertext_text_scene,test,hiertext:12cbe153ac52d659
data/raw/public_hard_negatives/hiertext/25787b4e3774cb9e.jpg,hiertext_text_scene,train,hiertext:25787b4e3774cb9e
data/raw/public_hard_negatives/hiertext/bec8b95d10c1da3a.jpg,hiertext_text_scene,val,hiertext:bec8b95d10c1da3a
data/raw/public_hard_negatives/hiertext/d7817c5120b73946.jpg,hiertext_text_scene,val,hiertext:d7817c5120b73946
data/raw/public_hard_negatives/hiertext/4ac8e14fb0756bfa.jpg,hiertext_text_scene,train,hiertext:4ac8e14fb0756bfa
data/raw/public_hard_negatives/hiertext/f70efbb02c4146ac.jpg,hiertext_text_scene,train,hiertext:f70efbb02c4146ac
data/raw/public_hard_negatives/hiertext/52cbc0d10cfa5769.jpg,hiertext_text_scene,train,hiertext:52cbc0d10cfa5769
data/raw/public_hard_negatives/hiertext/97bf1d93d2411594.jpg,hiertext_text_scene,test,hiertext:97bf1d93d2411594
data/raw/public_hard_negatives/hiertext/29a92bcc9eded0bb.jpg,hiertext_text_scene,train,hiertext:29a92bcc9eded0bb
data/raw/public_hard_negatives/hiertext/77a3be2e7367a9bb.jpg,hiertext_text_scene,train,hiertext:77a3be2e7367a9bb
data/raw/public_hard_negatives/hiertext/c42b5ade830351cd.jpg,hiertext_text_scene,train,hiertext:c42b5ade830351cd
data/raw/public_hard_negatives/hiertext/a6cd2ab5857929db.jpg,hiertext_text_scene,train,hiertext:a6cd2ab5857929db
data/raw/public_hard_negatives/hiertext/ba5c0190fefe90ee.jpg,hiertext_text_scene,train,hiertext:ba5c0190fefe90ee
data/raw/public_hard_negatives/hiertext/6ca7fbd2b041d562.jpg,hiertext_text_scene,train,hiertext:6ca7fbd2b041d562
data/raw/public_hard_negatives/hiertext/4a57663b4ad81dba.jpg,hiertext_text_scene,train,hiertext:4a57663b4ad81dba
data/raw/public_hard_negatives/hiertext/c5b92db91673f245.jpg,hiertext_text_scene,train,hiertext:c5b92db91673f245
data/raw/public_hard_negatives/hiertext/4c6b17e51862808e.jpg,hiertext_text_scene,val,hiertext:4c6b17e51862808e
data/raw/public_hard_negatives/hiertext/68838e6cbb6d123c.jpg,hiertext_text_scene,train,hiertext:68838e6cbb6d123c
data/raw/public_hard_negatives/hiertext/eba4db029e2c9ba9.jpg,hiertext_text_scene,train,hiertext:eba4db029e2c9ba9
data/raw/public_hard_negatives/hiertext/bdd42cf8ff669396.jpg,hiertext_text_scene,train,hiertext:bdd42cf8ff669396
data/raw/public_hard_negatives/hiertext/c4c7704b59d2ebb8.jpg,hiertext_text_scene,train,hiertext:c4c7704b59d2ebb8
data/raw/public_hard_negatives/hiertext/4d33e27e052ddbf6.jpg,hiertext_text_scene,test,hiertext:4d33e27e052ddbf6
data/raw/public_hard_negatives/hiertext/1f2f0fdae0c15f1a.jpg,hiertext_text_scene,train,hiertext:1f2f0fdae0c15f1a
data/raw/public_hard_negatives/hiertext/585376b0f6c85bcf.jpg,hiertext_text_scene,test,hiertext:585376b0f6c85bcf
data/raw/public_hard_negatives/hiertext/e3ca7f716ca4bcf1.jpg,hiertext_text_scene,train,hiertext:e3ca7f716ca4bcf1
data/raw/public_hard_negatives/hiertext/d2037606b2b184bd.jpg,hiertext_text_scene,test,hiertext:d2037606b2b184bd
data/raw/public_hard_negatives/hiertext/c237f9cec8e311b0.jpg,hiertext_text_scene,train,hiertext:c237f9cec8e311b0
data/raw/public_hard_negatives/hiertext/a9ebd5e98ca02c94.jpg,hiertext_text_scene,train,hiertext:a9ebd5e98ca02c94
data/raw/public_hard_negatives/hiertext/2dd360155f8e8c06.jpg,hiertext_text_scene,test,hiertext:2dd360155f8e8c06
data/raw/public_hard_negatives/hiertext/68597dd8ae4ddb29.jpg,hiertext_text_scene,train,hiertext:68597dd8ae4ddb29
data/raw/public_hard_negatives/hiertext/1956eb2fe8374f57.jpg,hiertext_text_scene,train,hiertext:1956eb2fe8374f57
data/raw/public_hard_negatives/hiertext/1287bbaf6242f8df.jpg,hiertext_text_scene,train,hiertext:1287bbaf6242f8df
data/raw/public_hard_negatives/hiertext/bfd4d8c47b1ed3e3.jpg,hiertext_text_scene,train,hiertext:bfd4d8c47b1ed3e3
data/raw/public_hard_negatives/hiertext/79e130fb92d0d6cc.jpg,hiertext_text_scene,train,hiertext:79e130fb92d0d6cc
data/raw/public_hard_negatives/hiertext/9c1277de1c19689b.jpg,hiertext_text_scene,train,hiertext:9c1277de1c19689b
data/raw/public_hard_negatives/hiertext/ae2c81ba96089c32.jpg,hiertext_text_scene,train,hiertext:ae2c81ba96089c32
data/raw/public_hard_negatives/hiertext/e20fbc5878d56a36.jpg,hiertext_text_scene,train,hiertext:e20fbc5878d56a36
data/raw/public_hard_negatives/hiertext/c6d872d9d43bc935.jpg,hiertext_text_scene,train,hiertext:c6d872d9d43bc935
data/raw/public_hard_negatives/hiertext/3cba28cdd5f6a9aa.jpg,hiertext_text_scene,train,hiertext:3cba28cdd5f6a9aa
data/raw/public_hard_negatives/hiertext/76863547a40aad4d.jpg,hiertext_text_scene,train,hiertext:76863547a40aad4d
data/raw/public_hard_negatives/hiertext/7bef38ae33c475b1.jpg,hiertext_text_scene,train,hiertext:7bef38ae33c475b1
data/raw/public_hard_negatives/hiertext/86dcf1f1b71f5e62.jpg,hiertext_text_scene,val,hiertext:86dcf1f1b71f5e62
data/raw/public_hard_negatives/hiertext/0346fb78e8f67579.jpg,hiertext_text_scene,train,hiertext:0346fb78e8f67579
data/raw/public_hard_negatives/hiertext/b8b0768a16e3c1a1.jpg,hiertext_text_scene,train,hiertext:b8b0768a16e3c1a1
data/raw/public_hard_negatives/hiertext/8e5217340dc81231.jpg,hiertext_text_scene,test,hiertext:8e5217340dc81231
data/raw/public_hard_negatives/hiertext/b939af893029f4f6.jpg,hiertext_text_scene,train,hiertext:b939af893029f4f6
data/raw/public_hard_negatives/hiertext/1870a2c219a5f389.jpg,hiertext_text_scene,test,hiertext:1870a2c219a5f389
data/raw/public_hard_negatives/hiertext/f6382fc0c0c8a23c.jpg,hiertext_text_scene,train,hiertext:f6382fc0c0c8a23c
data/raw/public_hard_negatives/hiertext/c6a1221e6dc7ac3a.jpg,hiertext_text_scene,train,hiertext:c6a1221e6dc7ac3a
data/raw/public_hard_negatives/hiertext/8d340cd15ca922f8.jpg,hiertext_text_scene,test,hiertext:8d340cd15ca922f8
data/raw/public_hard_negatives/hiertext/6f7d4687a7434bbf.jpg,hiertext_text_scene,test,hiertext:6f7d4687a7434bbf
data/raw/public_hard_negatives/hiertext/91f7cbd512961018.jpg,hiertext_text_scene,train,hiertext:91f7cbd512961018
data/raw/public_hard_negatives/hiertext/c1b200d372cbd970.jpg,hiertext_text_scene,train,hiertext:c1b200d372cbd970
data/raw/public_hard_negatives/hiertext/f0075316b0a0dce6.jpg,hiertext_text_scene,train,hiertext:f0075316b0a0dce6
data/raw/public_hard_negatives/hiertext/d58d4d50211f605e.jpg,hiertext_text_scene,test,hiertext:d58d4d50211f605e
data/raw/public_hard_negatives/hiertext/f3593644b53248a3.jpg,hiertext_text_scene,train,hiertext:f3593644b53248a3
data/raw/public_hard_negatives/hiertext/aecd9ca749cd4471.jpg,hiertext_text_scene,test,hiertext:aecd9ca749cd4471
data/raw/public_hard_negatives/hiertext/a018d36e4dea2053.jpg,hiertext_text_scene,train,hiertext:a018d36e4dea2053
data/raw/public_hard_negatives/hiertext/06d6db5dd53d4768.jpg,hiertext_text_scene,train,hiertext:06d6db5dd53d4768
data/raw/public_hard_negatives/hiertext/82325235ce5d3931.jpg,hiertext_text_scene,val,hiertext:82325235ce5d3931
data/raw/public_hard_negatives/hiertext/ea6e16c4a1edaa0f.jpg,hiertext_text_scene,train,hiertext:ea6e16c4a1edaa0f
data/raw/public_hard_negatives/hiertext/79d0891f8bea64c7.jpg,hiertext_text_scene,train,hiertext:79d0891f8bea64c7
data/raw/public_hard_negatives/hiertext/dcfa13daf1dff73b.jpg,hiertext_text_scene,train,hiertext:dcfa13daf1dff73b
data/raw/public_hard_negatives/hiertext/3274d8b828ffd6b0.jpg,hiertext_text_scene,train,hiertext:3274d8b828ffd6b0
data/raw/public_hard_negatives/hiertext/3ea969425b1c88bd.jpg,hiertext_text_scene,train,hiertext:3ea969425b1c88bd
data/raw/public_hard_negatives/hiertext/6eaf3336c6ed0e0f.jpg,hiertext_text_scene,train,hiertext:6eaf3336c6ed0e0f
data/raw/public_hard_negatives/hiertext/0a2c4ca4b143b784.jpg,hiertext_text_scene,train,hiertext:0a2c4ca4b143b784
data/raw/public_hard_negatives/hiertext/2dfbbe4db4d6bedb.jpg,hiertext_text_scene,train,hiertext:2dfbbe4db4d6bedb
data/raw/public_hard_negatives/hiertext/c3421dd00e99672d.jpg,hiertext_text_scene,train,hiertext:c3421dd00e99672d
data/raw/public_hard_negatives/hiertext/1f98e46bd6fc95c2.jpg,hiertext_text_scene,train,hiertext:1f98e46bd6fc95c2
data/raw/public_hard_negatives/hiertext/edb870be76750888.jpg,hiertext_text_scene,train,hiertext:edb870be76750888
data/raw/public_hard_negatives/hiertext/2a8b8861dfb1fce0.jpg,hiertext_text_scene,train,hiertext:2a8b8861dfb1fce0
data/raw/public_hard_negatives/hiertext/4e4a787841bfeb44.jpg,hiertext_text_scene,train,hiertext:4e4a787841bfeb44
data/raw/public_hard_negatives/hiertext/68edcb6c26ec9d26.jpg,hiertext_text_scene,train,hiertext:68edcb6c26ec9d26
data/raw/public_hard_negatives/hiertext/81a32f25382962d7.jpg,hiertext_text_scene,test,hiertext:81a32f25382962d7
data/raw/public_hard_negatives/hiertext/79f3f2a557aed006.jpg,hiertext_text_scene,train,hiertext:79f3f2a557aed006
data/raw/public_hard_negatives/hiertext/e3ffd0c640d66df1.jpg,hiertext_text_scene,train,hiertext:e3ffd0c640d66df1
data/raw/public_hard_negatives/hiertext/7a77d5103b9d7173.jpg,hiertext_text_scene,train,hiertext:7a77d5103b9d7173
data/raw/public_hard_negatives/hiertext/078780fdeca93ec0.jpg,hiertext_text_scene,train,hiertext:078780fdeca93ec0
data/raw/public_hard_negatives/hiertext/3cf13a8165a80f00.jpg,hiertext_text_scene,train,hiertext:3cf13a8165a80f00
data/raw/public_hard_negatives/hiertext/3e9c2bb1694a2b73.jpg,hiertext_text_scene,test,hiertext:3e9c2bb1694a2b73
data/raw/public_hard_negatives/hiertext/68a9d0e11334bb88.jpg,hiertext_text_scene,train,hiertext:68a9d0e11334bb88
data/raw/public_hard_negatives/hiertext/6f92aad5ee4e5743.jpg,hiertext_text_scene,val,hiertext:6f92aad5ee4e5743
data/raw/public_hard_negatives/hiertext/512f6234529237cc.jpg,hiertext_text_scene,test,hiertext:512f6234529237cc
data/raw/public_hard_negatives/hiertext/d8c7dfefbf5b3922.jpg,hiertext_text_scene,train,hiertext:d8c7dfefbf5b3922
data/raw/public_hard_negatives/hiertext/f5e4d32892146de2.jpg,hiertext_text_scene,train,hiertext:f5e4d32892146de2
data/raw/public_hard_negatives/hiertext/bfa1ecc0aa6e9711.jpg,hiertext_text_scene,train,hiertext:bfa1ecc0aa6e9711
data/raw/public_hard_negatives/hiertext/0ae42092c023f2e3.jpg,hiertext_text_scene,train,hiertext:0ae42092c023f2e3
data/raw/public_hard_negatives/hiertext/44f2ba542afbaca4.jpg,hiertext_text_scene,train,hiertext:44f2ba542afbaca4
data/raw/public_hard_negatives/hiertext/d36f016bd891eadb.jpg,hiertext_text_scene,train,hiertext:d36f016bd891eadb
data/raw/public_hard_negatives/hiertext/adf5b660bcebbcdd.jpg,hiertext_text_scene,train,hiertext:adf5b660bcebbcdd
data/raw/public_hard_negatives/hiertext/b043bb62b0cbc3f1.jpg,hiertext_text_scene,train,hiertext:b043bb62b0cbc3f1
data/raw/public_hard_negatives/hiertext/d5faa15bfda6af49.jpg,hiertext_text_scene,train,hiertext:d5faa15bfda6af49
data/raw/public_hard_negatives/hiertext/a3335d4757d72cb7.jpg,hiertext_text_scene,train,hiertext:a3335d4757d72cb7
data/raw/public_hard_negatives/hiertext/43738ed818c668df.jpg,hiertext_text_scene,train,hiertext:43738ed818c668df
data/raw/public_hard_negatives/hiertext/3ec01b023cecfdcc.jpg,hiertext_text_scene,train,hiertext:3ec01b023cecfdcc
data/raw/public_hard_negatives/hiertext/0458b386faa2a422.jpg,hiertext_text_scene,train,hiertext:0458b386faa2a422
data/raw/public_hard_negatives/hiertext/f4305c5610ff670f.jpg,hiertext_text_scene,train,hiertext:f4305c5610ff670f
data/raw/public_hard_negatives/hiertext/754e6021acc3fff0.jpg,hiertext_text_scene,train,hiertext:754e6021acc3fff0
data/raw/public_hard_negatives/hiertext/30a7208a7004d7f4.jpg,hiertext_text_scene,train,hiertext:30a7208a7004d7f4
data/raw/public_hard_negatives/hiertext/4034bac2cb8dfe73.jpg,hiertext_text_scene,test,hiertext:4034bac2cb8dfe73
data/raw/public_hard_negatives/hiertext/597638cd8bb0b752.jpg,hiertext_text_scene,val,hiertext:597638cd8bb0b752
data/raw/public_hard_negatives/hiertext/f3e973b78b9cfb76.jpg,hiertext_text_scene,train,hiertext:f3e973b78b9cfb76
data/raw/public_hard_negatives/hiertext/83499e8f67512938.jpg,hiertext_text_scene,train,hiertext:83499e8f67512938
data/raw/public_hard_negatives/hiertext/0185186d9d8b04e2.jpg,hiertext_text_scene,val,hiertext:0185186d9d8b04e2
data/raw/public_hard_negatives/hiertext/a3248b7e5f52a0cd.jpg,hiertext_text_scene,val,hiertext:a3248b7e5f52a0cd
data/raw/public_hard_negatives/hiertext/824ba7853babc619.jpg,hiertext_text_scene,train,hiertext:824ba7853babc619
data/raw/public_hard_negatives/hiertext/5c4d5de59518fe4d.jpg,hiertext_text_scene,train,hiertext:5c4d5de59518fe4d
data/raw/public_hard_negatives/hiertext/d291f2afecf9a86c.jpg,hiertext_text_scene,train,hiertext:d291f2afecf9a86c
data/raw/public_hard_negatives/hiertext/95d2dd5b0a01a202.jpg,hiertext_text_scene,val,hiertext:95d2dd5b0a01a202
data/raw/public_hard_negatives/hiertext/e7f3618302512bb1.jpg,hiertext_text_scene,train,hiertext:e7f3618302512bb1
data/raw/public_hard_negatives/hiertext/413b4a29b75c4201.jpg,hiertext_text_scene,train,hiertext:413b4a29b75c4201
data/raw/public_hard_negatives/hiertext/9d89cb2b97825bb0.jpg,hiertext_text_scene,train,hiertext:9d89cb2b97825bb0
data/raw/public_hard_negatives/hiertext/ee4db4f0ca768d3b.jpg,hiertext_text_scene,val,hiertext:ee4db4f0ca768d3b
data/raw/public_hard_negatives/hiertext/7d3cf837897794a8.jpg,hiertext_text_scene,train,hiertext:7d3cf837897794a8
data/raw/public_hard_negatives/hiertext/a058d9561cdb9540.jpg,hiertext_text_scene,test,hiertext:a058d9561cdb9540
data/raw/public_hard_negatives/hiertext/522c6ed46da39742.jpg,hiertext_text_scene,train,hiertext:522c6ed46da39742
data/raw/public_hard_negatives/hiertext/7b7942bfcf83bc17.jpg,hiertext_text_scene,train,hiertext:7b7942bfcf83bc17
data/raw/public_hard_negatives/hiertext/3334b694270e4599.jpg,hiertext_text_scene,train,hiertext:3334b694270e4599
data/raw/public_hard_negatives/hiertext/16f097c5d6407f7d.jpg,hiertext_text_scene,train,hiertext:16f097c5d6407f7d
data/raw/public_hard_negatives/hiertext/34ee2167a1180f55.jpg,hiertext_text_scene,train,hiertext:34ee2167a1180f55
data/raw/public_hard_negatives/hiertext/8ac12396f965e3e5.jpg,hiertext_text_scene,train,hiertext:8ac12396f965e3e5
data/raw/public_hard_negatives/hiertext/9aeb4af0008af831.jpg,hiertext_text_scene,train,hiertext:9aeb4af0008af831
data/raw/public_hard_negatives/hiertext/64f541df94b22004.jpg,hiertext_text_scene,train,hiertext:64f541df94b22004
data/raw/public_hard_negatives/hiertext/ae6afb5ec2725af5.jpg,hiertext_text_scene,train,hiertext:ae6afb5ec2725af5
data/raw/public_hard_negatives/hiertext/994d59ce4196369a.jpg,hiertext_text_scene,test,hiertext:994d59ce4196369a
data/raw/public_hard_negatives/hiertext/39fd7d18c550a0f2.jpg,hiertext_text_scene,train,hiertext:39fd7d18c550a0f2
data/raw/public_hard_negatives/hiertext/929bc222a53b3cdc.jpg,hiertext_text_scene,train,hiertext:929bc222a53b3cdc
data/raw/public_hard_negatives/hiertext/bfde67b339c84c05.jpg,hiertext_text_scene,test,hiertext:bfde67b339c84c05
data/raw/public_hard_negatives/hiertext/bdc508254b92ff40.jpg,hiertext_text_scene,train,hiertext:bdc508254b92ff40
data/raw/public_hard_negatives/hiertext/27dbbff1acd56a80.jpg,hiertext_text_scene,train,hiertext:27dbbff1acd56a80
data/raw/public_hard_negatives/hiertext/f834399c5d07ec96.jpg,hiertext_text_scene,train,hiertext:f834399c5d07ec96
data/raw/public_hard_negatives/hiertext/a1fc3a481c270b9f.jpg,hiertext_text_scene,train,hiertext:a1fc3a481c270b9f
data/raw/public_hard_negatives/hiertext/66db30d3d594ef2c.jpg,hiertext_text_scene,test,hiertext:66db30d3d594ef2c
data/raw/public_hard_negatives/hiertext/df7f74537133e3f6.jpg,hiertext_text_scene,train,hiertext:df7f74537133e3f6
data/raw/public_hard_negatives/hiertext/399263e9fd005727.jpg,hiertext_text_scene,val,hiertext:399263e9fd005727
data/raw/public_hard_negatives/hiertext/10e3c88e3dbe8895.jpg,hiertext_text_scene,train,hiertext:10e3c88e3dbe8895
data/raw/public_hard_negatives/hiertext/9a53fe9785842b45.jpg,hiertext_text_scene,train,hiertext:9a53fe9785842b45
data/raw/public_hard_negatives/hiertext/0532d7adab8961c4.jpg,hiertext_text_scene,train,hiertext:0532d7adab8961c4
data/raw/public_hard_negatives/hiertext/270258fadc348ae4.jpg,hiertext_text_scene,train,hiertext:270258fadc348ae4
data/raw/public_hard_negatives/hiertext/a4be79daacc0a863.jpg,hiertext_text_scene,train,hiertext:a4be79daacc0a863
data/raw/public_hard_negatives/hiertext/97844a7ad3841e34.jpg,hiertext_text_scene,train,hiertext:97844a7ad3841e34
data/raw/public_hard_negatives/hiertext/d1dcbd177c99e6b6.jpg,hiertext_text_scene,val,hiertext:d1dcbd177c99e6b6
data/raw/public_hard_negatives/hiertext/5bd88615bc44be48.jpg,hiertext_text_scene,val,hiertext:5bd88615bc44be48
data/raw/public_hard_negatives/hiertext/7a7895ff9f6355f1.jpg,hiertext_text_scene,train,hiertext:7a7895ff9f6355f1
data/raw/public_hard_negatives/hiertext/1d6118681cb86db7.jpg,hiertext_text_scene,train,hiertext:1d6118681cb86db7
data/raw/public_hard_negatives/hiertext/2bd7680de67a1c61.jpg,hiertext_text_scene,train,hiertext:2bd7680de67a1c61
data/raw/public_hard_negatives/hiertext/fbaa25e7bcd5737f.jpg,hiertext_text_scene,train,hiertext:fbaa25e7bcd5737f
