filepath,invoice_label,split,source_doc
data/raw/pool/pos_cord_receipts_00001.jpg,1,train,data/raw/pool/pos_cord_receipts_00001.jpg
data/raw/pool/pos_cord_receipts_00002.jpg,1,train,data/raw/pool/pos_cord_receipts_00002.jpg
data/raw/pool/pos_cord_receipts_00003.jpg,1,train,data/raw/pool/pos_cord_receipts_00003.jpg
data/raw/pool/pos_cord_receipts_00005.jpg,1,train,data/raw/pool/pos_cord_receipts_00005.jpg
data/raw/pool/pos_cord_receipts_00007.jpg,1,train,data/raw/pool/pos_cord_receipts_00007.jpg
data/raw/pool/pos_cord_receipts_00008.jpg,1,train,data/raw/pool/pos_cord_receipts_00008.jpg
data/raw/pool/pos_cord_receipts_00009.jpg,1,train,data/raw/pool/pos_cord_receipts_00009.jpg
data/raw/pool/pos_cord_receipts_00010.jpg,1,train,data/raw/pool/pos_cord_receipts_00010.jpg
data/raw/pool/pos_cord_receipts_00011.jpg,1,train,data/raw/pool/pos_cord_receipts_00011.jpg
data/raw/pool/pos_cord_receipts_00012.jpg,1,train,data/raw/pool/pos_cord_receipts_00012.jpg
data/raw/pool/pos_cord_receipts_00013.jpg,1,train,data/raw/pool/pos_cord_receipts_00013.jpg
data/raw/pool/pos_cord_receipts_00014.jpg,1,train,data/raw/pool/pos_cord_receipts_00014.jpg
data/raw/pool/pos_cord_receipts_00015.jpg,1,train,data/raw/pool/pos_cord_receipts_00015.jpg
data/raw/pool/pos_cord_receipts_00016.jpg,1,train,data/raw/pool/pos_cord_receipts_00016.jpg
data/raw/pool/pos_cord_receipts_00017.jpg,1,train,data/raw/pool/pos_cord_receipts_00017.jpg
data/raw/pool/pos_cord_receipts_00019.jpg,1,train,data/raw/pool/pos_cord_receipts_00019.jpg
data/raw/pool/pos_cord_receipts_00020.jpg,1,train,data/raw/pool/pos_cord_receipts_00020.jpg
data/raw/pool/pos_cord_receipts_00022.jpg,1,train,data/raw/pool/pos_cord_receipts_00022.jpg
data/raw/pool/pos_cord_receipts_00023.jpg,1,train,data/raw/pool/pos_cord_receipts_00023.jpg
data/raw/pool/pos_cord_receipts_00024.jpg,1,train,data/raw/pool/pos_cord_receipts_00024.jpg
data/raw/pool/pos_cord_receipts_00025.jpg,1,train,data/raw/pool/pos_cord_receipts_00025.jpg
data/raw/pool/pos_cord_receipts_00026.jpg,1,train,data/raw/pool/pos_cord_receipts_00026.jpg
data/raw/pool/pos_cord_receipts_00027.jpg,1,train,data/raw/pool/pos_cord_receipts_00027.jpg
data/raw/pool/pos_cord_receipts_00028.jpg,1,train,data/raw/pool/pos_cord_receipts_00028.jpg
data/raw/pool/pos_cord_receipts_00029.jpg,1,train,data/raw/pool/pos_cord_receipts_00029.jpg
data/raw/pool/pos_cord_receipts_00030.jpg,1,train,data/raw/pool/pos_cord_receipts_00030.jpg
data/raw/pool/pos_cord_receipts_00031.jpg,1,train,data/raw/pool/pos_cord_receipts_00031.jpg
data/raw/pool/pos_cord_receipts_00032.jpg,1,train,data/raw/pool/pos_cord_receipts_00032.jpg
data/raw/pool/pos_cord_receipts_00033.jpg,1,train,data/raw/pool/pos_cord_receipts_00033.jpg
data/raw/pool/pos_cord_receipts_00036.jpg,1,train,data/raw/pool/pos_cord_receipts_00036.jpg
data/raw/pool/pos_cord_receipts_00037.jpg,1,train,data/raw/pool/pos_cord_receipts_00037.jpg
data/raw/pool/pos_cord_receipts_00038.jpg,1,train,data/raw/pool/pos_cord_receipts_00038.jpg
data/raw/pool/pos_cord_receipts_00039.jpg,1,train,data/raw/pool/pos_cord_receipts_00039.jpg
data/raw/pool/pos_cord_receipts_00041.jpg,1,train,data/raw/pool/pos_cord_receipts_00041.jpg
data/raw/pool/pos_cord_receipts_00042.jpg,1,train,data/raw/pool/pos_cord_receipts_00042.jpg
data/raw/pool/pos_cord_receipts_00043.jpg,1,train,data/raw/pool/pos_cord_receipts_00043.jpg
data/raw/pool/pos_cord_receipts_00044.jpg,1,train,data/raw/pool/pos_cord_receipts_00044.jpg
data/raw/pool/pos_cord_receipts_00045.jpg,1,train,data/raw/pool/pos_cord_receipts_00045.jpg
data/raw/pool/pos_cord_receipts_00046.jpg,1,train,data/raw/pool/pos_cord_receipts_00046.jpg
data/raw/pool/pos_cord_receipts_00047.jpg,1,train,data/raw/pool/pos_cord_receipts_00047.jpg
data/raw/pool/pos_cord_receipts_00048.jpg,1,train,data/raw/pool/pos_cord_receipts_00048.jpg
data/raw/pool/pos_cord_receipts_00049.jpg,1,train,data/raw/pool/pos_cord_receipts_00049.jpg
data/raw/pool/pos_cord_receipts_00050.jpg,1,train,data/raw/pool/pos_cord_receipts_00050.jpg
data/raw/pool/pos_cord_receipts_00051.jpg,1,train,data/raw/pool/pos_cord_receipts_00051.jpg
data/raw/pool/pos_cord_receipts_00052.jpg,1,train,data/raw/pool/pos_cord_receipts_00052.jpg
data/raw/pool/pos_cord_receipts_00053.jpg,1,train,data/raw/pool/pos_cord_receipts_00053.jpg
data/raw/pool/pos_cord_receipts_00054.jpg,1,train,data/raw/pool/pos_cord_receipts_00054.jpg
data/raw/pool/pos_cord_receipts_00060.jpg,1,train,data/raw/pool/pos_cord_receipts_00060.jpg
data/raw/pool/pos_cord_receipts_00061.jpg,1,train,data/raw/pool/pos_cord_receipts_00061.jpg
data/raw/pool/pos_cord_receipts_00062.jpg,1,train,data/raw/pool/pos_cord_receipts_00062.jpg
data/raw/pool/pos_cord_receipts_00063.jpg,1,train,data/raw/pool/pos_cord_receipts_00063.jpg
data/raw/pool/pos_cord_receipts_00064.jpg,1,train,data/raw/pool/pos_cord_receipts_00064.jpg
data/raw/pool/pos_cord_receipts_00065.jpg,1,train,data/raw/pool/pos_cord_receipts_00065.jpg
data/raw/pool/pos_cord_receipts_00067.jpg,1,train,data/raw/pool/pos_cord_receipts_00067.jpg
data/raw/pool/pos_cord_receipts_00068.jpg,1,train,data/raw/pool/pos_cord_receipts_00068.jpg
data/raw/pool/pos_cord_receipts_00069.jpg,1,train,data/raw/pool/pos_cord_receipts_00069.jpg
data/raw/pool/pos_cord_receipts_00072.jpg,1,train,data/raw/pool/pos_cord_receipts_00072.jpg
data/raw/pool/pos_cord_receipts_00074.jpg,1,train,data/raw/pool/pos_cord_receipts_00074.jpg
data/raw/pool/pos_cord_receipts_00076.jpg,1,train,data/raw/pool/pos_cord_receipts_00076.jpg
data/raw/pool/pos_cord_receipts_00077.jpg,1,train,data/raw/pool/pos_cord_receipts_00077.jpg
data/raw/pool/pos_cord_receipts_00078.jpg,1,train,data/raw/pool/pos_cord_receipts_00078.jpg
data/raw/pool/pos_cord_receipts_00079.jpg,1,train,data/raw/pool/pos_cord_receipts_00079.jpg
data/raw/pool/pos_cord_receipts_00081.jpg,1,train,data/raw/pool/pos_cord_receipts_00081.jpg
data/raw/pool/pos_cord_receipts_00082.jpg,1,train,data/raw/pool/pos_cord_receipts_00082.jpg
data/raw/pool/pos_cord_receipts_00083.jpg,1,train,data/raw/pool/pos_cord_receipts_00083.jpg
data/raw/pool/pos_cord_receipts_00084.jpg,1,train,data/raw/pool/pos_cord_receipts_00084.jpg
data/raw/pool/pos_cord_receipts_00085.jpg,1,train,data/raw/pool/pos_cord_receipts_00085.jpg
data/raw/pool/pos_cord_receipts_00086.jpg,1,train,data/raw/pool/pos_cord_receipts_00086.jpg
data/raw/pool/pos_cord_receipts_00087.jpg,1,train,data/raw/pool/pos_cord_receipts_00087.jpg
data/raw/pool/pos_cord_receipts_00088.jpg,1,train,data/raw/pool/pos_cord_receipts_00088.jpg
data/raw/pool/pos_cord_receipts_00089.jpg,1,train,data/raw/pool/pos_cord_receipts_00089.jpg
data/raw/pool/pos_cord_receipts_00090.jpg,1,train,data/raw/pool/pos_cord_receipts_00090.jpg
data/raw/pool/pos_cord_receipts_00093.jpg,1,train,data/raw/pool/pos_cord_receipts_00093.jpg
data/raw/pool/pos_cord_receipts_00095.jpg,1,train,data/raw/pool/pos_cord_receipts_00095.jpg
data/raw/pool/pos_cord_receipts_00096.jpg,1,train,data/raw/pool/pos_cord_receipts_00096.jpg
data/raw/pool/pos_cord_receipts_00097.jpg,1,train,data/raw/pool/pos_cord_receipts_00097.jpg
data/raw/pool/pos_cord_receipts_00098.jpg,1,train,data/raw/pool/pos_cord_receipts_00098.jpg
data/raw/pool/pos_cord_receipts_00099.jpg,1,train,data/raw/pool/pos_cord_receipts_00099.jpg
data/raw/pool/pos_cord_receipts_00100.jpg,1,train,data/raw/pool/pos_cord_receipts_00100.jpg
data/raw/pool/pos_cord_receipts_00101.jpg,1,train,data/raw/pool/pos_cord_receipts_00101.jpg
data/raw/pool/pos_cord_receipts_00102.jpg,1,train,data/raw/pool/pos_cord_receipts_00102.jpg
data/raw/pool/pos_cord_receipts_00103.jpg,1,train,data/raw/pool/pos_cord_receipts_00103.jpg
data/raw/pool/pos_cord_receipts_00104.jpg,1,train,data/raw/pool/pos_cord_receipts_00104.jpg
data/raw/pool/pos_cord_receipts_00105.jpg,1,train,data/raw/pool/pos_cord_receipts_00105.jpg
data/raw/pool/pos_cord_receipts_00106.jpg,1,train,data/raw/pool/pos_cord_receipts_00106.jpg
data/raw/pool/pos_cord_receipts_00107.jpg,1,train,data/raw/pool/pos_cord_receipts_00107.jpg
data/raw/pool/pos_cord_receipts_00108.jpg,1,train,data/raw/pool/pos_cord_receipts_00108.jpg
data/raw/pool/pos_cord_receipts_00109.jpg,1,train,data/raw/pool/pos_cord_receipts_00109.jpg
data/raw/pool/pos_cord_receipts_00111.jpg,1,train,data/raw/pool/pos_cord_receipts_00111.jpg
data/raw/pool/pos_cord_receipts_00112.jpg,1,train,data/raw/pool/pos_cord_receipts_00112.jpg
data/raw/pool/pos_cord_receipts_00113.jpg,1,train,data/raw/pool/pos_cord_receipts_00113.jpg
data/raw/pool/pos_cord_receipts_00114.jpg,1,train,data/raw/pool/pos_cord_receipts_00114.jpg
data/raw/pool/pos_cord_receipts_00115.jpg,1,train,data/raw/pool/pos_cord_receipts_00115.jpg
data/raw/pool/pos_cord_receipts_00117.jpg,1,train,data/raw/pool/pos_cord_receipts_00117.jpg
data/raw/pool/pos_cord_receipts_00118.jpg,1,train,data/raw/pool/pos_cord_receipts_00118.jpg
data/raw/pool/pos_cord_receipts_00120.jpg,1,train,data/raw/pool/pos_cord_receipts_00120.jpg
data/raw/pool/pos_cord_receipts_00121.jpg,1,train,data/raw/pool/pos_cord_receipts_00121.jpg
data/raw/pool/pos_cord_receipts_00122.jpg,1,train,data/raw/pool/pos_cord_receipts_00122.jpg
data/raw/pool/pos_cord_receipts_00123.jpg,1,train,data/raw/pool/pos_cord_receipts_00123.jpg
data/raw/pool/pos_cord_receipts_00124.jpg,1,train,data/raw/pool/pos_cord_receipts_00124.jpg
data/raw/pool/pos_cord_receipts_00125.jpg,1,train,data/raw/pool/pos_cord_receipts_00125.jpg
data/raw/pool/pos_cord_receipts_00128.jpg,1,train,data/raw/pool/pos_cord_receipts_00128.jpg
data/raw/pool/pos_cord_receipts_00131.jpg,1,train,data/raw/pool/pos_cord_receipts_00131.jpg
data/raw/pool/pos_cord_receipts_00132.jpg,1,train,data/raw/pool/pos_cord_receipts_00132.jpg
data/raw/pool/pos_cord_receipts_00133.jpg,1,train,data/raw/pool/pos_cord_receipts_00133.jpg
data/raw/pool/pos_cord_receipts_00134.jpg,1,train,data/raw/pool/pos_cord_receipts_00134.jpg
data/raw/pool/pos_cord_receipts_00137.jpg,1,train,data/raw/pool/pos_cord_receipts_00137.jpg
data/raw/pool/pos_cord_receipts_00138.jpg,1,train,data/raw/pool/pos_cord_receipts_00138.jpg
data/raw/pool/pos_cord_receipts_00139.jpg,1,train,data/raw/pool/pos_cord_receipts_00139.jpg
data/raw/pool/pos_cord_receipts_00140.jpg,1,train,data/raw/pool/pos_cord_receipts_00140.jpg
data/raw/pool/pos_cord_receipts_00141.jpg,1,train,data/raw/pool/pos_cord_receipts_00141.jpg
data/raw/pool/pos_cord_receipts_00142.jpg,1,train,data/raw/pool/pos_cord_receipts_00142.jpg
data/raw/pool/pos_cord_receipts_00143.jpg,1,train,data/raw/pool/pos_cord_receipts_00143.jpg
data/raw/pool/pos_cord_receipts_00144.jpg,1,train,data/raw/pool/pos_cord_receipts_00144.jpg
data/raw/pool/pos_cord_receipts_00145.jpg,1,train,data/raw/pool/pos_cord_receipts_00145.jpg
data/raw/pool/pos_cord_receipts_00146.jpg,1,train,data/raw/pool/pos_cord_receipts_00146.jpg
data/raw/pool/pos_cord_receipts_00148.jpg,1,train,data/raw/pool/pos_cord_receipts_00148.jpg
data/raw/pool/pos_cord_receipts_00149.jpg,1,train,data/raw/pool/pos_cord_receipts_00149.jpg
data/raw/pool/pos_cord_receipts_00150.jpg,1,train,data/raw/pool/pos_cord_receipts_00150.jpg
data/raw/pool/pos_cord_receipts_00151.jpg,1,train,data/raw/pool/pos_cord_receipts_00151.jpg
data/raw/pool/pos_cord_receipts_00152.jpg,1,train,data/raw/pool/pos_cord_receipts_00152.jpg
data/raw/pool/pos_cord_receipts_00153.jpg,1,train,data/raw/pool/pos_cord_receipts_00153.jpg
data/raw/pool/pos_cord_receipts_00154.jpg,1,train,data/raw/pool/pos_cord_receipts_00154.jpg
data/raw/pool/pos_cord_receipts_00155.jpg,1,train,data/raw/pool/pos_cord_receipts_00155.jpg
data/raw/pool/pos_cord_receipts_00156.jpg,1,train,data/raw/pool/pos_cord_receipts_00156.jpg
data/raw/pool/pos_cord_receipts_00157.jpg,1,train,data/raw/pool/pos_cord_receipts_00157.jpg
data/raw/pool/pos_cord_receipts_00158.jpg,1,train,data/raw/pool/pos_cord_receipts_00158.jpg
data/raw/pool/pos_cord_receipts_00159.jpg,1,train,data/raw/pool/pos_cord_receipts_00159.jpg
data/raw/pool/pos_cord_receipts_00160.jpg,1,train,data/raw/pool/pos_cord_receipts_00160.jpg
data/raw/pool/pos_cord_receipts_00161.jpg,1,train,data/raw/pool/pos_cord_receipts_00161.jpg
data/raw/pool/pos_cord_receipts_00162.jpg,1,train,data/raw/pool/pos_cord_receipts_00162.jpg
data/raw/pool/pos_cord_receipts_00163.jpg,1,train,data/raw/pool/pos_cord_receipts_00163.jpg
data/raw/pool/pos_cord_receipts_00164.jpg,1,train,data/raw/pool/pos_cord_receipts_00164.jpg
data/raw/pool/pos_cord_receipts_00165.jpg,1,train,data/raw/pool/pos_cord_receipts_00165.jpg
data/raw/pool/pos_cord_receipts_00166.jpg,1,train,data/raw/pool/pos_cord_receipts_00166.jpg
data/raw/pool/pos_cord_receipts_00167.jpg,1,train,data/raw/pool/pos_cord_receipts_00167.jpg
data/raw/pool/pos_cord_receipts_00169.jpg,1,train,data/raw/pool/pos_cord_receipts_00169.jpg
data/raw/pool/pos_cord_receipts_00170.jpg,1,train,data/raw/pool/pos_cord_receipts_00170.jpg
data/raw/pool/pos_cord_receipts_00171.jpg,1,train,data/raw/pool/pos_cord_receipts_00171.jpg
data/raw/pool/pos_cord_receipts_00172.jpg,1,train,data/raw/pool/pos_cord_receipts_00172.jpg
data/raw/pool/pos_cord_receipts_00173.jpg,1,train,data/raw/pool/pos_cord_receipts_00173.jpg
data/raw/pool/pos_cord_receipts_00174.jpg,1,train,data/raw/pool/pos_cord_receipts_00174.jpg
data/raw/pool/pos_cord_receipts_00176.jpg,1,train,data/raw/pool/pos_cord_receipts_00176.jpg
data/raw/pool/pos_cord_receipts_00178.jpg,1,train,data/raw/pool/pos_cord_receipts_00178.jpg
data/raw/pool/pos_cord_receipts_00179.jpg,1,train,data/raw/pool/pos_cord_receipts_00179.jpg
data/raw/pool/pos_cord_receipts_00180.jpg,1,train,data/raw/pool/pos_cord_receipts_00180.jpg
data/raw/pool/pos_cord_receipts_00181.jpg,1,train,data/raw/pool/pos_cord_receipts_00181.jpg
data/raw/pool/pos_cord_receipts_00182.jpg,1,train,data/raw/pool/pos_cord_receipts_00182.jpg
data/raw/pool/pos_cord_receipts_00183.jpg,1,train,data/raw/pool/pos_cord_receipts_00183.jpg
data/raw/pool/pos_cord_receipts_00184.jpg,1,train,data/raw/pool/pos_cord_receipts_00184.jpg
data/raw/pool/pos_cord_receipts_00185.jpg,1,train,data/raw/pool/pos_cord_receipts_00185.jpg
data/raw/pool/pos_cord_receipts_00187.jpg,1,train,data/raw/pool/pos_cord_receipts_00187.jpg
data/raw/pool/pos_cord_receipts_00188.jpg,1,train,data/raw/pool/pos_cord_receipts_00188.jpg
data/raw/pool/pos_cord_receipts_00192.jpg,1,train,data/raw/pool/pos_cord_receipts_00192.jpg
data/raw/pool/pos_cord_receipts_00193.jpg,1,train,data/raw/pool/pos_cord_receipts_00193.jpg
data/raw/pool/pos_cord_receipts_00194.jpg,1,train,data/raw/pool/pos_cord_receipts_00194.jpg
data/raw/pool/pos_cord_receipts_00196.jpg,1,train,data/raw/pool/pos_cord_receipts_00196.jpg
data/raw/pool/pos_cord_receipts_00197.jpg,1,train,data/raw/pool/pos_cord_receipts_00197.jpg
data/raw/pool/pos_cord_receipts_00198.jpg,1,train,data/raw/pool/pos_cord_receipts_00198.jpg
data/raw/pool/pos_cord_receipts_00199.jpg,1,train,data/raw/pool/pos_cord_receipts_00199.jpg
data/raw/pool/pos_cord_receipts_00200.jpg,1,train,data/raw/pool/pos_cord_receipts_00200.jpg
data/raw/pool/pos_cord_receipts_00202.jpg,1,train,data/raw/pool/pos_cord_receipts_00202.jpg
data/raw/pool/pos_cord_receipts_00203.jpg,1,train,data/raw/pool/pos_cord_receipts_00203.jpg
data/raw/pool/pos_cord_receipts_00204.jpg,1,train,data/raw/pool/pos_cord_receipts_00204.jpg
data/raw/pool/pos_cord_receipts_00207.jpg,1,train,data/raw/pool/pos_cord_receipts_00207.jpg
data/raw/pool/pos_cord_receipts_00208.jpg,1,train,data/raw/pool/pos_cord_receipts_00208.jpg
data/raw/pool/pos_cord_receipts_00209.jpg,1,train,data/raw/pool/pos_cord_receipts_00209.jpg
data/raw/pool/pos_cord_receipts_00210.jpg,1,train,data/raw/pool/pos_cord_receipts_00210.jpg
data/raw/pool/pos_cord_receipts_00211.jpg,1,train,data/raw/pool/pos_cord_receipts_00211.jpg
data/raw/pool/pos_cord_receipts_00212.jpg,1,train,data/raw/pool/pos_cord_receipts_00212.jpg
data/raw/pool/pos_cord_receipts_00213.jpg,1,train,data/raw/pool/pos_cord_receipts_00213.jpg
data/raw/pool/pos_cord_receipts_00215.jpg,1,train,data/raw/pool/pos_cord_receipts_00215.jpg
data/raw/pool/pos_cord_receipts_00216.jpg,1,train,data/raw/pool/pos_cord_receipts_00216.jpg
data/raw/pool/pos_cord_receipts_00217.jpg,1,train,data/raw/pool/pos_cord_receipts_00217.jpg
data/raw/pool/pos_cord_receipts_00218.jpg,1,train,data/raw/pool/pos_cord_receipts_00218.jpg
data/raw/pool/pos_cord_receipts_00219.jpg,1,train,data/raw/pool/pos_cord_receipts_00219.jpg
data/raw/pool/pos_cord_receipts_00220.jpg,1,train,data/raw/pool/pos_cord_receipts_00220.jpg
data/raw/pool/pos_cord_receipts_00221.jpg,1,train,data/raw/pool/pos_cord_receipts_00221.jpg
data/raw/pool/pos_cord_receipts_00222.jpg,1,train,data/raw/pool/pos_cord_receipts_00222.jpg
data/raw/pool/pos_cord_receipts_00223.jpg,1,train,data/raw/pool/pos_cord_receipts_00223.jpg
data/raw/pool/pos_cord_receipts_00224.jpg,1,train,data/raw/pool/pos_cord_receipts_00224.jpg
data/raw/pool/pos_cord_receipts_00225.jpg,1,train,data/raw/pool/pos_cord_receipts_00225.jpg
data/raw/pool/pos_cord_receipts_00226.jpg,1,train,data/raw/pool/pos_cord_receipts_00226.jpg
data/raw/pool/pos_cord_receipts_00227.jpg,1,train,data/raw/pool/pos_cord_receipts_00227.jpg
data/raw/pool/pos_cord_receipts_00228.jpg,1,train,data/raw/pool/pos_cord_receipts_00228.jpg
data/raw/pool/pos_cord_receipts_00230.jpg,1,train,data/raw/pool/pos_cord_receipts_00230.jpg
data/raw/pool/pos_cord_receipts_00231.jpg,1,train,data/raw/pool/pos_cord_receipts_00231.jpg
data/raw/pool/pos_cord_receipts_00232.jpg,1,train,data/raw/pool/pos_cord_receipts_00232.jpg
data/raw/pool/pos_cord_receipts_00234.jpg,1,train,data/raw/pool/pos_cord_receipts_00234.jpg
data/raw/pool/pos_cord_receipts_00235.jpg,1,train,data/raw/pool/pos_cord_receipts_00235.jpg
data/raw/pool/pos_cord_receipts_00236.jpg,1,train,data/raw/pool/pos_cord_receipts_00236.jpg
data/raw/pool/pos_cord_receipts_00238.jpg,1,train,data/raw/pool/pos_cord_receipts_00238.jpg
data/raw/pool/pos_cord_receipts_00241.jpg,1,train,data/raw/pool/pos_cord_receipts_00241.jpg
data/raw/pool/pos_cord_receipts_00242.jpg,1,train,data/raw/pool/pos_cord_receipts_00242.jpg
data/raw/pool/pos_cord_receipts_00243.jpg,1,train,data/raw/pool/pos_cord_receipts_00243.jpg
data/raw/pool/pos_cord_receipts_00244.jpg,1,train,data/raw/pool/pos_cord_receipts_00244.jpg
data/raw/pool/pos_cord_receipts_00246.jpg,1,train,data/raw/pool/pos_cord_receipts_00246.jpg
data/raw/pool/pos_cord_receipts_00248.jpg,1,train,data/raw/pool/pos_cord_receipts_00248.jpg
data/raw/pool/pos_cord_receipts_00249.jpg,1,train,data/raw/pool/pos_cord_receipts_00249.jpg
data/raw/pool/pos_cord_receipts_00250.jpg,1,train,data/raw/pool/pos_cord_receipts_00250.jpg
data/raw/pool/pos_cord_receipts_00251.jpg,1,train,data/raw/pool/pos_cord_receipts_00251.jpg
data/raw/pool/pos_cord_receipts_00252.jpg,1,train,data/raw/pool/pos_cord_receipts_00252.jpg
data/raw/pool/pos_cord_receipts_00253.jpg,1,train,data/raw/pool/pos_cord_receipts_00253.jpg
data/raw/pool/pos_cord_receipts_00254.jpg,1,train,data/raw/pool/pos_cord_receipts_00254.jpg
data/raw/pool/pos_cord_receipts_00255.jpg,1,train,data/raw/pool/pos_cord_receipts_00255.jpg
data/raw/pool/pos_cord_receipts_00256.jpg,1,train,data/raw/pool/pos_cord_receipts_00256.jpg
data/raw/pool/pos_cord_receipts_00257.jpg,1,train,data/raw/pool/pos_cord_receipts_00257.jpg
data/raw/pool/pos_cord_receipts_00258.jpg,1,train,data/raw/pool/pos_cord_receipts_00258.jpg
data/raw/pool/pos_cord_receipts_00259.jpg,1,train,data/raw/pool/pos_cord_receipts_00259.jpg
data/raw/pool/pos_cord_receipts_00260.jpg,1,train,data/raw/pool/pos_cord_receipts_00260.jpg
data/raw/pool/pos_cord_receipts_00263.jpg,1,train,data/raw/pool/pos_cord_receipts_00263.jpg
data/raw/pool/pos_cord_receipts_00265.jpg,1,train,data/raw/pool/pos_cord_receipts_00265.jpg
data/raw/pool/pos_cord_receipts_00266.jpg,1,train,data/raw/pool/pos_cord_receipts_00266.jpg
data/raw/pool/pos_cord_receipts_00268.jpg,1,train,data/raw/pool/pos_cord_receipts_00268.jpg
data/raw/pool/pos_cord_receipts_00269.jpg,1,train,data/raw/pool/pos_cord_receipts_00269.jpg
data/raw/pool/pos_cord_receipts_00270.jpg,1,train,data/raw/pool/pos_cord_receipts_00270.jpg
data/raw/pool/pos_cord_receipts_00271.jpg,1,train,data/raw/pool/pos_cord_receipts_00271.jpg
data/raw/pool/pos_cord_receipts_00272.jpg,1,train,data/raw/pool/pos_cord_receipts_00272.jpg
data/raw/pool/pos_cord_receipts_00273.jpg,1,train,data/raw/pool/pos_cord_receipts_00273.jpg
data/raw/pool/pos_cord_receipts_00274.jpg,1,train,data/raw/pool/pos_cord_receipts_00274.jpg
data/raw/pool/pos_cord_receipts_00275.jpg,1,train,data/raw/pool/pos_cord_receipts_00275.jpg
data/raw/pool/pos_cord_receipts_00276.jpg,1,train,data/raw/pool/pos_cord_receipts_00276.jpg
data/raw/pool/pos_cord_receipts_00277.jpg,1,train,data/raw/pool/pos_cord_receipts_00277.jpg
data/raw/pool/pos_cord_receipts_00278.jpg,1,train,data/raw/pool/pos_cord_receipts_00278.jpg
data/raw/pool/pos_cord_receipts_00279.jpg,1,train,data/raw/pool/pos_cord_receipts_00279.jpg
data/raw/pool/pos_cord_receipts_00280.jpg,1,train,data/raw/pool/pos_cord_receipts_00280.jpg
data/raw/pool/pos_cord_receipts_00281.jpg,1,train,data/raw/pool/pos_cord_receipts_00281.jpg
data/raw/pool/pos_cord_receipts_00282.jpg,1,train,data/raw/pool/pos_cord_receipts_00282.jpg
data/raw/pool/pos_cord_receipts_00283.jpg,1,train,data/raw/pool/pos_cord_receipts_00283.jpg
data/raw/pool/pos_cord_receipts_00284.jpg,1,train,data/raw/pool/pos_cord_receipts_00284.jpg
data/raw/pool/pos_cord_receipts_00285.jpg,1,train,data/raw/pool/pos_cord_receipts_00285.jpg
data/raw/pool/pos_cord_receipts_00286.jpg,1,train,data/raw/pool/pos_cord_receipts_00286.jpg
data/raw/pool/pos_cord_receipts_00287.jpg,1,train,data/raw/pool/pos_cord_receipts_00287.jpg
data/raw/pool/pos_cord_receipts_00290.jpg,1,train,data/raw/pool/pos_cord_receipts_00290.jpg
data/raw/pool/pos_cord_receipts_00291.jpg,1,train,data/raw/pool/pos_cord_receipts_00291.jpg
data/raw/pool/pos_cord_receipts_00292.jpg,1,train,data/raw/pool/pos_cord_receipts_00292.jpg
data/raw/pool/pos_cord_receipts_00293.jpg,1,train,data/raw/pool/pos_cord_receipts_00293.jpg
data/raw/pool/pos_cord_receipts_00294.jpg,1,train,data/raw/pool/pos_cord_receipts_00294.jpg
data/raw/pool/pos_cord_receipts_00295.jpg,1,train,data/raw/pool/pos_cord_receipts_00295.jpg
data/raw/pool/pos_cord_receipts_00296.jpg,1,train,data/raw/pool/pos_cord_receipts_00296.jpg
data/raw/pool/pos_cord_receipts_00297.jpg,1,train,data/raw/pool/pos_cord_receipts_00297.jpg
data/raw/pool/pos_cord_receipts_00298.jpg,1,train,data/raw/pool/pos_cord_receipts_00298.jpg
data/raw/pool/pos_cord_receipts_00299.jpg,1,train,data/raw/pool/pos_cord_receipts_00299.jpg
data/raw/pool/pos_cord_receipts_00303.jpg,1,train,data/raw/pool/pos_cord_receipts_00303.jpg
data/raw/pool/pos_cord_receipts_00304.jpg,1,train,data/raw/pool/pos_cord_receipts_00304.jpg
data/raw/pool/pos_cord_receipts_00305.jpg,1,train,data/raw/pool/pos_cord_receipts_00305.jpg
data/raw/pool/pos_cord_receipts_00307.jpg,1,train,data/raw/pool/pos_cord_receipts_00307.jpg
data/raw/pool/pos_cord_receipts_00308.jpg,1,train,data/raw/pool/pos_cord_receipts_00308.jpg
data/raw/pool/pos_cord_receipts_00309.jpg,1,train,data/raw/pool/pos_cord_receipts_00309.jpg
data/raw/pool/pos_cord_receipts_00310.jpg,1,train,data/raw/pool/pos_cord_receipts_00310.jpg
data/raw/pool/pos_cord_receipts_00311.jpg,1,train,data/raw/pool/pos_cord_receipts_00311.jpg
data/raw/pool/pos_cord_receipts_00312.jpg,1,train,data/raw/pool/pos_cord_receipts_00312.jpg
data/raw/pool/pos_cord_receipts_00313.jpg,1,train,data/raw/pool/pos_cord_receipts_00313.jpg
data/raw/pool/pos_cord_receipts_00314.jpg,1,train,data/raw/pool/pos_cord_receipts_00314.jpg
data/raw/pool/pos_cord_receipts_00315.jpg,1,train,data/raw/pool/pos_cord_receipts_00315.jpg
data/raw/pool/pos_cord_receipts_00318.jpg,1,train,data/raw/pool/pos_cord_receipts_00318.jpg
data/raw/pool/pos_cord_receipts_00319.jpg,1,train,data/raw/pool/pos_cord_receipts_00319.jpg
data/raw/pool/pos_cord_receipts_00320.jpg,1,train,data/raw/pool/pos_cord_receipts_00320.jpg
data/raw/pool/pos_cord_receipts_00321.jpg,1,train,data/raw/pool/pos_cord_receipts_00321.jpg
data/raw/pool/pos_cord_receipts_00323.jpg,1,train,data/raw/pool/pos_cord_receipts_00323.jpg
data/raw/pool/pos_cord_receipts_00324.jpg,1,train,data/raw/pool/pos_cord_receipts_00324.jpg
data/raw/pool/pos_cord_receipts_00325.jpg,1,train,data/raw/pool/pos_cord_receipts_00325.jpg
data/raw/pool/pos_cord_receipts_00326.jpg,1,train,data/raw/pool/pos_cord_receipts_00326.jpg
data/raw/pool/pos_cord_receipts_00327.jpg,1,train,data/raw/pool/pos_cord_receipts_00327.jpg
data/raw/pool/pos_cord_receipts_00328.jpg,1,train,data/raw/pool/pos_cord_receipts_00328.jpg
data/raw/pool/pos_cord_receipts_00329.jpg,1,train,data/raw/pool/pos_cord_receipts_00329.jpg
data/raw/pool/pos_cord_receipts_00330.jpg,1,train,data/raw/pool/pos_cord_receipts_00330.jpg
data/raw/pool/pos_cord_receipts_00331.jpg,1,train,data/raw/pool/pos_cord_receipts_00331.jpg
data/raw/pool/pos_cord_receipts_00332.jpg,1,train,data/raw/pool/pos_cord_receipts_00332.jpg
data/raw/pool/pos_cord_receipts_00333.jpg,1,train,data/raw/pool/pos_cord_receipts_00333.jpg
data/raw/pool/pos_cord_receipts_00334.jpg,1,train,data/raw/pool/pos_cord_receipts_00334.jpg
data/raw/pool/pos_cord_receipts_00335.jpg,1,train,data/raw/pool/pos_cord_receipts_00335.jpg
data/raw/pool/pos_cord_receipts_00339.jpg,1,train,data/raw/pool/pos_cord_receipts_00339.jpg
data/raw/pool/pos_cord_receipts_00340.jpg,1,train,data/raw/pool/pos_cord_receipts_00340.jpg
data/raw/pool/pos_cord_receipts_00341.jpg,1,train,data/raw/pool/pos_cord_receipts_00341.jpg
data/raw/pool/pos_cord_receipts_00342.jpg,1,train,data/raw/pool/pos_cord_receipts_00342.jpg
data/raw/pool/pos_cord_receipts_00343.jpg,1,train,data/raw/pool/pos_cord_receipts_00343.jpg
data/raw/pool/pos_cord_receipts_00344.jpg,1,train,data/raw/pool/pos_cord_receipts_00344.jpg
data/raw/pool/pos_cord_receipts_00345.jpg,1,train,data/raw/pool/pos_cord_receipts_00345.jpg
data/raw/pool/pos_cord_receipts_00346.jpg,1,train,data/raw/pool/pos_cord_receipts_00346.jpg
data/raw/pool/pos_cord_receipts_00347.jpg,1,train,data/raw/pool/pos_cord_receipts_00347.jpg
data/raw/pool/pos_cord_receipts_00348.jpg,1,train,data/raw/pool/pos_cord_receipts_00348.jpg
data/raw/pool/pos_cord_receipts_00349.jpg,1,train,data/raw/pool/pos_cord_receipts_00349.jpg
data/raw/pool/pos_cord_receipts_00350.jpg,1,train,data/raw/pool/pos_cord_receipts_00350.jpg
data/raw/pool/pos_cord_receipts_00351.jpg,1,train,data/raw/pool/pos_cord_receipts_00351.jpg
data/raw/pool/pos_cord_receipts_00353.jpg,1,train,data/raw/pool/pos_cord_receipts_00353.jpg
data/raw/pool/pos_cord_receipts_00354.jpg,1,train,data/raw/pool/pos_cord_receipts_00354.jpg
data/raw/pool/pos_cord_receipts_00355.jpg,1,train,data/raw/pool/pos_cord_receipts_00355.jpg
data/raw/pool/pos_cord_receipts_00356.jpg,1,train,data/raw/pool/pos_cord_receipts_00356.jpg
data/raw/pool/pos_cord_receipts_00357.jpg,1,train,data/raw/pool/pos_cord_receipts_00357.jpg
data/raw/pool/pos_cord_receipts_00358.jpg,1,train,data/raw/pool/pos_cord_receipts_00358.jpg
data/raw/pool/pos_cord_receipts_00359.jpg,1,train,data/raw/pool/pos_cord_receipts_00359.jpg
data/raw/pool/pos_cord_receipts_00361.jpg,1,train,data/raw/pool/pos_cord_receipts_00361.jpg
data/raw/pool/pos_cord_receipts_00362.jpg,1,train,data/raw/pool/pos_cord_receipts_00362.jpg
data/raw/pool/pos_cord_receipts_00365.jpg,1,train,data/raw/pool/pos_cord_receipts_00365.jpg
data/raw/pool/pos_cord_receipts_00367.jpg,1,train,data/raw/pool/pos_cord_receipts_00367.jpg
data/raw/pool/pos_cord_receipts_00369.jpg,1,train,data/raw/pool/pos_cord_receipts_00369.jpg
data/raw/pool/pos_cord_receipts_00370.jpg,1,train,data/raw/pool/pos_cord_receipts_00370.jpg
data/raw/pool/pos_cord_receipts_00371.jpg,1,train,data/raw/pool/pos_cord_receipts_00371.jpg
data/raw/pool/pos_cord_receipts_00373.jpg,1,train,data/raw/pool/pos_cord_receipts_00373.jpg
data/raw/pool/pos_cord_receipts_00374.jpg,1,train,data/raw/pool/pos_cord_receipts_00374.jpg
data/raw/pool/pos_cord_receipts_00375.jpg,1,train,data/raw/pool/pos_cord_receipts_00375.jpg
data/raw/pool/pos_cord_receipts_00378.jpg,1,train,data/raw/pool/pos_cord_receipts_00378.jpg
data/raw/pool/pos_cord_receipts_00379.jpg,1,train,data/raw/pool/pos_cord_receipts_00379.jpg
data/raw/pool/pos_cord_receipts_00380.jpg,1,train,data/raw/pool/pos_cord_receipts_00380.jpg
data/raw/pool/pos_cord_receipts_00381.jpg,1,train,data/raw/pool/pos_cord_receipts_00381.jpg
data/raw/pool/pos_cord_receipts_00382.jpg,1,train,data/raw/pool/pos_cord_receipts_00382.jpg
data/raw/pool/pos_cord_receipts_00383.jpg,1,train,data/raw/pool/pos_cord_receipts_00383.jpg
data/raw/pool/pos_cord_receipts_00385.jpg,1,train,data/raw/pool/pos_cord_receipts_00385.jpg
data/raw/pool/pos_cord_receipts_00387.jpg,1,train,data/raw/pool/pos_cord_receipts_00387.jpg
data/raw/pool/pos_cord_receipts_00388.jpg,1,train,data/raw/pool/pos_cord_receipts_00388.jpg
data/raw/pool/pos_cord_receipts_00390.jpg,1,train,data/raw/pool/pos_cord_receipts_00390.jpg
data/raw/pool/pos_cord_receipts_00392.jpg,1,train,data/raw/pool/pos_cord_receipts_00392.jpg
data/raw/pool/pos_cord_receipts_00393.jpg,1,train,data/raw/pool/pos_cord_receipts_00393.jpg
data/raw/pool/pos_cord_receipts_00394.jpg,1,train,data/raw/pool/pos_cord_receipts_00394.jpg
data/raw/pool/pos_cord_receipts_00395.jpg,1,train,data/raw/pool/pos_cord_receipts_00395.jpg
data/raw/pool/pos_cord_receipts_00396.jpg,1,train,data/raw/pool/pos_cord_receipts_00396.jpg
data/raw/pool/pos_cord_receipts_00398.jpg,1,train,data/raw/pool/pos_cord_receipts_00398.jpg
data/raw/pool/pos_cord_receipts_00399.jpg,1,train,data/raw/pool/pos_cord_receipts_00399.jpg
data/raw/pool/pos_cord_receipts_00400.jpg,1,train,data/raw/pool/pos_cord_receipts_00400.jpg
data/raw/pool/pos_cord_receipts_00401.jpg,1,train,data/raw/pool/pos_cord_receipts_00401.jpg
data/raw/pool/pos_cord_receipts_00402.jpg,1,train,data/raw/pool/pos_cord_receipts_00402.jpg
data/raw/pool/pos_cord_receipts_00403.jpg,1,train,data/raw/pool/pos_cord_receipts_00403.jpg
data/raw/pool/pos_cord_receipts_00404.jpg,1,train,data/raw/pool/pos_cord_receipts_00404.jpg
data/raw/pool/pos_cord_receipts_00405.jpg,1,train,data/raw/pool/pos_cord_receipts_00405.jpg
data/raw/pool/pos_cord_receipts_00406.jpg,1,train,data/raw/pool/pos_cord_receipts_00406.jpg
data/raw/pool/pos_cord_receipts_00408.jpg,1,train,data/raw/pool/pos_cord_receipts_00408.jpg
data/raw/pool/pos_cord_receipts_00410.jpg,1,train,data/raw/pool/pos_cord_receipts_00410.jpg
data/raw/pool/pos_cord_receipts_00411.jpg,1,train,data/raw/pool/pos_cord_receipts_00411.jpg
data/raw/pool/pos_cord_receipts_00412.jpg,1,train,data/raw/pool/pos_cord_receipts_00412.jpg
data/raw/pool/pos_cord_receipts_00413.jpg,1,train,data/raw/pool/pos_cord_receipts_00413.jpg
data/raw/pool/pos_cord_receipts_00414.jpg,1,train,data/raw/pool/pos_cord_receipts_00414.jpg
data/raw/pool/pos_cord_receipts_00415.jpg,1,train,data/raw/pool/pos_cord_receipts_00415.jpg
data/raw/pool/pos_cord_receipts_00416.jpg,1,train,data/raw/pool/pos_cord_receipts_00416.jpg
data/raw/pool/pos_cord_receipts_00417.jpg,1,train,data/raw/pool/pos_cord_receipts_00417.jpg
data/raw/pool/pos_cord_receipts_00418.jpg,1,train,data/raw/pool/pos_cord_receipts_00418.jpg
data/raw/pool/pos_cord_receipts_00420.jpg,1,train,data/raw/pool/pos_cord_receipts_00420.jpg
data/raw/pool/pos_cord_receipts_00421.jpg,1,train,data/raw/pool/pos_cord_receipts_00421.jpg
data/raw/pool/pos_cord_receipts_00422.jpg,1,train,data/raw/pool/pos_cord_receipts_00422.jpg
data/raw/pool/pos_cord_receipts_00423.jpg,1,train,data/raw/pool/pos_cord_receipts_00423.jpg
data/raw/pool/pos_cord_receipts_00424.jpg,1,train,data/raw/pool/pos_cord_receipts_00424.jpg
data/raw/pool/pos_cord_receipts_00425.jpg,1,train,data/raw/pool/pos_cord_receipts_00425.jpg
data/raw/pool/pos_cord_receipts_00427.jpg,1,train,data/raw/pool/pos_cord_receipts_00427.jpg
data/raw/pool/pos_cord_receipts_00428.jpg,1,train,data/raw/pool/pos_cord_receipts_00428.jpg
data/raw/pool/pos_cord_receipts_00430.jpg,1,train,data/raw/pool/pos_cord_receipts_00430.jpg
data/raw/pool/pos_cord_receipts_00431.jpg,1,train,data/raw/pool/pos_cord_receipts_00431.jpg
data/raw/pool/pos_cord_receipts_00432.jpg,1,train,data/raw/pool/pos_cord_receipts_00432.jpg
data/raw/pool/pos_cord_receipts_00433.jpg,1,train,data/raw/pool/pos_cord_receipts_00433.jpg
data/raw/pool/pos_cord_receipts_00434.jpg,1,train,data/raw/pool/pos_cord_receipts_00434.jpg
data/raw/pool/pos_cord_receipts_00435.jpg,1,train,data/raw/pool/pos_cord_receipts_00435.jpg
data/raw/pool/pos_cord_receipts_00436.jpg,1,train,data/raw/pool/pos_cord_receipts_00436.jpg
data/raw/pool/pos_cord_receipts_00437.jpg,1,train,data/raw/pool/pos_cord_receipts_00437.jpg
data/raw/pool/pos_cord_receipts_00439.jpg,1,train,data/raw/pool/pos_cord_receipts_00439.jpg
data/raw/pool/pos_cord_receipts_00440.jpg,1,train,data/raw/pool/pos_cord_receipts_00440.jpg
data/raw/pool/pos_cord_receipts_00441.jpg,1,train,data/raw/pool/pos_cord_receipts_00441.jpg
data/raw/pool/pos_cord_receipts_00442.jpg,1,train,data/raw/pool/pos_cord_receipts_00442.jpg
data/raw/pool/pos_cord_receipts_00443.jpg,1,train,data/raw/pool/pos_cord_receipts_00443.jpg
data/raw/pool/pos_cord_receipts_00444.jpg,1,train,data/raw/pool/pos_cord_receipts_00444.jpg
data/raw/pool/pos_cord_receipts_00446.jpg,1,train,data/raw/pool/pos_cord_receipts_00446.jpg
data/raw/pool/pos_cord_receipts_00447.jpg,1,train,data/raw/pool/pos_cord_receipts_00447.jpg
data/raw/pool/pos_cord_receipts_00448.jpg,1,train,data/raw/pool/pos_cord_receipts_00448.jpg
data/raw/pool/pos_cord_receipts_00449.jpg,1,train,data/raw/pool/pos_cord_receipts_00449.jpg
data/raw/pool/pos_cord_receipts_00450.jpg,1,train,data/raw/pool/pos_cord_receipts_00450.jpg
data/raw/pool/pos_cord_receipts_00452.jpg,1,train,data/raw/pool/pos_cord_receipts_00452.jpg
data/raw/pool/pos_cord_receipts_00454.jpg,1,train,data/raw/pool/pos_cord_receipts_00454.jpg
data/raw/pool/pos_cord_receipts_00455.jpg,1,train,data/raw/pool/pos_cord_receipts_00455.jpg
data/raw/pool/pos_cord_receipts_00456.jpg,1,train,data/raw/pool/pos_cord_receipts_00456.jpg
data/raw/pool/pos_cord_receipts_00458.jpg,1,train,data/raw/pool/pos_cord_receipts_00458.jpg
data/raw/pool/pos_cord_receipts_00460.jpg,1,train,data/raw/pool/pos_cord_receipts_00460.jpg
data/raw/pool/pos_cord_receipts_00461.jpg,1,train,data/raw/pool/pos_cord_receipts_00461.jpg
data/raw/pool/pos_cord_receipts_00462.jpg,1,train,data/raw/pool/pos_cord_receipts_00462.jpg
data/raw/pool/pos_cord_receipts_00463.jpg,1,train,data/raw/pool/pos_cord_receipts_00463.jpg
data/raw/pool/pos_cord_receipts_00464.jpg,1,train,data/raw/pool/pos_cord_receipts_00464.jpg
data/raw/pool/pos_cord_receipts_00465.jpg,1,train,data/raw/pool/pos_cord_receipts_00465.jpg
data/raw/pool/pos_cord_receipts_00467.jpg,1,train,data/raw/pool/pos_cord_receipts_00467.jpg
data/raw/pool/pos_cord_receipts_00468.jpg,1,train,data/raw/pool/pos_cord_receipts_00468.jpg
data/raw/pool/pos_cord_receipts_00469.jpg,1,train,data/raw/pool/pos_cord_receipts_00469.jpg
data/raw/pool/pos_cord_receipts_00470.jpg,1,train,data/raw/pool/pos_cord_receipts_00470.jpg
data/raw/pool/pos_cord_receipts_00471.jpg,1,train,data/raw/pool/pos_cord_receipts_00471.jpg
data/raw/pool/pos_cord_receipts_00472.jpg,1,train,data/raw/pool/pos_cord_receipts_00472.jpg
data/raw/pool/pos_cord_receipts_00473.jpg,1,train,data/raw/pool/pos_cord_receipts_00473.jpg
data/raw/pool/pos_cord_receipts_00474.jpg,1,train,data/raw/pool/pos_cord_receipts_00474.jpg
data/raw/pool/pos_cord_receipts_00475.jpg,1,train,data/raw/pool/pos_cord_receipts_00475.jpg
data/raw/pool/pos_cord_receipts_00476.jpg,1,train,data/raw/pool/pos_cord_receipts_00476.jpg
data/raw/pool/pos_cord_receipts_00477.jpg,1,train,data/raw/pool/pos_cord_receipts_00477.jpg
data/raw/pool/pos_cord_receipts_00478.jpg,1,train,data/raw/pool/pos_cord_receipts_00478.jpg
data/raw/pool/pos_cord_receipts_00479.jpg,1,train,data/raw/pool/pos_cord_receipts_00479.jpg
data/raw/pool/pos_cord_receipts_00481.jpg,1,train,data/raw/pool/pos_cord_receipts_00481.jpg
data/raw/pool/pos_cord_receipts_00483.jpg,1,train,data/raw/pool/pos_cord_receipts_00483.jpg
data/raw/pool/pos_cord_receipts_00485.jpg,1,train,data/raw/pool/pos_cord_receipts_00485.jpg
data/raw/pool/pos_cord_receipts_00486.jpg,1,train,data/raw/pool/pos_cord_receipts_00486.jpg
data/raw/pool/pos_cord_receipts_00487.jpg,1,train,data/raw/pool/pos_cord_receipts_00487.jpg
data/raw/pool/pos_cord_receipts_00488.jpg,1,train,data/raw/pool/pos_cord_receipts_00488.jpg
data/raw/pool/pos_cord_receipts_00490.jpg,1,train,data/raw/pool/pos_cord_receipts_00490.jpg
data/raw/pool/pos_cord_receipts_00491.jpg,1,train,data/raw/pool/pos_cord_receipts_00491.jpg
data/raw/pool/pos_cord_receipts_00492.jpg,1,train,data/raw/pool/pos_cord_receipts_00492.jpg
data/raw/pool/pos_cord_receipts_00493.jpg,1,train,data/raw/pool/pos_cord_receipts_00493.jpg
data/raw/pool/pos_cord_receipts_00494.jpg,1,train,data/raw/pool/pos_cord_receipts_00494.jpg
data/raw/pool/pos_cord_receipts_00495.jpg,1,train,data/raw/pool/pos_cord_receipts_00495.jpg
data/raw/pool/pos_cord_receipts_00496.jpg,1,train,data/raw/pool/pos_cord_receipts_00496.jpg
data/raw/pool/pos_cord_receipts_00497.jpg,1,train,data/raw/pool/pos_cord_receipts_00497.jpg
data/raw/pool/pos_cord_receipts_00499.jpg,1,train,data/raw/pool/pos_cord_receipts_00499.jpg
data/raw/pool/pos_cord_receipts_00500.jpg,1,train,data/raw/pool/pos_cord_receipts_00500.jpg
data/raw/pool/pos_cord_receipts_00501.jpg,1,train,data/raw/pool/pos_cord_receipts_00501.jpg
data/raw/pool/pos_cord_receipts_00502.jpg,1,train,data/raw/pool/pos_cord_receipts_00502.jpg
data/raw/pool/pos_cord_receipts_00504.jpg,1,train,data/raw/pool/pos_cord_receipts_00504.jpg
data/raw/pool/pos_cord_receipts_00505.jpg,1,train,data/raw/pool/pos_cord_receipts_00505.jpg
data/raw/pool/pos_cord_receipts_00506.jpg,1,train,data/raw/pool/pos_cord_receipts_00506.jpg
data/raw/pool/pos_cord_receipts_00507.jpg,1,train,data/raw/pool/pos_cord_receipts_00507.jpg
data/raw/pool/pos_cord_receipts_00509.jpg,1,train,data/raw/pool/pos_cord_receipts_00509.jpg
data/raw/pool/pos_cord_receipts_00511.jpg,1,train,data/raw/pool/pos_cord_receipts_00511.jpg
data/raw/pool/pos_cord_receipts_00512.jpg,1,train,data/raw/pool/pos_cord_receipts_00512.jpg
data/raw/pool/pos_cord_receipts_00513.jpg,1,train,data/raw/pool/pos_cord_receipts_00513.jpg
data/raw/pool/pos_cord_receipts_00514.jpg,1,train,data/raw/pool/pos_cord_receipts_00514.jpg
data/raw/pool/pos_cord_receipts_00515.jpg,1,train,data/raw/pool/pos_cord_receipts_00515.jpg
data/raw/pool/pos_cord_receipts_00516.jpg,1,train,data/raw/pool/pos_cord_receipts_00516.jpg
data/raw/pool/pos_cord_receipts_00517.jpg,1,train,data/raw/pool/pos_cord_receipts_00517.jpg
data/raw/pool/pos_cord_receipts_00520.jpg,1,train,data/raw/pool/pos_cord_receipts_00520.jpg
data/raw/pool/pos_cord_receipts_00521.jpg,1,train,data/raw/pool/pos_cord_receipts_00521.jpg
data/raw/pool/pos_cord_receipts_00522.jpg,1,train,data/raw/pool/pos_cord_receipts_00522.jpg
data/raw/pool/pos_cord_receipts_00523.jpg,1,train,data/raw/pool/pos_cord_receipts_00523.jpg
data/raw/pool/pos_cord_receipts_00524.jpg,1,train,data/raw/pool/pos_cord_receipts_00524.jpg
data/raw/pool/pos_cord_receipts_00526.jpg,1,train,data/raw/pool/pos_cord_receipts_00526.jpg
data/raw/pool/pos_cord_receipts_00528.jpg,1,train,data/raw/pool/pos_cord_receipts_00528.jpg
data/raw/pool/pos_cord_receipts_00529.jpg,1,train,data/raw/pool/pos_cord_receipts_00529.jpg
data/raw/pool/pos_cord_receipts_00530.jpg,1,train,data/raw/pool/pos_cord_receipts_00530.jpg
data/raw/pool/pos_cord_receipts_00531.jpg,1,train,data/raw/pool/pos_cord_receipts_00531.jpg
data/raw/pool/pos_cord_receipts_00532.jpg,1,train,data/raw/pool/pos_cord_receipts_00532.jpg
data/raw/pool/pos_cord_receipts_00533.jpg,1,train,data/raw/pool/pos_cord_receipts_00533.jpg
data/raw/pool/pos_cord_receipts_00534.jpg,1,train,data/raw/pool/pos_cord_receipts_00534.jpg
data/raw/pool/pos_cord_receipts_00535.jpg,1,train,data/raw/pool/pos_cord_receipts_00535.jpg
data/raw/pool/pos_cord_receipts_00537.jpg,1,train,data/raw/pool/pos_cord_receipts_00537.jpg
data/raw/pool/pos_cord_receipts_00538.jpg,1,train,data/raw/pool/pos_cord_receipts_00538.jpg
data/raw/pool/pos_cord_receipts_00539.jpg,1,train,data/raw/pool/pos_cord_receipts_00539.jpg
data/raw/pool/pos_cord_receipts_00541.jpg,1,train,data/raw/pool/pos_cord_receipts_00541.jpg
data/raw/pool/pos_cord_receipts_00542.jpg,1,train,data/raw/pool/pos_cord_receipts_00542.jpg
data/raw/pool/pos_cord_receipts_00543.jpg,1,train,data/raw/pool/pos_cord_receipts_00543.jpg
data/raw/pool/pos_cord_receipts_00544.jpg,1,train,data/raw/pool/pos_cord_receipts_00544.jpg
data/raw/pool/pos_cord_receipts_00545.jpg,1,train,data/raw/pool/pos_cord_receipts_00545.jpg
data/raw/pool/pos_cord_receipts_00546.jpg,1,train,data/raw/pool/pos_cord_receipts_00546.jpg
data/raw/pool/pos_cord_receipts_00547.jpg,1,train,data/raw/pool/pos_cord_receipts_00547.jpg
data/raw/pool/pos_cord_receipts_00549.jpg,1,train,data/raw/pool/pos_cord_receipts_00549.jpg
data/raw/pool/pos_cord_receipts_00550.jpg,1,train,data/raw/pool/pos_cord_receipts_00550.jpg
data/raw/pool/pos_cord_receipts_00551.jpg,1,train,data/raw/pool/pos_cord_receipts_00551.jpg
data/raw/pool/pos_cord_receipts_00552.jpg,1,train,data/raw/pool/pos_cord_receipts_00552.jpg
data/raw/pool/pos_cord_receipts_00553.jpg,1,train,data/raw/pool/pos_cord_receipts_00553.jpg
data/raw/pool/pos_cord_receipts_00554.jpg,1,train,data/raw/pool/pos_cord_receipts_00554.jpg
data/raw/pool/pos_cord_receipts_00555.jpg,1,train,data/raw/pool/pos_cord_receipts_00555.jpg
data/raw/pool/pos_cord_receipts_00556.jpg,1,train,data/raw/pool/pos_cord_receipts_00556.jpg
data/raw/pool/pos_cord_receipts_00557.jpg,1,train,data/raw/pool/pos_cord_receipts_00557.jpg
data/raw/pool/pos_cord_receipts_00558.jpg,1,train,data/raw/pool/pos_cord_receipts_00558.jpg
data/raw/pool/pos_cord_receipts_00559.jpg,1,train,data/raw/pool/pos_cord_receipts_00559.jpg
data/raw/pool/pos_cord_receipts_00560.jpg,1,train,data/raw/pool/pos_cord_receipts_00560.jpg
data/raw/pool/pos_cord_receipts_00561.jpg,1,train,data/raw/pool/pos_cord_receipts_00561.jpg
data/raw/pool/pos_cord_receipts_00562.jpg,1,train,data/raw/pool/pos_cord_receipts_00562.jpg
data/raw/pool/pos_cord_receipts_00563.jpg,1,train,data/raw/pool/pos_cord_receipts_00563.jpg
data/raw/pool/pos_cord_receipts_00564.jpg,1,train,data/raw/pool/pos_cord_receipts_00564.jpg
data/raw/pool/pos_cord_receipts_00567.jpg,1,train,data/raw/pool/pos_cord_receipts_00567.jpg
data/raw/pool/pos_cord_receipts_00568.jpg,1,train,data/raw/pool/pos_cord_receipts_00568.jpg
data/raw/pool/pos_cord_receipts_00570.jpg,1,train,data/raw/pool/pos_cord_receipts_00570.jpg
data/raw/pool/pos_cord_receipts_00571.jpg,1,train,data/raw/pool/pos_cord_receipts_00571.jpg
data/raw/pool/pos_cord_receipts_00573.jpg,1,train,data/raw/pool/pos_cord_receipts_00573.jpg
data/raw/pool/pos_cord_receipts_00575.jpg,1,train,data/raw/pool/pos_cord_receipts_00575.jpg
data/raw/pool/pos_cord_receipts_00576.jpg,1,train,data/raw/pool/pos_cord_receipts_00576.jpg
data/raw/pool/pos_cord_receipts_00577.jpg,1,train,data/raw/pool/pos_cord_receipts_00577.jpg
data/raw/pool/pos_cord_receipts_00578.jpg,1,train,data/raw/pool/pos_cord_receipts_00578.jpg
data/raw/pool/pos_cord_receipts_00579.jpg,1,train,data/raw/pool/pos_cord_receipts_00579.jpg
data/raw/pool/pos_cord_receipts_00581.jpg,1,train,data/raw/pool/pos_cord_receipts_00581.jpg
data/raw/pool/pos_cord_receipts_00582.jpg,1,train,data/raw/pool/pos_cord_receipts_00582.jpg
data/raw/pool/pos_cord_receipts_00583.jpg,1,train,data/raw/pool/pos_cord_receipts_00583.jpg
data/raw/pool/pos_cord_receipts_00584.jpg,1,train,data/raw/pool/pos_cord_receipts_00584.jpg
data/raw/pool/pos_cord_receipts_00585.jpg,1,train,data/raw/pool/pos_cord_receipts_00585.jpg
data/raw/pool/pos_cord_receipts_00587.jpg,1,train,data/raw/pool/pos_cord_receipts_00587.jpg
data/raw/pool/pos_cord_receipts_00589.jpg,1,train,data/raw/pool/pos_cord_receipts_00589.jpg
data/raw/pool/pos_cord_receipts_00590.jpg,1,train,data/raw/pool/pos_cord_receipts_00590.jpg
data/raw/pool/pos_cord_receipts_00591.jpg,1,train,data/raw/pool/pos_cord_receipts_00591.jpg
data/raw/pool/pos_cord_receipts_00592.jpg,1,train,data/raw/pool/pos_cord_receipts_00592.jpg
data/raw/pool/pos_cord_receipts_00593.jpg,1,train,data/raw/pool/pos_cord_receipts_00593.jpg
data/raw/pool/pos_cord_receipts_00594.jpg,1,train,data/raw/pool/pos_cord_receipts_00594.jpg
data/raw/pool/pos_cord_receipts_00595.jpg,1,train,data/raw/pool/pos_cord_receipts_00595.jpg
data/raw/pool/pos_cord_receipts_00596.jpg,1,train,data/raw/pool/pos_cord_receipts_00596.jpg
data/raw/pool/pos_cord_receipts_00598.jpg,1,train,data/raw/pool/pos_cord_receipts_00598.jpg
data/raw/pool/pos_sroie_receipts_00002.jpg,1,train,data/raw/pool/pos_sroie_receipts_00002.jpg
data/raw/pool/pos_sroie_receipts_00003.jpg,1,train,data/raw/pool/pos_sroie_receipts_00003.jpg
data/raw/pool/pos_sroie_receipts_00004.jpg,1,train,data/raw/pool/pos_sroie_receipts_00004.jpg
data/raw/pool/pos_sroie_receipts_00005.jpg,1,train,data/raw/pool/pos_sroie_receipts_00005.jpg
data/raw/pool/pos_sroie_receipts_00007.jpg,1,train,data/raw/pool/pos_sroie_receipts_00007.jpg
data/raw/pool/pos_sroie_receipts_00008.jpg,1,train,data/raw/pool/pos_sroie_receipts_00008.jpg
data/raw/pool/pos_sroie_receipts_00009.jpg,1,train,data/raw/pool/pos_sroie_receipts_00009.jpg
data/raw/pool/pos_sroie_receipts_00010.jpg,1,train,data/raw/pool/pos_sroie_receipts_00010.jpg
data/raw/pool/pos_sroie_receipts_00011.jpg,1,train,data/raw/pool/pos_sroie_receipts_00011.jpg
data/raw/pool/pos_sroie_receipts_00012.jpg,1,train,data/raw/pool/pos_sroie_receipts_00012.jpg
data/raw/pool/pos_sroie_receipts_00013.jpg,1,train,data/raw/pool/pos_sroie_receipts_00013.jpg
data/raw/pool/pos_sroie_receipts_00014.jpg,1,train,data/raw/pool/pos_sroie_receipts_00014.jpg
data/raw/pool/pos_sroie_receipts_00015.jpg,1,train,data/raw/pool/pos_sroie_receipts_00015.jpg
data/raw/pool/pos_sroie_receipts_00017.jpg,1,train,data/raw/pool/pos_sroie_receipts_00017.jpg
data/raw/pool/pos_sroie_receipts_00018.jpg,1,train,data/raw/pool/pos_sroie_receipts_00018.jpg
data/raw/pool/pos_sroie_receipts_00020.jpg,1,train,data/raw/pool/pos_sroie_receipts_00020.jpg
data/raw/pool/pos_sroie_receipts_00021.jpg,1,train,data/raw/pool/pos_sroie_receipts_00021.jpg
data/raw/pool/pos_sroie_receipts_00022.jpg,1,train,data/raw/pool/pos_sroie_receipts_00022.jpg
data/raw/pool/pos_sroie_receipts_00024.jpg,1,train,data/raw/pool/pos_sroie_receipts_00024.jpg
data/raw/pool/pos_sroie_receipts_00026.jpg,1,train,data/raw/pool/pos_sroie_receipts_00026.jpg
data/raw/pool/pos_sroie_receipts_00028.jpg,1,train,data/raw/pool/pos_sroie_receipts_00028.jpg
data/raw/pool/pos_sroie_receipts_00029.jpg,1,train,data/raw/pool/pos_sroie_receipts_00029.jpg
data/raw/pool/pos_sroie_receipts_00030.jpg,1,train,data/raw/pool/pos_sroie_receipts_00030.jpg
data/raw/pool/pos_sroie_receipts_00031.jpg,1,train,data/raw/pool/pos_sroie_receipts_00031.jpg
data/raw/pool/pos_sroie_receipts_00032.jpg,1,train,data/raw/pool/pos_sroie_receipts_00032.jpg
data/raw/pool/pos_sroie_receipts_00033.jpg,1,train,data/raw/pool/pos_sroie_receipts_00033.jpg
data/raw/pool/pos_sroie_receipts_00034.jpg,1,train,data/raw/pool/pos_sroie_receipts_00034.jpg
data/raw/pool/pos_sroie_receipts_00035.jpg,1,train,data/raw/pool/pos_sroie_receipts_00035.jpg
data/raw/pool/pos_sroie_receipts_00036.jpg,1,train,data/raw/pool/pos_sroie_receipts_00036.jpg
data/raw/pool/pos_sroie_receipts_00037.jpg,1,train,data/raw/pool/pos_sroie_receipts_00037.jpg
data/raw/pool/pos_sroie_receipts_00038.jpg,1,train,data/raw/pool/pos_sroie_receipts_00038.jpg
data/raw/pool/pos_sroie_receipts_00039.jpg,1,train,data/raw/pool/pos_sroie_receipts_00039.jpg
data/raw/pool/pos_sroie_receipts_00040.jpg,1,train,data/raw/pool/pos_sroie_receipts_00040.jpg
data/raw/pool/pos_sroie_receipts_00041.jpg,1,train,data/raw/pool/pos_sroie_receipts_00041.jpg
data/raw/pool/pos_sroie_receipts_00042.jpg,1,train,data/raw/pool/pos_sroie_receipts_00042.jpg
data/raw/pool/pos_sroie_receipts_00043.jpg,1,train,data/raw/pool/pos_sroie_receipts_00043.jpg
data/raw/pool/pos_sroie_receipts_00044.jpg,1,train,data/raw/pool/pos_sroie_receipts_00044.jpg
data/raw/pool/pos_sroie_receipts_00045.jpg,1,train,data/raw/pool/pos_sroie_receipts_00045.jpg
data/raw/pool/pos_sroie_receipts_00046.jpg,1,train,data/raw/pool/pos_sroie_receipts_00046.jpg
data/raw/pool/pos_sroie_receipts_00048.jpg,1,train,data/raw/pool/pos_sroie_receipts_00048.jpg
data/raw/pool/pos_sroie_receipts_00049.jpg,1,train,data/raw/pool/pos_sroie_receipts_00049.jpg
data/raw/pool/pos_sroie_receipts_00050.jpg,1,train,data/raw/pool/pos_sroie_receipts_00050.jpg
data/raw/pool/pos_sroie_receipts_00051.jpg,1,train,data/raw/pool/pos_sroie_receipts_00051.jpg
data/raw/pool/pos_sroie_receipts_00052.jpg,1,train,data/raw/pool/pos_sroie_receipts_00052.jpg
data/raw/pool/pos_sroie_receipts_00053.jpg,1,train,data/raw/pool/pos_sroie_receipts_00053.jpg
data/raw/pool/pos_sroie_receipts_00057.jpg,1,train,data/raw/pool/pos_sroie_receipts_00057.jpg
data/raw/pool/pos_sroie_receipts_00058.jpg,1,train,data/raw/pool/pos_sroie_receipts_00058.jpg
data/raw/pool/pos_sroie_receipts_00059.jpg,1,train,data/raw/pool/pos_sroie_receipts_00059.jpg
data/raw/pool/pos_sroie_receipts_00060.jpg,1,train,data/raw/pool/pos_sroie_receipts_00060.jpg
data/raw/pool/pos_sroie_receipts_00061.jpg,1,train,data/raw/pool/pos_sroie_receipts_00061.jpg
data/raw/pool/pos_sroie_receipts_00062.jpg,1,train,data/raw/pool/pos_sroie_receipts_00062.jpg
data/raw/pool/pos_sroie_receipts_00064.jpg,1,train,data/raw/pool/pos_sroie_receipts_00064.jpg
data/raw/pool/pos_sroie_receipts_00065.jpg,1,train,data/raw/pool/pos_sroie_receipts_00065.jpg
data/raw/pool/pos_sroie_receipts_00066.jpg,1,train,data/raw/pool/pos_sroie_receipts_00066.jpg
data/raw/pool/pos_sroie_receipts_00067.jpg,1,train,data/raw/pool/pos_sroie_receipts_00067.jpg
data/raw/pool/pos_sroie_receipts_00068.jpg,1,train,data/raw/pool/pos_sroie_receipts_00068.jpg
data/raw/pool/pos_sroie_receipts_00069.jpg,1,train,data/raw/pool/pos_sroie_receipts_00069.jpg
data/raw/pool/pos_sroie_receipts_00070.jpg,1,train,data/raw/pool/pos_sroie_receipts_00070.jpg
data/raw/pool/pos_sroie_receipts_00071.jpg,1,train,data/raw/pool/pos_sroie_receipts_00071.jpg
data/raw/pool/pos_sroie_receipts_00072.jpg,1,train,data/raw/pool/pos_sroie_receipts_00072.jpg
data/raw/pool/pos_sroie_receipts_00074.jpg,1,train,data/raw/pool/pos_sroie_receipts_00074.jpg
data/raw/pool/pos_sroie_receipts_00076.jpg,1,train,data/raw/pool/pos_sroie_receipts_00076.jpg
data/raw/pool/pos_sroie_receipts_00079.jpg,1,train,data/raw/pool/pos_sroie_receipts_00079.jpg
data/raw/pool/pos_sroie_receipts_00080.jpg,1,train,data/raw/pool/pos_sroie_receipts_00080.jpg
data/raw/pool/pos_sroie_receipts_00081.jpg,1,train,data/raw/pool/pos_sroie_receipts_00081.jpg
data/raw/pool/pos_sroie_receipts_00082.jpg,1,train,data/raw/pool/pos_sroie_receipts_00082.jpg
data/raw/pool/pos_sroie_receipts_00083.jpg,1,train,data/raw/pool/pos_sroie_receipts_00083.jpg
data/raw/pool/pos_sroie_receipts_00084.jpg,1,train,data/raw/pool/pos_sroie_receipts_00084.jpg
data/raw/pool/pos_sroie_receipts_00085.jpg,1,train,data/raw/pool/pos_sroie_receipts_00085.jpg
data/raw/pool/pos_sroie_receipts_00086.jpg,1,train,data/raw/pool/pos_sroie_receipts_00086.jpg
data/raw/pool/pos_sroie_receipts_00087.jpg,1,train,data/raw/pool/pos_sroie_receipts_00087.jpg
data/raw/pool/pos_sroie_receipts_00090.jpg,1,train,data/raw/pool/pos_sroie_receipts_00090.jpg
data/raw/pool/pos_sroie_receipts_00091.jpg,1,train,data/raw/pool/pos_sroie_receipts_00091.jpg
data/raw/pool/pos_sroie_receipts_00093.jpg,1,train,data/raw/pool/pos_sroie_receipts_00093.jpg
data/raw/pool/pos_sroie_receipts_00094.jpg,1,train,data/raw/pool/pos_sroie_receipts_00094.jpg
data/raw/pool/pos_sroie_receipts_00095.jpg,1,train,data/raw/pool/pos_sroie_receipts_00095.jpg
data/raw/pool/pos_sroie_receipts_00096.jpg,1,train,data/raw/pool/pos_sroie_receipts_00096.jpg
data/raw/pool/pos_sroie_receipts_00097.jpg,1,train,data/raw/pool/pos_sroie_receipts_00097.jpg
data/raw/pool/pos_sroie_receipts_00098.jpg,1,train,data/raw/pool/pos_sroie_receipts_00098.jpg
data/raw/pool/pos_sroie_receipts_00101.jpg,1,train,data/raw/pool/pos_sroie_receipts_00101.jpg
data/raw/pool/pos_sroie_receipts_00103.jpg,1,train,data/raw/pool/pos_sroie_receipts_00103.jpg
data/raw/pool/pos_sroie_receipts_00106.jpg,1,train,data/raw/pool/pos_sroie_receipts_00106.jpg
data/raw/pool/pos_sroie_receipts_00107.jpg,1,train,data/raw/pool/pos_sroie_receipts_00107.jpg
data/raw/pool/pos_sroie_receipts_00108.jpg,1,train,data/raw/pool/pos_sroie_receipts_00108.jpg
data/raw/pool/pos_sroie_receipts_00109.jpg,1,train,data/raw/pool/pos_sroie_receipts_00109.jpg
data/raw/pool/pos_sroie_receipts_00110.jpg,1,train,data/raw/pool/pos_sroie_receipts_00110.jpg
data/raw/pool/pos_sroie_receipts_00112.jpg,1,train,data/raw/pool/pos_sroie_receipts_00112.jpg
data/raw/pool/pos_sroie_receipts_00113.jpg,1,train,data/raw/pool/pos_sroie_receipts_00113.jpg
data/raw/pool/pos_sroie_receipts_00114.jpg,1,train,data/raw/pool/pos_sroie_receipts_00114.jpg
data/raw/pool/pos_sroie_receipts_00115.jpg,1,train,data/raw/pool/pos_sroie_receipts_00115.jpg
data/raw/pool/pos_sroie_receipts_00117.jpg,1,train,data/raw/pool/pos_sroie_receipts_00117.jpg
data/raw/pool/pos_sroie_receipts_00118.jpg,1,train,data/raw/pool/pos_sroie_receipts_00118.jpg
data/raw/pool/pos_sroie_receipts_00119.jpg,1,train,data/raw/pool/pos_sroie_receipts_00119.jpg
data/raw/pool/pos_sroie_receipts_00120.jpg,1,train,data/raw/pool/pos_sroie_receipts_00120.jpg
data/raw/pool/pos_sroie_receipts_00121.jpg,1,train,data/raw/pool/pos_sroie_receipts_00121.jpg
data/raw/pool/pos_sroie_receipts_00122.jpg,1,train,data/raw/pool/pos_sroie_receipts_00122.jpg
data/raw/pool/pos_sroie_receipts_00123.jpg,1,train,data/raw/pool/pos_sroie_receipts_00123.jpg
data/raw/pool/pos_sroie_receipts_00124.jpg,1,train,data/raw/pool/pos_sroie_receipts_00124.jpg
data/raw/pool/pos_sroie_receipts_00125.jpg,1,train,data/raw/pool/pos_sroie_receipts_00125.jpg
data/raw/pool/pos_sroie_receipts_00126.jpg,1,train,data/raw/pool/pos_sroie_receipts_00126.jpg
data/raw/pool/pos_sroie_receipts_00127.jpg,1,train,data/raw/pool/pos_sroie_receipts_00127.jpg
data/raw/pool/pos_sroie_receipts_00128.jpg,1,train,data/raw/pool/pos_sroie_receipts_00128.jpg
data/raw/pool/pos_sroie_receipts_00129.jpg,1,train,data/raw/pool/pos_sroie_receipts_00129.jpg
data/raw/pool/pos_sroie_receipts_00130.jpg,1,train,data/raw/pool/pos_sroie_receipts_00130.jpg
data/raw/pool/pos_sroie_receipts_00132.jpg,1,train,data/raw/pool/pos_sroie_receipts_00132.jpg
data/raw/pool/pos_sroie_receipts_00133.jpg,1,train,data/raw/pool/pos_sroie_receipts_00133.jpg
data/raw/pool/pos_sroie_receipts_00134.jpg,1,train,data/raw/pool/pos_sroie_receipts_00134.jpg
data/raw/pool/pos_sroie_receipts_00135.jpg,1,train,data/raw/pool/pos_sroie_receipts_00135.jpg
data/raw/pool/pos_sroie_receipts_00137.jpg,1,train,data/raw/pool/pos_sroie_receipts_00137.jpg
data/raw/pool/pos_sroie_receipts_00139.jpg,1,train,data/raw/pool/pos_sroie_receipts_00139.jpg
data/raw/pool/pos_sroie_receipts_00140.jpg,1,train,data/raw/pool/pos_sroie_receipts_00140.jpg
data/raw/pool/pos_sroie_receipts_00141.jpg,1,train,data/raw/pool/pos_sroie_receipts_00141.jpg
data/raw/pool/pos_sroie_receipts_00142.jpg,1,train,data/raw/pool/pos_sroie_receipts_00142.jpg
data/raw/pool/pos_sroie_receipts_00143.jpg,1,train,data/raw/pool/pos_sroie_receipts_00143.jpg
data/raw/pool/pos_sroie_receipts_00144.jpg,1,train,data/raw/pool/pos_sroie_receipts_00144.jpg
data/raw/pool/pos_sroie_receipts_00145.jpg,1,train,data/raw/pool/pos_sroie_receipts_00145.jpg
data/raw/pool/pos_sroie_receipts_00146.jpg,1,train,data/raw/pool/pos_sroie_receipts_00146.jpg
data/raw/pool/pos_sroie_receipts_00148.jpg,1,train,data/raw/pool/pos_sroie_receipts_00148.jpg
data/raw/pool/pos_sroie_receipts_00149.jpg,1,train,data/raw/pool/pos_sroie_receipts_00149.jpg
data/raw/pool/pos_sroie_receipts_00150.jpg,1,train,data/raw/pool/pos_sroie_receipts_00150.jpg
data/raw/pool/pos_sroie_receipts_00151.jpg,1,train,data/raw/pool/pos_sroie_receipts_00151.jpg
data/raw/pool/pos_sroie_receipts_00152.jpg,1,train,data/raw/pool/pos_sroie_receipts_00152.jpg
data/raw/pool/pos_sroie_receipts_00153.jpg,1,train,data/raw/pool/pos_sroie_receipts_00153.jpg
data/raw/pool/pos_sroie_receipts_00155.jpg,1,train,data/raw/pool/pos_sroie_receipts_00155.jpg
data/raw/pool/pos_sroie_receipts_00156.jpg,1,train,data/raw/pool/pos_sroie_receipts_00156.jpg
data/raw/pool/pos_sroie_receipts_00158.jpg,1,train,data/raw/pool/pos_sroie_receipts_00158.jpg
data/raw/pool/pos_sroie_receipts_00160.jpg,1,train,data/raw/pool/pos_sroie_receipts_00160.jpg
data/raw/pool/pos_sroie_receipts_00161.jpg,1,train,data/raw/pool/pos_sroie_receipts_00161.jpg
data/raw/pool/pos_sroie_receipts_00163.jpg,1,train,data/raw/pool/pos_sroie_receipts_00163.jpg
data/raw/pool/pos_sroie_receipts_00167.jpg,1,train,data/raw/pool/pos_sroie_receipts_00167.jpg
data/raw/pool/pos_sroie_receipts_00168.jpg,1,train,data/raw/pool/pos_sroie_receipts_00168.jpg
data/raw/pool/pos_sroie_receipts_00170.jpg,1,train,data/raw/pool/pos_sroie_receipts_00170.jpg
data/raw/pool/pos_sroie_receipts_00171.jpg,1,train,data/raw/pool/pos_sroie_receipts_00171.jpg
data/raw/pool/pos_sroie_receipts_00172.jpg,1,train,data/raw/pool/pos_sroie_receipts_00172.jpg
data/raw/pool/pos_sroie_receipts_00173.jpg,1,train,data/raw/pool/pos_sroie_receipts_00173.jpg
data/raw/pool/pos_sroie_receipts_00174.jpg,1,train,data/raw/pool/pos_sroie_receipts_00174.jpg
data/raw/pool/pos_sroie_receipts_00175.jpg,1,train,data/raw/pool/pos_sroie_receipts_00175.jpg
data/raw/pool/pos_sroie_receipts_00176.jpg,1,train,data/raw/pool/pos_sroie_receipts_00176.jpg
data/raw/pool/pos_sroie_receipts_00177.jpg,1,train,data/raw/pool/pos_sroie_receipts_00177.jpg
data/raw/pool/pos_sroie_receipts_00179.jpg,1,train,data/raw/pool/pos_sroie_receipts_00179.jpg
data/raw/pool/pos_sroie_receipts_00181.jpg,1,train,data/raw/pool/pos_sroie_receipts_00181.jpg
data/raw/pool/pos_sroie_receipts_00182.jpg,1,train,data/raw/pool/pos_sroie_receipts_00182.jpg
data/raw/pool/pos_sroie_receipts_00183.jpg,1,train,data/raw/pool/pos_sroie_receipts_00183.jpg
data/raw/pool/pos_sroie_receipts_00184.jpg,1,train,data/raw/pool/pos_sroie_receipts_00184.jpg
data/raw/pool/pos_sroie_receipts_00186.jpg,1,train,data/raw/pool/pos_sroie_receipts_00186.jpg
data/raw/pool/pos_sroie_receipts_00187.jpg,1,train,data/raw/pool/pos_sroie_receipts_00187.jpg
data/raw/pool/pos_sroie_receipts_00188.jpg,1,train,data/raw/pool/pos_sroie_receipts_00188.jpg
data/raw/pool/pos_sroie_receipts_00190.jpg,1,train,data/raw/pool/pos_sroie_receipts_00190.jpg
data/raw/pool/pos_sroie_receipts_00192.jpg,1,train,data/raw/pool/pos_sroie_receipts_00192.jpg
data/raw/pool/pos_sroie_receipts_00195.jpg,1,train,data/raw/pool/pos_sroie_receipts_00195.jpg
data/raw/pool/pos_sroie_receipts_00196.jpg,1,train,data/raw/pool/pos_sroie_receipts_00196.jpg
data/raw/pool/pos_sroie_receipts_00197.jpg,1,train,data/raw/pool/pos_sroie_receipts_00197.jpg
data/raw/pool/pos_sroie_receipts_00198.jpg,1,train,data/raw/pool/pos_sroie_receipts_00198.jpg
data/raw/pool/pos_sroie_receipts_00199.jpg,1,train,data/raw/pool/pos_sroie_receipts_00199.jpg
data/raw/pool/pos_sroie_receipts_00200.jpg,1,train,data/raw/pool/pos_sroie_receipts_00200.jpg
data/raw/pool/pos_sroie_receipts_00203.jpg,1,train,data/raw/pool/pos_sroie_receipts_00203.jpg
data/raw/pool/pos_sroie_receipts_00204.jpg,1,train,data/raw/pool/pos_sroie_receipts_00204.jpg
data/raw/pool/pos_sroie_receipts_00205.jpg,1,train,data/raw/pool/pos_sroie_receipts_00205.jpg
data/raw/pool/pos_sroie_receipts_00206.jpg,1,train,data/raw/pool/pos_sroie_receipts_00206.jpg
data/raw/pool/pos_sroie_receipts_00207.jpg,1,train,data/raw/pool/pos_sroie_receipts_00207.jpg
data/raw/pool/pos_sroie_receipts_00208.jpg,1,train,data/raw/pool/pos_sroie_receipts_00208.jpg
data/raw/pool/pos_sroie_receipts_00209.jpg,1,train,data/raw/pool/pos_sroie_receipts_00209.jpg
data/raw/pool/pos_sroie_receipts_00210.jpg,1,train,data/raw/pool/pos_sroie_receipts_00210.jpg
data/raw/pool/pos_sroie_receipts_00211.jpg,1,train,data/raw/pool/pos_sroie_receipts_00211.jpg
data/raw/pool/pos_sroie_receipts_00213.jpg,1,train,data/raw/pool/pos_sroie_receipts_00213.jpg
data/raw/pool/pos_sroie_receipts_00214.jpg,1,train,data/raw/pool/pos_sroie_receipts_00214.jpg
data/raw/pool/pos_sroie_receipts_00215.jpg,1,train,data/raw/pool/pos_sroie_receipts_00215.jpg
data/raw/pool/pos_sroie_receipts_00217.jpg,1,train,data/raw/pool/pos_sroie_receipts_00217.jpg
data/raw/pool/pos_sroie_receipts_00218.jpg,1,train,data/raw/pool/pos_sroie_receipts_00218.jpg
data/raw/pool/pos_sroie_receipts_00219.jpg,1,train,data/raw/pool/pos_sroie_receipts_00219.jpg
data/raw/pool/pos_sroie_receipts_00220.jpg,1,train,data/raw/pool/pos_sroie_receipts_00220.jpg
data/raw/pool/pos_sroie_receipts_00221.jpg,1,train,data/raw/pool/pos_sroie_receipts_00221.jpg
data/raw/pool/pos_sroie_receipts_00222.jpg,1,train,data/raw/pool/pos_sroie_receipts_00222.jpg
data/raw/pool/pos_sroie_receipts_00224.jpg,1,train,data/raw/pool/pos_sroie_receipts_00224.jpg
data/raw/pool/pos_sroie_receipts_00225.jpg,1,train,data/raw/pool/pos_sroie_receipts_00225.jpg
data/raw/pool/pos_sroie_receipts_00226.jpg,1,train,data/raw/pool/pos_sroie_receipts_00226.jpg
data/raw/pool/pos_sroie_receipts_00227.jpg,1,train,data/raw/pool/pos_sroie_receipts_00227.jpg
data/raw/pool/pos_sroie_receipts_00228.jpg,1,train,data/raw/pool/pos_sroie_receipts_00228.jpg
data/raw/pool/pos_sroie_receipts_00230.jpg,1,train,data/raw/pool/pos_sroie_receipts_00230.jpg
data/raw/pool/pos_sroie_receipts_00231.jpg,1,train,data/raw/pool/pos_sroie_receipts_00231.jpg
data/raw/pool/pos_sroie_receipts_00232.jpg,1,train,data/raw/pool/pos_sroie_receipts_00232.jpg
data/raw/pool/pos_sroie_receipts_00233.jpg,1,train,data/raw/pool/pos_sroie_receipts_00233.jpg
data/raw/pool/pos_sroie_receipts_00234.jpg,1,train,data/raw/pool/pos_sroie_receipts_00234.jpg
data/raw/pool/pos_sroie_receipts_00235.jpg,1,train,data/raw/pool/pos_sroie_receipts_00235.jpg
data/raw/pool/pos_sroie_receipts_00237.jpg,1,train,data/raw/pool/pos_sroie_receipts_00237.jpg
data/raw/pool/pos_sroie_receipts_00238.jpg,1,train,data/raw/pool/pos_sroie_receipts_00238.jpg
data/raw/pool/pos_sroie_receipts_00239.jpg,1,train,data/raw/pool/pos_sroie_receipts_00239.jpg
data/raw/pool/pos_sroie_receipts_00240.jpg,1,train,data/raw/pool/pos_sroie_receipts_00240.jpg
data/raw/pool/pos_sroie_receipts_00241.jpg,1,train,data/raw/pool/pos_sroie_receipts_00241.jpg
data/raw/pool/pos_sroie_receipts_00242.jpg,1,train,data/raw/pool/pos_sroie_receipts_00242.jpg
data/raw/pool/pos_sroie_receipts_00243.jpg,1,train,data/raw/pool/pos_sroie_receipts_00243.jpg
data/raw/pool/pos_sroie_receipts_00245.jpg,1,train,data/raw/pool/pos_sroie_receipts_00245.jpg
data/raw/pool/pos_sroie_receipts_00246.jpg,1,train,data/raw/pool/pos_sroie_receipts_00246.jpg
data/raw/pool/pos_sroie_receipts_00247.jpg,1,train,data/raw/pool/pos_sroie_receipts_00247.jpg
data/raw/pool/pos_sroie_receipts_00248.jpg,1,train,data/raw/pool/pos_sroie_receipts_00248.jpg
data/raw/pool/pos_sroie_receipts_00249.jpg,1,train,data/raw/pool/pos_sroie_receipts_00249.jpg
data/raw/pool/pos_sroie_receipts_00250.jpg,1,train,data/raw/pool/pos_sroie_receipts_00250.jpg
data/raw/pool/pos_sroie_receipts_00251.jpg,1,train,data/raw/pool/pos_sroie_receipts_00251.jpg
data/raw/pool/pos_sroie_receipts_00252.jpg,1,train,data/raw/pool/pos_sroie_receipts_00252.jpg
data/raw/pool/pos_sroie_receipts_00254.jpg,1,train,data/raw/pool/pos_sroie_receipts_00254.jpg
data/raw/pool/pos_sroie_receipts_00255.jpg,1,train,data/raw/pool/pos_sroie_receipts_00255.jpg
data/raw/pool/pos_sroie_receipts_00257.jpg,1,train,data/raw/pool/pos_sroie_receipts_00257.jpg
data/raw/pool/pos_sroie_receipts_00258.jpg,1,train,data/raw/pool/pos_sroie_receipts_00258.jpg
data/raw/pool/pos_sroie_receipts_00259.jpg,1,train,data/raw/pool/pos_sroie_receipts_00259.jpg
data/raw/pool/pos_sroie_receipts_00260.jpg,1,train,data/raw/pool/pos_sroie_receipts_00260.jpg
data/raw/pool/pos_sroie_receipts_00261.jpg,1,train,data/raw/pool/pos_sroie_receipts_00261.jpg
data/raw/pool/pos_sroie_receipts_00262.jpg,1,train,data/raw/pool/pos_sroie_receipts_00262.jpg
data/raw/pool/pos_sroie_receipts_00264.jpg,1,train,data/raw/pool/pos_sroie_receipts_00264.jpg
data/raw/pool/pos_sroie_receipts_00265.jpg,1,train,data/raw/pool/pos_sroie_receipts_00265.jpg
data/raw/pool/pos_sroie_receipts_00268.jpg,1,train,data/raw/pool/pos_sroie_receipts_00268.jpg
data/raw/pool/pos_sroie_receipts_00269.jpg,1,train,data/raw/pool/pos_sroie_receipts_00269.jpg
data/raw/pool/pos_sroie_receipts_00270.jpg,1,train,data/raw/pool/pos_sroie_receipts_00270.jpg
data/raw/pool/pos_sroie_receipts_00271.jpg,1,train,data/raw/pool/pos_sroie_receipts_00271.jpg
data/raw/pool/pos_sroie_receipts_00272.jpg,1,train,data/raw/pool/pos_sroie_receipts_00272.jpg
data/raw/pool/pos_sroie_receipts_00274.jpg,1,train,data/raw/pool/pos_sroie_receipts_00274.jpg
data/raw/pool/pos_sroie_receipts_00275.jpg,1,train,data/raw/pool/pos_sroie_receipts_00275.jpg
data/raw/pool/pos_sroie_receipts_00276.jpg,1,train,data/raw/pool/pos_sroie_receipts_00276.jpg
data/raw/pool/pos_sroie_receipts_00277.jpg,1,train,data/raw/pool/pos_sroie_receipts_00277.jpg
data/raw/pool/pos_sroie_receipts_00278.jpg,1,train,data/raw/pool/pos_sroie_receipts_00278.jpg
data/raw/pool/pos_sroie_receipts_00280.jpg,1,train,data/raw/pool/pos_sroie_receipts_00280.jpg
data/raw/pool/pos_sroie_receipts_00281.jpg,1,train,data/raw/pool/pos_sroie_receipts_00281.jpg
data/raw/pool/pos_sroie_receipts_00283.jpg,1,train,data/raw/pool/pos_sroie_receipts_00283.jpg
data/raw/pool/pos_sroie_receipts_00284.jpg,1,train,data/raw/pool/pos_sroie_receipts_00284.jpg
data/raw/pool/pos_sroie_receipts_00285.jpg,1,train,data/raw/pool/pos_sroie_receipts_00285.jpg
data/raw/pool/pos_sroie_receipts_00287.jpg,1,train,data/raw/pool/pos_sroie_receipts_00287.jpg
data/raw/pool/pos_sroie_receipts_00288.jpg,1,train,data/raw/pool/pos_sroie_receipts_00288.jpg
data/raw/pool/pos_sroie_receipts_00289.jpg,1,train,data/raw/pool/pos_sroie_receipts_00289.jpg
data/raw/pool/pos_sroie_receipts_00290.jpg,1,train,data/raw/pool/pos_sroie_receipts_00290.jpg
data/raw/pool/pos_sroie_receipts_00291.jpg,1,train,data/raw/pool/pos_sroie_receipts_00291.jpg
data/raw/pool/pos_sroie_receipts_00293.jpg,1,train,data/raw/pool/pos_sroie_receipts_00293.jpg
data/raw/pool/pos_sroie_receipts_00296.jpg,1,train,data/raw/pool/pos_sroie_receipts_00296.jpg
data/raw/pool/pos_sroie_receipts_00297.jpg,1,train,data/raw/pool/pos_sroie_receipts_00297.jpg
data/raw/pool/pos_sroie_receipts_00298.jpg,1,train,data/raw/pool/pos_sroie_receipts_00298.jpg
data/raw/pool/pos_sroie_receipts_00300.jpg,1,train,data/raw/pool/pos_sroie_receipts_00300.jpg
data/raw/pool/pos_sroie_receipts_00301.jpg,1,train,data/raw/pool/pos_sroie_receipts_00301.jpg
data/raw/pool/pos_sroie_receipts_00302.jpg,1,train,data/raw/pool/pos_sroie_receipts_00302.jpg
data/raw/pool/pos_sroie_receipts_00303.jpg,1,train,data/raw/pool/pos_sroie_receipts_00303.jpg
data/raw/pool/pos_sroie_receipts_00305.jpg,1,train,data/raw/pool/pos_sroie_receipts_00305.jpg
data/raw/pool/pos_sroie_receipts_00306.jpg,1,train,data/raw/pool/pos_sroie_receipts_00306.jpg
data/raw/pool/pos_sroie_receipts_00307.jpg,1,train,data/raw/pool/pos_sroie_receipts_00307.jpg
data/raw/pool/pos_sroie_receipts_00309.jpg,1,train,data/raw/pool/pos_sroie_receipts_00309.jpg
data/raw/pool/pos_sroie_receipts_00310.jpg,1,train,data/raw/pool/pos_sroie_receipts_00310.jpg
data/raw/pool/pos_sroie_receipts_00311.jpg,1,train,data/raw/pool/pos_sroie_receipts_00311.jpg
data/raw/pool/pos_sroie_receipts_00312.jpg,1,train,data/raw/pool/pos_sroie_receipts_00312.jpg
data/raw/pool/pos_sroie_receipts_00313.jpg,1,train,data/raw/pool/pos_sroie_receipts_00313.jpg
data/raw/pool/pos_sroie_receipts_00314.jpg,1,train,data/raw/pool/pos_sroie_receipts_00314.jpg
data/raw/pool/pos_sroie_receipts_00315.jpg,1,train,data/raw/pool/pos_sroie_receipts_00315.jpg
data/raw/pool/pos_sroie_receipts_00316.jpg,1,train,data/raw/pool/pos_sroie_receipts_00316.jpg
data/raw/pool/pos_sroie_receipts_00317.jpg,1,train,data/raw/pool/pos_sroie_receipts_00317.jpg
data/raw/pool/pos_sroie_receipts_00319.jpg,1,train,data/raw/pool/pos_sroie_receipts_00319.jpg
data/raw/pool/pos_sroie_receipts_00320.jpg,1,train,data/raw/pool/pos_sroie_receipts_00320.jpg
data/raw/pool/pos_sroie_receipts_00321.jpg,1,train,data/raw/pool/pos_sroie_receipts_00321.jpg
data/raw/pool/pos_sroie_receipts_00322.jpg,1,train,data/raw/pool/pos_sroie_receipts_00322.jpg
data/raw/pool/pos_sroie_receipts_00323.jpg,1,train,data/raw/pool/pos_sroie_receipts_00323.jpg
data/raw/pool/pos_sroie_receipts_00325.jpg,1,train,data/raw/pool/pos_sroie_receipts_00325.jpg
data/raw/pool/pos_sroie_receipts_00326.jpg,1,train,data/raw/pool/pos_sroie_receipts_00326.jpg
data/raw/pool/pos_sroie_receipts_00327.jpg,1,train,data/raw/pool/pos_sroie_receipts_00327.jpg
data/raw/pool/pos_sroie_receipts_00328.jpg,1,train,data/raw/pool/pos_sroie_receipts_00328.jpg
data/raw/pool/pos_sroie_receipts_00329.jpg,1,train,data/raw/pool/pos_sroie_receipts_00329.jpg
data/raw/pool/pos_sroie_receipts_00330.jpg,1,train,data/raw/pool/pos_sroie_receipts_00330.jpg
data/raw/pool/pos_sroie_receipts_00331.jpg,1,train,data/raw/pool/pos_sroie_receipts_00331.jpg
data/raw/pool/pos_sroie_receipts_00332.jpg,1,train,data/raw/pool/pos_sroie_receipts_00332.jpg
data/raw/pool/pos_sroie_receipts_00333.jpg,1,train,data/raw/pool/pos_sroie_receipts_00333.jpg
data/raw/pool/pos_sroie_receipts_00334.jpg,1,train,data/raw/pool/pos_sroie_receipts_00334.jpg
data/raw/pool/pos_sroie_receipts_00336.jpg,1,train,data/raw/pool/pos_sroie_receipts_00336.jpg
data/raw/pool/pos_sroie_receipts_00338.jpg,1,train,data/raw/pool/pos_sroie_receipts_00338.jpg
data/raw/pool/pos_sroie_receipts_00340.jpg,1,train,data/raw/pool/pos_sroie_receipts_00340.jpg
data/raw/pool/pos_sroie_receipts_00342.jpg,1,train,data/raw/pool/pos_sroie_receipts_00342.jpg
data/raw/pool/pos_sroie_receipts_00343.jpg,1,train,data/raw/pool/pos_sroie_receipts_00343.jpg
data/raw/pool/pos_sroie_receipts_00344.jpg,1,train,data/raw/pool/pos_sroie_receipts_00344.jpg
data/raw/pool/pos_sroie_receipts_00345.jpg,1,train,data/raw/pool/pos_sroie_receipts_00345.jpg
data/raw/pool/pos_sroie_receipts_00347.jpg,1,train,data/raw/pool/pos_sroie_receipts_00347.jpg
data/raw/pool/pos_sroie_receipts_00349.jpg,1,train,data/raw/pool/pos_sroie_receipts_00349.jpg
data/raw/pool/pos_sroie_receipts_00351.jpg,1,train,data/raw/pool/pos_sroie_receipts_00351.jpg
data/raw/pool/pos_sroie_receipts_00352.jpg,1,train,data/raw/pool/pos_sroie_receipts_00352.jpg
data/raw/pool/pos_sroie_receipts_00353.jpg,1,train,data/raw/pool/pos_sroie_receipts_00353.jpg
data/raw/pool/pos_sroie_receipts_00355.jpg,1,train,data/raw/pool/pos_sroie_receipts_00355.jpg
data/raw/pool/pos_sroie_receipts_00356.jpg,1,train,data/raw/pool/pos_sroie_receipts_00356.jpg
data/raw/pool/pos_sroie_receipts_00357.jpg,1,train,data/raw/pool/pos_sroie_receipts_00357.jpg
data/raw/pool/pos_sroie_receipts_00359.jpg,1,train,data/raw/pool/pos_sroie_receipts_00359.jpg
data/raw/pool/pos_sroie_receipts_00360.jpg,1,train,data/raw/pool/pos_sroie_receipts_00360.jpg
data/raw/pool/pos_sroie_receipts_00361.jpg,1,train,data/raw/pool/pos_sroie_receipts_00361.jpg
data/raw/pool/pos_sroie_receipts_00362.jpg,1,train,data/raw/pool/pos_sroie_receipts_00362.jpg
data/raw/pool/pos_sroie_receipts_00363.jpg,1,train,data/raw/pool/pos_sroie_receipts_00363.jpg
data/raw/pool/pos_sroie_receipts_00364.jpg,1,train,data/raw/pool/pos_sroie_receipts_00364.jpg
data/raw/pool/pos_sroie_receipts_00365.jpg,1,train,data/raw/pool/pos_sroie_receipts_00365.jpg
data/raw/pool/pos_sroie_receipts_00366.jpg,1,train,data/raw/pool/pos_sroie_receipts_00366.jpg
data/raw/pool/pos_sroie_receipts_00367.jpg,1,train,data/raw/pool/pos_sroie_receipts_00367.jpg
data/raw/pool/pos_sroie_receipts_00368.jpg,1,train,data/raw/pool/pos_sroie_receipts_00368.jpg
data/raw/pool/pos_sroie_receipts_00370.jpg,1,train,data/raw/pool/pos_sroie_receipts_00370.jpg
data/raw/pool/pos_sroie_receipts_00371.jpg,1,train,data/raw/pool/pos_sroie_receipts_00371.jpg
data/raw/pool/pos_sroie_receipts_00372.jpg,1,train,data/raw/pool/pos_sroie_receipts_00372.jpg
data/raw/pool/pos_sroie_receipts_00373.jpg,1,train,data/raw/pool/pos_sroie_receipts_00373.jpg
data/raw/pool/pos_sroie_receipts_00375.jpg,1,train,data/raw/pool/pos_sroie_receipts_00375.jpg
data/raw/pool/pos_sroie_receipts_00378.jpg,1,train,data/raw/pool/pos_sroie_receipts_00378.jpg
data/raw/pool/pos_sroie_receipts_00379.jpg,1,train,data/raw/pool/pos_sroie_receipts_00379.jpg
data/raw/pool/pos_sroie_receipts_00380.jpg,1,train,data/raw/pool/pos_sroie_receipts_00380.jpg
data/raw/pool/pos_sroie_receipts_00382.jpg,1,train,data/raw/pool/pos_sroie_receipts_00382.jpg
data/raw/pool/pos_sroie_receipts_00383.jpg,1,train,data/raw/pool/pos_sroie_receipts_00383.jpg
data/raw/pool/pos_sroie_receipts_00384.jpg,1,train,data/raw/pool/pos_sroie_receipts_00384.jpg
data/raw/pool/pos_sroie_receipts_00385.jpg,1,train,data/raw/pool/pos_sroie_receipts_00385.jpg
data/raw/pool/pos_sroie_receipts_00386.jpg,1,train,data/raw/pool/pos_sroie_receipts_00386.jpg
data/raw/pool/pos_sroie_receipts_00387.jpg,1,train,data/raw/pool/pos_sroie_receipts_00387.jpg
data/raw/pool/pos_sroie_receipts_00388.jpg,1,train,data/raw/pool/pos_sroie_receipts_00388.jpg
data/raw/pool/pos_sroie_receipts_00389.jpg,1,train,data/raw/pool/pos_sroie_receipts_00389.jpg
data/raw/pool/pos_sroie_receipts_00390.jpg,1,train,data/raw/pool/pos_sroie_receipts_00390.jpg
data/raw/pool/pos_sroie_receipts_00391.jpg,1,train,data/raw/pool/pos_sroie_receipts_00391.jpg
data/raw/pool/pos_sroie_receipts_00392.jpg,1,train,data/raw/pool/pos_sroie_receipts_00392.jpg
data/raw/pool/pos_sroie_receipts_00393.jpg,1,train,data/raw/pool/pos_sroie_receipts_00393.jpg
data/raw/pool/pos_sroie_receipts_00394.jpg,1,train,data/raw/pool/pos_sroie_receipts_00394.jpg
data/raw/pool/pos_sroie_receipts_00395.jpg,1,train,data/raw/pool/pos_sroie_receipts_00395.jpg
data/raw/pool/pos_sroie_receipts_00396.jpg,1,train,data/raw/pool/pos_sroie_receipts_00396.jpg
data/raw/pool/pos_sroie_receipts_00398.jpg,1,train,data/raw/pool/pos_sroie_receipts_00398.jpg
data/raw/pool/pos_sroie_receipts_00399.jpg,1,train,data/raw/pool/pos_sroie_receipts_00399.jpg
data/raw/pool/pos_sroie_receipts_00400.jpg,1,train,data/raw/pool/pos_sroie_receipts_00400.jpg
data/raw/pool/pos_sroie_receipts_00401.jpg,1,train,data/raw/pool/pos_sroie_receipts_00401.jpg
data/raw/pool/pos_sroie_receipts_00402.jpg,1,train,data/raw/pool/pos_sroie_receipts_00402.jpg
data/raw/pool/pos_sroie_receipts_00403.jpg,1,train,data/raw/pool/pos_sroie_receipts_00403.jpg
data/raw/pool/pos_sroie_receipts_00404.jpg,1,train,data/raw/pool/pos_sroie_receipts_00404.jpg
data/raw/pool/pos_sroie_receipts_00406.jpg,1,train,data/raw/pool/pos_sroie_receipts_00406.jpg
data/raw/pool/pos_sroie_receipts_00407.jpg,1,train,data/raw/pool/pos_sroie_receipts_00407.jpg
data/raw/pool/pos_sroie_receipts_00408.jpg,1,train,data/raw/pool/pos_sroie_receipts_00408.jpg
data/raw/pool/pos_sroie_receipts_00410.jpg,1,train,data/raw/pool/pos_sroie_receipts_00410.jpg
data/raw/pool/pos_sroie_receipts_00411.jpg,1,train,data/raw/pool/pos_sroie_receipts_00411.jpg
data/raw/pool/pos_sroie_receipts_00412.jpg,1,train,data/raw/pool/pos_sroie_receipts_00412.jpg
data/raw/pool/pos_sroie_receipts_00414.jpg,1,train,data/raw/pool/pos_sroie_receipts_00414.jpg
data/raw/pool/pos_sroie_receipts_00415.jpg,1,train,data/raw/pool/pos_sroie_receipts_00415.jpg
data/raw/pool/pos_sroie_receipts_00416.jpg,1,train,data/raw/pool/pos_sroie_receipts_00416.jpg
data/raw/pool/pos_sroie_receipts_00417.jpg,1,train,data/raw/pool/pos_sroie_receipts_00417.jpg
data/raw/pool/pos_sroie_receipts_00418.jpg,1,train,data/raw/pool/pos_sroie_receipts_00418.jpg
data/raw/pool/pos_sroie_receipts_00420.jpg,1,train,data/raw/pool/pos_sroie_receipts_00420.jpg
data/raw/pool/pos_sroie_receipts_00422.jpg,1,train,data/raw/pool/pos_sroie_receipts_00422.jpg
data/raw/pool/pos_sroie_receipts_00423.jpg,1,train,data/raw/pool/pos_sroie_receipts_00423.jpg
data/raw/pool/pos_sroie_receipts_00424.jpg,1,train,data/raw/pool/pos_sroie_receipts_00424.jpg
data/raw/pool/pos_sroie_receipts_00425.jpg,1,train,data/raw/pool/pos_sroie_receipts_00425.jpg
data/raw/pool/pos_sroie_receipts_00426.jpg,1,train,data/raw/pool/pos_sroie_receipts_00426.jpg
data/raw/pool/pos_sroie_receipts_00427.jpg,1,train,data/raw/pool/pos_sroie_receipts_00427.jpg
data/raw/pool/pos_sroie_receipts_00429.jpg,1,train,data/raw/pool/pos_sroie_receipts_00429.jpg
data/raw/pool/pos_sroie_receipts_00430.jpg,1,train,data/raw/pool/pos_sroie_receipts_00430.jpg
data/raw/pool/pos_sroie_receipts_00431.jpg,1,train,data/raw/pool/pos_sroie_receipts_00431.jpg
data/raw/pool/pos_sroie_receipts_00432.jpg,1,train,data/raw/pool/pos_sroie_receipts_00432.jpg
data/raw/pool/pos_sroie_receipts_00435.jpg,1,train,data/raw/pool/pos_sroie_receipts_00435.jpg
data/raw/pool/pos_sroie_receipts_00436.jpg,1,train,data/raw/pool/pos_sroie_receipts_00436.jpg
data/raw/pool/pos_sroie_receipts_00437.jpg,1,train,data/raw/pool/pos_sroie_receipts_00437.jpg
data/raw/pool/pos_sroie_receipts_00438.jpg,1,train,data/raw/pool/pos_sroie_receipts_00438.jpg
data/raw/pool/pos_sroie_receipts_00440.jpg,1,train,data/raw/pool/pos_sroie_receipts_00440.jpg
data/raw/pool/pos_sroie_receipts_00441.jpg,1,train,data/raw/pool/pos_sroie_receipts_00441.jpg
data/raw/pool/pos_sroie_receipts_00442.jpg,1,train,data/raw/pool/pos_sroie_receipts_00442.jpg
data/raw/pool/pos_sroie_receipts_00443.jpg,1,train,data/raw/pool/pos_sroie_receipts_00443.jpg
data/raw/pool/pos_sroie_receipts_00444.jpg,1,train,data/raw/pool/pos_sroie_receipts_00444.jpg
data/raw/pool/pos_sroie_receipts_00445.jpg,1,train,data/raw/pool/pos_sroie_receipts_00445.jpg
data/raw/pool/pos_sroie_receipts_00446.jpg,1,train,data/raw/pool/pos_sroie_receipts_00446.jpg
data/raw/pool/pos_sroie_receipts_00447.jpg,1,train,data/raw/pool/pos_sroie_receipts_00447.jpg
data/raw/pool/pos_sroie_receipts_00448.jpg,1,train,data/raw/pool/pos_sroie_receipts_00448.jpg
data/raw/pool/pos_sroie_receipts_00450.jpg,1,train,data/raw/pool/pos_sroie_receipts_00450.jpg
data/raw/pool/pos_sroie_receipts_00451.jpg,1,train,data/raw/pool/pos_sroie_receipts_00451.jpg
data/raw/pool/pos_sroie_receipts_00452.jpg,1,train,data/raw/pool/pos_sroie_receipts_00452.jpg
data/raw/pool/pos_sroie_receipts_00453.jpg,1,train,data/raw/pool/pos_sroie_receipts_00453.jpg
data/raw/pool/pos_sroie_receipts_00454.jpg,1,train,data/raw/pool/pos_sroie_receipts_00454.jpg
data/raw/pool/pos_sroie_receipts_00455.jpg,1,train,data/raw/pool/pos_sroie_receipts_00455.jpg
data/raw/pool/pos_sroie_receipts_00456.jpg,1,train,data/raw/pool/pos_sroie_receipts_00456.jpg
data/raw/pool/pos_sroie_receipts_00458.jpg,1,train,data/raw/pool/pos_sroie_receipts_00458.jpg
data/raw/pool/pos_sroie_receipts_00459.jpg,1,train,data/raw/pool/pos_sroie_receipts_00459.jpg
data/raw/pool/pos_sroie_receipts_00460.jpg,1,train,data/raw/pool/pos_sroie_receipts_00460.jpg
data/raw/pool/pos_sroie_receipts_00461.jpg,1,train,data/raw/pool/pos_sroie_receipts_00461.jpg
data/raw/pool/pos_sroie_receipts_00462.jpg,1,train,data/raw/pool/pos_sroie_receipts_00462.jpg
data/raw/pool/pos_sroie_receipts_00463.jpg,1,train,data/raw/pool/pos_sroie_receipts_00463.jpg
data/raw/pool/pos_sroie_receipts_00464.jpg,1,train,data/raw/pool/pos_sroie_receipts_00464.jpg
data/raw/pool/pos_sroie_receipts_00465.jpg,1,train,data/raw/pool/pos_sroie_receipts_00465.jpg
data/raw/pool/pos_sroie_receipts_00466.jpg,1,train,data/raw/pool/pos_sroie_receipts_00466.jpg
data/raw/pool/pos_sroie_receipts_00467.jpg,1,train,data/raw/pool/pos_sroie_receipts_00467.jpg
data/raw/pool/pos_sroie_receipts_00468.jpg,1,train,data/raw/pool/pos_sroie_receipts_00468.jpg
data/raw/pool/pos_sroie_receipts_00470.jpg,1,train,data/raw/pool/pos_sroie_receipts_00470.jpg
data/raw/pool/pos_sroie_receipts_00471.jpg,1,train,data/raw/pool/pos_sroie_receipts_00471.jpg
data/raw/pool/pos_sroie_receipts_00473.jpg,1,train,data/raw/pool/pos_sroie_receipts_00473.jpg
data/raw/pool/pos_sroie_receipts_00474.jpg,1,train,data/raw/pool/pos_sroie_receipts_00474.jpg
data/raw/pool/pos_sroie_receipts_00475.jpg,1,train,data/raw/pool/pos_sroie_receipts_00475.jpg
data/raw/pool/pos_sroie_receipts_00476.jpg,1,train,data/raw/pool/pos_sroie_receipts_00476.jpg
data/raw/pool/pos_sroie_receipts_00477.jpg,1,train,data/raw/pool/pos_sroie_receipts_00477.jpg
data/raw/pool/pos_sroie_receipts_00478.jpg,1,train,data/raw/pool/pos_sroie_receipts_00478.jpg
data/raw/pool/pos_sroie_receipts_00479.jpg,1,train,data/raw/pool/pos_sroie_receipts_00479.jpg
data/raw/pool/pos_sroie_receipts_00481.jpg,1,train,data/raw/pool/pos_sroie_receipts_00481.jpg
data/raw/pool/pos_sroie_receipts_00482.jpg,1,train,data/raw/pool/pos_sroie_receipts_00482.jpg
data/raw/pool/pos_sroie_receipts_00483.jpg,1,train,data/raw/pool/pos_sroie_receipts_00483.jpg
data/raw/pool/pos_sroie_receipts_00485.jpg,1,train,data/raw/pool/pos_sroie_receipts_00485.jpg
data/raw/pool/pos_sroie_receipts_00486.jpg,1,train,data/raw/pool/pos_sroie_receipts_00486.jpg
data/raw/pool/pos_sroie_receipts_00487.jpg,1,train,data/raw/pool/pos_sroie_receipts_00487.jpg
data/raw/pool/pos_sroie_receipts_00488.jpg,1,train,data/raw/pool/pos_sroie_receipts_00488.jpg
data/raw/pool/pos_sroie_receipts_00489.jpg,1,train,data/raw/pool/pos_sroie_receipts_00489.jpg
data/raw/pool/pos_sroie_receipts_00490.jpg,1,train,data/raw/pool/pos_sroie_receipts_00490.jpg
data/raw/pool/pos_sroie_receipts_00491.jpg,1,train,data/raw/pool/pos_sroie_receipts_00491.jpg
data/raw/pool/pos_sroie_receipts_00492.jpg,1,train,data/raw/pool/pos_sroie_receipts_00492.jpg
data/raw/pool/pos_sroie_receipts_00493.jpg,1,train,data/raw/pool/pos_sroie_receipts_00493.jpg
data/raw/pool/pos_sroie_receipts_00494.jpg,1,train,data/raw/pool/pos_sroie_receipts_00494.jpg
data/raw/pool/pos_sroie_receipts_00495.jpg,1,train,data/raw/pool/pos_sroie_receipts_00495.jpg
data/raw/pool/pos_sroie_receipts_00496.jpg,1,train,data/raw/pool/pos_sroie_receipts_00496.jpg
data/raw/pool/pos_sroie_receipts_00497.jpg,1,train,data/raw/pool/pos_sroie_receipts_00497.jpg
data/raw/pool/pos_sroie_receipts_00499.jpg,1,train,data/raw/pool/pos_sroie_receipts_00499.jpg
data/raw/pool/pos_sroie_receipts_00500.jpg,1,train,data/raw/pool/pos_sroie_receipts_00500.jpg
data/raw/pool/pos_sroie_receipts_00502.jpg,1,train,data/raw/pool/pos_sroie_receipts_00502.jpg
data/raw/pool/pos_sroie_receipts_00504.jpg,1,train,data/raw/pool/pos_sroie_receipts_00504.jpg
data/raw/pool/pos_sroie_receipts_00505.jpg,1,train,data/raw/pool/pos_sroie_receipts_00505.jpg
data/raw/pool/pos_sroie_receipts_00506.jpg,1,train,data/raw/pool/pos_sroie_receipts_00506.jpg
data/raw/pool/pos_sroie_receipts_00507.jpg,1,train,data/raw/pool/pos_sroie_receipts_00507.jpg
data/raw/pool/pos_sroie_receipts_00508.jpg,1,train,data/raw/pool/pos_sroie_receipts_00508.jpg
data/raw/pool/pos_sroie_receipts_00509.jpg,1,train,data/raw/pool/pos_sroie_receipts_00509.jpg
data/raw/pool/pos_sroie_receipts_00510.jpg,1,train,data/raw/pool/pos_sroie_receipts_00510.jpg
data/raw/pool/pos_sroie_receipts_00511.jpg,1,train,data/raw/pool/pos_sroie_receipts_00511.jpg
data/raw/pool/pos_sroie_receipts_00512.jpg,1,train,data/raw/pool/pos_sroie_receipts_00512.jpg
data/raw/pool/pos_sroie_receipts_00513.jpg,1,train,data/raw/pool/pos_sroie_receipts_00513.jpg
data/raw/pool/pos_sroie_receipts_00514.jpg,1,train,data/raw/pool/pos_sroie_receipts_00514.jpg
data/raw/pool/pos_sroie_receipts_00515.jpg,1,train,data/raw/pool/pos_sroie_receipts_00515.jpg
data/raw/pool/pos_sroie_receipts_00516.jpg,1,train,data/raw/pool/pos_sroie_receipts_00516.jpg
data/raw/pool/pos_sroie_receipts_00517.jpg,1,train,data/raw/pool/pos_sroie_receipts_00517.jpg
data/raw/pool/pos_sroie_receipts_00518.jpg,1,train,data/raw/pool/pos_sroie_receipts_00518.jpg
data/raw/pool/pos_sroie_receipts_00519.jpg,1,train,data/raw/pool/pos_sroie_receipts_00519.jpg
data/raw/pool/pos_sroie_receipts_00521.jpg,1,train,data/raw/pool/pos_sroie_receipts_00521.jpg
data/raw/pool/pos_sroie_receipts_00522.jpg,1,train,data/raw/pool/pos_sroie_receipts_00522.jpg
data/raw/pool/pos_sroie_receipts_00523.jpg,1,train,data/raw/pool/pos_sroie_receipts_00523.jpg
data/raw/pool/pos_sroie_receipts_00525.jpg,1,train,data/raw/pool/pos_sroie_receipts_00525.jpg
data/raw/pool/pos_sroie_receipts_00527.jpg,1,train,data/raw/pool/pos_sroie_receipts_00527.jpg
data/raw/pool/pos_sroie_receipts_00529.jpg,1,train,data/raw/pool/pos_sroie_receipts_00529.jpg
data/raw/pool/pos_sroie_receipts_00532.jpg,1,train,data/raw/pool/pos_sroie_receipts_00532.jpg
data/raw/pool/pos_sroie_receipts_00534.jpg,1,train,data/raw/pool/pos_sroie_receipts_00534.jpg
data/raw/pool/pos_sroie_receipts_00535.jpg,1,train,data/raw/pool/pos_sroie_receipts_00535.jpg
data/raw/pool/pos_sroie_receipts_00537.jpg,1,train,data/raw/pool/pos_sroie_receipts_00537.jpg
data/raw/pool/pos_sroie_receipts_00538.jpg,1,train,data/raw/pool/pos_sroie_receipts_00538.jpg
data/raw/pool/pos_sroie_receipts_00539.jpg,1,train,data/raw/pool/pos_sroie_receipts_00539.jpg
data/raw/pool/pos_sroie_receipts_00540.jpg,1,train,data/raw/pool/pos_sroie_receipts_00540.jpg
data/raw/pool/pos_sroie_receipts_00541.jpg,1,train,data/raw/pool/pos_sroie_receipts_00541.jpg
data/raw/pool/pos_sroie_receipts_00542.jpg,1,train,data/raw/pool/pos_sroie_receipts_00542.jpg
data/raw/pool/pos_sroie_receipts_00543.jpg,1,train,data/raw/pool/pos_sroie_receipts_00543.jpg
data/raw/pool/pos_sroie_receipts_00544.jpg,1,train,data/raw/pool/pos_sroie_receipts_00544.jpg
data/raw/pool/pos_sroie_receipts_00546.jpg,1,train,data/raw/pool/pos_sroie_receipts_00546.jpg
data/raw/pool/pos_sroie_receipts_00547.jpg,1,train,data/raw/pool/pos_sroie_receipts_00547.jpg
data/raw/pool/pos_sroie_receipts_00549.jpg,1,train,data/raw/pool/pos_sroie_receipts_00549.jpg
data/raw/pool/pos_sroie_receipts_00550.jpg,1,train,data/raw/pool/pos_sroie_receipts_00550.jpg
data/raw/pool/pos_sroie_receipts_00551.jpg,1,train,data/raw/pool/pos_sroie_receipts_00551.jpg
data/raw/pool/pos_sroie_receipts_00552.jpg,1,train,data/raw/pool/pos_sroie_receipts_00552.jpg
data/raw/pool/pos_sroie_receipts_00553.jpg,1,train,data/raw/pool/pos_sroie_receipts_00553.jpg
data/raw/pool/pos_sroie_receipts_00554.jpg,1,train,data/raw/pool/pos_sroie_receipts_00554.jpg
data/raw/pool/pos_sroie_receipts_00555.jpg,1,train,data/raw/pool/pos_sroie_receipts_00555.jpg
data/raw/pool/pos_sroie_receipts_00556.jpg,1,train,data/raw/pool/pos_sroie_receipts_00556.jpg
data/raw/pool/pos_sroie_receipts_00557.jpg,1,train,data/raw/pool/pos_sroie_receipts_00557.jpg
data/raw/pool/pos_sroie_receipts_00559.jpg,1,train,data/raw/pool/pos_sroie_receipts_00559.jpg
data/raw/pool/pos_sroie_receipts_00560.jpg,1,train,data/raw/pool/pos_sroie_receipts_00560.jpg
data/raw/pool/pos_sroie_receipts_00561.jpg,1,train,data/raw/pool/pos_sroie_receipts_00561.jpg
data/raw/pool/pos_sroie_receipts_00562.jpg,1,train,data/raw/pool/pos_sroie_receipts_00562.jpg
data/raw/pool/pos_sroie_receipts_00565.jpg,1,train,data/raw/pool/pos_sroie_receipts_00565.jpg
data/raw/pool/pos_sroie_receipts_00566.jpg,1,train,data/raw/pool/pos_sroie_receipts_00566.jpg
data/raw/pool/pos_sroie_receipts_00567.jpg,1,train,data/raw/pool/pos_sroie_receipts_00567.jpg
data/raw/pool/pos_sroie_receipts_00568.jpg,1,train,data/raw/pool/pos_sroie_receipts_00568.jpg
data/raw/pool/pos_sroie_receipts_00570.jpg,1,train,data/raw/pool/pos_sroie_receipts_00570.jpg
data/raw/pool/pos_sroie_receipts_00574.jpg,1,train,data/raw/pool/pos_sroie_receipts_00574.jpg
data/raw/pool/pos_sroie_receipts_00575.jpg,1,train,data/raw/pool/pos_sroie_receipts_00575.jpg
data/raw/pool/pos_sroie_receipts_00576.jpg,1,train,data/raw/pool/pos_sroie_receipts_00576.jpg
data/raw/pool/pos_sroie_receipts_00577.jpg,1,train,data/raw/pool/pos_sroie_receipts_00577.jpg
data/raw/pool/pos_sroie_receipts_00578.jpg,1,train,data/raw/pool/pos_sroie_receipts_00578.jpg
data/raw/pool/pos_sroie_receipts_00580.jpg,1,train,data/raw/pool/pos_sroie_receipts_00580.jpg
data/raw/pool/pos_sroie_receipts_00581.jpg,1,train,data/raw/pool/pos_sroie_receipts_00581.jpg
data/raw/pool/pos_sroie_receipts_00583.jpg,1,train,data/raw/pool/pos_sroie_receipts_00583.jpg
data/raw/pool/pos_sroie_receipts_00584.jpg,1,train,data/raw/pool/pos_sroie_receipts_00584.jpg
data/raw/pool/pos_sroie_receipts_00585.jpg,1,train,data/raw/pool/pos_sroie_receipts_00585.jpg
data/raw/pool/pos_sroie_receipts_00586.jpg,1,train,data/raw/pool/pos_sroie_receipts_00586.jpg
data/raw/pool/pos_sroie_receipts_00587.jpg,1,train,data/raw/pool/pos_sroie_receipts_00587.jpg
data/raw/pool/pos_sroie_receipts_00588.jpg,1,train,data/raw/pool/pos_sroie_receipts_00588.jpg
data/raw/pool/pos_sroie_receipts_00589.jpg,1,train,data/raw/pool/pos_sroie_receipts_00589.jpg
data/raw/pool/pos_sroie_receipts_00591.jpg,1,train,data/raw/pool/pos_sroie_receipts_00591.jpg
data/raw/pool/pos_sroie_receipts_00592.jpg,1,train,data/raw/pool/pos_sroie_receipts_00592.jpg
data/raw/pool/pos_sroie_receipts_00593.jpg,1,train,data/raw/pool/pos_sroie_receipts_00593.jpg
data/raw/pool/pos_sroie_receipts_00594.jpg,1,train,data/raw/pool/pos_sroie_receipts_00594.jpg
data/raw/pool/pos_sroie_receipts_00595.jpg,1,train,data/raw/pool/pos_sroie_receipts_00595.jpg
data/raw/pool/pos_sroie_receipts_00597.jpg,1,train,data/raw/pool/pos_sroie_receipts_00597.jpg
data/raw/pool/pos_sroie_receipts_00598.jpg,1,train,data/raw/pool/pos_sroie_receipts_00598.jpg
data/raw/pool/pos_sroie_receipts_00599.jpg,1,train,data/raw/pool/pos_sroie_receipts_00599.jpg
data/raw/pool/pos_rvlcdip_invoice_00001.jpg,1,train,data/raw/pool/pos_rvlcdip_invoice_00001.jpg
data/raw/pool/pos_rvlcdip_invoice_00002.jpg,1,train,data/raw/pool/pos_rvlcdip_invoice_00002.jpg
data/raw/pool/pos_rvlcdip_invoice_00003.jpg,1,train,data/raw/pool/pos_rvlcdip_invoice_00003.jpg
data/raw/pool/pos_rvlcdip_invoice_00004.jpg,1,train,data/raw/pool/pos_rvlcdip_invoice_00004.jpg
data/raw/pool/pos_rvlcdip_invoice_00005.jpg,1,train,data/raw/pool/pos_rvlcdip_invoice_00005.jpg
data/raw/pool/pos_rvlcdip_invoice_00006.jpg,1,train,data/raw/pool/pos_rvlcdip_invoice_00006.jpg
data/raw/pool/pos_rvlcdip_invoice_00007.jpg,1,train,data/raw/pool/pos_rvlcdip_invoice_00007.jpg
data/raw/pool/pos_rvlcdip_invoice_00008.jpg,1,train,data/raw/pool/pos_rvlcdip_invoice_00008.jpg
data/raw/pool/pos_rvlcdip_invoice_00009.jpg,1,train,data/raw/pool/pos_rvlcdip_invoice_00009.jpg
data/raw/pool/pos_rvlcdip_invoice_00010.jpg,1,train,data/raw/pool/pos_rvlcdip_invoice_00010.jpg
data/raw/pool/pos_rvlcdip_invoice_00011.jpg,1,train,data/raw/pool/pos_rvlcdip_invoice_00011.jpg
data/raw/pool/pos_rvlcdip_invoice_00012.jpg,1,train,data/raw/pool/pos_rvlcdip_invoice_00012.jpg
data/raw/pool/pos_rvlcdip_invoice_00013.jpg,1,train,data/raw/pool/pos_rvlcdip_invoice_00013.jpg
data/raw/pool/pos_rvlcdip_invoice_00016.jpg,1,train,data/raw/pool/pos_rvlcdip_invoice_00016.jpg
data/raw/pool/pos_rvlcdip_invoice_00017.jpg,1,train,data/raw/pool/pos_rvlcdip_invoice_00017.jpg
data/raw/pool/pos_rvlcdip_invoice_00019.jpg,1,train,data/raw/pool/pos_rvlcdip_invoice_00019.jpg
data/raw/pool/pos_rvlcdip_invoice_00022.jpg,1,train,data/raw/pool/pos_rvlcdip_invoice_00022.jpg
data/raw/pool/pos_rvlcdip_invoice_00023.jpg,1,train,data/raw/pool/pos_rvlcdip_invoice_00023.jpg
data/raw/pool/pos_rvlcdip_invoice_00024.jpg,1,train,data/raw/pool/pos_rvlcdip_invoice_00024.jpg
data/raw/pool/pos_rvlcdip_invoice_00025.jpg,1,train,data/raw/pool/pos_rvlcdip_invoice_00025.jpg
data/raw/pool/pos_rvlcdip_invoice_00026.jpg,1,train,data/raw/pool/pos_rvlcdip_invoice_00026.jpg
data/raw/pool/pos_rvlcdip_invoice_00027.jpg,1,train,data/raw/pool/pos_rvlcdip_invoice_00027.jpg
data/raw/pool/pos_rvlcdip_invoice_00028.jpg,1,train,data/raw/pool/pos_rvlcdip_invoice_00028.jpg
data/raw/pool/pos_rvlcdip_invoice_00030.jpg,1,train,data/raw/pool/pos_rvlcdip_invoice_00030.jpg
data/raw/pool/pos_rvlcdip_invoice_00031.jpg,1,train,data/raw/pool/pos_rvlcdip_invoice_00031.jpg
data/raw/pool/pos_rvlcdip_invoice_00032.jpg,1,train,data/raw/pool/pos_rvlcdip_invoice_00032.jpg
data/raw/pool/pos_rvlcdip_invoice_00033.jpg,1,train,data/raw/pool/pos_rvlcdip_invoice_00033.jpg
data/raw/pool/pos_rvlcdip_invoice_00035.jpg,1,train,data/raw/pool/pos_rvlcdip_invoice_00035.jpg
data/raw/pool/pos_rvlcdip_invoice_00037.jpg,1,train,data/raw/pool/pos_rvlcdip_invoice_00037.jpg
data/raw/pool/pos_rvlcdip_invoice_00038.jpg,1,train,data/raw/pool/pos_rvlcdip_invoice_00038.jpg
data/raw/pool/pos_rvlcdip_invoice_00039.jpg,1,train,data/raw/pool/pos_rvlcdip_invoice_00039.jpg
data/raw/pool/pos_rvlcdip_invoice_00040.jpg,1,train,data/raw/pool/pos_rvlcdip_invoice_00040.jpg
data/raw/pool/pos_rvlcdip_invoice_00041.jpg,1,train,data/raw/pool/pos_rvlcdip_invoice_00041.jpg
data/raw/pool/pos_rvlcdip_invoice_00043.jpg,1,train,data/raw/pool/pos_rvlcdip_invoice_00043.jpg
data/raw/pool/pos_rvlcdip_invoice_00045.jpg,1,train,data/raw/pool/pos_rvlcdip_invoice_00045.jpg
data/raw/pool/pos_rvlcdip_invoice_00046.jpg,1,train,data/raw/pool/pos_rvlcdip_invoice_00046.jpg
data/raw/pool/pos_rvlcdip_invoice_00047.jpg,1,train,data/raw/pool/pos_rvlcdip_invoice_00047.jpg
data/raw/pool/pos_rvlcdip_invoice_00050.jpg,1,train,data/raw/pool/pos_rvlcdip_invoice_00050.jpg
data/raw/pool/pos_rvlcdip_invoice_00051.jpg,1,train,data/raw/pool/pos_rvlcdip_invoice_00051.jpg
data/raw/pool/pos_rvlcdip_invoice_00054.jpg,1,train,data/raw/pool/pos_rvlcdip_invoice_00054.jpg
data/raw/pool/pos_rvlcdip_invoice_00055.jpg,1,train,data/raw/pool/pos_rvlcdip_invoice_00055.jpg
data/raw/pool/pos_rvlcdip_invoice_00056.jpg,1,train,data/raw/pool/pos_rvlcdip_invoice_00056.jpg
data/raw/pool/pos_rvlcdip_invoice_00058.jpg,1,train,data/raw/pool/pos_rvlcdip_invoice_00058.jpg
data/raw/pool/pos_rvlcdip_invoice_00059.jpg,1,train,data/raw/pool/pos_rvlcdip_invoice_00059.jpg
data/raw/pool/pos_rvlcdip_invoice_00060.jpg,1,train,data/raw/pool/pos_rvlcdip_invoice_00060.jpg
data/raw/pool/pos_rvlcdip_invoice_00062.jpg,1,train,data/raw/pool/pos_rvlcdip_invoice_00062.jpg
data/raw/pool/pos_rvlcdip_invoice_00063.jpg,1,train,data/raw/pool/pos_rvlcdip_invoice_00063.jpg
data/raw/pool/pos_rvlcdip_invoice_00064.jpg,1,train,data/raw/pool/pos_rvlcdip_invoice_00064.jpg
data/raw/pool/pos_rvlcdip_invoice_00065.jpg,1,train,data/raw/pool/pos_rvlcdip_invoice_00065.jpg
data/raw/pool/pos_rvlcdip_invoice_00066.jpg,1,train,data/raw/pool/pos_rvlcdip_invoice_00066.jpg
data/raw/pool/pos_rvlcdip_invoice_00067.jpg,1,train,data/raw/pool/pos_rvlcdip_invoice_00067.jpg
data/raw/pool/pos_rvlcdip_invoice_00068.jpg,1,train,data/raw/pool/pos_rvlcdip_invoice_00068.jpg
data/raw/pool/pos_rvlcdip_invoice_00069.jpg,1,train,data/raw/pool/pos_rvlcdip_invoice_00069.jpg
data/raw/pool/pos_rvlcdip_invoice_00070.jpg,1,train,data/raw/pool/pos_rvlcdip_invoice_00070.jpg
data/raw/pool/pos_rvlcdip_invoice_00072.jpg,1,train,data/raw/pool/pos_rvlcdip_invoice_00072.jpg
data/raw/pool/pos_rvlcdip_invoice_00074.jpg,1,train,data/raw/pool/pos_rvlcdip_invoice_00074.jpg
data/raw/pool/pos_rvlcdip_invoice_00075.jpg,1,train,data/raw/pool/pos_rvlcdip_invoice_00075.jpg
data/raw/pool/pos_rvlcdip_invoice_00076.jpg,1,train,data/raw/pool/pos_rvlcdip_invoice_00076.jpg
data/raw/pool/pos_rvlcdip_invoice_00077.jpg,1,train,data/raw/pool/pos_rvlcdip_invoice_00077.jpg
data/raw/pool/pos_rvlcdip_invoice_00078.jpg,1,train,data/raw/pool/pos_rvlcdip_invoice_00078.jpg
data/raw/pool/pos_rvlcdip_invoice_00080.jpg,1,train,data/raw/pool/pos_rvlcdip_invoice_00080.jpg
data/raw/pool/pos_rvlcdip_invoice_00081.jpg,1,train,data/raw/pool/pos_rvlcdip_invoice_00081.jpg
data/raw/pool/pos_rvlcdip_invoice_00082.jpg,1,train,data/raw/pool/pos_rvlcdip_invoice_00082.jpg
data/raw/pool/pos_rvlcdip_invoice_00083.jpg,1,train,data/raw/pool/pos_rvlcdip_invoice_00083.jpg
data/raw/pool/pos_rvlcdip_invoice_00084.jpg,1,train,data/raw/pool/pos_rvlcdip_invoice_00084.jpg
data/raw/pool/pos_rvlcdip_invoice_00085.jpg,1,train,data/raw/pool/pos_rvlcdip_invoice_00085.jpg
data/raw/pool/pos_rvlcdip_invoice_00086.jpg,1,train,data/raw/pool/pos_rvlcdip_invoice_00086.jpg
data/raw/pool/pos_rvlcdip_invoice_00087.jpg,1,train,data/raw/pool/pos_rvlcdip_invoice_00087.jpg
data/raw/pool/pos_rvlcdip_invoice_00089.jpg,1,train,data/raw/pool/pos_rvlcdip_invoice_00089.jpg
data/raw/pool/pos_rvlcdip_invoice_00090.jpg,1,train,data/raw/pool/pos_rvlcdip_invoice_00090.jpg
data/raw/pool/pos_rvlcdip_invoice_00091.jpg,1,train,data/raw/pool/pos_rvlcdip_invoice_00091.jpg
data/raw/pool/pos_rvlcdip_invoice_00092.jpg,1,train,data/raw/pool/pos_rvlcdip_invoice_00092.jpg
data/raw/pool/pos_rvlcdip_invoice_00093.jpg,1,train,data/raw/pool/pos_rvlcdip_invoice_00093.jpg
data/raw/pool/pos_rvlcdip_invoice_00094.jpg,1,train,data/raw/pool/pos_rvlcdip_invoice_00094.jpg
data/raw/pool/pos_rvlcdip_invoice_00095.jpg,1,train,data/raw/pool/pos_rvlcdip_invoice_00095.jpg
data/raw/pool/pos_rvlcdip_invoice_00096.jpg,1,train,data/raw/pool/pos_rvlcdip_invoice_00096.jpg
data/raw/pool/pos_rvlcdip_invoice_00098.jpg,1,train,data/raw/pool/pos_rvlcdip_invoice_00098.jpg
data/raw/pool/pos_rvlcdip_invoice_00099.jpg,1,train,data/raw/pool/pos_rvlcdip_invoice_00099.jpg
data/raw/pool/pos_rvlcdip_invoice_00100.jpg,1,train,data/raw/pool/pos_rvlcdip_invoice_00100.jpg
data/raw/pool/pos_rvlcdip_invoice_00101.jpg,1,train,data/raw/pool/pos_rvlcdip_invoice_00101.jpg
data/raw/pool/pos_rvlcdip_invoice_00102.jpg,1,train,data/raw/pool/pos_rvlcdip_invoice_00102.jpg
data/raw/pool/pos_rvlcdip_invoice_00103.jpg,1,train,data/raw/pool/pos_rvlcdip_invoice_00103.jpg
data/raw/pool/pos_rvlcdip_invoice_00104.jpg,1,train,data/raw/pool/pos_rvlcdip_invoice_00104.jpg
data/raw/pool/pos_rvlcdip_invoice_00106.jpg,1,train,data/raw/pool/pos_rvlcdip_invoice_00106.jpg
data/raw/pool/pos_rvlcdip_invoice_00107.jpg,1,train,data/raw/pool/pos_rvlcdip_invoice_00107.jpg
data/raw/pool/pos_rvlcdip_invoice_00110.jpg,1,train,data/raw/pool/pos_rvlcdip_invoice_00110.jpg
data/raw/pool/pos_rvlcdip_invoice_00111.jpg,1,train,data/raw/pool/pos_rvlcdip_invoice_00111.jpg
data/raw/pool/pos_rvlcdip_invoice_00113.jpg,1,train,data/raw/pool/pos_rvlcdip_invoice_00113.jpg
data/raw/pool/pos_rvlcdip_invoice_00114.jpg,1,train,data/raw/pool/pos_rvlcdip_invoice_00114.jpg
data/raw/pool/pos_rvlcdip_invoice_00115.jpg,1,train,data/raw/pool/pos_rvlcdip_invoice_00115.jpg
data/raw/pool/pos_rvlcdip_invoice_00117.jpg,1,train,data/raw/pool/pos_rvlcdip_invoice_00117.jpg
data/raw/pool/pos_rvlcdip_invoice_00118.jpg,1,train,data/raw/pool/pos_rvlcdip_invoice_00118.jpg
data/raw/pool/pos_rvlcdip_invoice_00119.jpg,1,train,data/raw/pool/pos_rvlcdip_invoice_00119.jpg
data/raw/pool/pos_rvlcdip_invoice_00121.jpg,1,train,data/raw/pool/pos_rvlcdip_invoice_00121.jpg
data/raw/pool/pos_rvlcdip_invoice_00122.jpg,1,train,data/raw/pool/pos_rvlcdip_invoice_00122.jpg
data/raw/pool/pos_rvlcdip_invoice_00123.jpg,1,train,data/raw/pool/pos_rvlcdip_invoice_00123.jpg
data/raw/pool/pos_rvlcdip_invoice_00124.jpg,1,train,data/raw/pool/pos_rvlcdip_invoice_00124.jpg
data/raw/pool/pos_rvlcdip_invoice_00125.jpg,1,train,data/raw/pool/pos_rvlcdip_invoice_00125.jpg
data/raw/pool/pos_rvlcdip_invoice_00126.jpg,1,train,data/raw/pool/pos_rvlcdip_invoice_00126.jpg
data/raw/pool/pos_rvlcdip_invoice_00127.jpg,1,train,data/raw/pool/pos_rvlcdip_invoice_00127.jpg
data/raw/pool/pos_rvlcdip_invoice_00128.jpg,1,train,data/raw/pool/pos_rvlcdip_invoice_00128.jpg
data/raw/pool/pos_rvlcdip_invoice_00129.jpg,1,train,data/raw/pool/pos_rvlcdip_invoice_00129.jpg
data/raw/pool/pos_rvlcdip_invoice_00130.jpg,1,train,data/raw/pool/pos_rvlcdip_invoice_00130.jpg
data/raw/pool/pos_rvlcdip_invoice_00131.jpg,1,train,data/raw/pool/pos_rvlcdip_invoice_00131.jpg
data/raw/pool/pos_rvlcdip_invoice_00132.jpg,1,train,data/raw/pool/pos_rvlcdip_invoice_00132.jpg
data/raw/pool/pos_rvlcdip_invoice_00133.jpg,1,train,data/raw/pool/pos_rvlcdip_invoice_00133.jpg
data/raw/pool/pos_rvlcdip_invoice_00134.jpg,1,train,data/raw/pool/pos_rvlcdip_invoice_00134.jpg
data/raw/pool/pos_rvlcdip_invoice_00135.jpg,1,train,data/raw/pool/pos_rvlcdip_invoice_00135.jpg
data/raw/pool/pos_rvlcdip_invoice_00136.jpg,1,train,data/raw/pool/pos_rvlcdip_invoice_00136.jpg
data/raw/pool/pos_rvlcdip_invoice_00137.jpg,1,train,data/raw/pool/pos_rvlcdip_invoice_00137.jpg
data/raw/pool/pos_rvlcdip_invoice_00138.jpg,1,train,data/raw/pool/pos_rvlcdip_invoice_00138.jpg
data/raw/pool/pos_rvlcdip_invoice_00139.jpg,1,train,data/raw/pool/pos_rvlcdip_invoice_00139.jpg
data/raw/pool/pos_rvlcdip_invoice_00140.jpg,1,train,data/raw/pool/pos_rvlcdip_invoice_00140.jpg
data/raw/pool/pos_rvlcdip_invoice_00141.jpg,1,train,data/raw/pool/pos_rvlcdip_invoice_00141.jpg
data/raw/pool/pos_rvlcdip_invoice_00142.jpg,1,train,data/raw/pool/pos_rvlcdip_invoice_00142.jpg
data/raw/pool/pos_rvlcdip_invoice_00143.jpg,1,train,data/raw/pool/pos_rvlcdip_invoice_00143.jpg
data/raw/pool/pos_rvlcdip_invoice_00144.jpg,1,train,data/raw/pool/pos_rvlcdip_invoice_00144.jpg
data/raw/pool/pos_rvlcdip_invoice_00145.jpg,1,train,data/raw/pool/pos_rvlcdip_invoice_00145.jpg
data/raw/pool/pos_rvlcdip_invoice_00146.jpg,1,train,data/raw/pool/pos_rvlcdip_invoice_00146.jpg
data/raw/pool/pos_rvlcdip_invoice_00147.jpg,1,train,data/raw/pool/pos_rvlcdip_invoice_00147.jpg
data/raw/pool/pos_rvlcdip_invoice_00149.jpg,1,train,data/raw/pool/pos_rvlcdip_invoice_00149.jpg
data/raw/pool/pos_rvlcdip_invoice_00150.jpg,1,train,data/raw/pool/pos_rvlcdip_invoice_00150.jpg
data/raw/pool/pos_rvlcdip_invoice_00151.jpg,1,train,data/raw/pool/pos_rvlcdip_invoice_00151.jpg
data/raw/pool/pos_rvlcdip_invoice_00153.jpg,1,train,data/raw/pool/pos_rvlcdip_invoice_00153.jpg
data/raw/pool/pos_rvlcdip_invoice_00154.jpg,1,train,data/raw/pool/pos_rvlcdip_invoice_00154.jpg
data/raw/pool/pos_rvlcdip_invoice_00156.jpg,1,train,data/raw/pool/pos_rvlcdip_invoice_00156.jpg
data/raw/pool/pos_rvlcdip_invoice_00157.jpg,1,train,data/raw/pool/pos_rvlcdip_invoice_00157.jpg
data/raw/pool/pos_rvlcdip_invoice_00158.jpg,1,train,data/raw/pool/pos_rvlcdip_invoice_00158.jpg
data/raw/pool/pos_rvlcdip_invoice_00159.jpg,1,train,data/raw/pool/pos_rvlcdip_invoice_00159.jpg
data/raw/pool/pos_rvlcdip_invoice_00160.jpg,1,train,data/raw/pool/pos_rvlcdip_invoice_00160.jpg
data/raw/pool/pos_rvlcdip_invoice_00162.jpg,1,train,data/raw/pool/pos_rvlcdip_invoice_00162.jpg
data/raw/pool/pos_rvlcdip_invoice_00163.jpg,1,train,data/raw/pool/pos_rvlcdip_invoice_00163.jpg
data/raw/pool/pos_rvlcdip_invoice_00164.jpg,1,train,data/raw/pool/pos_rvlcdip_invoice_00164.jpg
data/raw/pool/pos_rvlcdip_invoice_00165.jpg,1,train,data/raw/pool/pos_rvlcdip_invoice_00165.jpg
data/raw/pool/pos_rvlcdip_invoice_00166.jpg,1,train,data/raw/pool/pos_rvlcdip_invoice_00166.jpg
data/raw/pool/pos_rvlcdip_invoice_00167.jpg,1,train,data/raw/pool/pos_rvlcdip_invoice_00167.jpg
data/raw/pool/pos_rvlcdip_invoice_00169.jpg,1,train,data/raw/pool/pos_rvlcdip_invoice_00169.jpg
data/raw/pool/pos_rvlcdip_invoice_00170.jpg,1,train,data/raw/pool/pos_rvlcdip_invoice_00170.jpg
data/raw/pool/pos_rvlcdip_invoice_00173.jpg,1,train,data/raw/pool/pos_rvlcdip_invoice_00173.jpg
data/raw/pool/pos_rvlcdip_invoice_00174.jpg,1,train,data/raw/pool/pos_rvlcdip_invoice_00174.jpg
data/raw/pool/pos_rvlcdip_invoice_00175.jpg,1,train,data/raw/pool/pos_rvlcdip_invoice_00175.jpg
data/raw/pool/pos_rvlcdip_invoice_00176.jpg,1,train,data/raw/pool/pos_rvlcdip_invoice_00176.jpg
data/raw/pool/pos_rvlcdip_invoice_00177.jpg,1,train,data/raw/pool/pos_rvlcdip_invoice_00177.jpg
data/raw/pool/pos_rvlcdip_invoice_00178.jpg,1,train,data/raw/pool/pos_rvlcdip_invoice_00178.jpg
data/raw/pool/pos_rvlcdip_invoice_00180.jpg,1,train,data/raw/pool/pos_rvlcdip_invoice_00180.jpg
data/raw/pool/pos_rvlcdip_invoice_00182.jpg,1,train,data/raw/pool/pos_rvlcdip_invoice_00182.jpg
data/raw/pool/pos_rvlcdip_invoice_00183.jpg,1,train,data/raw/pool/pos_rvlcdip_invoice_00183.jpg
data/raw/pool/pos_rvlcdip_invoice_00184.jpg,1,train,data/raw/pool/pos_rvlcdip_invoice_00184.jpg
data/raw/pool/pos_rvlcdip_invoice_00185.jpg,1,train,data/raw/pool/pos_rvlcdip_invoice_00185.jpg
data/raw/pool/pos_rvlcdip_invoice_00187.jpg,1,train,data/raw/pool/pos_rvlcdip_invoice_00187.jpg
data/raw/pool/pos_rvlcdip_invoice_00188.jpg,1,train,data/raw/pool/pos_rvlcdip_invoice_00188.jpg
data/raw/pool/pos_rvlcdip_invoice_00190.jpg,1,train,data/raw/pool/pos_rvlcdip_invoice_00190.jpg
data/raw/pool/pos_rvlcdip_invoice_00191.jpg,1,train,data/raw/pool/pos_rvlcdip_invoice_00191.jpg
data/raw/pool/pos_rvlcdip_invoice_00192.jpg,1,train,data/raw/pool/pos_rvlcdip_invoice_00192.jpg
data/raw/pool/pos_rvlcdip_invoice_00193.jpg,1,train,data/raw/pool/pos_rvlcdip_invoice_00193.jpg
data/raw/pool/pos_rvlcdip_invoice_00194.jpg,1,train,data/raw/pool/pos_rvlcdip_invoice_00194.jpg
data/raw/pool/pos_rvlcdip_invoice_00195.jpg,1,train,data/raw/pool/pos_rvlcdip_invoice_00195.jpg
data/raw/pool/pos_rvlcdip_invoice_00196.jpg,1,train,data/raw/pool/pos_rvlcdip_invoice_00196.jpg
data/raw/pool/pos_rvlcdip_invoice_00197.jpg,1,train,data/raw/pool/pos_rvlcdip_invoice_00197.jpg
data/raw/pool/pos_rvlcdip_invoice_00198.jpg,1,train,data/raw/pool/pos_rvlcdip_invoice_00198.jpg
data/raw/pool/pos_rvlcdip_invoice_00200.jpg,1,train,data/raw/pool/pos_rvlcdip_invoice_00200.jpg
data/raw/pool/pos_rvlcdip_invoice_00201.jpg,1,train,data/raw/pool/pos_rvlcdip_invoice_00201.jpg
data/raw/pool/pos_rvlcdip_invoice_00203.jpg,1,train,data/raw/pool/pos_rvlcdip_invoice_00203.jpg
data/raw/pool/pos_rvlcdip_invoice_00206.jpg,1,train,data/raw/pool/pos_rvlcdip_invoice_00206.jpg
data/raw/pool/pos_rvlcdip_invoice_00207.jpg,1,train,data/raw/pool/pos_rvlcdip_invoice_00207.jpg
data/raw/pool/pos_rvlcdip_invoice_00208.jpg,1,train,data/raw/pool/pos_rvlcdip_invoice_00208.jpg
data/raw/pool/pos_rvlcdip_invoice_00209.jpg,1,train,data/raw/pool/pos_rvlcdip_invoice_00209.jpg
data/raw/pool/pos_rvlcdip_invoice_00210.jpg,1,train,data/raw/pool/pos_rvlcdip_invoice_00210.jpg
data/raw/pool/pos_rvlcdip_invoice_00211.jpg,1,train,data/raw/pool/pos_rvlcdip_invoice_00211.jpg
data/raw/pool/pos_rvlcdip_invoice_00212.jpg,1,train,data/raw/pool/pos_rvlcdip_invoice_00212.jpg
data/raw/pool/pos_rvlcdip_invoice_00213.jpg,1,train,data/raw/pool/pos_rvlcdip_invoice_00213.jpg
data/raw/pool/pos_rvlcdip_invoice_00215.jpg,1,train,data/raw/pool/pos_rvlcdip_invoice_00215.jpg
data/raw/pool/pos_rvlcdip_invoice_00216.jpg,1,train,data/raw/pool/pos_rvlcdip_invoice_00216.jpg
data/raw/pool/pos_rvlcdip_invoice_00218.jpg,1,train,data/raw/pool/pos_rvlcdip_invoice_00218.jpg
data/raw/pool/pos_rvlcdip_invoice_00219.jpg,1,train,data/raw/pool/pos_rvlcdip_invoice_00219.jpg
data/raw/pool/pos_rvlcdip_invoice_00222.jpg,1,train,data/raw/pool/pos_rvlcdip_invoice_00222.jpg
data/raw/pool/pos_rvlcdip_invoice_00223.jpg,1,train,data/raw/pool/pos_rvlcdip_invoice_00223.jpg
data/raw/pool/pos_rvlcdip_invoice_00224.jpg,1,train,data/raw/pool/pos_rvlcdip_invoice_00224.jpg
data/raw/pool/pos_rvlcdip_invoice_00225.jpg,1,train,data/raw/pool/pos_rvlcdip_invoice_00225.jpg
data/raw/pool/pos_rvlcdip_invoice_00227.jpg,1,train,data/raw/pool/pos_rvlcdip_invoice_00227.jpg
data/raw/pool/pos_rvlcdip_invoice_00228.jpg,1,train,data/raw/pool/pos_rvlcdip_invoice_00228.jpg
data/raw/pool/pos_rvlcdip_invoice_00230.jpg,1,train,data/raw/pool/pos_rvlcdip_invoice_00230.jpg
data/raw/pool/pos_rvlcdip_invoice_00231.jpg,1,train,data/raw/pool/pos_rvlcdip_invoice_00231.jpg
data/raw/pool/pos_rvlcdip_invoice_00233.jpg,1,train,data/raw/pool/pos_rvlcdip_invoice_00233.jpg
data/raw/pool/pos_rvlcdip_invoice_00234.jpg,1,train,data/raw/pool/pos_rvlcdip_invoice_00234.jpg
data/raw/pool/pos_rvlcdip_invoice_00235.jpg,1,train,data/raw/pool/pos_rvlcdip_invoice_00235.jpg
data/raw/pool/pos_rvlcdip_invoice_00236.jpg,1,train,data/raw/pool/pos_rvlcdip_invoice_00236.jpg
data/raw/pool/pos_rvlcdip_invoice_00238.jpg,1,train,data/raw/pool/pos_rvlcdip_invoice_00238.jpg
data/raw/pool/pos_rvlcdip_invoice_00240.jpg,1,train,data/raw/pool/pos_rvlcdip_invoice_00240.jpg
data/raw/pool/pos_rvlcdip_invoice_00241.jpg,1,train,data/raw/pool/pos_rvlcdip_invoice_00241.jpg
data/raw/pool/pos_rvlcdip_invoice_00242.jpg,1,train,data/raw/pool/pos_rvlcdip_invoice_00242.jpg
data/raw/pool/pos_rvlcdip_invoice_00243.jpg,1,train,data/raw/pool/pos_rvlcdip_invoice_00243.jpg
data/raw/pool/pos_rvlcdip_invoice_00245.jpg,1,train,data/raw/pool/pos_rvlcdip_invoice_00245.jpg
data/raw/pool/pos_rvlcdip_invoice_00246.jpg,1,train,data/raw/pool/pos_rvlcdip_invoice_00246.jpg
data/raw/pool/pos_rvlcdip_invoice_00247.jpg,1,train,data/raw/pool/pos_rvlcdip_invoice_00247.jpg
data/raw/pool/pos_rvlcdip_invoice_00248.jpg,1,train,data/raw/pool/pos_rvlcdip_invoice_00248.jpg
data/raw/pool/pos_rvlcdip_invoice_00249.jpg,1,train,data/raw/pool/pos_rvlcdip_invoice_00249.jpg
data/raw/pool/pos_rvlcdip_invoice_00250.jpg,1,train,data/raw/pool/pos_rvlcdip_invoice_00250.jpg
data/raw/pool/pos_rvlcdip_invoice_00251.jpg,1,train,data/raw/pool/pos_rvlcdip_invoice_00251.jpg
data/raw/pool/pos_rvlcdip_invoice_00252.jpg,1,train,data/raw/pool/pos_rvlcdip_invoice_00252.jpg
data/raw/pool/pos_rvlcdip_invoice_00253.jpg,1,train,data/raw/pool/pos_rvlcdip_invoice_00253.jpg
data/raw/pool/pos_rvlcdip_invoice_00254.jpg,1,train,data/raw/pool/pos_rvlcdip_invoice_00254.jpg
data/raw/pool/pos_rvlcdip_invoice_00255.jpg,1,train,data/raw/pool/pos_rvlcdip_invoice_00255.jpg
data/raw/pool/pos_rvlcdip_invoice_00256.jpg,1,train,data/raw/pool/pos_rvlcdip_invoice_00256.jpg
data/raw/pool/pos_rvlcdip_invoice_00257.jpg,1,train,data/raw/pool/pos_rvlcdip_invoice_00257.jpg
data/raw/pool/pos_rvlcdip_invoice_00258.jpg,1,train,data/raw/pool/pos_rvlcdip_invoice_00258.jpg
data/raw/pool/pos_rvlcdip_invoice_00259.jpg,1,train,data/raw/pool/pos_rvlcdip_invoice_00259.jpg
data/raw/pool/pos_rvlcdip_invoice_00260.jpg,1,train,data/raw/pool/pos_rvlcdip_invoice_00260.jpg
data/raw/pool/pos_rvlcdip_invoice_00261.jpg,1,train,data/raw/pool/pos_rvlcdip_invoice_00261.jpg
data/raw/pool/pos_rvlcdip_invoice_00263.jpg,1,train,data/raw/pool/pos_rvlcdip_invoice_00263.jpg
data/raw/pool/pos_rvlcdip_invoice_00264.jpg,1,train,data/raw/pool/pos_rvlcdip_invoice_00264.jpg
data/raw/pool/pos_rvlcdip_invoice_00265.jpg,1,train,data/raw/pool/pos_rvlcdip_invoice_00265.jpg
data/raw/pool/pos_rvlcdip_invoice_00266.jpg,1,train,data/raw/pool/pos_rvlcdip_invoice_00266.jpg
data/raw/pool/pos_rvlcdip_invoice_00267.jpg,1,train,data/raw/pool/pos_rvlcdip_invoice_00267.jpg
data/raw/pool/pos_rvlcdip_invoice_00269.jpg,1,train,data/raw/pool/pos_rvlcdip_invoice_00269.jpg
data/raw/pool/pos_rvlcdip_invoice_00271.jpg,1,train,data/raw/pool/pos_rvlcdip_invoice_00271.jpg
data/raw/pool/pos_rvlcdip_invoice_00272.jpg,1,train,data/raw/pool/pos_rvlcdip_invoice_00272.jpg
data/raw/pool/pos_rvlcdip_invoice_00273.jpg,1,train,data/raw/pool/pos_rvlcdip_invoice_00273.jpg
data/raw/pool/pos_rvlcdip_invoice_00274.jpg,1,train,data/raw/pool/pos_rvlcdip_invoice_00274.jpg
data/raw/pool/pos_rvlcdip_invoice_00275.jpg,1,train,data/raw/pool/pos_rvlcdip_invoice_00275.jpg
data/raw/pool/pos_rvlcdip_invoice_00277.jpg,1,train,data/raw/pool/pos_rvlcdip_invoice_00277.jpg
data/raw/pool/pos_rvlcdip_invoice_00278.jpg,1,train,data/raw/pool/pos_rvlcdip_invoice_00278.jpg
data/raw/pool/pos_rvlcdip_invoice_00279.jpg,1,train,data/raw/pool/pos_rvlcdip_invoice_00279.jpg
data/raw/pool/pos_rvlcdip_invoice_00280.jpg,1,train,data/raw/pool/pos_rvlcdip_invoice_00280.jpg
data/raw/pool/pos_rvlcdip_invoice_00281.jpg,1,train,data/raw/pool/pos_rvlcdip_invoice_00281.jpg
data/raw/pool/pos_rvlcdip_invoice_00282.jpg,1,train,data/raw/pool/pos_rvlcdip_invoice_00282.jpg
data/raw/pool/pos_rvlcdip_invoice_00283.jpg,1,train,data/raw/pool/pos_rvlcdip_invoice_00283.jpg
data/raw/pool/pos_rvlcdip_invoice_00286.jpg,1,train,data/raw/pool/pos_rvlcdip_invoice_00286.jpg
data/raw/pool/pos_rvlcdip_invoice_00287.jpg,1,train,data/raw/pool/pos_rvlcdip_invoice_00287.jpg
data/raw/pool/pos_rvlcdip_invoice_00288.jpg,1,train,data/raw/pool/pos_rvlcdip_invoice_00288.jpg
data/raw/pool/pos_rvlcdip_invoice_00289.jpg,1,train,data/raw/pool/pos_rvlcdip_invoice_00289.jpg
data/raw/pool/pos_rvlcdip_invoice_00290.jpg,1,train,data/raw/pool/pos_rvlcdip_invoice_00290.jpg
data/raw/pool/pos_rvlcdip_invoice_00291.jpg,1,train,data/raw/pool/pos_rvlcdip_invoice_00291.jpg
data/raw/pool/pos_rvlcdip_invoice_00292.jpg,1,train,data/raw/pool/pos_rvlcdip_invoice_00292.jpg
data/raw/pool/pos_rvlcdip_invoice_00294.jpg,1,train,data/raw/pool/pos_rvlcdip_invoice_00294.jpg
data/raw/pool/pos_rvlcdip_invoice_00296.jpg,1,train,data/raw/pool/pos_rvlcdip_invoice_00296.jpg
data/raw/pool/pos_rvlcdip_invoice_00297.jpg,1,train,data/raw/pool/pos_rvlcdip_invoice_00297.jpg
data/raw/pool/pos_rvlcdip_invoice_00298.jpg,1,train,data/raw/pool/pos_rvlcdip_invoice_00298.jpg
data/raw/pool/pos_rvlcdip_invoice_00299.jpg,1,train,data/raw/pool/pos_rvlcdip_invoice_00299.jpg
data/raw/pool/pos_rvlcdip_invoice_00300.jpg,1,train,data/raw/pool/pos_rvlcdip_invoice_00300.jpg
data/raw/pool/pos_rvlcdip_invoice_00301.jpg,1,train,data/raw/pool/pos_rvlcdip_invoice_00301.jpg
data/raw/pool/pos_rvlcdip_invoice_00302.jpg,1,train,data/raw/pool/pos_rvlcdip_invoice_00302.jpg
data/raw/pool/pos_rvlcdip_invoice_00303.jpg,1,train,data/raw/pool/pos_rvlcdip_invoice_00303.jpg
data/raw/pool/pos_rvlcdip_invoice_00304.jpg,1,train,data/raw/pool/pos_rvlcdip_invoice_00304.jpg
data/raw/pool/pos_rvlcdip_invoice_00305.jpg,1,train,data/raw/pool/pos_rvlcdip_invoice_00305.jpg
data/raw/pool/pos_rvlcdip_invoice_00307.jpg,1,train,data/raw/pool/pos_rvlcdip_invoice_00307.jpg
data/raw/pool/pos_rvlcdip_invoice_00309.jpg,1,train,data/raw/pool/pos_rvlcdip_invoice_00309.jpg
data/raw/pool/pos_rvlcdip_invoice_00310.jpg,1,train,data/raw/pool/pos_rvlcdip_invoice_00310.jpg
data/raw/pool/pos_rvlcdip_invoice_00311.jpg,1,train,data/raw/pool/pos_rvlcdip_invoice_00311.jpg
data/raw/pool/pos_rvlcdip_invoice_00313.jpg,1,train,data/raw/pool/pos_rvlcdip_invoice_00313.jpg
data/raw/pool/pos_rvlcdip_invoice_00314.jpg,1,train,data/raw/pool/pos_rvlcdip_invoice_00314.jpg
data/raw/pool/pos_rvlcdip_invoice_00315.jpg,1,train,data/raw/pool/pos_rvlcdip_invoice_00315.jpg
data/raw/pool/pos_rvlcdip_invoice_00316.jpg,1,train,data/raw/pool/pos_rvlcdip_invoice_00316.jpg
data/raw/pool/pos_rvlcdip_invoice_00317.jpg,1,train,data/raw/pool/pos_rvlcdip_invoice_00317.jpg
data/raw/pool/pos_rvlcdip_invoice_00319.jpg,1,train,data/raw/pool/pos_rvlcdip_invoice_00319.jpg
data/raw/pool/pos_rvlcdip_invoice_00320.jpg,1,train,data/raw/pool/pos_rvlcdip_invoice_00320.jpg
data/raw/pool/pos_rvlcdip_invoice_00322.jpg,1,train,data/raw/pool/pos_rvlcdip_invoice_00322.jpg
data/raw/pool/pos_rvlcdip_invoice_00323.jpg,1,train,data/raw/pool/pos_rvlcdip_invoice_00323.jpg
data/raw/pool/pos_rvlcdip_invoice_00324.jpg,1,train,data/raw/pool/pos_rvlcdip_invoice_00324.jpg
data/raw/pool/pos_rvlcdip_invoice_00326.jpg,1,train,data/raw/pool/pos_rvlcdip_invoice_00326.jpg
data/raw/pool/pos_rvlcdip_invoice_00327.jpg,1,train,data/raw/pool/pos_rvlcdip_invoice_00327.jpg
data/raw/pool/pos_rvlcdip_invoice_00329.jpg,1,train,data/raw/pool/pos_rvlcdip_invoice_00329.jpg
data/raw/pool/pos_rvlcdip_invoice_00330.jpg,1,train,data/raw/pool/pos_rvlcdip_invoice_00330.jpg
data/raw/pool/pos_rvlcdip_invoice_00331.jpg,1,train,data/raw/pool/pos_rvlcdip_invoice_00331.jpg
data/raw/pool/pos_rvlcdip_invoice_00332.jpg,1,train,data/raw/pool/pos_rvlcdip_invoice_00332.jpg
data/raw/pool/pos_rvlcdip_invoice_00333.jpg,1,train,data/raw/pool/pos_rvlcdip_invoice_00333.jpg
data/raw/pool/pos_rvlcdip_invoice_00334.jpg,1,train,data/raw/pool/pos_rvlcdip_invoice_00334.jpg
data/raw/pool/pos_rvlcdip_invoice_00335.jpg,1,train,data/raw/pool/pos_rvlcdip_invoice_00335.jpg
data/raw/pool/pos_rvlcdip_invoice_00336.jpg,1,train,data/raw/pool/pos_rvlcdip_invoice_00336.jpg
data/raw/pool/pos_rvlcdip_invoice_00338.jpg,1,train,data/raw/pool/pos_rvlcdip_invoice_00338.jpg
data/raw/pool/pos_rvlcdip_invoice_00340.jpg,1,train,data/raw/pool/pos_rvlcdip_invoice_00340.jpg
data/raw/pool/pos_rvlcdip_invoice_00341.jpg,1,train,data/raw/pool/pos_rvlcdip_invoice_00341.jpg
data/raw/pool/pos_rvlcdip_invoice_00342.jpg,1,train,data/raw/pool/pos_rvlcdip_invoice_00342.jpg
data/raw/pool/pos_rvlcdip_invoice_00343.jpg,1,train,data/raw/pool/pos_rvlcdip_invoice_00343.jpg
data/raw/pool/pos_rvlcdip_invoice_00344.jpg,1,train,data/raw/pool/pos_rvlcdip_invoice_00344.jpg
data/raw/pool/pos_rvlcdip_invoice_00345.jpg,1,train,data/raw/pool/pos_rvlcdip_invoice_00345.jpg
data/raw/pool/pos_rvlcdip_invoice_00346.jpg,1,train,data/raw/pool/pos_rvlcdip_invoice_00346.jpg
data/raw/pool/pos_rvlcdip_invoice_00347.jpg,1,train,data/raw/pool/pos_rvlcdip_invoice_00347.jpg
data/raw/pool/pos_rvlcdip_invoice_00348.jpg,1,train,data/raw/pool/pos_rvlcdip_invoice_00348.jpg
data/raw/pool/pos_rvlcdip_invoice_00349.jpg,1,train,data/raw/pool/pos_rvlcdip_invoice_00349.jpg
data/raw/pool/pos_rvlcdip_invoice_00350.jpg,1,train,data/raw/pool/pos_rvlcdip_invoice_00350.jpg
data/raw/pool/pos_rvlcdip_invoice_00351.jpg,1,train,data/raw/pool/pos_rvlcdip_invoice_00351.jpg
data/raw/pool/pos_rvlcdip_invoice_00352.jpg,1,train,data/raw/pool/pos_rvlcdip_invoice_00352.jpg
data/raw/pool/pos_rvlcdip_invoice_00353.jpg,1,train,data/raw/pool/pos_rvlcdip_invoice_00353.jpg
data/raw/pool/pos_rvlcdip_invoice_00354.jpg,1,train,data/raw/pool/pos_rvlcdip_invoice_00354.jpg
data/raw/pool/pos_rvlcdip_invoice_00355.jpg,1,train,data/raw/pool/pos_rvlcdip_invoice_00355.jpg
data/raw/pool/pos_rvlcdip_invoice_00356.jpg,1,train,data/raw/pool/pos_rvlcdip_invoice_00356.jpg
data/raw/pool/pos_rvlcdip_invoice_00357.jpg,1,train,data/raw/pool/pos_rvlcdip_invoice_00357.jpg
data/raw/pool/pos_rvlcdip_invoice_00358.jpg,1,train,data/raw/pool/pos_rvlcdip_invoice_00358.jpg
data/raw/pool/pos_rvlcdip_invoice_00360.jpg,1,train,data/raw/pool/pos_rvlcdip_invoice_00360.jpg
data/raw/pool/pos_rvlcdip_invoice_00361.jpg,1,train,data/raw/pool/pos_rvlcdip_invoice_00361.jpg
data/raw/pool/pos_rvlcdip_invoice_00362.jpg,1,train,data/raw/pool/pos_rvlcdip_invoice_00362.jpg
data/raw/pool/pos_rvlcdip_invoice_00364.jpg,1,train,data/raw/pool/pos_rvlcdip_invoice_00364.jpg
data/raw/pool/pos_rvlcdip_invoice_00365.jpg,1,train,data/raw/pool/pos_rvlcdip_invoice_00365.jpg
data/raw/pool/pos_rvlcdip_invoice_00366.jpg,1,train,data/raw/pool/pos_rvlcdip_invoice_00366.jpg
data/raw/pool/pos_rvlcdip_invoice_00367.jpg,1,train,data/raw/pool/pos_rvlcdip_invoice_00367.jpg
data/raw/pool/pos_rvlcdip_invoice_00368.jpg,1,train,data/raw/pool/pos_rvlcdip_invoice_00368.jpg
data/raw/pool/pos_rvlcdip_invoice_00369.jpg,1,train,data/raw/pool/pos_rvlcdip_invoice_00369.jpg
data/raw/pool/pos_rvlcdip_invoice_00370.jpg,1,train,data/raw/pool/pos_rvlcdip_invoice_00370.jpg
data/raw/pool/pos_rvlcdip_invoice_00371.jpg,1,train,data/raw/pool/pos_rvlcdip_invoice_00371.jpg
data/raw/pool/pos_rvlcdip_invoice_00373.jpg,1,train,data/raw/pool/pos_rvlcdip_invoice_00373.jpg
data/raw/pool/pos_rvlcdip_invoice_00374.jpg,1,train,data/raw/pool/pos_rvlcdip_invoice_00374.jpg
data/raw/pool/pos_rvlcdip_invoice_00376.jpg,1,train,data/raw/pool/pos_rvlcdip_invoice_00376.jpg
data/raw/pool/pos_rvlcdip_invoice_00377.jpg,1,train,data/raw/pool/pos_rvlcdip_invoice_00377.jpg
data/raw/pool/pos_rvlcdip_invoice_00378.jpg,1,train,data/raw/pool/pos_rvlcdip_invoice_00378.jpg
data/raw/pool/pos_rvlcdip_invoice_00379.jpg,1,train,data/raw/pool/pos_rvlcdip_invoice_00379.jpg
data/raw/pool/pos_rvlcdip_invoice_00380.jpg,1,train,data/raw/pool/pos_rvlcdip_invoice_00380.jpg
data/raw/pool/pos_rvlcdip_invoice_00381.jpg,1,train,data/raw/pool/pos_rvlcdip_invoice_00381.jpg
data/raw/pool/pos_rvlcdip_invoice_00383.jpg,1,train,data/raw/pool/pos_rvlcdip_invoice_00383.jpg
data/raw/pool/pos_rvlcdip_invoice_00384.jpg,1,train,data/raw/pool/pos_rvlcdip_invoice_00384.jpg
data/raw/pool/pos_rvlcdip_invoice_00385.jpg,1,train,data/raw/pool/pos_rvlcdip_invoice_00385.jpg
data/raw/pool/pos_rvlcdip_invoice_00386.jpg,1,train,data/raw/pool/pos_rvlcdip_invoice_00386.jpg
data/raw/pool/pos_rvlcdip_invoice_00387.jpg,1,train,data/raw/pool/pos_rvlcdip_invoice_00387.jpg
data/raw/pool/pos_rvlcdip_invoice_00388.jpg,1,train,data/raw/pool/pos_rvlcdip_invoice_00388.jpg
data/raw/pool/pos_rvlcdip_invoice_00389.jpg,1,train,data/raw/pool/pos_rvlcdip_invoice_00389.jpg
data/raw/pool/pos_rvlcdip_invoice_00391.jpg,1,train,data/raw/pool/pos_rvlcdip_invoice_00391.jpg
data/raw/pool/pos_rvlcdip_invoice_00392.jpg,1,train,data/raw/pool/pos_rvlcdip_invoice_00392.jpg
data/raw/pool/pos_rvlcdip_invoice_00393.jpg,1,train,data/raw/pool/pos_rvlcdip_invoice_00393.jpg
data/raw/pool/pos_rvlcdip_invoice_00394.jpg,1,train,data/raw/pool/pos_rvlcdip_invoice_00394.jpg
data/raw/pool/pos_rvlcdip_invoice_00396.jpg,1,train,data/raw/pool/pos_rvlcdip_invoice_00396.jpg
data/raw/pool/pos_rvlcdip_invoice_00397.jpg,1,train,data/raw/pool/pos_rvlcdip_invoice_00397.jpg
data/raw/pool/pos_rvlcdip_invoice_00398.jpg,1,train,data/raw/pool/pos_rvlcdip_invoice_00398.jpg
data/raw/pool/pos_rvlcdip_invoice_00399.jpg,1,train,data/raw/pool/pos_rvlcdip_invoice_00399.jpg
data/raw/pool/pos_rvlcdip_invoice_00400.jpg,1,train,data/raw/pool/pos_rvlcdip_invoice_00400.jpg
data/raw/pool/pos_rvlcdip_invoice_00401.jpg,1,train,data/raw/pool/pos_rvlcdip_invoice_00401.jpg
data/raw/pool/pos_rvlcdip_invoice_00402.jpg,1,train,data/raw/pool/pos_rvlcdip_invoice_00402.jpg
data/raw/pool/pos_rvlcdip_invoice_00404.jpg,1,train,data/raw/pool/pos_rvlcdip_invoice_00404.jpg
data/raw/pool/pos_rvlcdip_invoice_00405.jpg,1,train,data/raw/pool/pos_rvlcdip_invoice_00405.jpg
data/raw/pool/pos_rvlcdip_invoice_00406.jpg,1,train,data/raw/pool/pos_rvlcdip_invoice_00406.jpg
data/raw/pool/pos_rvlcdip_invoice_00407.jpg,1,train,data/raw/pool/pos_rvlcdip_invoice_00407.jpg
data/raw/pool/pos_rvlcdip_invoice_00408.jpg,1,train,data/raw/pool/pos_rvlcdip_invoice_00408.jpg
data/raw/pool/pos_rvlcdip_invoice_00410.jpg,1,train,data/raw/pool/pos_rvlcdip_invoice_00410.jpg
data/raw/pool/pos_rvlcdip_invoice_00412.jpg,1,train,data/raw/pool/pos_rvlcdip_invoice_00412.jpg
data/raw/pool/pos_rvlcdip_invoice_00413.jpg,1,train,data/raw/pool/pos_rvlcdip_invoice_00413.jpg
data/raw/pool/pos_rvlcdip_invoice_00414.jpg,1,train,data/raw/pool/pos_rvlcdip_invoice_00414.jpg
data/raw/pool/pos_rvlcdip_invoice_00415.jpg,1,train,data/raw/pool/pos_rvlcdip_invoice_00415.jpg
data/raw/pool/pos_rvlcdip_invoice_00417.jpg,1,train,data/raw/pool/pos_rvlcdip_invoice_00417.jpg
data/raw/pool/pos_rvlcdip_invoice_00418.jpg,1,train,data/raw/pool/pos_rvlcdip_invoice_00418.jpg
data/raw/pool/pos_rvlcdip_invoice_00419.jpg,1,train,data/raw/pool/pos_rvlcdip_invoice_00419.jpg
data/raw/pool/pos_rvlcdip_invoice_00421.jpg,1,train,data/raw/pool/pos_rvlcdip_invoice_00421.jpg
data/raw/pool/pos_rvlcdip_invoice_00423.jpg,1,train,data/raw/pool/pos_rvlcdip_invoice_00423.jpg
data/raw/pool/pos_rvlcdip_invoice_00424.jpg,1,train,data/raw/pool/pos_rvlcdip_invoice_00424.jpg
data/raw/pool/pos_rvlcdip_invoice_00425.jpg,1,train,data/raw/pool/pos_rvlcdip_invoice_00425.jpg
data/raw/pool/pos_rvlcdip_invoice_00426.jpg,1,train,data/raw/pool/pos_rvlcdip_invoice_00426.jpg
data/raw/pool/pos_rvlcdip_invoice_00428.jpg,1,train,data/raw/pool/pos_rvlcdip_invoice_00428.jpg
data/raw/pool/pos_rvlcdip_invoice_00429.jpg,1,train,data/raw/pool/pos_rvlcdip_invoice_00429.jpg
data/raw/pool/pos_rvlcdip_invoice_00430.jpg,1,train,data/raw/pool/pos_rvlcdip_invoice_00430.jpg
data/raw/pool/pos_rvlcdip_invoice_00432.jpg,1,train,data/raw/pool/pos_rvlcdip_invoice_00432.jpg
data/raw/pool/pos_rvlcdip_invoice_00433.jpg,1,train,data/raw/pool/pos_rvlcdip_invoice_00433.jpg
data/raw/pool/pos_rvlcdip_invoice_00436.jpg,1,train,data/raw/pool/pos_rvlcdip_invoice_00436.jpg
data/raw/pool/pos_rvlcdip_invoice_00439.jpg,1,train,data/raw/pool/pos_rvlcdip_invoice_00439.jpg
data/raw/pool/pos_rvlcdip_invoice_00442.jpg,1,train,data/raw/pool/pos_rvlcdip_invoice_00442.jpg
data/raw/pool/pos_rvlcdip_invoice_00444.jpg,1,train,data/raw/pool/pos_rvlcdip_invoice_00444.jpg
data/raw/pool/pos_rvlcdip_invoice_00445.jpg,1,train,data/raw/pool/pos_rvlcdip_invoice_00445.jpg
data/raw/pool/pos_rvlcdip_invoice_00446.jpg,1,train,data/raw/pool/pos_rvlcdip_invoice_00446.jpg
data/raw/pool/pos_rvlcdip_invoice_00447.jpg,1,train,data/raw/pool/pos_rvlcdip_invoice_00447.jpg
data/raw/pool/pos_rvlcdip_invoice_00448.jpg,1,train,data/raw/pool/pos_rvlcdip_invoice_00448.jpg
data/raw/pool/pos_rvlcdip_invoice_00450.jpg,1,train,data/raw/pool/pos_rvlcdip_invoice_00450.jpg
data/raw/pool/pos_rvlcdip_invoice_00456.jpg,1,train,data/raw/pool/pos_rvlcdip_invoice_00456.jpg
data/raw/pool/pos_rvlcdip_invoice_00457.jpg,1,train,data/raw/pool/pos_rvlcdip_invoice_00457.jpg
data/raw/pool/pos_rvlcdip_invoice_00458.jpg,1,train,data/raw/pool/pos_rvlcdip_invoice_00458.jpg
data/raw/pool/pos_rvlcdip_invoice_00459.jpg,1,train,data/raw/pool/pos_rvlcdip_invoice_00459.jpg
data/raw/pool/pos_rvlcdip_invoice_00461.jpg,1,train,data/raw/pool/pos_rvlcdip_invoice_00461.jpg
data/raw/pool/pos_rvlcdip_invoice_00462.jpg,1,train,data/raw/pool/pos_rvlcdip_invoice_00462.jpg
data/raw/pool/pos_rvlcdip_invoice_00463.jpg,1,train,data/raw/pool/pos_rvlcdip_invoice_00463.jpg
data/raw/pool/pos_rvlcdip_invoice_00464.jpg,1,train,data/raw/pool/pos_rvlcdip_invoice_00464.jpg
data/raw/pool/pos_rvlcdip_invoice_00467.jpg,1,train,data/raw/pool/pos_rvlcdip_invoice_00467.jpg
data/raw/pool/pos_rvlcdip_invoice_00468.jpg,1,train,data/raw/pool/pos_rvlcdip_invoice_00468.jpg
data/raw/pool/pos_rvlcdip_invoice_00469.jpg,1,train,data/raw/pool/pos_rvlcdip_invoice_00469.jpg
data/raw/pool/pos_rvlcdip_invoice_00470.jpg,1,train,data/raw/pool/pos_rvlcdip_invoice_00470.jpg
data/raw/pool/pos_rvlcdip_invoice_00471.jpg,1,train,data/raw/pool/pos_rvlcdip_invoice_00471.jpg
data/raw/pool/pos_rvlcdip_invoice_00473.jpg,1,train,data/raw/pool/pos_rvlcdip_invoice_00473.jpg
data/raw/pool/pos_rvlcdip_invoice_00474.jpg,1,train,data/raw/pool/pos_rvlcdip_invoice_00474.jpg
data/raw/pool/pos_rvlcdip_invoice_00477.jpg,1,train,data/raw/pool/pos_rvlcdip_invoice_00477.jpg
data/raw/pool/pos_rvlcdip_invoice_00478.jpg,1,train,data/raw/pool/pos_rvlcdip_invoice_00478.jpg
data/raw/pool/pos_rvlcdip_invoice_00479.jpg,1,train,data/raw/pool/pos_rvlcdip_invoice_00479.jpg
data/raw/pool/pos_rvlcdip_invoice_00480.jpg,1,train,data/raw/pool/pos_rvlcdip_invoice_00480.jpg
data/raw/pool/pos_rvlcdip_invoice_00481.jpg,1,train,data/raw/pool/pos_rvlcdip_invoice_00481.jpg
data/raw/pool/pos_rvlcdip_invoice_00482.jpg,1,train,data/raw/pool/pos_rvlcdip_invoice_00482.jpg
data/raw/pool/pos_rvlcdip_invoice_00483.jpg,1,train,data/raw/pool/pos_rvlcdip_invoice_00483.jpg
data/raw/pool/pos_rvlcdip_invoice_00484.jpg,1,train,data/raw/pool/pos_rvlcdip_invoice_00484.jpg
data/raw/pool/pos_rvlcdip_invoice_00485.jpg,1,train,data/raw/pool/pos_rvlcdip_invoice_00485.jpg
data/raw/pool/pos_rvlcdip_invoice_00487.jpg,1,train,data/raw/pool/pos_rvlcdip_invoice_00487.jpg
data/raw/pool/pos_rvlcdip_invoice_00488.jpg,1,train,data/raw/pool/pos_rvlcdip_invoice_00488.jpg
data/raw/pool/pos_rvlcdip_invoice_00489.jpg,1,train,data/raw/pool/pos_rvlcdip_invoice_00489.jpg
data/raw/pool/pos_rvlcdip_invoice_00490.jpg,1,train,data/raw/pool/pos_rvlcdip_invoice_00490.jpg
data/raw/pool/pos_rvlcdip_invoice_00494.jpg,1,train,data/raw/pool/pos_rvlcdip_invoice_00494.jpg
data/raw/pool/pos_rvlcdip_invoice_00495.jpg,1,train,data/raw/pool/pos_rvlcdip_invoice_00495.jpg
data/raw/pool/pos_rvlcdip_invoice_00497.jpg,1,train,data/raw/pool/pos_rvlcdip_invoice_00497.jpg
data/raw/pool/pos_rvlcdip_invoice_00498.jpg,1,train,data/raw/pool/pos_rvlcdip_invoice_00498.jpg
data/raw/pool/pos_rvlcdip_invoice_00499.jpg,1,train,data/raw/pool/pos_rvlcdip_invoice_00499.jpg
data/raw/pool/pos_rvlcdip_invoice_00501.jpg,1,train,data/raw/pool/pos_rvlcdip_invoice_00501.jpg
data/raw/pool/pos_rvlcdip_invoice_00502.jpg,1,train,data/raw/pool/pos_rvlcdip_invoice_00502.jpg
data/raw/pool/pos_rvlcdip_invoice_00503.jpg,1,train,data/raw/pool/pos_rvlcdip_invoice_00503.jpg
data/raw/pool/pos_rvlcdip_invoice_00506.jpg,1,train,data/raw/pool/pos_rvlcdip_invoice_00506.jpg
data/raw/pool/pos_rvlcdip_invoice_00507.jpg,1,train,data/raw/pool/pos_rvlcdip_invoice_00507.jpg
data/raw/pool/pos_rvlcdip_invoice_00508.jpg,1,train,data/raw/pool/pos_rvlcdip_invoice_00508.jpg
data/raw/pool/pos_rvlcdip_invoice_00509.jpg,1,train,data/raw/pool/pos_rvlcdip_invoice_00509.jpg
data/raw/pool/pos_rvlcdip_invoice_00510.jpg,1,train,data/raw/pool/pos_rvlcdip_invoice_00510.jpg
data/raw/pool/pos_rvlcdip_invoice_00512.jpg,1,train,data/raw/pool/pos_rvlcdip_invoice_00512.jpg
data/raw/pool/pos_rvlcdip_invoice_00513.jpg,1,train,data/raw/pool/pos_rvlcdip_invoice_00513.jpg
data/raw/pool/pos_rvlcdip_invoice_00514.jpg,1,train,data/raw/pool/pos_rvlcdip_invoice_00514.jpg
data/raw/pool/pos_rvlcdip_invoice_00516.jpg,1,train,data/raw/pool/pos_rvlcdip_invoice_00516.jpg
data/raw/pool/pos_rvlcdip_invoice_00518.jpg,1,train,data/raw/pool/pos_rvlcdip_invoice_00518.jpg
data/raw/pool/pos_rvlcdip_invoice_00519.jpg,1,train,data/raw/pool/pos_rvlcdip_invoice_00519.jpg
data/raw/pool/pos_rvlcdip_invoice_00520.jpg,1,train,data/raw/pool/pos_rvlcdip_invoice_00520.jpg
data/raw/pool/pos_rvlcdip_invoice_00523.jpg,1,train,data/raw/pool/pos_rvlcdip_invoice_00523.jpg
data/raw/pool/pos_rvlcdip_invoice_00524.jpg,1,train,data/raw/pool/pos_rvlcdip_invoice_00524.jpg
data/raw/pool/pos_rvlcdip_invoice_00525.jpg,1,train,data/raw/pool/pos_rvlcdip_invoice_00525.jpg
data/raw/pool/pos_rvlcdip_invoice_00526.jpg,1,train,data/raw/pool/pos_rvlcdip_invoice_00526.jpg
data/raw/pool/pos_rvlcdip_invoice_00527.jpg,1,train,data/raw/pool/pos_rvlcdip_invoice_00527.jpg
data/raw/pool/pos_rvlcdip_invoice_00528.jpg,1,train,data/raw/pool/pos_rvlcdip_invoice_00528.jpg
data/raw/pool/pos_rvlcdip_invoice_00529.jpg,1,train,data/raw/pool/pos_rvlcdip_invoice_00529.jpg
data/raw/pool/pos_rvlcdip_invoice_00530.jpg,1,train,data/raw/pool/pos_rvlcdip_invoice_00530.jpg
data/raw/pool/pos_rvlcdip_invoice_00531.jpg,1,train,data/raw/pool/pos_rvlcdip_invoice_00531.jpg
data/raw/pool/pos_rvlcdip_invoice_00532.jpg,1,train,data/raw/pool/pos_rvlcdip_invoice_00532.jpg
data/raw/pool/pos_rvlcdip_invoice_00533.jpg,1,train,data/raw/pool/pos_rvlcdip_invoice_00533.jpg
data/raw/pool/pos_rvlcdip_invoice_00534.jpg,1,train,data/raw/pool/pos_rvlcdip_invoice_00534.jpg
data/raw/pool/pos_rvlcdip_invoice_00535.jpg,1,train,data/raw/pool/pos_rvlcdip_invoice_00535.jpg
data/raw/pool/pos_rvlcdip_invoice_00536.jpg,1,train,data/raw/pool/pos_rvlcdip_invoice_00536.jpg
data/raw/pool/pos_rvlcdip_invoice_00537.jpg,1,train,data/raw/pool/pos_rvlcdip_invoice_00537.jpg
data/raw/pool/pos_rvlcdip_invoice_00538.jpg,1,train,data/raw/pool/pos_rvlcdip_invoice_00538.jpg
data/raw/pool/pos_rvlcdip_invoice_00539.jpg,1,train,data/raw/pool/pos_rvlcdip_invoice_00539.jpg
data/raw/pool/pos_rvlcdip_invoice_00540.jpg,1,train,data/raw/pool/pos_rvlcdip_invoice_00540.jpg
data/raw/pool/pos_rvlcdip_invoice_00541.jpg,1,train,data/raw/pool/pos_rvlcdip_invoice_00541.jpg
data/raw/pool/pos_rvlcdip_invoice_00542.jpg,1,train,data/raw/pool/pos_rvlcdip_invoice_00542.jpg
data/raw/pool/pos_rvlcdip_invoice_00543.jpg,1,train,data/raw/pool/pos_rvlcdip_invoice_00543.jpg
data/raw/pool/pos_rvlcdip_invoice_00544.jpg,1,train,data/raw/pool/pos_rvlcdip_invoice_00544.jpg
data/raw/pool/pos_rvlcdip_invoice_00545.jpg,1,train,data/raw/pool/pos_rvlcdip_invoice_00545.jpg
data/raw/pool/pos_rvlcdip_invoice_00546.jpg,1,train,data/raw/pool/pos_rvlcdip_invoice_00546.jpg
data/raw/pool/pos_rvlcdip_invoice_00548.jpg,1,train,data/raw/pool/pos_rvlcdip_invoice_00548.jpg
data/raw/pool/pos_rvlcdip_invoice_00549.jpg,1,train,data/raw/pool/pos_rvlcdip_invoice_00549.jpg
data/raw/pool/pos_rvlcdip_invoice_00550.jpg,1,train,data/raw/pool/pos_rvlcdip_invoice_00550.jpg
data/raw/pool/pos_rvlcdip_invoice_00553.jpg,1,train,data/raw/pool/pos_rvlcdip_invoice_00553.jpg
data/raw/pool/pos_rvlcdip_invoice_00554.jpg,1,train,data/raw/pool/pos_rvlcdip_invoice_00554.jpg
data/raw/pool/pos_rvlcdip_invoice_00555.jpg,1,train,data/raw/pool/pos_rvlcdip_invoice_00555.jpg
data/raw/pool/pos_rvlcdip_invoice_00556.jpg,1,train,data/raw/pool/pos_rvlcdip_invoice_00556.jpg
data/raw/pool/pos_rvlcdip_invoice_00557.jpg,1,train,data/raw/pool/pos_rvlcdip_invoice_00557.jpg
data/raw/pool/pos_rvlcdip_invoice_00558.jpg,1,train,data/raw/pool/pos_rvlcdip_invoice_00558.jpg
data/raw/pool/pos_rvlcdip_invoice_00559.jpg,1,train,data/raw/pool/pos_rvlcdip_invoice_00559.jpg
data/raw/pool/pos_rvlcdip_invoice_00560.jpg,1,train,data/raw/pool/pos_rvlcdip_invoice_00560.jpg
data/raw/pool/pos_rvlcdip_invoice_00561.jpg,1,train,data/raw/pool/pos_rvlcdip_invoice_00561.jpg
data/raw/pool/pos_rvlcdip_invoice_00563.jpg,1,train,data/raw/pool/pos_rvlcdip_invoice_00563.jpg
data/raw/pool/pos_rvlcdip_invoice_00564.jpg,1,train,data/raw/pool/pos_rvlcdip_invoice_00564.jpg
data/raw/pool/pos_rvlcdip_invoice_00565.jpg,1,train,data/raw/pool/pos_rvlcdip_invoice_00565.jpg
data/raw/pool/pos_rvlcdip_invoice_00566.jpg,1,train,data/raw/pool/pos_rvlcdip_invoice_00566.jpg
data/raw/pool/pos_rvlcdip_invoice_00568.jpg,1,train,data/raw/pool/pos_rvlcdip_invoice_00568.jpg
data/raw/pool/pos_rvlcdip_invoice_00569.jpg,1,train,data/raw/pool/pos_rvlcdip_invoice_00569.jpg
data/raw/pool/pos_rvlcdip_invoice_00571.jpg,1,train,data/raw/pool/pos_rvlcdip_invoice_00571.jpg
data/raw/pool/pos_rvlcdip_invoice_00572.jpg,1,train,data/raw/pool/pos_rvlcdip_invoice_00572.jpg
data/raw/pool/pos_rvlcdip_invoice_00573.jpg,1,train,data/raw/pool/pos_rvlcdip_invoice_00573.jpg
data/raw/pool/pos_rvlcdip_invoice_00574.jpg,1,train,data/raw/pool/pos_rvlcdip_invoice_00574.jpg
data/raw/pool/pos_rvlcdip_invoice_00575.jpg,1,train,data/raw/pool/pos_rvlcdip_invoice_00575.jpg
data/raw/pool/pos_rvlcdip_invoice_00576.jpg,1,train,data/raw/pool/pos_rvlcdip_invoice_00576.jpg
data/raw/pool/pos_rvlcdip_invoice_00579.jpg,1,train,data/raw/pool/pos_rvlcdip_invoice_00579.jpg
data/raw/pool/pos_rvlcdip_invoice_00580.jpg,1,train,data/raw/pool/pos_rvlcdip_invoice_00580.jpg
data/raw/pool/pos_rvlcdip_invoice_00581.jpg,1,train,data/raw/pool/pos_rvlcdip_invoice_00581.jpg
data/raw/pool/pos_rvlcdip_invoice_00582.jpg,1,train,data/raw/pool/pos_rvlcdip_invoice_00582.jpg
data/raw/pool/pos_rvlcdip_invoice_00583.jpg,1,train,data/raw/pool/pos_rvlcdip_invoice_00583.jpg
data/raw/pool/pos_rvlcdip_invoice_00584.jpg,1,train,data/raw/pool/pos_rvlcdip_invoice_00584.jpg
data/raw/pool/pos_rvlcdip_invoice_00585.jpg,1,train,data/raw/pool/pos_rvlcdip_invoice_00585.jpg
data/raw/pool/pos_rvlcdip_invoice_00587.jpg,1,train,data/raw/pool/pos_rvlcdip_invoice_00587.jpg
data/raw/pool/pos_rvlcdip_invoice_00588.jpg,1,train,data/raw/pool/pos_rvlcdip_invoice_00588.jpg
data/raw/pool/pos_rvlcdip_invoice_00589.jpg,1,train,data/raw/pool/pos_rvlcdip_invoice_00589.jpg
data/raw/pool/pos_rvlcdip_invoice_00591.jpg,1,train,data/raw/pool/pos_rvlcdip_invoice_00591.jpg
data/raw/pool/pos_rvlcdip_invoice_00592.jpg,1,train,data/raw/pool/pos_rvlcdip_invoice_00592.jpg
data/raw/pool/pos_rvlcdip_invoice_00593.jpg,1,train,data/raw/pool/pos_rvlcdip_invoice_00593.jpg
data/raw/pool/pos_rvlcdip_invoice_00594.jpg,1,train,data/raw/pool/pos_rvlcdip_invoice_00594.jpg
data/raw/pool/pos_rvlcdip_invoice_00595.jpg,1,train,data/raw/pool/pos_rvlcdip_invoice_00595.jpg
data/raw/pool/pos_rvlcdip_invoice_00596.jpg,1,train,data/raw/pool/pos_rvlcdip_invoice_00596.jpg
data/raw/pool/pos_rvlcdip_invoice_00597.jpg,1,train,data/raw/pool/pos_rvlcdip_invoice_00597.jpg
data/raw/pool/pos_rvlcdip_invoice_00598.jpg,1,train,data/raw/pool/pos_rvlcdip_invoice_00598.jpg
data/raw/pool/pos_rvlcdip_invoice_00599.jpg,1,train,data/raw/pool/pos_rvlcdip_invoice_00599.jpg
data/raw/pool/pos_rvlcdip_invoice_00600.jpg,1,train,data/raw/pool/pos_rvlcdip_invoice_00600.jpg
data/raw/pool/pos_rvlcdip_invoice_00601.jpg,1,train,data/raw/pool/pos_rvlcdip_invoice_00601.jpg
data/raw/pool/pos_rvlcdip_invoice_00602.jpg,1,train,data/raw/pool/pos_rvlcdip_invoice_00602.jpg
data/raw/pool/pos_rvlcdip_invoice_00603.jpg,1,train,data/raw/pool/pos_rvlcdip_invoice_00603.jpg
data/raw/pool/pos_rvlcdip_invoice_00604.jpg,1,train,data/raw/pool/pos_rvlcdip_invoice_00604.jpg
data/raw/pool/pos_rvlcdip_invoice_00605.jpg,1,train,data/raw/pool/pos_rvlcdip_invoice_00605.jpg
data/raw/pool/pos_rvlcdip_invoice_00607.jpg,1,train,data/raw/pool/pos_rvlcdip_invoice_00607.jpg
data/raw/pool/pos_rvlcdip_invoice_00608.jpg,1,train,data/raw/pool/pos_rvlcdip_invoice_00608.jpg
data/raw/pool/pos_rvlcdip_invoice_00609.jpg,1,train,data/raw/pool/pos_rvlcdip_invoice_00609.jpg
data/raw/pool/pos_rvlcdip_invoice_00611.jpg,1,train,data/raw/pool/pos_rvlcdip_invoice_00611.jpg
data/raw/pool/pos_rvlcdip_invoice_00612.jpg,1,train,data/raw/pool/pos_rvlcdip_invoice_00612.jpg
data/raw/pool/pos_rvlcdip_invoice_00613.jpg,1,train,data/raw/pool/pos_rvlcdip_invoice_00613.jpg
data/raw/pool/pos_rvlcdip_invoice_00614.jpg,1,train,data/raw/pool/pos_rvlcdip_invoice_00614.jpg
data/raw/pool/pos_rvlcdip_invoice_00615.jpg,1,train,data/raw/pool/pos_rvlcdip_invoice_00615.jpg
data/raw/pool/pos_rvlcdip_invoice_00617.jpg,1,train,data/raw/pool/pos_rvlcdip_invoice_00617.jpg
data/raw/pool/pos_rvlcdip_invoice_00618.jpg,1,train,data/raw/pool/pos_rvlcdip_invoice_00618.jpg
data/raw/pool/pos_rvlcdip_invoice_00620.jpg,1,train,data/raw/pool/pos_rvlcdip_invoice_00620.jpg
data/raw/pool/pos_rvlcdip_invoice_00621.jpg,1,train,data/raw/pool/pos_rvlcdip_invoice_00621.jpg
data/raw/pool/pos_rvlcdip_invoice_00622.jpg,1,train,data/raw/pool/pos_rvlcdip_invoice_00622.jpg
data/raw/pool/pos_rvlcdip_invoice_00623.jpg,1,train,data/raw/pool/pos_rvlcdip_invoice_00623.jpg
data/raw/pool/pos_rvlcdip_invoice_00624.jpg,1,train,data/raw/pool/pos_rvlcdip_invoice_00624.jpg
data/raw/pool/pos_rvlcdip_invoice_00625.jpg,1,train,data/raw/pool/pos_rvlcdip_invoice_00625.jpg
data/raw/pool/pos_rvlcdip_invoice_00626.jpg,1,train,data/raw/pool/pos_rvlcdip_invoice_00626.jpg
data/raw/pool/pos_rvlcdip_invoice_00627.jpg,1,train,data/raw/pool/pos_rvlcdip_invoice_00627.jpg
data/raw/pool/pos_rvlcdip_invoice_00628.jpg,1,train,data/raw/pool/pos_rvlcdip_invoice_00628.jpg
data/raw/pool/pos_rvlcdip_invoice_00629.jpg,1,train,data/raw/pool/pos_rvlcdip_invoice_00629.jpg
data/raw/pool/pos_rvlcdip_invoice_00630.jpg,1,train,data/raw/pool/pos_rvlcdip_invoice_00630.jpg
data/raw/pool/pos_rvlcdip_invoice_00631.jpg,1,train,data/raw/pool/pos_rvlcdip_invoice_00631.jpg
data/raw/pool/pos_rvlcdip_invoice_00633.jpg,1,train,data/raw/pool/pos_rvlcdip_invoice_00633.jpg
data/raw/pool/pos_rvlcdip_invoice_00634.jpg,1,train,data/raw/pool/pos_rvlcdip_invoice_00634.jpg
data/raw/pool/pos_rvlcdip_invoice_00635.jpg,1,train,data/raw/pool/pos_rvlcdip_invoice_00635.jpg
data/raw/pool/pos_rvlcdip_invoice_00636.jpg,1,train,data/raw/pool/pos_rvlcdip_invoice_00636.jpg
data/raw/pool/pos_rvlcdip_invoice_00638.jpg,1,train,data/raw/pool/pos_rvlcdip_invoice_00638.jpg
data/raw/pool/pos_rvlcdip_invoice_00639.jpg,1,train,data/raw/pool/pos_rvlcdip_invoice_00639.jpg
data/raw/pool/pos_rvlcdip_invoice_00640.jpg,1,train,data/raw/pool/pos_rvlcdip_invoice_00640.jpg
data/raw/pool/pos_rvlcdip_invoice_00641.jpg,1,train,data/raw/pool/pos_rvlcdip_invoice_00641.jpg
data/raw/pool/pos_rvlcdip_invoice_00642.jpg,1,train,data/raw/pool/pos_rvlcdip_invoice_00642.jpg
data/raw/pool/pos_rvlcdip_invoice_00643.jpg,1,train,data/raw/pool/pos_rvlcdip_invoice_00643.jpg
data/raw/pool/pos_rvlcdip_invoice_00644.jpg,1,train,data/raw/pool/pos_rvlcdip_invoice_00644.jpg
data/raw/pool/pos_rvlcdip_invoice_00645.jpg,1,train,data/raw/pool/pos_rvlcdip_invoice_00645.jpg
data/raw/pool/pos_rvlcdip_invoice_00646.jpg,1,train,data/raw/pool/pos_rvlcdip_invoice_00646.jpg
data/raw/pool/pos_rvlcdip_invoice_00648.jpg,1,train,data/raw/pool/pos_rvlcdip_invoice_00648.jpg
data/raw/pool/pos_rvlcdip_invoice_00649.jpg,1,train,data/raw/pool/pos_rvlcdip_invoice_00649.jpg
data/raw/pool/pos_rvlcdip_invoice_00650.jpg,1,train,data/raw/pool/pos_rvlcdip_invoice_00650.jpg
data/raw/pool/pos_rvlcdip_invoice_00653.jpg,1,train,data/raw/pool/pos_rvlcdip_invoice_00653.jpg
data/raw/pool/pos_rvlcdip_invoice_00654.jpg,1,train,data/raw/pool/pos_rvlcdip_invoice_00654.jpg
data/raw/pool/pos_rvlcdip_invoice_00656.jpg,1,train,data/raw/pool/pos_rvlcdip_invoice_00656.jpg
data/raw/pool/pos_rvlcdip_invoice_00657.jpg,1,train,data/raw/pool/pos_rvlcdip_invoice_00657.jpg
data/raw/pool/pos_rvlcdip_invoice_00658.jpg,1,train,data/raw/pool/pos_rvlcdip_invoice_00658.jpg
data/raw/pool/pos_rvlcdip_invoice_00659.jpg,1,train,data/raw/pool/pos_rvlcdip_invoice_00659.jpg
data/raw/pool/pos_rvlcdip_invoice_00660.jpg,1,train,data/raw/pool/pos_rvlcdip_invoice_00660.jpg
data/raw/pool/pos_rvlcdip_invoice_00661.jpg,1,train,data/raw/pool/pos_rvlcdip_invoice_00661.jpg
data/raw/pool/pos_rvlcdip_invoice_00662.jpg,1,train,data/raw/pool/pos_rvlcdip_invoice_00662.jpg
data/raw/pool/pos_rvlcdip_invoice_00663.jpg,1,train,data/raw/pool/pos_rvlcdip_invoice_00663.jpg
data/raw/pool/pos_rvlcdip_invoice_00664.jpg,1,train,data/raw/pool/pos_rvlcdip_invoice_00664.jpg
data/raw/pool/pos_rvlcdip_invoice_00665.jpg,1,train,data/raw/pool/pos_rvlcdip_invoice_00665.jpg
data/raw/pool/pos_rvlcdip_invoice_00666.jpg,1,train,data/raw/pool/pos_rvlcdip_invoice_00666.jpg
data/raw/pool/pos_rvlcdip_invoice_00668.jpg,1,train,data/raw/pool/pos_rvlcdip_invoice_00668.jpg
data/raw/pool/pos_rvlcdip_invoice_00669.jpg,1,train,data/raw/pool/pos_rvlcdip_invoice_00669.jpg
data/raw/pool/pos_rvlcdip_invoice_00670.jpg,1,train,data/raw/pool/pos_rvlcdip_invoice_00670.jpg
data/raw/pool/pos_rvlcdip_invoice_00671.jpg,1,train,data/raw/pool/pos_rvlcdip_invoice_00671.jpg
data/raw/pool/pos_rvlcdip_invoice_00672.jpg,1,train,data/raw/pool/pos_rvlcdip_invoice_00672.jpg
data/raw/pool/pos_rvlcdip_invoice_00673.jpg,1,train,data/raw/pool/pos_rvlcdip_invoice_00673.jpg
data/raw/pool/pos_rvlcdip_invoice_00674.jpg,1,train,data/raw/pool/pos_rvlcdip_invoice_00674.jpg
data/raw/pool/pos_rvlcdip_invoice_00675.jpg,1,train,data/raw/pool/pos_rvlcdip_invoice_00675.jpg
data/raw/pool/pos_rvlcdip_invoice_00676.jpg,1,train,data/raw/pool/pos_rvlcdip_invoice_00676.jpg
data/raw/pool/pos_rvlcdip_invoice_00677.jpg,1,train,data/raw/pool/pos_rvlcdip_invoice_00677.jpg
data/raw/pool/pos_rvlcdip_invoice_00678.jpg,1,train,data/raw/pool/pos_rvlcdip_invoice_00678.jpg
data/raw/pool/pos_rvlcdip_invoice_00679.jpg,1,train,data/raw/pool/pos_rvlcdip_invoice_00679.jpg
data/raw/pool/pos_rvlcdip_invoice_00680.jpg,1,train,data/raw/pool/pos_rvlcdip_invoice_00680.jpg
data/raw/pool/pos_rvlcdip_invoice_00681.jpg,1,train,data/raw/pool/pos_rvlcdip_invoice_00681.jpg
data/raw/pool/pos_rvlcdip_invoice_00682.jpg,1,train,data/raw/pool/pos_rvlcdip_invoice_00682.jpg
data/raw/pool/pos_rvlcdip_invoice_00683.jpg,1,train,data/raw/pool/pos_rvlcdip_invoice_00683.jpg
data/raw/pool/pos_rvlcdip_invoice_00685.jpg,1,train,data/raw/pool/pos_rvlcdip_invoice_00685.jpg
data/raw/pool/pos_rvlcdip_invoice_00686.jpg,1,train,data/raw/pool/pos_rvlcdip_invoice_00686.jpg
data/raw/pool/pos_rvlcdip_invoice_00687.jpg,1,train,data/raw/pool/pos_rvlcdip_invoice_00687.jpg
data/raw/pool/pos_rvlcdip_invoice_00688.jpg,1,train,data/raw/pool/pos_rvlcdip_invoice_00688.jpg
data/raw/pool/pos_rvlcdip_invoice_00689.jpg,1,train,data/raw/pool/pos_rvlcdip_invoice_00689.jpg
data/raw/pool/pos_rvlcdip_invoice_00691.jpg,1,train,data/raw/pool/pos_rvlcdip_invoice_00691.jpg
data/raw/pool/pos_rvlcdip_invoice_00692.jpg,1,train,data/raw/pool/pos_rvlcdip_invoice_00692.jpg
data/raw/pool/pos_rvlcdip_invoice_00693.jpg,1,train,data/raw/pool/pos_rvlcdip_invoice_00693.jpg
data/raw/pool/pos_rvlcdip_invoice_00694.jpg,1,train,data/raw/pool/pos_rvlcdip_invoice_00694.jpg
data/raw/pool/pos_rvlcdip_invoice_00695.jpg,1,train,data/raw/pool/pos_rvlcdip_invoice_00695.jpg
data/raw/pool/pos_rvlcdip_invoice_00696.jpg,1,train,data/raw/pool/pos_rvlcdip_invoice_00696.jpg
data/raw/pool/pos_rvlcdip_invoice_00698.jpg,1,train,data/raw/pool/pos_rvlcdip_invoice_00698.jpg
data/raw/pool/pos_rvlcdip_invoice_00699.jpg,1,train,data/raw/pool/pos_rvlcdip_invoice_00699.jpg
data/raw/pool/pos_rvlcdip_invoice_00701.jpg,1,train,data/raw/pool/pos_rvlcdip_invoice_00701.jpg
data/raw/pool/pos_rvlcdip_invoice_00702.jpg,1,train,data/raw/pool/pos_rvlcdip_invoice_00702.jpg
data/raw/pool/pos_rvlcdip_invoice_00704.jpg,1,train,data/raw/pool/pos_rvlcdip_invoice_00704.jpg
data/raw/pool/pos_rvlcdip_invoice_00705.jpg,1,train,data/raw/pool/pos_rvlcdip_invoice_00705.jpg
data/raw/pool/pos_rvlcdip_invoice_00706.jpg,1,train,data/raw/pool/pos_rvlcdip_invoice_00706.jpg
data/raw/pool/pos_rvlcdip_invoice_00707.jpg,1,train,data/raw/pool/pos_rvlcdip_invoice_00707.jpg
data/raw/pool/pos_rvlcdip_invoice_00709.jpg,1,train,data/raw/pool/pos_rvlcdip_invoice_00709.jpg
data/raw/pool/pos_rvlcdip_invoice_00710.jpg,1,train,data/raw/pool/pos_rvlcdip_invoice_00710.jpg
data/raw/pool/pos_rvlcdip_invoice_00711.jpg,1,train,data/raw/pool/pos_rvlcdip_invoice_00711.jpg
data/raw/pool/pos_rvlcdip_invoice_00713.jpg,1,train,data/raw/pool/pos_rvlcdip_invoice_00713.jpg
data/raw/pool/pos_rvlcdip_invoice_00714.jpg,1,train,data/raw/pool/pos_rvlcdip_invoice_00714.jpg
data/raw/pool/pos_rvlcdip_invoice_00715.jpg,1,train,data/raw/pool/pos_rvlcdip_invoice_00715.jpg
data/raw/pool/pos_rvlcdip_invoice_00716.jpg,1,train,data/raw/pool/pos_rvlcdip_invoice_00716.jpg
data/raw/pool/pos_rvlcdip_invoice_00717.jpg,1,train,data/raw/pool/pos_rvlcdip_invoice_00717.jpg
data/raw/pool/pos_rvlcdip_invoice_00718.jpg,1,train,data/raw/pool/pos_rvlcdip_invoice_00718.jpg
data/raw/pool/pos_rvlcdip_invoice_00719.jpg,1,train,data/raw/pool/pos_rvlcdip_invoice_00719.jpg
data/raw/pool/pos_rvlcdip_invoice_00720.jpg,1,train,data/raw/pool/pos_rvlcdip_invoice_00720.jpg
data/raw/pool/pos_rvlcdip_invoice_00722.jpg,1,train,data/raw/pool/pos_rvlcdip_invoice_00722.jpg
data/raw/pool/pos_rvlcdip_invoice_00723.jpg,1,train,data/raw/pool/pos_rvlcdip_invoice_00723.jpg
data/raw/pool/pos_rvlcdip_invoice_00724.jpg,1,train,data/raw/pool/pos_rvlcdip_invoice_00724.jpg
data/raw/pool/pos_rvlcdip_invoice_00725.jpg,1,train,data/raw/pool/pos_rvlcdip_invoice_00725.jpg
data/raw/pool/pos_rvlcdip_invoice_00726.jpg,1,train,data/raw/pool/pos_rvlcdip_invoice_00726.jpg
data/raw/pool/pos_rvlcdip_invoice_00727.jpg,1,train,data/raw/pool/pos_rvlcdip_invoice_00727.jpg
data/raw/pool/pos_rvlcdip_invoice_00728.jpg,1,train,data/raw/pool/pos_rvlcdip_invoice_00728.jpg
data/raw/pool/pos_rvlcdip_invoice_00729.jpg,1,train,data/raw/pool/pos_rvlcdip_invoice_00729.jpg
data/raw/pool/pos_rvlcdip_invoice_00730.jpg,1,train,data/raw/pool/pos_rvlcdip_invoice_00730.jpg
data/raw/pool/pos_rvlcdip_invoice_00731.jpg,1,train,data/raw/pool/pos_rvlcdip_invoice_00731.jpg
data/raw/pool/pos_rvlcdip_invoice_00732.jpg,1,train,data/raw/pool/pos_rvlcdip_invoice_00732.jpg
data/raw/pool/pos_rvlcdip_invoice_00733.jpg,1,train,data/raw/pool/pos_rvlcdip_invoice_00733.jpg
data/raw/pool/pos_rvlcdip_invoice_00734.jpg,1,train,data/raw/pool/pos_rvlcdip_invoice_00734.jpg
data/raw/pool/pos_rvlcdip_invoice_00736.jpg,1,train,data/raw/pool/pos_rvlcdip_invoice_00736.jpg
data/raw/pool/pos_rvlcdip_invoice_00739.jpg,1,train,data/raw/pool/pos_rvlcdip_invoice_00739.jpg
data/raw/pool/pos_rvlcdip_invoice_00741.jpg,1,train,data/raw/pool/pos_rvlcdip_invoice_00741.jpg
data/raw/pool/pos_rvlcdip_invoice_00742.jpg,1,train,data/raw/pool/pos_rvlcdip_invoice_00742.jpg
data/raw/pool/pos_rvlcdip_invoice_00743.jpg,1,train,data/raw/pool/pos_rvlcdip_invoice_00743.jpg
data/raw/pool/pos_rvlcdip_invoice_00745.jpg,1,train,data/raw/pool/pos_rvlcdip_invoice_00745.jpg
data/raw/pool/pos_rvlcdip_invoice_00747.jpg,1,train,data/raw/pool/pos_rvlcdip_invoice_00747.jpg
data/raw/pool/pos_rvlcdip_invoice_00748.jpg,1,train,data/raw/pool/pos_rvlcdip_invoice_00748.jpg
data/raw/pool/pos_rvlcdip_invoice_00751.jpg,1,train,data/raw/pool/pos_rvlcdip_invoice_00751.jpg
data/raw/pool/pos_rvlcdip_invoice_00752.jpg,1,train,data/raw/pool/pos_rvlcdip_invoice_00752.jpg
data/raw/pool/pos_rvlcdip_invoice_00753.jpg,1,train,data/raw/pool/pos_rvlcdip_invoice_00753.jpg
data/raw/pool/pos_rvlcdip_invoice_00755.jpg,1,train,data/raw/pool/pos_rvlcdip_invoice_00755.jpg
data/raw/pool/pos_rvlcdip_invoice_00756.jpg,1,train,data/raw/pool/pos_rvlcdip_invoice_00756.jpg
data/raw/pool/pos_rvlcdip_invoice_00757.jpg,1,train,data/raw/pool/pos_rvlcdip_invoice_00757.jpg
data/raw/pool/pos_rvlcdip_invoice_00758.jpg,1,train,data/raw/pool/pos_rvlcdip_invoice_00758.jpg
data/raw/pool/pos_rvlcdip_invoice_00759.jpg,1,train,data/raw/pool/pos_rvlcdip_invoice_00759.jpg
data/raw/pool/pos_rvlcdip_invoice_00760.jpg,1,train,data/raw/pool/pos_rvlcdip_invoice_00760.jpg
data/raw/pool/pos_rvlcdip_invoice_00761.jpg,1,train,data/raw/pool/pos_rvlcdip_invoice_00761.jpg
data/raw/pool/pos_rvlcdip_invoice_00762.jpg,1,train,data/raw/pool/pos_rvlcdip_invoice_00762.jpg
data/raw/pool/pos_rvlcdip_invoice_00764.jpg,1,train,data/raw/pool/pos_rvlcdip_invoice_00764.jpg
data/raw/pool/pos_rvlcdip_invoice_00765.jpg,1,train,data/raw/pool/pos_rvlcdip_invoice_00765.jpg
data/raw/pool/pos_rvlcdip_invoice_00766.jpg,1,train,data/raw/pool/pos_rvlcdip_invoice_00766.jpg
data/raw/pool/pos_rvlcdip_invoice_00767.jpg,1,train,data/raw/pool/pos_rvlcdip_invoice_00767.jpg
data/raw/pool/pos_rvlcdip_invoice_00768.jpg,1,train,data/raw/pool/pos_rvlcdip_invoice_00768.jpg
data/raw/pool/pos_rvlcdip_invoice_00769.jpg,1,train,data/raw/pool/pos_rvlcdip_invoice_00769.jpg
data/raw/pool/pos_rvlcdip_invoice_00772.jpg,1,train,data/raw/pool/pos_rvlcdip_invoice_00772.jpg
data/raw/pool/pos_rvlcdip_invoice_00773.jpg,1,train,data/raw/pool/pos_rvlcdip_invoice_00773.jpg
data/raw/pool/pos_rvlcdip_invoice_00775.jpg,1,train,data/raw/pool/pos_rvlcdip_invoice_00775.jpg
data/raw/pool/pos_rvlcdip_invoice_00776.jpg,1,train,data/raw/pool/pos_rvlcdip_invoice_00776.jpg
data/raw/pool/pos_rvlcdip_invoice_00777.jpg,1,train,data/raw/pool/pos_rvlcdip_invoice_00777.jpg
data/raw/pool/pos_rvlcdip_invoice_00778.jpg,1,train,data/raw/pool/pos_rvlcdip_invoice_00778.jpg
data/raw/pool/pos_rvlcdip_invoice_00779.jpg,1,train,data/raw/pool/pos_rvlcdip_invoice_00779.jpg
data/raw/pool/pos_rvlcdip_invoice_00781.jpg,1,train,data/raw/pool/pos_rvlcdip_invoice_00781.jpg
data/raw/pool/pos_rvlcdip_invoice_00782.jpg,1,train,data/raw/pool/pos_rvlcdip_invoice_00782.jpg
data/raw/pool/pos_rvlcdip_invoice_00783.jpg,1,train,data/raw/pool/pos_rvlcdip_invoice_00783.jpg
data/raw/pool/pos_rvlcdip_invoice_00785.jpg,1,train,data/raw/pool/pos_rvlcdip_invoice_00785.jpg
data/raw/pool/pos_rvlcdip_invoice_00787.jpg,1,train,data/raw/pool/pos_rvlcdip_invoice_00787.jpg
data/raw/pool/pos_rvlcdip_invoice_00788.jpg,1,train,data/raw/pool/pos_rvlcdip_invoice_00788.jpg
data/raw/pool/pos_rvlcdip_invoice_00789.jpg,1,train,data/raw/pool/pos_rvlcdip_invoice_00789.jpg
data/raw/pool/pos_rvlcdip_invoice_00791.jpg,1,train,data/raw/pool/pos_rvlcdip_invoice_00791.jpg
data/raw/pool/pos_rvlcdip_invoice_00792.jpg,1,train,data/raw/pool/pos_rvlcdip_invoice_00792.jpg
data/raw/pool/pos_rvlcdip_invoice_00793.jpg,1,train,data/raw/pool/pos_rvlcdip_invoice_00793.jpg
data/raw/pool/pos_rvlcdip_invoice_00794.jpg,1,train,data/raw/pool/pos_rvlcdip_invoice_00794.jpg
data/raw/pool/pos_rvlcdip_invoice_00795.jpg,1,train,data/raw/pool/pos_rvlcdip_invoice_00795.jpg
data/raw/pool/pos_rvlcdip_invoice_00796.jpg,1,train,data/raw/pool/pos_rvlcdip_invoice_00796.jpg
data/raw/pool/pos_rvlcdip_invoice_00797.jpg,1,train,data/raw/pool/pos_rvlcdip_invoice_00797.jpg
data/raw/pool/pos_rvlcdip_invoice_00798.jpg,1,train,data/raw/pool/pos_rvlcdip_invoice_00798.jpg
data/raw/pool/pos_rvlcdip_invoice_00799.jpg,1,train,data/raw/pool/pos_rvlcdip_invoice_00799.jpg
data/raw/pool/pos_rvlcdip_invoice_00801.jpg,1,train,data/raw/pool/pos_rvlcdip_invoice_00801.jpg
data/raw/pool/pos_rvlcdip_invoice_00802.jpg,1,train,data/raw/pool/pos_rvlcdip_invoice_00802.jpg
data/raw/pool/pos_rvlcdip_invoice_00803.jpg,1,train,data/raw/pool/pos_rvlcdip_invoice_00803.jpg
data/raw/pool/pos_rvlcdip_invoice_00805.jpg,1,train,data/raw/pool/pos_rvlcdip_invoice_00805.jpg
data/raw/pool/pos_rvlcdip_invoice_00807.jpg,1,train,data/raw/pool/pos_rvlcdip_invoice_00807.jpg
data/raw/pool/pos_rvlcdip_invoice_00808.jpg,1,train,data/raw/pool/pos_rvlcdip_invoice_00808.jpg
data/raw/pool/pos_rvlcdip_invoice_00809.jpg,1,train,data/raw/pool/pos_rvlcdip_invoice_00809.jpg
data/raw/pool/pos_rvlcdip_invoice_00811.jpg,1,train,data/raw/pool/pos_rvlcdip_invoice_00811.jpg
data/raw/pool/pos_rvlcdip_invoice_00812.jpg,1,train,data/raw/pool/pos_rvlcdip_invoice_00812.jpg
data/raw/pool/pos_rvlcdip_invoice_00813.jpg,1,train,data/raw/pool/pos_rvlcdip_invoice_00813.jpg
data/raw/pool/pos_rvlcdip_invoice_00814.jpg,1,train,data/raw/pool/pos_rvlcdip_invoice_00814.jpg
data/raw/pool/pos_rvlcdip_invoice_00815.jpg,1,train,data/raw/pool/pos_rvlcdip_invoice_00815.jpg
data/raw/pool/pos_rvlcdip_invoice_00816.jpg,1,train,data/raw/pool/pos_rvlcdip_invoice_00816.jpg
data/raw/pool/pos_rvlcdip_invoice_00817.jpg,1,train,data/raw/pool/pos_rvlcdip_invoice_00817.jpg
data/raw/pool/pos_rvlcdip_invoice_00819.jpg,1,train,data/raw/pool/pos_rvlcdip_invoice_00819.jpg
data/raw/pool/pos_rvlcdip_invoice_00820.jpg,1,train,data/raw/pool/pos_rvlcdip_invoice_00820.jpg
data/raw/pool/pos_rvlcdip_invoice_00821.jpg,1,train,data/raw/pool/pos_rvlcdip_invoice_00821.jpg
data/raw/pool/pos_rvlcdip_invoice_00822.jpg,1,train,data/raw/pool/pos_rvlcdip_invoice_00822.jpg
data/raw/pool/pos_rvlcdip_invoice_00823.jpg,1,train,data/raw/pool/pos_rvlcdip_invoice_00823.jpg
data/raw/pool/pos_rvlcdip_invoice_00824.jpg,1,train,data/raw/pool/pos_rvlcdip_invoice_00824.jpg
data/raw/pool/pos_rvlcdip_invoice_00825.jpg,1,train,data/raw/pool/pos_rvlcdip_invoice_00825.jpg
data/raw/pool/pos_rvlcdip_invoice_00826.jpg,1,train,data/raw/pool/pos_rvlcdip_invoice_00826.jpg
data/raw/pool/pos_rvlcdip_invoice_00827.jpg,1,train,data/raw/pool/pos_rvlcdip_invoice_00827.jpg
data/raw/pool/pos_rvlcdip_invoice_00828.jpg,1,train,data/raw/pool/pos_rvlcdip_invoice_00828.jpg
data/raw/pool/pos_rvlcdip_invoice_00829.jpg,1,train,data/raw/pool/pos_rvlcdip_invoice_00829.jpg
data/raw/pool/pos_rvlcdip_invoice_00830.jpg,1,train,data/raw/pool/pos_rvlcdip_invoice_00830.jpg
data/raw/pool/pos_rvlcdip_invoice_00831.jpg,1,train,data/raw/pool/pos_rvlcdip_invoice_00831.jpg
data/raw/pool/pos_rvlcdip_invoice_00832.jpg,1,train,data/raw/pool/pos_rvlcdip_invoice_00832.jpg
data/raw/pool/pos_rvlcdip_invoice_00833.jpg,1,train,data/raw/pool/pos_rvlcdip_invoice_00833.jpg
data/raw/pool/pos_rvlcdip_invoice_00834.jpg,1,train,data/raw/pool/pos_rvlcdip_invoice_00834.jpg
data/raw/pool/pos_rvlcdip_invoice_00835.jpg,1,train,data/raw/pool/pos_rvlcdip_invoice_00835.jpg
data/raw/pool/pos_rvlcdip_invoice_00837.jpg,1,train,data/raw/pool/pos_rvlcdip_invoice_00837.jpg
data/raw/pool/pos_rvlcdip_invoice_00838.jpg,1,train,data/raw/pool/pos_rvlcdip_invoice_00838.jpg
data/raw/pool/pos_rvlcdip_invoice_00839.jpg,1,train,data/raw/pool/pos_rvlcdip_invoice_00839.jpg
data/raw/pool/pos_rvlcdip_invoice_00841.jpg,1,train,data/raw/pool/pos_rvlcdip_invoice_00841.jpg
data/raw/pool/pos_rvlcdip_invoice_00843.jpg,1,train,data/raw/pool/pos_rvlcdip_invoice_00843.jpg
data/raw/pool/pos_rvlcdip_invoice_00844.jpg,1,train,data/raw/pool/pos_rvlcdip_invoice_00844.jpg
data/raw/pool/pos_rvlcdip_invoice_00845.jpg,1,train,data/raw/pool/pos_rvlcdip_invoice_00845.jpg
data/raw/pool/pos_rvlcdip_invoice_00846.jpg,1,train,data/raw/pool/pos_rvlcdip_invoice_00846.jpg
data/raw/pool/pos_rvlcdip_invoice_00847.jpg,1,train,data/raw/pool/pos_rvlcdip_invoice_00847.jpg
data/raw/pool/pos_rvlcdip_invoice_00848.jpg,1,train,data/raw/pool/pos_rvlcdip_invoice_00848.jpg
data/raw/pool/pos_rvlcdip_invoice_00849.jpg,1,train,data/raw/pool/pos_rvlcdip_invoice_00849.jpg
data/raw/pool/pos_rvlcdip_invoice_00850.jpg,1,train,data/raw/pool/pos_rvlcdip_invoice_00850.jpg
data/raw/pool/pos_rvlcdip_invoice_00851.jpg,1,train,data/raw/pool/pos_rvlcdip_invoice_00851.jpg
data/raw/pool/pos_rvlcdip_invoice_00852.jpg,1,train,data/raw/pool/pos_rvlcdip_invoice_00852.jpg
data/raw/pool/pos_rvlcdip_invoice_00853.jpg,1,train,data/raw/pool/pos_rvlcdip_invoice_00853.jpg
data/raw/pool/pos_rvlcdip_invoice_00854.jpg,1,train,data/raw/pool/pos_rvlcdip_invoice_00854.jpg
data/raw/pool/pos_rvlcdip_invoice_00856.jpg,1,train,data/raw/pool/pos_rvlcdip_invoice_00856.jpg
data/raw/pool/pos_rvlcdip_invoice_00857.jpg,1,train,data/raw/pool/pos_rvlcdip_invoice_00857.jpg
data/raw/pool/pos_rvlcdip_invoice_00858.jpg,1,train,data/raw/pool/pos_rvlcdip_invoice_00858.jpg
data/raw/pool/pos_rvlcdip_invoice_00859.jpg,1,train,data/raw/pool/pos_rvlcdip_invoice_00859.jpg
data/raw/pool/pos_rvlcdip_invoice_00860.jpg,1,train,data/raw/pool/pos_rvlcdip_invoice_00860.jpg
data/raw/pool/pos_rvlcdip_invoice_00861.jpg,1,train,data/raw/pool/pos_rvlcdip_invoice_00861.jpg
data/raw/pool/pos_rvlcdip_invoice_00862.jpg,1,train,data/raw/pool/pos_rvlcdip_invoice_00862.jpg
data/raw/pool/pos_rvlcdip_invoice_00863.jpg,1,train,data/raw/pool/pos_rvlcdip_invoice_00863.jpg
data/raw/pool/pos_rvlcdip_invoice_00864.jpg,1,train,data/raw/pool/pos_rvlcdip_invoice_00864.jpg
data/raw/pool/pos_rvlcdip_invoice_00865.jpg,1,train,data/raw/pool/pos_rvlcdip_invoice_00865.jpg
data/raw/pool/pos_rvlcdip_invoice_00867.jpg,1,train,data/raw/pool/pos_rvlcdip_invoice_00867.jpg
data/raw/pool/pos_rvlcdip_invoice_00868.jpg,1,train,data/raw/pool/pos_rvlcdip_invoice_00868.jpg
data/raw/pool/pos_rvlcdip_invoice_00869.jpg,1,train,data/raw/pool/pos_rvlcdip_invoice_00869.jpg
data/raw/pool/pos_rvlcdip_invoice_00870.jpg,1,train,data/raw/pool/pos_rvlcdip_invoice_00870.jpg
data/raw/pool/pos_rvlcdip_invoice_00871.jpg,1,train,data/raw/pool/pos_rvlcdip_invoice_00871.jpg
data/raw/pool/pos_rvlcdip_invoice_00872.jpg,1,train,data/raw/pool/pos_rvlcdip_invoice_00872.jpg
data/raw/pool/pos_rvlcdip_invoice_00873.jpg,1,train,data/raw/pool/pos_rvlcdip_invoice_00873.jpg
data/raw/pool/pos_rvlcdip_invoice_00874.jpg,1,train,data/raw/pool/pos_rvlcdip_invoice_00874.jpg
data/raw/pool/pos_rvlcdip_invoice_00875.jpg,1,train,data/raw/pool/pos_rvlcdip_invoice_00875.jpg
data/raw/pool/pos_rvlcdip_invoice_00876.jpg,1,train,data/raw/pool/pos_rvlcdip_invoice_00876.jpg
data/raw/pool/pos_rvlcdip_invoice_00877.jpg,1,train,data/raw/pool/pos_rvlcdip_invoice_00877.jpg
data/raw/pool/pos_rvlcdip_invoice_00878.jpg,1,train,data/raw/pool/pos_rvlcdip_invoice_00878.jpg
data/raw/pool/pos_rvlcdip_invoice_00879.jpg,1,train,data/raw/pool/pos_rvlcdip_invoice_00879.jpg
data/raw/pool/pos_rvlcdip_invoice_00880.jpg,1,train,data/raw/pool/pos_rvlcdip_invoice_00880.jpg
data/raw/pool/pos_rvlcdip_invoice_00881.jpg,1,train,data/raw/pool/pos_rvlcdip_invoice_00881.jpg
data/raw/pool/pos_rvlcdip_invoice_00882.jpg,1,train,data/raw/pool/pos_rvlcdip_invoice_00882.jpg
data/raw/pool/pos_rvlcdip_invoice_00883.jpg,1,train,data/raw/pool/pos_rvlcdip_invoice_00883.jpg
data/raw/pool/pos_rvlcdip_invoice_00884.jpg,1,train,data/raw/pool/pos_rvlcdip_invoice_00884.jpg
data/raw/pool/pos_rvlcdip_invoice_00886.jpg,1,train,data/raw/pool/pos_rvlcdip_invoice_00886.jpg
data/raw/pool/pos_rvlcdip_invoice_00887.jpg,1,train,data/raw/pool/pos_rvlcdip_invoice_00887.jpg
data/raw/pool/pos_rvlcdip_invoice_00888.jpg,1,train,data/raw/pool/pos_rvlcdip_invoice_00888.jpg
data/raw/pool/pos_rvlcdip_invoice_00889.jpg,1,train,data/raw/pool/pos_rvlcdip_invoice_00889.jpg
data/raw/pool/pos_rvlcdip_invoice_00890.jpg,1,train,data/raw/pool/pos_rvlcdip_invoice_00890.jpg
data/raw/pool/pos_rvlcdip_invoice_00891.jpg,1,train,data/raw/pool/pos_rvlcdip_invoice_00891.jpg
data/raw/pool/pos_rvlcdip_invoice_00892.jpg,1,train,data/raw/pool/pos_rvlcdip_invoice_00892.jpg
data/raw/pool/pos_rvlcdip_invoice_00893.jpg,1,train,data/raw/pool/pos_rvlcdip_invoice_00893.jpg
data/raw/pool/pos_rvlcdip_invoice_00895.jpg,1,train,data/raw/pool/pos_rvlcdip_invoice_00895.jpg
data/raw/pool/pos_rvlcdip_invoice_00896.jpg,1,train,data/raw/pool/pos_rvlcdip_invoice_00896.jpg
data/raw/pool/pos_rvlcdip_invoice_00899.jpg,1,train,data/raw/pool/pos_rvlcdip_invoice_00899.jpg
data/raw/pool/pos_rvlcdip_invoice_00900.jpg,1,train,data/raw/pool/pos_rvlcdip_invoice_00900.jpg
data/raw/pool/pos_rvlcdip_invoice_00902.jpg,1,train,data/raw/pool/pos_rvlcdip_invoice_00902.jpg
data/raw/pool/pos_rvlcdip_invoice_00903.jpg,1,train,data/raw/pool/pos_rvlcdip_invoice_00903.jpg
data/raw/pool/pos_rvlcdip_invoice_00904.jpg,1,train,data/raw/pool/pos_rvlcdip_invoice_00904.jpg
data/raw/pool/pos_rvlcdip_invoice_00905.jpg,1,train,data/raw/pool/pos_rvlcdip_invoice_00905.jpg
data/raw/pool/pos_rvlcdip_invoice_00906.jpg,1,train,data/raw/pool/pos_rvlcdip_invoice_00906.jpg
data/raw/pool/pos_rvlcdip_invoice_00907.jpg,1,train,data/raw/pool/pos_rvlcdip_invoice_00907.jpg
data/raw/pool/pos_rvlcdip_invoice_00908.jpg,1,train,data/raw/pool/pos_rvlcdip_invoice_00908.jpg
data/raw/pool/pos_rvlcdip_invoice_00909.jpg,1,train,data/raw/pool/pos_rvlcdip_invoice_00909.jpg
data/raw/pool/pos_rvlcdip_invoice_00911.jpg,1,train,data/raw/pool/pos_rvlcdip_invoice_00911.jpg
data/raw/pool/pos_rvlcdip_invoice_00912.jpg,1,train,data/raw/pool/pos_rvlcdip_invoice_00912.jpg
data/raw/pool/pos_rvlcdip_invoice_00913.jpg,1,train,data/raw/pool/pos_rvlcdip_invoice_00913.jpg
data/raw/pool/pos_rvlcdip_invoice_00914.jpg,1,train,data/raw/pool/pos_rvlcdip_invoice_00914.jpg
data/raw/pool/pos_rvlcdip_invoice_00915.jpg,1,train,data/raw/pool/pos_rvlcdip_invoice_00915.jpg
data/raw/pool/pos_rvlcdip_invoice_00917.jpg,1,train,data/raw/pool/pos_rvlcdip_invoice_00917.jpg
data/raw/pool/pos_rvlcdip_invoice_00918.jpg,1,train,data/raw/pool/pos_rvlcdip_invoice_00918.jpg
data/raw/pool/pos_rvlcdip_invoice_00919.jpg,1,train,data/raw/pool/pos_rvlcdip_invoice_00919.jpg
data/raw/pool/pos_rvlcdip_invoice_00920.jpg,1,train,data/raw/pool/pos_rvlcdip_invoice_00920.jpg
data/raw/pool/pos_rvlcdip_invoice_00921.jpg,1,train,data/raw/pool/pos_rvlcdip_invoice_00921.jpg
data/raw/pool/pos_rvlcdip_invoice_00922.jpg,1,train,data/raw/pool/pos_rvlcdip_invoice_00922.jpg
data/raw/pool/pos_rvlcdip_invoice_00923.jpg,1,train,data/raw/pool/pos_rvlcdip_invoice_00923.jpg
data/raw/pool/pos_rvlcdip_invoice_00924.jpg,1,train,data/raw/pool/pos_rvlcdip_invoice_00924.jpg
data/raw/pool/pos_rvlcdip_invoice_00925.jpg,1,train,data/raw/pool/pos_rvlcdip_invoice_00925.jpg
data/raw/pool/pos_rvlcdip_invoice_00926.jpg,1,train,data/raw/pool/pos_rvlcdip_invoice_00926.jpg
data/raw/pool/pos_rvlcdip_invoice_00927.jpg,1,train,data/raw/pool/pos_rvlcdip_invoice_00927.jpg
data/raw/pool/pos_rvlcdip_invoice_00928.jpg,1,train,data/raw/pool/pos_rvlcdip_invoice_00928.jpg
data/raw/pool/pos_rvlcdip_invoice_00929.jpg,1,train,data/raw/pool/pos_rvlcdip_invoice_00929.jpg
data/raw/pool/pos_rvlcdip_invoice_00930.jpg,1,train,data/raw/pool/pos_rvlcdip_invoice_00930.jpg
data/raw/pool/pos_rvlcdip_invoice_00931.jpg,1,train,data/raw/pool/pos_rvlcdip_invoice_00931.jpg
data/raw/pool/pos_rvlcdip_invoice_00932.jpg,1,train,data/raw/pool/pos_rvlcdip_invoice_00932.jpg
data/raw/pool/pos_rvlcdip_invoice_00933.jpg,1,train,data/raw/pool/pos_rvlcdip_invoice_00933.jpg
data/raw/pool/pos_rvlcdip_invoice_00935.jpg,1,train,data/raw/pool/pos_rvlcdip_invoice_00935.jpg
data/raw/pool/pos_rvlcdip_invoice_00936.jpg,1,train,data/raw/pool/pos_rvlcdip_invoice_00936.jpg
data/raw/pool/pos_rvlcdip_invoice_00938.jpg,1,train,data/raw/pool/pos_rvlcdip_invoice_00938.jpg
data/raw/pool/pos_rvlcdip_invoice_00939.jpg,1,train,data/raw/pool/pos_rvlcdip_invoice_00939.jpg
data/raw/pool/pos_rvlcdip_invoice_00940.jpg,1,train,data/raw/pool/pos_rvlcdip_invoice_00940.jpg
data/raw/pool/pos_rvlcdip_invoice_00941.jpg,1,train,data/raw/pool/pos_rvlcdip_invoice_00941.jpg
data/raw/pool/pos_rvlcdip_invoice_00942.jpg,1,train,data/raw/pool/pos_rvlcdip_invoice_00942.jpg
data/raw/pool/pos_rvlcdip_invoice_00943.jpg,1,train,data/raw/pool/pos_rvlcdip_invoice_00943.jpg
data/raw/pool/pos_rvlcdip_invoice_00944.jpg,1,train,data/raw/pool/pos_rvlcdip_invoice_00944.jpg
data/raw/pool/pos_rvlcdip_invoice_00945.jpg,1,train,data/raw/pool/pos_rvlcdip_invoice_00945.jpg
data/raw/pool/pos_rvlcdip_invoice_00947.jpg,1,train,data/raw/pool/pos_rvlcdip_invoice_00947.jpg
data/raw/pool/pos_rvlcdip_invoice_00948.jpg,1,train,data/raw/pool/pos_rvlcdip_invoice_00948.jpg
data/raw/pool/pos_rvlcdip_invoice_00952.jpg,1,train,data/raw/pool/pos_rvlcdip_invoice_00952.jpg
data/raw/pool/pos_rvlcdip_invoice_00953.jpg,1,train,data/raw/pool/pos_rvlcdip_invoice_00953.jpg
data/raw/pool/pos_rvlcdip_invoice_00954.jpg,1,train,data/raw/pool/pos_rvlcdip_invoice_00954.jpg
data/raw/pool/pos_rvlcdip_invoice_00955.jpg,1,train,data/raw/pool/pos_rvlcdip_invoice_00955.jpg
data/raw/pool/pos_rvlcdip_invoice_00956.jpg,1,train,data/raw/pool/pos_rvlcdip_invoice_00956.jpg
data/raw/pool/pos_rvlcdip_invoice_00957.jpg,1,train,data/raw/pool/pos_rvlcdip_invoice_00957.jpg
data/raw/pool/pos_rvlcdip_invoice_00958.jpg,1,train,data/raw/pool/pos_rvlcdip_invoice_00958.jpg
data/raw/pool/pos_rvlcdip_invoice_00959.jpg,1,train,data/raw/pool/pos_rvlcdip_invoice_00959.jpg
data/raw/pool/pos_rvlcdip_invoice_00960.jpg,1,train,data/raw/pool/pos_rvlcdip_invoice_00960.jpg
data/raw/pool/pos_rvlcdip_invoice_00961.jpg,1,train,data/raw/pool/pos_rvlcdip_invoice_00961.jpg
data/raw/pool/pos_rvlcdip_invoice_00962.jpg,1,train,data/raw/pool/pos_rvlcdip_invoice_00962.jpg
data/raw/pool/pos_rvlcdip_invoice_00963.jpg,1,train,data/raw/pool/pos_rvlcdip_invoice_00963.jpg
data/raw/pool/pos_rvlcdip_invoice_00965.jpg,1,train,data/raw/pool/pos_rvlcdip_invoice_00965.jpg
data/raw/pool/pos_rvlcdip_invoice_00966.jpg,1,train,data/raw/pool/pos_rvlcdip_invoice_00966.jpg
data/raw/pool/pos_rvlcdip_invoice_00968.jpg,1,train,data/raw/pool/pos_rvlcdip_invoice_00968.jpg
data/raw/pool/pos_rvlcdip_invoice_00969.jpg,1,train,data/raw/pool/pos_rvlcdip_invoice_00969.jpg
data/raw/pool/pos_rvlcdip_invoice_00970.jpg,1,train,data/raw/pool/pos_rvlcdip_invoice_00970.jpg
data/raw/pool/pos_rvlcdip_invoice_00971.jpg,1,train,data/raw/pool/pos_rvlcdip_invoice_00971.jpg
data/raw/pool/pos_rvlcdip_invoice_00972.jpg,1,train,data/raw/pool/pos_rvlcdip_invoice_00972.jpg
data/raw/pool/pos_rvlcdip_invoice_00974.jpg,1,train,data/raw/pool/pos_rvlcdip_invoice_00974.jpg
data/raw/pool/pos_rvlcdip_invoice_00975.jpg,1,train,data/raw/pool/pos_rvlcdip_invoice_00975.jpg
data/raw/pool/pos_rvlcdip_invoice_00976.jpg,1,train,data/raw/pool/pos_rvlcdip_invoice_00976.jpg
data/raw/pool/pos_rvlcdip_invoice_00977.jpg,1,train,data/raw/pool/pos_rvlcdip_invoice_00977.jpg
data/raw/pool/pos_rvlcdip_invoice_00979.jpg,1,train,data/raw/pool/pos_rvlcdip_invoice_00979.jpg
data/raw/pool/pos_rvlcdip_invoice_00981.jpg,1,train,data/raw/pool/pos_rvlcdip_invoice_00981.jpg
data/raw/pool/pos_rvlcdip_invoice_00983.jpg,1,train,data/raw/pool/pos_rvlcdip_invoice_00983.jpg
data/raw/pool/pos_rvlcdip_invoice_00984.jpg,1,train,data/raw/pool/pos_rvlcdip_invoice_00984.jpg
data/raw/pool/pos_rvlcdip_invoice_00985.jpg,1,train,data/raw/pool/pos_rvlcdip_invoice_00985.jpg
data/raw/pool/pos_rvlcdip_invoice_00986.jpg,1,train,data/raw/pool/pos_rvlcdip_invoice_00986.jpg
data/raw/pool/pos_rvlcdip_invoice_00987.jpg,1,train,data/raw/pool/pos_rvlcdip_invoice_00987.jpg
data/raw/pool/pos_rvlcdip_invoice_00988.jpg,1,train,data/raw/pool/pos_rvlcdip_invoice_00988.jpg
data/raw/pool/pos_rvlcdip_invoice_00989.jpg,1,train,data/raw/pool/pos_rvlcdip_invoice_00989.jpg
data/raw/pool/pos_rvlcdip_invoice_00990.jpg,1,train,data/raw/pool/pos_rvlcdip_invoice_00990.jpg
data/raw/pool/pos_rvlcdip_invoice_00991.jpg,1,train,data/raw/pool/pos_rvlcdip_invoice_00991.jpg
data/raw/pool/pos_rvlcdip_invoice_00993.jpg,1,train,data/raw/pool/pos_rvlcdip_invoice_00993.jpg
data/raw/pool/pos_rvlcdip_invoice_00994.jpg,1,train,data/raw/pool/pos_rvlcdip_invoice_00994.jpg
data/raw/pool/pos_rvlcdip_invoice_00995.jpg,1,train,data/raw/pool/pos_rvlcdip_invoice_00995.jpg
data/raw/pool/pos_rvlcdip_invoice_00997.jpg,1,train,data/raw/pool/pos_rvlcdip_invoice_00997.jpg
data/raw/pool/pos_rvlcdip_invoice_00998.jpg,1,train,data/raw/pool/pos_rvlcdip_invoice_00998.jpg
data/raw/pool/pos_rvlcdip_invoice_01000.jpg,1,train,data/raw/pool/pos_rvlcdip_invoice_01000.jpg
data/raw/pool/pos_rvlcdip_invoice_01001.jpg,1,train,data/raw/pool/pos_rvlcdip_invoice_01001.jpg
data/raw/pool/pos_rvlcdip_invoice_01002.jpg,1,train,data/raw/pool/pos_rvlcdip_invoice_01002.jpg
data/raw/pool/pos_rvlcdip_invoice_01003.jpg,1,train,data/raw/pool/pos_rvlcdip_invoice_01003.jpg
data/raw/pool/pos_rvlcdip_invoice_01004.jpg,1,train,data/raw/pool/pos_rvlcdip_invoice_01004.jpg
data/raw/pool/pos_rvlcdip_invoice_01005.jpg,1,train,data/raw/pool/pos_rvlcdip_invoice_01005.jpg
data/raw/pool/pos_rvlcdip_invoice_01006.jpg,1,train,data/raw/pool/pos_rvlcdip_invoice_01006.jpg
data/raw/pool/pos_rvlcdip_invoice_01007.jpg,1,train,data/raw/pool/pos_rvlcdip_invoice_01007.jpg
data/raw/pool/pos_rvlcdip_invoice_01008.jpg,1,train,data/raw/pool/pos_rvlcdip_invoice_01008.jpg
data/raw/pool/pos_rvlcdip_invoice_01009.jpg,1,train,data/raw/pool/pos_rvlcdip_invoice_01009.jpg
data/raw/pool/pos_rvlcdip_invoice_01010.jpg,1,train,data/raw/pool/pos_rvlcdip_invoice_01010.jpg
data/raw/pool/pos_rvlcdip_invoice_01011.jpg,1,train,data/raw/pool/pos_rvlcdip_invoice_01011.jpg
data/raw/pool/pos_rvlcdip_invoice_01012.jpg,1,train,data/raw/pool/pos_rvlcdip_invoice_01012.jpg
data/raw/pool/pos_rvlcdip_invoice_01013.jpg,1,train,data/raw/pool/pos_rvlcdip_invoice_01013.jpg
data/raw/pool/pos_rvlcdip_invoice_01014.jpg,1,train,data/raw/pool/pos_rvlcdip_invoice_01014.jpg
data/raw/pool/pos_rvlcdip_invoice_01015.jpg,1,train,data/raw/pool/pos_rvlcdip_invoice_01015.jpg
data/raw/pool/pos_rvlcdip_invoice_01016.jpg,1,train,data/raw/pool/pos_rvlcdip_invoice_01016.jpg
data/raw/pool/pos_rvlcdip_invoice_01017.jpg,1,train,data/raw/pool/pos_rvlcdip_invoice_01017.jpg
data/raw/pool/pos_rvlcdip_invoice_01018.jpg,1,train,data/raw/pool/pos_rvlcdip_invoice_01018.jpg
data/raw/pool/pos_rvlcdip_invoice_01019.jpg,1,train,data/raw/pool/pos_rvlcdip_invoice_01019.jpg
data/raw/pool/pos_rvlcdip_invoice_01022.jpg,1,train,data/raw/pool/pos_rvlcdip_invoice_01022.jpg
data/raw/pool/pos_rvlcdip_invoice_01024.jpg,1,train,data/raw/pool/pos_rvlcdip_invoice_01024.jpg
data/raw/pool/pos_rvlcdip_invoice_01025.jpg,1,train,data/raw/pool/pos_rvlcdip_invoice_01025.jpg
data/raw/pool/pos_rvlcdip_invoice_01026.jpg,1,train,data/raw/pool/pos_rvlcdip_invoice_01026.jpg
data/raw/pool/pos_rvlcdip_invoice_01027.jpg,1,train,data/raw/pool/pos_rvlcdip_invoice_01027.jpg
data/raw/pool/pos_rvlcdip_invoice_01028.jpg,1,train,data/raw/pool/pos_rvlcdip_invoice_01028.jpg
data/raw/pool/pos_rvlcdip_invoice_01029.jpg,1,train,data/raw/pool/pos_rvlcdip_invoice_01029.jpg
data/raw/pool/pos_rvlcdip_invoice_01030.jpg,1,train,data/raw/pool/pos_rvlcdip_invoice_01030.jpg
data/raw/pool/pos_rvlcdip_invoice_01031.jpg,1,train,data/raw/pool/pos_rvlcdip_invoice_01031.jpg
data/raw/pool/pos_rvlcdip_invoice_01032.jpg,1,train,data/raw/pool/pos_rvlcdip_invoice_01032.jpg
data/raw/pool/pos_rvlcdip_invoice_01033.jpg,1,train,data/raw/pool/pos_rvlcdip_invoice_01033.jpg
data/raw/pool/pos_rvlcdip_invoice_01034.jpg,1,train,data/raw/pool/pos_rvlcdip_invoice_01034.jpg
data/raw/pool/pos_rvlcdip_invoice_01035.jpg,1,train,data/raw/pool/pos_rvlcdip_invoice_01035.jpg
data/raw/pool/pos_rvlcdip_invoice_01036.jpg,1,train,data/raw/pool/pos_rvlcdip_invoice_01036.jpg
data/raw/pool/pos_rvlcdip_invoice_01037.jpg,1,train,data/raw/pool/pos_rvlcdip_invoice_01037.jpg
data/raw/pool/pos_rvlcdip_invoice_01038.jpg,1,train,data/raw/pool/pos_rvlcdip_invoice_01038.jpg
data/raw/pool/pos_rvlcdip_invoice_01039.jpg,1,train,data/raw/pool/pos_rvlcdip_invoice_01039.jpg
data/raw/pool/pos_rvlcdip_invoice_01040.jpg,1,train,data/raw/pool/pos_rvlcdip_invoice_01040.jpg
data/raw/pool/pos_rvlcdip_invoice_01041.jpg,1,train,data/raw/pool/pos_rvlcdip_invoice_01041.jpg
data/raw/pool/pos_rvlcdip_invoice_01042.jpg,1,train,data/raw/pool/pos_rvlcdip_invoice_01042.jpg
data/raw/pool/pos_rvlcdip_invoice_01043.jpg,1,train,data/raw/pool/pos_rvlcdip_invoice_01043.jpg
data/raw/pool/pos_rvlcdip_invoice_01045.jpg,1,train,data/raw/pool/pos_rvlcdip_invoice_01045.jpg
data/raw/pool/pos_rvlcdip_invoice_01047.jpg,1,train,data/raw/pool/pos_rvlcdip_invoice_01047.jpg
data/raw/pool/pos_rvlcdip_invoice_01049.jpg,1,train,data/raw/pool/pos_rvlcdip_invoice_01049.jpg
data/raw/pool/pos_rvlcdip_invoice_01050.jpg,1,train,data/raw/pool/pos_rvlcdip_invoice_01050.jpg
data/raw/pool/pos_rvlcdip_invoice_01051.jpg,1,train,data/raw/pool/pos_rvlcdip_invoice_01051.jpg
data/raw/pool/pos_rvlcdip_invoice_01052.jpg,1,train,data/raw/pool/pos_rvlcdip_invoice_01052.jpg
data/raw/pool/pos_rvlcdip_invoice_01053.jpg,1,train,data/raw/pool/pos_rvlcdip_invoice_01053.jpg
data/raw/pool/pos_rvlcdip_invoice_01054.jpg,1,train,data/raw/pool/pos_rvlcdip_invoice_01054.jpg
data/raw/pool/pos_rvlcdip_invoice_01055.jpg,1,train,data/raw/pool/pos_rvlcdip_invoice_01055.jpg
data/raw/pool/pos_rvlcdip_invoice_01056.jpg,1,train,data/raw/pool/pos_rvlcdip_invoice_01056.jpg
data/raw/pool/pos_rvlcdip_invoice_01057.jpg,1,train,data/raw/pool/pos_rvlcdip_invoice_01057.jpg
data/raw/pool/pos_rvlcdip_invoice_01058.jpg,1,train,data/raw/pool/pos_rvlcdip_invoice_01058.jpg
data/raw/pool/pos_rvlcdip_invoice_01059.jpg,1,train,data/raw/pool/pos_rvlcdip_invoice_01059.jpg
data/raw/pool/pos_rvlcdip_invoice_01060.jpg,1,train,data/raw/pool/pos_rvlcdip_invoice_01060.jpg
data/raw/pool/pos_rvlcdip_invoice_01061.jpg,1,train,data/raw/pool/pos_rvlcdip_invoice_01061.jpg
data/raw/pool/pos_rvlcdip_invoice_01063.jpg,1,train,data/raw/pool/pos_rvlcdip_invoice_01063.jpg
data/raw/pool/pos_rvlcdip_invoice_01064.jpg,1,train,data/raw/pool/pos_rvlcdip_invoice_01064.jpg
data/raw/pool/pos_rvlcdip_invoice_01065.jpg,1,train,data/raw/pool/pos_rvlcdip_invoice_01065.jpg
data/raw/pool/pos_rvlcdip_invoice_01066.jpg,1,train,data/raw/pool/pos_rvlcdip_invoice_01066.jpg
data/raw/pool/pos_rvlcdip_invoice_01067.jpg,1,train,data/raw/pool/pos_rvlcdip_invoice_01067.jpg
data/raw/pool/pos_rvlcdip_invoice_01068.jpg,1,train,data/raw/pool/pos_rvlcdip_invoice_01068.jpg
data/raw/pool/pos_rvlcdip_invoice_01071.jpg,1,train,data/raw/pool/pos_rvlcdip_invoice_01071.jpg
data/raw/pool/pos_rvlcdip_invoice_01072.jpg,1,train,data/raw/pool/pos_rvlcdip_invoice_01072.jpg
data/raw/pool/pos_rvlcdip_invoice_01073.jpg,1,train,data/raw/pool/pos_rvlcdip_invoice_01073.jpg
data/raw/pool/pos_rvlcdip_invoice_01074.jpg,1,train,data/raw/pool/pos_rvlcdip_invoice_01074.jpg
data/raw/pool/pos_rvlcdip_invoice_01075.jpg,1,train,data/raw/pool/pos_rvlcdip_invoice_01075.jpg
data/raw/pool/pos_rvlcdip_invoice_01076.jpg,1,train,data/raw/pool/pos_rvlcdip_invoice_01076.jpg
data/raw/pool/pos_rvlcdip_invoice_01077.jpg,1,train,data/raw/pool/pos_rvlcdip_invoice_01077.jpg
data/raw/pool/pos_rvlcdip_invoice_01078.jpg,1,train,data/raw/pool/pos_rvlcdip_invoice_01078.jpg
data/raw/pool/pos_rvlcdip_invoice_01079.jpg,1,train,data/raw/pool/pos_rvlcdip_invoice_01079.jpg
data/raw/pool/pos_rvlcdip_invoice_01080.jpg,1,train,data/raw/pool/pos_rvlcdip_invoice_01080.jpg
data/raw/pool/pos_rvlcdip_invoice_01081.jpg,1,train,data/raw/pool/pos_rvlcdip_invoice_01081.jpg
data/raw/pool/pos_rvlcdip_invoice_01083.jpg,1,train,data/raw/pool/pos_rvlcdip_invoice_01083.jpg
data/raw/pool/pos_rvlcdip_invoice_01085.jpg,1,train,data/raw/pool/pos_rvlcdip_invoice_01085.jpg
data/raw/pool/pos_rvlcdip_invoice_01088.jpg,1,train,data/raw/pool/pos_rvlcdip_invoice_01088.jpg
data/raw/pool/pos_rvlcdip_invoice_01089.jpg,1,train,data/raw/pool/pos_rvlcdip_invoice_01089.jpg
data/raw/pool/pos_rvlcdip_invoice_01090.jpg,1,train,data/raw/pool/pos_rvlcdip_invoice_01090.jpg
data/raw/pool/pos_rvlcdip_invoice_01091.jpg,1,train,data/raw/pool/pos_rvlcdip_invoice_01091.jpg
data/raw/pool/pos_rvlcdip_invoice_01093.jpg,1,train,data/raw/pool/pos_rvlcdip_invoice_01093.jpg
data/raw/pool/pos_rvlcdip_invoice_01094.jpg,1,train,data/raw/pool/pos_rvlcdip_invoice_01094.jpg
data/raw/pool/pos_rvlcdip_invoice_01095.jpg,1,train,data/raw/pool/pos_rvlcdip_invoice_01095.jpg
data/raw/pool/pos_rvlcdip_invoice_01096.jpg,1,train,data/raw/pool/pos_rvlcdip_invoice_01096.jpg
data/raw/pool/pos_rvlcdip_invoice_01097.jpg,1,train,data/raw/pool/pos_rvlcdip_invoice_01097.jpg
data/raw/pool/pos_rvlcdip_invoice_01101.jpg,1,train,data/raw/pool/pos_rvlcdip_invoice_01101.jpg
data/raw/pool/pos_rvlcdip_invoice_01102.jpg,1,train,data/raw/pool/pos_rvlcdip_invoice_01102.jpg
data/raw/pool/pos_rvlcdip_invoice_01103.jpg,1,train,data/raw/pool/pos_rvlcdip_invoice_01103.jpg
data/raw/pool/pos_rvlcdip_invoice_01104.jpg,1,train,data/raw/pool/pos_rvlcdip_invoice_01104.jpg
data/raw/pool/pos_rvlcdip_invoice_01105.jpg,1,train,data/raw/pool/pos_rvlcdip_invoice_01105.jpg
data/raw/pool/pos_rvlcdip_invoice_01106.jpg,1,train,data/raw/pool/pos_rvlcdip_invoice_01106.jpg
data/raw/pool/pos_rvlcdip_invoice_01107.jpg,1,train,data/raw/pool/pos_rvlcdip_invoice_01107.jpg
data/raw/pool/pos_rvlcdip_invoice_01108.jpg,1,train,data/raw/pool/pos_rvlcdip_invoice_01108.jpg
data/raw/pool/pos_rvlcdip_invoice_01109.jpg,1,train,data/raw/pool/pos_rvlcdip_invoice_01109.jpg
data/raw/pool/pos_rvlcdip_invoice_01110.jpg,1,train,data/raw/pool/pos_rvlcdip_invoice_01110.jpg
data/raw/pool/pos_rvlcdip_invoice_01111.jpg,1,train,data/raw/pool/pos_rvlcdip_invoice_01111.jpg
data/raw/pool/pos_rvlcdip_invoice_01112.jpg,1,train,data/raw/pool/pos_rvlcdip_invoice_01112.jpg
data/raw/pool/pos_rvlcdip_invoice_01113.jpg,1,train,data/raw/pool/pos_rvlcdip_invoice_01113.jpg
data/raw/pool/pos_rvlcdip_invoice_01114.jpg,1,train,data/raw/pool/pos_rvlcdip_invoice_01114.jpg
data/raw/pool/pos_rvlcdip_invoice_01115.jpg,1,train,data/raw/pool/pos_rvlcdip_invoice_01115.jpg
data/raw/pool/pos_rvlcdip_invoice_01116.jpg,1,train,data/raw/pool/pos_rvlcdip_invoice_01116.jpg
data/raw/pool/pos_rvlcdip_invoice_01117.jpg,1,train,data/raw/pool/pos_rvlcdip_invoice_01117.jpg
data/raw/pool/pos_rvlcdip_invoice_01118.jpg,1,train,data/raw/pool/pos_rvlcdip_invoice_01118.jpg
data/raw/pool/pos_rvlcdip_invoice_01120.jpg,1,train,data/raw/pool/pos_rvlcdip_invoice_01120.jpg
data/raw/pool/pos_rvlcdip_invoice_01122.jpg,1,train,data/raw/pool/pos_rvlcdip_invoice_01122.jpg
data/raw/pool/pos_rvlcdip_invoice_01123.jpg,1,train,data/raw/pool/pos_rvlcdip_invoice_01123.jpg
data/raw/pool/pos_rvlcdip_invoice_01124.jpg,1,train,data/raw/pool/pos_rvlcdip_invoice_01124.jpg
data/raw/pool/pos_rvlcdip_invoice_01126.jpg,1,train,data/raw/pool/pos_rvlcdip_invoice_01126.jpg
data/raw/pool/pos_rvlcdip_invoice_01127.jpg,1,train,data/raw/pool/pos_rvlcdip_invoice_01127.jpg
data/raw/pool/pos_rvlcdip_invoice_01128.jpg,1,train,data/raw/pool/pos_rvlcdip_invoice_01128.jpg
data/raw/pool/pos_rvlcdip_invoice_01130.jpg,1,train,data/raw/pool/pos_rvlcdip_invoice_01130.jpg
data/raw/pool/pos_rvlcdip_invoice_01131.jpg,1,train,data/raw/pool/pos_rvlcdip_invoice_01131.jpg
data/raw/pool/pos_rvlcdip_invoice_01133.jpg,1,train,data/raw/pool/pos_rvlcdip_invoice_01133.jpg
data/raw/pool/pos_rvlcdip_invoice_01135.jpg,1,train,data/raw/pool/pos_rvlcdip_invoice_01135.jpg
data/raw/pool/pos_rvlcdip_invoice_01137.jpg,1,train,data/raw/pool/pos_rvlcdip_invoice_01137.jpg
data/raw/pool/pos_rvlcdip_invoice_01139.jpg,1,train,data/raw/pool/pos_rvlcdip_invoice_01139.jpg
data/raw/pool/pos_rvlcdip_invoice_01140.jpg,1,train,data/raw/pool/pos_rvlcdip_invoice_01140.jpg
data/raw/pool/pos_rvlcdip_invoice_01142.jpg,1,train,data/raw/pool/pos_rvlcdip_invoice_01142.jpg
data/raw/pool/pos_rvlcdip_invoice_01143.jpg,1,train,data/raw/pool/pos_rvlcdip_invoice_01143.jpg
data/raw/pool/pos_rvlcdip_invoice_01144.jpg,1,train,data/raw/pool/pos_rvlcdip_invoice_01144.jpg
data/raw/pool/pos_rvlcdip_invoice_01145.jpg,1,train,data/raw/pool/pos_rvlcdip_invoice_01145.jpg
data/raw/pool/pos_rvlcdip_invoice_01147.jpg,1,train,data/raw/pool/pos_rvlcdip_invoice_01147.jpg
data/raw/pool/pos_rvlcdip_invoice_01148.jpg,1,train,data/raw/pool/pos_rvlcdip_invoice_01148.jpg
data/raw/pool/pos_rvlcdip_invoice_01151.jpg,1,train,data/raw/pool/pos_rvlcdip_invoice_01151.jpg
data/raw/pool/pos_rvlcdip_invoice_01152.jpg,1,train,data/raw/pool/pos_rvlcdip_invoice_01152.jpg
data/raw/pool/pos_rvlcdip_invoice_01153.jpg,1,train,data/raw/pool/pos_rvlcdip_invoice_01153.jpg
data/raw/pool/pos_rvlcdip_invoice_01154.jpg,1,train,data/raw/pool/pos_rvlcdip_invoice_01154.jpg
data/raw/pool/pos_rvlcdip_invoice_01156.jpg,1,train,data/raw/pool/pos_rvlcdip_invoice_01156.jpg
data/raw/pool/pos_rvlcdip_invoice_01157.jpg,1,train,data/raw/pool/pos_rvlcdip_invoice_01157.jpg
data/raw/pool/pos_rvlcdip_invoice_01159.jpg,1,train,data/raw/pool/pos_rvlcdip_invoice_01159.jpg
data/raw/pool/pos_rvlcdip_invoice_01160.jpg,1,train,data/raw/pool/pos_rvlcdip_invoice_01160.jpg
data/raw/pool/pos_rvlcdip_invoice_01161.jpg,1,train,data/raw/pool/pos_rvlcdip_invoice_01161.jpg
data/raw/pool/pos_rvlcdip_invoice_01162.jpg,1,train,data/raw/pool/pos_rvlcdip_invoice_01162.jpg
data/raw/pool/pos_rvlcdip_invoice_01163.jpg,1,train,data/raw/pool/pos_rvlcdip_invoice_01163.jpg
data/raw/pool/pos_rvlcdip_invoice_01164.jpg,1,train,data/raw/pool/pos_rvlcdip_invoice_01164.jpg
data/raw/pool/pos_rvlcdip_invoice_01165.jpg,1,train,data/raw/pool/pos_rvlcdip_invoice_01165.jpg
data/raw/pool/pos_rvlcdip_invoice_01167.jpg,1,train,data/raw/pool/pos_rvlcdip_invoice_01167.jpg
data/raw/pool/pos_rvlcdip_invoice_01168.jpg,1,train,data/raw/pool/pos_rvlcdip_invoice_01168.jpg
data/raw/pool/pos_rvlcdip_invoice_01169.jpg,1,train,data/raw/pool/pos_rvlcdip_invoice_01169.jpg
data/raw/pool/pos_rvlcdip_invoice_01171.jpg,1,train,data/raw/pool/pos_rvlcdip_invoice_01171.jpg
data/raw/pool/pos_rvlcdip_invoice_01172.jpg,1,train,data/raw/pool/pos_rvlcdip_invoice_01172.jpg
data/raw/pool/pos_rvlcdip_invoice_01173.jpg,1,train,data/raw/pool/pos_rvlcdip_invoice_01173.jpg
data/raw/pool/pos_rvlcdip_invoice_01175.jpg,1,train,data/raw/pool/pos_rvlcdip_invoice_01175.jpg
data/raw/pool/pos_rvlcdip_invoice_01176.jpg,1,train,data/raw/pool/pos_rvlcdip_invoice_01176.jpg
data/raw/pool/pos_rvlcdip_invoice_01177.jpg,1,train,data/raw/pool/pos_rvlcdip_invoice_01177.jpg
data/raw/pool/pos_rvlcdip_invoice_01178.jpg,1,train,data/raw/pool/pos_rvlcdip_invoice_01178.jpg
data/raw/pool/pos_rvlcdip_invoice_01179.jpg,1,train,data/raw/pool/pos_rvlcdip_invoice_01179.jpg
data/raw/pool/pos_rvlcdip_invoice_01180.jpg,1,train,data/raw/pool/pos_rvlcdip_invoice_01180.jpg
data/raw/pool/pos_rvlcdip_invoice_01181.jpg,1,train,data/raw/pool/pos_rvlcdip_invoice_01181.jpg
data/raw/pool/pos_rvlcdip_invoice_01183.jpg,1,train,data/raw/pool/pos_rvlcdip_invoice_01183.jpg
data/raw/pool/pos_rvlcdip_invoice_01184.jpg,1,train,data/raw/pool/pos_rvlcdip_invoice_01184.jpg
data/raw/pool/pos_rvlcdip_invoice_01185.jpg,1,train,data/raw/pool/pos_rvlcdip_invoice_01185.jpg
data/raw/pool/pos_rvlcdip_invoice_01186.jpg,1,train,data/raw/pool/pos_rvlcdip_invoice_01186.jpg
data/raw/pool/pos_rvlcdip_invoice_01187.jpg,1,train,data/raw/pool/pos_rvlcdip_invoice_01187.jpg
data/raw/pool/pos_rvlcdip_invoice_01188.jpg,1,train,data/raw/pool/pos_rvlcdip_invoice_01188.jpg
data/raw/pool/pos_rvlcdip_invoice_01190.jpg,1,train,data/raw/pool/pos_rvlcdip_invoice_01190.jpg
data/raw/pool/pos_rvlcdip_invoice_01192.jpg,1,train,data/raw/pool/pos_rvlcdip_invoice_01192.jpg
data/raw/pool/pos_rvlcdip_invoice_01193.jpg,1,train,data/raw/pool/pos_rvlcdip_invoice_01193.jpg
data/raw/pool/pos_rvlcdip_invoice_01194.jpg,1,train,data/raw/pool/pos_rvlcdip_invoice_01194.jpg
data/raw/pool/pos_rvlcdip_invoice_01195.jpg,1,train,data/raw/pool/pos_rvlcdip_invoice_01195.jpg
data/raw/pool/pos_rvlcdip_invoice_01196.jpg,1,train,data/raw/pool/pos_rvlcdip_invoice_01196.jpg
data/raw/pool/pos_rvlcdip_invoice_01197.jpg,1,train,data/raw/pool/pos_rvlcdip_invoice_01197.jpg
data/raw/pool/pos_rvlcdip_invoice_01198.jpg,1,train,data/raw/pool/pos_rvlcdip_invoice_01198.jpg
data/raw/pool/pos_rvlcdip_invoice_01199.jpg,1,train,data/raw/pool/pos_rvlcdip_invoice_01199.jpg
data/raw/pool/pos_rvlcdip_invoice_01200.jpg,1,train,data/raw/pool/pos_rvlcdip_invoice_01200.jpg
data/raw/pool/pos_rvlcdip_invoice_01201.jpg,1,train,data/raw/pool/pos_rvlcdip_invoice_01201.jpg
data/raw/pool/pos_rvlcdip_invoice_01202.jpg,1,train,data/raw/pool/pos_rvlcdip_invoice_01202.jpg
data/raw/pool/pos_rvlcdip_invoice_01204.jpg,1,train,data/raw/pool/pos_rvlcdip_invoice_01204.jpg
data/raw/pool/pos_rvlcdip_invoice_01205.jpg,1,train,data/raw/pool/pos_rvlcdip_invoice_01205.jpg
data/raw/pool/pos_rvlcdip_invoice_01207.jpg,1,train,data/raw/pool/pos_rvlcdip_invoice_01207.jpg
data/raw/pool/pos_rvlcdip_invoice_01208.jpg,1,train,data/raw/pool/pos_rvlcdip_invoice_01208.jpg
data/raw/pool/pos_rvlcdip_invoice_01209.jpg,1,train,data/raw/pool/pos_rvlcdip_invoice_01209.jpg
data/raw/pool/pos_rvlcdip_invoice_01210.jpg,1,train,data/raw/pool/pos_rvlcdip_invoice_01210.jpg
data/raw/pool/pos_rvlcdip_invoice_01211.jpg,1,train,data/raw/pool/pos_rvlcdip_invoice_01211.jpg
data/raw/pool/pos_rvlcdip_invoice_01212.jpg,1,train,data/raw/pool/pos_rvlcdip_invoice_01212.jpg
data/raw/pool/pos_rvlcdip_invoice_01213.jpg,1,train,data/raw/pool/pos_rvlcdip_invoice_01213.jpg
data/raw/pool/pos_rvlcdip_invoice_01214.jpg,1,train,data/raw/pool/pos_rvlcdip_invoice_01214.jpg
data/raw/pool/pos_rvlcdip_invoice_01215.jpg,1,train,data/raw/pool/pos_rvlcdip_invoice_01215.jpg
data/raw/pool/pos_rvlcdip_invoice_01216.jpg,1,train,data/raw/pool/pos_rvlcdip_invoice_01216.jpg
data/raw/pool/pos_rvlcdip_invoice_01217.jpg,1,train,data/raw/pool/pos_rvlcdip_invoice_01217.jpg
data/raw/pool/pos_rvlcdip_invoice_01218.jpg,1,train,data/raw/pool/pos_rvlcdip_invoice_01218.jpg
data/raw/pool/pos_rvlcdip_invoice_01220.jpg,1,train,data/raw/pool/pos_rvlcdip_invoice_01220.jpg
data/raw/pool/pos_rvlcdip_invoice_01222.jpg,1,train,data/raw/pool/pos_rvlcdip_invoice_01222.jpg
data/raw/pool/pos_rvlcdip_invoice_01223.jpg,1,train,data/raw/pool/pos_rvlcdip_invoice_01223.jpg
data/raw/pool/pos_rvlcdip_invoice_01224.jpg,1,train,data/raw/pool/pos_rvlcdip_invoice_01224.jpg
data/raw/pool/pos_rvlcdip_invoice_01226.jpg,1,train,data/raw/pool/pos_rvlcdip_invoice_01226.jpg
data/raw/pool/pos_rvlcdip_invoice_01228.jpg,1,train,data/raw/pool/pos_rvlcdip_invoice_01228.jpg
data/raw/pool/pos_rvlcdip_invoice_01229.jpg,1,train,data/raw/pool/pos_rvlcdip_invoice_01229.jpg
data/raw/pool/pos_rvlcdip_invoice_01230.jpg,1,train,data/raw/pool/pos_rvlcdip_invoice_01230.jpg
data/raw/pool/pos_rvlcdip_invoice_01232.jpg,1,train,data/raw/pool/pos_rvlcdip_invoice_01232.jpg
data/raw/pool/pos_rvlcdip_invoice_01233.jpg,1,train,data/raw/pool/pos_rvlcdip_invoice_01233.jpg
data/raw/pool/pos_rvlcdip_invoice_01234.jpg,1,train,data/raw/pool/pos_rvlcdip_invoice_01234.jpg
data/raw/pool/pos_rvlcdip_invoice_01235.jpg,1,train,data/raw/pool/pos_rvlcdip_invoice_01235.jpg
data/raw/pool/pos_rvlcdip_invoice_01237.jpg,1,train,data/raw/pool/pos_rvlcdip_invoice_01237.jpg
data/raw/pool/pos_rvlcdip_invoice_01239.jpg,1,train,data/raw/pool/pos_rvlcdip_invoice_01239.jpg
data/raw/pool/pos_rvlcdip_invoice_01241.jpg,1,train,data/raw/pool/pos_rvlcdip_invoice_01241.jpg
data/raw/pool/pos_rvlcdip_invoice_01242.jpg,1,train,data/raw/pool/pos_rvlcdip_invoice_01242.jpg
data/raw/pool/pos_rvlcdip_invoice_01243.jpg,1,train,data/raw/pool/pos_rvlcdip_invoice_01243.jpg
data/raw/pool/pos_rvlcdip_invoice_01244.jpg,1,train,data/raw/pool/pos_rvlcdip_invoice_01244.jpg
data/raw/pool/pos_rvlcdip_invoice_01245.jpg,1,train,data/raw/pool/pos_rvlcdip_invoice_01245.jpg
data/raw/pool/pos_rvlcdip_invoice_01246.jpg,1,train,data/raw/pool/pos_rvlcdip_invoice_01246.jpg
data/raw/pool/pos_rvlcdip_invoice_01248.jpg,1,train,data/raw/pool/pos_rvlcdip_invoice_01248.jpg
data/raw/pool/pos_rvlcdip_invoice_01249.jpg,1,train,data/raw/pool/pos_rvlcdip_invoice_01249.jpg
data/raw/pool/pos_rvlcdip_invoice_01250.jpg,1,train,data/raw/pool/pos_rvlcdip_invoice_01250.jpg
data/raw/pool/pos_rvlcdip_invoice_01251.jpg,1,train,data/raw/pool/pos_rvlcdip_invoice_01251.jpg
data/raw/pool/pos_rvlcdip_invoice_01252.jpg,1,train,data/raw/pool/pos_rvlcdip_invoice_01252.jpg
data/raw/pool/pos_rvlcdip_invoice_01254.jpg,1,train,data/raw/pool/pos_rvlcdip_invoice_01254.jpg
data/raw/pool/pos_rvlcdip_invoice_01255.jpg,1,train,data/raw/pool/pos_rvlcdip_invoice_01255.jpg
data/raw/pool/pos_rvlcdip_invoice_01256.jpg,1,train,data/raw/pool/pos_rvlcdip_invoice_01256.jpg
data/raw/pool/pos_rvlcdip_invoice_01257.jpg,1,train,data/raw/pool/pos_rvlcdip_invoice_01257.jpg
data/raw/pool/pos_rvlcdip_invoice_01258.jpg,1,train,data/raw/pool/pos_rvlcdip_invoice_01258.jpg
data/raw/pool/pos_rvlcdip_invoice_01259.jpg,1,train,data/raw/pool/pos_rvlcdip_invoice_01259.jpg
data/raw/pool/pos_rvlcdip_invoice_01260.jpg,1,train,data/raw/pool/pos_rvlcdip_invoice_01260.jpg
data/raw/pool/pos_rvlcdip_invoice_01262.jpg,1,train,data/raw/pool/pos_rvlcdip_invoice_01262.jpg
data/raw/pool/pos_rvlcdip_invoice_01263.jpg,1,train,data/raw/pool/pos_rvlcdip_invoice_01263.jpg
data/raw/pool/pos_rvlcdip_invoice_01265.jpg,1,train,data/raw/pool/pos_rvlcdip_invoice_01265.jpg
data/raw/pool/pos_rvlcdip_invoice_01266.jpg,1,train,data/raw/pool/pos_rvlcdip_invoice_01266.jpg
data/raw/pool/pos_rvlcdip_invoice_01267.jpg,1,train,data/raw/pool/pos_rvlcdip_invoice_01267.jpg
data/raw/pool/pos_rvlcdip_invoice_01268.jpg,1,train,data/raw/pool/pos_rvlcdip_invoice_01268.jpg
data/raw/pool/pos_rvlcdip_invoice_01269.jpg,1,train,data/raw/pool/pos_rvlcdip_invoice_01269.jpg
data/raw/pool/pos_rvlcdip_invoice_01270.jpg,1,train,data/raw/pool/pos_rvlcdip_invoice_01270.jpg
data/raw/pool/pos_rvlcdip_invoice_01271.jpg,1,train,data/raw/pool/pos_rvlcdip_invoice_01271.jpg
data/raw/pool/pos_rvlcdip_invoice_01272.jpg,1,train,data/raw/pool/pos_rvlcdip_invoice_01272.jpg
data/raw/pool/pos_rvlcdip_invoice_01273.jpg,1,train,data/raw/pool/pos_rvlcdip_invoice_01273.jpg
data/raw/pool/pos_rvlcdip_invoice_01275.jpg,1,train,data/raw/pool/pos_rvlcdip_invoice_01275.jpg
data/raw/pool/pos_rvlcdip_invoice_01277.jpg,1,train,data/raw/pool/pos_rvlcdip_invoice_01277.jpg
data/raw/pool/pos_rvlcdip_invoice_01278.jpg,1,train,data/raw/pool/pos_rvlcdip_invoice_01278.jpg
data/raw/pool/pos_rvlcdip_invoice_01280.jpg,1,train,data/raw/pool/pos_rvlcdip_invoice_01280.jpg
data/raw/pool/pos_rvlcdip_invoice_01281.jpg,1,train,data/raw/pool/pos_rvlcdip_invoice_01281.jpg
data/raw/pool/pos_rvlcdip_invoice_01282.jpg,1,train,data/raw/pool/pos_rvlcdip_invoice_01282.jpg
data/raw/pool/pos_rvlcdip_invoice_01283.jpg,1,train,data/raw/pool/pos_rvlcdip_invoice_01283.jpg
data/raw/pool/pos_rvlcdip_invoice_01284.jpg,1,train,data/raw/pool/pos_rvlcdip_invoice_01284.jpg
data/raw/pool/pos_rvlcdip_invoice_01285.jpg,1,train,data/raw/pool/pos_rvlcdip_invoice_01285.jpg
data/raw/pool/pos_rvlcdip_invoice_01286.jpg,1,train,data/raw/pool/pos_rvlcdip_invoice_01286.jpg
data/raw/pool/pos_rvlcdip_invoice_01287.jpg,1,train,data/raw/pool/pos_rvlcdip_invoice_01287.jpg
data/raw/pool/pos_rvlcdip_invoice_01288.jpg,1,train,data/raw/pool/pos_rvlcdip_invoice_01288.jpg
data/raw/pool/pos_rvlcdip_invoice_01289.jpg,1,train,data/raw/pool/pos_rvlcdip_invoice_01289.jpg
data/raw/pool/pos_rvlcdip_invoice_01290.jpg,1,train,data/raw/pool/pos_rvlcdip_invoice_01290.jpg
data/raw/pool/pos_rvlcdip_invoice_01291.jpg,1,train,data/raw/pool/pos_rvlcdip_invoice_01291.jpg
data/raw/pool/pos_rvlcdip_invoice_01292.jpg,1,train,data/raw/pool/pos_rvlcdip_invoice_01292.jpg
data/raw/pool/pos_rvlcdip_invoice_01294.jpg,1,train,data/raw/pool/pos_rvlcdip_invoice_01294.jpg
data/raw/pool/pos_rvlcdip_invoice_01295.jpg,1,train,data/raw/pool/pos_rvlcdip_invoice_01295.jpg
data/raw/pool/pos_rvlcdip_invoice_01296.jpg,1,train,data/raw/pool/pos_rvlcdip_invoice_01296.jpg
data/raw/pool/pos_rvlcdip_invoice_01297.jpg,1,train,data/raw/pool/pos_rvlcdip_invoice_01297.jpg
data/raw/pool/pos_rvlcdip_invoice_01298.jpg,1,train,data/raw/pool/pos_rvlcdip_invoice_01298.jpg
data/raw/pool/pos_rvlcdip_invoice_01299.jpg,1,train,data/raw/pool/pos_rvlcdip_invoice_01299.jpg
data/raw/pool/pos_rvlcdip_invoice_01300.jpg,1,train,data/raw/pool/pos_rvlcdip_invoice_01300.jpg
data/raw/pool/pos_rvlcdip_invoice_01302.jpg,1,train,data/raw/pool/pos_rvlcdip_invoice_01302.jpg
data/raw/pool/pos_rvlcdip_invoice_01303.jpg,1,train,data/raw/pool/pos_rvlcdip_invoice_01303.jpg
data/raw/pool/pos_rvlcdip_invoice_01305.jpg,1,train,data/raw/pool/pos_rvlcdip_invoice_01305.jpg
data/raw/pool/pos_rvlcdip_invoice_01306.jpg,1,train,data/raw/pool/pos_rvlcdip_invoice_01306.jpg
data/raw/pool/pos_rvlcdip_invoice_01307.jpg,1,train,data/raw/pool/pos_rvlcdip_invoice_01307.jpg
data/raw/pool/pos_rvlcdip_invoice_01308.jpg,1,train,data/raw/pool/pos_rvlcdip_invoice_01308.jpg
data/raw/pool/pos_rvlcdip_invoice_01311.jpg,1,train,data/raw/pool/pos_rvlcdip_invoice_01311.jpg
data/raw/pool/pos_rvlcdip_invoice_01312.jpg,1,train,data/raw/pool/pos_rvlcdip_invoice_01312.jpg
data/raw/pool/pos_rvlcdip_invoice_01313.jpg,1,train,data/raw/pool/pos_rvlcdip_invoice_01313.jpg
data/raw/pool/pos_rvlcdip_invoice_01314.jpg,1,train,data/raw/pool/pos_rvlcdip_invoice_01314.jpg
data/raw/pool/pos_rvlcdip_invoice_01315.jpg,1,train,data/raw/pool/pos_rvlcdip_invoice_01315.jpg
data/raw/pool/pos_rvlcdip_invoice_01316.jpg,1,train,data/raw/pool/pos_rvlcdip_invoice_01316.jpg
data/raw/pool/pos_rvlcdip_invoice_01317.jpg,1,train,data/raw/pool/pos_rvlcdip_invoice_01317.jpg
data/raw/pool/pos_rvlcdip_invoice_01318.jpg,1,train,data/raw/pool/pos_rvlcdip_invoice_01318.jpg
data/raw/pool/pos_rvlcdip_invoice_01319.jpg,1,train,data/raw/pool/pos_rvlcdip_invoice_01319.jpg
data/raw/pool/pos_rvlcdip_invoice_01320.jpg,1,train,data/raw/pool/pos_rvlcdip_invoice_01320.jpg
data/raw/pool/pos_rvlcdip_invoice_01321.jpg,1,train,data/raw/pool/pos_rvlcdip_invoice_01321.jpg
data/raw/pool/pos_rvlcdip_invoice_01322.jpg,1,train,data/raw/pool/pos_rvlcdip_invoice_01322.jpg
data/raw/pool/pos_rvlcdip_invoice_01323.jpg,1,train,data/raw/pool/pos_rvlcdip_invoice_01323.jpg
data/raw/pool/pos_rvlcdip_invoice_01324.jpg,1,train,data/raw/pool/pos_rvlcdip_invoice_01324.jpg
data/raw/pool/pos_rvlcdip_invoice_01325.jpg,1,train,data/raw/pool/pos_rvlcdip_invoice_01325.jpg
data/raw/pool/pos_rvlcdip_invoice_01326.jpg,1,train,data/raw/pool/pos_rvlcdip_invoice_01326.jpg
data/raw/pool/pos_rvlcdip_invoice_01327.jpg,1,train,data/raw/pool/pos_rvlcdip_invoice_01327.jpg
data/raw/pool/pos_rvlcdip_invoice_01328.jpg,1,train,data/raw/pool/pos_rvlcdip_invoice_01328.jpg
data/raw/pool/pos_rvlcdip_invoice_01329.jpg,1,train,data/raw/pool/pos_rvlcdip_invoice_01329.jpg
data/raw/pool/pos_rvlcdip_invoice_01330.jpg,1,train,data/raw/pool/pos_rvlcdip_invoice_01330.jpg
data/raw/pool/pos_rvlcdip_invoice_01331.jpg,1,train,data/raw/pool/pos_rvlcdip_invoice_01331.jpg
data/raw/pool/pos_rvlcdip_invoice_01332.jpg,1,train,data/raw/pool/pos_rvlcdip_invoice_01332.jpg
data/raw/pool/pos_rvlcdip_invoice_01333.jpg,1,train,data/raw/pool/pos_rvlcdip_invoice_01333.jpg
data/raw/pool/pos_rvlcdip_invoice_01334.jpg,1,train,data/raw/pool/pos_rvlcdip_invoice_01334.jpg
data/raw/pool/pos_rvlcdip_invoice_01335.jpg,1,train,data/raw/pool/pos_rvlcdip_invoice_01335.jpg
data/raw/pool/pos_rvlcdip_invoice_01338.jpg,1,train,data/raw/pool/pos_rvlcdip_invoice_01338.jpg
data/raw/pool/pos_rvlcdip_invoice_01339.jpg,1,train,data/raw/pool/pos_rvlcdip_invoice_01339.jpg
data/raw/pool/pos_rvlcdip_invoice_01340.jpg,1,train,data/raw/pool/pos_rvlcdip_invoice_01340.jpg
data/raw/pool/pos_rvlcdip_invoice_01341.jpg,1,train,data/raw/pool/pos_rvlcdip_invoice_01341.jpg
data/raw/pool/pos_rvlcdip_invoice_01342.jpg,1,train,data/raw/pool/pos_rvlcdip_invoice_01342.jpg
data/raw/pool/pos_rvlcdip_invoice_01343.jpg,1,train,data/raw/pool/pos_rvlcdip_invoice_01343.jpg
data/raw/pool/pos_rvlcdip_invoice_01344.jpg,1,train,data/raw/pool/pos_rvlcdip_invoice_01344.jpg
data/raw/pool/pos_rvlcdip_invoice_01345.jpg,1,train,data/raw/pool/pos_rvlcdip_invoice_01345.jpg
data/raw/pool/pos_rvlcdip_invoice_01347.jpg,1,train,data/raw/pool/pos_rvlcdip_invoice_01347.jpg
data/raw/pool/pos_rvlcdip_invoice_01348.jpg,1,train,data/raw/pool/pos_rvlcdip_invoice_01348.jpg
data/raw/pool/pos_rvlcdip_invoice_01349.jpg,1,train,data/raw/pool/pos_rvlcdip_invoice_01349.jpg
data/raw/pool/pos_rvlcdip_invoice_01350.jpg,1,train,data/raw/pool/pos_rvlcdip_invoice_01350.jpg
data/raw/pool/pos_rvlcdip_invoice_01351.jpg,1,train,data/raw/pool/pos_rvlcdip_invoice_01351.jpg
data/raw/pool/pos_rvlcdip_invoice_01352.jpg,1,train,data/raw/pool/pos_rvlcdip_invoice_01352.jpg
data/raw/pool/pos_rvlcdip_invoice_01356.jpg,1,train,data/raw/pool/pos_rvlcdip_invoice_01356.jpg
data/raw/pool/pos_rvlcdip_invoice_01358.jpg,1,train,data/raw/pool/pos_rvlcdip_invoice_01358.jpg
data/raw/pool/pos_rvlcdip_invoice_01359.jpg,1,train,data/raw/pool/pos_rvlcdip_invoice_01359.jpg
data/raw/pool/pos_rvlcdip_invoice_01361.jpg,1,train,data/raw/pool/pos_rvlcdip_invoice_01361.jpg
data/raw/pool/pos_rvlcdip_invoice_01362.jpg,1,train,data/raw/pool/pos_rvlcdip_invoice_01362.jpg
data/raw/pool/pos_rvlcdip_invoice_01363.jpg,1,train,data/raw/pool/pos_rvlcdip_invoice_01363.jpg
data/raw/pool/pos_rvlcdip_invoice_01365.jpg,1,train,data/raw/pool/pos_rvlcdip_invoice_01365.jpg
data/raw/pool/pos_rvlcdip_invoice_01366.jpg,1,train,data/raw/pool/pos_rvlcdip_invoice_01366.jpg
data/raw/pool/pos_rvlcdip_invoice_01367.jpg,1,train,data/raw/pool/pos_rvlcdip_invoice_01367.jpg
data/raw/pool/pos_rvlcdip_invoice_01369.jpg,1,train,data/raw/pool/pos_rvlcdip_invoice_01369.jpg
data/raw/pool/pos_rvlcdip_invoice_01370.jpg,1,train,data/raw/pool/pos_rvlcdip_invoice_01370.jpg
data/raw/pool/pos_rvlcdip_invoice_01371.jpg,1,train,data/raw/pool/pos_rvlcdip_invoice_01371.jpg
data/raw/pool/pos_rvlcdip_invoice_01372.jpg,1,train,data/raw/pool/pos_rvlcdip_invoice_01372.jpg
data/raw/pool/pos_rvlcdip_invoice_01373.jpg,1,train,data/raw/pool/pos_rvlcdip_invoice_01373.jpg
data/raw/pool/pos_rvlcdip_invoice_01374.jpg,1,train,data/raw/pool/pos_rvlcdip_invoice_01374.jpg
data/raw/pool/pos_rvlcdip_invoice_01375.jpg,1,train,data/raw/pool/pos_rvlcdip_invoice_01375.jpg
data/raw/pool/pos_rvlcdip_invoice_01377.jpg,1,train,data/raw/pool/pos_rvlcdip_invoice_01377.jpg
data/raw/pool/pos_rvlcdip_invoice_01378.jpg,1,train,data/raw/pool/pos_rvlcdip_invoice_01378.jpg
data/raw/pool/pos_rvlcdip_invoice_01380.jpg,1,train,data/raw/pool/pos_rvlcdip_invoice_01380.jpg
data/raw/pool/pos_rvlcdip_invoice_01381.jpg,1,train,data/raw/pool/pos_rvlcdip_invoice_01381.jpg
data/raw/pool/pos_rvlcdip_invoice_01383.jpg,1,train,data/raw/pool/pos_rvlcdip_invoice_01383.jpg
data/raw/pool/pos_rvlcdip_invoice_01384.jpg,1,train,data/raw/pool/pos_rvlcdip_invoice_01384.jpg
data/raw/pool/pos_rvlcdip_invoice_01385.jpg,1,train,data/raw/pool/pos_rvlcdip_invoice_01385.jpg
data/raw/pool/pos_rvlcdip_invoice_01386.jpg,1,train,data/raw/pool/pos_rvlcdip_invoice_01386.jpg
data/raw/pool/pos_rvlcdip_invoice_01387.jpg,1,train,data/raw/pool/pos_rvlcdip_invoice_01387.jpg
data/raw/pool/pos_rvlcdip_invoice_01389.jpg,1,train,data/raw/pool/pos_rvlcdip_invoice_01389.jpg
data/raw/pool/pos_rvlcdip_invoice_01390.jpg,1,train,data/raw/pool/pos_rvlcdip_invoice_01390.jpg
data/raw/pool/pos_rvlcdip_invoice_01391.jpg,1,train,data/raw/pool/pos_rvlcdip_invoice_01391.jpg
data/raw/pool/pos_rvlcdip_invoice_01392.jpg,1,train,data/raw/pool/pos_rvlcdip_invoice_01392.jpg
data/raw/pool/pos_rvlcdip_invoice_01393.jpg,1,train,data/raw/pool/pos_rvlcdip_invoice_01393.jpg
data/raw/pool/pos_rvlcdip_invoice_01396.jpg,1,train,data/raw/pool/pos_rvlcdip_invoice_01396.jpg
data/raw/pool/pos_rvlcdip_invoice_01398.jpg,1,train,data/raw/pool/pos_rvlcdip_invoice_01398.jpg
data/raw/pool/pos_rvlcdip_invoice_01399.jpg,1,train,data/raw/pool/pos_rvlcdip_invoice_01399.jpg
data/raw/pool/pos_rvlcdip_invoice_01401.jpg,1,train,data/raw/pool/pos_rvlcdip_invoice_01401.jpg
data/raw/pool/pos_rvlcdip_invoice_01402.jpg,1,train,data/raw/pool/pos_rvlcdip_invoice_01402.jpg
data/raw/pool/pos_rvlcdip_invoice_01404.jpg,1,train,data/raw/pool/pos_rvlcdip_invoice_01404.jpg
data/raw/pool/pos_rvlcdip_invoice_01405.jpg,1,train,data/raw/pool/pos_rvlcdip_invoice_01405.jpg
data/raw/pool/pos_rvlcdip_invoice_01406.jpg,1,train,data/raw/pool/pos_rvlcdip_invoice_01406.jpg
data/raw/pool/pos_rvlcdip_invoice_01407.jpg,1,train,data/raw/pool/pos_rvlcdip_invoice_01407.jpg
data/raw/pool/pos_rvlcdip_invoice_01408.jpg,1,train,data/raw/pool/pos_rvlcdip_invoice_01408.jpg
data/raw/pool/pos_rvlcdip_invoice_01411.jpg,1,train,data/raw/pool/pos_rvlcdip_invoice_01411.jpg
data/raw/pool/pos_rvlcdip_invoice_01412.jpg,1,train,data/raw/pool/pos_rvlcdip_invoice_01412.jpg
data/raw/pool/pos_rvlcdip_invoice_01414.jpg,1,train,data/raw/pool/pos_rvlcdip_invoice_01414.jpg
data/raw/pool/pos_rvlcdip_invoice_01415.jpg,1,train,data/raw/pool/pos_rvlcdip_invoice_01415.jpg
data/raw/pool/pos_rvlcdip_invoice_01416.jpg,1,train,data/raw/pool/pos_rvlcdip_invoice_01416.jpg
data/raw/pool/pos_rvlcdip_invoice_01417.jpg,1,train,data/raw/pool/pos_rvlcdip_invoice_01417.jpg
data/raw/pool/pos_rvlcdip_invoice_01418.jpg,1,train,data/raw/pool/pos_rvlcdip_invoice_01418.jpg
data/raw/pool/pos_rvlcdip_invoice_01419.jpg,1,train,data/raw/pool/pos_rvlcdip_invoice_01419.jpg
data/raw/pool/pos_rvlcdip_invoice_01420.jpg,1,train,data/raw/pool/pos_rvlcdip_invoice_01420.jpg
data/raw/pool/pos_rvlcdip_invoice_01421.jpg,1,train,data/raw/pool/pos_rvlcdip_invoice_01421.jpg
data/raw/pool/pos_rvlcdip_invoice_01422.jpg,1,train,data/raw/pool/pos_rvlcdip_invoice_01422.jpg
data/raw/pool/pos_rvlcdip_invoice_01423.jpg,1,train,data/raw/pool/pos_rvlcdip_invoice_01423.jpg
data/raw/pool/pos_rvlcdip_invoice_01424.jpg,1,train,data/raw/pool/pos_rvlcdip_invoice_01424.jpg
data/raw/pool/pos_rvlcdip_invoice_01425.jpg,1,train,data/raw/pool/pos_rvlcdip_invoice_01425.jpg
data/raw/pool/pos_rvlcdip_invoice_01427.jpg,1,train,data/raw/pool/pos_rvlcdip_invoice_01427.jpg
data/raw/pool/pos_rvlcdip_invoice_01428.jpg,1,train,data/raw/pool/pos_rvlcdip_invoice_01428.jpg
data/raw/pool/pos_rvlcdip_invoice_01429.jpg,1,train,data/raw/pool/pos_rvlcdip_invoice_01429.jpg
data/raw/pool/pos_rvlcdip_invoice_01430.jpg,1,train,data/raw/pool/pos_rvlcdip_invoice_01430.jpg
data/raw/pool/pos_rvlcdip_invoice_01431.jpg,1,train,data/raw/pool/pos_rvlcdip_invoice_01431.jpg
data/raw/pool/pos_rvlcdip_invoice_01433.jpg,1,train,data/raw/pool/pos_rvlcdip_invoice_01433.jpg
data/raw/pool/pos_rvlcdip_invoice_01434.jpg,1,train,data/raw/pool/pos_rvlcdip_invoice_01434.jpg
data/raw/pool/pos_rvlcdip_invoice_01435.jpg,1,train,data/raw/pool/pos_rvlcdip_invoice_01435.jpg
data/raw/pool/pos_rvlcdip_invoice_01437.jpg,1,train,data/raw/pool/pos_rvlcdip_invoice_01437.jpg
data/raw/pool/pos_rvlcdip_invoice_01438.jpg,1,train,data/raw/pool/pos_rvlcdip_invoice_01438.jpg
data/raw/pool/pos_rvlcdip_invoice_01439.jpg,1,train,data/raw/pool/pos_rvlcdip_invoice_01439.jpg
data/raw/pool/pos_rvlcdip_invoice_01440.jpg,1,train,data/raw/pool/pos_rvlcdip_invoice_01440.jpg
data/raw/pool/pos_rvlcdip_invoice_01441.jpg,1,train,data/raw/pool/pos_rvlcdip_invoice_01441.jpg
data/raw/pool/pos_rvlcdip_invoice_01442.jpg,1,train,data/raw/pool/pos_rvlcdip_invoice_01442.jpg
data/raw/pool/pos_rvlcdip_invoice_01443.jpg,1,train,data/raw/pool/pos_rvlcdip_invoice_01443.jpg
data/raw/pool/pos_rvlcdip_invoice_01444.jpg,1,train,data/raw/pool/pos_rvlcdip_invoice_01444.jpg
data/raw/pool/pos_rvlcdip_invoice_01445.jpg,1,train,data/raw/pool/pos_rvlcdip_invoice_01445.jpg
data/raw/pool/pos_rvlcdip_invoice_01447.jpg,1,train,data/raw/pool/pos_rvlcdip_invoice_01447.jpg
data/raw/pool/pos_rvlcdip_invoice_01448.jpg,1,train,data/raw/pool/pos_rvlcdip_invoice_01448.jpg
data/raw/pool/pos_rvlcdip_invoice_01449.jpg,1,train,data/raw/pool/pos_rvlcdip_invoice_01449.jpg
data/raw/pool/pos_rvlcdip_invoice_01450.jpg,1,train,data/raw/pool/pos_rvlcdip_invoice_01450.jpg
data/raw/pool/pos_rvlcdip_invoice_01451.jpg,1,train,data/raw/pool/pos_rvlcdip_invoice_01451.jpg
data/raw/pool/pos_rvlcdip_invoice_01452.jpg,1,train,data/raw/pool/pos_rvlcdip_invoice_01452.jpg
data/raw/pool/pos_rvlcdip_invoice_01453.jpg,1,train,data/raw/pool/pos_rvlcdip_invoice_01453.jpg
data/raw/pool/pos_rvlcdip_invoice_01454.jpg,1,train,data/raw/pool/pos_rvlcdip_invoice_01454.jpg
data/raw/pool/pos_rvlcdip_invoice_01455.jpg,1,train,data/raw/pool/pos_rvlcdip_invoice_01455.jpg
data/raw/pool/pos_rvlcdip_invoice_01457.jpg,1,train,data/raw/pool/pos_rvlcdip_invoice_01457.jpg
data/raw/pool/pos_rvlcdip_invoice_01458.jpg,1,train,data/raw/pool/pos_rvlcdip_invoice_01458.jpg
data/raw/pool/pos_rvlcdip_invoice_01459.jpg,1,train,data/raw/pool/pos_rvlcdip_invoice_01459.jpg
data/raw/pool/pos_rvlcdip_invoice_01460.jpg,1,train,data/raw/pool/pos_rvlcdip_invoice_01460.jpg
data/raw/pool/pos_rvlcdip_invoice_01464.jpg,1,train,data/raw/pool/pos_rvlcdip_invoice_01464.jpg
data/raw/pool/pos_rvlcdip_invoice_01465.jpg,1,train,data/raw/pool/pos_rvlcdip_invoice_01465.jpg
data/raw/pool/pos_rvlcdip_invoice_01466.jpg,1,train,data/raw/pool/pos_rvlcdip_invoice_01466.jpg
data/raw/pool/pos_rvlcdip_invoice_01467.jpg,1,train,data/raw/pool/pos_rvlcdip_invoice_01467.jpg
data/raw/pool/pos_rvlcdip_invoice_01468.jpg,1,train,data/raw/pool/pos_rvlcdip_invoice_01468.jpg
data/raw/pool/pos_rvlcdip_invoice_01469.jpg,1,train,data/raw/pool/pos_rvlcdip_invoice_01469.jpg
data/raw/pool/pos_rvlcdip_invoice_01470.jpg,1,train,data/raw/pool/pos_rvlcdip_invoice_01470.jpg
data/raw/pool/pos_rvlcdip_invoice_01471.jpg,1,train,data/raw/pool/pos_rvlcdip_invoice_01471.jpg
data/raw/pool/pos_rvlcdip_invoice_01473.jpg,1,train,data/raw/pool/pos_rvlcdip_invoice_01473.jpg
data/raw/pool/pos_rvlcdip_invoice_01474.jpg,1,train,data/raw/pool/pos_rvlcdip_invoice_01474.jpg
data/raw/pool/pos_rvlcdip_invoice_01476.jpg,1,train,data/raw/pool/pos_rvlcdip_invoice_01476.jpg
data/raw/pool/pos_rvlcdip_invoice_01477.jpg,1,train,data/raw/pool/pos_rvlcdip_invoice_01477.jpg
data/raw/pool/pos_rvlcdip_invoice_01478.jpg,1,train,data/raw/pool/pos_rvlcdip_invoice_01478.jpg
data/raw/pool/pos_rvlcdip_invoice_01479.jpg,1,train,data/raw/pool/pos_rvlcdip_invoice_01479.jpg
data/raw/pool/pos_rvlcdip_invoice_01480.jpg,1,train,data/raw/pool/pos_rvlcdip_invoice_01480.jpg
data/raw/pool/pos_rvlcdip_invoice_01481.jpg,1,train,data/raw/pool/pos_rvlcdip_invoice_01481.jpg
data/raw/pool/pos_rvlcdip_invoice_01482.jpg,1,train,data/raw/pool/pos_rvlcdip_invoice_01482.jpg
data/raw/pool/pos_rvlcdip_invoice_01483.jpg,1,train,data/raw/pool/pos_rvlcdip_invoice_01483.jpg
data/raw/pool/pos_rvlcdip_invoice_01484.jpg,1,train,data/raw/pool/pos_rvlcdip_invoice_01484.jpg
data/raw/pool/pos_rvlcdip_invoice_01485.jpg,1,train,data/raw/pool/pos_rvlcdip_invoice_01485.jpg
data/raw/pool/pos_rvlcdip_invoice_01487.jpg,1,train,data/raw/pool/pos_rvlcdip_invoice_01487.jpg
data/raw/pool/pos_rvlcdip_invoice_01491.jpg,1,train,data/raw/pool/pos_rvlcdip_invoice_01491.jpg
data/raw/pool/pos_rvlcdip_invoice_01492.jpg,1,train,data/raw/pool/pos_rvlcdip_invoice_01492.jpg
data/raw/pool/pos_rvlcdip_invoice_01493.jpg,1,train,data/raw/pool/pos_rvlcdip_invoice_01493.jpg
data/raw/pool/pos_rvlcdip_invoice_01494.jpg,1,train,data/raw/pool/pos_rvlcdip_invoice_01494.jpg
data/raw/pool/pos_rvlcdip_invoice_01497.jpg,1,train,data/raw/pool/pos_rvlcdip_invoice_01497.jpg
data/raw/pool/pos_rvlcdip_invoice_01498.jpg,1,train,data/raw/pool/pos_rvlcdip_invoice_01498.jpg
data/raw/pool/pos_rvlcdip_invoice_01500.jpg,1,train,data/raw/pool/pos_rvlcdip_invoice_01500.jpg
data/raw/pool/pos_rvlcdip_invoice_01501.jpg,1,train,data/raw/pool/pos_rvlcdip_invoice_01501.jpg
data/raw/pool/pos_rvlcdip_invoice_01502.jpg,1,train,data/raw/pool/pos_rvlcdip_invoice_01502.jpg
data/raw/pool/pos_rvlcdip_invoice_01503.jpg,1,train,data/raw/pool/pos_rvlcdip_invoice_01503.jpg
data/raw/pool/pos_rvlcdip_invoice_01505.jpg,1,train,data/raw/pool/pos_rvlcdip_invoice_01505.jpg
data/raw/pool/pos_rvlcdip_invoice_01507.jpg,1,train,data/raw/pool/pos_rvlcdip_invoice_01507.jpg
data/raw/pool/pos_rvlcdip_invoice_01508.jpg,1,train,data/raw/pool/pos_rvlcdip_invoice_01508.jpg
data/raw/pool/pos_rvlcdip_invoice_01509.jpg,1,train,data/raw/pool/pos_rvlcdip_invoice_01509.jpg
data/raw/pool/pos_rvlcdip_invoice_01510.jpg,1,train,data/raw/pool/pos_rvlcdip_invoice_01510.jpg
data/raw/pool/pos_rvlcdip_invoice_01511.jpg,1,train,data/raw/pool/pos_rvlcdip_invoice_01511.jpg
data/raw/pool/pos_rvlcdip_invoice_01513.jpg,1,train,data/raw/pool/pos_rvlcdip_invoice_01513.jpg
data/raw/pool/pos_rvlcdip_invoice_01514.jpg,1,train,data/raw/pool/pos_rvlcdip_invoice_01514.jpg
data/raw/pool/pos_rvlcdip_invoice_01515.jpg,1,train,data/raw/pool/pos_rvlcdip_invoice_01515.jpg
data/raw/pool/pos_rvlcdip_invoice_01517.jpg,1,train,data/raw/pool/pos_rvlcdip_invoice_01517.jpg
data/raw/pool/pos_rvlcdip_invoice_01518.jpg,1,train,data/raw/pool/pos_rvlcdip_invoice_01518.jpg
data/raw/pool/pos_rvlcdip_invoice_01520.jpg,1,train,data/raw/pool/pos_rvlcdip_invoice_01520.jpg
data/raw/pool/pos_rvlcdip_invoice_01521.jpg,1,train,data/raw/pool/pos_rvlcdip_invoice_01521.jpg
data/raw/pool/pos_rvlcdip_invoice_01522.jpg,1,train,data/raw/pool/pos_rvlcdip_invoice_01522.jpg
data/raw/pool/pos_rvlcdip_invoice_01524.jpg,1,train,data/raw/pool/pos_rvlcdip_invoice_01524.jpg
data/raw/pool/pos_rvlcdip_invoice_01525.jpg,1,train,data/raw/pool/pos_rvlcdip_invoice_01525.jpg
data/raw/pool/pos_rvlcdip_invoice_01526.jpg,1,train,data/raw/pool/pos_rvlcdip_invoice_01526.jpg
data/raw/pool/pos_rvlcdip_invoice_01527.jpg,1,train,data/raw/pool/pos_rvlcdip_invoice_01527.jpg
data/raw/pool/pos_rvlcdip_invoice_01529.jpg,1,train,data/raw/pool/pos_rvlcdip_invoice_01529.jpg
data/raw/pool/pos_rvlcdip_invoice_01530.jpg,1,train,data/raw/pool/pos_rvlcdip_invoice_01530.jpg
data/raw/pool/pos_rvlcdip_invoice_01531.jpg,1,train,data/raw/pool/pos_rvlcdip_invoice_01531.jpg
data/raw/pool/pos_rvlcdip_invoice_01533.jpg,1,train,data/raw/pool/pos_rvlcdip_invoice_01533.jpg
data/raw/pool/pos_rvlcdip_invoice_01534.jpg,1,train,data/raw/pool/pos_rvlcdip_invoice_01534.jpg
data/raw/pool/pos_rvlcdip_invoice_01535.jpg,1,train,data/raw/pool/pos_rvlcdip_invoice_01535.jpg
data/raw/pool/pos_rvlcdip_invoice_01537.jpg,1,train,data/raw/pool/pos_rvlcdip_invoice_01537.jpg
data/raw/pool/pos_rvlcdip_invoice_01538.jpg,1,train,data/raw/pool/pos_rvlcdip_invoice_01538.jpg
data/raw/pool/pos_rvlcdip_invoice_01539.jpg,1,train,data/raw/pool/pos_rvlcdip_invoice_01539.jpg
data/raw/pool/pos_rvlcdip_invoice_01540.jpg,1,train,data/raw/pool/pos_rvlcdip_invoice_01540.jpg
data/raw/pool/pos_rvlcdip_invoice_01541.jpg,1,train,data/raw/pool/pos_rvlcdip_invoice_01541.jpg
data/raw/pool/pos_rvlcdip_invoice_01542.jpg,1,train,data/raw/pool/pos_rvlcdip_invoice_01542.jpg
data/raw/pool/pos_rvlcdip_invoice_01543.jpg,1,train,data/raw/pool/pos_rvlcdip_invoice_01543.jpg
data/raw/pool/pos_rvlcdip_invoice_01544.jpg,1,train,data/raw/pool/pos_rvlcdip_invoice_01544.jpg
data/raw/pool/pos_rvlcdip_invoice_01545.jpg,1,train,data/raw/pool/pos_rvlcdip_invoice_01545.jpg
data/raw/pool/pos_rvlcdip_invoice_01547.jpg,1,train,data/raw/pool/pos_rvlcdip_invoice_01547.jpg
data/raw/pool/pos_rvlcdip_invoice_01548.jpg,1,train,data/raw/pool/pos_rvlcdip_invoice_01548.jpg
data/raw/pool/pos_rvlcdip_invoice_01549.jpg,1,train,data/raw/pool/pos_rvlcdip_invoice_01549.jpg
data/raw/pool/pos_rvlcdip_invoice_01550.jpg,1,train,data/raw/pool/pos_rvlcdip_invoice_01550.jpg
data/raw/pool/pos_rvlcdip_invoice_01553.jpg,1,train,data/raw/pool/pos_rvlcdip_invoice_01553.jpg
data/raw/pool/pos_rvlcdip_invoice_01554.jpg,1,train,data/raw/pool/pos_rvlcdip_invoice_01554.jpg
data/raw/pool/pos_rvlcdip_invoice_01555.jpg,1,train,data/raw/pool/pos_rvlcdip_invoice_01555.jpg
data/raw/pool/pos_rvlcdip_invoice_01556.jpg,1,train,data/raw/pool/pos_rvlcdip_invoice_01556.jpg
data/raw/pool/pos_rvlcdip_invoice_01557.jpg,1,train,data/raw/pool/pos_rvlcdip_invoice_01557.jpg
data/raw/pool/pos_rvlcdip_invoice_01558.jpg,1,train,data/raw/pool/pos_rvlcdip_invoice_01558.jpg
data/raw/pool/pos_rvlcdip_invoice_01559.jpg,1,train,data/raw/pool/pos_rvlcdip_invoice_01559.jpg
data/raw/pool/pos_rvlcdip_invoice_01560.jpg,1,train,data/raw/pool/pos_rvlcdip_invoice_01560.jpg
data/raw/pool/pos_rvlcdip_invoice_01561.jpg,1,train,data/raw/pool/pos_rvlcdip_invoice_01561.jpg
data/raw/pool/pos_rvlcdip_invoice_01563.jpg,1,train,data/raw/pool/pos_rvlcdip_invoice_01563.jpg
data/raw/pool/pos_rvlcdip_invoice_01565.jpg,1,train,data/raw/pool/pos_rvlcdip_invoice_01565.jpg
data/raw/pool/pos_rvlcdip_invoice_01566.jpg,1,train,data/raw/pool/pos_rvlcdip_invoice_01566.jpg
data/raw/pool/pos_rvlcdip_invoice_01567.jpg,1,train,data/raw/pool/pos_rvlcdip_invoice_01567.jpg
data/raw/pool/pos_rvlcdip_invoice_01568.jpg,1,train,data/raw/pool/pos_rvlcdip_invoice_01568.jpg
data/raw/pool/pos_rvlcdip_invoice_01569.jpg,1,train,data/raw/pool/pos_rvlcdip_invoice_01569.jpg
data/raw/pool/pos_rvlcdip_invoice_01570.jpg,1,train,data/raw/pool/pos_rvlcdip_invoice_01570.jpg
data/raw/pool/pos_rvlcdip_invoice_01574.jpg,1,train,data/raw/pool/pos_rvlcdip_invoice_01574.jpg
data/raw/pool/pos_rvlcdip_invoice_01576.jpg,1,train,data/raw/pool/pos_rvlcdip_invoice_01576.jpg
data/raw/pool/pos_rvlcdip_invoice_01577.jpg,1,train,data/raw/pool/pos_rvlcdip_invoice_01577.jpg
data/raw/pool/pos_rvlcdip_invoice_01578.jpg,1,train,data/raw/pool/pos_rvlcdip_invoice_01578.jpg
data/raw/pool/pos_rvlcdip_invoice_01579.jpg,1,train,data/raw/pool/pos_rvlcdip_invoice_01579.jpg
data/raw/pool/pos_rvlcdip_invoice_01580.jpg,1,train,data/raw/pool/pos_rvlcdip_invoice_01580.jpg
data/raw/pool/pos_rvlcdip_invoice_01581.jpg,1,train,data/raw/pool/pos_rvlcdip_invoice_01581.jpg
data/raw/pool/pos_rvlcdip_invoice_01582.jpg,1,train,data/raw/pool/pos_rvlcdip_invoice_01582.jpg
data/raw/pool/pos_rvlcdip_invoice_01583.jpg,1,train,data/raw/pool/pos_rvlcdip_invoice_01583.jpg
data/raw/pool/pos_rvlcdip_invoice_01585.jpg,1,train,data/raw/pool/pos_rvlcdip_invoice_01585.jpg
data/raw/pool/pos_rvlcdip_invoice_01586.jpg,1,train,data/raw/pool/pos_rvlcdip_invoice_01586.jpg
data/raw/pool/pos_rvlcdip_invoice_01587.jpg,1,train,data/raw/pool/pos_rvlcdip_invoice_01587.jpg
data/raw/pool/pos_rvlcdip_invoice_01588.jpg,1,train,data/raw/pool/pos_rvlcdip_invoice_01588.jpg
data/raw/pool/pos_rvlcdip_invoice_01589.jpg,1,train,data/raw/pool/pos_rvlcdip_invoice_01589.jpg
data/raw/pool/pos_rvlcdip_invoice_01591.jpg,1,train,data/raw/pool/pos_rvlcdip_invoice_01591.jpg
data/raw/pool/pos_rvlcdip_invoice_01592.jpg,1,train,data/raw/pool/pos_rvlcdip_invoice_01592.jpg
data/raw/pool/pos_rvlcdip_invoice_01593.jpg,1,train,data/raw/pool/pos_rvlcdip_invoice_01593.jpg
data/raw/pool/pos_rvlcdip_invoice_01594.jpg,1,train,data/raw/pool/pos_rvlcdip_invoice_01594.jpg
data/raw/pool/pos_rvlcdip_invoice_01595.jpg,1,train,data/raw/pool/pos_rvlcdip_invoice_01595.jpg
data/raw/pool/pos_rvlcdip_invoice_01596.jpg,1,train,data/raw/pool/pos_rvlcdip_invoice_01596.jpg
data/raw/pool/pos_rvlcdip_invoice_01597.jpg,1,train,data/raw/pool/pos_rvlcdip_invoice_01597.jpg
data/raw/pool/pos_rvlcdip_invoice_01598.jpg,1,train,data/raw/pool/pos_rvlcdip_invoice_01598.jpg
data/raw/pool/pos_rvlcdip_invoice_01599.jpg,1,train,data/raw/pool/pos_rvlcdip_invoice_01599.jpg
data/raw/pool/pos_rvlcdip_invoice_01600.jpg,1,train,data/raw/pool/pos_rvlcdip_invoice_01600.jpg
data/raw/pool/pos_rvlcdip_invoice_01601.jpg,1,train,data/raw/pool/pos_rvlcdip_invoice_01601.jpg
data/raw/pool/pos_rvlcdip_invoice_01603.jpg,1,train,data/raw/pool/pos_rvlcdip_invoice_01603.jpg
data/raw/pool/pos_rvlcdip_invoice_01606.jpg,1,train,data/raw/pool/pos_rvlcdip_invoice_01606.jpg
data/raw/pool/pos_rvlcdip_invoice_01607.jpg,1,train,data/raw/pool/pos_rvlcdip_invoice_01607.jpg
data/raw/pool/pos_rvlcdip_invoice_01608.jpg,1,train,data/raw/pool/pos_rvlcdip_invoice_01608.jpg
data/raw/pool/pos_rvlcdip_invoice_01612.jpg,1,train,data/raw/pool/pos_rvlcdip_invoice_01612.jpg
data/raw/pool/pos_rvlcdip_invoice_01613.jpg,1,train,data/raw/pool/pos_rvlcdip_invoice_01613.jpg
data/raw/pool/pos_rvlcdip_invoice_01614.jpg,1,train,data/raw/pool/pos_rvlcdip_invoice_01614.jpg
data/raw/pool/pos_rvlcdip_invoice_01616.jpg,1,train,data/raw/pool/pos_rvlcdip_invoice_01616.jpg
data/raw/pool/pos_rvlcdip_invoice_01617.jpg,1,train,data/raw/pool/pos_rvlcdip_invoice_01617.jpg
data/raw/pool/pos_rvlcdip_invoice_01618.jpg,1,train,data/raw/pool/pos_rvlcdip_invoice_01618.jpg
data/raw/pool/pos_rvlcdip_invoice_01620.jpg,1,train,data/raw/pool/pos_rvlcdip_invoice_01620.jpg
data/raw/pool/pos_rvlcdip_invoice_01621.jpg,1,train,data/raw/pool/pos_rvlcdip_invoice_01621.jpg
data/raw/pool/pos_rvlcdip_invoice_01622.jpg,1,train,data/raw/pool/pos_rvlcdip_invoice_01622.jpg
data/raw/pool/pos_rvlcdip_invoice_01623.jpg,1,train,data/raw/pool/pos_rvlcdip_invoice_01623.jpg
data/raw/pool/pos_rvlcdip_invoice_01624.jpg,1,train,data/raw/pool/pos_rvlcdip_invoice_01624.jpg
data/raw/pool/pos_rvlcdip_invoice_01625.jpg,1,train,data/raw/pool/pos_rvlcdip_invoice_01625.jpg
data/raw/pool/pos_rvlcdip_invoice_01626.jpg,1,train,data/raw/pool/pos_rvlcdip_invoice_01626.jpg
data/raw/pool/pos_rvlcdip_invoice_01627.jpg,1,train,data/raw/pool/pos_rvlcdip_invoice_01627.jpg
data/raw/pool/pos_rvlcdip_invoice_01628.jpg,1,train,data/raw/pool/pos_rvlcdip_invoice_01628.jpg
data/raw/pool/pos_rvlcdip_invoice_01630.jpg,1,train,data/raw/pool/pos_rvlcdip_invoice_01630.jpg
data/raw/pool/pos_rvlcdip_invoice_01631.jpg,1,train,data/raw/pool/pos_rvlcdip_invoice_01631.jpg
data/raw/pool/pos_rvlcdip_invoice_01632.jpg,1,train,data/raw/pool/pos_rvlcdip_invoice_01632.jpg
data/raw/pool/pos_rvlcdip_invoice_01633.jpg,1,train,data/raw/pool/pos_rvlcdip_invoice_01633.jpg
data/raw/pool/pos_rvlcdip_invoice_01634.jpg,1,train,data/raw/pool/pos_rvlcdip_invoice_01634.jpg
data/raw/pool/pos_rvlcdip_invoice_01636.jpg,1,train,data/raw/pool/pos_rvlcdip_invoice_01636.jpg
data/raw/pool/pos_rvlcdip_invoice_01637.jpg,1,train,data/raw/pool/pos_rvlcdip_invoice_01637.jpg
data/raw/pool/pos_rvlcdip_invoice_01638.jpg,1,train,data/raw/pool/pos_rvlcdip_invoice_01638.jpg
data/raw/pool/pos_rvlcdip_invoice_01639.jpg,1,train,data/raw/pool/pos_rvlcdip_invoice_01639.jpg
data/raw/pool/pos_rvlcdip_invoice_01640.jpg,1,train,data/raw/pool/pos_rvlcdip_invoice_01640.jpg
data/raw/pool/pos_rvlcdip_invoice_01641.jpg,1,train,data/raw/pool/pos_rvlcdip_invoice_01641.jpg
data/raw/pool/pos_rvlcdip_invoice_01646.jpg,1,train,data/raw/pool/pos_rvlcdip_invoice_01646.jpg
data/raw/pool/pos_rvlcdip_invoice_01648.jpg,1,train,data/raw/pool/pos_rvlcdip_invoice_01648.jpg
data/raw/pool/pos_rvlcdip_invoice_01649.jpg,1,train,data/raw/pool/pos_rvlcdip_invoice_01649.jpg
data/raw/pool/pos_rvlcdip_invoice_01650.jpg,1,train,data/raw/pool/pos_rvlcdip_invoice_01650.jpg
data/raw/pool/pos_rvlcdip_invoice_01653.jpg,1,train,data/raw/pool/pos_rvlcdip_invoice_01653.jpg
data/raw/pool/pos_rvlcdip_invoice_01654.jpg,1,train,data/raw/pool/pos_rvlcdip_invoice_01654.jpg
data/raw/pool/pos_rvlcdip_invoice_01655.jpg,1,train,data/raw/pool/pos_rvlcdip_invoice_01655.jpg
data/raw/pool/pos_rvlcdip_invoice_01656.jpg,1,train,data/raw/pool/pos_rvlcdip_invoice_01656.jpg
data/raw/pool/pos_rvlcdip_invoice_01657.jpg,1,train,data/raw/pool/pos_rvlcdip_invoice_01657.jpg
data/raw/pool/pos_rvlcdip_invoice_01659.jpg,1,train,data/raw/pool/pos_rvlcdip_invoice_01659.jpg
data/raw/pool/pos_rvlcdip_invoice_01660.jpg,1,train,data/raw/pool/pos_rvlcdip_invoice_01660.jpg
data/raw/pool/pos_rvlcdip_invoice_01661.jpg,1,train,data/raw/pool/pos_rvlcdip_invoice_01661.jpg
data/raw/pool/pos_rvlcdip_invoice_01662.jpg,1,train,data/raw/pool/pos_rvlcdip_invoice_01662.jpg
data/raw/pool/pos_rvlcdip_invoice_01664.jpg,1,train,data/raw/pool/pos_rvlcdip_invoice_01664.jpg
data/raw/pool/pos_rvlcdip_invoice_01666.jpg,1,train,data/raw/pool/pos_rvlcdip_invoice_01666.jpg
data/raw/pool/pos_rvlcdip_invoice_01667.jpg,1,train,data/raw/pool/pos_rvlcdip_invoice_01667.jpg
data/raw/pool/pos_rvlcdip_invoice_01668.jpg,1,train,data/raw/pool/pos_rvlcdip_invoice_01668.jpg
data/raw/pool/pos_rvlcdip_invoice_01669.jpg,1,train,data/raw/pool/pos_rvlcdip_invoice_01669.jpg
data/raw/pool/pos_rvlcdip_invoice_01670.jpg,1,train,data/raw/pool/pos_rvlcdip_invoice_01670.jpg
data/raw/pool/pos_rvlcdip_invoice_01671.jpg,1,train,data/raw/pool/pos_rvlcdip_invoice_01671.jpg
data/raw/pool/pos_rvlcdip_invoice_01672.jpg,1,train,data/raw/pool/pos_rvlcdip_invoice_01672.jpg
data/raw/pool/pos_rvlcdip_invoice_01673.jpg,1,train,data/raw/pool/pos_rvlcdip_invoice_01673.jpg
data/raw/pool/pos_rvlcdip_invoice_01674.jpg,1,train,data/raw/pool/pos_rvlcdip_invoice_01674.jpg
data/raw/pool/pos_rvlcdip_invoice_01675.jpg,1,train,data/raw/pool/pos_rvlcdip_invoice_01675.jpg
data/raw/pool/pos_rvlcdip_invoice_01676.jpg,1,train,data/raw/pool/pos_rvlcdip_invoice_01676.jpg
data/raw/pool/pos_rvlcdip_invoice_01677.jpg,1,train,data/raw/pool/pos_rvlcdip_invoice_01677.jpg
data/raw/pool/pos_rvlcdip_invoice_01680.jpg,1,train,data/raw/pool/pos_rvlcdip_invoice_01680.jpg
data/raw/pool/pos_rvlcdip_invoice_01681.jpg,1,train,data/raw/pool/pos_rvlcdip_invoice_01681.jpg
data/raw/pool/pos_rvlcdip_invoice_01682.jpg,1,train,data/raw/pool/pos_rvlcdip_invoice_01682.jpg
data/raw/pool/pos_rvlcdip_invoice_01683.jpg,1,train,data/raw/pool/pos_rvlcdip_invoice_01683.jpg
data/raw/pool/pos_rvlcdip_invoice_01684.jpg,1,train,data/raw/pool/pos_rvlcdip_invoice_01684.jpg
data/raw/pool/pos_rvlcdip_invoice_01685.jpg,1,train,data/raw/pool/pos_rvlcdip_invoice_01685.jpg
data/raw/pool/pos_rvlcdip_invoice_01686.jpg,1,train,data/raw/pool/pos_rvlcdip_invoice_01686.jpg
data/raw/pool/pos_rvlcdip_invoice_01687.jpg,1,train,data/raw/pool/pos_rvlcdip_invoice_01687.jpg
data/raw/pool/pos_rvlcdip_invoice_01688.jpg,1,train,data/raw/pool/pos_rvlcdip_invoice_01688.jpg
data/raw/pool/pos_rvlcdip_invoice_01689.jpg,1,train,data/raw/pool/pos_rvlcdip_invoice_01689.jpg
data/raw/pool/pos_rvlcdip_invoice_01690.jpg,1,train,data/raw/pool/pos_rvlcdip_invoice_01690.jpg
data/raw/pool/pos_rvlcdip_invoice_01692.jpg,1,train,data/raw/pool/pos_rvlcdip_invoice_01692.jpg
data/raw/pool/pos_rvlcdip_invoice_01693.jpg,1,train,data/raw/pool/pos_rvlcdip_invoice_01693.jpg
data/raw/pool/pos_rvlcdip_invoice_01696.jpg,1,train,data/raw/pool/pos_rvlcdip_invoice_01696.jpg
data/raw/pool/pos_rvlcdip_invoice_01697.jpg,1,train,data/raw/pool/pos_rvlcdip_invoice_01697.jpg
data/raw/pool/pos_rvlcdip_invoice_01699.jpg,1,train,data/raw/pool/pos_rvlcdip_invoice_01699.jpg
data/raw/pool/pos_rvlcdip_invoice_01701.jpg,1,train,data/raw/pool/pos_rvlcdip_invoice_01701.jpg
data/raw/pool/pos_rvlcdip_invoice_01702.jpg,1,train,data/raw/pool/pos_rvlcdip_invoice_01702.jpg
data/raw/pool/pos_rvlcdip_invoice_01703.jpg,1,train,data/raw/pool/pos_rvlcdip_invoice_01703.jpg
data/raw/pool/pos_rvlcdip_invoice_01704.jpg,1,train,data/raw/pool/pos_rvlcdip_invoice_01704.jpg
data/raw/pool/pos_rvlcdip_invoice_01707.jpg,1,train,data/raw/pool/pos_rvlcdip_invoice_01707.jpg
data/raw/pool/pos_rvlcdip_invoice_01709.jpg,1,train,data/raw/pool/pos_rvlcdip_invoice_01709.jpg
data/raw/pool/pos_rvlcdip_invoice_01710.jpg,1,train,data/raw/pool/pos_rvlcdip_invoice_01710.jpg
data/raw/pool/pos_rvlcdip_invoice_01711.jpg,1,train,data/raw/pool/pos_rvlcdip_invoice_01711.jpg
data/raw/pool/pos_rvlcdip_invoice_01712.jpg,1,train,data/raw/pool/pos_rvlcdip_invoice_01712.jpg
data/raw/pool/pos_rvlcdip_invoice_01713.jpg,1,train,data/raw/pool/pos_rvlcdip_invoice_01713.jpg
data/raw/pool/pos_rvlcdip_invoice_01714.jpg,1,train,data/raw/pool/pos_rvlcdip_invoice_01714.jpg
data/raw/pool/pos_rvlcdip_invoice_01715.jpg,1,train,data/raw/pool/pos_rvlcdip_invoice_01715.jpg
data/raw/pool/pos_rvlcdip_invoice_01716.jpg,1,train,data/raw/pool/pos_rvlcdip_invoice_01716.jpg
data/raw/pool/pos_rvlcdip_invoice_01717.jpg,1,train,data/raw/pool/pos_rvlcdip_invoice_01717.jpg
data/raw/pool/pos_rvlcdip_invoice_01718.jpg,1,train,data/raw/pool/pos_rvlcdip_invoice_01718.jpg
data/raw/pool/pos_rvlcdip_invoice_01719.jpg,1,train,data/raw/pool/pos_rvlcdip_invoice_01719.jpg
data/raw/pool/pos_rvlcdip_invoice_01720.jpg,1,train,data/raw/pool/pos_rvlcdip_invoice_01720.jpg
data/raw/pool/pos_rvlcdip_invoice_01721.jpg,1,train,data/raw/pool/pos_rvlcdip_invoice_01721.jpg
data/raw/pool/pos_rvlcdip_invoice_01722.jpg,1,train,data/raw/pool/pos_rvlcdip_invoice_01722.jpg
data/raw/pool/pos_rvlcdip_invoice_01723.jpg,1,train,data/raw/pool/pos_rvlcdip_invoice_01723.jpg
data/raw/pool/pos_rvlcdip_invoice_01725.jpg,1,train,data/raw/pool/pos_rvlcdip_invoice_01725.jpg
data/raw/pool/pos_rvlcdip_invoice_01726.jpg,1,train,data/raw/pool/pos_rvlcdip_invoice_01726.jpg
data/raw/pool/pos_rvlcdip_invoice_01727.jpg,1,train,data/raw/pool/pos_rvlcdip_invoice_01727.jpg
data/raw/pool/pos_rvlcdip_invoice_01729.jpg,1,train,data/raw/pool/pos_rvlcdip_invoice_01729.jpg
data/raw/pool/pos_rvlcdip_invoice_01730.jpg,1,train,data/raw/pool/pos_rvlcdip_invoice_01730.jpg
data/raw/pool/pos_rvlcdip_invoice_01731.jpg,1,train,data/raw/pool/pos_rvlcdip_invoice_01731.jpg
data/raw/pool/pos_rvlcdip_invoice_01732.jpg,1,train,data/raw/pool/pos_rvlcdip_invoice_01732.jpg
data/raw/pool/pos_rvlcdip_invoice_01733.jpg,1,train,data/raw/pool/pos_rvlcdip_invoice_01733.jpg
data/raw/pool/pos_rvlcdip_invoice_01734.jpg,1,train,data/raw/pool/pos_rvlcdip_invoice_01734.jpg
data/raw/pool/pos_rvlcdip_invoice_01735.jpg,1,train,data/raw/pool/pos_rvlcdip_invoice_01735.jpg
data/raw/pool/pos_rvlcdip_invoice_01736.jpg,1,train,data/raw/pool/pos_rvlcdip_invoice_01736.jpg
data/raw/pool/pos_rvlcdip_invoice_01738.jpg,1,train,data/raw/pool/pos_rvlcdip_invoice_01738.jpg
data/raw/pool/pos_rvlcdip_invoice_01739.jpg,1,train,data/raw/pool/pos_rvlcdip_invoice_01739.jpg
data/raw/pool/pos_rvlcdip_invoice_01740.jpg,1,train,data/raw/pool/pos_rvlcdip_invoice_01740.jpg
data/raw/pool/pos_rvlcdip_invoice_01741.jpg,1,train,data/raw/pool/pos_rvlcdip_invoice_01741.jpg
data/raw/pool/pos_rvlcdip_invoice_01743.jpg,1,train,data/raw/pool/pos_rvlcdip_invoice_01743.jpg
data/raw/pool/pos_rvlcdip_invoice_01744.jpg,1,train,data/raw/pool/pos_rvlcdip_invoice_01744.jpg
data/raw/pool/pos_rvlcdip_invoice_01745.jpg,1,train,data/raw/pool/pos_rvlcdip_invoice_01745.jpg
data/raw/pool/pos_rvlcdip_invoice_01746.jpg,1,train,data/raw/pool/pos_rvlcdip_invoice_01746.jpg
data/raw/pool/pos_rvlcdip_invoice_01747.jpg,1,train,data/raw/pool/pos_rvlcdip_invoice_01747.jpg
data/raw/pool/pos_rvlcdip_invoice_01748.jpg,1,train,data/raw/pool/pos_rvlcdip_invoice_01748.jpg
data/raw/pool/pos_rvlcdip_invoice_01749.jpg,1,train,data/raw/pool/pos_rvlcdip_invoice_01749.jpg
data/raw/pool/pos_rvlcdip_invoice_01750.jpg,1,train,data/raw/pool/pos_rvlcdip_invoice_01750.jpg
data/raw/pool/pos_rvlcdip_invoice_01751.jpg,1,train,data/raw/pool/pos_rvlcdip_invoice_01751.jpg
data/raw/pool/pos_rvlcdip_invoice_01752.jpg,1,train,data/raw/pool/pos_rvlcdip_invoice_01752.jpg
data/raw/pool/pos_rvlcdip_invoice_01753.jpg,1,train,data/raw/pool/pos_rvlcdip_invoice_01753.jpg
data/raw/pool/pos_rvlcdip_invoice_01754.jpg,1,train,data/raw/pool/pos_rvlcdip_invoice_01754.jpg
data/raw/pool/pos_rvlcdip_invoice_01755.jpg,1,train,data/raw/pool/pos_rvlcdip_invoice_01755.jpg
data/raw/pool/pos_rvlcdip_invoice_01756.jpg,1,train,data/raw/pool/pos_rvlcdip_invoice_01756.jpg
data/raw/pool/pos_rvlcdip_invoice_01757.jpg,1,train,data/raw/pool/pos_rvlcdip_invoice_01757.jpg
data/raw/pool/pos_rvlcdip_invoice_01758.jpg,1,train,data/raw/pool/pos_rvlcdip_invoice_01758.jpg
data/raw/pool/pos_rvlcdip_invoice_01759.jpg,1,train,data/raw/pool/pos_rvlcdip_invoice_01759.jpg
data/raw/pool/pos_rvlcdip_invoice_01761.jpg,1,train,data/raw/pool/pos_rvlcdip_invoice_01761.jpg
data/raw/pool/pos_rvlcdip_invoice_01762.jpg,1,train,data/raw/pool/pos_rvlcdip_invoice_01762.jpg
data/raw/pool/pos_rvlcdip_invoice_01763.jpg,1,train,data/raw/pool/pos_rvlcdip_invoice_01763.jpg
data/raw/pool/pos_rvlcdip_invoice_01764.jpg,1,train,data/raw/pool/pos_rvlcdip_invoice_01764.jpg
data/raw/pool/pos_rvlcdip_invoice_01766.jpg,1,train,data/raw/pool/pos_rvlcdip_invoice_01766.jpg
data/raw/pool/pos_rvlcdip_invoice_01768.jpg,1,train,data/raw/pool/pos_rvlcdip_invoice_01768.jpg
data/raw/pool/pos_rvlcdip_invoice_01769.jpg,1,train,data/raw/pool/pos_rvlcdip_invoice_01769.jpg
data/raw/pool/pos_rvlcdip_invoice_01770.jpg,1,train,data/raw/pool/pos_rvlcdip_invoice_01770.jpg
data/raw/pool/pos_rvlcdip_invoice_01773.jpg,1,train,data/raw/pool/pos_rvlcdip_invoice_01773.jpg
data/raw/pool/pos_rvlcdip_invoice_01774.jpg,1,train,data/raw/pool/pos_rvlcdip_invoice_01774.jpg
data/raw/pool/pos_rvlcdip_invoice_01775.jpg,1,train,data/raw/pool/pos_rvlcdip_invoice_01775.jpg
data/raw/pool/pos_rvlcdip_invoice_01776.jpg,1,train,data/raw/pool/pos_rvlcdip_invoice_01776.jpg
data/raw/pool/pos_rvlcdip_invoice_01777.jpg,1,train,data/raw/pool/pos_rvlcdip_invoice_01777.jpg
data/raw/pool/pos_rvlcdip_invoice_01778.jpg,1,train,data/raw/pool/pos_rvlcdip_invoice_01778.jpg
data/raw/pool/pos_rvlcdip_invoice_01779.jpg,1,train,data/raw/pool/pos_rvlcdip_invoice_01779.jpg
data/raw/pool/pos_rvlcdip_invoice_01780.jpg,1,train,data/raw/pool/pos_rvlcdip_invoice_01780.jpg
data/raw/pool/pos_rvlcdip_invoice_01781.jpg,1,train,data/raw/pool/pos_rvlcdip_invoice_01781.jpg
data/raw/pool/pos_rvlcdip_invoice_01782.jpg,1,train,data/raw/pool/pos_rvlcdip_invoice_01782.jpg
data/raw/pool/pos_rvlcdip_invoice_01783.jpg,1,train,data/raw/pool/pos_rvlcdip_invoice_01783.jpg
data/raw/pool/pos_rvlcdip_invoice_01784.jpg,1,train,data/raw/pool/pos_rvlcdip_invoice_01784.jpg
data/raw/pool/pos_rvlcdip_invoice_01785.jpg,1,train,data/raw/pool/pos_rvlcdip_invoice_01785.jpg
data/raw/pool/pos_rvlcdip_invoice_01786.jpg,1,train,data/raw/pool/pos_rvlcdip_invoice_01786.jpg
data/raw/pool/pos_rvlcdip_invoice_01787.jpg,1,train,data/raw/pool/pos_rvlcdip_invoice_01787.jpg
data/raw/pool/pos_rvlcdip_invoice_01788.jpg,1,train,data/raw/pool/pos_rvlcdip_invoice_01788.jpg
data/raw/pool/pos_rvlcdip_invoice_01789.jpg,1,train,data/raw/pool/pos_rvlcdip_invoice_01789.jpg
data/raw/pool/pos_rvlcdip_invoice_01790.jpg,1,train,data/raw/pool/pos_rvlcdip_invoice_01790.jpg
data/raw/pool/pos_rvlcdip_invoice_01791.jpg,1,train,data/raw/pool/pos_rvlcdip_invoice_01791.jpg
data/raw/pool/pos_rvlcdip_invoice_01792.jpg,1,train,data/raw/pool/pos_rvlcdip_invoice_01792.jpg
data/raw/pool/pos_rvlcdip_invoice_01795.jpg,1,train,data/raw/pool/pos_rvlcdip_invoice_01795.jpg
data/raw/pool/pos_rvlcdip_invoice_01796.jpg,1,train,data/raw/pool/pos_rvlcdip_invoice_01796.jpg
data/raw/pool/pos_rvlcdip_invoice_01798.jpg,1,train,data/raw/pool/pos_rvlcdip_invoice_01798.jpg
data/raw/pool/neg_rvlcdip_other_00000.jpg,0,train,data/raw/pool/neg_rvlcdip_other_00000.jpg
data/raw/pool/neg_rvlcdip_other_00002.jpg,0,train,data/raw/pool/neg_rvlcdip_other_00002.jpg
data/raw/pool/neg_rvlcdip_other_00003.jpg,0,train,data/raw/pool/neg_rvlcdip_other_00003.jpg
data/raw/pool/neg_rvlcdip_other_00004.jpg,0,train,data/raw/pool/neg_rvlcdip_other_00004.jpg
data/raw/pool/neg_rvlcdip_other_00005.jpg,0,train,data/raw/pool/neg_rvlcdip_other_00005.jpg
data/raw/pool/neg_rvlcdip_other_00006.jpg,0,train,data/raw/pool/neg_rvlcdip_other_00006.jpg
data/raw/pool/neg_rvlcdip_other_00007.jpg,0,train,data/raw/pool/neg_rvlcdip_other_00007.jpg
data/raw/pool/neg_rvlcdip_other_00008.jpg,0,train,data/raw/pool/neg_rvlcdip_other_00008.jpg
data/raw/pool/neg_rvlcdip_other_00009.jpg,0,train,data/raw/pool/neg_rvlcdip_other_00009.jpg
data/raw/pool/neg_rvlcdip_other_00010.jpg,0,train,data/raw/pool/neg_rvlcdip_other_00010.jpg
data/raw/pool/neg_rvlcdip_other_00011.jpg,0,train,data/raw/pool/neg_rvlcdip_other_00011.jpg
data/raw/pool/neg_rvlcdip_other_00012.jpg,0,train,data/raw/pool/neg_rvlcdip_other_00012.jpg
data/raw/pool/neg_rvlcdip_other_00013.jpg,0,train,data/raw/pool/neg_rvlcdip_other_00013.jpg
data/raw/pool/neg_rvlcdip_other_00014.jpg,0,train,data/raw/pool/neg_rvlcdip_other_00014.jpg
data/raw/pool/neg_rvlcdip_other_00015.jpg,0,train,data/raw/pool/neg_rvlcdip_other_00015.jpg
data/raw/pool/neg_rvlcdip_other_00017.jpg,0,train,data/raw/pool/neg_rvlcdip_other_00017.jpg
data/raw/pool/neg_rvlcdip_other_00018.jpg,0,train,data/raw/pool/neg_rvlcdip_other_00018.jpg
data/raw/pool/neg_rvlcdip_other_00019.jpg,0,train,data/raw/pool/neg_rvlcdip_other_00019.jpg
data/raw/pool/neg_rvlcdip_other_00020.jpg,0,train,data/raw/pool/neg_rvlcdip_other_00020.jpg
data/raw/pool/neg_rvlcdip_other_00021.jpg,0,train,data/raw/pool/neg_rvlcdip_other_00021.jpg
data/raw/pool/neg_rvlcdip_other_00022.jpg,0,train,data/raw/pool/neg_rvlcdip_other_00022.jpg
data/raw/pool/neg_rvlcdip_other_00023.jpg,0,train,data/raw/pool/neg_rvlcdip_other_00023.jpg
data/raw/pool/neg_rvlcdip_other_00024.jpg,0,train,data/raw/pool/neg_rvlcdip_other_00024.jpg
data/raw/pool/neg_rvlcdip_other_00025.jpg,0,train,data/raw/pool/neg_rvlcdip_other_00025.jpg
data/raw/pool/neg_rvlcdip_other_00027.jpg,0,train,data/raw/pool/neg_rvlcdip_other_00027.jpg
data/raw/pool/neg_rvlcdip_other_00028.jpg,0,train,data/raw/pool/neg_rvlcdip_other_00028.jpg
data/raw/pool/neg_rvlcdip_other_00029.jpg,0,train,data/raw/pool/neg_rvlcdip_other_00029.jpg
data/raw/pool/neg_rvlcdip_other_00030.jpg,0,train,data/raw/pool/neg_rvlcdip_other_00030.jpg
data/raw/pool/neg_rvlcdip_other_00031.jpg,0,train,data/raw/pool/neg_rvlcdip_other_00031.jpg
data/raw/pool/neg_rvlcdip_other_00033.jpg,0,train,data/raw/pool/neg_rvlcdip_other_00033.jpg
data/raw/pool/neg_rvlcdip_other_00036.jpg,0,train,data/raw/pool/neg_rvlcdip_other_00036.jpg
data/raw/pool/neg_rvlcdip_other_00037.jpg,0,train,data/raw/pool/neg_rvlcdip_other_00037.jpg
data/raw/pool/neg_rvlcdip_other_00039.jpg,0,train,data/raw/pool/neg_rvlcdip_other_00039.jpg
data/raw/pool/neg_rvlcdip_other_00040.jpg,0,train,data/raw/pool/neg_rvlcdip_other_00040.jpg
data/raw/pool/neg_rvlcdip_other_00042.jpg,0,train,data/raw/pool/neg_rvlcdip_other_00042.jpg
data/raw/pool/neg_rvlcdip_other_00043.jpg,0,train,data/raw/pool/neg_rvlcdip_other_00043.jpg
data/raw/pool/neg_rvlcdip_other_00044.jpg,0,train,data/raw/pool/neg_rvlcdip_other_00044.jpg
data/raw/pool/neg_rvlcdip_other_00045.jpg,0,train,data/raw/pool/neg_rvlcdip_other_00045.jpg
data/raw/pool/neg_rvlcdip_other_00047.jpg,0,train,data/raw/pool/neg_rvlcdip_other_00047.jpg
data/raw/pool/neg_rvlcdip_other_00049.jpg,0,train,data/raw/pool/neg_rvlcdip_other_00049.jpg
data/raw/pool/neg_rvlcdip_other_00050.jpg,0,train,data/raw/pool/neg_rvlcdip_other_00050.jpg
data/raw/pool/neg_rvlcdip_other_00051.jpg,0,train,data/raw/pool/neg_rvlcdip_other_00051.jpg
data/raw/pool/neg_rvlcdip_other_00052.jpg,0,train,data/raw/pool/neg_rvlcdip_other_00052.jpg
data/raw/pool/neg_rvlcdip_other_00054.jpg,0,train,data/raw/pool/neg_rvlcdip_other_00054.jpg
data/raw/pool/neg_rvlcdip_other_00055.jpg,0,train,data/raw/pool/neg_rvlcdip_other_00055.jpg
data/raw/pool/neg_rvlcdip_other_00056.jpg,0,train,data/raw/pool/neg_rvlcdip_other_00056.jpg
data/raw/pool/neg_rvlcdip_other_00057.jpg,0,train,data/raw/pool/neg_rvlcdip_other_00057.jpg
data/raw/pool/neg_rvlcdip_other_00058.jpg,0,train,data/raw/pool/neg_rvlcdip_other_00058.jpg
data/raw/pool/neg_rvlcdip_other_00060.jpg,0,train,data/raw/pool/neg_rvlcdip_other_00060.jpg
data/raw/pool/neg_rvlcdip_other_00062.jpg,0,train,data/raw/pool/neg_rvlcdip_other_00062.jpg
data/raw/pool/neg_rvlcdip_other_00063.jpg,0,train,data/raw/pool/neg_rvlcdip_other_00063.jpg
data/raw/pool/neg_rvlcdip_other_00064.jpg,0,train,data/raw/pool/neg_rvlcdip_other_00064.jpg
data/raw/pool/neg_rvlcdip_other_00065.jpg,0,train,data/raw/pool/neg_rvlcdip_other_00065.jpg
data/raw/pool/neg_rvlcdip_other_00066.jpg,0,train,data/raw/pool/neg_rvlcdip_other_00066.jpg
data/raw/pool/neg_rvlcdip_other_00068.jpg,0,train,data/raw/pool/neg_rvlcdip_other_00068.jpg
data/raw/pool/neg_rvlcdip_other_00069.jpg,0,train,data/raw/pool/neg_rvlcdip_other_00069.jpg
data/raw/pool/neg_rvlcdip_other_00070.jpg,0,train,data/raw/pool/neg_rvlcdip_other_00070.jpg
data/raw/pool/neg_rvlcdip_other_00071.jpg,0,train,data/raw/pool/neg_rvlcdip_other_00071.jpg
data/raw/pool/neg_rvlcdip_other_00072.jpg,0,train,data/raw/pool/neg_rvlcdip_other_00072.jpg
data/raw/pool/neg_rvlcdip_other_00074.jpg,0,train,data/raw/pool/neg_rvlcdip_other_00074.jpg
data/raw/pool/neg_rvlcdip_other_00075.jpg,0,train,data/raw/pool/neg_rvlcdip_other_00075.jpg
data/raw/pool/neg_rvlcdip_other_00076.jpg,0,train,data/raw/pool/neg_rvlcdip_other_00076.jpg
data/raw/pool/neg_rvlcdip_other_00077.jpg,0,train,data/raw/pool/neg_rvlcdip_other_00077.jpg
data/raw/pool/neg_rvlcdip_other_00078.jpg,0,train,data/raw/pool/neg_rvlcdip_other_00078.jpg
data/raw/pool/neg_rvlcdip_other_00079.jpg,0,train,data/raw/pool/neg_rvlcdip_other_00079.jpg
data/raw/pool/neg_rvlcdip_other_00080.jpg,0,train,data/raw/pool/neg_rvlcdip_other_00080.jpg
data/raw/pool/neg_rvlcdip_other_00081.jpg,0,train,data/raw/pool/neg_rvlcdip_other_00081.jpg
data/raw/pool/neg_rvlcdip_other_00083.jpg,0,train,data/raw/pool/neg_rvlcdip_other_00083.jpg
data/raw/pool/neg_rvlcdip_other_00084.jpg,0,train,data/raw/pool/neg_rvlcdip_other_00084.jpg
data/raw/pool/neg_rvlcdip_other_00085.jpg,0,train,data/raw/pool/neg_rvlcdip_other_00085.jpg
data/raw/pool/neg_rvlcdip_other_00086.jpg,0,train,data/raw/pool/neg_rvlcdip_other_00086.jpg
data/raw/pool/neg_rvlcdip_other_00087.jpg,0,train,data/raw/pool/neg_rvlcdip_other_00087.jpg
data/raw/pool/neg_rvlcdip_other_00088.jpg,0,train,data/raw/pool/neg_rvlcdip_other_00088.jpg
data/raw/pool/neg_rvlcdip_other_00089.jpg,0,train,data/raw/pool/neg_rvlcdip_other_00089.jpg
data/raw/pool/neg_rvlcdip_other_00090.jpg,0,train,data/raw/pool/neg_rvlcdip_other_00090.jpg
data/raw/pool/neg_rvlcdip_other_00091.jpg,0,train,data/raw/pool/neg_rvlcdip_other_00091.jpg
data/raw/pool/neg_rvlcdip_other_00092.jpg,0,train,data/raw/pool/neg_rvlcdip_other_00092.jpg
data/raw/pool/neg_rvlcdip_other_00093.jpg,0,train,data/raw/pool/neg_rvlcdip_other_00093.jpg
data/raw/pool/neg_rvlcdip_other_00094.jpg,0,train,data/raw/pool/neg_rvlcdip_other_00094.jpg
data/raw/pool/neg_rvlcdip_other_00095.jpg,0,train,data/raw/pool/neg_rvlcdip_other_00095.jpg
data/raw/pool/neg_rvlcdip_other_00097.jpg,0,train,data/raw/pool/neg_rvlcdip_other_00097.jpg
data/raw/pool/neg_rvlcdip_other_00098.jpg,0,train,data/raw/pool/neg_rvlcdip_other_00098.jpg
data/raw/pool/neg_rvlcdip_other_00100.jpg,0,train,data/raw/pool/neg_rvlcdip_other_00100.jpg
data/raw/pool/neg_rvlcdip_other_00101.jpg,0,train,data/raw/pool/neg_rvlcdip_other_00101.jpg
data/raw/pool/neg_rvlcdip_other_00102.jpg,0,train,data/raw/pool/neg_rvlcdip_other_00102.jpg
data/raw/pool/neg_rvlcdip_other_00103.jpg,0,train,data/raw/pool/neg_rvlcdip_other_00103.jpg
data/raw/pool/neg_rvlcdip_other_00105.jpg,0,train,data/raw/pool/neg_rvlcdip_other_00105.jpg
data/raw/pool/neg_rvlcdip_other_00106.jpg,0,train,data/raw/pool/neg_rvlcdip_other_00106.jpg
data/raw/pool/neg_rvlcdip_other_00107.jpg,0,train,data/raw/pool/neg_rvlcdip_other_00107.jpg
data/raw/pool/neg_rvlcdip_other_00108.jpg,0,train,data/raw/pool/neg_rvlcdip_other_00108.jpg
data/raw/pool/neg_rvlcdip_other_00109.jpg,0,train,data/raw/pool/neg_rvlcdip_other_00109.jpg
data/raw/pool/neg_rvlcdip_other_00110.jpg,0,train,data/raw/pool/neg_rvlcdip_other_00110.jpg
data/raw/pool/neg_rvlcdip_other_00111.jpg,0,train,data/raw/pool/neg_rvlcdip_other_00111.jpg
data/raw/pool/neg_rvlcdip_other_00112.jpg,0,train,data/raw/pool/neg_rvlcdip_other_00112.jpg
data/raw/pool/neg_rvlcdip_other_00113.jpg,0,train,data/raw/pool/neg_rvlcdip_other_00113.jpg
data/raw/pool/neg_rvlcdip_other_00114.jpg,0,train,data/raw/pool/neg_rvlcdip_other_00114.jpg
data/raw/pool/neg_rvlcdip_other_00115.jpg,0,train,data/raw/pool/neg_rvlcdip_other_00115.jpg
data/raw/pool/neg_rvlcdip_other_00117.jpg,0,train,data/raw/pool/neg_rvlcdip_other_00117.jpg
data/raw/pool/neg_rvlcdip_other_00118.jpg,0,train,data/raw/pool/neg_rvlcdip_other_00118.jpg
data/raw/pool/neg_rvlcdip_other_00121.jpg,0,train,data/raw/pool/neg_rvlcdip_other_00121.jpg
data/raw/pool/neg_rvlcdip_other_00122.jpg,0,train,data/raw/pool/neg_rvlcdip_other_00122.jpg
data/raw/pool/neg_rvlcdip_other_00124.jpg,0,train,data/raw/pool/neg_rvlcdip_other_00124.jpg
data/raw/pool/neg_rvlcdip_other_00127.jpg,0,train,data/raw/pool/neg_rvlcdip_other_00127.jpg
data/raw/pool/neg_rvlcdip_other_00129.jpg,0,train,data/raw/pool/neg_rvlcdip_other_00129.jpg
data/raw/pool/neg_rvlcdip_other_00131.jpg,0,train,data/raw/pool/neg_rvlcdip_other_00131.jpg
data/raw/pool/neg_rvlcdip_other_00132.jpg,0,train,data/raw/pool/neg_rvlcdip_other_00132.jpg
data/raw/pool/neg_rvlcdip_other_00133.jpg,0,train,data/raw/pool/neg_rvlcdip_other_00133.jpg
data/raw/pool/neg_rvlcdip_other_00134.jpg,0,train,data/raw/pool/neg_rvlcdip_other_00134.jpg
data/raw/pool/neg_rvlcdip_other_00135.jpg,0,train,data/raw/pool/neg_rvlcdip_other_00135.jpg
data/raw/pool/neg_rvlcdip_other_00136.jpg,0,train,data/raw/pool/neg_rvlcdip_other_00136.jpg
data/raw/pool/neg_rvlcdip_other_00138.jpg,0,train,data/raw/pool/neg_rvlcdip_other_00138.jpg
data/raw/pool/neg_rvlcdip_other_00139.jpg,0,train,data/raw/pool/neg_rvlcdip_other_00139.jpg
data/raw/pool/neg_rvlcdip_other_00140.jpg,0,train,data/raw/pool/neg_rvlcdip_other_00140.jpg
data/raw/pool/neg_rvlcdip_other_00141.jpg,0,train,data/raw/pool/neg_rvlcdip_other_00141.jpg
data/raw/pool/neg_rvlcdip_other_00142.jpg,0,train,data/raw/pool/neg_rvlcdip_other_00142.jpg
data/raw/pool/neg_rvlcdip_other_00143.jpg,0,train,data/raw/pool/neg_rvlcdip_other_00143.jpg
data/raw/pool/neg_rvlcdip_other_00144.jpg,0,train,data/raw/pool/neg_rvlcdip_other_00144.jpg
data/raw/pool/neg_rvlcdip_other_00146.jpg,0,train,data/raw/pool/neg_rvlcdip_other_00146.jpg
data/raw/pool/neg_rvlcdip_other_00147.jpg,0,train,data/raw/pool/neg_rvlcdip_other_00147.jpg
data/raw/pool/neg_rvlcdip_other_00149.jpg,0,train,data/raw/pool/neg_rvlcdip_other_00149.jpg
data/raw/pool/neg_rvlcdip_other_00150.jpg,0,train,data/raw/pool/neg_rvlcdip_other_00150.jpg
data/raw/pool/neg_rvlcdip_other_00152.jpg,0,train,data/raw/pool/neg_rvlcdip_other_00152.jpg
data/raw/pool/neg_rvlcdip_other_00153.jpg,0,train,data/raw/pool/neg_rvlcdip_other_00153.jpg
data/raw/pool/neg_rvlcdip_other_00154.jpg,0,train,data/raw/pool/neg_rvlcdip_other_00154.jpg
data/raw/pool/neg_rvlcdip_other_00156.jpg,0,train,data/raw/pool/neg_rvlcdip_other_00156.jpg
data/raw/pool/neg_rvlcdip_other_00157.jpg,0,train,data/raw/pool/neg_rvlcdip_other_00157.jpg
data/raw/pool/neg_rvlcdip_other_00159.jpg,0,train,data/raw/pool/neg_rvlcdip_other_00159.jpg
data/raw/pool/neg_rvlcdip_other_00160.jpg,0,train,data/raw/pool/neg_rvlcdip_other_00160.jpg
data/raw/pool/neg_rvlcdip_other_00161.jpg,0,train,data/raw/pool/neg_rvlcdip_other_00161.jpg
data/raw/pool/neg_rvlcdip_other_00162.jpg,0,train,data/raw/pool/neg_rvlcdip_other_00162.jpg
data/raw/pool/neg_rvlcdip_other_00163.jpg,0,train,data/raw/pool/neg_rvlcdip_other_00163.jpg
data/raw/pool/neg_rvlcdip_other_00164.jpg,0,train,data/raw/pool/neg_rvlcdip_other_00164.jpg
data/raw/pool/neg_rvlcdip_other_00165.jpg,0,train,data/raw/pool/neg_rvlcdip_other_00165.jpg
data/raw/pool/neg_rvlcdip_other_00166.jpg,0,train,data/raw/pool/neg_rvlcdip_other_00166.jpg
data/raw/pool/neg_rvlcdip_other_00167.jpg,0,train,data/raw/pool/neg_rvlcdip_other_00167.jpg
data/raw/pool/neg_rvlcdip_other_00168.jpg,0,train,data/raw/pool/neg_rvlcdip_other_00168.jpg
data/raw/pool/neg_rvlcdip_other_00169.jpg,0,train,data/raw/pool/neg_rvlcdip_other_00169.jpg
data/raw/pool/neg_rvlcdip_other_00170.jpg,0,train,data/raw/pool/neg_rvlcdip_other_00170.jpg
data/raw/pool/neg_rvlcdip_other_00171.jpg,0,train,data/raw/pool/neg_rvlcdip_other_00171.jpg
data/raw/pool/neg_rvlcdip_other_00172.jpg,0,train,data/raw/pool/neg_rvlcdip_other_00172.jpg
data/raw/pool/neg_rvlcdip_other_00173.jpg,0,train,data/raw/pool/neg_rvlcdip_other_00173.jpg
data/raw/pool/neg_rvlcdip_other_00174.jpg,0,train,data/raw/pool/neg_rvlcdip_other_00174.jpg
data/raw/pool/neg_rvlcdip_other_00176.jpg,0,train,data/raw/pool/neg_rvlcdip_other_00176.jpg
data/raw/pool/neg_rvlcdip_other_00177.jpg,0,train,data/raw/pool/neg_rvlcdip_other_00177.jpg
data/raw/pool/neg_rvlcdip_other_00178.jpg,0,train,data/raw/pool/neg_rvlcdip_other_00178.jpg
data/raw/pool/neg_rvlcdip_other_00179.jpg,0,train,data/raw/pool/neg_rvlcdip_other_00179.jpg
data/raw/pool/neg_rvlcdip_other_00181.jpg,0,train,data/raw/pool/neg_rvlcdip_other_00181.jpg
data/raw/pool/neg_rvlcdip_other_00182.jpg,0,train,data/raw/pool/neg_rvlcdip_other_00182.jpg
data/raw/pool/neg_rvlcdip_other_00183.jpg,0,train,data/raw/pool/neg_rvlcdip_other_00183.jpg
data/raw/pool/neg_rvlcdip_other_00184.jpg,0,train,data/raw/pool/neg_rvlcdip_other_00184.jpg
data/raw/pool/neg_rvlcdip_other_00185.jpg,0,train,data/raw/pool/neg_rvlcdip_other_00185.jpg
data/raw/pool/neg_rvlcdip_other_00186.jpg,0,train,data/raw/pool/neg_rvlcdip_other_00186.jpg
data/raw/pool/neg_rvlcdip_other_00189.jpg,0,train,data/raw/pool/neg_rvlcdip_other_00189.jpg
data/raw/pool/neg_rvlcdip_other_00190.jpg,0,train,data/raw/pool/neg_rvlcdip_other_00190.jpg
data/raw/pool/neg_rvlcdip_other_00191.jpg,0,train,data/raw/pool/neg_rvlcdip_other_00191.jpg
data/raw/pool/neg_rvlcdip_other_00193.jpg,0,train,data/raw/pool/neg_rvlcdip_other_00193.jpg
data/raw/pool/neg_rvlcdip_other_00194.jpg,0,train,data/raw/pool/neg_rvlcdip_other_00194.jpg
data/raw/pool/neg_rvlcdip_other_00195.jpg,0,train,data/raw/pool/neg_rvlcdip_other_00195.jpg
data/raw/pool/neg_rvlcdip_other_00196.jpg,0,train,data/raw/pool/neg_rvlcdip_other_00196.jpg
data/raw/pool/neg_rvlcdip_other_00197.jpg,0,train,data/raw/pool/neg_rvlcdip_other_00197.jpg
data/raw/pool/neg_rvlcdip_other_00199.jpg,0,train,data/raw/pool/neg_rvlcdip_other_00199.jpg
data/raw/pool/neg_rvlcdip_other_00200.jpg,0,train,data/raw/pool/neg_rvlcdip_other_00200.jpg
data/raw/pool/neg_rvlcdip_other_00201.jpg,0,train,data/raw/pool/neg_rvlcdip_other_00201.jpg
data/raw/pool/neg_rvlcdip_other_00202.jpg,0,train,data/raw/pool/neg_rvlcdip_other_00202.jpg
data/raw/pool/neg_rvlcdip_other_00204.jpg,0,train,data/raw/pool/neg_rvlcdip_other_00204.jpg
data/raw/pool/neg_rvlcdip_other_00205.jpg,0,train,data/raw/pool/neg_rvlcdip_other_00205.jpg
data/raw/pool/neg_rvlcdip_other_00206.jpg,0,train,data/raw/pool/neg_rvlcdip_other_00206.jpg
data/raw/pool/neg_rvlcdip_other_00207.jpg,0,train,data/raw/pool/neg_rvlcdip_other_00207.jpg
data/raw/pool/neg_rvlcdip_other_00209.jpg,0,train,data/raw/pool/neg_rvlcdip_other_00209.jpg
data/raw/pool/neg_rvlcdip_other_00210.jpg,0,train,data/raw/pool/neg_rvlcdip_other_00210.jpg
data/raw/pool/neg_rvlcdip_other_00212.jpg,0,train,data/raw/pool/neg_rvlcdip_other_00212.jpg
data/raw/pool/neg_rvlcdip_other_00213.jpg,0,train,data/raw/pool/neg_rvlcdip_other_00213.jpg
data/raw/pool/neg_rvlcdip_other_00214.jpg,0,train,data/raw/pool/neg_rvlcdip_other_00214.jpg
data/raw/pool/neg_rvlcdip_other_00215.jpg,0,train,data/raw/pool/neg_rvlcdip_other_00215.jpg
data/raw/pool/neg_rvlcdip_other_00216.jpg,0,train,data/raw/pool/neg_rvlcdip_other_00216.jpg
data/raw/pool/neg_rvlcdip_other_00218.jpg,0,train,data/raw/pool/neg_rvlcdip_other_00218.jpg
data/raw/pool/neg_rvlcdip_other_00219.jpg,0,train,data/raw/pool/neg_rvlcdip_other_00219.jpg
data/raw/pool/neg_rvlcdip_other_00220.jpg,0,train,data/raw/pool/neg_rvlcdip_other_00220.jpg
data/raw/pool/neg_rvlcdip_other_00221.jpg,0,train,data/raw/pool/neg_rvlcdip_other_00221.jpg
data/raw/pool/neg_rvlcdip_other_00224.jpg,0,train,data/raw/pool/neg_rvlcdip_other_00224.jpg
data/raw/pool/neg_rvlcdip_other_00226.jpg,0,train,data/raw/pool/neg_rvlcdip_other_00226.jpg
data/raw/pool/neg_rvlcdip_other_00228.jpg,0,train,data/raw/pool/neg_rvlcdip_other_00228.jpg
data/raw/pool/neg_rvlcdip_other_00229.jpg,0,train,data/raw/pool/neg_rvlcdip_other_00229.jpg
data/raw/pool/neg_rvlcdip_other_00230.jpg,0,train,data/raw/pool/neg_rvlcdip_other_00230.jpg
data/raw/pool/neg_rvlcdip_other_00231.jpg,0,train,data/raw/pool/neg_rvlcdip_other_00231.jpg
data/raw/pool/neg_rvlcdip_other_00232.jpg,0,train,data/raw/pool/neg_rvlcdip_other_00232.jpg
data/raw/pool/neg_rvlcdip_other_00233.jpg,0,train,data/raw/pool/neg_rvlcdip_other_00233.jpg
data/raw/pool/neg_rvlcdip_other_00234.jpg,0,train,data/raw/pool/neg_rvlcdip_other_00234.jpg
data/raw/pool/neg_rvlcdip_other_00236.jpg,0,train,data/raw/pool/neg_rvlcdip_other_00236.jpg
data/raw/pool/neg_rvlcdip_other_00238.jpg,0,train,data/raw/pool/neg_rvlcdip_other_00238.jpg
data/raw/pool/neg_rvlcdip_other_00239.jpg,0,train,data/raw/pool/neg_rvlcdip_other_00239.jpg
data/raw/pool/neg_rvlcdip_other_00240.jpg,0,train,data/raw/pool/neg_rvlcdip_other_00240.jpg
data/raw/pool/neg_rvlcdip_other_00241.jpg,0,train,data/raw/pool/neg_rvlcdip_other_00241.jpg
data/raw/pool/neg_rvlcdip_other_00242.jpg,0,train,data/raw/pool/neg_rvlcdip_other_00242.jpg
data/raw/pool/neg_rvlcdip_other_00243.jpg,0,train,data/raw/pool/neg_rvlcdip_other_00243.jpg
data/raw/pool/neg_rvlcdip_other_00244.jpg,0,train,data/raw/pool/neg_rvlcdip_other_00244.jpg
data/raw/pool/neg_rvlcdip_other_00245.jpg,0,train,data/raw/pool/neg_rvlcdip_other_00245.jpg
data/raw/pool/neg_rvlcdip_other_00246.jpg,0,train,data/raw/pool/neg_rvlcdip_other_00246.jpg
data/raw/pool/neg_rvlcdip_other_00248.jpg,0,train,data/raw/pool/neg_rvlcdip_other_00248.jpg
data/raw/pool/neg_rvlcdip_other_00249.jpg,0,train,data/raw/pool/neg_rvlcdip_other_00249.jpg
data/raw/pool/neg_rvlcdip_other_00250.jpg,0,train,data/raw/pool/neg_rvlcdip_other_00250.jpg
data/raw/pool/neg_rvlcdip_other_00251.jpg,0,train,data/raw/pool/neg_rvlcdip_other_00251.jpg
data/raw/pool/neg_rvlcdip_other_00252.jpg,0,train,data/raw/pool/neg_rvlcdip_other_00252.jpg
data/raw/pool/neg_rvlcdip_other_00253.jpg,0,train,data/raw/pool/neg_rvlcdip_other_00253.jpg
data/raw/pool/neg_rvlcdip_other_00254.jpg,0,train,data/raw/pool/neg_rvlcdip_other_00254.jpg
data/raw/pool/neg_rvlcdip_other_00255.jpg,0,train,data/raw/pool/neg_rvlcdip_other_00255.jpg
data/raw/pool/neg_rvlcdip_other_00256.jpg,0,train,data/raw/pool/neg_rvlcdip_other_00256.jpg
data/raw/pool/neg_rvlcdip_other_00257.jpg,0,train,data/raw/pool/neg_rvlcdip_other_00257.jpg
data/raw/pool/neg_rvlcdip_other_00258.jpg,0,train,data/raw/pool/neg_rvlcdip_other_00258.jpg
data/raw/pool/neg_rvlcdip_other_00259.jpg,0,train,data/raw/pool/neg_rvlcdip_other_00259.jpg
data/raw/pool/neg_rvlcdip_other_00260.jpg,0,train,data/raw/pool/neg_rvlcdip_other_00260.jpg
data/raw/pool/neg_rvlcdip_other_00261.jpg,0,train,data/raw/pool/neg_rvlcdip_other_00261.jpg
data/raw/pool/neg_rvlcdip_other_00262.jpg,0,train,data/raw/pool/neg_rvlcdip_other_00262.jpg
data/raw/pool/neg_rvlcdip_other_00263.jpg,0,train,data/raw/pool/neg_rvlcdip_other_00263.jpg
data/raw/pool/neg_rvlcdip_other_00264.jpg,0,train,data/raw/pool/neg_rvlcdip_other_00264.jpg
data/raw/pool/neg_rvlcdip_other_00265.jpg,0,train,data/raw/pool/neg_rvlcdip_other_00265.jpg
data/raw/pool/neg_rvlcdip_other_00266.jpg,0,train,data/raw/pool/neg_rvlcdip_other_00266.jpg
data/raw/pool/neg_rvlcdip_other_00269.jpg,0,train,data/raw/pool/neg_rvlcdip_other_00269.jpg
data/raw/pool/neg_rvlcdip_other_00270.jpg,0,train,data/raw/pool/neg_rvlcdip_other_00270.jpg
data/raw/pool/neg_rvlcdip_other_00273.jpg,0,train,data/raw/pool/neg_rvlcdip_other_00273.jpg
data/raw/pool/neg_rvlcdip_other_00274.jpg,0,train,data/raw/pool/neg_rvlcdip_other_00274.jpg
data/raw/pool/neg_rvlcdip_other_00275.jpg,0,train,data/raw/pool/neg_rvlcdip_other_00275.jpg
data/raw/pool/neg_rvlcdip_other_00276.jpg,0,train,data/raw/pool/neg_rvlcdip_other_00276.jpg
data/raw/pool/neg_rvlcdip_other_00277.jpg,0,train,data/raw/pool/neg_rvlcdip_other_00277.jpg
data/raw/pool/neg_rvlcdip_other_00279.jpg,0,train,data/raw/pool/neg_rvlcdip_other_00279.jpg
data/raw/pool/neg_rvlcdip_other_00281.jpg,0,train,data/raw/pool/neg_rvlcdip_other_00281.jpg
data/raw/pool/neg_rvlcdip_other_00282.jpg,0,train,data/raw/pool/neg_rvlcdip_other_00282.jpg
data/raw/pool/neg_rvlcdip_other_00285.jpg,0,train,data/raw/pool/neg_rvlcdip_other_00285.jpg
data/raw/pool/neg_rvlcdip_other_00286.jpg,0,train,data/raw/pool/neg_rvlcdip_other_00286.jpg
data/raw/pool/neg_rvlcdip_other_00287.jpg,0,train,data/raw/pool/neg_rvlcdip_other_00287.jpg
data/raw/pool/neg_rvlcdip_other_00288.jpg,0,train,data/raw/pool/neg_rvlcdip_other_00288.jpg
data/raw/pool/neg_rvlcdip_other_00290.jpg,0,train,data/raw/pool/neg_rvlcdip_other_00290.jpg
data/raw/pool/neg_rvlcdip_other_00291.jpg,0,train,data/raw/pool/neg_rvlcdip_other_00291.jpg
data/raw/pool/neg_rvlcdip_other_00292.jpg,0,train,data/raw/pool/neg_rvlcdip_other_00292.jpg
data/raw/pool/neg_rvlcdip_other_00293.jpg,0,train,data/raw/pool/neg_rvlcdip_other_00293.jpg
data/raw/pool/neg_rvlcdip_other_00294.jpg,0,train,data/raw/pool/neg_rvlcdip_other_00294.jpg
data/raw/pool/neg_rvlcdip_other_00296.jpg,0,train,data/raw/pool/neg_rvlcdip_other_00296.jpg
data/raw/pool/neg_rvlcdip_other_00298.jpg,0,train,data/raw/pool/neg_rvlcdip_other_00298.jpg
data/raw/pool/neg_rvlcdip_other_00299.jpg,0,train,data/raw/pool/neg_rvlcdip_other_00299.jpg
data/raw/pool/neg_rvlcdip_other_00300.jpg,0,train,data/raw/pool/neg_rvlcdip_other_00300.jpg
data/raw/pool/neg_rvlcdip_other_00301.jpg,0,train,data/raw/pool/neg_rvlcdip_other_00301.jpg
data/raw/pool/neg_rvlcdip_other_00302.jpg,0,train,data/raw/pool/neg_rvlcdip_other_00302.jpg
data/raw/pool/neg_rvlcdip_other_00303.jpg,0,train,data/raw/pool/neg_rvlcdip_other_00303.jpg
data/raw/pool/neg_rvlcdip_other_00306.jpg,0,train,data/raw/pool/neg_rvlcdip_other_00306.jpg
data/raw/pool/neg_rvlcdip_other_00308.jpg,0,train,data/raw/pool/neg_rvlcdip_other_00308.jpg
data/raw/pool/neg_rvlcdip_other_00310.jpg,0,train,data/raw/pool/neg_rvlcdip_other_00310.jpg
data/raw/pool/neg_rvlcdip_other_00311.jpg,0,train,data/raw/pool/neg_rvlcdip_other_00311.jpg
data/raw/pool/neg_rvlcdip_other_00312.jpg,0,train,data/raw/pool/neg_rvlcdip_other_00312.jpg
data/raw/pool/neg_rvlcdip_other_00313.jpg,0,train,data/raw/pool/neg_rvlcdip_other_00313.jpg
data/raw/pool/neg_rvlcdip_other_00315.jpg,0,train,data/raw/pool/neg_rvlcdip_other_00315.jpg
data/raw/pool/neg_rvlcdip_other_00316.jpg,0,train,data/raw/pool/neg_rvlcdip_other_00316.jpg
data/raw/pool/neg_rvlcdip_other_00317.jpg,0,train,data/raw/pool/neg_rvlcdip_other_00317.jpg
data/raw/pool/neg_rvlcdip_other_00318.jpg,0,train,data/raw/pool/neg_rvlcdip_other_00318.jpg
data/raw/pool/neg_rvlcdip_other_00319.jpg,0,train,data/raw/pool/neg_rvlcdip_other_00319.jpg
data/raw/pool/neg_rvlcdip_other_00321.jpg,0,train,data/raw/pool/neg_rvlcdip_other_00321.jpg
data/raw/pool/neg_rvlcdip_other_00322.jpg,0,train,data/raw/pool/neg_rvlcdip_other_00322.jpg
data/raw/pool/neg_rvlcdip_other_00324.jpg,0,train,data/raw/pool/neg_rvlcdip_other_00324.jpg
data/raw/pool/neg_rvlcdip_other_00326.jpg,0,train,data/raw/pool/neg_rvlcdip_other_00326.jpg
data/raw/pool/neg_rvlcdip_other_00327.jpg,0,train,data/raw/pool/neg_rvlcdip_other_00327.jpg
data/raw/pool/neg_rvlcdip_other_00328.jpg,0,train,data/raw/pool/neg_rvlcdip_other_00328.jpg
data/raw/pool/neg_rvlcdip_other_00329.jpg,0,train,data/raw/pool/neg_rvlcdip_other_00329.jpg
data/raw/pool/neg_rvlcdip_other_00332.jpg,0,train,data/raw/pool/neg_rvlcdip_other_00332.jpg
data/raw/pool/neg_rvlcdip_other_00334.jpg,0,train,data/raw/pool/neg_rvlcdip_other_00334.jpg
data/raw/pool/neg_rvlcdip_other_00335.jpg,0,train,data/raw/pool/neg_rvlcdip_other_00335.jpg
data/raw/pool/neg_rvlcdip_other_00336.jpg,0,train,data/raw/pool/neg_rvlcdip_other_00336.jpg
data/raw/pool/neg_rvlcdip_other_00337.jpg,0,train,data/raw/pool/neg_rvlcdip_other_00337.jpg
data/raw/pool/neg_rvlcdip_other_00338.jpg,0,train,data/raw/pool/neg_rvlcdip_other_00338.jpg
data/raw/pool/neg_rvlcdip_other_00339.jpg,0,train,data/raw/pool/neg_rvlcdip_other_00339.jpg
data/raw/pool/neg_rvlcdip_other_00340.jpg,0,train,data/raw/pool/neg_rvlcdip_other_00340.jpg
data/raw/pool/neg_rvlcdip_other_00342.jpg,0,train,data/raw/pool/neg_rvlcdip_other_00342.jpg
data/raw/pool/neg_rvlcdip_other_00343.jpg,0,train,data/raw/pool/neg_rvlcdip_other_00343.jpg
data/raw/pool/neg_rvlcdip_other_00344.jpg,0,train,data/raw/pool/neg_rvlcdip_other_00344.jpg
data/raw/pool/neg_rvlcdip_other_00345.jpg,0,train,data/raw/pool/neg_rvlcdip_other_00345.jpg
data/raw/pool/neg_rvlcdip_other_00346.jpg,0,train,data/raw/pool/neg_rvlcdip_other_00346.jpg
data/raw/pool/neg_rvlcdip_other_00347.jpg,0,train,data/raw/pool/neg_rvlcdip_other_00347.jpg
data/raw/pool/neg_rvlcdip_other_00348.jpg,0,train,data/raw/pool/neg_rvlcdip_other_00348.jpg
data/raw/pool/neg_rvlcdip_other_00350.jpg,0,train,data/raw/pool/neg_rvlcdip_other_00350.jpg
data/raw/pool/neg_rvlcdip_other_00351.jpg,0,train,data/raw/pool/neg_rvlcdip_other_00351.jpg
data/raw/pool/neg_rvlcdip_other_00352.jpg,0,train,data/raw/pool/neg_rvlcdip_other_00352.jpg
data/raw/pool/neg_rvlcdip_other_00354.jpg,0,train,data/raw/pool/neg_rvlcdip_other_00354.jpg
data/raw/pool/neg_rvlcdip_other_00355.jpg,0,train,data/raw/pool/neg_rvlcdip_other_00355.jpg
data/raw/pool/neg_rvlcdip_other_00356.jpg,0,train,data/raw/pool/neg_rvlcdip_other_00356.jpg
data/raw/pool/neg_rvlcdip_other_00357.jpg,0,train,data/raw/pool/neg_rvlcdip_other_00357.jpg
data/raw/pool/neg_rvlcdip_other_00358.jpg,0,train,data/raw/pool/neg_rvlcdip_other_00358.jpg
data/raw/pool/neg_rvlcdip_other_00359.jpg,0,train,data/raw/pool/neg_rvlcdip_other_00359.jpg
data/raw/pool/neg_rvlcdip_other_00360.jpg,0,train,data/raw/pool/neg_rvlcdip_other_00360.jpg
data/raw/pool/neg_rvlcdip_other_00361.jpg,0,train,data/raw/pool/neg_rvlcdip_other_00361.jpg
data/raw/pool/neg_rvlcdip_other_00362.jpg,0,train,data/raw/pool/neg_rvlcdip_other_00362.jpg
data/raw/pool/neg_rvlcdip_other_00363.jpg,0,train,data/raw/pool/neg_rvlcdip_other_00363.jpg
data/raw/pool/neg_rvlcdip_other_00364.jpg,0,train,data/raw/pool/neg_rvlcdip_other_00364.jpg
data/raw/pool/neg_rvlcdip_other_00365.jpg,0,train,data/raw/pool/neg_rvlcdip_other_00365.jpg
data/raw/pool/neg_rvlcdip_other_00366.jpg,0,train,data/raw/pool/neg_rvlcdip_other_00366.jpg
data/raw/pool/neg_rvlcdip_other_00367.jpg,0,train,data/raw/pool/neg_rvlcdip_other_00367.jpg
data/raw/pool/neg_rvlcdip_other_00368.jpg,0,train,data/raw/pool/neg_rvlcdip_other_00368.jpg
data/raw/pool/neg_rvlcdip_other_00369.jpg,0,train,data/raw/pool/neg_rvlcdip_other_00369.jpg
data/raw/pool/neg_rvlcdip_other_00370.jpg,0,train,data/raw/pool/neg_rvlcdip_other_00370.jpg
data/raw/pool/neg_rvlcdip_other_00371.jpg,0,train,data/raw/pool/neg_rvlcdip_other_00371.jpg
data/raw/pool/neg_rvlcdip_other_00372.jpg,0,train,data/raw/pool/neg_rvlcdip_other_00372.jpg
data/raw/pool/neg_rvlcdip_other_00373.jpg,0,train,data/raw/pool/neg_rvlcdip_other_00373.jpg
data/raw/pool/neg_rvlcdip_other_00374.jpg,0,train,data/raw/pool/neg_rvlcdip_other_00374.jpg
data/raw/pool/neg_rvlcdip_other_00375.jpg,0,train,data/raw/pool/neg_rvlcdip_other_00375.jpg
data/raw/pool/neg_rvlcdip_other_00376.jpg,0,train,data/raw/pool/neg_rvlcdip_other_00376.jpg
data/raw/pool/neg_rvlcdip_other_00377.jpg,0,train,data/raw/pool/neg_rvlcdip_other_00377.jpg
data/raw/pool/neg_rvlcdip_other_00378.jpg,0,train,data/raw/pool/neg_rvlcdip_other_00378.jpg
data/raw/pool/neg_rvlcdip_other_00380.jpg,0,train,data/raw/pool/neg_rvlcdip_other_00380.jpg
data/raw/pool/neg_rvlcdip_other_00381.jpg,0,train,data/raw/pool/neg_rvlcdip_other_00381.jpg
data/raw/pool/neg_rvlcdip_other_00382.jpg,0,train,data/raw/pool/neg_rvlcdip_other_00382.jpg
data/raw/pool/neg_rvlcdip_other_00384.jpg,0,train,data/raw/pool/neg_rvlcdip_other_00384.jpg
data/raw/pool/neg_rvlcdip_other_00385.jpg,0,train,data/raw/pool/neg_rvlcdip_other_00385.jpg
data/raw/pool/neg_rvlcdip_other_00386.jpg,0,train,data/raw/pool/neg_rvlcdip_other_00386.jpg
data/raw/pool/neg_rvlcdip_other_00387.jpg,0,train,data/raw/pool/neg_rvlcdip_other_00387.jpg
data/raw/pool/neg_rvlcdip_other_00388.jpg,0,train,data/raw/pool/neg_rvlcdip_other_00388.jpg
data/raw/pool/neg_rvlcdip_other_00389.jpg,0,train,data/raw/pool/neg_rvlcdip_other_00389.jpg
data/raw/pool/neg_rvlcdip_other_00390.jpg,0,train,data/raw/pool/neg_rvlcdip_other_00390.jpg
data/raw/pool/neg_rvlcdip_other_00391.jpg,0,train,data/raw/pool/neg_rvlcdip_other_00391.jpg
data/raw/pool/neg_rvlcdip_other_00392.jpg,0,train,data/raw/pool/neg_rvlcdip_other_00392.jpg
data/raw/pool/neg_rvlcdip_other_00393.jpg,0,train,data/raw/pool/neg_rvlcdip_other_00393.jpg
data/raw/pool/neg_rvlcdip_other_00395.jpg,0,train,data/raw/pool/neg_rvlcdip_other_00395.jpg
data/raw/pool/neg_rvlcdip_other_00396.jpg,0,train,data/raw/pool/neg_rvlcdip_other_00396.jpg
data/raw/pool/neg_rvlcdip_other_00398.jpg,0,train,data/raw/pool/neg_rvlcdip_other_00398.jpg
data/raw/pool/neg_rvlcdip_other_00399.jpg,0,train,data/raw/pool/neg_rvlcdip_other_00399.jpg
data/raw/pool/neg_rvlcdip_other_00400.jpg,0,train,data/raw/pool/neg_rvlcdip_other_00400.jpg
data/raw/pool/neg_rvlcdip_other_00401.jpg,0,train,data/raw/pool/neg_rvlcdip_other_00401.jpg
data/raw/pool/neg_rvlcdip_other_00402.jpg,0,train,data/raw/pool/neg_rvlcdip_other_00402.jpg
data/raw/pool/neg_rvlcdip_other_00403.jpg,0,train,data/raw/pool/neg_rvlcdip_other_00403.jpg
data/raw/pool/neg_rvlcdip_other_00404.jpg,0,train,data/raw/pool/neg_rvlcdip_other_00404.jpg
data/raw/pool/neg_rvlcdip_other_00407.jpg,0,train,data/raw/pool/neg_rvlcdip_other_00407.jpg
data/raw/pool/neg_rvlcdip_other_00409.jpg,0,train,data/raw/pool/neg_rvlcdip_other_00409.jpg
data/raw/pool/neg_rvlcdip_other_00410.jpg,0,train,data/raw/pool/neg_rvlcdip_other_00410.jpg
data/raw/pool/neg_rvlcdip_other_00412.jpg,0,train,data/raw/pool/neg_rvlcdip_other_00412.jpg
data/raw/pool/neg_rvlcdip_other_00413.jpg,0,train,data/raw/pool/neg_rvlcdip_other_00413.jpg
data/raw/pool/neg_rvlcdip_other_00414.jpg,0,train,data/raw/pool/neg_rvlcdip_other_00414.jpg
data/raw/pool/neg_rvlcdip_other_00417.jpg,0,train,data/raw/pool/neg_rvlcdip_other_00417.jpg
data/raw/pool/neg_rvlcdip_other_00418.jpg,0,train,data/raw/pool/neg_rvlcdip_other_00418.jpg
data/raw/pool/neg_rvlcdip_other_00419.jpg,0,train,data/raw/pool/neg_rvlcdip_other_00419.jpg
data/raw/pool/neg_rvlcdip_other_00420.jpg,0,train,data/raw/pool/neg_rvlcdip_other_00420.jpg
data/raw/pool/neg_rvlcdip_other_00421.jpg,0,train,data/raw/pool/neg_rvlcdip_other_00421.jpg
data/raw/pool/neg_rvlcdip_other_00422.jpg,0,train,data/raw/pool/neg_rvlcdip_other_00422.jpg
data/raw/pool/neg_rvlcdip_other_00423.jpg,0,train,data/raw/pool/neg_rvlcdip_other_00423.jpg
data/raw/pool/neg_rvlcdip_other_00424.jpg,0,train,data/raw/pool/neg_rvlcdip_other_00424.jpg
data/raw/pool/neg_rvlcdip_other_00425.jpg,0,train,data/raw/pool/neg_rvlcdip_other_00425.jpg
data/raw/pool/neg_rvlcdip_other_00427.jpg,0,train,data/raw/pool/neg_rvlcdip_other_00427.jpg
data/raw/pool/neg_rvlcdip_other_00429.jpg,0,train,data/raw/pool/neg_rvlcdip_other_00429.jpg
data/raw/pool/neg_rvlcdip_other_00431.jpg,0,train,data/raw/pool/neg_rvlcdip_other_00431.jpg
data/raw/pool/neg_rvlcdip_other_00432.jpg,0,train,data/raw/pool/neg_rvlcdip_other_00432.jpg
data/raw/pool/neg_rvlcdip_other_00433.jpg,0,train,data/raw/pool/neg_rvlcdip_other_00433.jpg
data/raw/pool/neg_rvlcdip_other_00434.jpg,0,train,data/raw/pool/neg_rvlcdip_other_00434.jpg
data/raw/pool/neg_rvlcdip_other_00435.jpg,0,train,data/raw/pool/neg_rvlcdip_other_00435.jpg
data/raw/pool/neg_rvlcdip_other_00436.jpg,0,train,data/raw/pool/neg_rvlcdip_other_00436.jpg
data/raw/pool/neg_rvlcdip_other_00437.jpg,0,train,data/raw/pool/neg_rvlcdip_other_00437.jpg
data/raw/pool/neg_rvlcdip_other_00438.jpg,0,train,data/raw/pool/neg_rvlcdip_other_00438.jpg
data/raw/pool/neg_rvlcdip_other_00439.jpg,0,train,data/raw/pool/neg_rvlcdip_other_00439.jpg
data/raw/pool/neg_rvlcdip_other_00440.jpg,0,train,data/raw/pool/neg_rvlcdip_other_00440.jpg
data/raw/pool/neg_rvlcdip_other_00441.jpg,0,train,data/raw/pool/neg_rvlcdip_other_00441.jpg
data/raw/pool/neg_rvlcdip_other_00442.jpg,0,train,data/raw/pool/neg_rvlcdip_other_00442.jpg
data/raw/pool/neg_rvlcdip_other_00445.jpg,0,train,data/raw/pool/neg_rvlcdip_other_00445.jpg
data/raw/pool/neg_rvlcdip_other_00447.jpg,0,train,data/raw/pool/neg_rvlcdip_other_00447.jpg
data/raw/pool/neg_rvlcdip_other_00449.jpg,0,train,data/raw/pool/neg_rvlcdip_other_00449.jpg
data/raw/pool/neg_rvlcdip_other_00450.jpg,0,train,data/raw/pool/neg_rvlcdip_other_00450.jpg
data/raw/pool/neg_rvlcdip_other_00451.jpg,0,train,data/raw/pool/neg_rvlcdip_other_00451.jpg
data/raw/pool/neg_rvlcdip_other_00452.jpg,0,train,data/raw/pool/neg_rvlcdip_other_00452.jpg
data/raw/pool/neg_rvlcdip_other_00453.jpg,0,train,data/raw/pool/neg_rvlcdip_other_00453.jpg
data/raw/pool/neg_rvlcdip_other_00454.jpg,0,train,data/raw/pool/neg_rvlcdip_other_00454.jpg
data/raw/pool/neg_rvlcdip_other_00455.jpg,0,train,data/raw/pool/neg_rvlcdip_other_00455.jpg
data/raw/pool/neg_rvlcdip_other_00456.jpg,0,train,data/raw/pool/neg_rvlcdip_other_00456.jpg
data/raw/pool/neg_rvlcdip_other_00458.jpg,0,train,data/raw/pool/neg_rvlcdip_other_00458.jpg
data/raw/pool/neg_rvlcdip_other_00459.jpg,0,train,data/raw/pool/neg_rvlcdip_other_00459.jpg
data/raw/pool/neg_rvlcdip_other_00460.jpg,0,train,data/raw/pool/neg_rvlcdip_other_00460.jpg
data/raw/pool/neg_rvlcdip_other_00462.jpg,0,train,data/raw/pool/neg_rvlcdip_other_00462.jpg
data/raw/pool/neg_rvlcdip_other_00463.jpg,0,train,data/raw/pool/neg_rvlcdip_other_00463.jpg
data/raw/pool/neg_rvlcdip_other_00465.jpg,0,train,data/raw/pool/neg_rvlcdip_other_00465.jpg
data/raw/pool/neg_rvlcdip_other_00466.jpg,0,train,data/raw/pool/neg_rvlcdip_other_00466.jpg
data/raw/pool/neg_rvlcdip_other_00468.jpg,0,train,data/raw/pool/neg_rvlcdip_other_00468.jpg
data/raw/pool/neg_rvlcdip_other_00469.jpg,0,train,data/raw/pool/neg_rvlcdip_other_00469.jpg
data/raw/pool/neg_rvlcdip_other_00470.jpg,0,train,data/raw/pool/neg_rvlcdip_other_00470.jpg
data/raw/pool/neg_rvlcdip_other_00471.jpg,0,train,data/raw/pool/neg_rvlcdip_other_00471.jpg
data/raw/pool/neg_rvlcdip_other_00472.jpg,0,train,data/raw/pool/neg_rvlcdip_other_00472.jpg
data/raw/pool/neg_rvlcdip_other_00473.jpg,0,train,data/raw/pool/neg_rvlcdip_other_00473.jpg
data/raw/pool/neg_rvlcdip_other_00474.jpg,0,train,data/raw/pool/neg_rvlcdip_other_00474.jpg
data/raw/pool/neg_rvlcdip_other_00475.jpg,0,train,data/raw/pool/neg_rvlcdip_other_00475.jpg
data/raw/pool/neg_rvlcdip_other_00476.jpg,0,train,data/raw/pool/neg_rvlcdip_other_00476.jpg
data/raw/pool/neg_rvlcdip_other_00477.jpg,0,train,data/raw/pool/neg_rvlcdip_other_00477.jpg
data/raw/pool/neg_rvlcdip_other_00478.jpg,0,train,data/raw/pool/neg_rvlcdip_other_00478.jpg
data/raw/pool/neg_rvlcdip_other_00479.jpg,0,train,data/raw/pool/neg_rvlcdip_other_00479.jpg
data/raw/pool/neg_rvlcdip_other_00480.jpg,0,train,data/raw/pool/neg_rvlcdip_other_00480.jpg
data/raw/pool/neg_rvlcdip_other_00481.jpg,0,train,data/raw/pool/neg_rvlcdip_other_00481.jpg
data/raw/pool/neg_rvlcdip_other_00483.jpg,0,train,data/raw/pool/neg_rvlcdip_other_00483.jpg
data/raw/pool/neg_rvlcdip_other_00485.jpg,0,train,data/raw/pool/neg_rvlcdip_other_00485.jpg
data/raw/pool/neg_rvlcdip_other_00486.jpg,0,train,data/raw/pool/neg_rvlcdip_other_00486.jpg
data/raw/pool/neg_rvlcdip_other_00490.jpg,0,train,data/raw/pool/neg_rvlcdip_other_00490.jpg
data/raw/pool/neg_rvlcdip_other_00491.jpg,0,train,data/raw/pool/neg_rvlcdip_other_00491.jpg
data/raw/pool/neg_rvlcdip_other_00492.jpg,0,train,data/raw/pool/neg_rvlcdip_other_00492.jpg
data/raw/pool/neg_rvlcdip_other_00493.jpg,0,train,data/raw/pool/neg_rvlcdip_other_00493.jpg
data/raw/pool/neg_rvlcdip_other_00494.jpg,0,train,data/raw/pool/neg_rvlcdip_other_00494.jpg
data/raw/pool/neg_rvlcdip_other_00496.jpg,0,train,data/raw/pool/neg_rvlcdip_other_00496.jpg
data/raw/pool/neg_rvlcdip_other_00497.jpg,0,train,data/raw/pool/neg_rvlcdip_other_00497.jpg
data/raw/pool/neg_rvlcdip_other_00498.jpg,0,train,data/raw/pool/neg_rvlcdip_other_00498.jpg
data/raw/pool/neg_rvlcdip_other_00499.jpg,0,train,data/raw/pool/neg_rvlcdip_other_00499.jpg
data/raw/pool/neg_rvlcdip_other_00501.jpg,0,train,data/raw/pool/neg_rvlcdip_other_00501.jpg
data/raw/pool/neg_rvlcdip_other_00502.jpg,0,train,data/raw/pool/neg_rvlcdip_other_00502.jpg
data/raw/pool/neg_rvlcdip_other_00503.jpg,0,train,data/raw/pool/neg_rvlcdip_other_00503.jpg
data/raw/pool/neg_rvlcdip_other_00504.jpg,0,train,data/raw/pool/neg_rvlcdip_other_00504.jpg
data/raw/pool/neg_rvlcdip_other_00505.jpg,0,train,data/raw/pool/neg_rvlcdip_other_00505.jpg
data/raw/pool/neg_rvlcdip_other_00506.jpg,0,train,data/raw/pool/neg_rvlcdip_other_00506.jpg
data/raw/pool/neg_rvlcdip_other_00507.jpg,0,train,data/raw/pool/neg_rvlcdip_other_00507.jpg
data/raw/pool/neg_rvlcdip_other_00509.jpg,0,train,data/raw/pool/neg_rvlcdip_other_00509.jpg
data/raw/pool/neg_rvlcdip_other_00510.jpg,0,train,data/raw/pool/neg_rvlcdip_other_00510.jpg
data/raw/pool/neg_rvlcdip_other_00512.jpg,0,train,data/raw/pool/neg_rvlcdip_other_00512.jpg
data/raw/pool/neg_rvlcdip_other_00513.jpg,0,train,data/raw/pool/neg_rvlcdip_other_00513.jpg
data/raw/pool/neg_rvlcdip_other_00514.jpg,0,train,data/raw/pool/neg_rvlcdip_other_00514.jpg
data/raw/pool/neg_rvlcdip_other_00515.jpg,0,train,data/raw/pool/neg_rvlcdip_other_00515.jpg
data/raw/pool/neg_rvlcdip_other_00517.jpg,0,train,data/raw/pool/neg_rvlcdip_other_00517.jpg
data/raw/pool/neg_rvlcdip_other_00518.jpg,0,train,data/raw/pool/neg_rvlcdip_other_00518.jpg
data/raw/pool/neg_rvlcdip_other_00519.jpg,0,train,data/raw/pool/neg_rvlcdip_other_00519.jpg
data/raw/pool/neg_rvlcdip_other_00520.jpg,0,train,data/raw/pool/neg_rvlcdip_other_00520.jpg
data/raw/pool/neg_rvlcdip_other_00521.jpg,0,train,data/raw/pool/neg_rvlcdip_other_00521.jpg
data/raw/pool/neg_rvlcdip_other_00523.jpg,0,train,data/raw/pool/neg_rvlcdip_other_00523.jpg
data/raw/pool/neg_rvlcdip_other_00524.jpg,0,train,data/raw/pool/neg_rvlcdip_other_00524.jpg
data/raw/pool/neg_rvlcdip_other_00525.jpg,0,train,data/raw/pool/neg_rvlcdip_other_00525.jpg
data/raw/pool/neg_rvlcdip_other_00526.jpg,0,train,data/raw/pool/neg_rvlcdip_other_00526.jpg
data/raw/pool/neg_rvlcdip_other_00528.jpg,0,train,data/raw/pool/neg_rvlcdip_other_00528.jpg
data/raw/pool/neg_rvlcdip_other_00529.jpg,0,train,data/raw/pool/neg_rvlcdip_other_00529.jpg
data/raw/pool/neg_rvlcdip_other_00530.jpg,0,train,data/raw/pool/neg_rvlcdip_other_00530.jpg
data/raw/pool/neg_rvlcdip_other_00532.jpg,0,train,data/raw/pool/neg_rvlcdip_other_00532.jpg
data/raw/pool/neg_rvlcdip_other_00533.jpg,0,train,data/raw/pool/neg_rvlcdip_other_00533.jpg
data/raw/pool/neg_rvlcdip_other_00535.jpg,0,train,data/raw/pool/neg_rvlcdip_other_00535.jpg
data/raw/pool/neg_rvlcdip_other_00537.jpg,0,train,data/raw/pool/neg_rvlcdip_other_00537.jpg
data/raw/pool/neg_rvlcdip_other_00538.jpg,0,train,data/raw/pool/neg_rvlcdip_other_00538.jpg
data/raw/pool/neg_rvlcdip_other_00540.jpg,0,train,data/raw/pool/neg_rvlcdip_other_00540.jpg
data/raw/pool/neg_rvlcdip_other_00541.jpg,0,train,data/raw/pool/neg_rvlcdip_other_00541.jpg
data/raw/pool/neg_rvlcdip_other_00542.jpg,0,train,data/raw/pool/neg_rvlcdip_other_00542.jpg
data/raw/pool/neg_rvlcdip_other_00544.jpg,0,train,data/raw/pool/neg_rvlcdip_other_00544.jpg
data/raw/pool/neg_rvlcdip_other_00546.jpg,0,train,data/raw/pool/neg_rvlcdip_other_00546.jpg
data/raw/pool/neg_rvlcdip_other_00547.jpg,0,train,data/raw/pool/neg_rvlcdip_other_00547.jpg
data/raw/pool/neg_rvlcdip_other_00548.jpg,0,train,data/raw/pool/neg_rvlcdip_other_00548.jpg
data/raw/pool/neg_rvlcdip_other_00549.jpg,0,train,data/raw/pool/neg_rvlcdip_other_00549.jpg
data/raw/pool/neg_rvlcdip_other_00550.jpg,0,train,data/raw/pool/neg_rvlcdip_other_00550.jpg
data/raw/pool/neg_rvlcdip_other_00551.jpg,0,train,data/raw/pool/neg_rvlcdip_other_00551.jpg
data/raw/pool/neg_rvlcdip_other_00553.jpg,0,train,data/raw/pool/neg_rvlcdip_other_00553.jpg
data/raw/pool/neg_rvlcdip_other_00554.jpg,0,train,data/raw/pool/neg_rvlcdip_other_00554.jpg
data/raw/pool/neg_rvlcdip_other_00555.jpg,0,train,data/raw/pool/neg_rvlcdip_other_00555.jpg
data/raw/pool/neg_rvlcdip_other_00556.jpg,0,train,data/raw/pool/neg_rvlcdip_other_00556.jpg
data/raw/pool/neg_rvlcdip_other_00557.jpg,0,train,data/raw/pool/neg_rvlcdip_other_00557.jpg
data/raw/pool/neg_rvlcdip_other_00558.jpg,0,train,data/raw/pool/neg_rvlcdip_other_00558.jpg
data/raw/pool/neg_rvlcdip_other_00559.jpg,0,train,data/raw/pool/neg_rvlcdip_other_00559.jpg
data/raw/pool/neg_rvlcdip_other_00560.jpg,0,train,data/raw/pool/neg_rvlcdip_other_00560.jpg
data/raw/pool/neg_rvlcdip_other_00561.jpg,0,train,data/raw/pool/neg_rvlcdip_other_00561.jpg
data/raw/pool/neg_rvlcdip_other_00562.jpg,0,train,data/raw/pool/neg_rvlcdip_other_00562.jpg
data/raw/pool/neg_rvlcdip_other_00563.jpg,0,train,data/raw/pool/neg_rvlcdip_other_00563.jpg
data/raw/pool/neg_rvlcdip_other_00564.jpg,0,train,data/raw/pool/neg_rvlcdip_other_00564.jpg
data/raw/pool/neg_rvlcdip_other_00565.jpg,0,train,data/raw/pool/neg_rvlcdip_other_00565.jpg
data/raw/pool/neg_rvlcdip_other_00566.jpg,0,train,data/raw/pool/neg_rvlcdip_other_00566.jpg
data/raw/pool/neg_rvlcdip_other_00567.jpg,0,train,data/raw/pool/neg_rvlcdip_other_00567.jpg
data/raw/pool/neg_rvlcdip_other_00568.jpg,0,train,data/raw/pool/neg_rvlcdip_other_00568.jpg
data/raw/pool/neg_rvlcdip_other_00569.jpg,0,train,data/raw/pool/neg_rvlcdip_other_00569.jpg
data/raw/pool/neg_rvlcdip_other_00570.jpg,0,train,data/raw/pool/neg_rvlcdip_other_00570.jpg
data/raw/pool/neg_rvlcdip_other_00571.jpg,0,train,data/raw/pool/neg_rvlcdip_other_00571.jpg
data/raw/pool/neg_rvlcdip_other_00573.jpg,0,train,data/raw/pool/neg_rvlcdip_other_00573.jpg
data/raw/pool/neg_rvlcdip_other_00574.jpg,0,train,data/raw/pool/neg_rvlcdip_other_00574.jpg
data/raw/pool/neg_rvlcdip_other_00576.jpg,0,train,data/raw/pool/neg_rvlcdip_other_00576.jpg
data/raw/pool/neg_rvlcdip_other_00577.jpg,0,train,data/raw/pool/neg_rvlcdip_other_00577.jpg
data/raw/pool/neg_rvlcdip_other_00579.jpg,0,train,data/raw/pool/neg_rvlcdip_other_00579.jpg
data/raw/pool/neg_rvlcdip_other_00580.jpg,0,train,data/raw/pool/neg_rvlcdip_other_00580.jpg
data/raw/pool/neg_rvlcdip_other_00581.jpg,0,train,data/raw/pool/neg_rvlcdip_other_00581.jpg
data/raw/pool/neg_rvlcdip_other_00582.jpg,0,train,data/raw/pool/neg_rvlcdip_other_00582.jpg
data/raw/pool/neg_rvlcdip_other_00584.jpg,0,train,data/raw/pool/neg_rvlcdip_other_00584.jpg
data/raw/pool/neg_rvlcdip_other_00585.jpg,0,train,data/raw/pool/neg_rvlcdip_other_00585.jpg
data/raw/pool/neg_rvlcdip_other_00586.jpg,0,train,data/raw/pool/neg_rvlcdip_other_00586.jpg
data/raw/pool/neg_rvlcdip_other_00587.jpg,0,train,data/raw/pool/neg_rvlcdip_other_00587.jpg
data/raw/pool/neg_rvlcdip_other_00588.jpg,0,train,data/raw/pool/neg_rvlcdip_other_00588.jpg
data/raw/pool/neg_rvlcdip_other_00589.jpg,0,train,data/raw/pool/neg_rvlcdip_other_00589.jpg
data/raw/pool/neg_rvlcdip_other_00590.jpg,0,train,data/raw/pool/neg_rvlcdip_other_00590.jpg
data/raw/pool/neg_rvlcdip_other_00591.jpg,0,train,data/raw/pool/neg_rvlcdip_other_00591.jpg
data/raw/pool/neg_rvlcdip_other_00592.jpg,0,train,data/raw/pool/neg_rvlcdip_other_00592.jpg
data/raw/pool/neg_rvlcdip_other_00593.jpg,0,train,data/raw/pool/neg_rvlcdip_other_00593.jpg
data/raw/pool/neg_rvlcdip_other_00594.jpg,0,train,data/raw/pool/neg_rvlcdip_other_00594.jpg
data/raw/pool/neg_rvlcdip_other_00595.jpg,0,train,data/raw/pool/neg_rvlcdip_other_00595.jpg
data/raw/pool/neg_rvlcdip_other_00596.jpg,0,train,data/raw/pool/neg_rvlcdip_other_00596.jpg
data/raw/pool/neg_rvlcdip_other_00597.jpg,0,train,data/raw/pool/neg_rvlcdip_other_00597.jpg
data/raw/pool/neg_rvlcdip_other_00598.jpg,0,train,data/raw/pool/neg_rvlcdip_other_00598.jpg
data/raw/pool/neg_rvlcdip_other_00600.jpg,0,train,data/raw/pool/neg_rvlcdip_other_00600.jpg
data/raw/pool/neg_rvlcdip_other_00602.jpg,0,train,data/raw/pool/neg_rvlcdip_other_00602.jpg
data/raw/pool/neg_rvlcdip_other_00604.jpg,0,train,data/raw/pool/neg_rvlcdip_other_00604.jpg
data/raw/pool/neg_rvlcdip_other_00605.jpg,0,train,data/raw/pool/neg_rvlcdip_other_00605.jpg
data/raw/pool/neg_rvlcdip_other_00606.jpg,0,train,data/raw/pool/neg_rvlcdip_other_00606.jpg
data/raw/pool/neg_rvlcdip_other_00607.jpg,0,train,data/raw/pool/neg_rvlcdip_other_00607.jpg
data/raw/pool/neg_rvlcdip_other_00608.jpg,0,train,data/raw/pool/neg_rvlcdip_other_00608.jpg
data/raw/pool/neg_rvlcdip_other_00609.jpg,0,train,data/raw/pool/neg_rvlcdip_other_00609.jpg
data/raw/pool/neg_rvlcdip_other_00612.jpg,0,train,data/raw/pool/neg_rvlcdip_other_00612.jpg
data/raw/pool/neg_rvlcdip_other_00613.jpg,0,train,data/raw/pool/neg_rvlcdip_other_00613.jpg
data/raw/pool/neg_rvlcdip_other_00614.jpg,0,train,data/raw/pool/neg_rvlcdip_other_00614.jpg
data/raw/pool/neg_rvlcdip_other_00615.jpg,0,train,data/raw/pool/neg_rvlcdip_other_00615.jpg
data/raw/pool/neg_rvlcdip_other_00616.jpg,0,train,data/raw/pool/neg_rvlcdip_other_00616.jpg
data/raw/pool/neg_rvlcdip_other_00618.jpg,0,train,data/raw/pool/neg_rvlcdip_other_00618.jpg
data/raw/pool/neg_rvlcdip_other_00619.jpg,0,train,data/raw/pool/neg_rvlcdip_other_00619.jpg
data/raw/pool/neg_rvlcdip_other_00620.jpg,0,train,data/raw/pool/neg_rvlcdip_other_00620.jpg
data/raw/pool/neg_rvlcdip_other_00621.jpg,0,train,data/raw/pool/neg_rvlcdip_other_00621.jpg
data/raw/pool/neg_rvlcdip_other_00622.jpg,0,train,data/raw/pool/neg_rvlcdip_other_00622.jpg
data/raw/pool/neg_rvlcdip_other_00623.jpg,0,train,data/raw/pool/neg_rvlcdip_other_00623.jpg
data/raw/pool/neg_rvlcdip_other_00624.jpg,0,train,data/raw/pool/neg_rvlcdip_other_00624.jpg
data/raw/pool/neg_rvlcdip_other_00625.jpg,0,train,data/raw/pool/neg_rvlcdip_other_00625.jpg
data/raw/pool/neg_rvlcdip_other_00627.jpg,0,train,data/raw/pool/neg_rvlcdip_other_00627.jpg
data/raw/pool/neg_rvlcdip_other_00628.jpg,0,train,data/raw/pool/neg_rvlcdip_other_00628.jpg
data/raw/pool/neg_rvlcdip_other_00629.jpg,0,train,data/raw/pool/neg_rvlcdip_other_00629.jpg
data/raw/pool/neg_rvlcdip_other_00630.jpg,0,train,data/raw/pool/neg_rvlcdip_other_00630.jpg
data/raw/pool/neg_rvlcdip_other_00632.jpg,0,train,data/raw/pool/neg_rvlcdip_other_00632.jpg
data/raw/pool/neg_rvlcdip_other_00633.jpg,0,train,data/raw/pool/neg_rvlcdip_other_00633.jpg
data/raw/pool/neg_rvlcdip_other_00635.jpg,0,train,data/raw/pool/neg_rvlcdip_other_00635.jpg
data/raw/pool/neg_rvlcdip_other_00636.jpg,0,train,data/raw/pool/neg_rvlcdip_other_00636.jpg
data/raw/pool/neg_rvlcdip_other_00637.jpg,0,train,data/raw/pool/neg_rvlcdip_other_00637.jpg
data/raw/pool/neg_rvlcdip_other_00638.jpg,0,train,data/raw/pool/neg_rvlcdip_other_00638.jpg
data/raw/pool/neg_rvlcdip_other_00639.jpg,0,train,data/raw/pool/neg_rvlcdip_other_00639.jpg
data/raw/pool/neg_rvlcdip_other_00640.jpg,0,train,data/raw/pool/neg_rvlcdip_other_00640.jpg
data/raw/pool/neg_rvlcdip_other_00641.jpg,0,train,data/raw/pool/neg_rvlcdip_other_00641.jpg
data/raw/pool/neg_rvlcdip_other_00642.jpg,0,train,data/raw/pool/neg_rvlcdip_other_00642.jpg
data/raw/pool/neg_rvlcdip_other_00643.jpg,0,train,data/raw/pool/neg_rvlcdip_other_00643.jpg
data/raw/pool/neg_rvlcdip_other_00644.jpg,0,train,data/raw/pool/neg_rvlcdip_other_00644.jpg
data/raw/pool/neg_rvlcdip_other_00645.jpg,0,train,data/raw/pool/neg_rvlcdip_other_00645.jpg
data/raw/pool/neg_rvlcdip_other_00646.jpg,0,train,data/raw/pool/neg_rvlcdip_other_00646.jpg
data/raw/pool/neg_rvlcdip_other_00647.jpg,0,train,data/raw/pool/neg_rvlcdip_other_00647.jpg
data/raw/pool/neg_rvlcdip_other_00648.jpg,0,train,data/raw/pool/neg_rvlcdip_other_00648.jpg
data/raw/pool/neg_rvlcdip_other_00650.jpg,0,train,data/raw/pool/neg_rvlcdip_other_00650.jpg
data/raw/pool/neg_rvlcdip_other_00651.jpg,0,train,data/raw/pool/neg_rvlcdip_other_00651.jpg
data/raw/pool/neg_rvlcdip_other_00655.jpg,0,train,data/raw/pool/neg_rvlcdip_other_00655.jpg
data/raw/pool/neg_rvlcdip_other_00656.jpg,0,train,data/raw/pool/neg_rvlcdip_other_00656.jpg
data/raw/pool/neg_rvlcdip_other_00658.jpg,0,train,data/raw/pool/neg_rvlcdip_other_00658.jpg
data/raw/pool/neg_rvlcdip_other_00659.jpg,0,train,data/raw/pool/neg_rvlcdip_other_00659.jpg
data/raw/pool/neg_rvlcdip_other_00660.jpg,0,train,data/raw/pool/neg_rvlcdip_other_00660.jpg
data/raw/pool/neg_rvlcdip_other_00661.jpg,0,train,data/raw/pool/neg_rvlcdip_other_00661.jpg
data/raw/pool/neg_rvlcdip_other_00663.jpg,0,train,data/raw/pool/neg_rvlcdip_other_00663.jpg
data/raw/pool/neg_rvlcdip_other_00664.jpg,0,train,data/raw/pool/neg_rvlcdip_other_00664.jpg
data/raw/pool/neg_rvlcdip_other_00665.jpg,0,train,data/raw/pool/neg_rvlcdip_other_00665.jpg
data/raw/pool/neg_rvlcdip_other_00667.jpg,0,train,data/raw/pool/neg_rvlcdip_other_00667.jpg
data/raw/pool/neg_rvlcdip_other_00670.jpg,0,train,data/raw/pool/neg_rvlcdip_other_00670.jpg
data/raw/pool/neg_rvlcdip_other_00671.jpg,0,train,data/raw/pool/neg_rvlcdip_other_00671.jpg
data/raw/pool/neg_rvlcdip_other_00672.jpg,0,train,data/raw/pool/neg_rvlcdip_other_00672.jpg
data/raw/pool/neg_rvlcdip_other_00673.jpg,0,train,data/raw/pool/neg_rvlcdip_other_00673.jpg
data/raw/pool/neg_rvlcdip_other_00674.jpg,0,train,data/raw/pool/neg_rvlcdip_other_00674.jpg
data/raw/pool/neg_rvlcdip_other_00675.jpg,0,train,data/raw/pool/neg_rvlcdip_other_00675.jpg
data/raw/pool/neg_rvlcdip_other_00676.jpg,0,train,data/raw/pool/neg_rvlcdip_other_00676.jpg
data/raw/pool/neg_rvlcdip_other_00677.jpg,0,train,data/raw/pool/neg_rvlcdip_other_00677.jpg
data/raw/pool/neg_rvlcdip_other_00678.jpg,0,train,data/raw/pool/neg_rvlcdip_other_00678.jpg
data/raw/pool/neg_rvlcdip_other_00679.jpg,0,train,data/raw/pool/neg_rvlcdip_other_00679.jpg
data/raw/pool/neg_rvlcdip_other_00682.jpg,0,train,data/raw/pool/neg_rvlcdip_other_00682.jpg
data/raw/pool/neg_rvlcdip_other_00683.jpg,0,train,data/raw/pool/neg_rvlcdip_other_00683.jpg
data/raw/pool/neg_rvlcdip_other_00684.jpg,0,train,data/raw/pool/neg_rvlcdip_other_00684.jpg
data/raw/pool/neg_rvlcdip_other_00686.jpg,0,train,data/raw/pool/neg_rvlcdip_other_00686.jpg
data/raw/pool/neg_rvlcdip_other_00689.jpg,0,train,data/raw/pool/neg_rvlcdip_other_00689.jpg
data/raw/pool/neg_rvlcdip_other_00690.jpg,0,train,data/raw/pool/neg_rvlcdip_other_00690.jpg
data/raw/pool/neg_rvlcdip_other_00691.jpg,0,train,data/raw/pool/neg_rvlcdip_other_00691.jpg
data/raw/pool/neg_rvlcdip_other_00693.jpg,0,train,data/raw/pool/neg_rvlcdip_other_00693.jpg
data/raw/pool/neg_rvlcdip_other_00695.jpg,0,train,data/raw/pool/neg_rvlcdip_other_00695.jpg
data/raw/pool/neg_rvlcdip_other_00696.jpg,0,train,data/raw/pool/neg_rvlcdip_other_00696.jpg
data/raw/pool/neg_rvlcdip_other_00697.jpg,0,train,data/raw/pool/neg_rvlcdip_other_00697.jpg
data/raw/pool/neg_rvlcdip_other_00698.jpg,0,train,data/raw/pool/neg_rvlcdip_other_00698.jpg
data/raw/pool/neg_rvlcdip_other_00699.jpg,0,train,data/raw/pool/neg_rvlcdip_other_00699.jpg
data/raw/pool/neg_rvlcdip_other_00700.jpg,0,train,data/raw/pool/neg_rvlcdip_other_00700.jpg
data/raw/pool/neg_rvlcdip_other_00701.jpg,0,train,data/raw/pool/neg_rvlcdip_other_00701.jpg
data/raw/pool/neg_rvlcdip_other_00702.jpg,0,train,data/raw/pool/neg_rvlcdip_other_00702.jpg
data/raw/pool/neg_rvlcdip_other_00703.jpg,0,train,data/raw/pool/neg_rvlcdip_other_00703.jpg
data/raw/pool/neg_rvlcdip_other_00704.jpg,0,train,data/raw/pool/neg_rvlcdip_other_00704.jpg
data/raw/pool/neg_rvlcdip_other_00705.jpg,0,train,data/raw/pool/neg_rvlcdip_other_00705.jpg
data/raw/pool/neg_rvlcdip_other_00706.jpg,0,train,data/raw/pool/neg_rvlcdip_other_00706.jpg
data/raw/pool/neg_rvlcdip_other_00707.jpg,0,train,data/raw/pool/neg_rvlcdip_other_00707.jpg
data/raw/pool/neg_rvlcdip_other_00708.jpg,0,train,data/raw/pool/neg_rvlcdip_other_00708.jpg
data/raw/pool/neg_rvlcdip_other_00710.jpg,0,train,data/raw/pool/neg_rvlcdip_other_00710.jpg
data/raw/pool/neg_rvlcdip_other_00712.jpg,0,train,data/raw/pool/neg_rvlcdip_other_00712.jpg
data/raw/pool/neg_rvlcdip_other_00713.jpg,0,train,data/raw/pool/neg_rvlcdip_other_00713.jpg
data/raw/pool/neg_rvlcdip_other_00714.jpg,0,train,data/raw/pool/neg_rvlcdip_other_00714.jpg
data/raw/pool/neg_rvlcdip_other_00715.jpg,0,train,data/raw/pool/neg_rvlcdip_other_00715.jpg
data/raw/pool/neg_rvlcdip_other_00716.jpg,0,train,data/raw/pool/neg_rvlcdip_other_00716.jpg
data/raw/pool/neg_rvlcdip_other_00717.jpg,0,train,data/raw/pool/neg_rvlcdip_other_00717.jpg
data/raw/pool/neg_rvlcdip_other_00719.jpg,0,train,data/raw/pool/neg_rvlcdip_other_00719.jpg
data/raw/pool/neg_rvlcdip_other_00720.jpg,0,train,data/raw/pool/neg_rvlcdip_other_00720.jpg
data/raw/pool/neg_rvlcdip_other_00721.jpg,0,train,data/raw/pool/neg_rvlcdip_other_00721.jpg
data/raw/pool/neg_rvlcdip_other_00722.jpg,0,train,data/raw/pool/neg_rvlcdip_other_00722.jpg
data/raw/pool/neg_rvlcdip_other_00724.jpg,0,train,data/raw/pool/neg_rvlcdip_other_00724.jpg
data/raw/pool/neg_rvlcdip_other_00725.jpg,0,train,data/raw/pool/neg_rvlcdip_other_00725.jpg
data/raw/pool/neg_rvlcdip_other_00726.jpg,0,train,data/raw/pool/neg_rvlcdip_other_00726.jpg
data/raw/pool/neg_rvlcdip_other_00728.jpg,0,train,data/raw/pool/neg_rvlcdip_other_00728.jpg
data/raw/pool/neg_rvlcdip_other_00731.jpg,0,train,data/raw/pool/neg_rvlcdip_other_00731.jpg
data/raw/pool/neg_rvlcdip_other_00732.jpg,0,train,data/raw/pool/neg_rvlcdip_other_00732.jpg
data/raw/pool/neg_rvlcdip_other_00733.jpg,0,train,data/raw/pool/neg_rvlcdip_other_00733.jpg
data/raw/pool/neg_rvlcdip_other_00734.jpg,0,train,data/raw/pool/neg_rvlcdip_other_00734.jpg
data/raw/pool/neg_rvlcdip_other_00735.jpg,0,train,data/raw/pool/neg_rvlcdip_other_00735.jpg
data/raw/pool/neg_rvlcdip_other_00736.jpg,0,train,data/raw/pool/neg_rvlcdip_other_00736.jpg
data/raw/pool/neg_rvlcdip_other_00737.jpg,0,train,data/raw/pool/neg_rvlcdip_other_00737.jpg
data/raw/pool/neg_rvlcdip_other_00738.jpg,0,train,data/raw/pool/neg_rvlcdip_other_00738.jpg
data/raw/pool/neg_rvlcdip_other_00739.jpg,0,train,data/raw/pool/neg_rvlcdip_other_00739.jpg
data/raw/pool/neg_rvlcdip_other_00740.jpg,0,train,data/raw/pool/neg_rvlcdip_other_00740.jpg
data/raw/pool/neg_rvlcdip_other_00741.jpg,0,train,data/raw/pool/neg_rvlcdip_other_00741.jpg
data/raw/pool/neg_rvlcdip_other_00742.jpg,0,train,data/raw/pool/neg_rvlcdip_other_00742.jpg
data/raw/pool/neg_rvlcdip_other_00743.jpg,0,train,data/raw/pool/neg_rvlcdip_other_00743.jpg
data/raw/pool/neg_rvlcdip_other_00744.jpg,0,train,data/raw/pool/neg_rvlcdip_other_00744.jpg
data/raw/pool/neg_rvlcdip_other_00745.jpg,0,train,data/raw/pool/neg_rvlcdip_other_00745.jpg
data/raw/pool/neg_rvlcdip_other_00746.jpg,0,train,data/raw/pool/neg_rvlcdip_other_00746.jpg
data/raw/pool/neg_rvlcdip_other_00747.jpg,0,train,data/raw/pool/neg_rvlcdip_other_00747.jpg
data/raw/pool/neg_rvlcdip_other_00748.jpg,0,train,data/raw/pool/neg_rvlcdip_other_00748.jpg
data/raw/pool/neg_rvlcdip_other_00751.jpg,0,train,data/raw/pool/neg_rvlcdip_other_00751.jpg
data/raw/pool/neg_rvlcdip_other_00752.jpg,0,train,data/raw/pool/neg_rvlcdip_other_00752.jpg
data/raw/pool/neg_rvlcdip_other_00753.jpg,0,train,data/raw/pool/neg_rvlcdip_other_00753.jpg
data/raw/pool/neg_rvlcdip_other_00754.jpg,0,train,data/raw/pool/neg_rvlcdip_other_00754.jpg
data/raw/pool/neg_rvlcdip_other_00755.jpg,0,train,data/raw/pool/neg_rvlcdip_other_00755.jpg
data/raw/pool/neg_rvlcdip_other_00756.jpg,0,train,data/raw/pool/neg_rvlcdip_other_00756.jpg
data/raw/pool/neg_rvlcdip_other_00757.jpg,0,train,data/raw/pool/neg_rvlcdip_other_00757.jpg
data/raw/pool/neg_rvlcdip_other_00759.jpg,0,train,data/raw/pool/neg_rvlcdip_other_00759.jpg
data/raw/pool/neg_rvlcdip_other_00760.jpg,0,train,data/raw/pool/neg_rvlcdip_other_00760.jpg
data/raw/pool/neg_rvlcdip_other_00761.jpg,0,train,data/raw/pool/neg_rvlcdip_other_00761.jpg
data/raw/pool/neg_rvlcdip_other_00762.jpg,0,train,data/raw/pool/neg_rvlcdip_other_00762.jpg
data/raw/pool/neg_rvlcdip_other_00763.jpg,0,train,data/raw/pool/neg_rvlcdip_other_00763.jpg
data/raw/pool/neg_rvlcdip_other_00765.jpg,0,train,data/raw/pool/neg_rvlcdip_other_00765.jpg
data/raw/pool/neg_rvlcdip_other_00766.jpg,0,train,data/raw/pool/neg_rvlcdip_other_00766.jpg
data/raw/pool/neg_rvlcdip_other_00767.jpg,0,train,data/raw/pool/neg_rvlcdip_other_00767.jpg
data/raw/pool/neg_rvlcdip_other_00768.jpg,0,train,data/raw/pool/neg_rvlcdip_other_00768.jpg
data/raw/pool/neg_rvlcdip_other_00770.jpg,0,train,data/raw/pool/neg_rvlcdip_other_00770.jpg
data/raw/pool/neg_rvlcdip_other_00771.jpg,0,train,data/raw/pool/neg_rvlcdip_other_00771.jpg
data/raw/pool/neg_rvlcdip_other_00773.jpg,0,train,data/raw/pool/neg_rvlcdip_other_00773.jpg
data/raw/pool/neg_rvlcdip_other_00774.jpg,0,train,data/raw/pool/neg_rvlcdip_other_00774.jpg
data/raw/pool/neg_rvlcdip_other_00775.jpg,0,train,data/raw/pool/neg_rvlcdip_other_00775.jpg
data/raw/pool/neg_rvlcdip_other_00776.jpg,0,train,data/raw/pool/neg_rvlcdip_other_00776.jpg
data/raw/pool/neg_rvlcdip_other_00777.jpg,0,train,data/raw/pool/neg_rvlcdip_other_00777.jpg
data/raw/pool/neg_rvlcdip_other_00778.jpg,0,train,data/raw/pool/neg_rvlcdip_other_00778.jpg
data/raw/pool/neg_rvlcdip_other_00779.jpg,0,train,data/raw/pool/neg_rvlcdip_other_00779.jpg
data/raw/pool/neg_rvlcdip_other_00780.jpg,0,train,data/raw/pool/neg_rvlcdip_other_00780.jpg
data/raw/pool/neg_rvlcdip_other_00781.jpg,0,train,data/raw/pool/neg_rvlcdip_other_00781.jpg
data/raw/pool/neg_rvlcdip_other_00782.jpg,0,train,data/raw/pool/neg_rvlcdip_other_00782.jpg
data/raw/pool/neg_rvlcdip_other_00783.jpg,0,train,data/raw/pool/neg_rvlcdip_other_00783.jpg
data/raw/pool/neg_rvlcdip_other_00784.jpg,0,train,data/raw/pool/neg_rvlcdip_other_00784.jpg
data/raw/pool/neg_rvlcdip_other_00785.jpg,0,train,data/raw/pool/neg_rvlcdip_other_00785.jpg
data/raw/pool/neg_rvlcdip_other_00786.jpg,0,train,data/raw/pool/neg_rvlcdip_other_00786.jpg
data/raw/pool/neg_rvlcdip_other_00787.jpg,0,train,data/raw/pool/neg_rvlcdip_other_00787.jpg
data/raw/pool/neg_rvlcdip_other_00788.jpg,0,train,data/raw/pool/neg_rvlcdip_other_00788.jpg
data/raw/pool/neg_rvlcdip_other_00790.jpg,0,train,data/raw/pool/neg_rvlcdip_other_00790.jpg
data/raw/pool/neg_rvlcdip_other_00791.jpg,0,train,data/raw/pool/neg_rvlcdip_other_00791.jpg
data/raw/pool/neg_rvlcdip_other_00794.jpg,0,train,data/raw/pool/neg_rvlcdip_other_00794.jpg
data/raw/pool/neg_rvlcdip_other_00795.jpg,0,train,data/raw/pool/neg_rvlcdip_other_00795.jpg
data/raw/pool/neg_rvlcdip_other_00796.jpg,0,train,data/raw/pool/neg_rvlcdip_other_00796.jpg
data/raw/pool/neg_rvlcdip_other_00797.jpg,0,train,data/raw/pool/neg_rvlcdip_other_00797.jpg
data/raw/pool/neg_rvlcdip_other_00798.jpg,0,train,data/raw/pool/neg_rvlcdip_other_00798.jpg
data/raw/pool/neg_rvlcdip_other_00799.jpg,0,train,data/raw/pool/neg_rvlcdip_other_00799.jpg
data/raw/pool/neg_rvlcdip_other_00800.jpg,0,train,data/raw/pool/neg_rvlcdip_other_00800.jpg
data/raw/pool/neg_rvlcdip_other_00801.jpg,0,train,data/raw/pool/neg_rvlcdip_other_00801.jpg
data/raw/pool/neg_rvlcdip_other_00802.jpg,0,train,data/raw/pool/neg_rvlcdip_other_00802.jpg
data/raw/pool/neg_rvlcdip_other_00803.jpg,0,train,data/raw/pool/neg_rvlcdip_other_00803.jpg
data/raw/pool/neg_rvlcdip_other_00804.jpg,0,train,data/raw/pool/neg_rvlcdip_other_00804.jpg
data/raw/pool/neg_rvlcdip_other_00805.jpg,0,train,data/raw/pool/neg_rvlcdip_other_00805.jpg
data/raw/pool/neg_rvlcdip_other_00806.jpg,0,train,data/raw/pool/neg_rvlcdip_other_00806.jpg
data/raw/pool/neg_rvlcdip_other_00807.jpg,0,train,data/raw/pool/neg_rvlcdip_other_00807.jpg
data/raw/pool/neg_rvlcdip_other_00808.jpg,0,train,data/raw/pool/neg_rvlcdip_other_00808.jpg
data/raw/pool/neg_rvlcdip_other_00810.jpg,0,train,data/raw/pool/neg_rvlcdip_other_00810.jpg
data/raw/pool/neg_rvlcdip_other_00811.jpg,0,train,data/raw/pool/neg_rvlcdip_other_00811.jpg
data/raw/pool/neg_rvlcdip_other_00813.jpg,0,train,data/raw/pool/neg_rvlcdip_other_00813.jpg
data/raw/pool/neg_rvlcdip_other_00814.jpg,0,train,data/raw/pool/neg_rvlcdip_other_00814.jpg
data/raw/pool/neg_rvlcdip_other_00815.jpg,0,train,data/raw/pool/neg_rvlcdip_other_00815.jpg
data/raw/pool/neg_rvlcdip_other_00816.jpg,0,train,data/raw/pool/neg_rvlcdip_other_00816.jpg
data/raw/pool/neg_rvlcdip_other_00817.jpg,0,train,data/raw/pool/neg_rvlcdip_other_00817.jpg
data/raw/pool/neg_rvlcdip_other_00818.jpg,0,train,data/raw/pool/neg_rvlcdip_other_00818.jpg
data/raw/pool/neg_rvlcdip_other_00819.jpg,0,train,data/raw/pool/neg_rvlcdip_other_00819.jpg
data/raw/pool/neg_rvlcdip_other_00820.jpg,0,train,data/raw/pool/neg_rvlcdip_other_00820.jpg
data/raw/pool/neg_rvlcdip_other_00821.jpg,0,train,data/raw/pool/neg_rvlcdip_other_00821.jpg
data/raw/pool/neg_rvlcdip_other_00822.jpg,0,train,data/raw/pool/neg_rvlcdip_other_00822.jpg
data/raw/pool/neg_rvlcdip_other_00823.jpg,0,train,data/raw/pool/neg_rvlcdip_other_00823.jpg
data/raw/pool/neg_rvlcdip_other_00824.jpg,0,train,data/raw/pool/neg_rvlcdip_other_00824.jpg
data/raw/pool/neg_rvlcdip_other_00825.jpg,0,train,data/raw/pool/neg_rvlcdip_other_00825.jpg
data/raw/pool/neg_rvlcdip_other_00827.jpg,0,train,data/raw/pool/neg_rvlcdip_other_00827.jpg
data/raw/pool/neg_rvlcdip_other_00828.jpg,0,train,data/raw/pool/neg_rvlcdip_other_00828.jpg
data/raw/pool/neg_rvlcdip_other_00829.jpg,0,train,data/raw/pool/neg_rvlcdip_other_00829.jpg
data/raw/pool/neg_rvlcdip_other_00830.jpg,0,train,data/raw/pool/neg_rvlcdip_other_00830.jpg
data/raw/pool/neg_rvlcdip_other_00831.jpg,0,train,data/raw/pool/neg_rvlcdip_other_00831.jpg
data/raw/pool/neg_rvlcdip_other_00832.jpg,0,train,data/raw/pool/neg_rvlcdip_other_00832.jpg
data/raw/pool/neg_rvlcdip_other_00833.jpg,0,train,data/raw/pool/neg_rvlcdip_other_00833.jpg
data/raw/pool/neg_rvlcdip_other_00835.jpg,0,train,data/raw/pool/neg_rvlcdip_other_00835.jpg
data/raw/pool/neg_rvlcdip_other_00836.jpg,0,train,data/raw/pool/neg_rvlcdip_other_00836.jpg
data/raw/pool/neg_rvlcdip_other_00837.jpg,0,train,data/raw/pool/neg_rvlcdip_other_00837.jpg
data/raw/pool/neg_rvlcdip_other_00838.jpg,0,train,data/raw/pool/neg_rvlcdip_other_00838.jpg
data/raw/pool/neg_rvlcdip_other_00839.jpg,0,train,data/raw/pool/neg_rvlcdip_other_00839.jpg
data/raw/pool/neg_rvlcdip_other_00840.jpg,0,train,data/raw/pool/neg_rvlcdip_other_00840.jpg
data/raw/pool/neg_rvlcdip_other_00843.jpg,0,train,data/raw/pool/neg_rvlcdip_other_00843.jpg
data/raw/pool/neg_rvlcdip_other_00844.jpg,0,train,data/raw/pool/neg_rvlcdip_other_00844.jpg
data/raw/pool/neg_rvlcdip_other_00845.jpg,0,train,data/raw/pool/neg_rvlcdip_other_00845.jpg
data/raw/pool/neg_rvlcdip_other_00846.jpg,0,train,data/raw/pool/neg_rvlcdip_other_00846.jpg
data/raw/pool/neg_rvlcdip_other_00847.jpg,0,train,data/raw/pool/neg_rvlcdip_other_00847.jpg
data/raw/pool/neg_rvlcdip_other_00848.jpg,0,train,data/raw/pool/neg_rvlcdip_other_00848.jpg
data/raw/pool/neg_rvlcdip_other_00849.jpg,0,train,data/raw/pool/neg_rvlcdip_other_00849.jpg
data/raw/pool/neg_rvlcdip_other_00850.jpg,0,train,data/raw/pool/neg_rvlcdip_other_00850.jpg
data/raw/pool/neg_rvlcdip_other_00853.jpg,0,train,data/raw/pool/neg_rvlcdip_other_00853.jpg
data/raw/pool/neg_rvlcdip_other_00854.jpg,0,train,data/raw/pool/neg_rvlcdip_other_00854.jpg
data/raw/pool/neg_rvlcdip_other_00855.jpg,0,train,data/raw/pool/neg_rvlcdip_other_00855.jpg
data/raw/pool/neg_rvlcdip_other_00856.jpg,0,train,data/raw/pool/neg_rvlcdip_other_00856.jpg
data/raw/pool/neg_rvlcdip_other_00857.jpg,0,train,data/raw/pool/neg_rvlcdip_other_00857.jpg
data/raw/pool/neg_rvlcdip_other_00858.jpg,0,train,data/raw/pool/neg_rvlcdip_other_00858.jpg
data/raw/pool/neg_rvlcdip_other_00859.jpg,0,train,data/raw/pool/neg_rvlcdip_other_00859.jpg
data/raw/pool/neg_rvlcdip_other_00860.jpg,0,train,data/raw/pool/neg_rvlcdip_other_00860.jpg
data/raw/pool/neg_rvlcdip_other_00861.jpg,0,train,data/raw/pool/neg_rvlcdip_other_00861.jpg
data/raw/pool/neg_rvlcdip_other_00862.jpg,0,train,data/raw/pool/neg_rvlcdip_other_00862.jpg
data/raw/pool/neg_rvlcdip_other_00863.jpg,0,train,data/raw/pool/neg_rvlcdip_other_00863.jpg
data/raw/pool/neg_rvlcdip_other_00865.jpg,0,train,data/raw/pool/neg_rvlcdip_other_00865.jpg
data/raw/pool/neg_rvlcdip_other_00866.jpg,0,train,data/raw/pool/neg_rvlcdip_other_00866.jpg
data/raw/pool/neg_rvlcdip_other_00867.jpg,0,train,data/raw/pool/neg_rvlcdip_other_00867.jpg
data/raw/pool/neg_rvlcdip_other_00868.jpg,0,train,data/raw/pool/neg_rvlcdip_other_00868.jpg
data/raw/pool/neg_rvlcdip_other_00869.jpg,0,train,data/raw/pool/neg_rvlcdip_other_00869.jpg
data/raw/pool/neg_rvlcdip_other_00871.jpg,0,train,data/raw/pool/neg_rvlcdip_other_00871.jpg
data/raw/pool/neg_rvlcdip_other_00872.jpg,0,train,data/raw/pool/neg_rvlcdip_other_00872.jpg
data/raw/pool/neg_rvlcdip_other_00873.jpg,0,train,data/raw/pool/neg_rvlcdip_other_00873.jpg
data/raw/pool/neg_rvlcdip_other_00874.jpg,0,train,data/raw/pool/neg_rvlcdip_other_00874.jpg
data/raw/pool/neg_rvlcdip_other_00875.jpg,0,train,data/raw/pool/neg_rvlcdip_other_00875.jpg
data/raw/pool/neg_rvlcdip_other_00876.jpg,0,train,data/raw/pool/neg_rvlcdip_other_00876.jpg
data/raw/pool/neg_rvlcdip_other_00877.jpg,0,train,data/raw/pool/neg_rvlcdip_other_00877.jpg
data/raw/pool/neg_rvlcdip_other_00879.jpg,0,train,data/raw/pool/neg_rvlcdip_other_00879.jpg
data/raw/pool/neg_rvlcdip_other_00880.jpg,0,train,data/raw/pool/neg_rvlcdip_other_00880.jpg
data/raw/pool/neg_rvlcdip_other_00881.jpg,0,train,data/raw/pool/neg_rvlcdip_other_00881.jpg
data/raw/pool/neg_rvlcdip_other_00882.jpg,0,train,data/raw/pool/neg_rvlcdip_other_00882.jpg
data/raw/pool/neg_rvlcdip_other_00883.jpg,0,train,data/raw/pool/neg_rvlcdip_other_00883.jpg
data/raw/pool/neg_rvlcdip_other_00884.jpg,0,train,data/raw/pool/neg_rvlcdip_other_00884.jpg
data/raw/pool/neg_rvlcdip_other_00886.jpg,0,train,data/raw/pool/neg_rvlcdip_other_00886.jpg
data/raw/pool/neg_rvlcdip_other_00889.jpg,0,train,data/raw/pool/neg_rvlcdip_other_00889.jpg
data/raw/pool/neg_rvlcdip_other_00890.jpg,0,train,data/raw/pool/neg_rvlcdip_other_00890.jpg
data/raw/pool/neg_rvlcdip_other_00892.jpg,0,train,data/raw/pool/neg_rvlcdip_other_00892.jpg
data/raw/pool/neg_rvlcdip_other_00893.jpg,0,train,data/raw/pool/neg_rvlcdip_other_00893.jpg
data/raw/pool/neg_rvlcdip_other_00894.jpg,0,train,data/raw/pool/neg_rvlcdip_other_00894.jpg
data/raw/pool/neg_rvlcdip_other_00896.jpg,0,train,data/raw/pool/neg_rvlcdip_other_00896.jpg
data/raw/pool/neg_rvlcdip_other_00897.jpg,0,train,data/raw/pool/neg_rvlcdip_other_00897.jpg
data/raw/pool/neg_rvlcdip_other_00898.jpg,0,train,data/raw/pool/neg_rvlcdip_other_00898.jpg
data/raw/pool/neg_rvlcdip_other_00900.jpg,0,train,data/raw/pool/neg_rvlcdip_other_00900.jpg
data/raw/pool/neg_rvlcdip_other_00903.jpg,0,train,data/raw/pool/neg_rvlcdip_other_00903.jpg
data/raw/pool/neg_rvlcdip_other_00904.jpg,0,train,data/raw/pool/neg_rvlcdip_other_00904.jpg
data/raw/pool/neg_rvlcdip_other_00905.jpg,0,train,data/raw/pool/neg_rvlcdip_other_00905.jpg
data/raw/pool/neg_rvlcdip_other_00906.jpg,0,train,data/raw/pool/neg_rvlcdip_other_00906.jpg
data/raw/pool/neg_rvlcdip_other_00908.jpg,0,train,data/raw/pool/neg_rvlcdip_other_00908.jpg
data/raw/pool/neg_rvlcdip_other_00909.jpg,0,train,data/raw/pool/neg_rvlcdip_other_00909.jpg
data/raw/pool/neg_rvlcdip_other_00910.jpg,0,train,data/raw/pool/neg_rvlcdip_other_00910.jpg
data/raw/pool/neg_rvlcdip_other_00911.jpg,0,train,data/raw/pool/neg_rvlcdip_other_00911.jpg
data/raw/pool/neg_rvlcdip_other_00912.jpg,0,train,data/raw/pool/neg_rvlcdip_other_00912.jpg
data/raw/pool/neg_rvlcdip_other_00914.jpg,0,train,data/raw/pool/neg_rvlcdip_other_00914.jpg
data/raw/pool/neg_rvlcdip_other_00915.jpg,0,train,data/raw/pool/neg_rvlcdip_other_00915.jpg
data/raw/pool/neg_rvlcdip_other_00916.jpg,0,train,data/raw/pool/neg_rvlcdip_other_00916.jpg
data/raw/pool/neg_rvlcdip_other_00917.jpg,0,train,data/raw/pool/neg_rvlcdip_other_00917.jpg
data/raw/pool/neg_rvlcdip_other_00918.jpg,0,train,data/raw/pool/neg_rvlcdip_other_00918.jpg
data/raw/pool/neg_rvlcdip_other_00919.jpg,0,train,data/raw/pool/neg_rvlcdip_other_00919.jpg
data/raw/pool/neg_rvlcdip_other_00920.jpg,0,train,data/raw/pool/neg_rvlcdip_other_00920.jpg
data/raw/pool/neg_rvlcdip_other_00923.jpg,0,train,data/raw/pool/neg_rvlcdip_other_00923.jpg
data/raw/pool/neg_rvlcdip_other_00924.jpg,0,train,data/raw/pool/neg_rvlcdip_other_00924.jpg
data/raw/pool/neg_rvlcdip_other_00925.jpg,0,train,data/raw/pool/neg_rvlcdip_other_00925.jpg
data/raw/pool/neg_rvlcdip_other_00928.jpg,0,train,data/raw/pool/neg_rvlcdip_other_00928.jpg
data/raw/pool/neg_rvlcdip_other_00929.jpg,0,train,data/raw/pool/neg_rvlcdip_other_00929.jpg
data/raw/pool/neg_rvlcdip_other_00930.jpg,0,train,data/raw/pool/neg_rvlcdip_other_00930.jpg
data/raw/pool/neg_rvlcdip_other_00931.jpg,0,train,data/raw/pool/neg_rvlcdip_other_00931.jpg
data/raw/pool/neg_rvlcdip_other_00932.jpg,0,train,data/raw/pool/neg_rvlcdip_other_00932.jpg
data/raw/pool/neg_rvlcdip_other_00933.jpg,0,train,data/raw/pool/neg_rvlcdip_other_00933.jpg
data/raw/pool/neg_rvlcdip_other_00934.jpg,0,train,data/raw/pool/neg_rvlcdip_other_00934.jpg
data/raw/pool/neg_rvlcdip_other_00935.jpg,0,train,data/raw/pool/neg_rvlcdip_other_00935.jpg
data/raw/pool/neg_rvlcdip_other_00936.jpg,0,train,data/raw/pool/neg_rvlcdip_other_00936.jpg
data/raw/pool/neg_rvlcdip_other_00937.jpg,0,train,data/raw/pool/neg_rvlcdip_other_00937.jpg
data/raw/pool/neg_rvlcdip_other_00938.jpg,0,train,data/raw/pool/neg_rvlcdip_other_00938.jpg
data/raw/pool/neg_rvlcdip_other_00939.jpg,0,train,data/raw/pool/neg_rvlcdip_other_00939.jpg
data/raw/pool/neg_rvlcdip_other_00940.jpg,0,train,data/raw/pool/neg_rvlcdip_other_00940.jpg
data/raw/pool/neg_rvlcdip_other_00941.jpg,0,train,data/raw/pool/neg_rvlcdip_other_00941.jpg
data/raw/pool/neg_rvlcdip_other_00942.jpg,0,train,data/raw/pool/neg_rvlcdip_other_00942.jpg
data/raw/pool/neg_rvlcdip_other_00944.jpg,0,train,data/raw/pool/neg_rvlcdip_other_00944.jpg
data/raw/pool/neg_rvlcdip_other_00945.jpg,0,train,data/raw/pool/neg_rvlcdip_other_00945.jpg
data/raw/pool/neg_rvlcdip_other_00946.jpg,0,train,data/raw/pool/neg_rvlcdip_other_00946.jpg
data/raw/pool/neg_rvlcdip_other_00947.jpg,0,train,data/raw/pool/neg_rvlcdip_other_00947.jpg
data/raw/pool/neg_rvlcdip_other_00948.jpg,0,train,data/raw/pool/neg_rvlcdip_other_00948.jpg
data/raw/pool/neg_rvlcdip_other_00949.jpg,0,train,data/raw/pool/neg_rvlcdip_other_00949.jpg
data/raw/pool/neg_rvlcdip_other_00950.jpg,0,train,data/raw/pool/neg_rvlcdip_other_00950.jpg
data/raw/pool/neg_rvlcdip_other_00953.jpg,0,train,data/raw/pool/neg_rvlcdip_other_00953.jpg
data/raw/pool/neg_rvlcdip_other_00954.jpg,0,train,data/raw/pool/neg_rvlcdip_other_00954.jpg
data/raw/pool/neg_rvlcdip_other_00955.jpg,0,train,data/raw/pool/neg_rvlcdip_other_00955.jpg
data/raw/pool/neg_rvlcdip_other_00956.jpg,0,train,data/raw/pool/neg_rvlcdip_other_00956.jpg
data/raw/pool/neg_rvlcdip_other_00957.jpg,0,train,data/raw/pool/neg_rvlcdip_other_00957.jpg
data/raw/pool/neg_rvlcdip_other_00958.jpg,0,train,data/raw/pool/neg_rvlcdip_other_00958.jpg
data/raw/pool/neg_rvlcdip_other_00959.jpg,0,train,data/raw/pool/neg_rvlcdip_other_00959.jpg
data/raw/pool/neg_rvlcdip_other_00960.jpg,0,train,data/raw/pool/neg_rvlcdip_other_00960.jpg
data/raw/pool/neg_rvlcdip_other_00961.jpg,0,train,data/raw/pool/neg_rvlcdip_other_00961.jpg
data/raw/pool/neg_rvlcdip_other_00962.jpg,0,train,data/raw/pool/neg_rvlcdip_other_00962.jpg
data/raw/pool/neg_rvlcdip_other_00964.jpg,0,train,data/raw/pool/neg_rvlcdip_other_00964.jpg
data/raw/pool/neg_rvlcdip_other_00965.jpg,0,train,data/raw/pool/neg_rvlcdip_other_00965.jpg
data/raw/pool/neg_rvlcdip_other_00966.jpg,0,train,data/raw/pool/neg_rvlcdip_other_00966.jpg
data/raw/pool/neg_rvlcdip_other_00971.jpg,0,train,data/raw/pool/neg_rvlcdip_other_00971.jpg
data/raw/pool/neg_rvlcdip_other_00972.jpg,0,train,data/raw/pool/neg_rvlcdip_other_00972.jpg
data/raw/pool/neg_rvlcdip_other_00973.jpg,0,train,data/raw/pool/neg_rvlcdip_other_00973.jpg
data/raw/pool/neg_rvlcdip_other_00974.jpg,0,train,data/raw/pool/neg_rvlcdip_other_00974.jpg
data/raw/pool/neg_rvlcdip_other_00975.jpg,0,train,data/raw/pool/neg_rvlcdip_other_00975.jpg
data/raw/pool/neg_rvlcdip_other_00976.jpg,0,train,data/raw/pool/neg_rvlcdip_other_00976.jpg
data/raw/pool/neg_rvlcdip_other_00977.jpg,0,train,data/raw/pool/neg_rvlcdip_other_00977.jpg
data/raw/pool/neg_rvlcdip_other_00978.jpg,0,train,data/raw/pool/neg_rvlcdip_other_00978.jpg
data/raw/pool/neg_rvlcdip_other_00979.jpg,0,train,data/raw/pool/neg_rvlcdip_other_00979.jpg
data/raw/pool/neg_rvlcdip_other_00980.jpg,0,train,data/raw/pool/neg_rvlcdip_other_00980.jpg
data/raw/pool/neg_rvlcdip_other_00981.jpg,0,train,data/raw/pool/neg_rvlcdip_other_00981.jpg
data/raw/pool/neg_rvlcdip_other_00982.jpg,0,train,data/raw/pool/neg_rvlcdip_other_00982.jpg
data/raw/pool/neg_rvlcdip_other_00985.jpg,0,train,data/raw/pool/neg_rvlcdip_other_00985.jpg
data/raw/pool/neg_rvlcdip_other_00986.jpg,0,train,data/raw/pool/neg_rvlcdip_other_00986.jpg
data/raw/pool/neg_rvlcdip_other_00987.jpg,0,train,data/raw/pool/neg_rvlcdip_other_00987.jpg
data/raw/pool/neg_rvlcdip_other_00989.jpg,0,train,data/raw/pool/neg_rvlcdip_other_00989.jpg
data/raw/pool/neg_rvlcdip_other_00990.jpg,0,train,data/raw/pool/neg_rvlcdip_other_00990.jpg
data/raw/pool/neg_rvlcdip_other_00991.jpg,0,train,data/raw/pool/neg_rvlcdip_other_00991.jpg
data/raw/pool/neg_rvlcdip_other_00992.jpg,0,train,data/raw/pool/neg_rvlcdip_other_00992.jpg
data/raw/pool/neg_rvlcdip_other_00993.jpg,0,train,data/raw/pool/neg_rvlcdip_other_00993.jpg
data/raw/pool/neg_rvlcdip_other_00994.jpg,0,train,data/raw/pool/neg_rvlcdip_other_00994.jpg
data/raw/pool/neg_rvlcdip_other_00995.jpg,0,train,data/raw/pool/neg_rvlcdip_other_00995.jpg
data/raw/pool/neg_rvlcdip_other_00996.jpg,0,train,data/raw/pool/neg_rvlcdip_other_00996.jpg
data/raw/pool/neg_rvlcdip_other_00997.jpg,0,train,data/raw/pool/neg_rvlcdip_other_00997.jpg
data/raw/pool/neg_rvlcdip_other_01002.jpg,0,train,data/raw/pool/neg_rvlcdip_other_01002.jpg
data/raw/pool/neg_rvlcdip_other_01003.jpg,0,train,data/raw/pool/neg_rvlcdip_other_01003.jpg
data/raw/pool/neg_rvlcdip_other_01005.jpg,0,train,data/raw/pool/neg_rvlcdip_other_01005.jpg
data/raw/pool/neg_rvlcdip_other_01006.jpg,0,train,data/raw/pool/neg_rvlcdip_other_01006.jpg
data/raw/pool/neg_rvlcdip_other_01007.jpg,0,train,data/raw/pool/neg_rvlcdip_other_01007.jpg
data/raw/pool/neg_rvlcdip_other_01009.jpg,0,train,data/raw/pool/neg_rvlcdip_other_01009.jpg
data/raw/pool/neg_rvlcdip_other_01010.jpg,0,train,data/raw/pool/neg_rvlcdip_other_01010.jpg
data/raw/pool/neg_rvlcdip_other_01011.jpg,0,train,data/raw/pool/neg_rvlcdip_other_01011.jpg
data/raw/pool/neg_rvlcdip_other_01012.jpg,0,train,data/raw/pool/neg_rvlcdip_other_01012.jpg
data/raw/pool/neg_rvlcdip_other_01014.jpg,0,train,data/raw/pool/neg_rvlcdip_other_01014.jpg
data/raw/pool/neg_rvlcdip_other_01019.jpg,0,train,data/raw/pool/neg_rvlcdip_other_01019.jpg
data/raw/pool/neg_rvlcdip_other_01020.jpg,0,train,data/raw/pool/neg_rvlcdip_other_01020.jpg
data/raw/pool/neg_rvlcdip_other_01022.jpg,0,train,data/raw/pool/neg_rvlcdip_other_01022.jpg
data/raw/pool/neg_rvlcdip_other_01023.jpg,0,train,data/raw/pool/neg_rvlcdip_other_01023.jpg
data/raw/pool/neg_rvlcdip_other_01024.jpg,0,train,data/raw/pool/neg_rvlcdip_other_01024.jpg
data/raw/pool/neg_rvlcdip_other_01025.jpg,0,train,data/raw/pool/neg_rvlcdip_other_01025.jpg
data/raw/pool/neg_rvlcdip_other_01026.jpg,0,train,data/raw/pool/neg_rvlcdip_other_01026.jpg
data/raw/pool/neg_rvlcdip_other_01027.jpg,0,train,data/raw/pool/neg_rvlcdip_other_01027.jpg
data/raw/pool/neg_rvlcdip_other_01028.jpg,0,train,data/raw/pool/neg_rvlcdip_other_01028.jpg
data/raw/pool/neg_rvlcdip_other_01029.jpg,0,train,data/raw/pool/neg_rvlcdip_other_01029.jpg
data/raw/pool/neg_rvlcdip_other_01030.jpg,0,train,data/raw/pool/neg_rvlcdip_other_01030.jpg
data/raw/pool/neg_rvlcdip_other_01031.jpg,0,train,data/raw/pool/neg_rvlcdip_other_01031.jpg
data/raw/pool/neg_rvlcdip_other_01032.jpg,0,train,data/raw/pool/neg_rvlcdip_other_01032.jpg
data/raw/pool/neg_rvlcdip_other_01033.jpg,0,train,data/raw/pool/neg_rvlcdip_other_01033.jpg
data/raw/pool/neg_rvlcdip_other_01034.jpg,0,train,data/raw/pool/neg_rvlcdip_other_01034.jpg
data/raw/pool/neg_rvlcdip_other_01035.jpg,0,train,data/raw/pool/neg_rvlcdip_other_01035.jpg
data/raw/pool/neg_rvlcdip_other_01036.jpg,0,train,data/raw/pool/neg_rvlcdip_other_01036.jpg
data/raw/pool/neg_rvlcdip_other_01037.jpg,0,train,data/raw/pool/neg_rvlcdip_other_01037.jpg
data/raw/pool/neg_rvlcdip_other_01038.jpg,0,train,data/raw/pool/neg_rvlcdip_other_01038.jpg
data/raw/pool/neg_rvlcdip_other_01041.jpg,0,train,data/raw/pool/neg_rvlcdip_other_01041.jpg
data/raw/pool/neg_rvlcdip_other_01043.jpg,0,train,data/raw/pool/neg_rvlcdip_other_01043.jpg
data/raw/pool/neg_rvlcdip_other_01044.jpg,0,train,data/raw/pool/neg_rvlcdip_other_01044.jpg
data/raw/pool/neg_rvlcdip_other_01045.jpg,0,train,data/raw/pool/neg_rvlcdip_other_01045.jpg
data/raw/pool/neg_rvlcdip_other_01046.jpg,0,train,data/raw/pool/neg_rvlcdip_other_01046.jpg
data/raw/pool/neg_rvlcdip_other_01047.jpg,0,train,data/raw/pool/neg_rvlcdip_other_01047.jpg
data/raw/pool/neg_rvlcdip_other_01049.jpg,0,train,data/raw/pool/neg_rvlcdip_other_01049.jpg
data/raw/pool/neg_rvlcdip_other_01050.jpg,0,train,data/raw/pool/neg_rvlcdip_other_01050.jpg
data/raw/pool/neg_rvlcdip_other_01051.jpg,0,train,data/raw/pool/neg_rvlcdip_other_01051.jpg
data/raw/pool/neg_rvlcdip_other_01052.jpg,0,train,data/raw/pool/neg_rvlcdip_other_01052.jpg
data/raw/pool/neg_rvlcdip_other_01054.jpg,0,train,data/raw/pool/neg_rvlcdip_other_01054.jpg
data/raw/pool/neg_rvlcdip_other_01055.jpg,0,train,data/raw/pool/neg_rvlcdip_other_01055.jpg
data/raw/pool/neg_rvlcdip_other_01056.jpg,0,train,data/raw/pool/neg_rvlcdip_other_01056.jpg
data/raw/pool/neg_rvlcdip_other_01057.jpg,0,train,data/raw/pool/neg_rvlcdip_other_01057.jpg
data/raw/pool/neg_rvlcdip_other_01058.jpg,0,train,data/raw/pool/neg_rvlcdip_other_01058.jpg
data/raw/pool/neg_rvlcdip_other_01059.jpg,0,train,data/raw/pool/neg_rvlcdip_other_01059.jpg
data/raw/pool/neg_rvlcdip_other_01060.jpg,0,train,data/raw/pool/neg_rvlcdip_other_01060.jpg
data/raw/pool/neg_rvlcdip_other_01061.jpg,0,train,data/raw/pool/neg_rvlcdip_other_01061.jpg
data/raw/pool/neg_rvlcdip_other_01062.jpg,0,train,data/raw/pool/neg_rvlcdip_other_01062.jpg
data/raw/pool/neg_rvlcdip_other_01063.jpg,0,train,data/raw/pool/neg_rvlcdip_other_01063.jpg
data/raw/pool/neg_rvlcdip_other_01064.jpg,0,train,data/raw/pool/neg_rvlcdip_other_01064.jpg
data/raw/pool/neg_rvlcdip_other_01065.jpg,0,train,data/raw/pool/neg_rvlcdip_other_01065.jpg
data/raw/pool/neg_rvlcdip_other_01067.jpg,0,train,data/raw/pool/neg_rvlcdip_other_01067.jpg
data/raw/pool/neg_rvlcdip_other_01069.jpg,0,train,data/raw/pool/neg_rvlcdip_other_01069.jpg
data/raw/pool/neg_rvlcdip_other_01070.jpg,0,train,data/raw/pool/neg_rvlcdip_other_01070.jpg
data/raw/pool/neg_rvlcdip_other_01071.jpg,0,train,data/raw/pool/neg_rvlcdip_other_01071.jpg
data/raw/pool/neg_rvlcdip_other_01072.jpg,0,train,data/raw/pool/neg_rvlcdip_other_01072.jpg
data/raw/pool/neg_rvlcdip_other_01073.jpg,0,train,data/raw/pool/neg_rvlcdip_other_01073.jpg
data/raw/pool/neg_rvlcdip_other_01074.jpg,0,train,data/raw/pool/neg_rvlcdip_other_01074.jpg
data/raw/pool/neg_rvlcdip_other_01076.jpg,0,train,data/raw/pool/neg_rvlcdip_other_01076.jpg
data/raw/pool/neg_rvlcdip_other_01077.jpg,0,train,data/raw/pool/neg_rvlcdip_other_01077.jpg
data/raw/pool/neg_rvlcdip_other_01081.jpg,0,train,data/raw/pool/neg_rvlcdip_other_01081.jpg
data/raw/pool/neg_rvlcdip_other_01083.jpg,0,train,data/raw/pool/neg_rvlcdip_other_01083.jpg
data/raw/pool/neg_rvlcdip_other_01084.jpg,0,train,data/raw/pool/neg_rvlcdip_other_01084.jpg
data/raw/pool/neg_rvlcdip_other_01085.jpg,0,train,data/raw/pool/neg_rvlcdip_other_01085.jpg
data/raw/pool/neg_rvlcdip_other_01086.jpg,0,train,data/raw/pool/neg_rvlcdip_other_01086.jpg
data/raw/pool/neg_rvlcdip_other_01087.jpg,0,train,data/raw/pool/neg_rvlcdip_other_01087.jpg
data/raw/pool/neg_rvlcdip_other_01089.jpg,0,train,data/raw/pool/neg_rvlcdip_other_01089.jpg
data/raw/pool/neg_rvlcdip_other_01091.jpg,0,train,data/raw/pool/neg_rvlcdip_other_01091.jpg
data/raw/pool/neg_rvlcdip_other_01092.jpg,0,train,data/raw/pool/neg_rvlcdip_other_01092.jpg
data/raw/pool/neg_rvlcdip_other_01093.jpg,0,train,data/raw/pool/neg_rvlcdip_other_01093.jpg
data/raw/pool/neg_rvlcdip_other_01094.jpg,0,train,data/raw/pool/neg_rvlcdip_other_01094.jpg
data/raw/pool/neg_rvlcdip_other_01095.jpg,0,train,data/raw/pool/neg_rvlcdip_other_01095.jpg
data/raw/pool/neg_rvlcdip_other_01097.jpg,0,train,data/raw/pool/neg_rvlcdip_other_01097.jpg
data/raw/pool/neg_rvlcdip_other_01098.jpg,0,train,data/raw/pool/neg_rvlcdip_other_01098.jpg
data/raw/pool/neg_rvlcdip_other_01099.jpg,0,train,data/raw/pool/neg_rvlcdip_other_01099.jpg
data/raw/pool/neg_rvlcdip_other_01100.jpg,0,train,data/raw/pool/neg_rvlcdip_other_01100.jpg
data/raw/pool/neg_rvlcdip_other_01101.jpg,0,train,data/raw/pool/neg_rvlcdip_other_01101.jpg
data/raw/pool/neg_rvlcdip_other_01102.jpg,0,train,data/raw/pool/neg_rvlcdip_other_01102.jpg
data/raw/pool/neg_rvlcdip_other_01103.jpg,0,train,data/raw/pool/neg_rvlcdip_other_01103.jpg
data/raw/pool/neg_rvlcdip_other_01104.jpg,0,train,data/raw/pool/neg_rvlcdip_other_01104.jpg
data/raw/pool/neg_rvlcdip_other_01105.jpg,0,train,data/raw/pool/neg_rvlcdip_other_01105.jpg
data/raw/pool/neg_rvlcdip_other_01106.jpg,0,train,data/raw/pool/neg_rvlcdip_other_01106.jpg
data/raw/pool/neg_rvlcdip_other_01107.jpg,0,train,data/raw/pool/neg_rvlcdip_other_01107.jpg
data/raw/pool/neg_rvlcdip_other_01108.jpg,0,train,data/raw/pool/neg_rvlcdip_other_01108.jpg
data/raw/pool/neg_rvlcdip_other_01109.jpg,0,train,data/raw/pool/neg_rvlcdip_other_01109.jpg
data/raw/pool/neg_rvlcdip_other_01110.jpg,0,train,data/raw/pool/neg_rvlcdip_other_01110.jpg
data/raw/pool/neg_rvlcdip_other_01112.jpg,0,train,data/raw/pool/neg_rvlcdip_other_01112.jpg
data/raw/pool/neg_rvlcdip_other_01114.jpg,0,train,data/raw/pool/neg_rvlcdip_other_01114.jpg
data/raw/pool/neg_rvlcdip_other_01115.jpg,0,train,data/raw/pool/neg_rvlcdip_other_01115.jpg
data/raw/pool/neg_rvlcdip_other_01116.jpg,0,train,data/raw/pool/neg_rvlcdip_other_01116.jpg
data/raw/pool/neg_rvlcdip_other_01117.jpg,0,train,data/raw/pool/neg_rvlcdip_other_01117.jpg
data/raw/pool/neg_rvlcdip_other_01118.jpg,0,train,data/raw/pool/neg_rvlcdip_other_01118.jpg
data/raw/pool/neg_rvlcdip_other_01119.jpg,0,train,data/raw/pool/neg_rvlcdip_other_01119.jpg
data/raw/pool/neg_rvlcdip_other_01120.jpg,0,train,data/raw/pool/neg_rvlcdip_other_01120.jpg
data/raw/pool/neg_rvlcdip_other_01121.jpg,0,train,data/raw/pool/neg_rvlcdip_other_01121.jpg
data/raw/pool/neg_rvlcdip_other_01122.jpg,0,train,data/raw/pool/neg_rvlcdip_other_01122.jpg
data/raw/pool/neg_rvlcdip_other_01123.jpg,0,train,data/raw/pool/neg_rvlcdip_other_01123.jpg
data/raw/pool/neg_rvlcdip_other_01124.jpg,0,train,data/raw/pool/neg_rvlcdip_other_01124.jpg
data/raw/pool/neg_rvlcdip_other_01125.jpg,0,train,data/raw/pool/neg_rvlcdip_other_01125.jpg
data/raw/pool/neg_rvlcdip_other_01126.jpg,0,train,data/raw/pool/neg_rvlcdip_other_01126.jpg
data/raw/pool/neg_rvlcdip_other_01127.jpg,0,train,data/raw/pool/neg_rvlcdip_other_01127.jpg
data/raw/pool/neg_rvlcdip_other_01128.jpg,0,train,data/raw/pool/neg_rvlcdip_other_01128.jpg
data/raw/pool/neg_rvlcdip_other_01130.jpg,0,train,data/raw/pool/neg_rvlcdip_other_01130.jpg
data/raw/pool/neg_rvlcdip_other_01131.jpg,0,train,data/raw/pool/neg_rvlcdip_other_01131.jpg
data/raw/pool/neg_rvlcdip_other_01132.jpg,0,train,data/raw/pool/neg_rvlcdip_other_01132.jpg
data/raw/pool/neg_rvlcdip_other_01133.jpg,0,train,data/raw/pool/neg_rvlcdip_other_01133.jpg
data/raw/pool/neg_rvlcdip_other_01134.jpg,0,train,data/raw/pool/neg_rvlcdip_other_01134.jpg
data/raw/pool/neg_rvlcdip_other_01135.jpg,0,train,data/raw/pool/neg_rvlcdip_other_01135.jpg
data/raw/pool/neg_rvlcdip_other_01136.jpg,0,train,data/raw/pool/neg_rvlcdip_other_01136.jpg
data/raw/pool/neg_rvlcdip_other_01137.jpg,0,train,data/raw/pool/neg_rvlcdip_other_01137.jpg
data/raw/pool/neg_rvlcdip_other_01138.jpg,0,train,data/raw/pool/neg_rvlcdip_other_01138.jpg
data/raw/pool/neg_rvlcdip_other_01139.jpg,0,train,data/raw/pool/neg_rvlcdip_other_01139.jpg
data/raw/pool/neg_rvlcdip_other_01140.jpg,0,train,data/raw/pool/neg_rvlcdip_other_01140.jpg
data/raw/pool/neg_rvlcdip_other_01141.jpg,0,train,data/raw/pool/neg_rvlcdip_other_01141.jpg
data/raw/pool/neg_rvlcdip_other_01142.jpg,0,train,data/raw/pool/neg_rvlcdip_other_01142.jpg
data/raw/pool/neg_rvlcdip_other_01143.jpg,0,train,data/raw/pool/neg_rvlcdip_other_01143.jpg
data/raw/pool/neg_rvlcdip_other_01144.jpg,0,train,data/raw/pool/neg_rvlcdip_other_01144.jpg
data/raw/pool/neg_rvlcdip_other_01145.jpg,0,train,data/raw/pool/neg_rvlcdip_other_01145.jpg
data/raw/pool/neg_rvlcdip_other_01146.jpg,0,train,data/raw/pool/neg_rvlcdip_other_01146.jpg
data/raw/pool/neg_rvlcdip_other_01148.jpg,0,train,data/raw/pool/neg_rvlcdip_other_01148.jpg
data/raw/pool/neg_rvlcdip_other_01151.jpg,0,train,data/raw/pool/neg_rvlcdip_other_01151.jpg
data/raw/pool/neg_rvlcdip_other_01152.jpg,0,train,data/raw/pool/neg_rvlcdip_other_01152.jpg
data/raw/pool/neg_rvlcdip_other_01153.jpg,0,train,data/raw/pool/neg_rvlcdip_other_01153.jpg
data/raw/pool/neg_rvlcdip_other_01154.jpg,0,train,data/raw/pool/neg_rvlcdip_other_01154.jpg
data/raw/pool/neg_rvlcdip_other_01156.jpg,0,train,data/raw/pool/neg_rvlcdip_other_01156.jpg
data/raw/pool/neg_rvlcdip_other_01157.jpg,0,train,data/raw/pool/neg_rvlcdip_other_01157.jpg
data/raw/pool/neg_rvlcdip_other_01158.jpg,0,train,data/raw/pool/neg_rvlcdip_other_01158.jpg
data/raw/pool/neg_rvlcdip_other_01159.jpg,0,train,data/raw/pool/neg_rvlcdip_other_01159.jpg
data/raw/pool/neg_rvlcdip_other_01160.jpg,0,train,data/raw/pool/neg_rvlcdip_other_01160.jpg
data/raw/pool/neg_rvlcdip_other_01161.jpg,0,train,data/raw/pool/neg_rvlcdip_other_01161.jpg
data/raw/pool/neg_rvlcdip_other_01162.jpg,0,train,data/raw/pool/neg_rvlcdip_other_01162.jpg
data/raw/pool/neg_rvlcdip_other_01163.jpg,0,train,data/raw/pool/neg_rvlcdip_other_01163.jpg
data/raw/pool/neg_rvlcdip_other_01164.jpg,0,train,data/raw/pool/neg_rvlcdip_other_01164.jpg
data/raw/pool/neg_rvlcdip_other_01165.jpg,0,train,data/raw/pool/neg_rvlcdip_other_01165.jpg
data/raw/pool/neg_rvlcdip_other_01166.jpg,0,train,data/raw/pool/neg_rvlcdip_other_01166.jpg
data/raw/pool/neg_rvlcdip_other_01167.jpg,0,train,data/raw/pool/neg_rvlcdip_other_01167.jpg
data/raw/pool/neg_rvlcdip_other_01169.jpg,0,train,data/raw/pool/neg_rvlcdip_other_01169.jpg
data/raw/pool/neg_rvlcdip_other_01170.jpg,0,train,data/raw/pool/neg_rvlcdip_other_01170.jpg
data/raw/pool/neg_rvlcdip_other_01171.jpg,0,train,data/raw/pool/neg_rvlcdip_other_01171.jpg
data/raw/pool/neg_rvlcdip_other_01172.jpg,0,train,data/raw/pool/neg_rvlcdip_other_01172.jpg
data/raw/pool/neg_rvlcdip_other_01173.jpg,0,train,data/raw/pool/neg_rvlcdip_other_01173.jpg
data/raw/pool/neg_rvlcdip_other_01174.jpg,0,train,data/raw/pool/neg_rvlcdip_other_01174.jpg
data/raw/pool/neg_rvlcdip_other_01175.jpg,0,train,data/raw/pool/neg_rvlcdip_other_01175.jpg
data/raw/pool/neg_rvlcdip_other_01176.jpg,0,train,data/raw/pool/neg_rvlcdip_other_01176.jpg
data/raw/pool/neg_rvlcdip_other_01178.jpg,0,train,data/raw/pool/neg_rvlcdip_other_01178.jpg
data/raw/pool/neg_rvlcdip_other_01179.jpg,0,train,data/raw/pool/neg_rvlcdip_other_01179.jpg
data/raw/pool/neg_rvlcdip_other_01180.jpg,0,train,data/raw/pool/neg_rvlcdip_other_01180.jpg
data/raw/pool/neg_rvlcdip_other_01182.jpg,0,train,data/raw/pool/neg_rvlcdip_other_01182.jpg
data/raw/pool/neg_rvlcdip_other_01183.jpg,0,train,data/raw/pool/neg_rvlcdip_other_01183.jpg
data/raw/pool/neg_rvlcdip_other_01185.jpg,0,train,data/raw/pool/neg_rvlcdip_other_01185.jpg
data/raw/pool/neg_rvlcdip_other_01186.jpg,0,train,data/raw/pool/neg_rvlcdip_other_01186.jpg
data/raw/pool/neg_rvlcdip_other_01187.jpg,0,train,data/raw/pool/neg_rvlcdip_other_01187.jpg
data/raw/pool/neg_rvlcdip_other_01188.jpg,0,train,data/raw/pool/neg_rvlcdip_other_01188.jpg
data/raw/pool/neg_rvlcdip_other_01190.jpg,0,train,data/raw/pool/neg_rvlcdip_other_01190.jpg
data/raw/pool/neg_rvlcdip_other_01192.jpg,0,train,data/raw/pool/neg_rvlcdip_other_01192.jpg
data/raw/pool/neg_rvlcdip_other_01193.jpg,0,train,data/raw/pool/neg_rvlcdip_other_01193.jpg
data/raw/pool/neg_rvlcdip_other_01194.jpg,0,train,data/raw/pool/neg_rvlcdip_other_01194.jpg
data/raw/pool/neg_rvlcdip_other_01195.jpg,0,train,data/raw/pool/neg_rvlcdip_other_01195.jpg
data/raw/pool/neg_rvlcdip_other_01196.jpg,0,train,data/raw/pool/neg_rvlcdip_other_01196.jpg
data/raw/pool/neg_rvlcdip_other_01198.jpg,0,train,data/raw/pool/neg_rvlcdip_other_01198.jpg
data/raw/pool/neg_rvlcdip_other_01199.jpg,0,train,data/raw/pool/neg_rvlcdip_other_01199.jpg
data/raw/pool/neg_rvlcdip_other_01200.jpg,0,train,data/raw/pool/neg_rvlcdip_other_01200.jpg
data/raw/pool/neg_rvlcdip_other_01201.jpg,0,train,data/raw/pool/neg_rvlcdip_other_01201.jpg
data/raw/pool/neg_rvlcdip_other_01202.jpg,0,train,data/raw/pool/neg_rvlcdip_other_01202.jpg
data/raw/pool/neg_rvlcdip_other_01203.jpg,0,train,data/raw/pool/neg_rvlcdip_other_01203.jpg
data/raw/pool/neg_rvlcdip_other_01204.jpg,0,train,data/raw/pool/neg_rvlcdip_other_01204.jpg
data/raw/pool/neg_rvlcdip_other_01205.jpg,0,train,data/raw/pool/neg_rvlcdip_other_01205.jpg
data/raw/pool/neg_rvlcdip_other_01206.jpg,0,train,data/raw/pool/neg_rvlcdip_other_01206.jpg
data/raw/pool/neg_rvlcdip_other_01207.jpg,0,train,data/raw/pool/neg_rvlcdip_other_01207.jpg
data/raw/pool/neg_rvlcdip_other_01208.jpg,0,train,data/raw/pool/neg_rvlcdip_other_01208.jpg
data/raw/pool/neg_rvlcdip_other_01209.jpg,0,train,data/raw/pool/neg_rvlcdip_other_01209.jpg
data/raw/pool/neg_rvlcdip_other_01210.jpg,0,train,data/raw/pool/neg_rvlcdip_other_01210.jpg
data/raw/pool/neg_rvlcdip_other_01211.jpg,0,train,data/raw/pool/neg_rvlcdip_other_01211.jpg
data/raw/pool/neg_rvlcdip_other_01212.jpg,0,train,data/raw/pool/neg_rvlcdip_other_01212.jpg
data/raw/pool/neg_rvlcdip_other_01213.jpg,0,train,data/raw/pool/neg_rvlcdip_other_01213.jpg
data/raw/pool/neg_rvlcdip_other_01214.jpg,0,train,data/raw/pool/neg_rvlcdip_other_01214.jpg
data/raw/pool/neg_rvlcdip_other_01215.jpg,0,train,data/raw/pool/neg_rvlcdip_other_01215.jpg
data/raw/pool/neg_rvlcdip_other_01217.jpg,0,train,data/raw/pool/neg_rvlcdip_other_01217.jpg
data/raw/pool/neg_rvlcdip_other_01218.jpg,0,train,data/raw/pool/neg_rvlcdip_other_01218.jpg
data/raw/pool/neg_rvlcdip_other_01219.jpg,0,train,data/raw/pool/neg_rvlcdip_other_01219.jpg
data/raw/pool/neg_rvlcdip_other_01222.jpg,0,train,data/raw/pool/neg_rvlcdip_other_01222.jpg
data/raw/pool/neg_rvlcdip_other_01223.jpg,0,train,data/raw/pool/neg_rvlcdip_other_01223.jpg
data/raw/pool/neg_rvlcdip_other_01224.jpg,0,train,data/raw/pool/neg_rvlcdip_other_01224.jpg
data/raw/pool/neg_rvlcdip_other_01225.jpg,0,train,data/raw/pool/neg_rvlcdip_other_01225.jpg
data/raw/pool/neg_rvlcdip_other_01226.jpg,0,train,data/raw/pool/neg_rvlcdip_other_01226.jpg
data/raw/pool/neg_rvlcdip_other_01227.jpg,0,train,data/raw/pool/neg_rvlcdip_other_01227.jpg
data/raw/pool/neg_rvlcdip_other_01228.jpg,0,train,data/raw/pool/neg_rvlcdip_other_01228.jpg
data/raw/pool/neg_rvlcdip_other_01231.jpg,0,train,data/raw/pool/neg_rvlcdip_other_01231.jpg
data/raw/pool/neg_rvlcdip_other_01232.jpg,0,train,data/raw/pool/neg_rvlcdip_other_01232.jpg
data/raw/pool/neg_rvlcdip_other_01233.jpg,0,train,data/raw/pool/neg_rvlcdip_other_01233.jpg
data/raw/pool/neg_rvlcdip_other_01234.jpg,0,train,data/raw/pool/neg_rvlcdip_other_01234.jpg
data/raw/pool/neg_rvlcdip_other_01235.jpg,0,train,data/raw/pool/neg_rvlcdip_other_01235.jpg
data/raw/pool/neg_rvlcdip_other_01236.jpg,0,train,data/raw/pool/neg_rvlcdip_other_01236.jpg
data/raw/pool/neg_rvlcdip_other_01237.jpg,0,train,data/raw/pool/neg_rvlcdip_other_01237.jpg
data/raw/pool/neg_rvlcdip_other_01238.jpg,0,train,data/raw/pool/neg_rvlcdip_other_01238.jpg
data/raw/pool/neg_rvlcdip_other_01239.jpg,0,train,data/raw/pool/neg_rvlcdip_other_01239.jpg
data/raw/pool/neg_rvlcdip_other_01240.jpg,0,train,data/raw/pool/neg_rvlcdip_other_01240.jpg
data/raw/pool/neg_rvlcdip_other_01242.jpg,0,train,data/raw/pool/neg_rvlcdip_other_01242.jpg
data/raw/pool/neg_rvlcdip_other_01243.jpg,0,train,data/raw/pool/neg_rvlcdip_other_01243.jpg
data/raw/pool/neg_rvlcdip_other_01245.jpg,0,train,data/raw/pool/neg_rvlcdip_other_01245.jpg
data/raw/pool/neg_rvlcdip_other_01246.jpg,0,train,data/raw/pool/neg_rvlcdip_other_01246.jpg
data/raw/pool/neg_rvlcdip_other_01247.jpg,0,train,data/raw/pool/neg_rvlcdip_other_01247.jpg
data/raw/pool/neg_rvlcdip_other_01248.jpg,0,train,data/raw/pool/neg_rvlcdip_other_01248.jpg
data/raw/pool/neg_rvlcdip_other_01250.jpg,0,train,data/raw/pool/neg_rvlcdip_other_01250.jpg
data/raw/pool/neg_rvlcdip_other_01251.jpg,0,train,data/raw/pool/neg_rvlcdip_other_01251.jpg
data/raw/pool/neg_rvlcdip_other_01252.jpg,0,train,data/raw/pool/neg_rvlcdip_other_01252.jpg
data/raw/pool/neg_rvlcdip_other_01255.jpg,0,train,data/raw/pool/neg_rvlcdip_other_01255.jpg
data/raw/pool/neg_rvlcdip_other_01256.jpg,0,train,data/raw/pool/neg_rvlcdip_other_01256.jpg
data/raw/pool/neg_rvlcdip_other_01257.jpg,0,train,data/raw/pool/neg_rvlcdip_other_01257.jpg
data/raw/pool/neg_rvlcdip_other_01258.jpg,0,train,data/raw/pool/neg_rvlcdip_other_01258.jpg
data/raw/pool/neg_rvlcdip_other_01259.jpg,0,train,data/raw/pool/neg_rvlcdip_other_01259.jpg
data/raw/pool/neg_rvlcdip_other_01262.jpg,0,train,data/raw/pool/neg_rvlcdip_other_01262.jpg
data/raw/pool/neg_rvlcdip_other_01263.jpg,0,train,data/raw/pool/neg_rvlcdip_other_01263.jpg
data/raw/pool/neg_rvlcdip_other_01264.jpg,0,train,data/raw/pool/neg_rvlcdip_other_01264.jpg
data/raw/pool/neg_rvlcdip_other_01265.jpg,0,train,data/raw/pool/neg_rvlcdip_other_01265.jpg
data/raw/pool/neg_rvlcdip_other_01266.jpg,0,train,data/raw/pool/neg_rvlcdip_other_01266.jpg
data/raw/pool/neg_rvlcdip_other_01267.jpg,0,train,data/raw/pool/neg_rvlcdip_other_01267.jpg
data/raw/pool/neg_rvlcdip_other_01269.jpg,0,train,data/raw/pool/neg_rvlcdip_other_01269.jpg
data/raw/pool/neg_rvlcdip_other_01270.jpg,0,train,data/raw/pool/neg_rvlcdip_other_01270.jpg
data/raw/pool/neg_rvlcdip_other_01271.jpg,0,train,data/raw/pool/neg_rvlcdip_other_01271.jpg
data/raw/pool/neg_rvlcdip_other_01272.jpg,0,train,data/raw/pool/neg_rvlcdip_other_01272.jpg
data/raw/pool/neg_rvlcdip_other_01273.jpg,0,train,data/raw/pool/neg_rvlcdip_other_01273.jpg
data/raw/pool/neg_rvlcdip_other_01274.jpg,0,train,data/raw/pool/neg_rvlcdip_other_01274.jpg
data/raw/pool/neg_rvlcdip_other_01275.jpg,0,train,data/raw/pool/neg_rvlcdip_other_01275.jpg
data/raw/pool/neg_rvlcdip_other_01276.jpg,0,train,data/raw/pool/neg_rvlcdip_other_01276.jpg
data/raw/pool/neg_rvlcdip_other_01277.jpg,0,train,data/raw/pool/neg_rvlcdip_other_01277.jpg
data/raw/pool/neg_rvlcdip_other_01279.jpg,0,train,data/raw/pool/neg_rvlcdip_other_01279.jpg
data/raw/pool/neg_rvlcdip_other_01280.jpg,0,train,data/raw/pool/neg_rvlcdip_other_01280.jpg
data/raw/pool/neg_rvlcdip_other_01282.jpg,0,train,data/raw/pool/neg_rvlcdip_other_01282.jpg
data/raw/pool/neg_rvlcdip_other_01283.jpg,0,train,data/raw/pool/neg_rvlcdip_other_01283.jpg
data/raw/pool/neg_rvlcdip_other_01284.jpg,0,train,data/raw/pool/neg_rvlcdip_other_01284.jpg
data/raw/pool/neg_rvlcdip_other_01285.jpg,0,train,data/raw/pool/neg_rvlcdip_other_01285.jpg
data/raw/pool/neg_rvlcdip_other_01286.jpg,0,train,data/raw/pool/neg_rvlcdip_other_01286.jpg
data/raw/pool/neg_rvlcdip_other_01287.jpg,0,train,data/raw/pool/neg_rvlcdip_other_01287.jpg
data/raw/pool/neg_rvlcdip_other_01288.jpg,0,train,data/raw/pool/neg_rvlcdip_other_01288.jpg
data/raw/pool/neg_rvlcdip_other_01289.jpg,0,train,data/raw/pool/neg_rvlcdip_other_01289.jpg
data/raw/pool/neg_rvlcdip_other_01290.jpg,0,train,data/raw/pool/neg_rvlcdip_other_01290.jpg
data/raw/pool/neg_rvlcdip_other_01291.jpg,0,train,data/raw/pool/neg_rvlcdip_other_01291.jpg
data/raw/pool/neg_rvlcdip_other_01292.jpg,0,train,data/raw/pool/neg_rvlcdip_other_01292.jpg
data/raw/pool/neg_rvlcdip_other_01293.jpg,0,train,data/raw/pool/neg_rvlcdip_other_01293.jpg
data/raw/pool/neg_rvlcdip_other_01294.jpg,0,train,data/raw/pool/neg_rvlcdip_other_01294.jpg
data/raw/pool/neg_rvlcdip_other_01296.jpg,0,train,data/raw/pool/neg_rvlcdip_other_01296.jpg
data/raw/pool/neg_rvlcdip_other_01297.jpg,0,train,data/raw/pool/neg_rvlcdip_other_01297.jpg
data/raw/pool/neg_rvlcdip_other_01298.jpg,0,train,data/raw/pool/neg_rvlcdip_other_01298.jpg
data/raw/pool/neg_rvlcdip_other_01299.jpg,0,train,data/raw/pool/neg_rvlcdip_other_01299.jpg
data/raw/pool/neg_rvlcdip_other_01300.jpg,0,train,data/raw/pool/neg_rvlcdip_other_01300.jpg
data/raw/pool/neg_rvlcdip_other_01301.jpg,0,train,data/raw/pool/neg_rvlcdip_other_01301.jpg
data/raw/pool/neg_rvlcdip_other_01302.jpg,0,train,data/raw/pool/neg_rvlcdip_other_01302.jpg
data/raw/pool/neg_rvlcdip_other_01303.jpg,0,train,data/raw/pool/neg_rvlcdip_other_01303.jpg
data/raw/pool/neg_rvlcdip_other_01304.jpg,0,train,data/raw/pool/neg_rvlcdip_other_01304.jpg
data/raw/pool/neg_rvlcdip_other_01305.jpg,0,train,data/raw/pool/neg_rvlcdip_other_01305.jpg
data/raw/pool/neg_rvlcdip_other_01306.jpg,0,train,data/raw/pool/neg_rvlcdip_other_01306.jpg
data/raw/pool/neg_rvlcdip_other_01307.jpg,0,train,data/raw/pool/neg_rvlcdip_other_01307.jpg
data/raw/pool/neg_rvlcdip_other_01309.jpg,0,train,data/raw/pool/neg_rvlcdip_other_01309.jpg
data/raw/pool/neg_rvlcdip_other_01310.jpg,0,train,data/raw/pool/neg_rvlcdip_other_01310.jpg
data/raw/pool/neg_rvlcdip_other_01311.jpg,0,train,data/raw/pool/neg_rvlcdip_other_01311.jpg
data/raw/pool/neg_rvlcdip_other_01312.jpg,0,train,data/raw/pool/neg_rvlcdip_other_01312.jpg
data/raw/pool/neg_rvlcdip_other_01314.jpg,0,train,data/raw/pool/neg_rvlcdip_other_01314.jpg
data/raw/pool/neg_rvlcdip_other_01315.jpg,0,train,data/raw/pool/neg_rvlcdip_other_01315.jpg
data/raw/pool/neg_rvlcdip_other_01316.jpg,0,train,data/raw/pool/neg_rvlcdip_other_01316.jpg
data/raw/pool/neg_rvlcdip_other_01317.jpg,0,train,data/raw/pool/neg_rvlcdip_other_01317.jpg
data/raw/pool/neg_rvlcdip_other_01318.jpg,0,train,data/raw/pool/neg_rvlcdip_other_01318.jpg
data/raw/pool/neg_rvlcdip_other_01320.jpg,0,train,data/raw/pool/neg_rvlcdip_other_01320.jpg
data/raw/pool/neg_rvlcdip_other_01321.jpg,0,train,data/raw/pool/neg_rvlcdip_other_01321.jpg
data/raw/pool/neg_rvlcdip_other_01323.jpg,0,train,data/raw/pool/neg_rvlcdip_other_01323.jpg
data/raw/pool/neg_rvlcdip_other_01324.jpg,0,train,data/raw/pool/neg_rvlcdip_other_01324.jpg
data/raw/pool/neg_rvlcdip_other_01325.jpg,0,train,data/raw/pool/neg_rvlcdip_other_01325.jpg
data/raw/pool/neg_rvlcdip_other_01327.jpg,0,train,data/raw/pool/neg_rvlcdip_other_01327.jpg
data/raw/pool/neg_rvlcdip_other_01328.jpg,0,train,data/raw/pool/neg_rvlcdip_other_01328.jpg
data/raw/pool/neg_rvlcdip_other_01330.jpg,0,train,data/raw/pool/neg_rvlcdip_other_01330.jpg
data/raw/pool/neg_rvlcdip_other_01332.jpg,0,train,data/raw/pool/neg_rvlcdip_other_01332.jpg
data/raw/pool/neg_rvlcdip_other_01333.jpg,0,train,data/raw/pool/neg_rvlcdip_other_01333.jpg
data/raw/pool/neg_rvlcdip_other_01334.jpg,0,train,data/raw/pool/neg_rvlcdip_other_01334.jpg
data/raw/pool/neg_rvlcdip_other_01335.jpg,0,train,data/raw/pool/neg_rvlcdip_other_01335.jpg
data/raw/pool/neg_rvlcdip_other_01336.jpg,0,train,data/raw/pool/neg_rvlcdip_other_01336.jpg
data/raw/pool/neg_rvlcdip_other_01337.jpg,0,train,data/raw/pool/neg_rvlcdip_other_01337.jpg
data/raw/pool/neg_rvlcdip_other_01338.jpg,0,train,data/raw/pool/neg_rvlcdip_other_01338.jpg
data/raw/pool/neg_rvlcdip_other_01339.jpg,0,train,data/raw/pool/neg_rvlcdip_other_01339.jpg
data/raw/pool/neg_rvlcdip_other_01340.jpg,0,train,data/raw/pool/neg_rvlcdip_other_01340.jpg
data/raw/pool/neg_rvlcdip_other_01341.jpg,0,train,data/raw/pool/neg_rvlcdip_other_01341.jpg
data/raw/pool/neg_rvlcdip_other_01342.jpg,0,train,data/raw/pool/neg_rvlcdip_other_01342.jpg
data/raw/pool/neg_rvlcdip_other_01343.jpg,0,train,data/raw/pool/neg_rvlcdip_other_01343.jpg
data/raw/pool/neg_rvlcdip_other_01344.jpg,0,train,data/raw/pool/neg_rvlcdip_other_01344.jpg
data/raw/pool/neg_rvlcdip_other_01346.jpg,0,train,data/raw/pool/neg_rvlcdip_other_01346.jpg
data/raw/pool/neg_rvlcdip_other_01347.jpg,0,train,data/raw/pool/neg_rvlcdip_other_01347.jpg
data/raw/pool/neg_rvlcdip_other_01348.jpg,0,train,data/raw/pool/neg_rvlcdip_other_01348.jpg
data/raw/pool/neg_rvlcdip_other_01350.jpg,0,train,data/raw/pool/neg_rvlcdip_other_01350.jpg
data/raw/pool/neg_rvlcdip_other_01351.jpg,0,train,data/raw/pool/neg_rvlcdip_other_01351.jpg
data/raw/pool/neg_rvlcdip_other_01352.jpg,0,train,data/raw/pool/neg_rvlcdip_other_01352.jpg
data/raw/pool/neg_rvlcdip_other_01354.jpg,0,train,data/raw/pool/neg_rvlcdip_other_01354.jpg
data/raw/pool/neg_rvlcdip_other_01355.jpg,0,train,data/raw/pool/neg_rvlcdip_other_01355.jpg
data/raw/pool/neg_rvlcdip_other_01356.jpg,0,train,data/raw/pool/neg_rvlcdip_other_01356.jpg
data/raw/pool/neg_rvlcdip_other_01357.jpg,0,train,data/raw/pool/neg_rvlcdip_other_01357.jpg
data/raw/pool/neg_rvlcdip_other_01358.jpg,0,train,data/raw/pool/neg_rvlcdip_other_01358.jpg
data/raw/pool/neg_rvlcdip_other_01359.jpg,0,train,data/raw/pool/neg_rvlcdip_other_01359.jpg
data/raw/pool/neg_rvlcdip_other_01360.jpg,0,train,data/raw/pool/neg_rvlcdip_other_01360.jpg
data/raw/pool/neg_rvlcdip_other_01361.jpg,0,train,data/raw/pool/neg_rvlcdip_other_01361.jpg
data/raw/pool/neg_rvlcdip_other_01362.jpg,0,train,data/raw/pool/neg_rvlcdip_other_01362.jpg
data/raw/pool/neg_rvlcdip_other_01363.jpg,0,train,data/raw/pool/neg_rvlcdip_other_01363.jpg
data/raw/pool/neg_rvlcdip_other_01364.jpg,0,train,data/raw/pool/neg_rvlcdip_other_01364.jpg
data/raw/pool/neg_rvlcdip_other_01366.jpg,0,train,data/raw/pool/neg_rvlcdip_other_01366.jpg
data/raw/pool/neg_rvlcdip_other_01367.jpg,0,train,data/raw/pool/neg_rvlcdip_other_01367.jpg
data/raw/pool/neg_rvlcdip_other_01368.jpg,0,train,data/raw/pool/neg_rvlcdip_other_01368.jpg
data/raw/pool/neg_rvlcdip_other_01369.jpg,0,train,data/raw/pool/neg_rvlcdip_other_01369.jpg
data/raw/pool/neg_rvlcdip_other_01370.jpg,0,train,data/raw/pool/neg_rvlcdip_other_01370.jpg
data/raw/pool/neg_rvlcdip_other_01372.jpg,0,train,data/raw/pool/neg_rvlcdip_other_01372.jpg
data/raw/pool/neg_rvlcdip_other_01373.jpg,0,train,data/raw/pool/neg_rvlcdip_other_01373.jpg
data/raw/pool/neg_rvlcdip_other_01374.jpg,0,train,data/raw/pool/neg_rvlcdip_other_01374.jpg
data/raw/pool/neg_rvlcdip_other_01375.jpg,0,train,data/raw/pool/neg_rvlcdip_other_01375.jpg
data/raw/pool/neg_rvlcdip_other_01376.jpg,0,train,data/raw/pool/neg_rvlcdip_other_01376.jpg
data/raw/pool/neg_rvlcdip_other_01377.jpg,0,train,data/raw/pool/neg_rvlcdip_other_01377.jpg
data/raw/pool/neg_rvlcdip_other_01378.jpg,0,train,data/raw/pool/neg_rvlcdip_other_01378.jpg
data/raw/pool/neg_rvlcdip_other_01379.jpg,0,train,data/raw/pool/neg_rvlcdip_other_01379.jpg
data/raw/pool/neg_rvlcdip_other_01380.jpg,0,train,data/raw/pool/neg_rvlcdip_other_01380.jpg
data/raw/pool/neg_rvlcdip_other_01381.jpg,0,train,data/raw/pool/neg_rvlcdip_other_01381.jpg
data/raw/pool/neg_rvlcdip_other_01382.jpg,0,train,data/raw/pool/neg_rvlcdip_other_01382.jpg
data/raw/pool/neg_rvlcdip_other_01383.jpg,0,train,data/raw/pool/neg_rvlcdip_other_01383.jpg
data/raw/pool/neg_rvlcdip_other_01384.jpg,0,train,data/raw/pool/neg_rvlcdip_other_01384.jpg
data/raw/pool/neg_rvlcdip_other_01385.jpg,0,train,data/raw/pool/neg_rvlcdip_other_01385.jpg
data/raw/pool/neg_rvlcdip_other_01386.jpg,0,train,data/raw/pool/neg_rvlcdip_other_01386.jpg
data/raw/pool/neg_rvlcdip_other_01387.jpg,0,train,data/raw/pool/neg_rvlcdip_other_01387.jpg
data/raw/pool/neg_rvlcdip_other_01388.jpg,0,train,data/raw/pool/neg_rvlcdip_other_01388.jpg
data/raw/pool/neg_rvlcdip_other_01389.jpg,0,train,data/raw/pool/neg_rvlcdip_other_01389.jpg
data/raw/pool/neg_rvlcdip_other_01390.jpg,0,train,data/raw/pool/neg_rvlcdip_other_01390.jpg
data/raw/pool/neg_rvlcdip_other_01391.jpg,0,train,data/raw/pool/neg_rvlcdip_other_01391.jpg
data/raw/pool/neg_rvlcdip_other_01392.jpg,0,train,data/raw/pool/neg_rvlcdip_other_01392.jpg
data/raw/pool/neg_rvlcdip_other_01393.jpg,0,train,data/raw/pool/neg_rvlcdip_other_01393.jpg
data/raw/pool/neg_rvlcdip_other_01394.jpg,0,train,data/raw/pool/neg_rvlcdip_other_01394.jpg
data/raw/pool/neg_rvlcdip_other_01395.jpg,0,train,data/raw/pool/neg_rvlcdip_other_01395.jpg
data/raw/pool/neg_rvlcdip_other_01396.jpg,0,train,data/raw/pool/neg_rvlcdip_other_01396.jpg
data/raw/pool/neg_rvlcdip_other_01397.jpg,0,train,data/raw/pool/neg_rvlcdip_other_01397.jpg
data/raw/pool/neg_rvlcdip_other_01398.jpg,0,train,data/raw/pool/neg_rvlcdip_other_01398.jpg
data/raw/pool/neg_rvlcdip_other_01399.jpg,0,train,data/raw/pool/neg_rvlcdip_other_01399.jpg
data/raw/pool/neg_rvlcdip_other_01400.jpg,0,train,data/raw/pool/neg_rvlcdip_other_01400.jpg
data/raw/pool/neg_rvlcdip_other_01401.jpg,0,train,data/raw/pool/neg_rvlcdip_other_01401.jpg
data/raw/pool/neg_rvlcdip_other_01402.jpg,0,train,data/raw/pool/neg_rvlcdip_other_01402.jpg
data/raw/pool/neg_rvlcdip_other_01403.jpg,0,train,data/raw/pool/neg_rvlcdip_other_01403.jpg
data/raw/pool/neg_rvlcdip_other_01404.jpg,0,train,data/raw/pool/neg_rvlcdip_other_01404.jpg
data/raw/pool/neg_rvlcdip_other_01409.jpg,0,train,data/raw/pool/neg_rvlcdip_other_01409.jpg
data/raw/pool/neg_rvlcdip_other_01411.jpg,0,train,data/raw/pool/neg_rvlcdip_other_01411.jpg
data/raw/pool/neg_rvlcdip_other_01414.jpg,0,train,data/raw/pool/neg_rvlcdip_other_01414.jpg
data/raw/pool/neg_rvlcdip_other_01415.jpg,0,train,data/raw/pool/neg_rvlcdip_other_01415.jpg
data/raw/pool/neg_rvlcdip_other_01416.jpg,0,train,data/raw/pool/neg_rvlcdip_other_01416.jpg
data/raw/pool/neg_rvlcdip_other_01417.jpg,0,train,data/raw/pool/neg_rvlcdip_other_01417.jpg
data/raw/pool/neg_rvlcdip_other_01418.jpg,0,train,data/raw/pool/neg_rvlcdip_other_01418.jpg
data/raw/pool/neg_rvlcdip_other_01420.jpg,0,train,data/raw/pool/neg_rvlcdip_other_01420.jpg
data/raw/pool/neg_rvlcdip_other_01421.jpg,0,train,data/raw/pool/neg_rvlcdip_other_01421.jpg
data/raw/pool/neg_rvlcdip_other_01423.jpg,0,train,data/raw/pool/neg_rvlcdip_other_01423.jpg
data/raw/pool/neg_rvlcdip_other_01424.jpg,0,train,data/raw/pool/neg_rvlcdip_other_01424.jpg
data/raw/pool/neg_rvlcdip_other_01425.jpg,0,train,data/raw/pool/neg_rvlcdip_other_01425.jpg
data/raw/pool/neg_rvlcdip_other_01426.jpg,0,train,data/raw/pool/neg_rvlcdip_other_01426.jpg
data/raw/pool/neg_rvlcdip_other_01427.jpg,0,train,data/raw/pool/neg_rvlcdip_other_01427.jpg
data/raw/pool/neg_rvlcdip_other_01428.jpg,0,train,data/raw/pool/neg_rvlcdip_other_01428.jpg
data/raw/pool/neg_rvlcdip_other_01430.jpg,0,train,data/raw/pool/neg_rvlcdip_other_01430.jpg
data/raw/pool/neg_rvlcdip_other_01431.jpg,0,train,data/raw/pool/neg_rvlcdip_other_01431.jpg
data/raw/pool/neg_rvlcdip_other_01433.jpg,0,train,data/raw/pool/neg_rvlcdip_other_01433.jpg
data/raw/pool/neg_rvlcdip_other_01434.jpg,0,train,data/raw/pool/neg_rvlcdip_other_01434.jpg
data/raw/pool/neg_rvlcdip_other_01435.jpg,0,train,data/raw/pool/neg_rvlcdip_other_01435.jpg
data/raw/pool/neg_rvlcdip_other_01436.jpg,0,train,data/raw/pool/neg_rvlcdip_other_01436.jpg
data/raw/pool/neg_rvlcdip_other_01437.jpg,0,train,data/raw/pool/neg_rvlcdip_other_01437.jpg
data/raw/pool/neg_rvlcdip_other_01439.jpg,0,train,data/raw/pool/neg_rvlcdip_other_01439.jpg
data/raw/pool/neg_rvlcdip_other_01440.jpg,0,train,data/raw/pool/neg_rvlcdip_other_01440.jpg
data/raw/pool/neg_rvlcdip_other_01441.jpg,0,train,data/raw/pool/neg_rvlcdip_other_01441.jpg
data/raw/pool/neg_rvlcdip_other_01442.jpg,0,train,data/raw/pool/neg_rvlcdip_other_01442.jpg
data/raw/pool/neg_rvlcdip_other_01444.jpg,0,train,data/raw/pool/neg_rvlcdip_other_01444.jpg
data/raw/pool/neg_rvlcdip_other_01445.jpg,0,train,data/raw/pool/neg_rvlcdip_other_01445.jpg
data/raw/pool/neg_rvlcdip_other_01446.jpg,0,train,data/raw/pool/neg_rvlcdip_other_01446.jpg
data/raw/pool/neg_rvlcdip_other_01447.jpg,0,train,data/raw/pool/neg_rvlcdip_other_01447.jpg
data/raw/pool/neg_rvlcdip_other_01448.jpg,0,train,data/raw/pool/neg_rvlcdip_other_01448.jpg
data/raw/pool/neg_rvlcdip_other_01450.jpg,0,train,data/raw/pool/neg_rvlcdip_other_01450.jpg
data/raw/pool/neg_rvlcdip_other_01451.jpg,0,train,data/raw/pool/neg_rvlcdip_other_01451.jpg
data/raw/pool/neg_rvlcdip_other_01452.jpg,0,train,data/raw/pool/neg_rvlcdip_other_01452.jpg
data/raw/pool/neg_rvlcdip_other_01453.jpg,0,train,data/raw/pool/neg_rvlcdip_other_01453.jpg
data/raw/pool/neg_rvlcdip_other_01454.jpg,0,train,data/raw/pool/neg_rvlcdip_other_01454.jpg
data/raw/pool/neg_rvlcdip_other_01456.jpg,0,train,data/raw/pool/neg_rvlcdip_other_01456.jpg
data/raw/pool/neg_rvlcdip_other_01457.jpg,0,train,data/raw/pool/neg_rvlcdip_other_01457.jpg
data/raw/pool/neg_rvlcdip_other_01458.jpg,0,train,data/raw/pool/neg_rvlcdip_other_01458.jpg
data/raw/pool/neg_rvlcdip_other_01459.jpg,0,train,data/raw/pool/neg_rvlcdip_other_01459.jpg
data/raw/pool/neg_rvlcdip_other_01460.jpg,0,train,data/raw/pool/neg_rvlcdip_other_01460.jpg
data/raw/pool/neg_rvlcdip_other_01461.jpg,0,train,data/raw/pool/neg_rvlcdip_other_01461.jpg
data/raw/pool/neg_rvlcdip_other_01462.jpg,0,train,data/raw/pool/neg_rvlcdip_other_01462.jpg
data/raw/pool/neg_rvlcdip_other_01463.jpg,0,train,data/raw/pool/neg_rvlcdip_other_01463.jpg
data/raw/pool/neg_rvlcdip_other_01464.jpg,0,train,data/raw/pool/neg_rvlcdip_other_01464.jpg
data/raw/pool/neg_rvlcdip_other_01465.jpg,0,train,data/raw/pool/neg_rvlcdip_other_01465.jpg
data/raw/pool/neg_rvlcdip_other_01466.jpg,0,train,data/raw/pool/neg_rvlcdip_other_01466.jpg
data/raw/pool/neg_rvlcdip_other_01467.jpg,0,train,data/raw/pool/neg_rvlcdip_other_01467.jpg
data/raw/pool/neg_rvlcdip_other_01469.jpg,0,train,data/raw/pool/neg_rvlcdip_other_01469.jpg
data/raw/pool/neg_rvlcdip_other_01470.jpg,0,train,data/raw/pool/neg_rvlcdip_other_01470.jpg
data/raw/pool/neg_rvlcdip_other_01471.jpg,0,train,data/raw/pool/neg_rvlcdip_other_01471.jpg
data/raw/pool/neg_rvlcdip_other_01472.jpg,0,train,data/raw/pool/neg_rvlcdip_other_01472.jpg
data/raw/pool/neg_rvlcdip_other_01473.jpg,0,train,data/raw/pool/neg_rvlcdip_other_01473.jpg
data/raw/pool/neg_rvlcdip_other_01475.jpg,0,train,data/raw/pool/neg_rvlcdip_other_01475.jpg
data/raw/pool/neg_rvlcdip_other_01476.jpg,0,train,data/raw/pool/neg_rvlcdip_other_01476.jpg
data/raw/pool/neg_rvlcdip_other_01477.jpg,0,train,data/raw/pool/neg_rvlcdip_other_01477.jpg
data/raw/pool/neg_rvlcdip_other_01478.jpg,0,train,data/raw/pool/neg_rvlcdip_other_01478.jpg
data/raw/pool/neg_rvlcdip_other_01480.jpg,0,train,data/raw/pool/neg_rvlcdip_other_01480.jpg
data/raw/pool/neg_rvlcdip_other_01481.jpg,0,train,data/raw/pool/neg_rvlcdip_other_01481.jpg
data/raw/pool/neg_rvlcdip_other_01482.jpg,0,train,data/raw/pool/neg_rvlcdip_other_01482.jpg
data/raw/pool/neg_rvlcdip_other_01483.jpg,0,train,data/raw/pool/neg_rvlcdip_other_01483.jpg
data/raw/pool/neg_rvlcdip_other_01484.jpg,0,train,data/raw/pool/neg_rvlcdip_other_01484.jpg
data/raw/pool/neg_rvlcdip_other_01485.jpg,0,train,data/raw/pool/neg_rvlcdip_other_01485.jpg
data/raw/pool/neg_rvlcdip_other_01486.jpg,0,train,data/raw/pool/neg_rvlcdip_other_01486.jpg
data/raw/pool/neg_rvlcdip_other_01488.jpg,0,train,data/raw/pool/neg_rvlcdip_other_01488.jpg
data/raw/pool/neg_rvlcdip_other_01489.jpg,0,train,data/raw/pool/neg_rvlcdip_other_01489.jpg
data/raw/pool/neg_rvlcdip_other_01490.jpg,0,train,data/raw/pool/neg_rvlcdip_other_01490.jpg
data/raw/pool/neg_rvlcdip_other_01491.jpg,0,train,data/raw/pool/neg_rvlcdip_other_01491.jpg
data/raw/pool/neg_rvlcdip_other_01492.jpg,0,train,data/raw/pool/neg_rvlcdip_other_01492.jpg
data/raw/pool/neg_rvlcdip_other_01493.jpg,0,train,data/raw/pool/neg_rvlcdip_other_01493.jpg
data/raw/pool/neg_rvlcdip_other_01495.jpg,0,train,data/raw/pool/neg_rvlcdip_other_01495.jpg
data/raw/pool/neg_rvlcdip_other_01496.jpg,0,train,data/raw/pool/neg_rvlcdip_other_01496.jpg
data/raw/pool/neg_rvlcdip_other_01497.jpg,0,train,data/raw/pool/neg_rvlcdip_other_01497.jpg
data/raw/pool/neg_rvlcdip_other_01498.jpg,0,train,data/raw/pool/neg_rvlcdip_other_01498.jpg
data/raw/pool/neg_rvlcdip_other_01499.jpg,0,train,data/raw/pool/neg_rvlcdip_other_01499.jpg
data/raw/pool/neg_rvlcdip_other_01500.jpg,0,train,data/raw/pool/neg_rvlcdip_other_01500.jpg
data/raw/pool/neg_rvlcdip_other_01501.jpg,0,train,data/raw/pool/neg_rvlcdip_other_01501.jpg
data/raw/pool/neg_rvlcdip_other_01502.jpg,0,train,data/raw/pool/neg_rvlcdip_other_01502.jpg
data/raw/pool/neg_rvlcdip_other_01503.jpg,0,train,data/raw/pool/neg_rvlcdip_other_01503.jpg
data/raw/pool/neg_rvlcdip_other_01504.jpg,0,train,data/raw/pool/neg_rvlcdip_other_01504.jpg
data/raw/pool/neg_rvlcdip_other_01505.jpg,0,train,data/raw/pool/neg_rvlcdip_other_01505.jpg
data/raw/pool/neg_rvlcdip_other_01506.jpg,0,train,data/raw/pool/neg_rvlcdip_other_01506.jpg
data/raw/pool/neg_rvlcdip_other_01507.jpg,0,train,data/raw/pool/neg_rvlcdip_other_01507.jpg
data/raw/pool/neg_rvlcdip_other_01508.jpg,0,train,data/raw/pool/neg_rvlcdip_other_01508.jpg
data/raw/pool/neg_rvlcdip_other_01509.jpg,0,train,data/raw/pool/neg_rvlcdip_other_01509.jpg
data/raw/pool/neg_rvlcdip_other_01511.jpg,0,train,data/raw/pool/neg_rvlcdip_other_01511.jpg
data/raw/pool/neg_rvlcdip_other_01512.jpg,0,train,data/raw/pool/neg_rvlcdip_other_01512.jpg
data/raw/pool/neg_rvlcdip_other_01513.jpg,0,train,data/raw/pool/neg_rvlcdip_other_01513.jpg
data/raw/pool/neg_rvlcdip_other_01514.jpg,0,train,data/raw/pool/neg_rvlcdip_other_01514.jpg
data/raw/pool/neg_rvlcdip_other_01515.jpg,0,train,data/raw/pool/neg_rvlcdip_other_01515.jpg
data/raw/pool/neg_rvlcdip_other_01516.jpg,0,train,data/raw/pool/neg_rvlcdip_other_01516.jpg
data/raw/pool/neg_rvlcdip_other_01517.jpg,0,train,data/raw/pool/neg_rvlcdip_other_01517.jpg
data/raw/pool/neg_rvlcdip_other_01518.jpg,0,train,data/raw/pool/neg_rvlcdip_other_01518.jpg
data/raw/pool/neg_rvlcdip_other_01519.jpg,0,train,data/raw/pool/neg_rvlcdip_other_01519.jpg
data/raw/pool/neg_rvlcdip_other_01520.jpg,0,train,data/raw/pool/neg_rvlcdip_other_01520.jpg
data/raw/pool/neg_rvlcdip_other_01521.jpg,0,train,data/raw/pool/neg_rvlcdip_other_01521.jpg
data/raw/pool/neg_rvlcdip_other_01522.jpg,0,train,data/raw/pool/neg_rvlcdip_other_01522.jpg
data/raw/pool/neg_rvlcdip_other_01524.jpg,0,train,data/raw/pool/neg_rvlcdip_other_01524.jpg
data/raw/pool/neg_rvlcdip_other_01525.jpg,0,train,data/raw/pool/neg_rvlcdip_other_01525.jpg
data/raw/pool/neg_rvlcdip_other_01526.jpg,0,train,data/raw/pool/neg_rvlcdip_other_01526.jpg
data/raw/pool/neg_rvlcdip_other_01527.jpg,0,train,data/raw/pool/neg_rvlcdip_other_01527.jpg
data/raw/pool/neg_rvlcdip_other_01528.jpg,0,train,data/raw/pool/neg_rvlcdip_other_01528.jpg
data/raw/pool/neg_rvlcdip_other_01529.jpg,0,train,data/raw/pool/neg_rvlcdip_other_01529.jpg
data/raw/pool/neg_rvlcdip_other_01531.jpg,0,train,data/raw/pool/neg_rvlcdip_other_01531.jpg
data/raw/pool/neg_rvlcdip_other_01532.jpg,0,train,data/raw/pool/neg_rvlcdip_other_01532.jpg
data/raw/pool/neg_rvlcdip_other_01533.jpg,0,train,data/raw/pool/neg_rvlcdip_other_01533.jpg
data/raw/pool/neg_rvlcdip_other_01534.jpg,0,train,data/raw/pool/neg_rvlcdip_other_01534.jpg
data/raw/pool/neg_rvlcdip_other_01535.jpg,0,train,data/raw/pool/neg_rvlcdip_other_01535.jpg
data/raw/pool/neg_rvlcdip_other_01537.jpg,0,train,data/raw/pool/neg_rvlcdip_other_01537.jpg
data/raw/pool/neg_rvlcdip_other_01540.jpg,0,train,data/raw/pool/neg_rvlcdip_other_01540.jpg
data/raw/pool/neg_rvlcdip_other_01542.jpg,0,train,data/raw/pool/neg_rvlcdip_other_01542.jpg
data/raw/pool/neg_rvlcdip_other_01543.jpg,0,train,data/raw/pool/neg_rvlcdip_other_01543.jpg
data/raw/pool/neg_rvlcdip_other_01545.jpg,0,train,data/raw/pool/neg_rvlcdip_other_01545.jpg
data/raw/pool/neg_rvlcdip_other_01547.jpg,0,train,data/raw/pool/neg_rvlcdip_other_01547.jpg
data/raw/pool/neg_rvlcdip_other_01548.jpg,0,train,data/raw/pool/neg_rvlcdip_other_01548.jpg
data/raw/pool/neg_rvlcdip_other_01549.jpg,0,train,data/raw/pool/neg_rvlcdip_other_01549.jpg
data/raw/pool/neg_rvlcdip_other_01550.jpg,0,train,data/raw/pool/neg_rvlcdip_other_01550.jpg
data/raw/pool/neg_rvlcdip_other_01551.jpg,0,train,data/raw/pool/neg_rvlcdip_other_01551.jpg
data/raw/pool/neg_rvlcdip_other_01552.jpg,0,train,data/raw/pool/neg_rvlcdip_other_01552.jpg
data/raw/pool/neg_rvlcdip_other_01553.jpg,0,train,data/raw/pool/neg_rvlcdip_other_01553.jpg
data/raw/pool/neg_rvlcdip_other_01554.jpg,0,train,data/raw/pool/neg_rvlcdip_other_01554.jpg
data/raw/pool/neg_rvlcdip_other_01555.jpg,0,train,data/raw/pool/neg_rvlcdip_other_01555.jpg
data/raw/pool/neg_rvlcdip_other_01557.jpg,0,train,data/raw/pool/neg_rvlcdip_other_01557.jpg
data/raw/pool/neg_rvlcdip_other_01558.jpg,0,train,data/raw/pool/neg_rvlcdip_other_01558.jpg
data/raw/pool/neg_rvlcdip_other_01559.jpg,0,train,data/raw/pool/neg_rvlcdip_other_01559.jpg
data/raw/pool/neg_rvlcdip_other_01560.jpg,0,train,data/raw/pool/neg_rvlcdip_other_01560.jpg
data/raw/pool/neg_rvlcdip_other_01561.jpg,0,train,data/raw/pool/neg_rvlcdip_other_01561.jpg
data/raw/pool/neg_rvlcdip_other_01562.jpg,0,train,data/raw/pool/neg_rvlcdip_other_01562.jpg
data/raw/pool/neg_rvlcdip_other_01563.jpg,0,train,data/raw/pool/neg_rvlcdip_other_01563.jpg
data/raw/pool/neg_rvlcdip_other_01564.jpg,0,train,data/raw/pool/neg_rvlcdip_other_01564.jpg
data/raw/pool/neg_rvlcdip_other_01565.jpg,0,train,data/raw/pool/neg_rvlcdip_other_01565.jpg
data/raw/pool/neg_rvlcdip_other_01567.jpg,0,train,data/raw/pool/neg_rvlcdip_other_01567.jpg
data/raw/pool/neg_rvlcdip_other_01568.jpg,0,train,data/raw/pool/neg_rvlcdip_other_01568.jpg
data/raw/pool/neg_rvlcdip_other_01569.jpg,0,train,data/raw/pool/neg_rvlcdip_other_01569.jpg
data/raw/pool/neg_rvlcdip_other_01570.jpg,0,train,data/raw/pool/neg_rvlcdip_other_01570.jpg
data/raw/pool/neg_rvlcdip_other_01571.jpg,0,train,data/raw/pool/neg_rvlcdip_other_01571.jpg
data/raw/pool/neg_rvlcdip_other_01573.jpg,0,train,data/raw/pool/neg_rvlcdip_other_01573.jpg
data/raw/pool/neg_rvlcdip_other_01574.jpg,0,train,data/raw/pool/neg_rvlcdip_other_01574.jpg
data/raw/pool/neg_rvlcdip_other_01575.jpg,0,train,data/raw/pool/neg_rvlcdip_other_01575.jpg
data/raw/pool/neg_rvlcdip_other_01576.jpg,0,train,data/raw/pool/neg_rvlcdip_other_01576.jpg
data/raw/pool/neg_rvlcdip_other_01577.jpg,0,train,data/raw/pool/neg_rvlcdip_other_01577.jpg
data/raw/pool/neg_rvlcdip_other_01578.jpg,0,train,data/raw/pool/neg_rvlcdip_other_01578.jpg
data/raw/pool/neg_rvlcdip_other_01579.jpg,0,train,data/raw/pool/neg_rvlcdip_other_01579.jpg
data/raw/pool/neg_rvlcdip_other_01580.jpg,0,train,data/raw/pool/neg_rvlcdip_other_01580.jpg
data/raw/pool/neg_rvlcdip_other_01581.jpg,0,train,data/raw/pool/neg_rvlcdip_other_01581.jpg
data/raw/pool/neg_rvlcdip_other_01582.jpg,0,train,data/raw/pool/neg_rvlcdip_other_01582.jpg
data/raw/pool/neg_rvlcdip_other_01583.jpg,0,train,data/raw/pool/neg_rvlcdip_other_01583.jpg
data/raw/pool/neg_rvlcdip_other_01585.jpg,0,train,data/raw/pool/neg_rvlcdip_other_01585.jpg
data/raw/pool/neg_rvlcdip_other_01586.jpg,0,train,data/raw/pool/neg_rvlcdip_other_01586.jpg
data/raw/pool/neg_rvlcdip_other_01587.jpg,0,train,data/raw/pool/neg_rvlcdip_other_01587.jpg
data/raw/pool/neg_rvlcdip_other_01588.jpg,0,train,data/raw/pool/neg_rvlcdip_other_01588.jpg
data/raw/pool/neg_rvlcdip_other_01589.jpg,0,train,data/raw/pool/neg_rvlcdip_other_01589.jpg
data/raw/pool/neg_rvlcdip_other_01590.jpg,0,train,data/raw/pool/neg_rvlcdip_other_01590.jpg
data/raw/pool/neg_rvlcdip_other_01591.jpg,0,train,data/raw/pool/neg_rvlcdip_other_01591.jpg
data/raw/pool/neg_rvlcdip_other_01594.jpg,0,train,data/raw/pool/neg_rvlcdip_other_01594.jpg
data/raw/pool/neg_rvlcdip_other_01595.jpg,0,train,data/raw/pool/neg_rvlcdip_other_01595.jpg
data/raw/pool/neg_rvlcdip_other_01596.jpg,0,train,data/raw/pool/neg_rvlcdip_other_01596.jpg
data/raw/pool/neg_rvlcdip_other_01597.jpg,0,train,data/raw/pool/neg_rvlcdip_other_01597.jpg
data/raw/pool/neg_rvlcdip_other_01598.jpg,0,train,data/raw/pool/neg_rvlcdip_other_01598.jpg
data/raw/pool/neg_rvlcdip_other_01599.jpg,0,train,data/raw/pool/neg_rvlcdip_other_01599.jpg
data/raw/pool/neg_rvlcdip_other_01600.jpg,0,train,data/raw/pool/neg_rvlcdip_other_01600.jpg
data/raw/pool/neg_rvlcdip_other_01601.jpg,0,train,data/raw/pool/neg_rvlcdip_other_01601.jpg
data/raw/pool/neg_rvlcdip_other_01602.jpg,0,train,data/raw/pool/neg_rvlcdip_other_01602.jpg
data/raw/pool/neg_rvlcdip_other_01603.jpg,0,train,data/raw/pool/neg_rvlcdip_other_01603.jpg
data/raw/pool/neg_rvlcdip_other_01604.jpg,0,train,data/raw/pool/neg_rvlcdip_other_01604.jpg
data/raw/pool/neg_rvlcdip_other_01607.jpg,0,train,data/raw/pool/neg_rvlcdip_other_01607.jpg
data/raw/pool/neg_rvlcdip_other_01608.jpg,0,train,data/raw/pool/neg_rvlcdip_other_01608.jpg
data/raw/pool/neg_rvlcdip_other_01609.jpg,0,train,data/raw/pool/neg_rvlcdip_other_01609.jpg
data/raw/pool/neg_rvlcdip_other_01610.jpg,0,train,data/raw/pool/neg_rvlcdip_other_01610.jpg
data/raw/pool/neg_rvlcdip_other_01613.jpg,0,train,data/raw/pool/neg_rvlcdip_other_01613.jpg
data/raw/pool/neg_rvlcdip_other_01614.jpg,0,train,data/raw/pool/neg_rvlcdip_other_01614.jpg
data/raw/pool/neg_rvlcdip_other_01615.jpg,0,train,data/raw/pool/neg_rvlcdip_other_01615.jpg
data/raw/pool/neg_rvlcdip_other_01616.jpg,0,train,data/raw/pool/neg_rvlcdip_other_01616.jpg
data/raw/pool/neg_rvlcdip_other_01617.jpg,0,train,data/raw/pool/neg_rvlcdip_other_01617.jpg
data/raw/pool/neg_rvlcdip_other_01618.jpg,0,train,data/raw/pool/neg_rvlcdip_other_01618.jpg
data/raw/pool/neg_rvlcdip_other_01619.jpg,0,train,data/raw/pool/neg_rvlcdip_other_01619.jpg
data/raw/pool/neg_rvlcdip_other_01620.jpg,0,train,data/raw/pool/neg_rvlcdip_other_01620.jpg
data/raw/pool/neg_rvlcdip_other_01621.jpg,0,train,data/raw/pool/neg_rvlcdip_other_01621.jpg
data/raw/pool/neg_rvlcdip_other_01623.jpg,0,train,data/raw/pool/neg_rvlcdip_other_01623.jpg
data/raw/pool/neg_rvlcdip_other_01624.jpg,0,train,data/raw/pool/neg_rvlcdip_other_01624.jpg
data/raw/pool/neg_rvlcdip_other_01625.jpg,0,train,data/raw/pool/neg_rvlcdip_other_01625.jpg
data/raw/pool/neg_rvlcdip_other_01626.jpg,0,train,data/raw/pool/neg_rvlcdip_other_01626.jpg
data/raw/pool/neg_rvlcdip_other_01627.jpg,0,train,data/raw/pool/neg_rvlcdip_other_01627.jpg
data/raw/pool/neg_rvlcdip_other_01628.jpg,0,train,data/raw/pool/neg_rvlcdip_other_01628.jpg
data/raw/pool/neg_rvlcdip_other_01630.jpg,0,train,data/raw/pool/neg_rvlcdip_other_01630.jpg
data/raw/pool/neg_rvlcdip_other_01631.jpg,0,train,data/raw/pool/neg_rvlcdip_other_01631.jpg
data/raw/pool/neg_rvlcdip_other_01633.jpg,0,train,data/raw/pool/neg_rvlcdip_other_01633.jpg
data/raw/pool/neg_rvlcdip_other_01634.jpg,0,train,data/raw/pool/neg_rvlcdip_other_01634.jpg
data/raw/pool/neg_rvlcdip_other_01635.jpg,0,train,data/raw/pool/neg_rvlcdip_other_01635.jpg
data/raw/pool/neg_rvlcdip_other_01636.jpg,0,train,data/raw/pool/neg_rvlcdip_other_01636.jpg
data/raw/pool/neg_rvlcdip_other_01637.jpg,0,train,data/raw/pool/neg_rvlcdip_other_01637.jpg
data/raw/pool/neg_rvlcdip_other_01638.jpg,0,train,data/raw/pool/neg_rvlcdip_other_01638.jpg
data/raw/pool/neg_rvlcdip_other_01639.jpg,0,train,data/raw/pool/neg_rvlcdip_other_01639.jpg
data/raw/pool/neg_rvlcdip_other_01640.jpg,0,train,data/raw/pool/neg_rvlcdip_other_01640.jpg
data/raw/pool/neg_rvlcdip_other_01641.jpg,0,train,data/raw/pool/neg_rvlcdip_other_01641.jpg
data/raw/pool/neg_rvlcdip_other_01642.jpg,0,train,data/raw/pool/neg_rvlcdip_other_01642.jpg
data/raw/pool/neg_rvlcdip_other_01644.jpg,0,train,data/raw/pool/neg_rvlcdip_other_01644.jpg
data/raw/pool/neg_rvlcdip_other_01645.jpg,0,train,data/raw/pool/neg_rvlcdip_other_01645.jpg
data/raw/pool/neg_rvlcdip_other_01648.jpg,0,train,data/raw/pool/neg_rvlcdip_other_01648.jpg
data/raw/pool/neg_rvlcdip_other_01649.jpg,0,train,data/raw/pool/neg_rvlcdip_other_01649.jpg
data/raw/pool/neg_rvlcdip_other_01650.jpg,0,train,data/raw/pool/neg_rvlcdip_other_01650.jpg
data/raw/pool/neg_rvlcdip_other_01652.jpg,0,train,data/raw/pool/neg_rvlcdip_other_01652.jpg
data/raw/pool/neg_rvlcdip_other_01653.jpg,0,train,data/raw/pool/neg_rvlcdip_other_01653.jpg
data/raw/pool/neg_rvlcdip_other_01654.jpg,0,train,data/raw/pool/neg_rvlcdip_other_01654.jpg
data/raw/pool/neg_rvlcdip_other_01655.jpg,0,train,data/raw/pool/neg_rvlcdip_other_01655.jpg
data/raw/pool/neg_rvlcdip_other_01657.jpg,0,train,data/raw/pool/neg_rvlcdip_other_01657.jpg
data/raw/pool/neg_rvlcdip_other_01658.jpg,0,train,data/raw/pool/neg_rvlcdip_other_01658.jpg
data/raw/pool/neg_rvlcdip_other_01659.jpg,0,train,data/raw/pool/neg_rvlcdip_other_01659.jpg
data/raw/pool/neg_rvlcdip_other_01660.jpg,0,train,data/raw/pool/neg_rvlcdip_other_01660.jpg
data/raw/pool/neg_rvlcdip_other_01661.jpg,0,train,data/raw/pool/neg_rvlcdip_other_01661.jpg
data/raw/pool/neg_rvlcdip_other_01662.jpg,0,train,data/raw/pool/neg_rvlcdip_other_01662.jpg
data/raw/pool/neg_rvlcdip_other_01664.jpg,0,train,data/raw/pool/neg_rvlcdip_other_01664.jpg
data/raw/pool/neg_rvlcdip_other_01665.jpg,0,train,data/raw/pool/neg_rvlcdip_other_01665.jpg
data/raw/pool/neg_rvlcdip_other_01666.jpg,0,train,data/raw/pool/neg_rvlcdip_other_01666.jpg
data/raw/pool/neg_rvlcdip_other_01668.jpg,0,train,data/raw/pool/neg_rvlcdip_other_01668.jpg
data/raw/pool/neg_rvlcdip_other_01669.jpg,0,train,data/raw/pool/neg_rvlcdip_other_01669.jpg
data/raw/pool/neg_rvlcdip_other_01670.jpg,0,train,data/raw/pool/neg_rvlcdip_other_01670.jpg
data/raw/pool/neg_rvlcdip_other_01672.jpg,0,train,data/raw/pool/neg_rvlcdip_other_01672.jpg
data/raw/pool/neg_rvlcdip_other_01673.jpg,0,train,data/raw/pool/neg_rvlcdip_other_01673.jpg
data/raw/pool/neg_rvlcdip_other_01674.jpg,0,train,data/raw/pool/neg_rvlcdip_other_01674.jpg
data/raw/pool/neg_rvlcdip_other_01676.jpg,0,train,data/raw/pool/neg_rvlcdip_other_01676.jpg
data/raw/pool/neg_rvlcdip_other_01677.jpg,0,train,data/raw/pool/neg_rvlcdip_other_01677.jpg
data/raw/pool/neg_rvlcdip_other_01678.jpg,0,train,data/raw/pool/neg_rvlcdip_other_01678.jpg
data/raw/pool/neg_rvlcdip_other_01679.jpg,0,train,data/raw/pool/neg_rvlcdip_other_01679.jpg
data/raw/pool/neg_rvlcdip_other_01682.jpg,0,train,data/raw/pool/neg_rvlcdip_other_01682.jpg
data/raw/pool/neg_rvlcdip_other_01683.jpg,0,train,data/raw/pool/neg_rvlcdip_other_01683.jpg
data/raw/pool/neg_rvlcdip_other_01684.jpg,0,train,data/raw/pool/neg_rvlcdip_other_01684.jpg
data/raw/pool/neg_rvlcdip_other_01686.jpg,0,train,data/raw/pool/neg_rvlcdip_other_01686.jpg
data/raw/pool/neg_rvlcdip_other_01688.jpg,0,train,data/raw/pool/neg_rvlcdip_other_01688.jpg
data/raw/pool/neg_rvlcdip_other_01689.jpg,0,train,data/raw/pool/neg_rvlcdip_other_01689.jpg
data/raw/pool/neg_rvlcdip_other_01690.jpg,0,train,data/raw/pool/neg_rvlcdip_other_01690.jpg
data/raw/pool/neg_rvlcdip_other_01691.jpg,0,train,data/raw/pool/neg_rvlcdip_other_01691.jpg
data/raw/pool/neg_rvlcdip_other_01692.jpg,0,train,data/raw/pool/neg_rvlcdip_other_01692.jpg
data/raw/pool/neg_rvlcdip_other_01693.jpg,0,train,data/raw/pool/neg_rvlcdip_other_01693.jpg
data/raw/pool/neg_rvlcdip_other_01696.jpg,0,train,data/raw/pool/neg_rvlcdip_other_01696.jpg
data/raw/pool/neg_rvlcdip_other_01699.jpg,0,train,data/raw/pool/neg_rvlcdip_other_01699.jpg
data/raw/pool/neg_rvlcdip_other_01700.jpg,0,train,data/raw/pool/neg_rvlcdip_other_01700.jpg
data/raw/pool/neg_rvlcdip_other_01701.jpg,0,train,data/raw/pool/neg_rvlcdip_other_01701.jpg
data/raw/pool/neg_rvlcdip_other_01702.jpg,0,train,data/raw/pool/neg_rvlcdip_other_01702.jpg
data/raw/pool/neg_rvlcdip_other_01704.jpg,0,train,data/raw/pool/neg_rvlcdip_other_01704.jpg
data/raw/pool/neg_rvlcdip_other_01705.jpg,0,train,data/raw/pool/neg_rvlcdip_other_01705.jpg
data/raw/pool/neg_rvlcdip_other_01706.jpg,0,train,data/raw/pool/neg_rvlcdip_other_01706.jpg
data/raw/pool/neg_rvlcdip_other_01708.jpg,0,train,data/raw/pool/neg_rvlcdip_other_01708.jpg
data/raw/pool/neg_rvlcdip_other_01709.jpg,0,train,data/raw/pool/neg_rvlcdip_other_01709.jpg
data/raw/pool/neg_rvlcdip_other_01711.jpg,0,train,data/raw/pool/neg_rvlcdip_other_01711.jpg
data/raw/pool/neg_rvlcdip_other_01712.jpg,0,train,data/raw/pool/neg_rvlcdip_other_01712.jpg
data/raw/pool/neg_rvlcdip_other_01713.jpg,0,train,data/raw/pool/neg_rvlcdip_other_01713.jpg
data/raw/pool/neg_rvlcdip_other_01714.jpg,0,train,data/raw/pool/neg_rvlcdip_other_01714.jpg
data/raw/pool/neg_rvlcdip_other_01715.jpg,0,train,data/raw/pool/neg_rvlcdip_other_01715.jpg
data/raw/pool/neg_rvlcdip_other_01716.jpg,0,train,data/raw/pool/neg_rvlcdip_other_01716.jpg
data/raw/pool/neg_rvlcdip_other_01718.jpg,0,train,data/raw/pool/neg_rvlcdip_other_01718.jpg
data/raw/pool/neg_rvlcdip_other_01720.jpg,0,train,data/raw/pool/neg_rvlcdip_other_01720.jpg
data/raw/pool/neg_rvlcdip_other_01723.jpg,0,train,data/raw/pool/neg_rvlcdip_other_01723.jpg
data/raw/pool/neg_rvlcdip_other_01724.jpg,0,train,data/raw/pool/neg_rvlcdip_other_01724.jpg
data/raw/pool/neg_rvlcdip_other_01725.jpg,0,train,data/raw/pool/neg_rvlcdip_other_01725.jpg
data/raw/pool/neg_rvlcdip_other_01726.jpg,0,train,data/raw/pool/neg_rvlcdip_other_01726.jpg
data/raw/pool/neg_rvlcdip_other_01727.jpg,0,train,data/raw/pool/neg_rvlcdip_other_01727.jpg
data/raw/pool/neg_rvlcdip_other_01728.jpg,0,train,data/raw/pool/neg_rvlcdip_other_01728.jpg
data/raw/pool/neg_rvlcdip_other_01729.jpg,0,train,data/raw/pool/neg_rvlcdip_other_01729.jpg
data/raw/pool/neg_rvlcdip_other_01730.jpg,0,train,data/raw/pool/neg_rvlcdip_other_01730.jpg
data/raw/pool/neg_rvlcdip_other_01731.jpg,0,train,data/raw/pool/neg_rvlcdip_other_01731.jpg
data/raw/pool/neg_rvlcdip_other_01732.jpg,0,train,data/raw/pool/neg_rvlcdip_other_01732.jpg
data/raw/pool/neg_rvlcdip_other_01733.jpg,0,train,data/raw/pool/neg_rvlcdip_other_01733.jpg
data/raw/pool/neg_rvlcdip_other_01734.jpg,0,train,data/raw/pool/neg_rvlcdip_other_01734.jpg
data/raw/pool/neg_rvlcdip_other_01735.jpg,0,train,data/raw/pool/neg_rvlcdip_other_01735.jpg
data/raw/pool/neg_rvlcdip_other_01737.jpg,0,train,data/raw/pool/neg_rvlcdip_other_01737.jpg
data/raw/pool/neg_rvlcdip_other_01738.jpg,0,train,data/raw/pool/neg_rvlcdip_other_01738.jpg
data/raw/pool/neg_rvlcdip_other_01740.jpg,0,train,data/raw/pool/neg_rvlcdip_other_01740.jpg
data/raw/pool/neg_rvlcdip_other_01741.jpg,0,train,data/raw/pool/neg_rvlcdip_other_01741.jpg
data/raw/pool/neg_rvlcdip_other_01743.jpg,0,train,data/raw/pool/neg_rvlcdip_other_01743.jpg
data/raw/pool/neg_rvlcdip_other_01744.jpg,0,train,data/raw/pool/neg_rvlcdip_other_01744.jpg
data/raw/pool/neg_rvlcdip_other_01745.jpg,0,train,data/raw/pool/neg_rvlcdip_other_01745.jpg
data/raw/pool/neg_rvlcdip_other_01747.jpg,0,train,data/raw/pool/neg_rvlcdip_other_01747.jpg
data/raw/pool/neg_rvlcdip_other_01748.jpg,0,train,data/raw/pool/neg_rvlcdip_other_01748.jpg
data/raw/pool/neg_rvlcdip_other_01749.jpg,0,train,data/raw/pool/neg_rvlcdip_other_01749.jpg
data/raw/pool/neg_rvlcdip_other_01750.jpg,0,train,data/raw/pool/neg_rvlcdip_other_01750.jpg
data/raw/pool/neg_rvlcdip_other_01751.jpg,0,train,data/raw/pool/neg_rvlcdip_other_01751.jpg
data/raw/pool/neg_rvlcdip_other_01752.jpg,0,train,data/raw/pool/neg_rvlcdip_other_01752.jpg
data/raw/pool/neg_rvlcdip_other_01753.jpg,0,train,data/raw/pool/neg_rvlcdip_other_01753.jpg
data/raw/pool/neg_rvlcdip_other_01754.jpg,0,train,data/raw/pool/neg_rvlcdip_other_01754.jpg
data/raw/pool/neg_rvlcdip_other_01755.jpg,0,train,data/raw/pool/neg_rvlcdip_other_01755.jpg
data/raw/pool/neg_rvlcdip_other_01756.jpg,0,train,data/raw/pool/neg_rvlcdip_other_01756.jpg
data/raw/pool/neg_rvlcdip_other_01757.jpg,0,train,data/raw/pool/neg_rvlcdip_other_01757.jpg
data/raw/pool/neg_rvlcdip_other_01759.jpg,0,train,data/raw/pool/neg_rvlcdip_other_01759.jpg
data/raw/pool/neg_rvlcdip_other_01760.jpg,0,train,data/raw/pool/neg_rvlcdip_other_01760.jpg
data/raw/pool/neg_rvlcdip_other_01761.jpg,0,train,data/raw/pool/neg_rvlcdip_other_01761.jpg
data/raw/pool/neg_rvlcdip_other_01762.jpg,0,train,data/raw/pool/neg_rvlcdip_other_01762.jpg
data/raw/pool/neg_rvlcdip_other_01764.jpg,0,train,data/raw/pool/neg_rvlcdip_other_01764.jpg
data/raw/pool/neg_rvlcdip_other_01765.jpg,0,train,data/raw/pool/neg_rvlcdip_other_01765.jpg
data/raw/pool/neg_rvlcdip_other_01766.jpg,0,train,data/raw/pool/neg_rvlcdip_other_01766.jpg
data/raw/pool/neg_rvlcdip_other_01767.jpg,0,train,data/raw/pool/neg_rvlcdip_other_01767.jpg
data/raw/pool/neg_rvlcdip_other_01768.jpg,0,train,data/raw/pool/neg_rvlcdip_other_01768.jpg
data/raw/pool/neg_rvlcdip_other_01769.jpg,0,train,data/raw/pool/neg_rvlcdip_other_01769.jpg
data/raw/pool/neg_rvlcdip_other_01770.jpg,0,train,data/raw/pool/neg_rvlcdip_other_01770.jpg
data/raw/pool/neg_rvlcdip_other_01771.jpg,0,train,data/raw/pool/neg_rvlcdip_other_01771.jpg
data/raw/pool/neg_rvlcdip_other_01773.jpg,0,train,data/raw/pool/neg_rvlcdip_other_01773.jpg
data/raw/pool/neg_rvlcdip_other_01774.jpg,0,train,data/raw/pool/neg_rvlcdip_other_01774.jpg
data/raw/pool/neg_rvlcdip_other_01775.jpg,0,train,data/raw/pool/neg_rvlcdip_other_01775.jpg
data/raw/pool/neg_rvlcdip_other_01776.jpg,0,train,data/raw/pool/neg_rvlcdip_other_01776.jpg
data/raw/pool/neg_rvlcdip_other_01777.jpg,0,train,data/raw/pool/neg_rvlcdip_other_01777.jpg
data/raw/pool/neg_rvlcdip_other_01778.jpg,0,train,data/raw/pool/neg_rvlcdip_other_01778.jpg
data/raw/pool/neg_rvlcdip_other_01779.jpg,0,train,data/raw/pool/neg_rvlcdip_other_01779.jpg
data/raw/pool/neg_rvlcdip_other_01780.jpg,0,train,data/raw/pool/neg_rvlcdip_other_01780.jpg
data/raw/pool/neg_rvlcdip_other_01781.jpg,0,train,data/raw/pool/neg_rvlcdip_other_01781.jpg
data/raw/pool/neg_rvlcdip_other_01782.jpg,0,train,data/raw/pool/neg_rvlcdip_other_01782.jpg
data/raw/pool/neg_rvlcdip_other_01783.jpg,0,train,data/raw/pool/neg_rvlcdip_other_01783.jpg
data/raw/pool/neg_rvlcdip_other_01785.jpg,0,train,data/raw/pool/neg_rvlcdip_other_01785.jpg
data/raw/pool/neg_rvlcdip_other_01786.jpg,0,train,data/raw/pool/neg_rvlcdip_other_01786.jpg
data/raw/pool/neg_rvlcdip_other_01787.jpg,0,train,data/raw/pool/neg_rvlcdip_other_01787.jpg
data/raw/pool/neg_rvlcdip_other_01788.jpg,0,train,data/raw/pool/neg_rvlcdip_other_01788.jpg
data/raw/pool/neg_rvlcdip_other_01789.jpg,0,train,data/raw/pool/neg_rvlcdip_other_01789.jpg
data/raw/pool/neg_rvlcdip_other_01790.jpg,0,train,data/raw/pool/neg_rvlcdip_other_01790.jpg
data/raw/pool/neg_rvlcdip_other_01791.jpg,0,train,data/raw/pool/neg_rvlcdip_other_01791.jpg
data/raw/pool/neg_rvlcdip_other_01792.jpg,0,train,data/raw/pool/neg_rvlcdip_other_01792.jpg
data/raw/pool/neg_rvlcdip_other_01793.jpg,0,train,data/raw/pool/neg_rvlcdip_other_01793.jpg
data/raw/pool/neg_rvlcdip_other_01794.jpg,0,train,data/raw/pool/neg_rvlcdip_other_01794.jpg
data/raw/pool/neg_rvlcdip_other_01795.jpg,0,train,data/raw/pool/neg_rvlcdip_other_01795.jpg
data/raw/pool/neg_rvlcdip_other_01798.jpg,0,train,data/raw/pool/neg_rvlcdip_other_01798.jpg
data/raw/pool/neg_rvlcdip_other_01799.jpg,0,train,data/raw/pool/neg_rvlcdip_other_01799.jpg
data/raw/pool/neg_coco_photos_00000.jpg,0,train,data/raw/pool/neg_coco_photos_00000.jpg
data/raw/pool/neg_coco_photos_00001.jpg,0,train,data/raw/pool/neg_coco_photos_00001.jpg
data/raw/pool/neg_coco_photos_00002.jpg,0,train,data/raw/pool/neg_coco_photos_00002.jpg
data/raw/pool/neg_coco_photos_00003.jpg,0,train,data/raw/pool/neg_coco_photos_00003.jpg
data/raw/pool/neg_coco_photos_00005.jpg,0,train,data/raw/pool/neg_coco_photos_00005.jpg
data/raw/pool/neg_coco_photos_00007.jpg,0,train,data/raw/pool/neg_coco_photos_00007.jpg
data/raw/pool/neg_coco_photos_00008.jpg,0,train,data/raw/pool/neg_coco_photos_00008.jpg
data/raw/pool/neg_coco_photos_00009.jpg,0,train,data/raw/pool/neg_coco_photos_00009.jpg
data/raw/pool/neg_coco_photos_00010.jpg,0,train,data/raw/pool/neg_coco_photos_00010.jpg
data/raw/pool/neg_coco_photos_00012.jpg,0,train,data/raw/pool/neg_coco_photos_00012.jpg
data/raw/pool/neg_coco_photos_00013.jpg,0,train,data/raw/pool/neg_coco_photos_00013.jpg
data/raw/pool/neg_coco_photos_00014.jpg,0,train,data/raw/pool/neg_coco_photos_00014.jpg
data/raw/pool/neg_coco_photos_00015.jpg,0,train,data/raw/pool/neg_coco_photos_00015.jpg
data/raw/pool/neg_coco_photos_00017.jpg,0,train,data/raw/pool/neg_coco_photos_00017.jpg
data/raw/pool/neg_coco_photos_00018.jpg,0,train,data/raw/pool/neg_coco_photos_00018.jpg
data/raw/pool/neg_coco_photos_00019.jpg,0,train,data/raw/pool/neg_coco_photos_00019.jpg
data/raw/pool/neg_coco_photos_00020.jpg,0,train,data/raw/pool/neg_coco_photos_00020.jpg
data/raw/pool/neg_coco_photos_00021.jpg,0,train,data/raw/pool/neg_coco_photos_00021.jpg
data/raw/pool/neg_coco_photos_00022.jpg,0,train,data/raw/pool/neg_coco_photos_00022.jpg
data/raw/pool/neg_coco_photos_00023.jpg,0,train,data/raw/pool/neg_coco_photos_00023.jpg
data/raw/pool/neg_coco_photos_00025.jpg,0,train,data/raw/pool/neg_coco_photos_00025.jpg
data/raw/pool/neg_coco_photos_00026.jpg,0,train,data/raw/pool/neg_coco_photos_00026.jpg
data/raw/pool/neg_coco_photos_00027.jpg,0,train,data/raw/pool/neg_coco_photos_00027.jpg
data/raw/pool/neg_coco_photos_00029.jpg,0,train,data/raw/pool/neg_coco_photos_00029.jpg
data/raw/pool/neg_coco_photos_00031.jpg,0,train,data/raw/pool/neg_coco_photos_00031.jpg
data/raw/pool/neg_coco_photos_00033.jpg,0,train,data/raw/pool/neg_coco_photos_00033.jpg
data/raw/pool/neg_coco_photos_00034.jpg,0,train,data/raw/pool/neg_coco_photos_00034.jpg
data/raw/pool/neg_coco_photos_00036.jpg,0,train,data/raw/pool/neg_coco_photos_00036.jpg
data/raw/pool/neg_coco_photos_00037.jpg,0,train,data/raw/pool/neg_coco_photos_00037.jpg
data/raw/pool/neg_coco_photos_00038.jpg,0,train,data/raw/pool/neg_coco_photos_00038.jpg
data/raw/pool/neg_coco_photos_00041.jpg,0,train,data/raw/pool/neg_coco_photos_00041.jpg
data/raw/pool/neg_coco_photos_00042.jpg,0,train,data/raw/pool/neg_coco_photos_00042.jpg
data/raw/pool/neg_coco_photos_00043.jpg,0,train,data/raw/pool/neg_coco_photos_00043.jpg
data/raw/pool/neg_coco_photos_00044.jpg,0,train,data/raw/pool/neg_coco_photos_00044.jpg
data/raw/pool/neg_coco_photos_00045.jpg,0,train,data/raw/pool/neg_coco_photos_00045.jpg
data/raw/pool/neg_coco_photos_00046.jpg,0,train,data/raw/pool/neg_coco_photos_00046.jpg
data/raw/pool/neg_coco_photos_00047.jpg,0,train,data/raw/pool/neg_coco_photos_00047.jpg
data/raw/pool/neg_coco_photos_00048.jpg,0,train,data/raw/pool/neg_coco_photos_00048.jpg
data/raw/pool/neg_coco_photos_00049.jpg,0,train,data/raw/pool/neg_coco_photos_00049.jpg
data/raw/pool/neg_coco_photos_00050.jpg,0,train,data/raw/pool/neg_coco_photos_00050.jpg
data/raw/pool/neg_coco_photos_00051.jpg,0,train,data/raw/pool/neg_coco_photos_00051.jpg
data/raw/pool/neg_coco_photos_00052.jpg,0,train,data/raw/pool/neg_coco_photos_00052.jpg
data/raw/pool/neg_coco_photos_00053.jpg,0,train,data/raw/pool/neg_coco_photos_00053.jpg
data/raw/pool/neg_coco_photos_00054.jpg,0,train,data/raw/pool/neg_coco_photos_00054.jpg
data/raw/pool/neg_coco_photos_00055.jpg,0,train,data/raw/pool/neg_coco_photos_00055.jpg
data/raw/pool/neg_coco_photos_00056.jpg,0,train,data/raw/pool/neg_coco_photos_00056.jpg
data/raw/pool/neg_coco_photos_00058.jpg,0,train,data/raw/pool/neg_coco_photos_00058.jpg
data/raw/pool/neg_coco_photos_00059.jpg,0,train,data/raw/pool/neg_coco_photos_00059.jpg
data/raw/pool/neg_coco_photos_00060.jpg,0,train,data/raw/pool/neg_coco_photos_00060.jpg
data/raw/pool/neg_coco_photos_00061.jpg,0,train,data/raw/pool/neg_coco_photos_00061.jpg
data/raw/pool/neg_coco_photos_00062.jpg,0,train,data/raw/pool/neg_coco_photos_00062.jpg
data/raw/pool/neg_coco_photos_00063.jpg,0,train,data/raw/pool/neg_coco_photos_00063.jpg
data/raw/pool/neg_coco_photos_00064.jpg,0,train,data/raw/pool/neg_coco_photos_00064.jpg
data/raw/pool/neg_coco_photos_00065.jpg,0,train,data/raw/pool/neg_coco_photos_00065.jpg
data/raw/pool/neg_coco_photos_00067.jpg,0,train,data/raw/pool/neg_coco_photos_00067.jpg
data/raw/pool/neg_coco_photos_00068.jpg,0,train,data/raw/pool/neg_coco_photos_00068.jpg
data/raw/pool/neg_coco_photos_00071.jpg,0,train,data/raw/pool/neg_coco_photos_00071.jpg
data/raw/pool/neg_coco_photos_00073.jpg,0,train,data/raw/pool/neg_coco_photos_00073.jpg
data/raw/pool/neg_coco_photos_00075.jpg,0,train,data/raw/pool/neg_coco_photos_00075.jpg
data/raw/pool/neg_coco_photos_00076.jpg,0,train,data/raw/pool/neg_coco_photos_00076.jpg
data/raw/pool/neg_coco_photos_00077.jpg,0,train,data/raw/pool/neg_coco_photos_00077.jpg
data/raw/pool/neg_coco_photos_00078.jpg,0,train,data/raw/pool/neg_coco_photos_00078.jpg
data/raw/pool/neg_coco_photos_00079.jpg,0,train,data/raw/pool/neg_coco_photos_00079.jpg
data/raw/pool/neg_coco_photos_00080.jpg,0,train,data/raw/pool/neg_coco_photos_00080.jpg
data/raw/pool/neg_coco_photos_00081.jpg,0,train,data/raw/pool/neg_coco_photos_00081.jpg
data/raw/pool/neg_coco_photos_00082.jpg,0,train,data/raw/pool/neg_coco_photos_00082.jpg
data/raw/pool/neg_coco_photos_00083.jpg,0,train,data/raw/pool/neg_coco_photos_00083.jpg
data/raw/pool/neg_coco_photos_00084.jpg,0,train,data/raw/pool/neg_coco_photos_00084.jpg
data/raw/pool/neg_coco_photos_00085.jpg,0,train,data/raw/pool/neg_coco_photos_00085.jpg
data/raw/pool/neg_coco_photos_00086.jpg,0,train,data/raw/pool/neg_coco_photos_00086.jpg
data/raw/pool/neg_coco_photos_00087.jpg,0,train,data/raw/pool/neg_coco_photos_00087.jpg
data/raw/pool/neg_coco_photos_00089.jpg,0,train,data/raw/pool/neg_coco_photos_00089.jpg
data/raw/pool/neg_coco_photos_00090.jpg,0,train,data/raw/pool/neg_coco_photos_00090.jpg
data/raw/pool/neg_coco_photos_00091.jpg,0,train,data/raw/pool/neg_coco_photos_00091.jpg
data/raw/pool/neg_coco_photos_00092.jpg,0,train,data/raw/pool/neg_coco_photos_00092.jpg
data/raw/pool/neg_coco_photos_00093.jpg,0,train,data/raw/pool/neg_coco_photos_00093.jpg
data/raw/pool/neg_coco_photos_00094.jpg,0,train,data/raw/pool/neg_coco_photos_00094.jpg
data/raw/pool/neg_coco_photos_00095.jpg,0,train,data/raw/pool/neg_coco_photos_00095.jpg
data/raw/pool/neg_coco_photos_00096.jpg,0,train,data/raw/pool/neg_coco_photos_00096.jpg
data/raw/pool/neg_coco_photos_00098.jpg,0,train,data/raw/pool/neg_coco_photos_00098.jpg
data/raw/pool/neg_coco_photos_00099.jpg,0,train,data/raw/pool/neg_coco_photos_00099.jpg
data/raw/pool/neg_coco_photos_00101.jpg,0,train,data/raw/pool/neg_coco_photos_00101.jpg
data/raw/pool/neg_coco_photos_00102.jpg,0,train,data/raw/pool/neg_coco_photos_00102.jpg
data/raw/pool/neg_coco_photos_00103.jpg,0,train,data/raw/pool/neg_coco_photos_00103.jpg
data/raw/pool/neg_coco_photos_00104.jpg,0,train,data/raw/pool/neg_coco_photos_00104.jpg
data/raw/pool/neg_coco_photos_00105.jpg,0,train,data/raw/pool/neg_coco_photos_00105.jpg
data/raw/pool/neg_coco_photos_00109.jpg,0,train,data/raw/pool/neg_coco_photos_00109.jpg
data/raw/pool/neg_coco_photos_00110.jpg,0,train,data/raw/pool/neg_coco_photos_00110.jpg
data/raw/pool/neg_coco_photos_00111.jpg,0,train,data/raw/pool/neg_coco_photos_00111.jpg
data/raw/pool/neg_coco_photos_00112.jpg,0,train,data/raw/pool/neg_coco_photos_00112.jpg
data/raw/pool/neg_coco_photos_00116.jpg,0,train,data/raw/pool/neg_coco_photos_00116.jpg
data/raw/pool/neg_coco_photos_00117.jpg,0,train,data/raw/pool/neg_coco_photos_00117.jpg
data/raw/pool/neg_coco_photos_00118.jpg,0,train,data/raw/pool/neg_coco_photos_00118.jpg
data/raw/pool/neg_coco_photos_00119.jpg,0,train,data/raw/pool/neg_coco_photos_00119.jpg
data/raw/pool/neg_coco_photos_00121.jpg,0,train,data/raw/pool/neg_coco_photos_00121.jpg
data/raw/pool/neg_coco_photos_00123.jpg,0,train,data/raw/pool/neg_coco_photos_00123.jpg
data/raw/pool/neg_coco_photos_00125.jpg,0,train,data/raw/pool/neg_coco_photos_00125.jpg
data/raw/pool/neg_coco_photos_00126.jpg,0,train,data/raw/pool/neg_coco_photos_00126.jpg
data/raw/pool/neg_coco_photos_00127.jpg,0,train,data/raw/pool/neg_coco_photos_00127.jpg
data/raw/pool/neg_coco_photos_00128.jpg,0,train,data/raw/pool/neg_coco_photos_00128.jpg
data/raw/pool/neg_coco_photos_00129.jpg,0,train,data/raw/pool/neg_coco_photos_00129.jpg
data/raw/pool/neg_coco_photos_00130.jpg,0,train,data/raw/pool/neg_coco_photos_00130.jpg
data/raw/pool/neg_coco_photos_00131.jpg,0,train,data/raw/pool/neg_coco_photos_00131.jpg
data/raw/pool/neg_coco_photos_00134.jpg,0,train,data/raw/pool/neg_coco_photos_00134.jpg
data/raw/pool/neg_coco_photos_00135.jpg,0,train,data/raw/pool/neg_coco_photos_00135.jpg
data/raw/pool/neg_coco_photos_00136.jpg,0,train,data/raw/pool/neg_coco_photos_00136.jpg
data/raw/pool/neg_coco_photos_00137.jpg,0,train,data/raw/pool/neg_coco_photos_00137.jpg
data/raw/pool/neg_coco_photos_00138.jpg,0,train,data/raw/pool/neg_coco_photos_00138.jpg
data/raw/pool/neg_coco_photos_00139.jpg,0,train,data/raw/pool/neg_coco_photos_00139.jpg
data/raw/pool/neg_coco_photos_00141.jpg,0,train,data/raw/pool/neg_coco_photos_00141.jpg
data/raw/pool/neg_coco_photos_00143.jpg,0,train,data/raw/pool/neg_coco_photos_00143.jpg
data/raw/pool/neg_coco_photos_00144.jpg,0,train,data/raw/pool/neg_coco_photos_00144.jpg
data/raw/pool/neg_coco_photos_00145.jpg,0,train,data/raw/pool/neg_coco_photos_00145.jpg
data/raw/pool/neg_coco_photos_00146.jpg,0,train,data/raw/pool/neg_coco_photos_00146.jpg
data/raw/pool/neg_coco_photos_00148.jpg,0,train,data/raw/pool/neg_coco_photos_00148.jpg
data/raw/pool/neg_coco_photos_00149.jpg,0,train,data/raw/pool/neg_coco_photos_00149.jpg
data/raw/pool/neg_coco_photos_00150.jpg,0,train,data/raw/pool/neg_coco_photos_00150.jpg
data/raw/pool/neg_coco_photos_00151.jpg,0,train,data/raw/pool/neg_coco_photos_00151.jpg
data/raw/pool/neg_coco_photos_00152.jpg,0,train,data/raw/pool/neg_coco_photos_00152.jpg
data/raw/pool/neg_coco_photos_00153.jpg,0,train,data/raw/pool/neg_coco_photos_00153.jpg
data/raw/pool/neg_coco_photos_00155.jpg,0,train,data/raw/pool/neg_coco_photos_00155.jpg
data/raw/pool/neg_coco_photos_00156.jpg,0,train,data/raw/pool/neg_coco_photos_00156.jpg
data/raw/pool/neg_coco_photos_00157.jpg,0,train,data/raw/pool/neg_coco_photos_00157.jpg
data/raw/pool/neg_coco_photos_00159.jpg,0,train,data/raw/pool/neg_coco_photos_00159.jpg
data/raw/pool/neg_coco_photos_00160.jpg,0,train,data/raw/pool/neg_coco_photos_00160.jpg
data/raw/pool/neg_coco_photos_00161.jpg,0,train,data/raw/pool/neg_coco_photos_00161.jpg
data/raw/pool/neg_coco_photos_00162.jpg,0,train,data/raw/pool/neg_coco_photos_00162.jpg
data/raw/pool/neg_coco_photos_00163.jpg,0,train,data/raw/pool/neg_coco_photos_00163.jpg
data/raw/pool/neg_coco_photos_00164.jpg,0,train,data/raw/pool/neg_coco_photos_00164.jpg
data/raw/pool/neg_coco_photos_00165.jpg,0,train,data/raw/pool/neg_coco_photos_00165.jpg
data/raw/pool/neg_coco_photos_00172.jpg,0,train,data/raw/pool/neg_coco_photos_00172.jpg
data/raw/pool/neg_coco_photos_00174.jpg,0,train,data/raw/pool/neg_coco_photos_00174.jpg
data/raw/pool/neg_coco_photos_00175.jpg,0,train,data/raw/pool/neg_coco_photos_00175.jpg
data/raw/pool/neg_coco_photos_00176.jpg,0,train,data/raw/pool/neg_coco_photos_00176.jpg
data/raw/pool/neg_coco_photos_00179.jpg,0,train,data/raw/pool/neg_coco_photos_00179.jpg
data/raw/pool/neg_coco_photos_00180.jpg,0,train,data/raw/pool/neg_coco_photos_00180.jpg
data/raw/pool/neg_coco_photos_00181.jpg,0,train,data/raw/pool/neg_coco_photos_00181.jpg
data/raw/pool/neg_coco_photos_00182.jpg,0,train,data/raw/pool/neg_coco_photos_00182.jpg
data/raw/pool/neg_coco_photos_00183.jpg,0,train,data/raw/pool/neg_coco_photos_00183.jpg
data/raw/pool/neg_coco_photos_00184.jpg,0,train,data/raw/pool/neg_coco_photos_00184.jpg
data/raw/pool/neg_coco_photos_00185.jpg,0,train,data/raw/pool/neg_coco_photos_00185.jpg
data/raw/pool/neg_coco_photos_00187.jpg,0,train,data/raw/pool/neg_coco_photos_00187.jpg
data/raw/pool/neg_coco_photos_00188.jpg,0,train,data/raw/pool/neg_coco_photos_00188.jpg
data/raw/pool/neg_coco_photos_00191.jpg,0,train,data/raw/pool/neg_coco_photos_00191.jpg
data/raw/pool/neg_coco_photos_00192.jpg,0,train,data/raw/pool/neg_coco_photos_00192.jpg
data/raw/pool/neg_coco_photos_00194.jpg,0,train,data/raw/pool/neg_coco_photos_00194.jpg
data/raw/pool/neg_coco_photos_00195.jpg,0,train,data/raw/pool/neg_coco_photos_00195.jpg
data/raw/pool/neg_coco_photos_00196.jpg,0,train,data/raw/pool/neg_coco_photos_00196.jpg
data/raw/pool/neg_coco_photos_00197.jpg,0,train,data/raw/pool/neg_coco_photos_00197.jpg
data/raw/pool/neg_coco_photos_00198.jpg,0,train,data/raw/pool/neg_coco_photos_00198.jpg
data/raw/pool/neg_coco_photos_00199.jpg,0,train,data/raw/pool/neg_coco_photos_00199.jpg
data/raw/pool/neg_coco_photos_00200.jpg,0,train,data/raw/pool/neg_coco_photos_00200.jpg
data/raw/pool/neg_coco_photos_00202.jpg,0,train,data/raw/pool/neg_coco_photos_00202.jpg
data/raw/pool/neg_coco_photos_00204.jpg,0,train,data/raw/pool/neg_coco_photos_00204.jpg
data/raw/pool/neg_coco_photos_00206.jpg,0,train,data/raw/pool/neg_coco_photos_00206.jpg
data/raw/pool/neg_coco_photos_00207.jpg,0,train,data/raw/pool/neg_coco_photos_00207.jpg
data/raw/pool/neg_coco_photos_00208.jpg,0,train,data/raw/pool/neg_coco_photos_00208.jpg
data/raw/pool/neg_coco_photos_00209.jpg,0,train,data/raw/pool/neg_coco_photos_00209.jpg
data/raw/pool/neg_coco_photos_00212.jpg,0,train,data/raw/pool/neg_coco_photos_00212.jpg
data/raw/pool/neg_coco_photos_00213.jpg,0,train,data/raw/pool/neg_coco_photos_00213.jpg
data/raw/pool/neg_coco_photos_00214.jpg,0,train,data/raw/pool/neg_coco_photos_00214.jpg
data/raw/pool/neg_coco_photos_00217.jpg,0,train,data/raw/pool/neg_coco_photos_00217.jpg
data/raw/pool/neg_coco_photos_00218.jpg,0,train,data/raw/pool/neg_coco_photos_00218.jpg
data/raw/pool/neg_coco_photos_00219.jpg,0,train,data/raw/pool/neg_coco_photos_00219.jpg
data/raw/pool/neg_coco_photos_00221.jpg,0,train,data/raw/pool/neg_coco_photos_00221.jpg
data/raw/pool/neg_coco_photos_00222.jpg,0,train,data/raw/pool/neg_coco_photos_00222.jpg
data/raw/pool/neg_coco_photos_00223.jpg,0,train,data/raw/pool/neg_coco_photos_00223.jpg
data/raw/pool/neg_coco_photos_00225.jpg,0,train,data/raw/pool/neg_coco_photos_00225.jpg
data/raw/pool/neg_coco_photos_00226.jpg,0,train,data/raw/pool/neg_coco_photos_00226.jpg
data/raw/pool/neg_coco_photos_00228.jpg,0,train,data/raw/pool/neg_coco_photos_00228.jpg
data/raw/pool/neg_coco_photos_00231.jpg,0,train,data/raw/pool/neg_coco_photos_00231.jpg
data/raw/pool/neg_coco_photos_00232.jpg,0,train,data/raw/pool/neg_coco_photos_00232.jpg
data/raw/pool/neg_coco_photos_00234.jpg,0,train,data/raw/pool/neg_coco_photos_00234.jpg
data/raw/pool/neg_coco_photos_00235.jpg,0,train,data/raw/pool/neg_coco_photos_00235.jpg
data/raw/pool/neg_coco_photos_00236.jpg,0,train,data/raw/pool/neg_coco_photos_00236.jpg
data/raw/pool/neg_coco_photos_00237.jpg,0,train,data/raw/pool/neg_coco_photos_00237.jpg
data/raw/pool/neg_coco_photos_00238.jpg,0,train,data/raw/pool/neg_coco_photos_00238.jpg
data/raw/pool/neg_coco_photos_00239.jpg,0,train,data/raw/pool/neg_coco_photos_00239.jpg
data/raw/pool/neg_coco_photos_00240.jpg,0,train,data/raw/pool/neg_coco_photos_00240.jpg
data/raw/pool/neg_coco_photos_00241.jpg,0,train,data/raw/pool/neg_coco_photos_00241.jpg
data/raw/pool/neg_coco_photos_00243.jpg,0,train,data/raw/pool/neg_coco_photos_00243.jpg
data/raw/pool/neg_coco_photos_00244.jpg,0,train,data/raw/pool/neg_coco_photos_00244.jpg
data/raw/pool/neg_coco_photos_00245.jpg,0,train,data/raw/pool/neg_coco_photos_00245.jpg
data/raw/pool/neg_coco_photos_00247.jpg,0,train,data/raw/pool/neg_coco_photos_00247.jpg
data/raw/pool/neg_coco_photos_00248.jpg,0,train,data/raw/pool/neg_coco_photos_00248.jpg
data/raw/pool/neg_coco_photos_00249.jpg,0,train,data/raw/pool/neg_coco_photos_00249.jpg
data/raw/pool/neg_coco_photos_00250.jpg,0,train,data/raw/pool/neg_coco_photos_00250.jpg
data/raw/pool/neg_coco_photos_00253.jpg,0,train,data/raw/pool/neg_coco_photos_00253.jpg
data/raw/pool/neg_coco_photos_00255.jpg,0,train,data/raw/pool/neg_coco_photos_00255.jpg
data/raw/pool/neg_coco_photos_00256.jpg,0,train,data/raw/pool/neg_coco_photos_00256.jpg
data/raw/pool/neg_coco_photos_00257.jpg,0,train,data/raw/pool/neg_coco_photos_00257.jpg
data/raw/pool/neg_coco_photos_00258.jpg,0,train,data/raw/pool/neg_coco_photos_00258.jpg
data/raw/pool/neg_coco_photos_00259.jpg,0,train,data/raw/pool/neg_coco_photos_00259.jpg
data/raw/pool/neg_coco_photos_00260.jpg,0,train,data/raw/pool/neg_coco_photos_00260.jpg
data/raw/pool/neg_coco_photos_00261.jpg,0,train,data/raw/pool/neg_coco_photos_00261.jpg
data/raw/pool/neg_coco_photos_00263.jpg,0,train,data/raw/pool/neg_coco_photos_00263.jpg
data/raw/pool/neg_coco_photos_00265.jpg,0,train,data/raw/pool/neg_coco_photos_00265.jpg
data/raw/pool/neg_coco_photos_00267.jpg,0,train,data/raw/pool/neg_coco_photos_00267.jpg
data/raw/pool/neg_coco_photos_00268.jpg,0,train,data/raw/pool/neg_coco_photos_00268.jpg
data/raw/pool/neg_coco_photos_00269.jpg,0,train,data/raw/pool/neg_coco_photos_00269.jpg
data/raw/pool/neg_coco_photos_00270.jpg,0,train,data/raw/pool/neg_coco_photos_00270.jpg
data/raw/pool/neg_coco_photos_00272.jpg,0,train,data/raw/pool/neg_coco_photos_00272.jpg
data/raw/pool/neg_coco_photos_00273.jpg,0,train,data/raw/pool/neg_coco_photos_00273.jpg
data/raw/pool/neg_coco_photos_00274.jpg,0,train,data/raw/pool/neg_coco_photos_00274.jpg
data/raw/pool/neg_coco_photos_00276.jpg,0,train,data/raw/pool/neg_coco_photos_00276.jpg
data/raw/pool/neg_coco_photos_00278.jpg,0,train,data/raw/pool/neg_coco_photos_00278.jpg
data/raw/pool/neg_coco_photos_00279.jpg,0,train,data/raw/pool/neg_coco_photos_00279.jpg
data/raw/pool/neg_coco_photos_00280.jpg,0,train,data/raw/pool/neg_coco_photos_00280.jpg
data/raw/pool/neg_coco_photos_00281.jpg,0,train,data/raw/pool/neg_coco_photos_00281.jpg
data/raw/pool/neg_coco_photos_00283.jpg,0,train,data/raw/pool/neg_coco_photos_00283.jpg
data/raw/pool/neg_coco_photos_00284.jpg,0,train,data/raw/pool/neg_coco_photos_00284.jpg
data/raw/pool/neg_coco_photos_00285.jpg,0,train,data/raw/pool/neg_coco_photos_00285.jpg
data/raw/pool/neg_coco_photos_00286.jpg,0,train,data/raw/pool/neg_coco_photos_00286.jpg
data/raw/pool/neg_coco_photos_00287.jpg,0,train,data/raw/pool/neg_coco_photos_00287.jpg
data/raw/pool/neg_coco_photos_00291.jpg,0,train,data/raw/pool/neg_coco_photos_00291.jpg
data/raw/pool/neg_coco_photos_00294.jpg,0,train,data/raw/pool/neg_coco_photos_00294.jpg
data/raw/pool/neg_coco_photos_00295.jpg,0,train,data/raw/pool/neg_coco_photos_00295.jpg
data/raw/pool/neg_coco_photos_00296.jpg,0,train,data/raw/pool/neg_coco_photos_00296.jpg
data/raw/pool/neg_coco_photos_00297.jpg,0,train,data/raw/pool/neg_coco_photos_00297.jpg
data/raw/pool/neg_coco_photos_00298.jpg,0,train,data/raw/pool/neg_coco_photos_00298.jpg
data/raw/pool/neg_coco_photos_00299.jpg,0,train,data/raw/pool/neg_coco_photos_00299.jpg
data/raw/pool/neg_coco_photos_00300.jpg,0,train,data/raw/pool/neg_coco_photos_00300.jpg
data/raw/pool/neg_coco_photos_00302.jpg,0,train,data/raw/pool/neg_coco_photos_00302.jpg
data/raw/pool/neg_coco_photos_00303.jpg,0,train,data/raw/pool/neg_coco_photos_00303.jpg
data/raw/pool/neg_coco_photos_00304.jpg,0,train,data/raw/pool/neg_coco_photos_00304.jpg
data/raw/pool/neg_coco_photos_00305.jpg,0,train,data/raw/pool/neg_coco_photos_00305.jpg
data/raw/pool/neg_coco_photos_00306.jpg,0,train,data/raw/pool/neg_coco_photos_00306.jpg
data/raw/pool/neg_coco_photos_00307.jpg,0,train,data/raw/pool/neg_coco_photos_00307.jpg
data/raw/pool/neg_coco_photos_00308.jpg,0,train,data/raw/pool/neg_coco_photos_00308.jpg
data/raw/pool/neg_coco_photos_00309.jpg,0,train,data/raw/pool/neg_coco_photos_00309.jpg
data/raw/pool/neg_coco_photos_00310.jpg,0,train,data/raw/pool/neg_coco_photos_00310.jpg
data/raw/pool/neg_coco_photos_00311.jpg,0,train,data/raw/pool/neg_coco_photos_00311.jpg
data/raw/pool/neg_coco_photos_00312.jpg,0,train,data/raw/pool/neg_coco_photos_00312.jpg
data/raw/pool/neg_coco_photos_00313.jpg,0,train,data/raw/pool/neg_coco_photos_00313.jpg
data/raw/pool/neg_coco_photos_00314.jpg,0,train,data/raw/pool/neg_coco_photos_00314.jpg
data/raw/pool/neg_coco_photos_00315.jpg,0,train,data/raw/pool/neg_coco_photos_00315.jpg
data/raw/pool/neg_coco_photos_00316.jpg,0,train,data/raw/pool/neg_coco_photos_00316.jpg
data/raw/pool/neg_coco_photos_00319.jpg,0,train,data/raw/pool/neg_coco_photos_00319.jpg
data/raw/pool/neg_coco_photos_00322.jpg,0,train,data/raw/pool/neg_coco_photos_00322.jpg
data/raw/pool/neg_coco_photos_00323.jpg,0,train,data/raw/pool/neg_coco_photos_00323.jpg
data/raw/pool/neg_coco_photos_00324.jpg,0,train,data/raw/pool/neg_coco_photos_00324.jpg
data/raw/pool/neg_coco_photos_00326.jpg,0,train,data/raw/pool/neg_coco_photos_00326.jpg
data/raw/pool/neg_coco_photos_00327.jpg,0,train,data/raw/pool/neg_coco_photos_00327.jpg
data/raw/pool/neg_coco_photos_00328.jpg,0,train,data/raw/pool/neg_coco_photos_00328.jpg
data/raw/pool/neg_coco_photos_00329.jpg,0,train,data/raw/pool/neg_coco_photos_00329.jpg
data/raw/pool/neg_coco_photos_00331.jpg,0,train,data/raw/pool/neg_coco_photos_00331.jpg
data/raw/pool/neg_coco_photos_00332.jpg,0,train,data/raw/pool/neg_coco_photos_00332.jpg
data/raw/pool/neg_coco_photos_00335.jpg,0,train,data/raw/pool/neg_coco_photos_00335.jpg
data/raw/pool/neg_coco_photos_00336.jpg,0,train,data/raw/pool/neg_coco_photos_00336.jpg
data/raw/pool/neg_coco_photos_00337.jpg,0,train,data/raw/pool/neg_coco_photos_00337.jpg
data/raw/pool/neg_coco_photos_00338.jpg,0,train,data/raw/pool/neg_coco_photos_00338.jpg
data/raw/pool/neg_coco_photos_00339.jpg,0,train,data/raw/pool/neg_coco_photos_00339.jpg
data/raw/pool/neg_coco_photos_00340.jpg,0,train,data/raw/pool/neg_coco_photos_00340.jpg
data/raw/pool/neg_coco_photos_00342.jpg,0,train,data/raw/pool/neg_coco_photos_00342.jpg
data/raw/pool/neg_coco_photos_00344.jpg,0,train,data/raw/pool/neg_coco_photos_00344.jpg
data/raw/pool/neg_coco_photos_00345.jpg,0,train,data/raw/pool/neg_coco_photos_00345.jpg
data/raw/pool/neg_coco_photos_00347.jpg,0,train,data/raw/pool/neg_coco_photos_00347.jpg
data/raw/pool/neg_coco_photos_00348.jpg,0,train,data/raw/pool/neg_coco_photos_00348.jpg
data/raw/pool/neg_coco_photos_00350.jpg,0,train,data/raw/pool/neg_coco_photos_00350.jpg
data/raw/pool/neg_coco_photos_00351.jpg,0,train,data/raw/pool/neg_coco_photos_00351.jpg
data/raw/pool/neg_coco_photos_00352.jpg,0,train,data/raw/pool/neg_coco_photos_00352.jpg
data/raw/pool/neg_coco_photos_00353.jpg,0,train,data/raw/pool/neg_coco_photos_00353.jpg
data/raw/pool/neg_coco_photos_00354.jpg,0,train,data/raw/pool/neg_coco_photos_00354.jpg
data/raw/pool/neg_coco_photos_00355.jpg,0,train,data/raw/pool/neg_coco_photos_00355.jpg
data/raw/pool/neg_coco_photos_00356.jpg,0,train,data/raw/pool/neg_coco_photos_00356.jpg
data/raw/pool/neg_coco_photos_00357.jpg,0,train,data/raw/pool/neg_coco_photos_00357.jpg
data/raw/pool/neg_coco_photos_00359.jpg,0,train,data/raw/pool/neg_coco_photos_00359.jpg
data/raw/pool/neg_coco_photos_00360.jpg,0,train,data/raw/pool/neg_coco_photos_00360.jpg
data/raw/pool/neg_coco_photos_00361.jpg,0,train,data/raw/pool/neg_coco_photos_00361.jpg
data/raw/pool/neg_coco_photos_00362.jpg,0,train,data/raw/pool/neg_coco_photos_00362.jpg
data/raw/pool/neg_coco_photos_00363.jpg,0,train,data/raw/pool/neg_coco_photos_00363.jpg
data/raw/pool/neg_coco_photos_00364.jpg,0,train,data/raw/pool/neg_coco_photos_00364.jpg
data/raw/pool/neg_coco_photos_00365.jpg,0,train,data/raw/pool/neg_coco_photos_00365.jpg
data/raw/pool/neg_coco_photos_00366.jpg,0,train,data/raw/pool/neg_coco_photos_00366.jpg
data/raw/pool/neg_coco_photos_00367.jpg,0,train,data/raw/pool/neg_coco_photos_00367.jpg
data/raw/pool/neg_coco_photos_00368.jpg,0,train,data/raw/pool/neg_coco_photos_00368.jpg
data/raw/pool/neg_coco_photos_00369.jpg,0,train,data/raw/pool/neg_coco_photos_00369.jpg
data/raw/pool/neg_coco_photos_00370.jpg,0,train,data/raw/pool/neg_coco_photos_00370.jpg
data/raw/pool/neg_coco_photos_00371.jpg,0,train,data/raw/pool/neg_coco_photos_00371.jpg
data/raw/pool/neg_coco_photos_00372.jpg,0,train,data/raw/pool/neg_coco_photos_00372.jpg
data/raw/pool/neg_coco_photos_00373.jpg,0,train,data/raw/pool/neg_coco_photos_00373.jpg
data/raw/pool/neg_coco_photos_00374.jpg,0,train,data/raw/pool/neg_coco_photos_00374.jpg
data/raw/pool/neg_coco_photos_00376.jpg,0,train,data/raw/pool/neg_coco_photos_00376.jpg
data/raw/pool/neg_coco_photos_00377.jpg,0,train,data/raw/pool/neg_coco_photos_00377.jpg
data/raw/pool/neg_coco_photos_00378.jpg,0,train,data/raw/pool/neg_coco_photos_00378.jpg
data/raw/pool/neg_coco_photos_00379.jpg,0,train,data/raw/pool/neg_coco_photos_00379.jpg
data/raw/pool/neg_coco_photos_00381.jpg,0,train,data/raw/pool/neg_coco_photos_00381.jpg
data/raw/pool/neg_coco_photos_00383.jpg,0,train,data/raw/pool/neg_coco_photos_00383.jpg
data/raw/pool/neg_coco_photos_00384.jpg,0,train,data/raw/pool/neg_coco_photos_00384.jpg
data/raw/pool/neg_coco_photos_00385.jpg,0,train,data/raw/pool/neg_coco_photos_00385.jpg
data/raw/pool/neg_coco_photos_00386.jpg,0,train,data/raw/pool/neg_coco_photos_00386.jpg
data/raw/pool/neg_coco_photos_00387.jpg,0,train,data/raw/pool/neg_coco_photos_00387.jpg
data/raw/pool/neg_coco_photos_00389.jpg,0,train,data/raw/pool/neg_coco_photos_00389.jpg
data/raw/pool/neg_coco_photos_00391.jpg,0,train,data/raw/pool/neg_coco_photos_00391.jpg
data/raw/pool/neg_coco_photos_00392.jpg,0,train,data/raw/pool/neg_coco_photos_00392.jpg
data/raw/pool/neg_coco_photos_00393.jpg,0,train,data/raw/pool/neg_coco_photos_00393.jpg
data/raw/pool/neg_coco_photos_00394.jpg,0,train,data/raw/pool/neg_coco_photos_00394.jpg
data/raw/pool/neg_coco_photos_00395.jpg,0,train,data/raw/pool/neg_coco_photos_00395.jpg
data/raw/pool/neg_coco_photos_00397.jpg,0,train,data/raw/pool/neg_coco_photos_00397.jpg
data/raw/pool/neg_coco_photos_00398.jpg,0,train,data/raw/pool/neg_coco_photos_00398.jpg
data/raw/pool/neg_coco_photos_00400.jpg,0,train,data/raw/pool/neg_coco_photos_00400.jpg
data/raw/pool/neg_coco_photos_00401.jpg,0,train,data/raw/pool/neg_coco_photos_00401.jpg
data/raw/pool/neg_coco_photos_00402.jpg,0,train,data/raw/pool/neg_coco_photos_00402.jpg
data/raw/pool/neg_coco_photos_00403.jpg,0,train,data/raw/pool/neg_coco_photos_00403.jpg
data/raw/pool/neg_coco_photos_00404.jpg,0,train,data/raw/pool/neg_coco_photos_00404.jpg
data/raw/pool/neg_coco_photos_00406.jpg,0,train,data/raw/pool/neg_coco_photos_00406.jpg
data/raw/pool/neg_coco_photos_00407.jpg,0,train,data/raw/pool/neg_coco_photos_00407.jpg
data/raw/pool/neg_coco_photos_00410.jpg,0,train,data/raw/pool/neg_coco_photos_00410.jpg
data/raw/pool/neg_coco_photos_00411.jpg,0,train,data/raw/pool/neg_coco_photos_00411.jpg
data/raw/pool/neg_coco_photos_00412.jpg,0,train,data/raw/pool/neg_coco_photos_00412.jpg
data/raw/pool/neg_coco_photos_00413.jpg,0,train,data/raw/pool/neg_coco_photos_00413.jpg
data/raw/pool/neg_coco_photos_00414.jpg,0,train,data/raw/pool/neg_coco_photos_00414.jpg
data/raw/pool/neg_coco_photos_00415.jpg,0,train,data/raw/pool/neg_coco_photos_00415.jpg
data/raw/pool/neg_coco_photos_00416.jpg,0,train,data/raw/pool/neg_coco_photos_00416.jpg
data/raw/pool/neg_coco_photos_00417.jpg,0,train,data/raw/pool/neg_coco_photos_00417.jpg
data/raw/pool/neg_coco_photos_00419.jpg,0,train,data/raw/pool/neg_coco_photos_00419.jpg
data/raw/pool/neg_coco_photos_00421.jpg,0,train,data/raw/pool/neg_coco_photos_00421.jpg
data/raw/pool/neg_coco_photos_00423.jpg,0,train,data/raw/pool/neg_coco_photos_00423.jpg
data/raw/pool/neg_coco_photos_00424.jpg,0,train,data/raw/pool/neg_coco_photos_00424.jpg
data/raw/pool/neg_coco_photos_00426.jpg,0,train,data/raw/pool/neg_coco_photos_00426.jpg
data/raw/pool/neg_coco_photos_00427.jpg,0,train,data/raw/pool/neg_coco_photos_00427.jpg
data/raw/pool/neg_coco_photos_00428.jpg,0,train,data/raw/pool/neg_coco_photos_00428.jpg
data/raw/pool/neg_coco_photos_00430.jpg,0,train,data/raw/pool/neg_coco_photos_00430.jpg
data/raw/pool/neg_coco_photos_00431.jpg,0,train,data/raw/pool/neg_coco_photos_00431.jpg
data/raw/pool/neg_coco_photos_00433.jpg,0,train,data/raw/pool/neg_coco_photos_00433.jpg
data/raw/pool/neg_coco_photos_00434.jpg,0,train,data/raw/pool/neg_coco_photos_00434.jpg
data/raw/pool/neg_coco_photos_00435.jpg,0,train,data/raw/pool/neg_coco_photos_00435.jpg
data/raw/pool/neg_coco_photos_00437.jpg,0,train,data/raw/pool/neg_coco_photos_00437.jpg
data/raw/pool/neg_coco_photos_00438.jpg,0,train,data/raw/pool/neg_coco_photos_00438.jpg
data/raw/pool/neg_coco_photos_00439.jpg,0,train,data/raw/pool/neg_coco_photos_00439.jpg
data/raw/pool/neg_coco_photos_00440.jpg,0,train,data/raw/pool/neg_coco_photos_00440.jpg
data/raw/pool/neg_coco_photos_00441.jpg,0,train,data/raw/pool/neg_coco_photos_00441.jpg
data/raw/pool/neg_coco_photos_00442.jpg,0,train,data/raw/pool/neg_coco_photos_00442.jpg
data/raw/pool/neg_coco_photos_00443.jpg,0,train,data/raw/pool/neg_coco_photos_00443.jpg
data/raw/pool/neg_coco_photos_00444.jpg,0,train,data/raw/pool/neg_coco_photos_00444.jpg
data/raw/pool/neg_coco_photos_00445.jpg,0,train,data/raw/pool/neg_coco_photos_00445.jpg
data/raw/pool/neg_coco_photos_00446.jpg,0,train,data/raw/pool/neg_coco_photos_00446.jpg
data/raw/pool/neg_coco_photos_00447.jpg,0,train,data/raw/pool/neg_coco_photos_00447.jpg
data/raw/pool/neg_coco_photos_00448.jpg,0,train,data/raw/pool/neg_coco_photos_00448.jpg
data/raw/pool/neg_coco_photos_00449.jpg,0,train,data/raw/pool/neg_coco_photos_00449.jpg
data/raw/pool/neg_coco_photos_00450.jpg,0,train,data/raw/pool/neg_coco_photos_00450.jpg
data/raw/pool/neg_coco_photos_00451.jpg,0,train,data/raw/pool/neg_coco_photos_00451.jpg
data/raw/pool/neg_coco_photos_00452.jpg,0,train,data/raw/pool/neg_coco_photos_00452.jpg
data/raw/pool/neg_coco_photos_00453.jpg,0,train,data/raw/pool/neg_coco_photos_00453.jpg
data/raw/pool/neg_coco_photos_00454.jpg,0,train,data/raw/pool/neg_coco_photos_00454.jpg
data/raw/pool/neg_coco_photos_00455.jpg,0,train,data/raw/pool/neg_coco_photos_00455.jpg
data/raw/pool/neg_coco_photos_00456.jpg,0,train,data/raw/pool/neg_coco_photos_00456.jpg
data/raw/pool/neg_coco_photos_00457.jpg,0,train,data/raw/pool/neg_coco_photos_00457.jpg
data/raw/pool/neg_coco_photos_00458.jpg,0,train,data/raw/pool/neg_coco_photos_00458.jpg
data/raw/pool/neg_coco_photos_00459.jpg,0,train,data/raw/pool/neg_coco_photos_00459.jpg
data/raw/pool/neg_coco_photos_00460.jpg,0,train,data/raw/pool/neg_coco_photos_00460.jpg
data/raw/pool/neg_coco_photos_00461.jpg,0,train,data/raw/pool/neg_coco_photos_00461.jpg
data/raw/pool/neg_coco_photos_00462.jpg,0,train,data/raw/pool/neg_coco_photos_00462.jpg
data/raw/pool/neg_coco_photos_00463.jpg,0,train,data/raw/pool/neg_coco_photos_00463.jpg
data/raw/pool/neg_coco_photos_00464.jpg,0,train,data/raw/pool/neg_coco_photos_00464.jpg
data/raw/pool/neg_coco_photos_00465.jpg,0,train,data/raw/pool/neg_coco_photos_00465.jpg
data/raw/pool/neg_coco_photos_00466.jpg,0,train,data/raw/pool/neg_coco_photos_00466.jpg
data/raw/pool/neg_coco_photos_00467.jpg,0,train,data/raw/pool/neg_coco_photos_00467.jpg
data/raw/pool/neg_coco_photos_00468.jpg,0,train,data/raw/pool/neg_coco_photos_00468.jpg
data/raw/pool/neg_coco_photos_00472.jpg,0,train,data/raw/pool/neg_coco_photos_00472.jpg
data/raw/pool/neg_coco_photos_00474.jpg,0,train,data/raw/pool/neg_coco_photos_00474.jpg
data/raw/pool/neg_coco_photos_00475.jpg,0,train,data/raw/pool/neg_coco_photos_00475.jpg
data/raw/pool/neg_coco_photos_00476.jpg,0,train,data/raw/pool/neg_coco_photos_00476.jpg
data/raw/pool/neg_coco_photos_00478.jpg,0,train,data/raw/pool/neg_coco_photos_00478.jpg
data/raw/pool/neg_coco_photos_00479.jpg,0,train,data/raw/pool/neg_coco_photos_00479.jpg
data/raw/pool/neg_coco_photos_00480.jpg,0,train,data/raw/pool/neg_coco_photos_00480.jpg
data/raw/pool/neg_coco_photos_00483.jpg,0,train,data/raw/pool/neg_coco_photos_00483.jpg
data/raw/pool/neg_coco_photos_00484.jpg,0,train,data/raw/pool/neg_coco_photos_00484.jpg
data/raw/pool/neg_coco_photos_00486.jpg,0,train,data/raw/pool/neg_coco_photos_00486.jpg
data/raw/pool/neg_coco_photos_00487.jpg,0,train,data/raw/pool/neg_coco_photos_00487.jpg
data/raw/pool/neg_coco_photos_00488.jpg,0,train,data/raw/pool/neg_coco_photos_00488.jpg
data/raw/pool/neg_coco_photos_00489.jpg,0,train,data/raw/pool/neg_coco_photos_00489.jpg
data/raw/pool/neg_coco_photos_00490.jpg,0,train,data/raw/pool/neg_coco_photos_00490.jpg
data/raw/pool/neg_coco_photos_00491.jpg,0,train,data/raw/pool/neg_coco_photos_00491.jpg
data/raw/pool/neg_coco_photos_00492.jpg,0,train,data/raw/pool/neg_coco_photos_00492.jpg
data/raw/pool/neg_coco_photos_00493.jpg,0,train,data/raw/pool/neg_coco_photos_00493.jpg
data/raw/pool/neg_coco_photos_00495.jpg,0,train,data/raw/pool/neg_coco_photos_00495.jpg
data/raw/pool/neg_coco_photos_00497.jpg,0,train,data/raw/pool/neg_coco_photos_00497.jpg
data/raw/pool/neg_coco_photos_00499.jpg,0,train,data/raw/pool/neg_coco_photos_00499.jpg
data/raw/pool/neg_coco_photos_00500.jpg,0,train,data/raw/pool/neg_coco_photos_00500.jpg
data/raw/pool/neg_coco_photos_00501.jpg,0,train,data/raw/pool/neg_coco_photos_00501.jpg
data/raw/pool/neg_coco_photos_00503.jpg,0,train,data/raw/pool/neg_coco_photos_00503.jpg
data/raw/pool/neg_coco_photos_00504.jpg,0,train,data/raw/pool/neg_coco_photos_00504.jpg
data/raw/pool/neg_coco_photos_00505.jpg,0,train,data/raw/pool/neg_coco_photos_00505.jpg
data/raw/pool/neg_coco_photos_00506.jpg,0,train,data/raw/pool/neg_coco_photos_00506.jpg
data/raw/pool/neg_coco_photos_00508.jpg,0,train,data/raw/pool/neg_coco_photos_00508.jpg
data/raw/pool/neg_coco_photos_00510.jpg,0,train,data/raw/pool/neg_coco_photos_00510.jpg
data/raw/pool/neg_coco_photos_00511.jpg,0,train,data/raw/pool/neg_coco_photos_00511.jpg
data/raw/pool/neg_coco_photos_00512.jpg,0,train,data/raw/pool/neg_coco_photos_00512.jpg
data/raw/pool/neg_coco_photos_00513.jpg,0,train,data/raw/pool/neg_coco_photos_00513.jpg
data/raw/pool/neg_coco_photos_00514.jpg,0,train,data/raw/pool/neg_coco_photos_00514.jpg
data/raw/pool/neg_coco_photos_00517.jpg,0,train,data/raw/pool/neg_coco_photos_00517.jpg
data/raw/pool/neg_coco_photos_00518.jpg,0,train,data/raw/pool/neg_coco_photos_00518.jpg
data/raw/pool/neg_coco_photos_00519.jpg,0,train,data/raw/pool/neg_coco_photos_00519.jpg
data/raw/pool/neg_coco_photos_00521.jpg,0,train,data/raw/pool/neg_coco_photos_00521.jpg
data/raw/pool/neg_coco_photos_00522.jpg,0,train,data/raw/pool/neg_coco_photos_00522.jpg
data/raw/pool/neg_coco_photos_00523.jpg,0,train,data/raw/pool/neg_coco_photos_00523.jpg
data/raw/pool/neg_coco_photos_00524.jpg,0,train,data/raw/pool/neg_coco_photos_00524.jpg
data/raw/pool/neg_coco_photos_00525.jpg,0,train,data/raw/pool/neg_coco_photos_00525.jpg
data/raw/pool/neg_coco_photos_00526.jpg,0,train,data/raw/pool/neg_coco_photos_00526.jpg
data/raw/pool/neg_coco_photos_00527.jpg,0,train,data/raw/pool/neg_coco_photos_00527.jpg
data/raw/pool/neg_coco_photos_00530.jpg,0,train,data/raw/pool/neg_coco_photos_00530.jpg
data/raw/pool/neg_coco_photos_00531.jpg,0,train,data/raw/pool/neg_coco_photos_00531.jpg
data/raw/pool/neg_coco_photos_00534.jpg,0,train,data/raw/pool/neg_coco_photos_00534.jpg
data/raw/pool/neg_coco_photos_00535.jpg,0,train,data/raw/pool/neg_coco_photos_00535.jpg
data/raw/pool/neg_coco_photos_00536.jpg,0,train,data/raw/pool/neg_coco_photos_00536.jpg
data/raw/pool/neg_coco_photos_00537.jpg,0,train,data/raw/pool/neg_coco_photos_00537.jpg
data/raw/pool/neg_coco_photos_00538.jpg,0,train,data/raw/pool/neg_coco_photos_00538.jpg
data/raw/pool/neg_coco_photos_00539.jpg,0,train,data/raw/pool/neg_coco_photos_00539.jpg
data/raw/pool/neg_coco_photos_00540.jpg,0,train,data/raw/pool/neg_coco_photos_00540.jpg
data/raw/pool/neg_coco_photos_00541.jpg,0,train,data/raw/pool/neg_coco_photos_00541.jpg
data/raw/pool/neg_coco_photos_00542.jpg,0,train,data/raw/pool/neg_coco_photos_00542.jpg
data/raw/pool/neg_coco_photos_00543.jpg,0,train,data/raw/pool/neg_coco_photos_00543.jpg
data/raw/pool/neg_coco_photos_00544.jpg,0,train,data/raw/pool/neg_coco_photos_00544.jpg
data/raw/pool/neg_coco_photos_00545.jpg,0,train,data/raw/pool/neg_coco_photos_00545.jpg
data/raw/pool/neg_coco_photos_00546.jpg,0,train,data/raw/pool/neg_coco_photos_00546.jpg
data/raw/pool/neg_coco_photos_00548.jpg,0,train,data/raw/pool/neg_coco_photos_00548.jpg
data/raw/pool/neg_coco_photos_00549.jpg,0,train,data/raw/pool/neg_coco_photos_00549.jpg
data/raw/pool/neg_coco_photos_00550.jpg,0,train,data/raw/pool/neg_coco_photos_00550.jpg
data/raw/pool/neg_coco_photos_00553.jpg,0,train,data/raw/pool/neg_coco_photos_00553.jpg
data/raw/pool/neg_coco_photos_00554.jpg,0,train,data/raw/pool/neg_coco_photos_00554.jpg
data/raw/pool/neg_coco_photos_00555.jpg,0,train,data/raw/pool/neg_coco_photos_00555.jpg
data/raw/pool/neg_coco_photos_00557.jpg,0,train,data/raw/pool/neg_coco_photos_00557.jpg
data/raw/pool/neg_coco_photos_00559.jpg,0,train,data/raw/pool/neg_coco_photos_00559.jpg
data/raw/pool/neg_coco_photos_00560.jpg,0,train,data/raw/pool/neg_coco_photos_00560.jpg
data/raw/pool/neg_coco_photos_00561.jpg,0,train,data/raw/pool/neg_coco_photos_00561.jpg
data/raw/pool/neg_coco_photos_00563.jpg,0,train,data/raw/pool/neg_coco_photos_00563.jpg
data/raw/pool/neg_coco_photos_00564.jpg,0,train,data/raw/pool/neg_coco_photos_00564.jpg
data/raw/pool/neg_coco_photos_00565.jpg,0,train,data/raw/pool/neg_coco_photos_00565.jpg
data/raw/pool/neg_coco_photos_00567.jpg,0,train,data/raw/pool/neg_coco_photos_00567.jpg
data/raw/pool/neg_coco_photos_00568.jpg,0,train,data/raw/pool/neg_coco_photos_00568.jpg
data/raw/pool/neg_coco_photos_00570.jpg,0,train,data/raw/pool/neg_coco_photos_00570.jpg
data/raw/pool/neg_coco_photos_00571.jpg,0,train,data/raw/pool/neg_coco_photos_00571.jpg
data/raw/pool/neg_coco_photos_00572.jpg,0,train,data/raw/pool/neg_coco_photos_00572.jpg
data/raw/pool/neg_coco_photos_00573.jpg,0,train,data/raw/pool/neg_coco_photos_00573.jpg
data/raw/pool/neg_coco_photos_00574.jpg,0,train,data/raw/pool/neg_coco_photos_00574.jpg
data/raw/pool/neg_coco_photos_00575.jpg,0,train,data/raw/pool/neg_coco_photos_00575.jpg
data/raw/pool/neg_coco_photos_00576.jpg,0,train,data/raw/pool/neg_coco_photos_00576.jpg
data/raw/pool/neg_coco_photos_00577.jpg,0,train,data/raw/pool/neg_coco_photos_00577.jpg
data/raw/pool/neg_coco_photos_00578.jpg,0,train,data/raw/pool/neg_coco_photos_00578.jpg
data/raw/pool/neg_coco_photos_00580.jpg,0,train,data/raw/pool/neg_coco_photos_00580.jpg
data/raw/pool/neg_coco_photos_00583.jpg,0,train,data/raw/pool/neg_coco_photos_00583.jpg
data/raw/pool/neg_coco_photos_00584.jpg,0,train,data/raw/pool/neg_coco_photos_00584.jpg
data/raw/pool/neg_coco_photos_00585.jpg,0,train,data/raw/pool/neg_coco_photos_00585.jpg
data/raw/pool/neg_coco_photos_00586.jpg,0,train,data/raw/pool/neg_coco_photos_00586.jpg
data/raw/pool/neg_coco_photos_00587.jpg,0,train,data/raw/pool/neg_coco_photos_00587.jpg
data/raw/pool/neg_coco_photos_00588.jpg,0,train,data/raw/pool/neg_coco_photos_00588.jpg
data/raw/pool/neg_coco_photos_00589.jpg,0,train,data/raw/pool/neg_coco_photos_00589.jpg
data/raw/pool/neg_coco_photos_00591.jpg,0,train,data/raw/pool/neg_coco_photos_00591.jpg
data/raw/pool/neg_coco_photos_00592.jpg,0,train,data/raw/pool/neg_coco_photos_00592.jpg
data/raw/pool/neg_coco_photos_00593.jpg,0,train,data/raw/pool/neg_coco_photos_00593.jpg
data/raw/pool/neg_coco_photos_00594.jpg,0,train,data/raw/pool/neg_coco_photos_00594.jpg
data/raw/pool/neg_coco_photos_00595.jpg,0,train,data/raw/pool/neg_coco_photos_00595.jpg
data/raw/pool/neg_coco_photos_00596.jpg,0,train,data/raw/pool/neg_coco_photos_00596.jpg
data/raw/pool/neg_coco_photos_00597.jpg,0,train,data/raw/pool/neg_coco_photos_00597.jpg
data/raw/pool/neg_coco_photos_00598.jpg,0,train,data/raw/pool/neg_coco_photos_00598.jpg
data/raw/pool/neg_coco_photos_00599.jpg,0,train,data/raw/pool/neg_coco_photos_00599.jpg
data/raw/pool/neg_coco_photos_00600.jpg,0,train,data/raw/pool/neg_coco_photos_00600.jpg
data/raw/pool/neg_coco_photos_00601.jpg,0,train,data/raw/pool/neg_coco_photos_00601.jpg
data/raw/pool/neg_coco_photos_00602.jpg,0,train,data/raw/pool/neg_coco_photos_00602.jpg
data/raw/pool/neg_coco_photos_00603.jpg,0,train,data/raw/pool/neg_coco_photos_00603.jpg
data/raw/pool/neg_coco_photos_00605.jpg,0,train,data/raw/pool/neg_coco_photos_00605.jpg
data/raw/pool/neg_coco_photos_00606.jpg,0,train,data/raw/pool/neg_coco_photos_00606.jpg
data/raw/pool/neg_coco_photos_00607.jpg,0,train,data/raw/pool/neg_coco_photos_00607.jpg
data/raw/pool/neg_coco_photos_00608.jpg,0,train,data/raw/pool/neg_coco_photos_00608.jpg
data/raw/pool/neg_coco_photos_00609.jpg,0,train,data/raw/pool/neg_coco_photos_00609.jpg
data/raw/pool/neg_coco_photos_00610.jpg,0,train,data/raw/pool/neg_coco_photos_00610.jpg
data/raw/pool/neg_coco_photos_00611.jpg,0,train,data/raw/pool/neg_coco_photos_00611.jpg
data/raw/pool/neg_coco_photos_00612.jpg,0,train,data/raw/pool/neg_coco_photos_00612.jpg
data/raw/pool/neg_coco_photos_00613.jpg,0,train,data/raw/pool/neg_coco_photos_00613.jpg
data/raw/pool/neg_coco_photos_00615.jpg,0,train,data/raw/pool/neg_coco_photos_00615.jpg
data/raw/pool/neg_coco_photos_00616.jpg,0,train,data/raw/pool/neg_coco_photos_00616.jpg
data/raw/pool/neg_coco_photos_00617.jpg,0,train,data/raw/pool/neg_coco_photos_00617.jpg
data/raw/pool/neg_coco_photos_00618.jpg,0,train,data/raw/pool/neg_coco_photos_00618.jpg
data/raw/pool/neg_coco_photos_00619.jpg,0,train,data/raw/pool/neg_coco_photos_00619.jpg
data/raw/pool/neg_coco_photos_00622.jpg,0,train,data/raw/pool/neg_coco_photos_00622.jpg
data/raw/pool/neg_coco_photos_00623.jpg,0,train,data/raw/pool/neg_coco_photos_00623.jpg
data/raw/pool/neg_coco_photos_00624.jpg,0,train,data/raw/pool/neg_coco_photos_00624.jpg
data/raw/pool/neg_coco_photos_00625.jpg,0,train,data/raw/pool/neg_coco_photos_00625.jpg
data/raw/pool/neg_coco_photos_00626.jpg,0,train,data/raw/pool/neg_coco_photos_00626.jpg
data/raw/pool/neg_coco_photos_00628.jpg,0,train,data/raw/pool/neg_coco_photos_00628.jpg
data/raw/pool/neg_coco_photos_00629.jpg,0,train,data/raw/pool/neg_coco_photos_00629.jpg
data/raw/pool/neg_coco_photos_00630.jpg,0,train,data/raw/pool/neg_coco_photos_00630.jpg
data/raw/pool/neg_coco_photos_00631.jpg,0,train,data/raw/pool/neg_coco_photos_00631.jpg
data/raw/pool/neg_coco_photos_00632.jpg,0,train,data/raw/pool/neg_coco_photos_00632.jpg
data/raw/pool/neg_coco_photos_00633.jpg,0,train,data/raw/pool/neg_coco_photos_00633.jpg
data/raw/pool/neg_coco_photos_00634.jpg,0,train,data/raw/pool/neg_coco_photos_00634.jpg
data/raw/pool/neg_coco_photos_00635.jpg,0,train,data/raw/pool/neg_coco_photos_00635.jpg
data/raw/pool/neg_coco_photos_00636.jpg,0,train,data/raw/pool/neg_coco_photos_00636.jpg
data/raw/pool/neg_coco_photos_00638.jpg,0,train,data/raw/pool/neg_coco_photos_00638.jpg
data/raw/pool/neg_coco_photos_00639.jpg,0,train,data/raw/pool/neg_coco_photos_00639.jpg
data/raw/pool/neg_coco_photos_00640.jpg,0,train,data/raw/pool/neg_coco_photos_00640.jpg
data/raw/pool/neg_coco_photos_00641.jpg,0,train,data/raw/pool/neg_coco_photos_00641.jpg
data/raw/pool/neg_coco_photos_00642.jpg,0,train,data/raw/pool/neg_coco_photos_00642.jpg
data/raw/pool/neg_coco_photos_00643.jpg,0,train,data/raw/pool/neg_coco_photos_00643.jpg
data/raw/pool/neg_coco_photos_00644.jpg,0,train,data/raw/pool/neg_coco_photos_00644.jpg
data/raw/pool/neg_coco_photos_00645.jpg,0,train,data/raw/pool/neg_coco_photos_00645.jpg
data/raw/pool/neg_coco_photos_00646.jpg,0,train,data/raw/pool/neg_coco_photos_00646.jpg
data/raw/pool/neg_coco_photos_00647.jpg,0,train,data/raw/pool/neg_coco_photos_00647.jpg
data/raw/pool/neg_coco_photos_00648.jpg,0,train,data/raw/pool/neg_coco_photos_00648.jpg
data/raw/pool/neg_coco_photos_00651.jpg,0,train,data/raw/pool/neg_coco_photos_00651.jpg
data/raw/pool/neg_coco_photos_00653.jpg,0,train,data/raw/pool/neg_coco_photos_00653.jpg
data/raw/pool/neg_coco_photos_00655.jpg,0,train,data/raw/pool/neg_coco_photos_00655.jpg
data/raw/pool/neg_coco_photos_00656.jpg,0,train,data/raw/pool/neg_coco_photos_00656.jpg
data/raw/pool/neg_coco_photos_00657.jpg,0,train,data/raw/pool/neg_coco_photos_00657.jpg
data/raw/pool/neg_coco_photos_00658.jpg,0,train,data/raw/pool/neg_coco_photos_00658.jpg
data/raw/pool/neg_coco_photos_00659.jpg,0,train,data/raw/pool/neg_coco_photos_00659.jpg
data/raw/pool/neg_coco_photos_00660.jpg,0,train,data/raw/pool/neg_coco_photos_00660.jpg
data/raw/pool/neg_coco_photos_00661.jpg,0,train,data/raw/pool/neg_coco_photos_00661.jpg
data/raw/pool/neg_coco_photos_00663.jpg,0,train,data/raw/pool/neg_coco_photos_00663.jpg
data/raw/pool/neg_coco_photos_00664.jpg,0,train,data/raw/pool/neg_coco_photos_00664.jpg
data/raw/pool/neg_coco_photos_00665.jpg,0,train,data/raw/pool/neg_coco_photos_00665.jpg
data/raw/pool/neg_coco_photos_00666.jpg,0,train,data/raw/pool/neg_coco_photos_00666.jpg
data/raw/pool/neg_coco_photos_00667.jpg,0,train,data/raw/pool/neg_coco_photos_00667.jpg
data/raw/pool/neg_coco_photos_00668.jpg,0,train,data/raw/pool/neg_coco_photos_00668.jpg
data/raw/pool/neg_coco_photos_00669.jpg,0,train,data/raw/pool/neg_coco_photos_00669.jpg
data/raw/pool/neg_coco_photos_00670.jpg,0,train,data/raw/pool/neg_coco_photos_00670.jpg
data/raw/pool/neg_coco_photos_00671.jpg,0,train,data/raw/pool/neg_coco_photos_00671.jpg
data/raw/pool/neg_coco_photos_00672.jpg,0,train,data/raw/pool/neg_coco_photos_00672.jpg
data/raw/pool/neg_coco_photos_00673.jpg,0,train,data/raw/pool/neg_coco_photos_00673.jpg
data/raw/pool/neg_coco_photos_00674.jpg,0,train,data/raw/pool/neg_coco_photos_00674.jpg
data/raw/pool/neg_coco_photos_00676.jpg,0,train,data/raw/pool/neg_coco_photos_00676.jpg
data/raw/pool/neg_coco_photos_00678.jpg,0,train,data/raw/pool/neg_coco_photos_00678.jpg
data/raw/pool/neg_coco_photos_00679.jpg,0,train,data/raw/pool/neg_coco_photos_00679.jpg
data/raw/pool/neg_coco_photos_00680.jpg,0,train,data/raw/pool/neg_coco_photos_00680.jpg
data/raw/pool/neg_coco_photos_00683.jpg,0,train,data/raw/pool/neg_coco_photos_00683.jpg
data/raw/pool/neg_coco_photos_00684.jpg,0,train,data/raw/pool/neg_coco_photos_00684.jpg
data/raw/pool/neg_coco_photos_00685.jpg,0,train,data/raw/pool/neg_coco_photos_00685.jpg
data/raw/pool/neg_coco_photos_00686.jpg,0,train,data/raw/pool/neg_coco_photos_00686.jpg
data/raw/pool/neg_coco_photos_00688.jpg,0,train,data/raw/pool/neg_coco_photos_00688.jpg
data/raw/pool/neg_coco_photos_00689.jpg,0,train,data/raw/pool/neg_coco_photos_00689.jpg
data/raw/pool/neg_coco_photos_00690.jpg,0,train,data/raw/pool/neg_coco_photos_00690.jpg
data/raw/pool/neg_coco_photos_00692.jpg,0,train,data/raw/pool/neg_coco_photos_00692.jpg
data/raw/pool/neg_coco_photos_00693.jpg,0,train,data/raw/pool/neg_coco_photos_00693.jpg
data/raw/pool/neg_coco_photos_00696.jpg,0,train,data/raw/pool/neg_coco_photos_00696.jpg
data/raw/pool/neg_coco_photos_00697.jpg,0,train,data/raw/pool/neg_coco_photos_00697.jpg
data/raw/pool/neg_coco_photos_00698.jpg,0,train,data/raw/pool/neg_coco_photos_00698.jpg
data/raw/pool/neg_coco_photos_00699.jpg,0,train,data/raw/pool/neg_coco_photos_00699.jpg
data/raw/pool/neg_coco_photos_00700.jpg,0,train,data/raw/pool/neg_coco_photos_00700.jpg
data/raw/pool/neg_coco_photos_00701.jpg,0,train,data/raw/pool/neg_coco_photos_00701.jpg
data/raw/pool/neg_coco_photos_00702.jpg,0,train,data/raw/pool/neg_coco_photos_00702.jpg
data/raw/pool/neg_coco_photos_00703.jpg,0,train,data/raw/pool/neg_coco_photos_00703.jpg
data/raw/pool/neg_coco_photos_00704.jpg,0,train,data/raw/pool/neg_coco_photos_00704.jpg
data/raw/pool/neg_coco_photos_00706.jpg,0,train,data/raw/pool/neg_coco_photos_00706.jpg
data/raw/pool/neg_coco_photos_00707.jpg,0,train,data/raw/pool/neg_coco_photos_00707.jpg
data/raw/pool/neg_coco_photos_00708.jpg,0,train,data/raw/pool/neg_coco_photos_00708.jpg
data/raw/pool/neg_coco_photos_00709.jpg,0,train,data/raw/pool/neg_coco_photos_00709.jpg
data/raw/pool/neg_coco_photos_00711.jpg,0,train,data/raw/pool/neg_coco_photos_00711.jpg
data/raw/pool/neg_coco_photos_00712.jpg,0,train,data/raw/pool/neg_coco_photos_00712.jpg
data/raw/pool/neg_coco_photos_00713.jpg,0,train,data/raw/pool/neg_coco_photos_00713.jpg
data/raw/pool/neg_coco_photos_00714.jpg,0,train,data/raw/pool/neg_coco_photos_00714.jpg
data/raw/pool/neg_coco_photos_00715.jpg,0,train,data/raw/pool/neg_coco_photos_00715.jpg
data/raw/pool/neg_coco_photos_00718.jpg,0,train,data/raw/pool/neg_coco_photos_00718.jpg
data/raw/pool/neg_coco_photos_00720.jpg,0,train,data/raw/pool/neg_coco_photos_00720.jpg
data/raw/pool/neg_coco_photos_00722.jpg,0,train,data/raw/pool/neg_coco_photos_00722.jpg
data/raw/pool/neg_coco_photos_00723.jpg,0,train,data/raw/pool/neg_coco_photos_00723.jpg
data/raw/pool/neg_coco_photos_00725.jpg,0,train,data/raw/pool/neg_coco_photos_00725.jpg
data/raw/pool/neg_coco_photos_00726.jpg,0,train,data/raw/pool/neg_coco_photos_00726.jpg
data/raw/pool/neg_coco_photos_00727.jpg,0,train,data/raw/pool/neg_coco_photos_00727.jpg
data/raw/pool/neg_coco_photos_00728.jpg,0,train,data/raw/pool/neg_coco_photos_00728.jpg
data/raw/pool/neg_coco_photos_00729.jpg,0,train,data/raw/pool/neg_coco_photos_00729.jpg
data/raw/pool/neg_coco_photos_00730.jpg,0,train,data/raw/pool/neg_coco_photos_00730.jpg
data/raw/pool/neg_coco_photos_00731.jpg,0,train,data/raw/pool/neg_coco_photos_00731.jpg
data/raw/pool/neg_coco_photos_00733.jpg,0,train,data/raw/pool/neg_coco_photos_00733.jpg
data/raw/pool/neg_coco_photos_00734.jpg,0,train,data/raw/pool/neg_coco_photos_00734.jpg
data/raw/pool/neg_coco_photos_00735.jpg,0,train,data/raw/pool/neg_coco_photos_00735.jpg
data/raw/pool/neg_coco_photos_00737.jpg,0,train,data/raw/pool/neg_coco_photos_00737.jpg
data/raw/pool/neg_coco_photos_00738.jpg,0,train,data/raw/pool/neg_coco_photos_00738.jpg
data/raw/pool/neg_coco_photos_00739.jpg,0,train,data/raw/pool/neg_coco_photos_00739.jpg
data/raw/pool/neg_coco_photos_00741.jpg,0,train,data/raw/pool/neg_coco_photos_00741.jpg
data/raw/pool/neg_coco_photos_00742.jpg,0,train,data/raw/pool/neg_coco_photos_00742.jpg
data/raw/pool/neg_coco_photos_00743.jpg,0,train,data/raw/pool/neg_coco_photos_00743.jpg
data/raw/pool/neg_coco_photos_00744.jpg,0,train,data/raw/pool/neg_coco_photos_00744.jpg
data/raw/pool/neg_coco_photos_00745.jpg,0,train,data/raw/pool/neg_coco_photos_00745.jpg
data/raw/pool/neg_coco_photos_00746.jpg,0,train,data/raw/pool/neg_coco_photos_00746.jpg
data/raw/pool/neg_coco_photos_00747.jpg,0,train,data/raw/pool/neg_coco_photos_00747.jpg
data/raw/pool/neg_coco_photos_00748.jpg,0,train,data/raw/pool/neg_coco_photos_00748.jpg
data/raw/pool/neg_coco_photos_00749.jpg,0,train,data/raw/pool/neg_coco_photos_00749.jpg
data/raw/pool/neg_coco_photos_00750.jpg,0,train,data/raw/pool/neg_coco_photos_00750.jpg
data/raw/pool/neg_coco_photos_00751.jpg,0,train,data/raw/pool/neg_coco_photos_00751.jpg
data/raw/pool/neg_coco_photos_00752.jpg,0,train,data/raw/pool/neg_coco_photos_00752.jpg
data/raw/pool/neg_coco_photos_00753.jpg,0,train,data/raw/pool/neg_coco_photos_00753.jpg
data/raw/pool/neg_coco_photos_00756.jpg,0,train,data/raw/pool/neg_coco_photos_00756.jpg
data/raw/pool/neg_coco_photos_00757.jpg,0,train,data/raw/pool/neg_coco_photos_00757.jpg
data/raw/pool/neg_coco_photos_00760.jpg,0,train,data/raw/pool/neg_coco_photos_00760.jpg
data/raw/pool/neg_coco_photos_00761.jpg,0,train,data/raw/pool/neg_coco_photos_00761.jpg
data/raw/pool/neg_coco_photos_00762.jpg,0,train,data/raw/pool/neg_coco_photos_00762.jpg
data/raw/pool/neg_coco_photos_00763.jpg,0,train,data/raw/pool/neg_coco_photos_00763.jpg
data/raw/pool/neg_coco_photos_00764.jpg,0,train,data/raw/pool/neg_coco_photos_00764.jpg
data/raw/pool/neg_coco_photos_00765.jpg,0,train,data/raw/pool/neg_coco_photos_00765.jpg
data/raw/pool/neg_coco_photos_00767.jpg,0,train,data/raw/pool/neg_coco_photos_00767.jpg
data/raw/pool/neg_coco_photos_00769.jpg,0,train,data/raw/pool/neg_coco_photos_00769.jpg
data/raw/pool/neg_coco_photos_00771.jpg,0,train,data/raw/pool/neg_coco_photos_00771.jpg
data/raw/pool/neg_coco_photos_00772.jpg,0,train,data/raw/pool/neg_coco_photos_00772.jpg
data/raw/pool/neg_coco_photos_00775.jpg,0,train,data/raw/pool/neg_coco_photos_00775.jpg
data/raw/pool/neg_coco_photos_00776.jpg,0,train,data/raw/pool/neg_coco_photos_00776.jpg
data/raw/pool/neg_coco_photos_00781.jpg,0,train,data/raw/pool/neg_coco_photos_00781.jpg
data/raw/pool/neg_coco_photos_00782.jpg,0,train,data/raw/pool/neg_coco_photos_00782.jpg
data/raw/pool/neg_coco_photos_00784.jpg,0,train,data/raw/pool/neg_coco_photos_00784.jpg
data/raw/pool/neg_coco_photos_00785.jpg,0,train,data/raw/pool/neg_coco_photos_00785.jpg
data/raw/pool/neg_coco_photos_00786.jpg,0,train,data/raw/pool/neg_coco_photos_00786.jpg
data/raw/pool/neg_coco_photos_00787.jpg,0,train,data/raw/pool/neg_coco_photos_00787.jpg
data/raw/pool/neg_coco_photos_00788.jpg,0,train,data/raw/pool/neg_coco_photos_00788.jpg
data/raw/pool/neg_coco_photos_00789.jpg,0,train,data/raw/pool/neg_coco_photos_00789.jpg
data/raw/pool/neg_coco_photos_00790.jpg,0,train,data/raw/pool/neg_coco_photos_00790.jpg
data/raw/pool/neg_coco_photos_00791.jpg,0,train,data/raw/pool/neg_coco_photos_00791.jpg
data/raw/pool/neg_coco_photos_00793.jpg,0,train,data/raw/pool/neg_coco_photos_00793.jpg
data/raw/pool/neg_coco_photos_00795.jpg,0,train,data/raw/pool/neg_coco_photos_00795.jpg
data/raw/pool/neg_coco_photos_00796.jpg,0,train,data/raw/pool/neg_coco_photos_00796.jpg
data/raw/pool/neg_coco_photos_00799.jpg,0,train,data/raw/pool/neg_coco_photos_00799.jpg
data/raw/pool/neg_coco_photos_00800.jpg,0,train,data/raw/pool/neg_coco_photos_00800.jpg
data/raw/pool/neg_coco_photos_00802.jpg,0,train,data/raw/pool/neg_coco_photos_00802.jpg
data/raw/pool/neg_coco_photos_00803.jpg,0,train,data/raw/pool/neg_coco_photos_00803.jpg
data/raw/pool/neg_coco_photos_00804.jpg,0,train,data/raw/pool/neg_coco_photos_00804.jpg
data/raw/pool/neg_coco_photos_00806.jpg,0,train,data/raw/pool/neg_coco_photos_00806.jpg
data/raw/pool/neg_coco_photos_00807.jpg,0,train,data/raw/pool/neg_coco_photos_00807.jpg
data/raw/pool/neg_coco_photos_00808.jpg,0,train,data/raw/pool/neg_coco_photos_00808.jpg
data/raw/pool/neg_coco_photos_00809.jpg,0,train,data/raw/pool/neg_coco_photos_00809.jpg
data/raw/pool/neg_coco_photos_00811.jpg,0,train,data/raw/pool/neg_coco_photos_00811.jpg
data/raw/pool/neg_coco_photos_00812.jpg,0,train,data/raw/pool/neg_coco_photos_00812.jpg
data/raw/pool/neg_coco_photos_00814.jpg,0,train,data/raw/pool/neg_coco_photos_00814.jpg
data/raw/pool/neg_coco_photos_00815.jpg,0,train,data/raw/pool/neg_coco_photos_00815.jpg
data/raw/pool/neg_coco_photos_00816.jpg,0,train,data/raw/pool/neg_coco_photos_00816.jpg
data/raw/pool/neg_coco_photos_00817.jpg,0,train,data/raw/pool/neg_coco_photos_00817.jpg
data/raw/pool/neg_coco_photos_00819.jpg,0,train,data/raw/pool/neg_coco_photos_00819.jpg
data/raw/pool/neg_coco_photos_00820.jpg,0,train,data/raw/pool/neg_coco_photos_00820.jpg
data/raw/pool/neg_coco_photos_00823.jpg,0,train,data/raw/pool/neg_coco_photos_00823.jpg
data/raw/pool/neg_coco_photos_00824.jpg,0,train,data/raw/pool/neg_coco_photos_00824.jpg
data/raw/pool/neg_coco_photos_00825.jpg,0,train,data/raw/pool/neg_coco_photos_00825.jpg
data/raw/pool/neg_coco_photos_00826.jpg,0,train,data/raw/pool/neg_coco_photos_00826.jpg
data/raw/pool/neg_coco_photos_00827.jpg,0,train,data/raw/pool/neg_coco_photos_00827.jpg
data/raw/pool/neg_coco_photos_00829.jpg,0,train,data/raw/pool/neg_coco_photos_00829.jpg
data/raw/pool/neg_coco_photos_00830.jpg,0,train,data/raw/pool/neg_coco_photos_00830.jpg
data/raw/pool/neg_coco_photos_00831.jpg,0,train,data/raw/pool/neg_coco_photos_00831.jpg
data/raw/pool/neg_coco_photos_00833.jpg,0,train,data/raw/pool/neg_coco_photos_00833.jpg
data/raw/pool/neg_coco_photos_00834.jpg,0,train,data/raw/pool/neg_coco_photos_00834.jpg
data/raw/pool/neg_coco_photos_00835.jpg,0,train,data/raw/pool/neg_coco_photos_00835.jpg
data/raw/pool/neg_coco_photos_00836.jpg,0,train,data/raw/pool/neg_coco_photos_00836.jpg
data/raw/pool/neg_coco_photos_00837.jpg,0,train,data/raw/pool/neg_coco_photos_00837.jpg
data/raw/pool/neg_coco_photos_00838.jpg,0,train,data/raw/pool/neg_coco_photos_00838.jpg
data/raw/pool/neg_coco_photos_00839.jpg,0,train,data/raw/pool/neg_coco_photos_00839.jpg
data/raw/pool/neg_coco_photos_00840.jpg,0,train,data/raw/pool/neg_coco_photos_00840.jpg
data/raw/pool/neg_coco_photos_00841.jpg,0,train,data/raw/pool/neg_coco_photos_00841.jpg
data/raw/pool/neg_coco_photos_00842.jpg,0,train,data/raw/pool/neg_coco_photos_00842.jpg
data/raw/pool/neg_coco_photos_00847.jpg,0,train,data/raw/pool/neg_coco_photos_00847.jpg
data/raw/pool/neg_coco_photos_00848.jpg,0,train,data/raw/pool/neg_coco_photos_00848.jpg
data/raw/pool/neg_coco_photos_00850.jpg,0,train,data/raw/pool/neg_coco_photos_00850.jpg
data/raw/pool/neg_coco_photos_00851.jpg,0,train,data/raw/pool/neg_coco_photos_00851.jpg
data/raw/pool/neg_coco_photos_00852.jpg,0,train,data/raw/pool/neg_coco_photos_00852.jpg
data/raw/pool/neg_coco_photos_00855.jpg,0,train,data/raw/pool/neg_coco_photos_00855.jpg
data/raw/pool/neg_coco_photos_00856.jpg,0,train,data/raw/pool/neg_coco_photos_00856.jpg
data/raw/pool/neg_coco_photos_00857.jpg,0,train,data/raw/pool/neg_coco_photos_00857.jpg
data/raw/pool/neg_coco_photos_00858.jpg,0,train,data/raw/pool/neg_coco_photos_00858.jpg
data/raw/pool/neg_coco_photos_00859.jpg,0,train,data/raw/pool/neg_coco_photos_00859.jpg
data/raw/pool/neg_coco_photos_00860.jpg,0,train,data/raw/pool/neg_coco_photos_00860.jpg
data/raw/pool/neg_coco_photos_00861.jpg,0,train,data/raw/pool/neg_coco_photos_00861.jpg
data/raw/pool/neg_coco_photos_00862.jpg,0,train,data/raw/pool/neg_coco_photos_00862.jpg
data/raw/pool/neg_coco_photos_00863.jpg,0,train,data/raw/pool/neg_coco_photos_00863.jpg
data/raw/pool/neg_coco_photos_00864.jpg,0,train,data/raw/pool/neg_coco_photos_00864.jpg
data/raw/pool/neg_coco_photos_00865.jpg,0,train,data/raw/pool/neg_coco_photos_00865.jpg
data/raw/pool/neg_coco_photos_00866.jpg,0,train,data/raw/pool/neg_coco_photos_00866.jpg
data/raw/pool/neg_coco_photos_00868.jpg,0,train,data/raw/pool/neg_coco_photos_00868.jpg
data/raw/pool/neg_coco_photos_00869.jpg,0,train,data/raw/pool/neg_coco_photos_00869.jpg
data/raw/pool/neg_coco_photos_00870.jpg,0,train,data/raw/pool/neg_coco_photos_00870.jpg
data/raw/pool/neg_coco_photos_00871.jpg,0,train,data/raw/pool/neg_coco_photos_00871.jpg
data/raw/pool/neg_coco_photos_00872.jpg,0,train,data/raw/pool/neg_coco_photos_00872.jpg
data/raw/pool/neg_coco_photos_00873.jpg,0,train,data/raw/pool/neg_coco_photos_00873.jpg
data/raw/pool/neg_coco_photos_00874.jpg,0,train,data/raw/pool/neg_coco_photos_00874.jpg
data/raw/pool/neg_coco_photos_00876.jpg,0,train,data/raw/pool/neg_coco_photos_00876.jpg
data/raw/pool/neg_coco_photos_00877.jpg,0,train,data/raw/pool/neg_coco_photos_00877.jpg
data/raw/pool/neg_coco_photos_00878.jpg,0,train,data/raw/pool/neg_coco_photos_00878.jpg
data/raw/pool/neg_coco_photos_00879.jpg,0,train,data/raw/pool/neg_coco_photos_00879.jpg
data/raw/pool/neg_coco_photos_00880.jpg,0,train,data/raw/pool/neg_coco_photos_00880.jpg
data/raw/pool/neg_coco_photos_00881.jpg,0,train,data/raw/pool/neg_coco_photos_00881.jpg
data/raw/pool/neg_coco_photos_00882.jpg,0,train,data/raw/pool/neg_coco_photos_00882.jpg
data/raw/pool/neg_coco_photos_00883.jpg,0,train,data/raw/pool/neg_coco_photos_00883.jpg
data/raw/pool/neg_coco_photos_00884.jpg,0,train,data/raw/pool/neg_coco_photos_00884.jpg
data/raw/pool/neg_coco_photos_00885.jpg,0,train,data/raw/pool/neg_coco_photos_00885.jpg
data/raw/pool/neg_coco_photos_00886.jpg,0,train,data/raw/pool/neg_coco_photos_00886.jpg
data/raw/pool/neg_coco_photos_00888.jpg,0,train,data/raw/pool/neg_coco_photos_00888.jpg
data/raw/pool/neg_coco_photos_00889.jpg,0,train,data/raw/pool/neg_coco_photos_00889.jpg
data/raw/pool/neg_coco_photos_00890.jpg,0,train,data/raw/pool/neg_coco_photos_00890.jpg
data/raw/pool/neg_coco_photos_00891.jpg,0,train,data/raw/pool/neg_coco_photos_00891.jpg
data/raw/pool/neg_coco_photos_00892.jpg,0,train,data/raw/pool/neg_coco_photos_00892.jpg
data/raw/pool/neg_coco_photos_00893.jpg,0,train,data/raw/pool/neg_coco_photos_00893.jpg
data/raw/pool/neg_coco_photos_00894.jpg,0,train,data/raw/pool/neg_coco_photos_00894.jpg
data/raw/pool/neg_coco_photos_00895.jpg,0,train,data/raw/pool/neg_coco_photos_00895.jpg
data/raw/pool/neg_coco_photos_00896.jpg,0,train,data/raw/pool/neg_coco_photos_00896.jpg
data/raw/pool/neg_coco_photos_00898.jpg,0,train,data/raw/pool/neg_coco_photos_00898.jpg
data/raw/pool/neg_coco_photos_00899.jpg,0,train,data/raw/pool/neg_coco_photos_00899.jpg
data/raw/pool/neg_coco_photos_00900.jpg,0,train,data/raw/pool/neg_coco_photos_00900.jpg
data/raw/pool/neg_coco_photos_00901.jpg,0,train,data/raw/pool/neg_coco_photos_00901.jpg
data/raw/pool/neg_coco_photos_00902.jpg,0,train,data/raw/pool/neg_coco_photos_00902.jpg
data/raw/pool/neg_coco_photos_00904.jpg,0,train,data/raw/pool/neg_coco_photos_00904.jpg
data/raw/pool/neg_coco_photos_00905.jpg,0,train,data/raw/pool/neg_coco_photos_00905.jpg
data/raw/pool/neg_coco_photos_00906.jpg,0,train,data/raw/pool/neg_coco_photos_00906.jpg
data/raw/pool/neg_coco_photos_00907.jpg,0,train,data/raw/pool/neg_coco_photos_00907.jpg
data/raw/pool/neg_coco_photos_00908.jpg,0,train,data/raw/pool/neg_coco_photos_00908.jpg
data/raw/pool/neg_coco_photos_00910.jpg,0,train,data/raw/pool/neg_coco_photos_00910.jpg
data/raw/pool/neg_coco_photos_00912.jpg,0,train,data/raw/pool/neg_coco_photos_00912.jpg
data/raw/pool/neg_coco_photos_00913.jpg,0,train,data/raw/pool/neg_coco_photos_00913.jpg
data/raw/pool/neg_coco_photos_00914.jpg,0,train,data/raw/pool/neg_coco_photos_00914.jpg
data/raw/pool/neg_coco_photos_00915.jpg,0,train,data/raw/pool/neg_coco_photos_00915.jpg
data/raw/pool/neg_coco_photos_00916.jpg,0,train,data/raw/pool/neg_coco_photos_00916.jpg
data/raw/pool/neg_coco_photos_00918.jpg,0,train,data/raw/pool/neg_coco_photos_00918.jpg
data/raw/pool/neg_coco_photos_00920.jpg,0,train,data/raw/pool/neg_coco_photos_00920.jpg
data/raw/pool/neg_coco_photos_00921.jpg,0,train,data/raw/pool/neg_coco_photos_00921.jpg
data/raw/pool/neg_coco_photos_00922.jpg,0,train,data/raw/pool/neg_coco_photos_00922.jpg
data/raw/pool/neg_coco_photos_00923.jpg,0,train,data/raw/pool/neg_coco_photos_00923.jpg
data/raw/pool/neg_coco_photos_00924.jpg,0,train,data/raw/pool/neg_coco_photos_00924.jpg
data/raw/pool/neg_coco_photos_00925.jpg,0,train,data/raw/pool/neg_coco_photos_00925.jpg
data/raw/pool/neg_coco_photos_00926.jpg,0,train,data/raw/pool/neg_coco_photos_00926.jpg
data/raw/pool/neg_coco_photos_00928.jpg,0,train,data/raw/pool/neg_coco_photos_00928.jpg
data/raw/pool/neg_coco_photos_00929.jpg,0,train,data/raw/pool/neg_coco_photos_00929.jpg
data/raw/pool/neg_coco_photos_00930.jpg,0,train,data/raw/pool/neg_coco_photos_00930.jpg
data/raw/pool/neg_coco_photos_00932.jpg,0,train,data/raw/pool/neg_coco_photos_00932.jpg
data/raw/pool/neg_coco_photos_00933.jpg,0,train,data/raw/pool/neg_coco_photos_00933.jpg
data/raw/pool/neg_coco_photos_00934.jpg,0,train,data/raw/pool/neg_coco_photos_00934.jpg
data/raw/pool/neg_coco_photos_00935.jpg,0,train,data/raw/pool/neg_coco_photos_00935.jpg
data/raw/pool/neg_coco_photos_00936.jpg,0,train,data/raw/pool/neg_coco_photos_00936.jpg
data/raw/pool/neg_coco_photos_00937.jpg,0,train,data/raw/pool/neg_coco_photos_00937.jpg
data/raw/pool/neg_coco_photos_00938.jpg,0,train,data/raw/pool/neg_coco_photos_00938.jpg
data/raw/pool/neg_coco_photos_00939.jpg,0,train,data/raw/pool/neg_coco_photos_00939.jpg
data/raw/pool/neg_coco_photos_00941.jpg,0,train,data/raw/pool/neg_coco_photos_00941.jpg
data/raw/pool/neg_coco_photos_00942.jpg,0,train,data/raw/pool/neg_coco_photos_00942.jpg
data/raw/pool/neg_coco_photos_00943.jpg,0,train,data/raw/pool/neg_coco_photos_00943.jpg
data/raw/pool/neg_coco_photos_00944.jpg,0,train,data/raw/pool/neg_coco_photos_00944.jpg
data/raw/pool/neg_coco_photos_00946.jpg,0,train,data/raw/pool/neg_coco_photos_00946.jpg
data/raw/pool/neg_coco_photos_00948.jpg,0,train,data/raw/pool/neg_coco_photos_00948.jpg
data/raw/pool/neg_coco_photos_00949.jpg,0,train,data/raw/pool/neg_coco_photos_00949.jpg
data/raw/pool/neg_coco_photos_00950.jpg,0,train,data/raw/pool/neg_coco_photos_00950.jpg
data/raw/pool/neg_coco_photos_00951.jpg,0,train,data/raw/pool/neg_coco_photos_00951.jpg
data/raw/pool/neg_coco_photos_00952.jpg,0,train,data/raw/pool/neg_coco_photos_00952.jpg
data/raw/pool/neg_coco_photos_00953.jpg,0,train,data/raw/pool/neg_coco_photos_00953.jpg
data/raw/pool/neg_coco_photos_00955.jpg,0,train,data/raw/pool/neg_coco_photos_00955.jpg
data/raw/pool/neg_coco_photos_00956.jpg,0,train,data/raw/pool/neg_coco_photos_00956.jpg
data/raw/pool/neg_coco_photos_00957.jpg,0,train,data/raw/pool/neg_coco_photos_00957.jpg
data/raw/pool/neg_coco_photos_00958.jpg,0,train,data/raw/pool/neg_coco_photos_00958.jpg
data/raw/pool/neg_coco_photos_00959.jpg,0,train,data/raw/pool/neg_coco_photos_00959.jpg
data/raw/pool/neg_coco_photos_00961.jpg,0,train,data/raw/pool/neg_coco_photos_00961.jpg
data/raw/pool/neg_coco_photos_00962.jpg,0,train,data/raw/pool/neg_coco_photos_00962.jpg
data/raw/pool/neg_coco_photos_00963.jpg,0,train,data/raw/pool/neg_coco_photos_00963.jpg
data/raw/pool/neg_coco_photos_00964.jpg,0,train,data/raw/pool/neg_coco_photos_00964.jpg
data/raw/pool/neg_coco_photos_00965.jpg,0,train,data/raw/pool/neg_coco_photos_00965.jpg
data/raw/pool/neg_coco_photos_00966.jpg,0,train,data/raw/pool/neg_coco_photos_00966.jpg
data/raw/pool/neg_coco_photos_00968.jpg,0,train,data/raw/pool/neg_coco_photos_00968.jpg
data/raw/pool/neg_coco_photos_00969.jpg,0,train,data/raw/pool/neg_coco_photos_00969.jpg
data/raw/pool/neg_coco_photos_00970.jpg,0,train,data/raw/pool/neg_coco_photos_00970.jpg
data/raw/pool/neg_coco_photos_00971.jpg,0,train,data/raw/pool/neg_coco_photos_00971.jpg
data/raw/pool/neg_coco_photos_00972.jpg,0,train,data/raw/pool/neg_coco_photos_00972.jpg
data/raw/pool/neg_coco_photos_00973.jpg,0,train,data/raw/pool/neg_coco_photos_00973.jpg
data/raw/pool/neg_coco_photos_00974.jpg,0,train,data/raw/pool/neg_coco_photos_00974.jpg
data/raw/pool/neg_coco_photos_00975.jpg,0,train,data/raw/pool/neg_coco_photos_00975.jpg
data/raw/pool/neg_coco_photos_00976.jpg,0,train,data/raw/pool/neg_coco_photos_00976.jpg
data/raw/pool/neg_coco_photos_00977.jpg,0,train,data/raw/pool/neg_coco_photos_00977.jpg
data/raw/pool/neg_coco_photos_00978.jpg,0,train,data/raw/pool/neg_coco_photos_00978.jpg
data/raw/pool/neg_coco_photos_00979.jpg,0,train,data/raw/pool/neg_coco_photos_00979.jpg
data/raw/pool/neg_coco_photos_00980.jpg,0,train,data/raw/pool/neg_coco_photos_00980.jpg
data/raw/pool/neg_coco_photos_00981.jpg,0,train,data/raw/pool/neg_coco_photos_00981.jpg
data/raw/pool/neg_coco_photos_00983.jpg,0,train,data/raw/pool/neg_coco_photos_00983.jpg
data/raw/pool/neg_coco_photos_00984.jpg,0,train,data/raw/pool/neg_coco_photos_00984.jpg
data/raw/pool/neg_coco_photos_00987.jpg,0,train,data/raw/pool/neg_coco_photos_00987.jpg
data/raw/pool/neg_coco_photos_00988.jpg,0,train,data/raw/pool/neg_coco_photos_00988.jpg
data/raw/pool/neg_coco_photos_00990.jpg,0,train,data/raw/pool/neg_coco_photos_00990.jpg
data/raw/pool/neg_coco_photos_00992.jpg,0,train,data/raw/pool/neg_coco_photos_00992.jpg
data/raw/pool/neg_coco_photos_00993.jpg,0,train,data/raw/pool/neg_coco_photos_00993.jpg
data/raw/pool/neg_coco_photos_00995.jpg,0,train,data/raw/pool/neg_coco_photos_00995.jpg
data/raw/pool/neg_coco_photos_00996.jpg,0,train,data/raw/pool/neg_coco_photos_00996.jpg
data/raw/pool/neg_coco_photos_00997.jpg,0,train,data/raw/pool/neg_coco_photos_00997.jpg
data/raw/pool/neg_coco_photos_00998.jpg,0,train,data/raw/pool/neg_coco_photos_00998.jpg
data/raw/pool/neg_coco_photos_00999.jpg,0,train,data/raw/pool/neg_coco_photos_00999.jpg
data/raw/pool/neg_coco_photos_01000.jpg,0,train,data/raw/pool/neg_coco_photos_01000.jpg
data/raw/pool/neg_coco_photos_01001.jpg,0,train,data/raw/pool/neg_coco_photos_01001.jpg
data/raw/pool/neg_coco_photos_01002.jpg,0,train,data/raw/pool/neg_coco_photos_01002.jpg
data/raw/pool/neg_coco_photos_01003.jpg,0,train,data/raw/pool/neg_coco_photos_01003.jpg
data/raw/pool/neg_coco_photos_01004.jpg,0,train,data/raw/pool/neg_coco_photos_01004.jpg
data/raw/pool/neg_coco_photos_01005.jpg,0,train,data/raw/pool/neg_coco_photos_01005.jpg
data/raw/pool/neg_coco_photos_01006.jpg,0,train,data/raw/pool/neg_coco_photos_01006.jpg
data/raw/pool/neg_coco_photos_01007.jpg,0,train,data/raw/pool/neg_coco_photos_01007.jpg
data/raw/pool/neg_coco_photos_01008.jpg,0,train,data/raw/pool/neg_coco_photos_01008.jpg
data/raw/pool/neg_coco_photos_01009.jpg,0,train,data/raw/pool/neg_coco_photos_01009.jpg
data/raw/pool/neg_coco_photos_01010.jpg,0,train,data/raw/pool/neg_coco_photos_01010.jpg
data/raw/pool/neg_coco_photos_01011.jpg,0,train,data/raw/pool/neg_coco_photos_01011.jpg
data/raw/pool/neg_coco_photos_01012.jpg,0,train,data/raw/pool/neg_coco_photos_01012.jpg
data/raw/pool/neg_coco_photos_01013.jpg,0,train,data/raw/pool/neg_coco_photos_01013.jpg
data/raw/pool/neg_coco_photos_01014.jpg,0,train,data/raw/pool/neg_coco_photos_01014.jpg
data/raw/pool/neg_coco_photos_01015.jpg,0,train,data/raw/pool/neg_coco_photos_01015.jpg
data/raw/pool/neg_coco_photos_01018.jpg,0,train,data/raw/pool/neg_coco_photos_01018.jpg
data/raw/pool/neg_coco_photos_01019.jpg,0,train,data/raw/pool/neg_coco_photos_01019.jpg
data/raw/pool/neg_coco_photos_01020.jpg,0,train,data/raw/pool/neg_coco_photos_01020.jpg
data/raw/pool/neg_coco_photos_01021.jpg,0,train,data/raw/pool/neg_coco_photos_01021.jpg
data/raw/pool/neg_coco_photos_01022.jpg,0,train,data/raw/pool/neg_coco_photos_01022.jpg
data/raw/pool/neg_coco_photos_01024.jpg,0,train,data/raw/pool/neg_coco_photos_01024.jpg
data/raw/pool/neg_coco_photos_01025.jpg,0,train,data/raw/pool/neg_coco_photos_01025.jpg
data/raw/pool/neg_coco_photos_01026.jpg,0,train,data/raw/pool/neg_coco_photos_01026.jpg
data/raw/pool/neg_coco_photos_01027.jpg,0,train,data/raw/pool/neg_coco_photos_01027.jpg
data/raw/pool/neg_coco_photos_01028.jpg,0,train,data/raw/pool/neg_coco_photos_01028.jpg
data/raw/pool/neg_coco_photos_01029.jpg,0,train,data/raw/pool/neg_coco_photos_01029.jpg
data/raw/pool/neg_coco_photos_01030.jpg,0,train,data/raw/pool/neg_coco_photos_01030.jpg
data/raw/pool/neg_coco_photos_01031.jpg,0,train,data/raw/pool/neg_coco_photos_01031.jpg
data/raw/pool/neg_coco_photos_01032.jpg,0,train,data/raw/pool/neg_coco_photos_01032.jpg
data/raw/pool/neg_coco_photos_01033.jpg,0,train,data/raw/pool/neg_coco_photos_01033.jpg
data/raw/pool/neg_coco_photos_01034.jpg,0,train,data/raw/pool/neg_coco_photos_01034.jpg
data/raw/pool/neg_coco_photos_01035.jpg,0,train,data/raw/pool/neg_coco_photos_01035.jpg
data/raw/pool/neg_coco_photos_01036.jpg,0,train,data/raw/pool/neg_coco_photos_01036.jpg
data/raw/pool/neg_coco_photos_01037.jpg,0,train,data/raw/pool/neg_coco_photos_01037.jpg
data/raw/pool/neg_coco_photos_01039.jpg,0,train,data/raw/pool/neg_coco_photos_01039.jpg
data/raw/pool/neg_coco_photos_01040.jpg,0,train,data/raw/pool/neg_coco_photos_01040.jpg
data/raw/pool/neg_coco_photos_01041.jpg,0,train,data/raw/pool/neg_coco_photos_01041.jpg
data/raw/pool/neg_coco_photos_01042.jpg,0,train,data/raw/pool/neg_coco_photos_01042.jpg
data/raw/pool/neg_coco_photos_01043.jpg,0,train,data/raw/pool/neg_coco_photos_01043.jpg
data/raw/pool/neg_coco_photos_01045.jpg,0,train,data/raw/pool/neg_coco_photos_01045.jpg
data/raw/pool/neg_coco_photos_01046.jpg,0,train,data/raw/pool/neg_coco_photos_01046.jpg
data/raw/pool/neg_coco_photos_01049.jpg,0,train,data/raw/pool/neg_coco_photos_01049.jpg
data/raw/pool/neg_coco_photos_01050.jpg,0,train,data/raw/pool/neg_coco_photos_01050.jpg
data/raw/pool/neg_coco_photos_01052.jpg,0,train,data/raw/pool/neg_coco_photos_01052.jpg
data/raw/pool/neg_coco_photos_01053.jpg,0,train,data/raw/pool/neg_coco_photos_01053.jpg
data/raw/pool/neg_coco_photos_01054.jpg,0,train,data/raw/pool/neg_coco_photos_01054.jpg
data/raw/pool/neg_coco_photos_01055.jpg,0,train,data/raw/pool/neg_coco_photos_01055.jpg
data/raw/pool/neg_coco_photos_01056.jpg,0,train,data/raw/pool/neg_coco_photos_01056.jpg
data/raw/pool/neg_coco_photos_01057.jpg,0,train,data/raw/pool/neg_coco_photos_01057.jpg
data/raw/pool/neg_coco_photos_01058.jpg,0,train,data/raw/pool/neg_coco_photos_01058.jpg
data/raw/pool/neg_coco_photos_01059.jpg,0,train,data/raw/pool/neg_coco_photos_01059.jpg
data/raw/pool/neg_coco_photos_01060.jpg,0,train,data/raw/pool/neg_coco_photos_01060.jpg
data/raw/pool/neg_coco_photos_01061.jpg,0,train,data/raw/pool/neg_coco_photos_01061.jpg
data/raw/pool/neg_coco_photos_01062.jpg,0,train,data/raw/pool/neg_coco_photos_01062.jpg
data/raw/pool/neg_coco_photos_01063.jpg,0,train,data/raw/pool/neg_coco_photos_01063.jpg
data/raw/pool/neg_coco_photos_01064.jpg,0,train,data/raw/pool/neg_coco_photos_01064.jpg
data/raw/pool/neg_coco_photos_01065.jpg,0,train,data/raw/pool/neg_coco_photos_01065.jpg
data/raw/pool/neg_coco_photos_01066.jpg,0,train,data/raw/pool/neg_coco_photos_01066.jpg
data/raw/pool/neg_coco_photos_01067.jpg,0,train,data/raw/pool/neg_coco_photos_01067.jpg
data/raw/pool/neg_coco_photos_01068.jpg,0,train,data/raw/pool/neg_coco_photos_01068.jpg
data/raw/pool/neg_coco_photos_01069.jpg,0,train,data/raw/pool/neg_coco_photos_01069.jpg
data/raw/pool/neg_coco_photos_01070.jpg,0,train,data/raw/pool/neg_coco_photos_01070.jpg
data/raw/pool/neg_coco_photos_01072.jpg,0,train,data/raw/pool/neg_coco_photos_01072.jpg
data/raw/pool/neg_coco_photos_01073.jpg,0,train,data/raw/pool/neg_coco_photos_01073.jpg
data/raw/pool/neg_coco_photos_01074.jpg,0,train,data/raw/pool/neg_coco_photos_01074.jpg
data/raw/pool/neg_coco_photos_01075.jpg,0,train,data/raw/pool/neg_coco_photos_01075.jpg
data/raw/pool/neg_coco_photos_01077.jpg,0,train,data/raw/pool/neg_coco_photos_01077.jpg
data/raw/pool/neg_coco_photos_01078.jpg,0,train,data/raw/pool/neg_coco_photos_01078.jpg
data/raw/pool/neg_coco_photos_01079.jpg,0,train,data/raw/pool/neg_coco_photos_01079.jpg
data/raw/pool/neg_coco_photos_01080.jpg,0,train,data/raw/pool/neg_coco_photos_01080.jpg
data/raw/pool/neg_coco_photos_01081.jpg,0,train,data/raw/pool/neg_coco_photos_01081.jpg
data/raw/pool/neg_coco_photos_01083.jpg,0,train,data/raw/pool/neg_coco_photos_01083.jpg
data/raw/pool/neg_coco_photos_01084.jpg,0,train,data/raw/pool/neg_coco_photos_01084.jpg
data/raw/pool/neg_coco_photos_01085.jpg,0,train,data/raw/pool/neg_coco_photos_01085.jpg
data/raw/pool/neg_coco_photos_01086.jpg,0,train,data/raw/pool/neg_coco_photos_01086.jpg
data/raw/pool/neg_coco_photos_01087.jpg,0,train,data/raw/pool/neg_coco_photos_01087.jpg
data/raw/pool/neg_coco_photos_01088.jpg,0,train,data/raw/pool/neg_coco_photos_01088.jpg
data/raw/pool/neg_coco_photos_01089.jpg,0,train,data/raw/pool/neg_coco_photos_01089.jpg
data/raw/pool/neg_coco_photos_01090.jpg,0,train,data/raw/pool/neg_coco_photos_01090.jpg
data/raw/pool/neg_coco_photos_01091.jpg,0,train,data/raw/pool/neg_coco_photos_01091.jpg
data/raw/pool/neg_coco_photos_01092.jpg,0,train,data/raw/pool/neg_coco_photos_01092.jpg
data/raw/pool/neg_coco_photos_01093.jpg,0,train,data/raw/pool/neg_coco_photos_01093.jpg
data/raw/pool/neg_coco_photos_01094.jpg,0,train,data/raw/pool/neg_coco_photos_01094.jpg
data/raw/pool/neg_coco_photos_01095.jpg,0,train,data/raw/pool/neg_coco_photos_01095.jpg
data/raw/pool/neg_coco_photos_01096.jpg,0,train,data/raw/pool/neg_coco_photos_01096.jpg
data/raw/pool/neg_coco_photos_01097.jpg,0,train,data/raw/pool/neg_coco_photos_01097.jpg
data/raw/pool/neg_coco_photos_01098.jpg,0,train,data/raw/pool/neg_coco_photos_01098.jpg
data/raw/pool/neg_coco_photos_01100.jpg,0,train,data/raw/pool/neg_coco_photos_01100.jpg
data/raw/pool/neg_coco_photos_01101.jpg,0,train,data/raw/pool/neg_coco_photos_01101.jpg
data/raw/pool/neg_coco_photos_01102.jpg,0,train,data/raw/pool/neg_coco_photos_01102.jpg
data/raw/pool/neg_coco_photos_01103.jpg,0,train,data/raw/pool/neg_coco_photos_01103.jpg
data/raw/pool/neg_coco_photos_01105.jpg,0,train,data/raw/pool/neg_coco_photos_01105.jpg
data/raw/pool/neg_coco_photos_01106.jpg,0,train,data/raw/pool/neg_coco_photos_01106.jpg
data/raw/pool/neg_coco_photos_01107.jpg,0,train,data/raw/pool/neg_coco_photos_01107.jpg
data/raw/pool/neg_coco_photos_01109.jpg,0,train,data/raw/pool/neg_coco_photos_01109.jpg
data/raw/pool/neg_coco_photos_01111.jpg,0,train,data/raw/pool/neg_coco_photos_01111.jpg
data/raw/pool/neg_coco_photos_01112.jpg,0,train,data/raw/pool/neg_coco_photos_01112.jpg
data/raw/pool/neg_coco_photos_01113.jpg,0,train,data/raw/pool/neg_coco_photos_01113.jpg
data/raw/pool/neg_coco_photos_01114.jpg,0,train,data/raw/pool/neg_coco_photos_01114.jpg
data/raw/pool/neg_coco_photos_01115.jpg,0,train,data/raw/pool/neg_coco_photos_01115.jpg
data/raw/pool/neg_coco_photos_01116.jpg,0,train,data/raw/pool/neg_coco_photos_01116.jpg
data/raw/pool/neg_coco_photos_01117.jpg,0,train,data/raw/pool/neg_coco_photos_01117.jpg
data/raw/pool/neg_coco_photos_01118.jpg,0,train,data/raw/pool/neg_coco_photos_01118.jpg
data/raw/pool/neg_coco_photos_01119.jpg,0,train,data/raw/pool/neg_coco_photos_01119.jpg
data/raw/pool/neg_coco_photos_01120.jpg,0,train,data/raw/pool/neg_coco_photos_01120.jpg
data/raw/pool/neg_coco_photos_01123.jpg,0,train,data/raw/pool/neg_coco_photos_01123.jpg
data/raw/pool/neg_coco_photos_01124.jpg,0,train,data/raw/pool/neg_coco_photos_01124.jpg
data/raw/pool/neg_coco_photos_01125.jpg,0,train,data/raw/pool/neg_coco_photos_01125.jpg
data/raw/pool/neg_coco_photos_01126.jpg,0,train,data/raw/pool/neg_coco_photos_01126.jpg
data/raw/pool/neg_coco_photos_01127.jpg,0,train,data/raw/pool/neg_coco_photos_01127.jpg
data/raw/pool/neg_coco_photos_01128.jpg,0,train,data/raw/pool/neg_coco_photos_01128.jpg
data/raw/pool/neg_coco_photos_01129.jpg,0,train,data/raw/pool/neg_coco_photos_01129.jpg
data/raw/pool/neg_coco_photos_01132.jpg,0,train,data/raw/pool/neg_coco_photos_01132.jpg
data/raw/pool/neg_coco_photos_01133.jpg,0,train,data/raw/pool/neg_coco_photos_01133.jpg
data/raw/pool/neg_coco_photos_01134.jpg,0,train,data/raw/pool/neg_coco_photos_01134.jpg
data/raw/pool/neg_coco_photos_01135.jpg,0,train,data/raw/pool/neg_coco_photos_01135.jpg
data/raw/pool/neg_coco_photos_01136.jpg,0,train,data/raw/pool/neg_coco_photos_01136.jpg
data/raw/pool/neg_coco_photos_01137.jpg,0,train,data/raw/pool/neg_coco_photos_01137.jpg
data/raw/pool/neg_coco_photos_01138.jpg,0,train,data/raw/pool/neg_coco_photos_01138.jpg
data/raw/pool/neg_coco_photos_01139.jpg,0,train,data/raw/pool/neg_coco_photos_01139.jpg
data/raw/pool/neg_coco_photos_01140.jpg,0,train,data/raw/pool/neg_coco_photos_01140.jpg
data/raw/pool/neg_coco_photos_01141.jpg,0,train,data/raw/pool/neg_coco_photos_01141.jpg
data/raw/pool/neg_coco_photos_01143.jpg,0,train,data/raw/pool/neg_coco_photos_01143.jpg
data/raw/pool/neg_coco_photos_01144.jpg,0,train,data/raw/pool/neg_coco_photos_01144.jpg
data/raw/pool/neg_coco_photos_01147.jpg,0,train,data/raw/pool/neg_coco_photos_01147.jpg
data/raw/pool/neg_coco_photos_01148.jpg,0,train,data/raw/pool/neg_coco_photos_01148.jpg
data/raw/pool/neg_coco_photos_01149.jpg,0,train,data/raw/pool/neg_coco_photos_01149.jpg
data/raw/pool/neg_coco_photos_01150.jpg,0,train,data/raw/pool/neg_coco_photos_01150.jpg
data/raw/pool/neg_coco_photos_01153.jpg,0,train,data/raw/pool/neg_coco_photos_01153.jpg
data/raw/pool/neg_coco_photos_01154.jpg,0,train,data/raw/pool/neg_coco_photos_01154.jpg
data/raw/pool/neg_coco_photos_01155.jpg,0,train,data/raw/pool/neg_coco_photos_01155.jpg
data/raw/pool/neg_coco_photos_01156.jpg,0,train,data/raw/pool/neg_coco_photos_01156.jpg
data/raw/pool/neg_coco_photos_01157.jpg,0,train,data/raw/pool/neg_coco_photos_01157.jpg
data/raw/pool/neg_coco_photos_01158.jpg,0,train,data/raw/pool/neg_coco_photos_01158.jpg
data/raw/pool/neg_coco_photos_01159.jpg,0,train,data/raw/pool/neg_coco_photos_01159.jpg
data/raw/pool/neg_coco_photos_01160.jpg,0,train,data/raw/pool/neg_coco_photos_01160.jpg
data/raw/pool/neg_coco_photos_01161.jpg,0,train,data/raw/pool/neg_coco_photos_01161.jpg
data/raw/pool/neg_coco_photos_01162.jpg,0,train,data/raw/pool/neg_coco_photos_01162.jpg
data/raw/pool/neg_coco_photos_01163.jpg,0,train,data/raw/pool/neg_coco_photos_01163.jpg
data/raw/pool/neg_coco_photos_01164.jpg,0,train,data/raw/pool/neg_coco_photos_01164.jpg
data/raw/pool/neg_coco_photos_01166.jpg,0,train,data/raw/pool/neg_coco_photos_01166.jpg
data/raw/pool/neg_coco_photos_01168.jpg,0,train,data/raw/pool/neg_coco_photos_01168.jpg
data/raw/pool/neg_coco_photos_01169.jpg,0,train,data/raw/pool/neg_coco_photos_01169.jpg
data/raw/pool/neg_coco_photos_01170.jpg,0,train,data/raw/pool/neg_coco_photos_01170.jpg
data/raw/pool/neg_coco_photos_01171.jpg,0,train,data/raw/pool/neg_coco_photos_01171.jpg
data/raw/pool/neg_coco_photos_01172.jpg,0,train,data/raw/pool/neg_coco_photos_01172.jpg
data/raw/pool/neg_coco_photos_01173.jpg,0,train,data/raw/pool/neg_coco_photos_01173.jpg
data/raw/pool/neg_coco_photos_01175.jpg,0,train,data/raw/pool/neg_coco_photos_01175.jpg
data/raw/pool/neg_coco_photos_01176.jpg,0,train,data/raw/pool/neg_coco_photos_01176.jpg
data/raw/pool/neg_coco_photos_01177.jpg,0,train,data/raw/pool/neg_coco_photos_01177.jpg
data/raw/pool/neg_coco_photos_01178.jpg,0,train,data/raw/pool/neg_coco_photos_01178.jpg
data/raw/pool/neg_coco_photos_01179.jpg,0,train,data/raw/pool/neg_coco_photos_01179.jpg
data/raw/pool/neg_coco_photos_01180.jpg,0,train,data/raw/pool/neg_coco_photos_01180.jpg
data/raw/pool/neg_coco_photos_01182.jpg,0,train,data/raw/pool/neg_coco_photos_01182.jpg
data/raw/pool/neg_coco_photos_01183.jpg,0,train,data/raw/pool/neg_coco_photos_01183.jpg
data/raw/pool/neg_coco_photos_01184.jpg,0,train,data/raw/pool/neg_coco_photos_01184.jpg
data/raw/pool/neg_coco_photos_01185.jpg,0,train,data/raw/pool/neg_coco_photos_01185.jpg
data/raw/pool/neg_coco_photos_01186.jpg,0,train,data/raw/pool/neg_coco_photos_01186.jpg
data/raw/pool/neg_coco_photos_01187.jpg,0,train,data/raw/pool/neg_coco_photos_01187.jpg
data/raw/pool/neg_coco_photos_01188.jpg,0,train,data/raw/pool/neg_coco_photos_01188.jpg
data/raw/pool/neg_coco_photos_01189.jpg,0,train,data/raw/pool/neg_coco_photos_01189.jpg
data/raw/pool/neg_coco_photos_01190.jpg,0,train,data/raw/pool/neg_coco_photos_01190.jpg
data/raw/pool/neg_coco_photos_01192.jpg,0,train,data/raw/pool/neg_coco_photos_01192.jpg
data/raw/pool/neg_coco_photos_01193.jpg,0,train,data/raw/pool/neg_coco_photos_01193.jpg
data/raw/pool/neg_coco_photos_01194.jpg,0,train,data/raw/pool/neg_coco_photos_01194.jpg
data/raw/pool/neg_coco_photos_01195.jpg,0,train,data/raw/pool/neg_coco_photos_01195.jpg
data/raw/pool/neg_coco_photos_01196.jpg,0,train,data/raw/pool/neg_coco_photos_01196.jpg
data/raw/pool/neg_coco_photos_01197.jpg,0,train,data/raw/pool/neg_coco_photos_01197.jpg
data/raw/pool/neg_coco_photos_01198.jpg,0,train,data/raw/pool/neg_coco_photos_01198.jpg
data/raw/pool/syn_hard_pos_00000.jpg,1,train,data/raw/pool/pos_rvlcdip_invoice_00781.jpg
data/raw/pool/syn_hard_pos_00001.jpg,1,train,data/raw/pool/pos_rvlcdip_invoice_00430.jpg
data/raw/pool/syn_hard_pos_00002.jpg,1,train,data/raw/pool/pos_sroie_receipts_00039.jpg
data/raw/pool/syn_hard_pos_00006.jpg,1,train,data/raw/pool/pos_sroie_receipts_00149.jpg
data/raw/pool/syn_hard_pos_00007.jpg,1,train,data/raw/pool/pos_rvlcdip_invoice_01335.jpg
data/raw/pool/syn_hard_pos_00008.jpg,1,train,data/raw/pool/pos_sroie_receipts_00550.jpg
data/raw/pool/syn_hard_pos_00009.jpg,1,train,data/raw/pool/pos_rvlcdip_invoice_00400.jpg
data/raw/pool/syn_hard_pos_00010.jpg,1,train,data/raw/pool/pos_rvlcdip_invoice_01094.jpg
data/raw/pool/syn_hard_pos_00011.jpg,1,train,data/raw/pool/pos_cord_receipts_00001.jpg
data/raw/pool/syn_hard_pos_00013.jpg,1,train,data/raw/pool/pos_rvlcdip_invoice_01592.jpg
data/raw/pool/syn_hard_pos_00015.jpg,1,train,data/raw/pool/pos_rvlcdip_invoice_00915.jpg
data/raw/pool/syn_hard_pos_00016.jpg,1,train,data/raw/pool/pos_rvlcdip_invoice_00241.jpg
data/raw/pool/syn_hard_pos_00019.jpg,1,train,data/raw/pool/pos_rvlcdip_invoice_00816.jpg
data/raw/pool/syn_hard_pos_00022.jpg,1,train,data/raw/pool/pos_rvlcdip_invoice_00307.jpg
data/raw/pool/syn_hard_pos_00023.jpg,1,train,data/raw/pool/pos_rvlcdip_invoice_01568.jpg
data/raw/pool/syn_hard_pos_00024.jpg,1,train,data/raw/pool/pos_rvlcdip_invoice_00051.jpg
data/raw/pool/syn_hard_pos_00025.jpg,1,train,data/raw/pool/pos_rvlcdip_invoice_01654.jpg
data/raw/pool/syn_hard_pos_00026.jpg,1,train,data/raw/pool/pos_rvlcdip_invoice_00585.jpg
data/raw/pool/syn_hard_pos_00028.jpg,1,train,data/raw/pool/pos_rvlcdip_invoice_00023.jpg
data/raw/pool/syn_hard_pos_00029.jpg,1,train,data/raw/pool/pos_rvlcdip_invoice_00106.jpg
data/raw/pool/syn_hard_pos_00031.jpg,1,train,data/raw/pool/pos_rvlcdip_invoice_01127.jpg
data/raw/pool/syn_hard_pos_00033.jpg,1,train,data/raw/pool/pos_rvlcdip_invoice_01176.jpg
data/raw/pool/syn_hard_pos_00034.jpg,1,train,data/raw/pool/pos_rvlcdip_invoice_00520.jpg
data/raw/pool/syn_hard_pos_00035.jpg,1,train,data/raw/pool/pos_rvlcdip_invoice_01547.jpg
data/raw/pool/syn_hard_pos_00036.jpg,1,train,data/raw/pool/pos_rvlcdip_invoice_01122.jpg
data/raw/pool/syn_hard_pos_00039.jpg,1,train,data/raw/pool/pos_rvlcdip_invoice_01417.jpg
data/raw/pool/syn_hard_pos_00040.jpg,1,train,data/raw/pool/pos_rvlcdip_invoice_00398.jpg
data/raw/pool/syn_hard_pos_00041.jpg,1,train,data/raw/pool/pos_rvlcdip_invoice_00008.jpg
data/raw/pool/syn_hard_pos_00042.jpg,1,train,data/raw/pool/pos_rvlcdip_invoice_00386.jpg
data/raw/pool/syn_hard_pos_00043.jpg,1,train,data/raw/pool/pos_rvlcdip_invoice_01674.jpg
data/raw/pool/syn_hard_pos_00044.jpg,1,train,data/raw/pool/pos_rvlcdip_invoice_00535.jpg
data/raw/pool/syn_hard_pos_00045.jpg,1,train,data/raw/pool/pos_rvlcdip_invoice_00698.jpg
data/raw/pool/syn_hard_pos_00046.jpg,1,train,data/raw/pool/pos_sroie_receipts_00313.jpg
data/raw/pool/syn_hard_pos_00049.jpg,1,train,data/raw/pool/pos_rvlcdip_invoice_01002.jpg
data/raw/pool/syn_hard_pos_00050.jpg,1,train,data/raw/pool/pos_sroie_receipts_00442.jpg
data/raw/pool/syn_hard_pos_00051.jpg,1,train,data/raw/pool/pos_rvlcdip_invoice_00620.jpg
data/raw/pool/syn_hard_pos_00052.jpg,1,train,data/raw/pool/pos_rvlcdip_invoice_00623.jpg
data/raw/pool/syn_hard_pos_00053.jpg,1,train,data/raw/pool/pos_rvlcdip_invoice_00294.jpg
data/raw/pool/syn_hard_pos_00057.jpg,1,train,data/raw/pool/pos_rvlcdip_invoice_01390.jpg
data/raw/pool/syn_hard_pos_00060.jpg,1,train,data/raw/pool/pos_rvlcdip_invoice_00687.jpg
data/raw/pool/syn_hard_pos_00061.jpg,1,train,data/raw/pool/pos_rvlcdip_invoice_01186.jpg
data/raw/pool/syn_hard_pos_00062.jpg,1,train,data/raw/pool/pos_rvlcdip_invoice_00236.jpg
data/raw/pool/syn_hard_pos_00063.jpg,1,train,data/raw/pool/pos_rvlcdip_invoice_00037.jpg
data/raw/pool/syn_hard_pos_00064.jpg,1,train,data/raw/pool/pos_rvlcdip_invoice_00196.jpg
data/raw/pool/syn_hard_pos_00065.jpg,1,train,data/raw/pool/pos_rvlcdip_invoice_00993.jpg
data/raw/pool/syn_hard_pos_00066.jpg,1,train,data/raw/pool/pos_rvlcdip_invoice_01702.jpg
data/raw/pool/syn_hard_pos_00069.jpg,1,train,data/raw/pool/pos_sroie_receipts_00068.jpg
data/raw/pool/syn_hard_pos_00072.jpg,1,train,data/raw/pool/pos_rvlcdip_invoice_01447.jpg
data/raw/pool/syn_hard_pos_00073.jpg,1,train,data/raw/pool/pos_rvlcdip_invoice_00149.jpg
data/raw/pool/syn_hard_pos_00074.jpg,1,train,data/raw/pool/pos_sroie_receipts_00450.jpg
data/raw/pool/syn_hard_pos_00075.jpg,1,train,data/raw/pool/pos_rvlcdip_invoice_00257.jpg
data/raw/pool/syn_hard_pos_00076.jpg,1,train,data/raw/pool/pos_rvlcdip_invoice_00213.jpg
data/raw/pool/syn_hard_pos_00077.jpg,1,train,data/raw/pool/pos_rvlcdip_invoice_01302.jpg
data/raw/pool/syn_hard_pos_00078.jpg,1,train,data/raw/pool/pos_cord_receipts_00062.jpg
data/raw/pool/syn_hard_pos_00080.jpg,1,train,data/raw/pool/pos_sroie_receipts_00174.jpg
data/raw/pool/syn_hard_pos_00081.jpg,1,train,data/raw/pool/pos_rvlcdip_invoice_00733.jpg
data/raw/pool/syn_hard_pos_00082.jpg,1,train,data/raw/pool/pos_rvlcdip_invoice_01064.jpg
data/raw/pool/syn_hard_pos_00083.jpg,1,train,data/raw/pool/pos_rvlcdip_invoice_01745.jpg
data/raw/pool/syn_hard_pos_00084.jpg,1,train,data/raw/pool/pos_rvlcdip_invoice_01542.jpg
data/raw/pool/syn_hard_pos_00085.jpg,1,train,data/raw/pool/pos_sroie_receipts_00372.jpg
data/raw/pool/syn_hard_pos_00086.jpg,1,train,data/raw/pool/pos_rvlcdip_invoice_01451.jpg
data/raw/pool/syn_hard_pos_00087.jpg,1,train,data/raw/pool/pos_rvlcdip_invoice_00096.jpg
data/raw/pool/syn_hard_pos_00088.jpg,1,train,data/raw/pool/pos_rvlcdip_invoice_00456.jpg
data/raw/pool/syn_hard_pos_00089.jpg,1,train,data/raw/pool/pos_rvlcdip_invoice_00782.jpg
data/raw/pool/syn_hard_pos_00090.jpg,1,train,data/raw/pool/pos_rvlcdip_invoice_00715.jpg
data/raw/pool/syn_hard_pos_00091.jpg,1,train,data/raw/pool/pos_rvlcdip_invoice_01347.jpg
data/raw/pool/syn_hard_pos_00092.jpg,1,train,data/raw/pool/pos_sroie_receipts_00192.jpg
data/raw/pool/syn_hard_pos_00094.jpg,1,train,data/raw/pool/pos_rvlcdip_invoice_00349.jpg
data/raw/pool/syn_hard_pos_00095.jpg,1,train,data/raw/pool/pos_rvlcdip_invoice_00576.jpg
data/raw/pool/syn_hard_pos_00096.jpg,1,train,data/raw/pool/pos_rvlcdip_invoice_00589.jpg
data/raw/pool/syn_hard_pos_00099.jpg,1,train,data/raw/pool/pos_rvlcdip_invoice_00734.jpg
data/raw/pool/syn_hard_pos_00100.jpg,1,train,data/raw/pool/pos_rvlcdip_invoice_01175.jpg
data/raw/pool/syn_hard_pos_00101.jpg,1,train,data/raw/pool/pos_cord_receipts_00471.jpg
data/raw/pool/syn_hard_pos_00103.jpg,1,train,data/raw/pool/pos_rvlcdip_invoice_00891.jpg
data/raw/pool/syn_hard_pos_00104.jpg,1,train,data/raw/pool/pos_sroie_receipts_00017.jpg
data/raw/pool/syn_hard_pos_00105.jpg,1,train,data/raw/pool/pos_sroie_receipts_00195.jpg
data/raw/pool/syn_hard_pos_00106.jpg,1,train,data/raw/pool/pos_sroie_receipts_00218.jpg
data/raw/pool/syn_hard_pos_00107.jpg,1,train,data/raw/pool/pos_rvlcdip_invoice_00793.jpg
data/raw/pool/syn_hard_pos_00109.jpg,0,train,data/raw/pool/neg_rvlcdip_other_00380.jpg
data/raw/pool/syn_hard_pos_00110.jpg,1,train,data/raw/pool/pos_rvlcdip_invoice_00868.jpg
data/raw/pool/syn_hard_pos_00111.jpg,1,train,data/raw/pool/pos_sroie_receipts_00090.jpg
data/raw/pool/syn_hard_pos_00112.jpg,1,train,data/raw/pool/pos_sroie_receipts_00072.jpg
data/raw/pool/syn_hard_pos_00113.jpg,1,train,data/raw/pool/pos_rvlcdip_invoice_00282.jpg
data/raw/pool/syn_hard_pos_00114.jpg,1,train,data/raw/pool/pos_rvlcdip_invoice_00876.jpg
data/raw/pool/syn_hard_pos_00115.jpg,1,train,data/raw/pool/pos_sroie_receipts_00287.jpg
data/raw/pool/syn_hard_pos_00116.jpg,1,train,data/raw/pool/pos_rvlcdip_invoice_01588.jpg
data/raw/pool/syn_hard_pos_00117.jpg,1,train,data/raw/pool/pos_rvlcdip_invoice_00792.jpg
data/raw/pool/syn_hard_pos_00118.jpg,1,train,data/raw/pool/pos_rvlcdip_invoice_00401.jpg
data/raw/pool/syn_hard_pos_00119.jpg,1,train,data/raw/pool/pos_rvlcdip_invoice_00419.jpg
data/raw/pool/syn_hard_pos_00120.jpg,1,train,data/raw/pool/pos_rvlcdip_invoice_00459.jpg
data/raw/pool/syn_hard_pos_00121.jpg,1,train,data/raw/pool/pos_rvlcdip_invoice_00507.jpg
data/raw/pool/syn_hard_pos_00122.jpg,1,train,data/raw/pool/pos_rvlcdip_invoice_00689.jpg
data/raw/pool/syn_hard_pos_00123.jpg,1,train,data/raw/pool/pos_rvlcdip_invoice_01122.jpg
data/raw/pool/syn_hard_pos_00124.jpg,1,train,data/raw/pool/pos_rvlcdip_invoice_00381.jpg
data/raw/pool/syn_hard_pos_00126.jpg,1,train,data/raw/pool/pos_rvlcdip_invoice_01055.jpg
data/raw/pool/syn_hard_pos_00127.jpg,1,train,data/raw/pool/pos_rvlcdip_invoice_01421.jpg
data/raw/pool/syn_hard_pos_00128.jpg,1,train,data/raw/pool/pos_rvlcdip_invoice_01338.jpg
data/raw/pool/syn_hard_pos_00129.jpg,1,train,data/raw/pool/pos_rvlcdip_invoice_00915.jpg
data/raw/pool/syn_hard_pos_00130.jpg,1,train,data/raw/pool/pos_rvlcdip_invoice_00233.jpg
data/raw/pool/syn_hard_pos_00131.jpg,1,train,data/raw/pool/pos_rvlcdip_invoice_01157.jpg
data/raw/pool/syn_hard_pos_00132.jpg,1,train,data/raw/pool/pos_rvlcdip_invoice_00388.jpg
data/raw/pool/syn_hard_pos_00133.jpg,1,train,data/raw/pool/pos_rvlcdip_invoice_01437.jpg
data/raw/pool/syn_hard_pos_00135.jpg,1,train,data/raw/pool/pos_rvlcdip_invoice_00875.jpg
data/raw/pool/syn_hard_pos_00136.jpg,1,train,data/raw/pool/pos_sroie_receipts_00252.jpg
data/raw/pool/syn_hard_pos_00138.jpg,1,train,data/raw/pool/pos_rvlcdip_invoice_01389.jpg
data/raw/pool/syn_hard_pos_00139.jpg,1,train,data/raw/pool/pos_rvlcdip_invoice_00808.jpg
data/raw/pool/syn_hard_pos_00140.jpg,1,train,data/raw/pool/pos_sroie_receipts_00489.jpg
data/raw/pool/syn_hard_pos_00141.jpg,1,train,data/raw/pool/pos_rvlcdip_invoice_00635.jpg
data/raw/pool/syn_hard_pos_00142.jpg,1,train,data/raw/pool/pos_rvlcdip_invoice_01550.jpg
data/raw/pool/syn_hard_pos_00143.jpg,1,train,data/raw/pool/pos_rvlcdip_invoice_00219.jpg
data/raw/pool/syn_hard_pos_00144.jpg,1,train,data/raw/pool/pos_sroie_receipts_00208.jpg
data/raw/pool/syn_hard_pos_00145.jpg,1,train,data/raw/pool/pos_cord_receipts_00145.jpg
data/raw/pool/syn_hard_pos_00146.jpg,1,train,data/raw/pool/pos_rvlcdip_invoice_00198.jpg
data/raw/pool/syn_hard_pos_00147.jpg,1,train,data/raw/pool/pos_rvlcdip_invoice_01294.jpg
data/raw/pool/syn_hard_pos_00148.jpg,1,train,data/raw/pool/pos_cord_receipts_00098.jpg
data/raw/pool/syn_hard_pos_00150.jpg,1,train,data/raw/pool/pos_sroie_receipts_00026.jpg
data/raw/pool/syn_hard_pos_00151.jpg,1,train,data/raw/pool/pos_rvlcdip_invoice_00564.jpg
data/raw/pool/syn_hard_pos_00152.jpg,1,train,data/raw/pool/pos_rvlcdip_invoice_00815.jpg
data/raw/pool/syn_hard_pos_00155.jpg,1,train,data/raw/pool/pos_rvlcdip_invoice_00040.jpg
data/raw/pool/syn_hard_pos_00156.jpg,1,train,data/raw/pool/pos_cord_receipts_00098.jpg
data/raw/pool/syn_hard_pos_00158.jpg,1,train,data/raw/pool/pos_rvlcdip_invoice_01494.jpg
data/raw/pool/syn_hard_pos_00159.jpg,1,train,data/raw/pool/pos_rvlcdip_invoice_01465.jpg
data/raw/pool/syn_hard_pos_00160.jpg,1,train,data/raw/pool/pos_sroie_receipts_00559.jpg
data/raw/pool/syn_hard_pos_00161.jpg,1,train,data/raw/pool/pos_rvlcdip_invoice_01091.jpg
data/raw/pool/syn_hard_pos_00162.jpg,1,train,data/raw/pool/pos_rvlcdip_invoice_00981.jpg
data/raw/pool/syn_hard_pos_00163.jpg,1,train,data/raw/pool/pos_sroie_receipts_00024.jpg
data/raw/pool/syn_hard_pos_00164.jpg,1,train,data/raw/pool/pos_rvlcdip_invoice_01454.jpg
data/raw/pool/syn_hard_pos_00165.jpg,1,train,data/raw/pool/pos_rvlcdip_invoice_00675.jpg
data/raw/pool/syn_hard_pos_00166.jpg,1,train,data/raw/pool/pos_cord_receipts_00134.jpg
data/raw/pool/syn_hard_pos_00167.jpg,1,train,data/raw/pool/pos_rvlcdip_invoice_00402.jpg
data/raw/pool/syn_hard_pos_00169.jpg,1,train,data/raw/pool/pos_rvlcdip_invoice_00127.jpg
data/raw/pool/syn_hard_pos_00170.jpg,1,train,data/raw/pool/pos_rvlcdip_invoice_00952.jpg
data/raw/pool/syn_hard_pos_00171.jpg,1,train,data/raw/pool/pos_rvlcdip_invoice_00852.jpg
data/raw/pool/syn_hard_pos_00172.jpg,1,train,data/raw/pool/pos_rvlcdip_invoice_01503.jpg
data/raw/pool/syn_hard_pos_00173.jpg,1,train,data/raw/pool/pos_rvlcdip_invoice_00714.jpg
data/raw/pool/syn_hard_pos_00174.jpg,1,train,data/raw/pool/pos_rvlcdip_invoice_00828.jpg
data/raw/pool/syn_hard_pos_00175.jpg,1,train,data/raw/pool/pos_rvlcdip_invoice_01425.jpg
data/raw/pool/syn_hard_pos_00177.jpg,1,train,data/raw/pool/pos_rvlcdip_invoice_01294.jpg
data/raw/pool/syn_hard_pos_00178.jpg,1,train,data/raw/pool/pos_rvlcdip_invoice_00360.jpg
data/raw/pool/syn_hard_pos_00179.jpg,1,train,data/raw/pool/pos_sroie_receipts_00331.jpg
data/raw/pool/syn_hard_pos_00180.jpg,1,train,data/raw/pool/pos_rvlcdip_invoice_01088.jpg
data/raw/pool/syn_hard_pos_00181.jpg,1,train,data/raw/pool/pos_rvlcdip_invoice_01632.jpg
data/raw/pool/syn_hard_pos_00182.jpg,1,train,data/raw/pool/pos_rvlcdip_invoice_00952.jpg
data/raw/pool/syn_hard_pos_00183.jpg,1,train,data/raw/pool/pos_cord_receipts_00479.jpg
data/raw/pool/syn_hard_pos_00184.jpg,1,train,data/raw/pool/pos_cord_receipts_00370.jpg
data/raw/pool/syn_hard_pos_00185.jpg,1,train,data/raw/pool/pos_rvlcdip_invoice_00628.jpg
data/raw/pool/syn_hard_pos_00186.jpg,1,train,data/raw/pool/pos_rvlcdip_invoice_01722.jpg
data/raw/pool/syn_hard_pos_00188.jpg,1,train,data/raw/pool/pos_rvlcdip_invoice_01051.jpg
data/raw/pool/syn_hard_pos_00189.jpg,1,train,data/raw/pool/pos_sroie_receipts_00427.jpg
data/raw/pool/syn_hard_pos_00190.jpg,1,train,data/raw/pool/pos_sroie_receipts_00388.jpg
data/raw/pool/syn_hard_pos_00191.jpg,1,train,data/raw/pool/pos_rvlcdip_invoice_01250.jpg
data/raw/pool/syn_hard_pos_00193.jpg,1,train,data/raw/pool/pos_rvlcdip_invoice_00895.jpg
data/raw/pool/syn_hard_pos_00194.jpg,1,train,data/raw/pool/pos_rvlcdip_invoice_00139.jpg
data/raw/pool/syn_hard_pos_00195.jpg,1,train,data/raw/pool/pos_rvlcdip_invoice_00188.jpg
data/raw/pool/syn_hard_pos_00196.jpg,1,train,data/raw/pool/pos_cord_receipts_00439.jpg
data/raw/pool/syn_hard_pos_00198.jpg,0,train,data/raw/pool/neg_rvlcdip_other_00510.jpg
data/raw/pool/syn_hard_pos_00199.jpg,1,train,data/raw/pool/pos_rvlcdip_invoice_00138.jpg
data/raw/pool/syn_hard_pos_00200.jpg,1,train,data/raw/pool/pos_rvlcdip_invoice_00777.jpg
data/raw/pool/syn_hard_pos_00201.jpg,1,train,data/raw/pool/pos_cord_receipts_00224.jpg
data/raw/pool/syn_hard_pos_00202.jpg,1,train,data/raw/pool/pos_rvlcdip_invoice_00467.jpg
data/raw/pool/syn_hard_pos_00203.jpg,1,train,data/raw/pool/pos_cord_receipts_00249.jpg
data/raw/pool/syn_hard_pos_00204.jpg,1,train,data/raw/pool/pos_rvlcdip_invoice_01754.jpg
data/raw/pool/syn_hard_pos_00205.jpg,1,train,data/raw/pool/pos_rvlcdip_invoice_00091.jpg
data/raw/pool/syn_hard_pos_00207.jpg,1,train,data/raw/pool/pos_rvlcdip_invoice_00516.jpg
data/raw/pool/syn_hard_pos_00208.jpg,1,train,data/raw/pool/pos_rvlcdip_invoice_00313.jpg
data/raw/pool/syn_hard_pos_00209.jpg,1,train,data/raw/pool/pos_rvlcdip_invoice_01038.jpg
data/raw/pool/syn_hard_pos_00210.jpg,1,train,data/raw/pool/pos_sroie_receipts_00091.jpg
data/raw/pool/syn_hard_pos_00211.jpg,1,train,data/raw/pool/pos_sroie_receipts_00237.jpg
data/raw/pool/syn_hard_pos_00212.jpg,1,train,data/raw/pool/pos_rvlcdip_invoice_01366.jpg
data/raw/pool/syn_hard_pos_00213.jpg,1,train,data/raw/pool/pos_rvlcdip_invoice_01230.jpg
data/raw/pool/syn_hard_pos_00214.jpg,1,train,data/raw/pool/pos_rvlcdip_invoice_00886.jpg
data/raw/pool/syn_hard_pos_00215.jpg,1,train,data/raw/pool/pos_rvlcdip_invoice_00446.jpg
data/raw/pool/syn_hard_pos_00216.jpg,1,train,data/raw/pool/pos_rvlcdip_invoice_01320.jpg
data/raw/pool/syn_hard_pos_00217.jpg,1,train,data/raw/pool/pos_sroie_receipts_00535.jpg
data/raw/pool/syn_hard_pos_00218.jpg,1,train,data/raw/pool/pos_rvlcdip_invoice_01151.jpg
data/raw/pool/syn_hard_pos_00219.jpg,1,train,data/raw/pool/pos_rvlcdip_invoice_01451.jpg
data/raw/pool/syn_hard_pos_00220.jpg,1,train,data/raw/pool/pos_rvlcdip_invoice_01359.jpg
data/raw/pool/syn_hard_pos_00223.jpg,1,train,data/raw/pool/pos_rvlcdip_invoice_00773.jpg
data/raw/pool/syn_hard_pos_00225.jpg,1,train,data/raw/pool/pos_rvlcdip_invoice_00793.jpg
data/raw/pool/syn_hard_pos_00226.jpg,1,train,data/raw/pool/pos_rvlcdip_invoice_00084.jpg
data/raw/pool/syn_hard_pos_00227.jpg,1,train,data/raw/pool/pos_cord_receipts_00581.jpg
data/raw/pool/syn_hard_pos_00228.jpg,1,train,data/raw/pool/pos_rvlcdip_invoice_00163.jpg
data/raw/pool/syn_hard_pos_00229.jpg,1,train,data/raw/pool/pos_rvlcdip_invoice_00070.jpg
data/raw/pool/syn_hard_pos_00230.jpg,1,train,data/raw/pool/pos_sroie_receipts_00218.jpg
data/raw/pool/syn_hard_pos_00231.jpg,1,train,data/raw/pool/pos_rvlcdip_invoice_00477.jpg
data/raw/pool/syn_hard_pos_00232.jpg,1,train,data/raw/pool/pos_rvlcdip_invoice_01579.jpg
data/raw/pool/syn_hard_pos_00236.jpg,1,train,data/raw/pool/pos_cord_receipts_00121.jpg
data/raw/pool/syn_hard_pos_00238.jpg,1,train,data/raw/pool/pos_rvlcdip_invoice_01267.jpg
data/raw/pool/syn_hard_pos_00239.jpg,1,train,data/raw/pool/pos_rvlcdip_invoice_01469.jpg
data/raw/pool/syn_hard_pos_00240.jpg,1,train,data/raw/pool/pos_rvlcdip_invoice_01071.jpg
data/raw/pool/syn_hard_pos_00241.jpg,1,train,data/raw/pool/pos_rvlcdip_invoice_01595.jpg
data/raw/pool/syn_hard_pos_00242.jpg,1,train,data/raw/pool/pos_rvlcdip_invoice_01391.jpg
data/raw/pool/syn_hard_pos_00243.jpg,1,train,data/raw/pool/pos_rvlcdip_invoice_00026.jpg
data/raw/pool/syn_hard_pos_00244.jpg,1,train,data/raw/pool/pos_sroie_receipts_00309.jpg
data/raw/pool/syn_hard_pos_00245.jpg,1,train,data/raw/pool/pos_rvlcdip_invoice_01539.jpg
data/raw/pool/syn_hard_pos_00246.jpg,1,train,data/raw/pool/pos_rvlcdip_invoice_00131.jpg
data/raw/pool/syn_hard_pos_00247.jpg,1,train,data/raw/pool/pos_rvlcdip_invoice_00850.jpg
data/raw/pool/syn_hard_pos_00248.jpg,1,train,data/raw/pool/pos_cord_receipts_00254.jpg
data/raw/pool/syn_hard_pos_00249.jpg,1,train,data/raw/pool/pos_rvlcdip_invoice_00853.jpg
data/raw/pool/syn_hard_pos_00250.jpg,1,train,data/raw/pool/pos_cord_receipts_00295.jpg
data/raw/pool/syn_hard_pos_00251.jpg,1,train,data/raw/pool/pos_rvlcdip_invoice_00838.jpg
data/raw/pool/syn_hard_pos_00252.jpg,1,train,data/raw/pool/pos_rvlcdip_invoice_01498.jpg
data/raw/pool/syn_hard_pos_00253.jpg,1,train,data/raw/pool/pos_rvlcdip_invoice_01796.jpg
data/raw/pool/syn_hard_pos_00254.jpg,1,train,data/raw/pool/pos_rvlcdip_invoice_00865.jpg
data/raw/pool/syn_hard_pos_00255.jpg,1,train,data/raw/pool/pos_rvlcdip_invoice_01322.jpg
data/raw/pool/syn_hard_pos_00257.jpg,1,train,data/raw/pool/pos_rvlcdip_invoice_00103.jpg
data/raw/pool/syn_hard_pos_00258.jpg,1,train,data/raw/pool/pos_rvlcdip_invoice_00865.jpg
data/raw/pool/syn_hard_pos_00259.jpg,1,train,data/raw/pool/pos_cord_receipts_00164.jpg
data/raw/pool/syn_hard_pos_00260.jpg,1,train,data/raw/pool/pos_rvlcdip_invoice_00591.jpg
data/raw/pool/syn_hard_pos_00261.jpg,1,train,data/raw/pool/pos_rvlcdip_invoice_01321.jpg
data/raw/pool/syn_hard_pos_00263.jpg,1,train,data/raw/pool/pos_rvlcdip_invoice_00060.jpg
data/raw/pool/syn_hard_pos_00264.jpg,1,train,data/raw/pool/pos_rvlcdip_invoice_01088.jpg
data/raw/pool/syn_hard_pos_00265.jpg,1,train,data/raw/pool/pos_cord_receipts_00383.jpg
data/raw/pool/syn_hard_pos_00266.jpg,1,train,data/raw/pool/pos_rvlcdip_invoice_01719.jpg
data/raw/pool/syn_hard_pos_00267.jpg,1,train,data/raw/pool/pos_rvlcdip_invoice_00531.jpg
data/raw/pool/syn_hard_pos_00269.jpg,1,train,data/raw/pool/pos_rvlcdip_invoice_01144.jpg
data/raw/pool/syn_hard_pos_00270.jpg,1,train,data/raw/pool/pos_rvlcdip_invoice_01278.jpg
data/raw/pool/syn_hard_pos_00271.jpg,1,train,data/raw/pool/pos_rvlcdip_invoice_01566.jpg
data/raw/pool/syn_hard_pos_00272.jpg,1,train,data/raw/pool/pos_rvlcdip_invoice_00358.jpg
data/raw/pool/syn_hard_pos_00273.jpg,1,train,data/raw/pool/pos_rvlcdip_invoice_00959.jpg
data/raw/pool/syn_hard_pos_00274.jpg,1,train,data/raw/pool/pos_rvlcdip_invoice_00477.jpg
data/raw/pool/syn_hard_pos_00276.jpg,1,train,data/raw/pool/pos_rvlcdip_invoice_00265.jpg
data/raw/pool/syn_hard_pos_00277.jpg,1,train,data/raw/pool/pos_rvlcdip_invoice_00574.jpg
data/raw/pool/syn_hard_pos_00278.jpg,1,train,data/raw/pool/pos_rvlcdip_invoice_01135.jpg
data/raw/pool/syn_hard_pos_00279.jpg,1,train,data/raw/pool/pos_sroie_receipts_00108.jpg
data/raw/pool/syn_hard_pos_00280.jpg,1,train,data/raw/pool/pos_rvlcdip_invoice_01412.jpg
data/raw/pool/syn_hard_pos_00281.jpg,1,train,data/raw/pool/pos_rvlcdip_invoice_00656.jpg
data/raw/pool/syn_hard_pos_00283.jpg,1,train,data/raw/pool/pos_rvlcdip_invoice_01689.jpg
data/raw/pool/syn_hard_pos_00284.jpg,1,train,data/raw/pool/pos_rvlcdip_invoice_00675.jpg
data/raw/pool/syn_hard_pos_00285.jpg,1,train,data/raw/pool/pos_rvlcdip_invoice_00292.jpg
data/raw/pool/syn_hard_pos_00286.jpg,1,train,data/raw/pool/pos_rvlcdip_invoice_00645.jpg
data/raw/pool/syn_hard_pos_00287.jpg,1,train,data/raw/pool/pos_rvlcdip_invoice_01288.jpg
data/raw/pool/syn_hard_pos_00289.jpg,1,train,data/raw/pool/pos_cord_receipts_00516.jpg
data/raw/pool/syn_hard_pos_00290.jpg,1,train,data/raw/pool/pos_rvlcdip_invoice_00760.jpg
data/raw/pool/syn_hard_pos_00291.jpg,1,train,data/raw/pool/pos_rvlcdip_invoice_00060.jpg
data/raw/pool/syn_hard_pos_00292.jpg,1,train,data/raw/pool/pos_rvlcdip_invoice_00358.jpg
data/raw/pool/syn_hard_pos_00293.jpg,1,train,data/raw/pool/pos_sroie_receipts_00269.jpg
data/raw/pool/syn_hard_pos_00294.jpg,1,train,data/raw/pool/pos_rvlcdip_invoice_00680.jpg
data/raw/pool/syn_hard_pos_00297.jpg,1,train,data/raw/pool/pos_rvlcdip_invoice_01531.jpg
data/raw/pool/syn_hard_pos_00299.jpg,1,train,data/raw/pool/pos_rvlcdip_invoice_00442.jpg
data/raw/pool/syn_hard_pos_00301.jpg,1,train,data/raw/pool/pos_rvlcdip_invoice_00277.jpg
data/raw/pool/syn_hard_pos_00302.jpg,1,train,data/raw/pool/pos_rvlcdip_invoice_01437.jpg
data/raw/pool/syn_hard_pos_00303.jpg,1,train,data/raw/pool/pos_rvlcdip_invoice_00104.jpg
data/raw/pool/syn_hard_pos_00305.jpg,1,train,data/raw/pool/pos_rvlcdip_invoice_01786.jpg
data/raw/pool/syn_hard_pos_00306.jpg,1,train,data/raw/pool/pos_rvlcdip_invoice_00859.jpg
data/raw/pool/syn_hard_pos_00307.jpg,1,train,data/raw/pool/pos_rvlcdip_invoice_00846.jpg
data/raw/pool/syn_hard_pos_00308.jpg,1,train,data/raw/pool/pos_rvlcdip_invoice_00828.jpg
data/raw/pool/syn_hard_pos_00309.jpg,1,train,data/raw/pool/pos_rvlcdip_invoice_01000.jpg
data/raw/pool/syn_hard_pos_00311.jpg,1,train,data/raw/pool/pos_rvlcdip_invoice_01581.jpg
data/raw/pool/syn_hard_pos_00312.jpg,1,train,data/raw/pool/pos_cord_receipts_00198.jpg
data/raw/pool/syn_hard_pos_00313.jpg,1,train,data/raw/pool/pos_rvlcdip_invoice_00561.jpg
data/raw/pool/syn_hard_pos_00314.jpg,1,train,data/raw/pool/pos_rvlcdip_invoice_00600.jpg
data/raw/pool/syn_hard_pos_00315.jpg,1,train,data/raw/pool/pos_sroie_receipts_00214.jpg
data/raw/pool/syn_hard_pos_00316.jpg,1,train,data/raw/pool/pos_rvlcdip_invoice_00671.jpg
data/raw/pool/syn_hard_pos_00317.jpg,1,train,data/raw/pool/pos_rvlcdip_invoice_01417.jpg
data/raw/pool/syn_hard_pos_00318.jpg,1,train,data/raw/pool/pos_cord_receipts_00456.jpg
data/raw/pool/syn_hard_pos_00319.jpg,1,train,data/raw/pool/pos_rvlcdip_invoice_01151.jpg
data/raw/pool/syn_hard_pos_00320.jpg,1,train,data/raw/pool/pos_sroie_receipts_00450.jpg
data/raw/pool/syn_hard_pos_00321.jpg,1,train,data/raw/pool/pos_sroie_receipts_00429.jpg
data/raw/pool/syn_hard_pos_00322.jpg,1,train,data/raw/pool/pos_rvlcdip_invoice_01157.jpg
data/raw/pool/syn_hard_pos_00323.jpg,1,train,data/raw/pool/pos_rvlcdip_invoice_01022.jpg
data/raw/pool/syn_hard_pos_00325.jpg,1,train,data/raw/pool/pos_sroie_receipts_00179.jpg
data/raw/pool/syn_hard_pos_00326.jpg,1,train,data/raw/pool/pos_rvlcdip_invoice_01455.jpg
data/raw/pool/syn_hard_pos_00327.jpg,1,train,data/raw/pool/pos_rvlcdip_invoice_00545.jpg
data/raw/pool/syn_hard_pos_00328.jpg,1,train,data/raw/pool/pos_sroie_receipts_00574.jpg
data/raw/pool/syn_hard_pos_00329.jpg,1,train,data/raw/pool/pos_rvlcdip_invoice_00267.jpg
data/raw/pool/syn_hard_pos_00330.jpg,1,train,data/raw/pool/pos_sroie_receipts_00044.jpg
data/raw/pool/syn_hard_pos_00331.jpg,1,train,data/raw/pool/pos_rvlcdip_invoice_00914.jpg
data/raw/pool/syn_hard_pos_00332.jpg,1,train,data/raw/pool/pos_rvlcdip_invoice_01423.jpg
data/raw/pool/syn_hard_pos_00333.jpg,1,train,data/raw/pool/pos_sroie_receipts_00389.jpg
data/raw/pool/syn_hard_pos_00334.jpg,1,train,data/raw/pool/pos_sroie_receipts_00221.jpg
data/raw/pool/syn_hard_pos_00335.jpg,1,train,data/raw/pool/pos_rvlcdip_invoice_01362.jpg
data/raw/pool/syn_hard_pos_00336.jpg,1,train,data/raw/pool/pos_rvlcdip_invoice_01029.jpg
data/raw/pool/syn_hard_pos_00338.jpg,1,train,data/raw/pool/pos_rvlcdip_invoice_00381.jpg
data/raw/pool/syn_hard_pos_00339.jpg,1,train,data/raw/pool/pos_rvlcdip_invoice_00261.jpg
data/raw/pool/syn_hard_pos_00341.jpg,1,train,data/raw/pool/pos_cord_receipts_00022.jpg
data/raw/pool/syn_hard_pos_00342.jpg,1,train,data/raw/pool/pos_rvlcdip_invoice_01683.jpg
data/raw/pool/syn_hard_pos_00343.jpg,1,train,data/raw/pool/pos_rvlcdip_invoice_01779.jpg
data/raw/pool/syn_hard_pos_00344.jpg,1,train,data/raw/pool/pos_rvlcdip_invoice_00291.jpg
data/raw/pool/syn_hard_pos_00345.jpg,1,train,data/raw/pool/pos_rvlcdip_invoice_00719.jpg
data/raw/pool/syn_hard_pos_00347.jpg,1,train,data/raw/pool/pos_rvlcdip_invoice_01230.jpg
data/raw/pool/syn_hard_pos_00348.jpg,1,train,data/raw/pool/pos_rvlcdip_invoice_01154.jpg
data/raw/pool/syn_hard_pos_00351.jpg,1,train,data/raw/pool/pos_rvlcdip_invoice_00163.jpg
data/raw/pool/syn_hard_pos_00352.jpg,1,train,data/raw/pool/pos_rvlcdip_invoice_00019.jpg
data/raw/pool/syn_hard_pos_00353.jpg,1,train,data/raw/pool/pos_sroie_receipts_00398.jpg
data/raw/pool/syn_hard_pos_00357.jpg,1,train,data/raw/pool/pos_rvlcdip_invoice_00358.jpg
data/raw/pool/syn_hard_pos_00358.jpg,1,train,data/raw/pool/pos_sroie_receipts_00390.jpg
data/raw/pool/syn_hard_pos_00359.jpg,1,train,data/raw/pool/pos_rvlcdip_invoice_00524.jpg
data/raw/pool/syn_hard_pos_00361.jpg,1,train,data/raw/pool/pos_cord_receipts_00595.jpg
data/raw/pool/syn_hard_pos_00363.jpg,1,train,data/raw/pool/pos_rvlcdip_invoice_00008.jpg
data/raw/pool/syn_hard_pos_00364.jpg,1,train,data/raw/pool/pos_rvlcdip_invoice_00185.jpg
data/raw/pool/syn_hard_pos_00365.jpg,1,train,data/raw/pool/pos_rvlcdip_invoice_00258.jpg
data/raw/pool/syn_hard_pos_00366.jpg,1,train,data/raw/pool/pos_rvlcdip_invoice_00399.jpg
data/raw/pool/syn_hard_pos_00367.jpg,1,train,data/raw/pool/pos_rvlcdip_invoice_00330.jpg
data/raw/pool/syn_hard_pos_00368.jpg,1,train,data/raw/pool/pos_rvlcdip_invoice_00072.jpg
data/raw/pool/syn_hard_pos_00369.jpg,1,train,data/raw/pool/pos_rvlcdip_invoice_01617.jpg
data/raw/pool/syn_hard_pos_00370.jpg,1,train,data/raw/pool/pos_cord_receipts_00182.jpg
data/raw/pool/syn_hard_pos_00371.jpg,1,train,data/raw/pool/pos_rvlcdip_invoice_01026.jpg
data/raw/pool/syn_hard_pos_00372.jpg,1,train,data/raw/pool/pos_rvlcdip_invoice_00501.jpg
data/raw/pool/syn_hard_pos_00374.jpg,1,train,data/raw/pool/pos_sroie_receipts_00399.jpg
data/raw/pool/syn_hard_pos_00375.jpg,1,train,data/raw/pool/pos_rvlcdip_invoice_01077.jpg
data/raw/pool/syn_hard_pos_00377.jpg,1,train,data/raw/pool/pos_rvlcdip_invoice_00149.jpg
data/raw/pool/syn_hard_pos_00378.jpg,1,train,data/raw/pool/pos_rvlcdip_invoice_00046.jpg
data/raw/pool/syn_hard_pos_00379.jpg,1,train,data/raw/pool/pos_rvlcdip_invoice_00525.jpg
data/raw/pool/syn_hard_pos_00380.jpg,1,train,data/raw/pool/pos_rvlcdip_invoice_00384.jpg
data/raw/pool/syn_hard_pos_00381.jpg,1,train,data/raw/pool/pos_rvlcdip_invoice_00327.jpg
data/raw/pool/syn_hard_pos_00384.jpg,1,train,data/raw/pool/pos_rvlcdip_invoice_01614.jpg
data/raw/pool/syn_hard_pos_00385.jpg,1,train,data/raw/pool/pos_rvlcdip_invoice_01047.jpg
data/raw/pool/syn_hard_pos_00390.jpg,1,train,data/raw/pool/pos_sroie_receipts_00551.jpg
data/raw/pool/syn_hard_pos_00391.jpg,1,train,data/raw/pool/pos_cord_receipts_00299.jpg
data/raw/pool/syn_hard_pos_00392.jpg,1,train,data/raw/pool/pos_rvlcdip_invoice_00794.jpg
data/raw/pool/syn_hard_pos_00393.jpg,1,train,data/raw/pool/pos_rvlcdip_invoice_01079.jpg
data/raw/pool/syn_hard_pos_00394.jpg,0,train,data/raw/pool/neg_rvlcdip_other_00510.jpg
data/raw/pool/syn_hard_pos_00395.jpg,1,train,data/raw/pool/pos_rvlcdip_invoice_00484.jpg
data/raw/pool/syn_hard_pos_00397.jpg,1,train,data/raw/pool/pos_cord_receipts_00279.jpg
data/raw/pool/syn_hard_pos_00398.jpg,1,train,data/raw/pool/pos_rvlcdip_invoice_01109.jpg
data/raw/pool/syn_hard_pos_00401.jpg,1,train,data/raw/pool/pos_rvlcdip_invoice_00194.jpg
data/raw/pool/syn_hard_pos_00402.jpg,1,train,data/raw/pool/pos_rvlcdip_invoice_01172.jpg
data/raw/pool/syn_hard_pos_00403.jpg,1,train,data/raw/pool/pos_rvlcdip_invoice_01744.jpg
data/raw/pool/syn_hard_pos_00406.jpg,1,train,data/raw/pool/pos_rvlcdip_invoice_00566.jpg
data/raw/pool/syn_hard_pos_00407.jpg,1,train,data/raw/pool/pos_sroie_receipts_00101.jpg
data/raw/pool/syn_hard_pos_00408.jpg,1,train,data/raw/pool/pos_rvlcdip_invoice_01709.jpg
data/raw/pool/syn_hard_pos_00409.jpg,1,train,data/raw/pool/pos_rvlcdip_invoice_00919.jpg
data/raw/pool/syn_hard_pos_00410.jpg,1,train,data/raw/pool/pos_rvlcdip_invoice_01561.jpg
data/raw/pool/syn_hard_pos_00411.jpg,1,train,data/raw/pool/pos_rvlcdip_invoice_01116.jpg
data/raw/pool/syn_hard_pos_00412.jpg,1,train,data/raw/pool/pos_rvlcdip_invoice_01377.jpg
data/raw/pool/syn_hard_pos_00413.jpg,1,train,data/raw/pool/pos_rvlcdip_invoice_00343.jpg
data/raw/pool/syn_hard_pos_00414.jpg,1,train,data/raw/pool/pos_rvlcdip_invoice_00948.jpg
data/raw/pool/syn_hard_pos_00415.jpg,1,train,data/raw/pool/pos_rvlcdip_invoice_00096.jpg
data/raw/pool/syn_hard_pos_00416.jpg,1,train,data/raw/pool/pos_rvlcdip_invoice_00027.jpg
data/raw/pool/syn_hard_pos_00418.jpg,1,train,data/raw/pool/pos_rvlcdip_invoice_00936.jpg
data/raw/pool/syn_hard_pos_00420.jpg,1,train,data/raw/pool/pos_rvlcdip_invoice_01085.jpg
data/raw/pool/syn_hard_pos_00421.jpg,1,train,data/raw/pool/pos_rvlcdip_invoice_00080.jpg
data/raw/pool/syn_hard_pos_00422.jpg,1,train,data/raw/pool/pos_rvlcdip_invoice_00216.jpg
data/raw/pool/syn_hard_pos_00423.jpg,1,train,data/raw/pool/pos_rvlcdip_invoice_00100.jpg
data/raw/pool/syn_hard_pos_00424.jpg,1,train,data/raw/pool/pos_cord_receipts_00050.jpg
data/raw/pool/syn_hard_pos_00425.jpg,1,train,data/raw/pool/pos_cord_receipts_00050.jpg
data/raw/pool/syn_hard_pos_00426.jpg,1,train,data/raw/pool/pos_rvlcdip_invoice_01249.jpg
data/raw/pool/syn_hard_pos_00427.jpg,1,train,data/raw/pool/pos_rvlcdip_invoice_00979.jpg
data/raw/pool/syn_hard_pos_00428.jpg,1,train,data/raw/pool/pos_rvlcdip_invoice_00587.jpg
data/raw/pool/syn_hard_pos_00429.jpg,1,train,data/raw/pool/pos_cord_receipts_00475.jpg
data/raw/pool/syn_hard_pos_00430.jpg,1,train,data/raw/pool/pos_sroie_receipts_00560.jpg
data/raw/pool/syn_hard_pos_00431.jpg,1,train,data/raw/pool/pos_rvlcdip_invoice_00201.jpg
data/raw/pool/syn_hard_pos_00432.jpg,1,train,data/raw/pool/pos_rvlcdip_invoice_00514.jpg
data/raw/pool/syn_hard_pos_00433.jpg,1,train,data/raw/pool/pos_rvlcdip_invoice_01282.jpg
data/raw/pool/syn_hard_pos_00434.jpg,1,train,data/raw/pool/pos_rvlcdip_invoice_01399.jpg
data/raw/pool/syn_hard_pos_00435.jpg,1,train,data/raw/pool/pos_rvlcdip_invoice_00170.jpg
data/raw/pool/syn_hard_pos_00436.jpg,1,train,data/raw/pool/pos_rvlcdip_invoice_01331.jpg
data/raw/pool/syn_hard_pos_00438.jpg,1,train,data/raw/pool/pos_cord_receipts_00016.jpg
data/raw/pool/syn_hard_pos_00439.jpg,1,train,data/raw/pool/pos_cord_receipts_00096.jpg
data/raw/pool/syn_hard_pos_00441.jpg,1,train,data/raw/pool/pos_rvlcdip_invoice_01204.jpg
data/raw/pool/syn_hard_pos_00443.jpg,1,train,data/raw/pool/pos_rvlcdip_invoice_00095.jpg
data/raw/pool/syn_hard_pos_00445.jpg,1,train,data/raw/pool/pos_rvlcdip_invoice_00253.jpg
data/raw/pool/syn_hard_pos_00446.jpg,1,train,data/raw/pool/pos_rvlcdip_invoice_01201.jpg
data/raw/pool/syn_hard_pos_00447.jpg,1,train,data/raw/pool/pos_cord_receipts_00487.jpg
data/raw/pool/syn_hard_pos_00448.jpg,1,train,data/raw/pool/pos_cord_receipts_00041.jpg
data/raw/pool/syn_hard_pos_00450.jpg,1,train,data/raw/pool/pos_sroie_receipts_00317.jpg
data/raw/pool/syn_hard_pos_00453.jpg,1,train,data/raw/pool/pos_rvlcdip_invoice_00428.jpg
data/raw/pool/syn_hard_pos_00454.jpg,1,train,data/raw/pool/pos_rvlcdip_invoice_00963.jpg
data/raw/pool/syn_hard_pos_00457.jpg,1,train,data/raw/pool/pos_rvlcdip_invoice_01659.jpg
data/raw/pool/syn_hard_pos_00458.jpg,1,train,data/raw/pool/pos_cord_receipts_00334.jpg
data/raw/pool/syn_hard_pos_00459.jpg,1,train,data/raw/pool/pos_rvlcdip_invoice_01330.jpg
data/raw/pool/syn_hard_pos_00461.jpg,1,train,data/raw/pool/pos_rvlcdip_invoice_01469.jpg
data/raw/pool/syn_hard_pos_00462.jpg,1,train,data/raw/pool/pos_rvlcdip_invoice_01215.jpg
data/raw/pool/syn_hard_pos_00463.jpg,1,train,data/raw/pool/pos_rvlcdip_invoice_01266.jpg
data/raw/pool/syn_hard_pos_00464.jpg,1,train,data/raw/pool/pos_rvlcdip_invoice_00394.jpg
data/raw/pool/syn_hard_pos_00465.jpg,1,train,data/raw/pool/pos_rvlcdip_invoice_00773.jpg
data/raw/pool/syn_hard_pos_00466.jpg,1,train,data/raw/pool/pos_rvlcdip_invoice_00429.jpg
data/raw/pool/syn_hard_pos_00467.jpg,1,train,data/raw/pool/pos_rvlcdip_invoice_01396.jpg
data/raw/pool/syn_hard_pos_00468.jpg,1,train,data/raw/pool/pos_sroie_receipts_00255.jpg
data/raw/pool/syn_hard_pos_00469.jpg,1,train,data/raw/pool/pos_rvlcdip_invoice_00194.jpg
data/raw/pool/syn_hard_pos_00470.jpg,1,train,data/raw/pool/pos_rvlcdip_invoice_00880.jpg
data/raw/pool/syn_hard_pos_00471.jpg,1,train,data/raw/pool/pos_sroie_receipts_00406.jpg
data/raw/pool/syn_hard_pos_00472.jpg,1,train,data/raw/pool/pos_rvlcdip_invoice_00354.jpg
data/raw/pool/syn_hard_pos_00473.jpg,1,train,data/raw/pool/pos_rvlcdip_invoice_00343.jpg
data/raw/pool/syn_hard_pos_00474.jpg,1,train,data/raw/pool/pos_rvlcdip_invoice_01702.jpg
data/raw/pool/syn_hard_pos_00475.jpg,1,train,data/raw/pool/pos_rvlcdip_invoice_01531.jpg
data/raw/pool/syn_hard_pos_00476.jpg,1,train,data/raw/pool/pos_sroie_receipts_00487.jpg
data/raw/pool/syn_hard_pos_00477.jpg,1,train,data/raw/pool/pos_sroie_receipts_00196.jpg
data/raw/pool/syn_hard_pos_00478.jpg,1,train,data/raw/pool/pos_sroie_receipts_00106.jpg
data/raw/pool/syn_hard_pos_00479.jpg,1,train,data/raw/pool/pos_cord_receipts_00251.jpg
data/raw/pool/syn_hard_pos_00480.jpg,1,train,data/raw/pool/pos_sroie_receipts_00233.jpg
data/raw/pool/syn_hard_pos_00482.jpg,1,train,data/raw/pool/pos_rvlcdip_invoice_00025.jpg
data/raw/pool/syn_hard_pos_00483.jpg,1,train,data/raw/pool/pos_rvlcdip_invoice_00346.jpg
data/raw/pool/syn_hard_pos_00484.jpg,1,train,data/raw/pool/pos_rvlcdip_invoice_01459.jpg
data/raw/pool/syn_hard_pos_00485.jpg,1,train,data/raw/pool/pos_rvlcdip_invoice_00528.jpg
data/raw/pool/syn_hard_pos_00486.jpg,1,train,data/raw/pool/pos_rvlcdip_invoice_01747.jpg
data/raw/pool/syn_hard_pos_00487.jpg,1,train,data/raw/pool/pos_sroie_receipts_00287.jpg
data/raw/pool/syn_hard_pos_00488.jpg,1,train,data/raw/pool/pos_rvlcdip_invoice_01052.jpg
data/raw/pool/syn_hard_pos_00489.jpg,1,train,data/raw/pool/pos_rvlcdip_invoice_01285.jpg
data/raw/pool/syn_hard_pos_00490.jpg,1,train,data/raw/pool/pos_rvlcdip_invoice_01740.jpg
data/raw/pool/syn_hard_pos_00491.jpg,1,train,data/raw/pool/pos_sroie_receipts_00404.jpg
data/raw/pool/syn_hard_pos_00492.jpg,1,train,data/raw/pool/pos_cord_receipts_00254.jpg
data/raw/pool/syn_hard_pos_00493.jpg,1,train,data/raw/pool/pos_rvlcdip_invoice_01666.jpg
data/raw/pool/syn_hard_pos_00494.jpg,1,train,data/raw/pool/pos_rvlcdip_invoice_01256.jpg
data/raw/pool/syn_hard_pos_00496.jpg,1,train,data/raw/pool/pos_rvlcdip_invoice_01769.jpg
data/raw/pool/syn_hard_pos_00497.jpg,1,train,data/raw/pool/pos_rvlcdip_invoice_00665.jpg
data/raw/pool/syn_hard_pos_00498.jpg,1,train,data/raw/pool/pos_rvlcdip_invoice_00704.jpg
data/raw/pool/syn_hard_pos_00499.jpg,1,train,data/raw/pool/pos_rvlcdip_invoice_01469.jpg
data/raw/pool/syn_hard_pos_00500.jpg,1,train,data/raw/pool/pos_rvlcdip_invoice_00581.jpg
data/raw/pool/syn_hard_pos_00504.jpg,1,train,data/raw/pool/pos_sroie_receipts_00320.jpg
data/raw/pool/syn_hard_pos_00505.jpg,1,train,data/raw/pool/pos_rvlcdip_invoice_00636.jpg
data/raw/pool/syn_hard_pos_00506.jpg,1,train,data/raw/pool/pos_rvlcdip_invoice_00644.jpg
data/raw/pool/syn_hard_pos_00507.jpg,1,train,data/raw/pool/pos_rvlcdip_invoice_01244.jpg
data/raw/pool/syn_hard_pos_00508.jpg,1,train,data/raw/pool/pos_rvlcdip_invoice_00236.jpg
data/raw/pool/syn_hard_pos_00509.jpg,1,train,data/raw/pool/pos_rvlcdip_invoice_00197.jpg
data/raw/pool/syn_hard_pos_00511.jpg,1,train,data/raw/pool/pos_rvlcdip_invoice_00621.jpg
data/raw/pool/syn_hard_pos_00513.jpg,1,train,data/raw/pool/pos_rvlcdip_invoice_01628.jpg
data/raw/pool/syn_hard_pos_00514.jpg,1,train,data/raw/pool/pos_rvlcdip_invoice_01115.jpg
data/raw/pool/syn_hard_pos_00515.jpg,1,train,data/raw/pool/pos_sroie_receipts_00246.jpg
data/raw/pool/syn_hard_pos_00516.jpg,1,train,data/raw/pool/pos_sroie_receipts_00475.jpg
data/raw/pool/syn_hard_pos_00517.jpg,1,train,data/raw/pool/pos_rvlcdip_invoice_01367.jpg
data/raw/pool/syn_hard_pos_00518.jpg,1,train,data/raw/pool/pos_rvlcdip_invoice_00830.jpg
data/raw/pool/syn_hard_pos_00519.jpg,1,train,data/raw/pool/pos_rvlcdip_invoice_00513.jpg
data/raw/pool/syn_hard_pos_00520.jpg,1,train,data/raw/pool/pos_rvlcdip_invoice_00824.jpg
data/raw/pool/syn_hard_pos_00521.jpg,1,train,data/raw/pool/pos_sroie_receipts_00013.jpg
data/raw/pool/syn_hard_pos_00522.jpg,1,train,data/raw/pool/pos_rvlcdip_invoice_01152.jpg
data/raw/pool/syn_hard_pos_00523.jpg,1,train,data/raw/pool/pos_rvlcdip_invoice_01545.jpg
data/raw/pool/syn_hard_pos_00524.jpg,1,train,data/raw/pool/pos_rvlcdip_invoice_01493.jpg
data/raw/pool/syn_hard_pos_00526.jpg,1,train,data/raw/pool/pos_rvlcdip_invoice_01396.jpg
data/raw/pool/syn_hard_pos_00527.jpg,1,train,data/raw/pool/pos_cord_receipts_00033.jpg
data/raw/pool/syn_hard_pos_00528.jpg,1,train,data/raw/pool/pos_rvlcdip_invoice_00037.jpg
data/raw/pool/syn_hard_pos_00529.jpg,1,train,data/raw/pool/pos_rvlcdip_invoice_00788.jpg
data/raw/pool/syn_hard_pos_00530.jpg,1,train,data/raw/pool/pos_cord_receipts_00542.jpg
data/raw/pool/syn_hard_pos_00532.jpg,1,train,data/raw/pool/pos_rvlcdip_invoice_00331.jpg
data/raw/pool/syn_hard_pos_00533.jpg,1,train,data/raw/pool/pos_rvlcdip_invoice_01072.jpg
data/raw/pool/syn_hard_pos_00534.jpg,1,train,data/raw/pool/pos_sroie_receipts_00456.jpg
data/raw/pool/syn_hard_pos_00535.jpg,1,train,data/raw/pool/pos_rvlcdip_invoice_01384.jpg
data/raw/pool/syn_hard_pos_00536.jpg,1,train,data/raw/pool/pos_rvlcdip_invoice_00102.jpg
data/raw/pool/syn_hard_pos_00537.jpg,1,train,data/raw/pool/pos_rvlcdip_invoice_01089.jpg
data/raw/pool/syn_hard_pos_00539.jpg,1,train,data/raw/pool/pos_rvlcdip_invoice_00497.jpg
data/raw/pool/syn_hard_pos_00540.jpg,1,train,data/raw/pool/pos_rvlcdip_invoice_01145.jpg
data/raw/pool/syn_hard_pos_00541.jpg,1,train,data/raw/pool/pos_rvlcdip_invoice_01430.jpg
data/raw/pool/syn_hard_pos_00542.jpg,1,train,data/raw/pool/pos_rvlcdip_invoice_01391.jpg
data/raw/pool/syn_hard_pos_00543.jpg,1,train,data/raw/pool/pos_rvlcdip_invoice_00350.jpg
data/raw/pool/syn_hard_pos_00544.jpg,1,train,data/raw/pool/pos_rvlcdip_invoice_01328.jpg
data/raw/pool/syn_hard_pos_00546.jpg,1,train,data/raw/pool/pos_rvlcdip_invoice_00090.jpg
data/raw/pool/syn_hard_pos_00549.jpg,1,train,data/raw/pool/pos_rvlcdip_invoice_01291.jpg
data/raw/pool/syn_hard_pos_00550.jpg,1,train,data/raw/pool/pos_rvlcdip_invoice_00879.jpg
data/raw/pool/syn_hard_pos_00551.jpg,1,train,data/raw/pool/pos_cord_receipts_00098.jpg
data/raw/pool/syn_hard_pos_00552.jpg,1,train,data/raw/pool/pos_rvlcdip_invoice_00917.jpg
data/raw/pool/syn_hard_pos_00553.jpg,1,train,data/raw/pool/pos_rvlcdip_invoice_00791.jpg
data/raw/pool/syn_hard_pos_00554.jpg,1,train,data/raw/pool/pos_rvlcdip_invoice_01281.jpg
data/raw/pool/syn_hard_pos_00555.jpg,1,train,data/raw/pool/pos_rvlcdip_invoice_01094.jpg
data/raw/pool/syn_hard_pos_00556.jpg,1,train,data/raw/pool/pos_rvlcdip_invoice_00611.jpg
data/raw/pool/syn_hard_pos_00557.jpg,1,train,data/raw/pool/pos_rvlcdip_invoice_00718.jpg
data/raw/pool/syn_hard_pos_00558.jpg,1,train,data/raw/pool/pos_rvlcdip_invoice_00863.jpg
data/raw/pool/syn_hard_pos_00559.jpg,1,train,data/raw/pool/pos_cord_receipts_00351.jpg
data/raw/pool/syn_hard_pos_00560.jpg,1,train,data/raw/pool/pos_rvlcdip_invoice_00892.jpg
data/raw/pool/syn_hard_pos_00561.jpg,1,train,data/raw/pool/pos_sroie_receipts_00290.jpg
data/raw/pool/syn_hard_pos_00562.jpg,1,train,data/raw/pool/pos_rvlcdip_invoice_01534.jpg
data/raw/pool/syn_hard_pos_00563.jpg,1,train,data/raw/pool/pos_sroie_receipts_00342.jpg
data/raw/pool/syn_hard_pos_00564.jpg,1,train,data/raw/pool/pos_sroie_receipts_00206.jpg
data/raw/pool/syn_hard_pos_00565.jpg,1,train,data/raw/pool/pos_rvlcdip_invoice_01262.jpg
data/raw/pool/syn_hard_pos_00566.jpg,1,train,data/raw/pool/pos_cord_receipts_00039.jpg
data/raw/pool/syn_hard_pos_00567.jpg,1,train,data/raw/pool/pos_cord_receipts_00439.jpg
data/raw/pool/syn_hard_pos_00568.jpg,1,train,data/raw/pool/pos_rvlcdip_invoice_01672.jpg
data/raw/pool/syn_hard_pos_00569.jpg,1,train,data/raw/pool/pos_sroie_receipts_00264.jpg
data/raw/pool/syn_hard_pos_00570.jpg,1,train,data/raw/pool/pos_sroie_receipts_00426.jpg
data/raw/pool/syn_hard_pos_00572.jpg,1,train,data/raw/pool/pos_cord_receipts_00378.jpg
data/raw/pool/syn_hard_pos_00574.jpg,1,train,data/raw/pool/pos_rvlcdip_invoice_00032.jpg
data/raw/pool/syn_hard_pos_00576.jpg,1,train,data/raw/pool/pos_rvlcdip_invoice_00185.jpg
data/raw/pool/syn_hard_pos_00577.jpg,1,train,data/raw/pool/pos_rvlcdip_invoice_00047.jpg
data/raw/pool/syn_hard_pos_00578.jpg,1,train,data/raw/pool/pos_rvlcdip_invoice_01117.jpg
data/raw/pool/syn_hard_pos_00580.jpg,1,train,data/raw/pool/pos_rvlcdip_invoice_01710.jpg
data/raw/pool/syn_hard_pos_00581.jpg,1,train,data/raw/pool/pos_rvlcdip_invoice_00597.jpg
data/raw/pool/syn_hard_pos_00582.jpg,1,train,data/raw/pool/pos_cord_receipts_00462.jpg
data/raw/pool/syn_hard_pos_00583.jpg,1,train,data/raw/pool/pos_rvlcdip_invoice_01226.jpg
data/raw/pool/syn_hard_pos_00584.jpg,1,train,data/raw/pool/pos_rvlcdip_invoice_00781.jpg
data/raw/pool/syn_hard_pos_00585.jpg,1,train,data/raw/pool/pos_rvlcdip_invoice_01750.jpg
data/raw/pool/syn_hard_pos_00588.jpg,1,train,data/raw/pool/pos_rvlcdip_invoice_01648.jpg
data/raw/pool/syn_hard_pos_00590.jpg,1,train,data/raw/pool/pos_rvlcdip_invoice_00067.jpg
data/raw/pool/syn_hard_pos_00591.jpg,1,train,data/raw/pool/pos_rvlcdip_invoice_00917.jpg
data/raw/pool/syn_hard_pos_00592.jpg,1,train,data/raw/pool/pos_rvlcdip_invoice_00701.jpg
data/raw/pool/syn_hard_pos_00594.jpg,1,train,data/raw/pool/pos_cord_receipts_00012.jpg
data/raw/pool/syn_hard_pos_00595.jpg,1,train,data/raw/pool/pos_rvlcdip_invoice_00748.jpg
data/raw/pool/syn_hard_pos_00596.jpg,1,train,data/raw/pool/pos_rvlcdip_invoice_01311.jpg
data/raw/pool/syn_hard_pos_00597.jpg,1,train,data/raw/pool/pos_rvlcdip_invoice_01478.jpg
data/raw/pool/syn_hard_pos_00598.jpg,1,train,data/raw/pool/pos_rvlcdip_invoice_01093.jpg
data/raw/pool/syn_hard_pos_00599.jpg,1,train,data/raw/pool/pos_sroie_receipts_00177.jpg
data/raw/pool/syn_hard_pos_00600.jpg,1,train,data/raw/pool/pos_rvlcdip_invoice_00351.jpg
data/raw/pool/syn_hard_pos_00601.jpg,1,train,data/raw/pool/pos_rvlcdip_invoice_01107.jpg
data/raw/pool/syn_hard_pos_00602.jpg,1,train,data/raw/pool/pos_rvlcdip_invoice_01474.jpg
data/raw/pool/syn_hard_pos_00603.jpg,1,train,data/raw/pool/pos_rvlcdip_invoice_00839.jpg
data/raw/pool/syn_hard_pos_00604.jpg,1,train,data/raw/pool/pos_cord_receipts_00254.jpg
data/raw/pool/syn_hard_pos_00605.jpg,1,train,data/raw/pool/pos_rvlcdip_invoice_00498.jpg
data/raw/pool/syn_hard_pos_00606.jpg,1,train,data/raw/pool/pos_rvlcdip_invoice_01661.jpg
data/raw/pool/syn_hard_pos_00608.jpg,1,train,data/raw/pool/pos_rvlcdip_invoice_00474.jpg
data/raw/pool/syn_hard_pos_00609.jpg,1,train,data/raw/pool/pos_rvlcdip_invoice_00664.jpg
data/raw/pool/syn_hard_pos_00610.jpg,1,train,data/raw/pool/pos_sroie_receipts_00349.jpg
data/raw/pool/syn_hard_pos_00611.jpg,1,train,data/raw/pool/pos_rvlcdip_invoice_01300.jpg
data/raw/pool/syn_hard_pos_00613.jpg,1,train,data/raw/pool/pos_rvlcdip_invoice_01153.jpg
data/raw/pool/syn_hard_pos_00614.jpg,1,train,data/raw/pool/pos_rvlcdip_invoice_01538.jpg
data/raw/pool/syn_hard_pos_00615.jpg,1,train,data/raw/pool/pos_rvlcdip_invoice_01234.jpg
data/raw/pool/syn_hard_pos_00616.jpg,1,train,data/raw/pool/pos_rvlcdip_invoice_00865.jpg
data/raw/pool/syn_hard_pos_00617.jpg,1,train,data/raw/pool/pos_cord_receipts_00272.jpg
data/raw/pool/syn_hard_pos_00618.jpg,1,train,data/raw/pool/pos_rvlcdip_invoice_01315.jpg
data/raw/pool/syn_hard_pos_00621.jpg,1,train,data/raw/pool/pos_cord_receipts_00084.jpg
data/raw/pool/syn_hard_pos_00622.jpg,1,train,data/raw/pool/pos_rvlcdip_invoice_01067.jpg
data/raw/pool/syn_hard_pos_00624.jpg,1,train,data/raw/pool/pos_rvlcdip_invoice_00396.jpg
data/raw/pool/syn_hard_pos_00625.jpg,1,train,data/raw/pool/pos_rvlcdip_invoice_00286.jpg
data/raw/pool/syn_hard_pos_00626.jpg,1,train,data/raw/pool/pos_rvlcdip_invoice_01383.jpg
data/raw/pool/syn_hard_pos_00628.jpg,1,train,data/raw/pool/pos_rvlcdip_invoice_00783.jpg
data/raw/pool/syn_hard_pos_00629.jpg,1,train,data/raw/pool/pos_rvlcdip_invoice_01323.jpg
data/raw/pool/syn_hard_pos_00630.jpg,1,train,data/raw/pool/pos_rvlcdip_invoice_00669.jpg
data/raw/pool/syn_hard_pos_00633.jpg,1,train,data/raw/pool/pos_cord_receipts_00292.jpg
data/raw/pool/syn_hard_pos_00634.jpg,1,train,data/raw/pool/pos_rvlcdip_invoice_00113.jpg
data/raw/pool/syn_hard_pos_00635.jpg,1,train,data/raw/pool/pos_sroie_receipts_00145.jpg
data/raw/pool/syn_hard_pos_00636.jpg,1,train,data/raw/pool/pos_rvlcdip_invoice_00528.jpg
data/raw/pool/syn_hard_pos_00638.jpg,1,train,data/raw/pool/pos_sroie_receipts_00221.jpg
data/raw/pool/syn_hard_pos_00639.jpg,1,train,data/raw/pool/pos_rvlcdip_invoice_01494.jpg
data/raw/pool/syn_hard_pos_00640.jpg,1,train,data/raw/pool/pos_sroie_receipts_00079.jpg
data/raw/pool/syn_hard_pos_00641.jpg,1,train,data/raw/pool/pos_rvlcdip_invoice_00972.jpg
data/raw/pool/syn_hard_pos_00642.jpg,1,train,data/raw/pool/pos_rvlcdip_invoice_00494.jpg
data/raw/pool/syn_hard_pos_00643.jpg,1,train,data/raw/pool/pos_rvlcdip_invoice_00538.jpg
data/raw/pool/syn_hard_pos_00644.jpg,1,train,data/raw/pool/pos_rvlcdip_invoice_00615.jpg
data/raw/pool/syn_hard_pos_00645.jpg,1,train,data/raw/pool/pos_rvlcdip_invoice_00301.jpg
data/raw/pool/syn_hard_pos_00646.jpg,1,train,data/raw/pool/pos_sroie_receipts_00098.jpg
data/raw/pool/syn_hard_pos_00647.jpg,1,train,data/raw/pool/pos_rvlcdip_invoice_01013.jpg
data/raw/pool/syn_hard_pos_00648.jpg,1,train,data/raw/pool/pos_rvlcdip_invoice_00377.jpg
data/raw/pool/syn_hard_pos_00649.jpg,1,train,data/raw/pool/pos_rvlcdip_invoice_01612.jpg
data/raw/pool/syn_hard_pos_00650.jpg,1,train,data/raw/pool/pos_rvlcdip_invoice_00526.jpg
data/raw/pool/syn_hard_pos_00652.jpg,1,train,data/raw/pool/pos_rvlcdip_invoice_00530.jpg
data/raw/pool/syn_hard_pos_00653.jpg,1,train,data/raw/pool/pos_sroie_receipts_00323.jpg
data/raw/pool/syn_hard_pos_00654.jpg,1,train,data/raw/pool/pos_rvlcdip_invoice_01370.jpg
data/raw/pool/syn_hard_pos_00655.jpg,1,train,data/raw/pool/pos_rvlcdip_invoice_00633.jpg
data/raw/pool/syn_hard_pos_00656.jpg,1,train,data/raw/pool/pos_cord_receipts_00273.jpg
data/raw/pool/syn_hard_pos_00657.jpg,1,train,data/raw/pool/pos_rvlcdip_invoice_00691.jpg
data/raw/pool/syn_hard_pos_00658.jpg,1,train,data/raw/pool/pos_cord_receipts_00218.jpg
data/raw/pool/syn_hard_pos_00659.jpg,1,train,data/raw/pool/pos_rvlcdip_invoice_00039.jpg
data/raw/pool/syn_hard_pos_00660.jpg,1,train,data/raw/pool/pos_rvlcdip_invoice_00929.jpg
data/raw/pool/syn_hard_pos_00662.jpg,1,train,data/raw/pool/pos_rvlcdip_invoice_01014.jpg
data/raw/pool/syn_hard_pos_00663.jpg,1,train,data/raw/pool/pos_rvlcdip_invoice_01220.jpg
data/raw/pool/syn_hard_pos_00664.jpg,1,train,data/raw/pool/pos_cord_receipts_00249.jpg
data/raw/pool/syn_hard_pos_00665.jpg,1,train,data/raw/pool/pos_rvlcdip_invoice_00489.jpg
data/raw/pool/syn_hard_pos_00666.jpg,1,train,data/raw/pool/pos_rvlcdip_invoice_01480.jpg
data/raw/pool/syn_hard_pos_00667.jpg,1,train,data/raw/pool/pos_sroie_receipts_00035.jpg
data/raw/pool/syn_hard_pos_00668.jpg,1,train,data/raw/pool/pos_rvlcdip_invoice_00273.jpg
data/raw/pool/syn_hard_pos_00669.jpg,1,train,data/raw/pool/pos_rvlcdip_invoice_00976.jpg
data/raw/pool/syn_hard_pos_00670.jpg,1,train,data/raw/pool/pos_rvlcdip_invoice_01766.jpg
data/raw/pool/syn_hard_pos_00671.jpg,1,train,data/raw/pool/pos_rvlcdip_invoice_00083.jpg
data/raw/pool/syn_hard_pos_00672.jpg,1,train,data/raw/pool/pos_rvlcdip_invoice_00641.jpg
data/raw/pool/syn_hard_pos_00674.jpg,1,train,data/raw/pool/pos_cord_receipts_00470.jpg
data/raw/pool/syn_hard_pos_00675.jpg,1,train,data/raw/pool/pos_rvlcdip_invoice_01248.jpg
data/raw/pool/syn_hard_pos_00677.jpg,1,train,data/raw/pool/pos_rvlcdip_invoice_00645.jpg
data/raw/pool/syn_hard_pos_00678.jpg,1,train,data/raw/pool/pos_rvlcdip_invoice_01193.jpg
data/raw/pool/syn_hard_pos_00679.jpg,1,train,data/raw/pool/pos_rvlcdip_invoice_00852.jpg
data/raw/pool/syn_hard_pos_00680.jpg,1,train,data/raw/pool/pos_sroie_receipts_00425.jpg
data/raw/pool/syn_hard_pos_00681.jpg,1,train,data/raw/pool/pos_rvlcdip_invoice_00480.jpg
data/raw/pool/syn_hard_pos_00683.jpg,1,train,data/raw/pool/pos_rvlcdip_invoice_01621.jpg
data/raw/pool/syn_hard_pos_00684.jpg,1,train,data/raw/pool/pos_sroie_receipts_00396.jpg
data/raw/pool/syn_hard_pos_00686.jpg,1,train,data/raw/pool/pos_sroie_receipts_00396.jpg
data/raw/pool/syn_hard_pos_00687.jpg,1,train,data/raw/pool/pos_rvlcdip_invoice_01476.jpg
data/raw/pool/syn_hard_pos_00688.jpg,1,train,data/raw/pool/pos_rvlcdip_invoice_01061.jpg
data/raw/pool/syn_hard_pos_00689.jpg,1,train,data/raw/pool/pos_rvlcdip_invoice_01091.jpg
data/raw/pool/syn_hard_pos_00690.jpg,1,train,data/raw/pool/pos_sroie_receipts_00426.jpg
data/raw/pool/syn_hard_pos_00691.jpg,1,train,data/raw/pool/pos_rvlcdip_invoice_00365.jpg
data/raw/pool/syn_hard_pos_00692.jpg,1,train,data/raw/pool/pos_sroie_receipts_00390.jpg
data/raw/pool/syn_hard_pos_00693.jpg,1,train,data/raw/pool/pos_rvlcdip_invoice_01438.jpg
data/raw/pool/syn_hard_pos_00695.jpg,1,train,data/raw/pool/pos_cord_receipts_00123.jpg
data/raw/pool/syn_hard_pos_00696.jpg,1,train,data/raw/pool/pos_sroie_receipts_00261.jpg
data/raw/pool/syn_hard_pos_00697.jpg,1,train,data/raw/pool/pos_rvlcdip_invoice_01570.jpg
data/raw/pool/syn_hard_pos_00698.jpg,1,train,data/raw/pool/pos_rvlcdip_invoice_00183.jpg
data/raw/pool/syn_hard_pos_00700.jpg,1,train,data/raw/pool/pos_rvlcdip_invoice_00963.jpg
data/raw/pool/syn_hard_pos_00701.jpg,1,train,data/raw/pool/pos_cord_receipts_00598.jpg
data/raw/pool/syn_hard_pos_00702.jpg,1,train,data/raw/pool/pos_rvlcdip_invoice_01492.jpg
data/raw/pool/syn_hard_pos_00703.jpg,1,train,data/raw/pool/pos_rvlcdip_invoice_00823.jpg
data/raw/pool/syn_hard_pos_00705.jpg,1,train,data/raw/pool/pos_rvlcdip_invoice_00287.jpg
data/raw/pool/syn_hard_pos_00706.jpg,1,train,data/raw/pool/pos_rvlcdip_invoice_00550.jpg
data/raw/pool/syn_hard_pos_00708.jpg,1,train,data/raw/pool/pos_rvlcdip_invoice_00781.jpg
data/raw/pool/syn_hard_pos_00709.jpg,1,train,data/raw/pool/pos_sroie_receipts_00171.jpg
data/raw/pool/syn_hard_pos_00711.jpg,1,train,data/raw/pool/pos_cord_receipts_00341.jpg
data/raw/pool/syn_hard_pos_00712.jpg,1,train,data/raw/pool/pos_rvlcdip_invoice_01777.jpg
data/raw/pool/syn_hard_pos_00713.jpg,1,train,data/raw/pool/pos_cord_receipts_00434.jpg
data/raw/pool/syn_hard_pos_00714.jpg,1,train,data/raw/pool/pos_rvlcdip_invoice_01262.jpg
data/raw/pool/syn_hard_pos_00715.jpg,1,train,data/raw/pool/pos_rvlcdip_invoice_00864.jpg
data/raw/pool/syn_hard_pos_00716.jpg,1,train,data/raw/pool/pos_rvlcdip_invoice_00918.jpg
data/raw/pool/syn_hard_pos_00717.jpg,1,train,data/raw/pool/pos_sroie_receipts_00395.jpg
data/raw/pool/syn_hard_pos_00718.jpg,1,train,data/raw/pool/pos_rvlcdip_invoice_01676.jpg
data/raw/pool/syn_hard_pos_00719.jpg,1,train,data/raw/pool/pos_sroie_receipts_00464.jpg
data/raw/pool/syn_hard_pos_00720.jpg,1,train,data/raw/pool/pos_cord_receipts_00440.jpg
data/raw/pool/syn_hard_pos_00722.jpg,1,train,data/raw/pool/pos_rvlcdip_invoice_00294.jpg
data/raw/pool/syn_hard_pos_00723.jpg,1,train,data/raw/pool/pos_rvlcdip_invoice_00299.jpg
data/raw/pool/syn_hard_pos_00727.jpg,1,train,data/raw/pool/pos_rvlcdip_invoice_00160.jpg
data/raw/pool/syn_hard_pos_00728.jpg,1,train,data/raw/pool/pos_rvlcdip_invoice_01423.jpg
data/raw/pool/syn_hard_pos_00729.jpg,1,train,data/raw/pool/pos_rvlcdip_invoice_00798.jpg
data/raw/pool/syn_hard_pos_00730.jpg,1,train,data/raw/pool/pos_rvlcdip_invoice_00378.jpg
data/raw/pool/syn_hard_pos_00732.jpg,1,train,data/raw/pool/pos_rvlcdip_invoice_00092.jpg
data/raw/pool/syn_hard_pos_00733.jpg,1,train,data/raw/pool/pos_sroie_receipts_00406.jpg
data/raw/pool/syn_hard_pos_00735.jpg,1,train,data/raw/pool/pos_rvlcdip_invoice_01480.jpg
data/raw/pool/syn_hard_pos_00736.jpg,1,train,data/raw/pool/pos_cord_receipts_00311.jpg
data/raw/pool/syn_hard_pos_00737.jpg,1,train,data/raw/pool/pos_rvlcdip_invoice_01513.jpg
data/raw/pool/syn_hard_pos_00738.jpg,1,train,data/raw/pool/pos_rvlcdip_invoice_00490.jpg
data/raw/pool/syn_hard_pos_00739.jpg,1,train,data/raw/pool/pos_cord_receipts_00145.jpg
data/raw/pool/syn_hard_pos_00740.jpg,1,train,data/raw/pool/pos_rvlcdip_invoice_00166.jpg
data/raw/pool/syn_hard_pos_00741.jpg,1,train,data/raw/pool/pos_rvlcdip_invoice_01214.jpg
data/raw/pool/syn_hard_pos_00742.jpg,1,train,data/raw/pool/pos_rvlcdip_invoice_00206.jpg
data/raw/pool/syn_hard_pos_00743.jpg,1,train,data/raw/pool/pos_rvlcdip_invoice_00987.jpg
data/raw/pool/syn_hard_pos_00744.jpg,1,train,data/raw/pool/pos_rvlcdip_invoice_00479.jpg
data/raw/pool/syn_hard_pos_00746.jpg,1,train,data/raw/pool/pos_rvlcdip_invoice_00719.jpg
data/raw/pool/syn_hard_pos_00749.jpg,1,train,data/raw/pool/pos_rvlcdip_invoice_00595.jpg
data/raw/pool/syn_hard_pos_00750.jpg,1,train,data/raw/pool/pos_rvlcdip_invoice_01186.jpg
data/raw/pool/syn_hard_pos_00751.jpg,1,train,data/raw/pool/pos_rvlcdip_invoice_00037.jpg
data/raw/pool/syn_hard_pos_00753.jpg,1,train,data/raw/pool/pos_rvlcdip_invoice_00942.jpg
data/raw/pool/syn_hard_pos_00754.jpg,1,train,data/raw/pool/pos_rvlcdip_invoice_00849.jpg
data/raw/pool/syn_hard_pos_00755.jpg,1,train,data/raw/pool/pos_rvlcdip_invoice_01127.jpg
data/raw/pool/syn_hard_pos_00756.jpg,1,train,data/raw/pool/pos_rvlcdip_invoice_00005.jpg
data/raw/pool/syn_hard_pos_00758.jpg,1,train,data/raw/pool/pos_rvlcdip_invoice_00693.jpg
data/raw/pool/syn_hard_pos_00759.jpg,1,train,data/raw/pool/pos_rvlcdip_invoice_01233.jpg
data/raw/pool/syn_hard_pos_00761.jpg,1,train,data/raw/pool/pos_sroie_receipts_00032.jpg
data/raw/pool/syn_hard_pos_00762.jpg,1,train,data/raw/pool/pos_sroie_receipts_00395.jpg
data/raw/pool/syn_hard_pos_00763.jpg,1,train,data/raw/pool/pos_rvlcdip_invoice_01736.jpg
data/raw/pool/syn_hard_pos_00764.jpg,1,train,data/raw/pool/pos_cord_receipts_00084.jpg
data/raw/pool/syn_hard_pos_00765.jpg,1,train,data/raw/pool/pos_rvlcdip_invoice_00769.jpg
data/raw/pool/syn_hard_pos_00766.jpg,1,train,data/raw/pool/pos_sroie_receipts_00269.jpg
data/raw/pool/syn_hard_pos_00767.jpg,1,train,data/raw/pool/pos_rvlcdip_invoice_00469.jpg
data/raw/pool/syn_hard_pos_00768.jpg,1,train,data/raw/pool/pos_rvlcdip_invoice_01687.jpg
data/raw/pool/syn_hard_pos_00769.jpg,1,train,data/raw/pool/pos_cord_receipts_00577.jpg
data/raw/pool/syn_hard_pos_00770.jpg,1,train,data/raw/pool/pos_rvlcdip_invoice_00622.jpg
data/raw/pool/syn_hard_pos_00772.jpg,1,train,data/raw/pool/pos_sroie_receipts_00252.jpg
data/raw/pool/syn_hard_pos_00773.jpg,1,train,data/raw/pool/pos_sroie_receipts_00211.jpg
data/raw/pool/syn_hard_pos_00774.jpg,1,train,data/raw/pool/pos_cord_receipts_00238.jpg
data/raw/pool/syn_hard_pos_00775.jpg,1,train,data/raw/pool/pos_rvlcdip_invoice_00608.jpg
data/raw/pool/syn_hard_pos_00778.jpg,1,train,data/raw/pool/pos_sroie_receipts_00108.jpg
data/raw/pool/syn_hard_pos_00779.jpg,1,train,data/raw/pool/pos_rvlcdip_invoice_00602.jpg
data/raw/pool/syn_hard_pos_00780.jpg,1,train,data/raw/pool/pos_rvlcdip_invoice_00662.jpg
data/raw/pool/syn_hard_pos_00781.jpg,1,train,data/raw/pool/pos_rvlcdip_invoice_00993.jpg
data/raw/pool/syn_hard_pos_00782.jpg,1,train,data/raw/pool/pos_rvlcdip_invoice_01473.jpg
data/raw/pool/syn_hard_pos_00784.jpg,1,train,data/raw/pool/pos_rvlcdip_invoice_00335.jpg
data/raw/pool/syn_hard_pos_00785.jpg,1,train,data/raw/pool/pos_rvlcdip_invoice_00418.jpg
data/raw/pool/syn_hard_pos_00786.jpg,1,train,data/raw/pool/pos_rvlcdip_invoice_00793.jpg
data/raw/pool/syn_hard_pos_00787.jpg,1,train,data/raw/pool/pos_sroie_receipts_00345.jpg
data/raw/pool/syn_hard_pos_00788.jpg,1,train,data/raw/pool/pos_rvlcdip_invoice_01042.jpg
data/raw/pool/syn_hard_pos_00789.jpg,1,train,data/raw/pool/pos_rvlcdip_invoice_00633.jpg
data/raw/pool/syn_hard_pos_00792.jpg,1,train,data/raw/pool/pos_rvlcdip_invoice_01133.jpg
data/raw/pool/syn_hard_pos_00794.jpg,1,train,data/raw/pool/pos_rvlcdip_invoice_01515.jpg
data/raw/pool/syn_hard_pos_00796.jpg,1,train,data/raw/pool/pos_rvlcdip_invoice_01509.jpg
data/raw/pool/syn_hard_pos_00797.jpg,1,train,data/raw/pool/pos_rvlcdip_invoice_00442.jpg
data/raw/pool/syn_hard_pos_00798.jpg,1,train,data/raw/pool/pos_rvlcdip_invoice_00350.jpg
data/raw/pool/syn_hard_pos_00799.jpg,1,train,data/raw/pool/pos_rvlcdip_invoice_00267.jpg
data/raw/pool/syn_hard_pos_00802.jpg,1,train,data/raw/pool/pos_sroie_receipts_00246.jpg
data/raw/pool/syn_hard_pos_00804.jpg,1,train,data/raw/pool/pos_rvlcdip_invoice_00122.jpg
data/raw/pool/syn_hard_pos_00805.jpg,1,train,data/raw/pool/pos_sroie_receipts_00213.jpg
data/raw/pool/syn_hard_pos_00806.jpg,1,train,data/raw/pool/pos_sroie_receipts_00417.jpg
data/raw/pool/syn_hard_pos_00807.jpg,1,train,data/raw/pool/pos_rvlcdip_invoice_01017.jpg
data/raw/pool/syn_hard_pos_00808.jpg,1,train,data/raw/pool/pos_sroie_receipts_00214.jpg
data/raw/pool/syn_hard_pos_00810.jpg,1,train,data/raw/pool/pos_rvlcdip_invoice_01091.jpg
data/raw/pool/syn_hard_pos_00811.jpg,1,train,data/raw/pool/pos_cord_receipts_00238.jpg
data/raw/pool/syn_hard_pos_00812.jpg,1,train,data/raw/pool/pos_rvlcdip_invoice_00705.jpg
data/raw/pool/syn_hard_pos_00813.jpg,1,train,data/raw/pool/pos_sroie_receipts_00171.jpg
data/raw/pool/syn_hard_pos_00814.jpg,1,train,data/raw/pool/pos_rvlcdip_invoice_00938.jpg
data/raw/pool/syn_hard_pos_00815.jpg,1,train,data/raw/pool/pos_rvlcdip_invoice_00627.jpg
data/raw/pool/syn_hard_pos_00817.jpg,1,train,data/raw/pool/pos_rvlcdip_invoice_01579.jpg
data/raw/pool/syn_hard_pos_00818.jpg,1,train,data/raw/pool/pos_rvlcdip_invoice_00019.jpg
data/raw/pool/syn_hard_pos_00819.jpg,0,train,data/raw/pool/neg_rvlcdip_other_00538.jpg
data/raw/pool/syn_hard_pos_00821.jpg,1,train,data/raw/pool/pos_rvlcdip_invoice_00154.jpg
data/raw/pool/syn_hard_pos_00823.jpg,1,train,data/raw/pool/pos_sroie_receipts_00222.jpg
data/raw/pool/syn_hard_pos_00824.jpg,1,train,data/raw/pool/pos_rvlcdip_invoice_00331.jpg
data/raw/pool/syn_hard_pos_00825.jpg,1,train,data/raw/pool/pos_rvlcdip_invoice_00867.jpg
data/raw/pool/syn_hard_pos_00826.jpg,1,train,data/raw/pool/pos_cord_receipts_00104.jpg
data/raw/pool/syn_hard_pos_00827.jpg,1,train,data/raw/pool/pos_rvlcdip_invoice_01123.jpg
data/raw/pool/syn_hard_pos_00828.jpg,1,train,data/raw/pool/pos_rvlcdip_invoice_01387.jpg
data/raw/pool/syn_hard_pos_00831.jpg,1,train,data/raw/pool/pos_rvlcdip_invoice_01384.jpg
data/raw/pool/syn_hard_pos_00832.jpg,1,train,data/raw/pool/pos_rvlcdip_invoice_01159.jpg
data/raw/pool/syn_hard_pos_00834.jpg,1,train,data/raw/pool/pos_rvlcdip_invoice_01600.jpg
data/raw/pool/syn_hard_pos_00835.jpg,1,train,data/raw/pool/pos_sroie_receipts_00196.jpg
data/raw/pool/syn_hard_pos_00836.jpg,1,train,data/raw/pool/pos_rvlcdip_invoice_01438.jpg
data/raw/pool/syn_hard_pos_00837.jpg,1,train,data/raw/pool/pos_sroie_receipts_00330.jpg
data/raw/pool/syn_hard_pos_00838.jpg,1,train,data/raw/pool/pos_rvlcdip_invoice_00788.jpg
data/raw/pool/syn_hard_pos_00839.jpg,1,train,data/raw/pool/pos_rvlcdip_invoice_00962.jpg
data/raw/pool/syn_hard_pos_00840.jpg,1,train,data/raw/pool/pos_cord_receipts_00470.jpg
data/raw/pool/syn_hard_pos_00841.jpg,1,train,data/raw/pool/pos_sroie_receipts_00456.jpg
data/raw/pool/syn_hard_pos_00842.jpg,1,train,data/raw/pool/pos_rvlcdip_invoice_01237.jpg
data/raw/pool/syn_hard_pos_00843.jpg,1,train,data/raw/pool/pos_sroie_receipts_00332.jpg
data/raw/pool/syn_hard_pos_00844.jpg,1,train,data/raw/pool/pos_rvlcdip_invoice_01249.jpg
data/raw/pool/syn_hard_pos_00845.jpg,1,train,data/raw/pool/pos_rvlcdip_invoice_00792.jpg
data/raw/pool/syn_hard_pos_00846.jpg,1,train,data/raw/pool/pos_cord_receipts_00319.jpg
data/raw/pool/syn_hard_pos_00847.jpg,1,train,data/raw/pool/pos_rvlcdip_invoice_01361.jpg
data/raw/pool/syn_hard_pos_00848.jpg,1,train,data/raw/pool/pos_cord_receipts_00439.jpg
data/raw/pool/syn_hard_pos_00849.jpg,1,train,data/raw/pool/pos_rvlcdip_invoice_00197.jpg
data/raw/pool/syn_hard_pos_00850.jpg,1,train,data/raw/pool/pos_rvlcdip_invoice_00534.jpg
data/raw/pool/syn_hard_pos_00851.jpg,1,train,data/raw/pool/pos_rvlcdip_invoice_00011.jpg
data/raw/pool/syn_hard_pos_00852.jpg,1,train,data/raw/pool/pos_cord_receipts_00464.jpg
data/raw/pool/syn_hard_pos_00853.jpg,1,train,data/raw/pool/pos_rvlcdip_invoice_00151.jpg
data/raw/pool/syn_hard_pos_00854.jpg,1,train,data/raw/pool/pos_rvlcdip_invoice_00984.jpg
data/raw/pool/syn_hard_pos_00855.jpg,1,train,data/raw/pool/pos_rvlcdip_invoice_01725.jpg
data/raw/pool/syn_hard_pos_00856.jpg,1,train,data/raw/pool/pos_rvlcdip_invoice_01178.jpg
data/raw/pool/syn_hard_pos_00857.jpg,1,train,data/raw/pool/pos_rvlcdip_invoice_01766.jpg
data/raw/pool/syn_hard_pos_00858.jpg,1,train,data/raw/pool/pos_cord_receipts_00417.jpg
data/raw/pool/syn_hard_pos_00860.jpg,1,train,data/raw/pool/pos_sroie_receipts_00106.jpg
data/raw/pool/syn_hard_pos_00862.jpg,1,train,data/raw/pool/pos_rvlcdip_invoice_00389.jpg
data/raw/pool/syn_hard_pos_00863.jpg,1,train,data/raw/pool/pos_rvlcdip_invoice_00777.jpg
data/raw/pool/syn_hard_pos_00864.jpg,1,train,data/raw/pool/pos_cord_receipts_00213.jpg
data/raw/pool/syn_hard_pos_00865.jpg,1,train,data/raw/pool/pos_rvlcdip_invoice_00013.jpg
data/raw/pool/syn_hard_pos_00867.jpg,1,train,data/raw/pool/pos_rvlcdip_invoice_01715.jpg
data/raw/pool/syn_hard_pos_00868.jpg,1,train,data/raw/pool/pos_rvlcdip_invoice_00069.jpg
data/raw/pool/syn_hard_pos_00869.jpg,1,train,data/raw/pool/pos_rvlcdip_invoice_00013.jpg
data/raw/pool/syn_hard_pos_00871.jpg,1,train,data/raw/pool/pos_sroie_receipts_00210.jpg
data/raw/pool/syn_hard_pos_00873.jpg,1,train,data/raw/pool/pos_rvlcdip_invoice_01703.jpg
data/raw/pool/syn_hard_pos_00874.jpg,1,train,data/raw/pool/pos_rvlcdip_invoice_01441.jpg
data/raw/pool/syn_hard_pos_00875.jpg,1,train,data/raw/pool/pos_rvlcdip_invoice_00360.jpg
data/raw/pool/syn_hard_pos_00878.jpg,1,train,data/raw/pool/pos_rvlcdip_invoice_01299.jpg
data/raw/pool/syn_hard_pos_00879.jpg,1,train,data/raw/pool/pos_rvlcdip_invoice_00125.jpg
data/raw/pool/syn_hard_pos_00880.jpg,1,train,data/raw/pool/pos_rvlcdip_invoice_00668.jpg
data/raw/pool/syn_hard_pos_00881.jpg,1,train,data/raw/pool/pos_rvlcdip_invoice_01109.jpg
data/raw/pool/syn_hard_pos_00882.jpg,1,train,data/raw/pool/pos_cord_receipts_00162.jpg
data/raw/pool/syn_hard_pos_00884.jpg,1,train,data/raw/pool/pos_rvlcdip_invoice_00758.jpg
data/raw/pool/syn_hard_pos_00885.jpg,1,train,data/raw/pool/pos_sroie_receipts_00288.jpg
data/raw/pool/syn_hard_pos_00886.jpg,1,train,data/raw/pool/pos_rvlcdip_invoice_01214.jpg
data/raw/pool/syn_hard_pos_00887.jpg,1,train,data/raw/pool/pos_sroie_receipts_00051.jpg
data/raw/pool/syn_hard_pos_00888.jpg,1,train,data/raw/pool/pos_rvlcdip_invoice_00433.jpg
data/raw/pool/syn_hard_pos_00890.jpg,1,train,data/raw/pool/pos_rvlcdip_invoice_00368.jpg
data/raw/pool/syn_hard_pos_00891.jpg,1,train,data/raw/pool/pos_sroie_receipts_00310.jpg
data/raw/pool/syn_hard_pos_00892.jpg,1,train,data/raw/pool/pos_cord_receipts_00022.jpg
data/raw/pool/syn_hard_pos_00893.jpg,1,train,data/raw/pool/pos_rvlcdip_invoice_01464.jpg
data/raw/pool/syn_hard_pos_00894.jpg,1,train,data/raw/pool/pos_rvlcdip_invoice_01648.jpg
data/raw/pool/syn_hard_pos_00895.jpg,1,train,data/raw/pool/pos_rvlcdip_invoice_00405.jpg
data/raw/pool/syn_hard_pos_00896.jpg,1,train,data/raw/pool/pos_rvlcdip_invoice_00666.jpg
data/raw/pool/syn_hard_pos_00897.jpg,1,train,data/raw/pool/pos_rvlcdip_invoice_01534.jpg
data/raw/pool/syn_hard_pos_00899.jpg,1,train,data/raw/pool/pos_rvlcdip_invoice_00123.jpg
data/raw/pool/syn_hard_neg_00000.jpg,0,train,data/raw/pool/neg_rvlcdip_other_01527.jpg
data/raw/pool/syn_hard_neg_00001.jpg,1,train,data/raw/pool/pos_cord_receipts_00072.jpg
data/raw/pool/syn_hard_neg_00004.jpg,0,train,data/raw/pool/neg_rvlcdip_other_01356.jpg
data/raw/pool/syn_hard_neg_00005.jpg,1,train,data/raw/pool/pos_cord_receipts_00423.jpg
data/raw/pool/syn_hard_neg_00006.jpg,0,train,data/raw/pool/neg_rvlcdip_other_00637.jpg
data/raw/pool/syn_hard_neg_00007.jpg,1,train,data/raw/pool/pos_sroie_receipts_00074.jpg
data/raw/pool/syn_hard_neg_00008.jpg,0,train,data/raw/pool/neg_rvlcdip_other_01749.jpg
data/raw/pool/syn_hard_neg_00009.jpg,0,train,data/raw/pool/neg_rvlcdip_other_01502.jpg
data/raw/pool/syn_hard_neg_00010.jpg,0,train,data/raw/pool/neg_rvlcdip_other_00868.jpg
data/raw/pool/syn_hard_neg_00011.jpg,1,train,data/raw/pool/pos_sroie_receipts_00103.jpg
data/raw/pool/syn_hard_neg_00012.jpg,0,train,data/raw/pool/neg_rvlcdip_other_01041.jpg
data/raw/pool/syn_hard_neg_00015.jpg,0,train,data/raw/pool/neg_rvlcdip_other_00181.jpg
data/raw/pool/syn_hard_neg_00016.jpg,0,train,data/raw/pool/neg_rvlcdip_other_01652.jpg
data/raw/pool/syn_hard_neg_00017.jpg,0,train,data/raw/pool/neg_rvlcdip_other_01284.jpg
data/raw/pool/syn_hard_neg_00019.jpg,0,train,data/raw/pool/neg_rvlcdip_other_00738.jpg
data/raw/pool/syn_hard_neg_00021.jpg,1,train,data/raw/pool/pos_rvlcdip_invoice_00191.jpg
data/raw/pool/syn_hard_neg_00023.jpg,1,train,data/raw/pool/pos_cord_receipts_00413.jpg
data/raw/pool/syn_hard_neg_00024.jpg,1,train,data/raw/pool/pos_sroie_receipts_00529.jpg
data/raw/pool/syn_hard_neg_00025.jpg,0,train,data/raw/pool/neg_rvlcdip_other_00229.jpg
data/raw/pool/syn_hard_neg_00026.jpg,0,train,data/raw/pool/neg_rvlcdip_other_00270.jpg
data/raw/pool/syn_hard_neg_00027.jpg,0,train,data/raw/pool/neg_rvlcdip_other_00908.jpg
data/raw/pool/syn_hard_neg_00029.jpg,0,train,data/raw/pool/neg_rvlcdip_other_00655.jpg
data/raw/pool/syn_hard_neg_00030.jpg,0,train,data/raw/pool/neg_rvlcdip_other_00171.jpg
data/raw/pool/syn_hard_neg_00031.jpg,0,train,data/raw/pool/neg_rvlcdip_other_00770.jpg
data/raw/pool/syn_hard_neg_00033.jpg,1,train,data/raw/pool/pos_cord_receipts_00365.jpg
data/raw/pool/syn_hard_neg_00034.jpg,1,train,data/raw/pool/pos_sroie_receipts_00363.jpg
data/raw/pool/syn_hard_neg_00035.jpg,0,train,data/raw/pool/neg_rvlcdip_other_01642.jpg
data/raw/pool/syn_hard_neg_00036.jpg,0,train,data/raw/pool/neg_rvlcdip_other_00355.jpg
data/raw/pool/syn_hard_neg_00037.jpg,0,train,data/raw/pool/neg_rvlcdip_other_00312.jpg
data/raw/pool/syn_hard_neg_00039.jpg,0,train,data/raw/pool/neg_rvlcdip_other_00438.jpg
data/raw/pool/syn_hard_neg_00040.jpg,0,train,data/raw/pool/neg_rvlcdip_other_00362.jpg
data/raw/pool/syn_hard_neg_00041.jpg,0,train,data/raw/pool/neg_rvlcdip_other_00731.jpg
data/raw/pool/syn_hard_neg_00042.jpg,0,train,data/raw/pool/neg_rvlcdip_other_00000.jpg
data/raw/pool/syn_hard_neg_00044.jpg,1,train,data/raw/pool/pos_cord_receipts_00528.jpg
data/raw/pool/syn_hard_neg_00045.jpg,0,train,data/raw/pool/neg_rvlcdip_other_01469.jpg
data/raw/pool/syn_hard_neg_00046.jpg,0,train,data/raw/pool/neg_rvlcdip_other_00935.jpg
data/raw/pool/syn_hard_neg_00047.jpg,1,train,data/raw/pool/pos_sroie_receipts_00343.jpg
data/raw/pool/syn_hard_neg_00048.jpg,1,train,data/raw/pool/pos_cord_receipts_00222.jpg
data/raw/pool/syn_hard_neg_00050.jpg,1,train,data/raw/pool/pos_cord_receipts_00149.jpg
data/raw/pool/syn_hard_neg_00051.jpg,0,train,data/raw/pool/neg_rvlcdip_other_00107.jpg
data/raw/pool/syn_hard_neg_00052.jpg,0,train,data/raw/pool/neg_rvlcdip_other_01454.jpg
data/raw/pool/syn_hard_neg_00053.jpg,1,train,data/raw/pool/pos_sroie_receipts_00340.jpg
data/raw/pool/syn_hard_neg_00054.jpg,0,train,data/raw/pool/neg_rvlcdip_other_00369.jpg
data/raw/pool/syn_hard_neg_00055.jpg,1,train,data/raw/pool/pos_cord_receipts_00030.jpg
data/raw/pool/syn_hard_neg_00057.jpg,0,train,data/raw/pool/neg_rvlcdip_other_00627.jpg
data/raw/pool/syn_hard_neg_00058.jpg,1,train,data/raw/pool/pos_cord_receipts_00259.jpg
data/raw/pool/syn_hard_neg_00059.jpg,1,train,data/raw/pool/pos_sroie_receipts_00375.jpg
data/raw/pool/syn_hard_neg_00060.jpg,1,train,data/raw/pool/pos_sroie_receipts_00121.jpg
data/raw/pool/syn_hard_neg_00061.jpg,0,train,data/raw/pool/neg_rvlcdip_other_00382.jpg
data/raw/pool/syn_hard_neg_00062.jpg,1,train,data/raw/pool/pos_rvlcdip_invoice_00969.jpg
data/raw/pool/syn_hard_neg_00064.jpg,1,train,data/raw/pool/pos_sroie_receipts_00540.jpg
data/raw/pool/syn_hard_neg_00067.jpg,0,train,data/raw/pool/neg_rvlcdip_other_01788.jpg
data/raw/pool/syn_hard_neg_00068.jpg,0,train,data/raw/pool/neg_rvlcdip_other_00023.jpg
data/raw/pool/syn_hard_neg_00069.jpg,0,train,data/raw/pool/neg_rvlcdip_other_00579.jpg
data/raw/pool/syn_hard_neg_00071.jpg,0,train,data/raw/pool/neg_rvlcdip_other_00308.jpg
data/raw/pool/syn_hard_neg_00072.jpg,0,train,data/raw/pool/neg_rvlcdip_other_00347.jpg
data/raw/pool/syn_hard_neg_00074.jpg,0,train,data/raw/pool/neg_rvlcdip_other_00839.jpg
data/raw/pool/syn_hard_neg_00075.jpg,0,train,data/raw/pool/neg_rvlcdip_other_01618.jpg
data/raw/pool/syn_hard_neg_00077.jpg,0,train,data/raw/pool/neg_rvlcdip_other_01505.jpg
data/raw/pool/syn_hard_neg_00078.jpg,1,train,data/raw/pool/pos_cord_receipts_00230.jpg
data/raw/pool/syn_hard_neg_00079.jpg,0,train,data/raw/pool/neg_rvlcdip_other_01041.jpg
data/raw/pool/syn_hard_neg_00080.jpg,0,train,data/raw/pool/neg_rvlcdip_other_01354.jpg
data/raw/pool/syn_hard_neg_00081.jpg,0,train,data/raw/pool/neg_rvlcdip_other_01137.jpg
data/raw/pool/syn_hard_neg_00082.jpg,0,train,data/raw/pool/neg_rvlcdip_other_01558.jpg
data/raw/pool/syn_hard_neg_00083.jpg,0,train,data/raw/pool/neg_rvlcdip_other_00810.jpg
data/raw/pool/syn_hard_neg_00084.jpg,0,train,data/raw/pool/neg_rvlcdip_other_01503.jpg
data/raw/pool/syn_hard_neg_00085.jpg,0,train,data/raw/pool/neg_rvlcdip_other_00647.jpg
data/raw/pool/syn_hard_neg_00087.jpg,0,train,data/raw/pool/neg_rvlcdip_other_01724.jpg
data/raw/pool/syn_hard_neg_00088.jpg,0,train,data/raw/pool/neg_rvlcdip_other_00836.jpg
data/raw/pool/syn_hard_neg_00089.jpg,1,train,data/raw/pool/pos_cord_receipts_00217.jpg
data/raw/pool/syn_hard_neg_00090.jpg,0,train,data/raw/pool/neg_rvlcdip_other_00286.jpg
data/raw/pool/syn_hard_neg_00091.jpg,0,train,data/raw/pool/neg_rvlcdip_other_00774.jpg
data/raw/pool/syn_hard_neg_00092.jpg,0,train,data/raw/pool/neg_rvlcdip_other_01431.jpg
data/raw/pool/syn_hard_neg_00094.jpg,0,train,data/raw/pool/neg_rvlcdip_other_01551.jpg
data/raw/pool/syn_hard_neg_00095.jpg,0,train,data/raw/pool/neg_rvlcdip_other_00252.jpg
data/raw/pool/syn_hard_neg_00096.jpg,0,train,data/raw/pool/neg_rvlcdip_other_01684.jpg
data/raw/pool/syn_hard_neg_00097.jpg,0,train,data/raw/pool/neg_rvlcdip_other_00459.jpg
data/raw/pool/syn_hard_neg_00098.jpg,0,train,data/raw/pool/neg_rvlcdip_other_01554.jpg
data/raw/pool/syn_hard_neg_00102.jpg,0,train,data/raw/pool/neg_rvlcdip_other_00138.jpg
data/raw/pool/syn_hard_neg_00103.jpg,0,train,data/raw/pool/neg_rvlcdip_other_01212.jpg
data/raw/pool/syn_hard_neg_00104.jpg,0,train,data/raw/pool/neg_rvlcdip_other_01602.jpg
data/raw/pool/syn_hard_neg_00105.jpg,1,train,data/raw/pool/pos_cord_receipts_00227.jpg
data/raw/pool/syn_hard_neg_00106.jpg,0,train,data/raw/pool/neg_rvlcdip_other_00635.jpg
data/raw/pool/syn_hard_neg_00107.jpg,0,train,data/raw/pool/neg_rvlcdip_other_00101.jpg
data/raw/pool/syn_hard_neg_00108.jpg,1,train,data/raw/pool/pos_sroie_receipts_00260.jpg
data/raw/pool/syn_hard_neg_00109.jpg,0,train,data/raw/pool/neg_rvlcdip_other_00328.jpg
data/raw/pool/syn_hard_neg_00110.jpg,0,train,data/raw/pool/neg_rvlcdip_other_01137.jpg
data/raw/pool/syn_hard_neg_00111.jpg,0,train,data/raw/pool/neg_rvlcdip_other_00894.jpg
data/raw/pool/syn_hard_neg_00112.jpg,1,train,data/raw/pool/pos_cord_receipts_00093.jpg
data/raw/pool/syn_hard_neg_00113.jpg,0,train,data/raw/pool/neg_rvlcdip_other_00973.jpg
data/raw/pool/syn_hard_neg_00114.jpg,1,train,data/raw/pool/pos_cord_receipts_00327.jpg
data/raw/pool/syn_hard_neg_00115.jpg,0,train,data/raw/pool/neg_rvlcdip_other_00472.jpg
data/raw/pool/syn_hard_neg_00117.jpg,1,train,data/raw/pool/pos_rvlcdip_invoice_00473.jpg
data/raw/pool/syn_hard_neg_00118.jpg,0,train,data/raw/pool/neg_rvlcdip_other_01073.jpg
data/raw/pool/syn_hard_neg_00120.jpg,0,train,data/raw/pool/neg_rvlcdip_other_00820.jpg
data/raw/pool/syn_hard_neg_00121.jpg,0,train,data/raw/pool/neg_rvlcdip_other_00162.jpg
data/raw/pool/syn_hard_neg_00122.jpg,0,train,data/raw/pool/neg_rvlcdip_other_01789.jpg
data/raw/pool/syn_hard_neg_00123.jpg,0,train,data/raw/pool/neg_rvlcdip_other_00182.jpg
data/raw/pool/syn_hard_neg_00124.jpg,0,train,data/raw/pool/neg_rvlcdip_other_01307.jpg
data/raw/pool/syn_hard_neg_00125.jpg,0,train,data/raw/pool/neg_rvlcdip_other_00956.jpg
data/raw/pool/syn_hard_neg_00126.jpg,0,train,data/raw/pool/neg_rvlcdip_other_01466.jpg
data/raw/pool/syn_hard_neg_00127.jpg,0,train,data/raw/pool/neg_rvlcdip_other_00620.jpg
data/raw/pool/syn_hard_neg_00128.jpg,0,train,data/raw/pool/neg_rvlcdip_other_01073.jpg
data/raw/pool/syn_hard_neg_00129.jpg,0,train,data/raw/pool/neg_rvlcdip_other_01153.jpg
data/raw/pool/syn_hard_neg_00130.jpg,1,train,data/raw/pool/pos_sroie_receipts_00011.jpg
data/raw/pool/syn_hard_neg_00131.jpg,0,train,data/raw/pool/neg_rvlcdip_other_00562.jpg
data/raw/pool/syn_hard_neg_00133.jpg,0,train,data/raw/pool/neg_rvlcdip_other_01043.jpg
data/raw/pool/syn_hard_neg_00134.jpg,0,train,data/raw/pool/neg_rvlcdip_other_00797.jpg
data/raw/pool/syn_hard_neg_00135.jpg,1,train,data/raw/pool/pos_cord_receipts_00105.jpg
data/raw/pool/syn_hard_neg_00136.jpg,0,train,data/raw/pool/neg_rvlcdip_other_01778.jpg
data/raw/pool/syn_hard_neg_00137.jpg,0,train,data/raw/pool/neg_rvlcdip_other_01389.jpg
data/raw/pool/syn_hard_neg_00138.jpg,1,train,data/raw/pool/pos_sroie_receipts_00585.jpg
data/raw/pool/syn_hard_neg_00139.jpg,0,train,data/raw/pool/neg_rvlcdip_other_00090.jpg
data/raw/pool/syn_hard_neg_00140.jpg,0,train,data/raw/pool/neg_rvlcdip_other_01764.jpg
data/raw/pool/syn_hard_neg_00141.jpg,0,train,data/raw/pool/neg_rvlcdip_other_00112.jpg
data/raw/pool/syn_hard_neg_00142.jpg,0,train,data/raw/pool/neg_rvlcdip_other_00214.jpg
data/raw/pool/syn_hard_neg_00143.jpg,0,train,data/raw/pool/neg_rvlcdip_other_01498.jpg
data/raw/pool/syn_hard_neg_00144.jpg,0,train,data/raw/pool/neg_rvlcdip_other_01109.jpg
data/raw/pool/syn_hard_neg_00145.jpg,0,train,data/raw/pool/neg_rvlcdip_other_00485.jpg
data/raw/pool/syn_hard_neg_00146.jpg,0,train,data/raw/pool/neg_rvlcdip_other_01686.jpg
data/raw/pool/syn_hard_neg_00148.jpg,0,train,data/raw/pool/neg_rvlcdip_other_01428.jpg
data/raw/pool/syn_hard_neg_00149.jpg,1,train,data/raw/pool/pos_cord_receipts_00099.jpg
data/raw/pool/syn_hard_neg_00150.jpg,0,train,data/raw/pool/neg_rvlcdip_other_00101.jpg
data/raw/pool/syn_hard_neg_00151.jpg,0,train,data/raw/pool/neg_rvlcdip_other_00133.jpg
data/raw/pool/syn_hard_neg_00152.jpg,0,train,data/raw/pool/neg_rvlcdip_other_00491.jpg
data/raw/pool/syn_hard_neg_00153.jpg,1,train,data/raw/pool/pos_sroie_receipts_00315.jpg
data/raw/pool/syn_hard_neg_00154.jpg,1,train,data/raw/pool/pos_sroie_receipts_00581.jpg
data/raw/pool/syn_hard_neg_00155.jpg,0,train,data/raw/pool/neg_rvlcdip_other_01306.jpg
data/raw/pool/syn_hard_neg_00158.jpg,0,train,data/raw/pool/neg_rvlcdip_other_01399.jpg
data/raw/pool/syn_hard_neg_00161.jpg,1,train,data/raw/pool/pos_sroie_receipts_00137.jpg
data/raw/pool/syn_hard_neg_00162.jpg,1,train,data/raw/pool/pos_rvlcdip_invoice_00316.jpg
data/raw/pool/syn_hard_neg_00164.jpg,1,train,data/raw/pool/pos_sroie_receipts_00250.jpg
data/raw/pool/syn_hard_neg_00166.jpg,0,train,data/raw/pool/neg_rvlcdip_other_01437.jpg
data/raw/pool/syn_hard_neg_00167.jpg,1,train,data/raw/pool/pos_sroie_receipts_00225.jpg
data/raw/pool/syn_hard_neg_00168.jpg,1,train,data/raw/pool/pos_cord_receipts_00512.jpg
data/raw/pool/syn_hard_neg_00169.jpg,1,train,data/raw/pool/pos_cord_receipts_00544.jpg
data/raw/pool/syn_hard_neg_00170.jpg,0,train,data/raw/pool/neg_rvlcdip_other_00078.jpg
data/raw/pool/syn_hard_neg_00171.jpg,0,train,data/raw/pool/neg_rvlcdip_other_00973.jpg
data/raw/pool/syn_hard_neg_00172.jpg,0,train,data/raw/pool/neg_rvlcdip_other_01454.jpg
data/raw/pool/syn_hard_neg_00173.jpg,1,train,data/raw/pool/pos_cord_receipts_00520.jpg
data/raw/pool/syn_hard_neg_00174.jpg,1,train,data/raw/pool/pos_cord_receipts_00585.jpg
data/raw/pool/syn_hard_neg_00175.jpg,0,train,data/raw/pool/neg_rvlcdip_other_01233.jpg
data/raw/pool/syn_hard_neg_00177.jpg,0,train,data/raw/pool/neg_rvlcdip_other_00097.jpg
data/raw/pool/syn_hard_neg_00178.jpg,0,train,data/raw/pool/neg_rvlcdip_other_01775.jpg
data/raw/pool/syn_hard_neg_00179.jpg,1,train,data/raw/pool/pos_sroie_receipts_00119.jpg
data/raw/pool/syn_hard_neg_00180.jpg,0,train,data/raw/pool/neg_rvlcdip_other_01548.jpg
data/raw/pool/syn_hard_neg_00182.jpg,1,train,data/raw/pool/pos_cord_receipts_00101.jpg
data/raw/pool/syn_hard_neg_00184.jpg,1,train,data/raw/pool/pos_cord_receipts_00169.jpg
data/raw/pool/syn_hard_neg_00185.jpg,0,train,data/raw/pool/neg_rvlcdip_other_00904.jpg
data/raw/pool/syn_hard_neg_00187.jpg,1,train,data/raw/pool/pos_cord_receipts_00285.jpg
data/raw/pool/syn_hard_neg_00190.jpg,0,train,data/raw/pool/neg_rvlcdip_other_01087.jpg
data/raw/pool/syn_hard_neg_00191.jpg,0,train,data/raw/pool/neg_rvlcdip_other_01775.jpg
data/raw/pool/syn_hard_neg_00193.jpg,0,train,data/raw/pool/neg_rvlcdip_other_00097.jpg
data/raw/pool/syn_hard_neg_00194.jpg,1,train,data/raw/pool/pos_cord_receipts_00007.jpg
data/raw/pool/syn_hard_neg_00196.jpg,0,train,data/raw/pool/neg_rvlcdip_other_00777.jpg
data/raw/pool/syn_hard_neg_00198.jpg,1,train,data/raw/pool/pos_cord_receipts_00318.jpg
data/raw/pool/syn_hard_neg_00199.jpg,0,train,data/raw/pool/neg_rvlcdip_other_01059.jpg
data/raw/pool/syn_hard_neg_00200.jpg,0,train,data/raw/pool/neg_rvlcdip_other_00360.jpg
data/raw/pool/syn_hard_neg_00201.jpg,0,train,data/raw/pool/neg_rvlcdip_other_01664.jpg
data/raw/pool/syn_hard_neg_00202.jpg,0,train,data/raw/pool/neg_rvlcdip_other_01059.jpg
data/raw/pool/syn_hard_neg_00203.jpg,1,train,data/raw/pool/pos_cord_receipts_00452.jpg
data/raw/pool/syn_hard_neg_00205.jpg,1,train,data/raw/pool/pos_cord_receipts_00345.jpg
data/raw/pool/syn_hard_neg_00206.jpg,0,train,data/raw/pool/neg_rvlcdip_other_00896.jpg
data/raw/pool/syn_hard_neg_00207.jpg,0,train,data/raw/pool/neg_rvlcdip_other_00056.jpg
data/raw/pool/syn_hard_neg_00209.jpg,0,train,data/raw/pool/neg_rvlcdip_other_01424.jpg
data/raw/pool/syn_hard_neg_00210.jpg,1,train,data/raw/pool/pos_rvlcdip_invoice_01704.jpg
data/raw/pool/syn_hard_neg_00211.jpg,0,train,data/raw/pool/neg_rvlcdip_other_01263.jpg
data/raw/pool/syn_hard_neg_00212.jpg,0,train,data/raw/pool/neg_rvlcdip_other_01492.jpg
data/raw/pool/syn_hard_neg_00213.jpg,0,train,data/raw/pool/neg_rvlcdip_other_01616.jpg
data/raw/pool/syn_hard_neg_00214.jpg,0,train,data/raw/pool/neg_rvlcdip_other_00093.jpg
data/raw/pool/syn_hard_neg_00215.jpg,1,train,data/raw/pool/pos_sroie_receipts_00119.jpg
data/raw/pool/syn_hard_neg_00216.jpg,0,train,data/raw/pool/neg_rvlcdip_other_00862.jpg
data/raw/pool/syn_hard_neg_00218.jpg,0,train,data/raw/pool/neg_rvlcdip_other_01174.jpg
data/raw/pool/syn_hard_neg_00219.jpg,0,train,data/raw/pool/neg_rvlcdip_other_00228.jpg
data/raw/pool/syn_hard_neg_00220.jpg,0,train,data/raw/pool/neg_rvlcdip_other_00656.jpg
data/raw/pool/syn_hard_neg_00221.jpg,1,train,data/raw/pool/pos_cord_receipts_00209.jpg
data/raw/pool/syn_hard_neg_00222.jpg,0,train,data/raw/pool/neg_rvlcdip_other_01347.jpg
data/raw/pool/syn_hard_neg_00224.jpg,0,train,data/raw/pool/neg_rvlcdip_other_00367.jpg
data/raw/pool/syn_hard_neg_00225.jpg,1,train,data/raw/pool/pos_rvlcdip_invoice_01669.jpg
data/raw/pool/syn_hard_neg_00227.jpg,0,train,data/raw/pool/neg_rvlcdip_other_01380.jpg
data/raw/pool/syn_hard_neg_00228.jpg,1,train,data/raw/pool/pos_sroie_receipts_00493.jpg
data/raw/pool/syn_hard_neg_00229.jpg,1,train,data/raw/pool/pos_sroie_receipts_00363.jpg
data/raw/pool/syn_hard_neg_00230.jpg,0,train,data/raw/pool/neg_rvlcdip_other_00122.jpg
data/raw/pool/syn_hard_neg_00231.jpg,0,train,data/raw/pool/neg_rvlcdip_other_00513.jpg
data/raw/pool/syn_hard_neg_00233.jpg,0,train,data/raw/pool/neg_rvlcdip_other_01234.jpg
data/raw/pool/syn_hard_neg_00234.jpg,0,train,data/raw/pool/neg_rvlcdip_other_00540.jpg
data/raw/pool/syn_hard_neg_00236.jpg,0,train,data/raw/pool/neg_rvlcdip_other_01173.jpg
data/raw/pool/syn_hard_neg_00237.jpg,0,train,data/raw/pool/neg_rvlcdip_other_00023.jpg
data/raw/pool/syn_hard_neg_00238.jpg,0,train,data/raw/pool/neg_rvlcdip_other_00546.jpg
data/raw/pool/syn_hard_neg_00239.jpg,0,train,data/raw/pool/neg_rvlcdip_other_01613.jpg
data/raw/pool/syn_hard_neg_00241.jpg,0,train,data/raw/pool/neg_rvlcdip_other_00701.jpg
data/raw/pool/syn_hard_neg_00244.jpg,0,train,data/raw/pool/neg_rvlcdip_other_00529.jpg
data/raw/pool/syn_hard_neg_00246.jpg,1,train,data/raw/pool/pos_rvlcdip_invoice_01181.jpg
data/raw/pool/syn_hard_neg_00247.jpg,0,train,data/raw/pool/neg_rvlcdip_other_00835.jpg
data/raw/pool/syn_hard_neg_00248.jpg,1,train,data/raw/pool/pos_rvlcdip_invoice_01704.jpg
data/raw/pool/syn_hard_neg_00249.jpg,0,train,data/raw/pool/neg_rvlcdip_other_00671.jpg
data/raw/pool/syn_hard_neg_00250.jpg,0,train,data/raw/pool/neg_rvlcdip_other_01303.jpg
data/raw/pool/syn_hard_neg_00251.jpg,0,train,data/raw/pool/neg_rvlcdip_other_01020.jpg
data/raw/pool/syn_hard_neg_00252.jpg,0,train,data/raw/pool/neg_rvlcdip_other_01161.jpg
data/raw/pool/syn_hard_neg_00253.jpg,0,train,data/raw/pool/neg_rvlcdip_other_01235.jpg
data/raw/pool/syn_hard_neg_00254.jpg,0,train,data/raw/pool/neg_rvlcdip_other_00163.jpg
data/raw/pool/syn_hard_neg_00255.jpg,0,train,data/raw/pool/neg_rvlcdip_other_00589.jpg
data/raw/pool/syn_hard_neg_00256.jpg,0,train,data/raw/pool/neg_rvlcdip_other_00144.jpg
data/raw/pool/syn_hard_neg_00257.jpg,0,train,data/raw/pool/neg_rvlcdip_other_00783.jpg
data/raw/pool/syn_hard_neg_00258.jpg,1,train,data/raw/pool/pos_cord_receipts_00333.jpg
data/raw/pool/syn_hard_neg_00259.jpg,0,train,data/raw/pool/neg_rvlcdip_other_00479.jpg
data/raw/pool/syn_hard_neg_00260.jpg,1,train,data/raw/pool/pos_sroie_receipts_00361.jpg
data/raw/pool/syn_hard_neg_00261.jpg,0,train,data/raw/pool/neg_rvlcdip_other_01472.jpg
data/raw/pool/syn_hard_neg_00263.jpg,0,train,data/raw/pool/neg_rvlcdip_other_01467.jpg
data/raw/pool/syn_hard_neg_00264.jpg,1,train,data/raw/pool/pos_cord_receipts_00404.jpg
data/raw/pool/syn_hard_neg_00265.jpg,0,train,data/raw/pool/neg_rvlcdip_other_00228.jpg
data/raw/pool/syn_hard_neg_00267.jpg,0,train,data/raw/pool/neg_rvlcdip_other_00974.jpg
data/raw/pool/syn_hard_neg_00268.jpg,0,train,data/raw/pool/neg_rvlcdip_other_00083.jpg
data/raw/pool/syn_hard_neg_00269.jpg,0,train,data/raw/pool/neg_rvlcdip_other_00643.jpg
data/raw/pool/syn_hard_neg_00271.jpg,0,train,data/raw/pool/neg_rvlcdip_other_00114.jpg
data/raw/pool/syn_hard_neg_00272.jpg,1,train,data/raw/pool/pos_sroie_receipts_00371.jpg
data/raw/pool/syn_hard_neg_00273.jpg,0,train,data/raw/pool/neg_rvlcdip_other_00445.jpg
data/raw/pool/syn_hard_neg_00274.jpg,0,train,data/raw/pool/neg_rvlcdip_other_00896.jpg
data/raw/pool/syn_hard_neg_00275.jpg,0,train,data/raw/pool/neg_rvlcdip_other_01535.jpg
data/raw/pool/syn_hard_neg_00277.jpg,0,train,data/raw/pool/neg_rvlcdip_other_01776.jpg
data/raw/pool/syn_hard_neg_00278.jpg,1,train,data/raw/pool/pos_sroie_receipts_00020.jpg
data/raw/pool/syn_hard_neg_00279.jpg,0,train,data/raw/pool/neg_rvlcdip_other_01542.jpg
data/raw/pool/syn_hard_neg_00280.jpg,1,train,data/raw/pool/pos_cord_receipts_00297.jpg
data/raw/pool/syn_hard_neg_00281.jpg,0,train,data/raw/pool/neg_rvlcdip_other_00210.jpg
data/raw/pool/syn_hard_neg_00282.jpg,1,train,data/raw/pool/pos_cord_receipts_00081.jpg
data/raw/pool/syn_hard_neg_00284.jpg,0,train,data/raw/pool/neg_rvlcdip_other_01193.jpg
data/raw/pool/syn_hard_neg_00285.jpg,0,train,data/raw/pool/neg_rvlcdip_other_00622.jpg
data/raw/pool/syn_hard_neg_00287.jpg,0,train,data/raw/pool/neg_rvlcdip_other_01451.jpg
data/raw/pool/syn_hard_neg_00292.jpg,1,train,data/raw/pool/pos_cord_receipts_00105.jpg
data/raw/pool/syn_hard_neg_00295.jpg,0,train,data/raw/pool/neg_rvlcdip_other_00986.jpg
data/raw/pool/syn_hard_neg_00296.jpg,0,train,data/raw/pool/neg_rvlcdip_other_01547.jpg
data/raw/pool/syn_hard_neg_00297.jpg,0,train,data/raw/pool/neg_rvlcdip_other_00474.jpg
data/raw/pool/syn_hard_neg_00298.jpg,0,train,data/raw/pool/neg_rvlcdip_other_01148.jpg
data/raw/pool/syn_hard_neg_00299.jpg,0,train,data/raw/pool/neg_rvlcdip_other_00074.jpg
data/raw/pool/syn_hard_neg_00300.jpg,0,train,data/raw/pool/neg_rvlcdip_other_01264.jpg
data/raw/pool/syn_hard_neg_00301.jpg,0,train,data/raw/pool/neg_rvlcdip_other_01154.jpg
data/raw/pool/syn_hard_neg_00302.jpg,0,train,data/raw/pool/neg_rvlcdip_other_01517.jpg
data/raw/pool/syn_hard_neg_00303.jpg,0,train,data/raw/pool/neg_rvlcdip_other_01705.jpg
data/raw/pool/syn_hard_neg_00304.jpg,0,train,data/raw/pool/neg_rvlcdip_other_01609.jpg
data/raw/pool/syn_hard_neg_00305.jpg,0,train,data/raw/pool/neg_rvlcdip_other_00959.jpg
data/raw/pool/syn_hard_neg_00306.jpg,0,train,data/raw/pool/neg_rvlcdip_other_00524.jpg
data/raw/pool/syn_hard_neg_00307.jpg,0,train,data/raw/pool/neg_rvlcdip_other_01296.jpg
data/raw/pool/syn_hard_neg_00308.jpg,1,train,data/raw/pool/pos_sroie_receipts_00118.jpg
data/raw/pool/syn_hard_neg_00309.jpg,0,train,data/raw/pool/neg_rvlcdip_other_00618.jpg
data/raw/pool/syn_hard_neg_00313.jpg,0,train,data/raw/pool/neg_rvlcdip_other_00044.jpg
data/raw/pool/syn_hard_neg_00314.jpg,0,train,data/raw/pool/neg_rvlcdip_other_00347.jpg
data/raw/pool/syn_hard_neg_00315.jpg,0,train,data/raw/pool/neg_rvlcdip_other_01683.jpg
data/raw/pool/syn_hard_neg_00316.jpg,0,train,data/raw/pool/neg_rvlcdip_other_00184.jpg
data/raw/pool/syn_hard_neg_00317.jpg,1,train,data/raw/pool/pos_cord_receipts_00223.jpg
data/raw/pool/syn_hard_neg_00318.jpg,0,train,data/raw/pool/neg_rvlcdip_other_00324.jpg
data/raw/pool/syn_hard_neg_00319.jpg,0,train,data/raw/pool/neg_rvlcdip_other_00081.jpg
data/raw/pool/syn_hard_neg_00320.jpg,0,train,data/raw/pool/neg_rvlcdip_other_01102.jpg
data/raw/pool/syn_hard_neg_00321.jpg,0,train,data/raw/pool/neg_rvlcdip_other_01103.jpg
data/raw/pool/syn_hard_neg_00322.jpg,1,train,data/raw/pool/pos_cord_receipts_00507.jpg
data/raw/pool/syn_hard_neg_00323.jpg,0,train,data/raw/pool/neg_rvlcdip_other_01567.jpg
data/raw/pool/syn_hard_neg_00324.jpg,0,train,data/raw/pool/neg_rvlcdip_other_01108.jpg
data/raw/pool/syn_hard_neg_00325.jpg,0,train,data/raw/pool/neg_rvlcdip_other_00598.jpg
data/raw/pool/syn_hard_neg_00326.jpg,0,train,data/raw/pool/neg_rvlcdip_other_01761.jpg
data/raw/pool/syn_hard_neg_00327.jpg,1,train,data/raw/pool/pos_sroie_receipts_00033.jpg
data/raw/pool/syn_hard_neg_00328.jpg,0,train,data/raw/pool/neg_rvlcdip_other_01138.jpg
data/raw/pool/syn_hard_neg_00329.jpg,0,train,data/raw/pool/neg_rvlcdip_other_00049.jpg
data/raw/pool/syn_hard_neg_00330.jpg,1,train,data/raw/pool/pos_sroie_receipts_00046.jpg
data/raw/pool/syn_hard_neg_00331.jpg,0,train,data/raw/pool/neg_rvlcdip_other_01732.jpg
data/raw/pool/syn_hard_neg_00334.jpg,0,train,data/raw/pool/neg_rvlcdip_other_00465.jpg
data/raw/pool/syn_hard_neg_00335.jpg,1,train,data/raw/pool/pos_cord_receipts_00102.jpg
data/raw/pool/syn_hard_neg_00337.jpg,1,train,data/raw/pool/pos_cord_receipts_00043.jpg
data/raw/pool/syn_hard_neg_00338.jpg,0,train,data/raw/pool/neg_rvlcdip_other_01139.jpg
data/raw/pool/syn_hard_neg_00339.jpg,0,train,data/raw/pool/neg_rvlcdip_other_00103.jpg
data/raw/pool/syn_hard_neg_00340.jpg,1,train,data/raw/pool/pos_cord_receipts_00275.jpg
data/raw/pool/syn_hard_neg_00341.jpg,0,train,data/raw/pool/neg_rvlcdip_other_00581.jpg
data/raw/pool/syn_hard_neg_00342.jpg,0,train,data/raw/pool/neg_rvlcdip_other_00815.jpg
data/raw/pool/syn_hard_neg_00344.jpg,1,train,data/raw/pool/pos_cord_receipts_00048.jpg
data/raw/pool/syn_hard_neg_00345.jpg,0,train,data/raw/pool/neg_rvlcdip_other_01370.jpg
data/raw/pool/syn_hard_neg_00346.jpg,0,train,data/raw/pool/neg_rvlcdip_other_00690.jpg
data/raw/pool/syn_hard_neg_00347.jpg,1,train,data/raw/pool/pos_cord_receipts_00467.jpg
data/raw/pool/syn_hard_neg_00348.jpg,0,train,data/raw/pool/neg_rvlcdip_other_01294.jpg
data/raw/pool/syn_hard_neg_00349.jpg,1,train,data/raw/pool/pos_cord_receipts_00327.jpg
data/raw/pool/syn_hard_neg_00350.jpg,0,train,data/raw/pool/neg_rvlcdip_other_00958.jpg
data/raw/pool/syn_hard_neg_00351.jpg,1,train,data/raw/pool/pos_cord_receipts_00410.jpg
data/raw/pool/syn_hard_neg_00353.jpg,0,train,data/raw/pool/neg_rvlcdip_other_01153.jpg
data/raw/pool/syn_hard_neg_00354.jpg,0,train,data/raw/pool/neg_rvlcdip_other_00469.jpg
data/raw/pool/syn_hard_neg_00355.jpg,0,train,data/raw/pool/neg_rvlcdip_other_00401.jpg
data/raw/pool/syn_hard_neg_00356.jpg,0,train,data/raw/pool/neg_rvlcdip_other_01166.jpg
data/raw/pool/syn_hard_neg_00357.jpg,0,train,data/raw/pool/neg_rvlcdip_other_00683.jpg
data/raw/pool/syn_hard_neg_00358.jpg,1,train,data/raw/pool/pos_cord_receipts_00178.jpg
data/raw/pool/syn_hard_neg_00359.jpg,0,train,data/raw/pool/neg_rvlcdip_other_00574.jpg
data/raw/pool/syn_hard_neg_00360.jpg,1,train,data/raw/pool/pos_cord_receipts_00573.jpg
data/raw/pool/syn_hard_neg_00361.jpg,0,train,data/raw/pool/neg_rvlcdip_other_01393.jpg
data/raw/pool/syn_hard_neg_00364.jpg,1,train,data/raw/pool/pos_rvlcdip_invoice_00707.jpg
data/raw/pool/syn_hard_neg_00365.jpg,1,train,data/raw/pool/pos_cord_receipts_00025.jpg
data/raw/pool/syn_hard_neg_00367.jpg,0,train,data/raw/pool/neg_rvlcdip_other_01620.jpg
data/raw/pool/syn_hard_neg_00368.jpg,0,train,data/raw/pool/neg_rvlcdip_other_00230.jpg
data/raw/pool/syn_hard_neg_00369.jpg,0,train,data/raw/pool/neg_rvlcdip_other_00118.jpg
data/raw/pool/syn_hard_neg_00370.jpg,0,train,data/raw/pool/neg_rvlcdip_other_01160.jpg
data/raw/pool/syn_hard_neg_00371.jpg,0,train,data/raw/pool/neg_rvlcdip_other_00470.jpg
data/raw/pool/syn_hard_neg_00372.jpg,0,train,data/raw/pool/neg_rvlcdip_other_00253.jpg
data/raw/pool/syn_hard_neg_00373.jpg,0,train,data/raw/pool/neg_rvlcdip_other_00040.jpg
data/raw/pool/syn_hard_neg_00374.jpg,1,train,data/raw/pool/pos_sroie_receipts_00117.jpg
data/raw/pool/syn_hard_neg_00375.jpg,0,train,data/raw/pool/neg_rvlcdip_other_01550.jpg
data/raw/pool/syn_hard_neg_00376.jpg,0,train,data/raw/pool/neg_rvlcdip_other_01672.jpg
data/raw/pool/syn_hard_neg_00377.jpg,0,train,data/raw/pool/neg_rvlcdip_other_01140.jpg
data/raw/pool/syn_hard_neg_00378.jpg,0,train,data/raw/pool/neg_rvlcdip_other_01137.jpg
data/raw/pool/syn_hard_neg_00379.jpg,0,train,data/raw/pool/neg_rvlcdip_other_01569.jpg
data/raw/pool/syn_hard_neg_00380.jpg,0,train,data/raw/pool/neg_rvlcdip_other_00896.jpg
data/raw/pool/syn_hard_neg_00381.jpg,0,train,data/raw/pool/neg_rvlcdip_other_00716.jpg
data/raw/pool/syn_hard_neg_00382.jpg,0,train,data/raw/pool/neg_rvlcdip_other_01600.jpg
data/raw/pool/syn_hard_neg_00383.jpg,0,train,data/raw/pool/neg_rvlcdip_other_00979.jpg
data/raw/pool/syn_hard_neg_00384.jpg,0,train,data/raw/pool/neg_rvlcdip_other_01726.jpg
data/raw/pool/syn_hard_neg_00385.jpg,0,train,data/raw/pool/neg_rvlcdip_other_01520.jpg
data/raw/pool/syn_hard_neg_00386.jpg,0,train,data/raw/pool/neg_rvlcdip_other_01037.jpg
data/raw/pool/syn_hard_neg_00388.jpg,0,train,data/raw/pool/neg_rvlcdip_other_01002.jpg
data/raw/pool/syn_hard_neg_00389.jpg,0,train,data/raw/pool/neg_rvlcdip_other_01608.jpg
data/raw/pool/syn_hard_neg_00390.jpg,1,train,data/raw/pool/pos_cord_receipts_00347.jpg
data/raw/pool/syn_hard_neg_00391.jpg,0,train,data/raw/pool/neg_rvlcdip_other_00417.jpg
data/raw/pool/syn_hard_neg_00392.jpg,0,train,data/raw/pool/neg_rvlcdip_other_00822.jpg
data/raw/pool/syn_hard_neg_00395.jpg,1,train,data/raw/pool/pos_sroie_receipts_00118.jpg
data/raw/pool/syn_hard_neg_00397.jpg,0,train,data/raw/pool/neg_rvlcdip_other_00638.jpg
data/raw/pool/syn_hard_neg_00398.jpg,0,train,data/raw/pool/neg_rvlcdip_other_00898.jpg
data/raw/pool/syn_hard_neg_00399.jpg,0,train,data/raw/pool/neg_rvlcdip_other_00853.jpg
Negative/179119.jpeg,0,train,Negative/179119.jpeg
Negative/194562.jpeg,0,train,Negative/194562.jpeg
Negative/212504.jpeg,0,train,Negative/212504.jpeg
Negative/3f572f1b-2fd5-4186-a27a-9fce712a3ffe.jpg,0,train,Negative/3f572f1b-2fd5-4186-a27a-9fce712a3ffe.jpg
Negative/6a634815-6801-4a60-9fe4-c2179e2558dd.jpg,0,train,Negative/6a634815-6801-4a60-9fe4-c2179e2558dd.jpg
Negative/IMG_0206.PNG,0,train,Negative/IMG_0206.PNG
Negative/IMG_0373.PNG,0,train,Negative/IMG_0373.PNG
Negative/IMG_0921.jpeg,0,train,Negative/IMG_0921.jpeg
Negative/IMG_3257.jpeg,0,train,Negative/IMG_3257.jpeg
Negative/IMG_5200.jpeg,0,train,Negative/IMG_5200.jpeg
Negative/IMG_7899.PNG,0,train,Negative/IMG_7899.PNG
Negative/a919a411-73b4-44fd-81e4-978d6253dbd4.jpg,0,train,Negative/a919a411-73b4-44fd-81e4-978d6253dbd4.jpg
data/raw/public_hard_negatives/rvl/scientific_report_fae12bfb10f4afbf.jpg,0,train,rvl:scientific_report:fae12bfb10f4afbf
data/raw/public_hard_negatives/rvl/scientific_report_15990933f9d68b14.jpg,0,train,rvl:scientific_report:15990933f9d68b14
data/raw/public_hard_negatives/rvl/scientific_report_f9f92feb2aa4f660.jpg,0,train,rvl:scientific_report:f9f92feb2aa4f660
data/raw/public_hard_negatives/rvl/scientific_report_5e11a6ef71b4961e.jpg,0,train,rvl:scientific_report:5e11a6ef71b4961e
data/raw/public_hard_negatives/rvl/scientific_report_98241af2b9a20a53.jpg,0,train,rvl:scientific_report:98241af2b9a20a53
data/raw/public_hard_negatives/rvl/scientific_report_61ddfab2f43231c6.jpg,0,train,rvl:scientific_report:61ddfab2f43231c6
data/raw/public_hard_negatives/rvl/scientific_report_76caaf63a4528325.jpg,0,train,rvl:scientific_report:76caaf63a4528325
data/raw/public_hard_negatives/rvl/scientific_report_d39ce3ba5784e519.jpg,0,train,rvl:scientific_report:d39ce3ba5784e519
data/raw/public_hard_negatives/rvl/scientific_report_e26a0f42f12b4c2b.jpg,0,train,rvl:scientific_report:e26a0f42f12b4c2b
data/raw/public_hard_negatives/rvl/scientific_report_756d8b4c9ee9516a.jpg,0,train,rvl:scientific_report:756d8b4c9ee9516a
data/raw/public_hard_negatives/rvl/scientific_report_94668d6fc895588f.jpg,0,train,rvl:scientific_report:94668d6fc895588f
data/raw/public_hard_negatives/rvl/scientific_report_e63b140f520e0bcf.jpg,0,train,rvl:scientific_report:e63b140f520e0bcf
data/raw/public_hard_negatives/rvl/scientific_report_90bd41dc00b6e761.jpg,0,train,rvl:scientific_report:90bd41dc00b6e761
data/raw/public_hard_negatives/rvl/scientific_report_86226af48ca28df1.jpg,0,train,rvl:scientific_report:86226af48ca28df1
data/raw/public_hard_negatives/rvl/scientific_report_98cf2416f325cce5.jpg,0,train,rvl:scientific_report:98cf2416f325cce5
data/raw/public_hard_negatives/rvl/scientific_report_e397827bf61d943e.jpg,0,train,rvl:scientific_report:e397827bf61d943e
data/raw/public_hard_negatives/rvl/scientific_report_b60089dcafb588ea.jpg,0,train,rvl:scientific_report:b60089dcafb588ea
data/raw/public_hard_negatives/rvl/scientific_report_51ae097f3696b432.jpg,0,train,rvl:scientific_report:51ae097f3696b432
data/raw/public_hard_negatives/rvl/scientific_report_4401b980ce297069.jpg,0,train,rvl:scientific_report:4401b980ce297069
data/raw/public_hard_negatives/rvl/scientific_report_0a635113988e37fc.jpg,0,train,rvl:scientific_report:0a635113988e37fc
data/raw/public_hard_negatives/rvl/scientific_report_7c9ab2d434c81981.jpg,0,train,rvl:scientific_report:7c9ab2d434c81981
data/raw/public_hard_negatives/rvl/scientific_report_3788d6e26c436611.jpg,0,train,rvl:scientific_report:3788d6e26c436611
data/raw/public_hard_negatives/rvl/scientific_report_cfbb102d80031f4b.jpg,0,train,rvl:scientific_report:cfbb102d80031f4b
data/raw/public_hard_negatives/rvl/scientific_report_dfeb39a56e6c3537.jpg,0,train,rvl:scientific_report:dfeb39a56e6c3537
data/raw/public_hard_negatives/rvl/scientific_report_3e17a85b0fdc8f34.jpg,0,train,rvl:scientific_report:3e17a85b0fdc8f34
data/raw/public_hard_negatives/rvl/scientific_report_d5d77edb413abdd9.jpg,0,train,rvl:scientific_report:d5d77edb413abdd9
data/raw/public_hard_negatives/rvl/scientific_report_3d44b7c4817210ab.jpg,0,train,rvl:scientific_report:3d44b7c4817210ab
data/raw/public_hard_negatives/rvl/scientific_report_3da21fc61dbfefa4.jpg,0,train,rvl:scientific_report:3da21fc61dbfefa4
data/raw/public_hard_negatives/rvl/scientific_report_a5e7b6edaadcd9c9.jpg,0,train,rvl:scientific_report:a5e7b6edaadcd9c9
data/raw/public_hard_negatives/rvl/scientific_report_e6bf155777ac5309.jpg,0,train,rvl:scientific_report:e6bf155777ac5309
data/raw/public_hard_negatives/rvl/scientific_report_9843f655b8405372.jpg,0,train,rvl:scientific_report:9843f655b8405372
data/raw/public_hard_negatives/rvl/scientific_report_6e9ba302936785ec.jpg,0,train,rvl:scientific_report:6e9ba302936785ec
data/raw/public_hard_negatives/rvl/scientific_report_6b7a8e4778a42089.jpg,0,train,rvl:scientific_report:6b7a8e4778a42089
data/raw/public_hard_negatives/rvl/scientific_report_96c11975e4bc221d.jpg,0,train,rvl:scientific_report:96c11975e4bc221d
data/raw/public_hard_negatives/rvl/scientific_report_ca2004c2ac33cb72.jpg,0,train,rvl:scientific_report:ca2004c2ac33cb72
data/raw/public_hard_negatives/rvl/scientific_report_bfb690036d8a9b95.jpg,0,train,rvl:scientific_report:bfb690036d8a9b95
data/raw/public_hard_negatives/rvl/scientific_report_de3d30c3efe872f4.jpg,0,train,rvl:scientific_report:de3d30c3efe872f4
data/raw/public_hard_negatives/rvl/scientific_report_de123e0b6f21dde5.jpg,0,train,rvl:scientific_report:de123e0b6f21dde5
data/raw/public_hard_negatives/rvl/scientific_report_3e8034700a9e8244.jpg,0,train,rvl:scientific_report:3e8034700a9e8244
data/raw/public_hard_negatives/rvl/scientific_report_a96a248b881cd6d4.jpg,0,train,rvl:scientific_report:a96a248b881cd6d4
data/raw/public_hard_negatives/rvl/scientific_report_36d0a2aed51c35b8.jpg,0,train,rvl:scientific_report:36d0a2aed51c35b8
data/raw/public_hard_negatives/rvl/scientific_report_7fbd8d1d9b679f53.jpg,0,train,rvl:scientific_report:7fbd8d1d9b679f53
data/raw/public_hard_negatives/rvl/scientific_report_a99cd12ad387e67a.jpg,0,train,rvl:scientific_report:a99cd12ad387e67a
data/raw/public_hard_negatives/rvl/scientific_report_f41661f3590cc120.jpg,0,train,rvl:scientific_report:f41661f3590cc120
data/raw/public_hard_negatives/rvl/scientific_report_5f62818a8a77e807.jpg,0,train,rvl:scientific_report:5f62818a8a77e807
data/raw/public_hard_negatives/rvl/scientific_report_9fd222598bcf6837.jpg,0,train,rvl:scientific_report:9fd222598bcf6837
data/raw/public_hard_negatives/rvl/scientific_report_c4454b20f1885c24.jpg,0,train,rvl:scientific_report:c4454b20f1885c24
data/raw/public_hard_negatives/rvl/scientific_report_fd59175a7038d3e4.jpg,0,train,rvl:scientific_report:fd59175a7038d3e4
data/raw/public_hard_negatives/rvl/scientific_report_c8628ab6531b9edc.jpg,0,train,rvl:scientific_report:c8628ab6531b9edc
data/raw/public_hard_negatives/rvl/scientific_report_b18d4640e836e8a4.jpg,0,train,rvl:scientific_report:b18d4640e836e8a4
data/raw/public_hard_negatives/rvl/scientific_report_00e37e5e705a9043.jpg,0,train,rvl:scientific_report:00e37e5e705a9043
data/raw/public_hard_negatives/rvl/scientific_report_23d01c4e55e04aed.jpg,0,train,rvl:scientific_report:23d01c4e55e04aed
data/raw/public_hard_negatives/rvl/scientific_report_41c7df6989b666b9.jpg,0,train,rvl:scientific_report:41c7df6989b666b9
data/raw/public_hard_negatives/rvl/scientific_report_7fd4a5a1d4481ecd.jpg,0,train,rvl:scientific_report:7fd4a5a1d4481ecd
data/raw/public_hard_negatives/rvl/scientific_report_8e9397df1a1780e2.jpg,0,train,rvl:scientific_report:8e9397df1a1780e2
data/raw/public_hard_negatives/rvl/scientific_report_cd77f337037774c0.jpg,0,train,rvl:scientific_report:cd77f337037774c0
data/raw/public_hard_negatives/rvl/scientific_report_134d7698c59fee21.jpg,0,train,rvl:scientific_report:134d7698c59fee21
data/raw/public_hard_negatives/rvl/scientific_report_410d4682a553047d.jpg,0,train,rvl:scientific_report:410d4682a553047d
data/raw/public_hard_negatives/rvl/scientific_report_e79b3237fd439d06.jpg,0,train,rvl:scientific_report:e79b3237fd439d06
data/raw/public_hard_negatives/rvl/scientific_report_50dd6e0a09267fd4.jpg,0,train,rvl:scientific_report:50dd6e0a09267fd4
data/raw/public_hard_negatives/rvl/scientific_report_2d5e383ddaa58588.jpg,0,train,rvl:scientific_report:2d5e383ddaa58588
data/raw/public_hard_negatives/rvl/scientific_report_1e7805f3324b5ed0.jpg,0,train,rvl:scientific_report:1e7805f3324b5ed0
data/raw/public_hard_negatives/rvl/scientific_report_2d2873bb69e3a8f4.jpg,0,train,rvl:scientific_report:2d2873bb69e3a8f4
data/raw/public_hard_negatives/rvl/scientific_report_806bc8f1ada8e864.jpg,0,train,rvl:scientific_report:806bc8f1ada8e864
data/raw/public_hard_negatives/rvl/scientific_report_9e2315d6b876bd23.jpg,0,train,rvl:scientific_report:9e2315d6b876bd23
data/raw/public_hard_negatives/rvl/scientific_report_9a0fd6a95491a8cf.jpg,0,train,rvl:scientific_report:9a0fd6a95491a8cf
data/raw/public_hard_negatives/rvl/scientific_report_dce3f0b3d8d0e9d8.jpg,0,train,rvl:scientific_report:dce3f0b3d8d0e9d8
data/raw/public_hard_negatives/rvl/scientific_report_5e53bea7f9c81bcd.jpg,0,train,rvl:scientific_report:5e53bea7f9c81bcd
data/raw/public_hard_negatives/rvl/scientific_report_b5f16a2ad9ca7623.jpg,0,train,rvl:scientific_report:b5f16a2ad9ca7623
data/raw/public_hard_negatives/rvl/scientific_report_523ff4a5499f66a1.jpg,0,train,rvl:scientific_report:523ff4a5499f66a1
data/raw/public_hard_negatives/rvl/scientific_report_57523b8b3e89d3f8.jpg,0,train,rvl:scientific_report:57523b8b3e89d3f8
data/raw/public_hard_negatives/rvl/scientific_report_2de00bb5df0f36ac.jpg,0,train,rvl:scientific_report:2de00bb5df0f36ac
data/raw/public_hard_negatives/rvl/scientific_report_114525a077e6c26a.jpg,0,train,rvl:scientific_report:114525a077e6c26a
data/raw/public_hard_negatives/rvl/scientific_report_0bb972c712833c79.jpg,0,train,rvl:scientific_report:0bb972c712833c79
data/raw/public_hard_negatives/rvl/scientific_report_d79829070e3e67ef.jpg,0,train,rvl:scientific_report:d79829070e3e67ef
data/raw/public_hard_negatives/rvl/scientific_report_f5713e7dc77fffcc.jpg,0,train,rvl:scientific_report:f5713e7dc77fffcc
data/raw/public_hard_negatives/rvl/scientific_report_d62af93ffed20c13.jpg,0,train,rvl:scientific_report:d62af93ffed20c13
data/raw/public_hard_negatives/rvl/scientific_report_bbcbaff8fd9e5175.jpg,0,train,rvl:scientific_report:bbcbaff8fd9e5175
data/raw/public_hard_negatives/rvl/scientific_report_8f2310c8c6db863c.jpg,0,train,rvl:scientific_report:8f2310c8c6db863c
data/raw/public_hard_negatives/rvl/scientific_report_513e1fa35980e74f.jpg,0,train,rvl:scientific_report:513e1fa35980e74f
data/raw/public_hard_negatives/rvl/scientific_report_c9ef4aa8dae5e8f2.jpg,0,train,rvl:scientific_report:c9ef4aa8dae5e8f2
data/raw/public_hard_negatives/rvl/scientific_report_d32a6d8851930bc9.jpg,0,train,rvl:scientific_report:d32a6d8851930bc9
data/raw/public_hard_negatives/rvl/scientific_report_983a118038c416d4.jpg,0,train,rvl:scientific_report:983a118038c416d4
data/raw/public_hard_negatives/rvl/scientific_report_81cd1673721f623d.jpg,0,train,rvl:scientific_report:81cd1673721f623d
data/raw/public_hard_negatives/rvl/scientific_report_9af4e189c8007a4e.jpg,0,train,rvl:scientific_report:9af4e189c8007a4e
data/raw/public_hard_negatives/rvl/scientific_report_d0b2170d8fc0d59e.jpg,0,train,rvl:scientific_report:d0b2170d8fc0d59e
data/raw/public_hard_negatives/rvl/scientific_report_92d05f80a1b9135d.jpg,0,train,rvl:scientific_report:92d05f80a1b9135d
data/raw/public_hard_negatives/rvl/scientific_report_27d0a343690f3835.jpg,0,train,rvl:scientific_report:27d0a343690f3835
data/raw/public_hard_negatives/rvl/scientific_report_b9eb82f705b4f56c.jpg,0,train,rvl:scientific_report:b9eb82f705b4f56c
data/raw/public_hard_negatives/rvl/scientific_report_9024342cef96a450.jpg,0,train,rvl:scientific_report:9024342cef96a450
data/raw/public_hard_negatives/rvl/scientific_report_f25e706047a42be5.jpg,0,train,rvl:scientific_report:f25e706047a42be5
data/raw/public_hard_negatives/rvl/scientific_report_eb941dcb01b9ed07.jpg,0,train,rvl:scientific_report:eb941dcb01b9ed07
data/raw/public_hard_negatives/rvl/scientific_report_ea8ffe6e52c39afe.jpg,0,train,rvl:scientific_report:ea8ffe6e52c39afe
data/raw/public_hard_negatives/rvl/scientific_report_f0d0ecbd527b93e1.jpg,0,train,rvl:scientific_report:f0d0ecbd527b93e1
data/raw/public_hard_negatives/rvl/scientific_report_62c3f8bfe826552f.jpg,0,train,rvl:scientific_report:62c3f8bfe826552f
data/raw/public_hard_negatives/rvl/scientific_report_cb27b79faf0b3312.jpg,0,train,rvl:scientific_report:cb27b79faf0b3312
data/raw/public_hard_negatives/rvl/scientific_report_df5d944cb74812e8.jpg,0,train,rvl:scientific_report:df5d944cb74812e8
data/raw/public_hard_negatives/rvl/scientific_report_1ca0b1dd3c77b13c.jpg,0,train,rvl:scientific_report:1ca0b1dd3c77b13c
data/raw/public_hard_negatives/rvl/scientific_report_f73a2f5791539381.jpg,0,train,rvl:scientific_report:f73a2f5791539381
data/raw/public_hard_negatives/rvl/scientific_report_875bc635c628d535.jpg,0,train,rvl:scientific_report:875bc635c628d535
data/raw/public_hard_negatives/rvl/scientific_report_ae4cdc4024ed5f0e.jpg,0,train,rvl:scientific_report:ae4cdc4024ed5f0e
data/raw/public_hard_negatives/rvl/scientific_report_8372a2b7ec6865fc.jpg,0,train,rvl:scientific_report:8372a2b7ec6865fc
data/raw/public_hard_negatives/rvl/scientific_report_34bd9d088b3f1c01.jpg,0,train,rvl:scientific_report:34bd9d088b3f1c01
data/raw/public_hard_negatives/rvl/scientific_report_1ad17ab48d6c85c0.jpg,0,train,rvl:scientific_report:1ad17ab48d6c85c0
data/raw/public_hard_negatives/rvl/scientific_report_88c2e2a98189fb06.jpg,0,train,rvl:scientific_report:88c2e2a98189fb06
data/raw/public_hard_negatives/rvl/scientific_report_d04bab27d60b87b0.jpg,0,train,rvl:scientific_report:d04bab27d60b87b0
data/raw/public_hard_negatives/rvl/scientific_report_c24de01ce34916bb.jpg,0,train,rvl:scientific_report:c24de01ce34916bb
data/raw/public_hard_negatives/rvl/scientific_report_99f70567f0f9ba6c.jpg,0,train,rvl:scientific_report:99f70567f0f9ba6c
data/raw/public_hard_negatives/rvl/scientific_report_55f131651f2b532b.jpg,0,train,rvl:scientific_report:55f131651f2b532b
data/raw/public_hard_negatives/rvl/scientific_report_a189202c514f5bf2.jpg,0,train,rvl:scientific_report:a189202c514f5bf2
data/raw/public_hard_negatives/rvl/scientific_report_44d9c9eda894921c.jpg,0,train,rvl:scientific_report:44d9c9eda894921c
data/raw/public_hard_negatives/rvl/scientific_report_0c2eaf8b8c5ccb78.jpg,0,train,rvl:scientific_report:0c2eaf8b8c5ccb78
data/raw/public_hard_negatives/rvl/scientific_report_e13bec0e9b708f94.jpg,0,train,rvl:scientific_report:e13bec0e9b708f94
data/raw/public_hard_negatives/rvl/scientific_report_f7e792eb6e5c413a.jpg,0,train,rvl:scientific_report:f7e792eb6e5c413a
data/raw/public_hard_negatives/rvl/scientific_report_2a086a2ffbb45c94.jpg,0,train,rvl:scientific_report:2a086a2ffbb45c94
data/raw/public_hard_negatives/rvl/scientific_report_2e816bca2e55fdd5.jpg,0,train,rvl:scientific_report:2e816bca2e55fdd5
data/raw/public_hard_negatives/rvl/scientific_report_04c0d8d41f4a1b5e.jpg,0,train,rvl:scientific_report:04c0d8d41f4a1b5e
data/raw/public_hard_negatives/rvl/scientific_report_44d687beaccc45e2.jpg,0,train,rvl:scientific_report:44d687beaccc45e2
data/raw/public_hard_negatives/rvl/scientific_report_e901c72e9c663671.jpg,0,train,rvl:scientific_report:e901c72e9c663671
data/raw/public_hard_negatives/rvl/scientific_report_5ec41876909ea145.jpg,0,train,rvl:scientific_report:5ec41876909ea145
data/raw/public_hard_negatives/rvl/scientific_report_9c91aaf1e2b1e844.jpg,0,train,rvl:scientific_report:9c91aaf1e2b1e844
data/raw/public_hard_negatives/rvl/scientific_report_eb5230104ed49130.jpg,0,train,rvl:scientific_report:eb5230104ed49130
data/raw/public_hard_negatives/rvl/scientific_report_8e9c55324057fb16.jpg,0,train,rvl:scientific_report:8e9c55324057fb16
data/raw/public_hard_negatives/rvl/scientific_publication_d281babc024693f3.jpg,0,train,rvl:scientific_publication:d281babc024693f3
data/raw/public_hard_negatives/rvl/scientific_publication_fdba8a822311d662.jpg,0,train,rvl:scientific_publication:fdba8a822311d662
data/raw/public_hard_negatives/rvl/scientific_publication_af43190cfa2e845e.jpg,0,train,rvl:scientific_publication:af43190cfa2e845e
data/raw/public_hard_negatives/rvl/scientific_publication_4c8436a5221af5e9.jpg,0,train,rvl:scientific_publication:4c8436a5221af5e9
data/raw/public_hard_negatives/rvl/scientific_publication_ac954461045c6e44.jpg,0,train,rvl:scientific_publication:ac954461045c6e44
data/raw/public_hard_negatives/rvl/scientific_publication_10e558dad7f5a1de.jpg,0,train,rvl:scientific_publication:10e558dad7f5a1de
data/raw/public_hard_negatives/rvl/scientific_publication_605ac272cec8f21e.jpg,0,train,rvl:scientific_publication:605ac272cec8f21e
data/raw/public_hard_negatives/rvl/scientific_publication_bb5878215b09aecc.jpg,0,train,rvl:scientific_publication:bb5878215b09aecc
data/raw/public_hard_negatives/rvl/scientific_publication_adc54b38437dafb4.jpg,0,train,rvl:scientific_publication:adc54b38437dafb4
data/raw/public_hard_negatives/rvl/scientific_publication_6b252514cab32f74.jpg,0,train,rvl:scientific_publication:6b252514cab32f74
data/raw/public_hard_negatives/rvl/scientific_publication_60f65b322a41a722.jpg,0,train,rvl:scientific_publication:60f65b322a41a722
data/raw/public_hard_negatives/rvl/scientific_publication_4d80d52685dbddc2.jpg,0,train,rvl:scientific_publication:4d80d52685dbddc2
data/raw/public_hard_negatives/rvl/scientific_publication_6a02c7215717df2d.jpg,0,train,rvl:scientific_publication:6a02c7215717df2d
data/raw/public_hard_negatives/rvl/scientific_publication_603c372d87e7cd91.jpg,0,train,rvl:scientific_publication:603c372d87e7cd91
data/raw/public_hard_negatives/rvl/scientific_publication_9dd7b2b76dc0caa5.jpg,0,train,rvl:scientific_publication:9dd7b2b76dc0caa5
data/raw/public_hard_negatives/rvl/scientific_publication_6316f5f13a7cf813.jpg,0,train,rvl:scientific_publication:6316f5f13a7cf813
data/raw/public_hard_negatives/rvl/scientific_publication_de1d153743cc54ee.jpg,0,train,rvl:scientific_publication:de1d153743cc54ee
data/raw/public_hard_negatives/rvl/scientific_publication_cc1524b77cb134ba.jpg,0,train,rvl:scientific_publication:cc1524b77cb134ba
data/raw/public_hard_negatives/rvl/scientific_publication_2dc6f188fc0801d1.jpg,0,train,rvl:scientific_publication:2dc6f188fc0801d1
data/raw/public_hard_negatives/rvl/scientific_publication_802316ac12b34c5b.jpg,0,train,rvl:scientific_publication:802316ac12b34c5b
data/raw/public_hard_negatives/rvl/scientific_publication_169e3eaae2ac835d.jpg,0,train,rvl:scientific_publication:169e3eaae2ac835d
data/raw/public_hard_negatives/rvl/scientific_publication_2bdd7e52b9508eaa.jpg,0,train,rvl:scientific_publication:2bdd7e52b9508eaa
data/raw/public_hard_negatives/rvl/scientific_publication_e479830c6d1eee7b.jpg,0,train,rvl:scientific_publication:e479830c6d1eee7b
data/raw/public_hard_negatives/rvl/scientific_publication_5ead21f275e56992.jpg,0,train,rvl:scientific_publication:5ead21f275e56992
data/raw/public_hard_negatives/rvl/scientific_publication_23df7c5ff1aa95ee.jpg,0,train,rvl:scientific_publication:23df7c5ff1aa95ee
data/raw/public_hard_negatives/rvl/scientific_publication_1466a4ed51547bf5.jpg,0,train,rvl:scientific_publication:1466a4ed51547bf5
data/raw/public_hard_negatives/rvl/scientific_publication_de3f4bae10c72583.jpg,0,train,rvl:scientific_publication:de3f4bae10c72583
data/raw/public_hard_negatives/rvl/scientific_publication_de2f0b8b6a3a4bdd.jpg,0,train,rvl:scientific_publication:de2f0b8b6a3a4bdd
data/raw/public_hard_negatives/rvl/scientific_publication_aca9e48254cf3b0e.jpg,0,train,rvl:scientific_publication:aca9e48254cf3b0e
data/raw/public_hard_negatives/rvl/scientific_publication_1a5f093284dab849.jpg,0,train,rvl:scientific_publication:1a5f093284dab849
data/raw/public_hard_negatives/rvl/scientific_publication_0266115db6d9390c.jpg,0,train,rvl:scientific_publication:0266115db6d9390c
data/raw/public_hard_negatives/rvl/scientific_publication_6f41b0439b80793b.jpg,0,train,rvl:scientific_publication:6f41b0439b80793b
data/raw/public_hard_negatives/rvl/scientific_publication_bc0ad4ba4cea3083.jpg,0,train,rvl:scientific_publication:bc0ad4ba4cea3083
data/raw/public_hard_negatives/rvl/scientific_publication_6aa2c42b9418b517.jpg,0,train,rvl:scientific_publication:6aa2c42b9418b517
data/raw/public_hard_negatives/rvl/scientific_publication_337fe99efd56d649.jpg,0,train,rvl:scientific_publication:337fe99efd56d649
data/raw/public_hard_negatives/rvl/scientific_publication_03424e78a5387b3d.jpg,0,train,rvl:scientific_publication:03424e78a5387b3d
data/raw/public_hard_negatives/rvl/scientific_publication_6857d33420510a8d.jpg,0,train,rvl:scientific_publication:6857d33420510a8d
data/raw/public_hard_negatives/rvl/scientific_publication_8ea0a27067e80e45.jpg,0,train,rvl:scientific_publication:8ea0a27067e80e45
data/raw/public_hard_negatives/rvl/scientific_publication_7b76945e961a9b18.jpg,0,train,rvl:scientific_publication:7b76945e961a9b18
data/raw/public_hard_negatives/rvl/scientific_publication_a078eaa4a6dc79ca.jpg,0,train,rvl:scientific_publication:a078eaa4a6dc79ca
data/raw/public_hard_negatives/rvl/scientific_publication_20fa16d393d95070.jpg,0,train,rvl:scientific_publication:20fa16d393d95070
data/raw/public_hard_negatives/rvl/scientific_publication_18dabe89547387f0.jpg,0,train,rvl:scientific_publication:18dabe89547387f0
data/raw/public_hard_negatives/rvl/scientific_publication_5a14c91dbb2a2198.jpg,0,train,rvl:scientific_publication:5a14c91dbb2a2198
data/raw/public_hard_negatives/rvl/scientific_publication_e9c2dd913735802f.jpg,0,train,rvl:scientific_publication:e9c2dd913735802f
data/raw/public_hard_negatives/rvl/scientific_publication_282b89d961eb0e93.jpg,0,train,rvl:scientific_publication:282b89d961eb0e93
data/raw/public_hard_negatives/rvl/scientific_publication_730881495c2bffe5.jpg,0,train,rvl:scientific_publication:730881495c2bffe5
data/raw/public_hard_negatives/rvl/scientific_publication_b719b7eb76a6de4e.jpg,0,train,rvl:scientific_publication:b719b7eb76a6de4e
data/raw/public_hard_negatives/rvl/scientific_publication_9a6fe14bd533091d.jpg,0,train,rvl:scientific_publication:9a6fe14bd533091d
data/raw/public_hard_negatives/rvl/scientific_publication_31f018259c6c9bb1.jpg,0,train,rvl:scientific_publication:31f018259c6c9bb1
data/raw/public_hard_negatives/rvl/scientific_publication_494211cd6bc6770c.jpg,0,train,rvl:scientific_publication:494211cd6bc6770c
data/raw/public_hard_negatives/rvl/scientific_publication_cd5feec4a5a784f2.jpg,0,train,rvl:scientific_publication:cd5feec4a5a784f2
data/raw/public_hard_negatives/rvl/scientific_publication_b6c6675ff669d5bb.jpg,0,train,rvl:scientific_publication:b6c6675ff669d5bb
data/raw/public_hard_negatives/rvl/scientific_publication_216f2a9cd6ef7216.jpg,0,train,rvl:scientific_publication:216f2a9cd6ef7216
data/raw/public_hard_negatives/rvl/scientific_publication_63e82bfe3e59aaf1.jpg,0,train,rvl:scientific_publication:63e82bfe3e59aaf1
data/raw/public_hard_negatives/rvl/scientific_publication_23e18338470d06ef.jpg,0,train,rvl:scientific_publication:23e18338470d06ef
data/raw/public_hard_negatives/rvl/scientific_publication_93f853c20f63eefc.jpg,0,train,rvl:scientific_publication:93f853c20f63eefc
data/raw/public_hard_negatives/rvl/scientific_publication_118dd4f06a049cbb.jpg,0,train,rvl:scientific_publication:118dd4f06a049cbb
data/raw/public_hard_negatives/rvl/scientific_publication_49afb0acde56d77b.jpg,0,train,rvl:scientific_publication:49afb0acde56d77b
data/raw/public_hard_negatives/rvl/scientific_publication_857ebb0baaf7e90d.jpg,0,train,rvl:scientific_publication:857ebb0baaf7e90d
data/raw/public_hard_negatives/rvl/scientific_publication_2a274287000bac2c.jpg,0,train,rvl:scientific_publication:2a274287000bac2c
data/raw/public_hard_negatives/rvl/scientific_publication_3d1f30b93564c2c4.jpg,0,train,rvl:scientific_publication:3d1f30b93564c2c4
data/raw/public_hard_negatives/rvl/scientific_publication_abf32ee2f72ebccc.jpg,0,train,rvl:scientific_publication:abf32ee2f72ebccc
data/raw/public_hard_negatives/rvl/scientific_publication_4897332fdb646094.jpg,0,train,rvl:scientific_publication:4897332fdb646094
data/raw/public_hard_negatives/rvl/scientific_publication_f7fb9041aa060ad2.jpg,0,train,rvl:scientific_publication:f7fb9041aa060ad2
data/raw/public_hard_negatives/rvl/scientific_publication_8d0750085d3ab102.jpg,0,train,rvl:scientific_publication:8d0750085d3ab102
data/raw/public_hard_negatives/rvl/scientific_publication_15c6a6e77869565e.jpg,0,train,rvl:scientific_publication:15c6a6e77869565e
data/raw/public_hard_negatives/rvl/scientific_publication_b60535a10917face.jpg,0,train,rvl:scientific_publication:b60535a10917face
data/raw/public_hard_negatives/rvl/scientific_publication_543f50e3c028c7b5.jpg,0,train,rvl:scientific_publication:543f50e3c028c7b5
data/raw/public_hard_negatives/rvl/scientific_publication_8cddd230d5493048.jpg,0,train,rvl:scientific_publication:8cddd230d5493048
data/raw/public_hard_negatives/rvl/scientific_publication_130657f74a408c18.jpg,0,train,rvl:scientific_publication:130657f74a408c18
data/raw/public_hard_negatives/rvl/scientific_publication_61937bbd6440c964.jpg,0,train,rvl:scientific_publication:61937bbd6440c964
data/raw/public_hard_negatives/rvl/scientific_publication_9e44360faaea946e.jpg,0,train,rvl:scientific_publication:9e44360faaea946e
data/raw/public_hard_negatives/rvl/scientific_publication_e1f8c50aeb6f9b92.jpg,0,train,rvl:scientific_publication:e1f8c50aeb6f9b92
data/raw/public_hard_negatives/rvl/scientific_publication_f5e553b948858a39.jpg,0,train,rvl:scientific_publication:f5e553b948858a39
data/raw/public_hard_negatives/rvl/scientific_publication_1046b2d7049ddf74.jpg,0,train,rvl:scientific_publication:1046b2d7049ddf74
data/raw/public_hard_negatives/rvl/scientific_publication_3fd1c207d2afe5f8.jpg,0,train,rvl:scientific_publication:3fd1c207d2afe5f8
data/raw/public_hard_negatives/rvl/scientific_publication_98341b30f783b895.jpg,0,train,rvl:scientific_publication:98341b30f783b895
data/raw/public_hard_negatives/rvl/scientific_publication_8ae1eac848ffd346.jpg,0,train,rvl:scientific_publication:8ae1eac848ffd346
data/raw/public_hard_negatives/rvl/scientific_publication_a67677d2eadcd131.jpg,0,train,rvl:scientific_publication:a67677d2eadcd131
data/raw/public_hard_negatives/rvl/scientific_publication_41da93061e249a2a.jpg,0,train,rvl:scientific_publication:41da93061e249a2a
data/raw/public_hard_negatives/rvl/scientific_publication_181c6aa65d892e94.jpg,0,train,rvl:scientific_publication:181c6aa65d892e94
data/raw/public_hard_negatives/rvl/scientific_publication_e244052337cf5513.jpg,0,train,rvl:scientific_publication:e244052337cf5513
data/raw/public_hard_negatives/rvl/scientific_publication_a065061c56dd5183.jpg,0,train,rvl:scientific_publication:a065061c56dd5183
data/raw/public_hard_negatives/rvl/scientific_publication_9486b6e4d74e77b7.jpg,0,train,rvl:scientific_publication:9486b6e4d74e77b7
data/raw/public_hard_negatives/rvl/scientific_publication_91f6588b24fff20d.jpg,0,train,rvl:scientific_publication:91f6588b24fff20d
data/raw/public_hard_negatives/rvl/scientific_publication_be845880d3591624.jpg,0,train,rvl:scientific_publication:be845880d3591624
data/raw/public_hard_negatives/rvl/scientific_publication_de53e3ba4cf6ed0c.jpg,0,train,rvl:scientific_publication:de53e3ba4cf6ed0c
data/raw/public_hard_negatives/rvl/scientific_publication_2a61d9405348f0ed.jpg,0,train,rvl:scientific_publication:2a61d9405348f0ed
data/raw/public_hard_negatives/rvl/scientific_publication_9e9f60922cfed1a4.jpg,0,train,rvl:scientific_publication:9e9f60922cfed1a4
data/raw/public_hard_negatives/rvl/scientific_publication_800f794addd9ba49.jpg,0,train,rvl:scientific_publication:800f794addd9ba49
data/raw/public_hard_negatives/rvl/scientific_publication_84e076a64c589050.jpg,0,train,rvl:scientific_publication:84e076a64c589050
data/raw/public_hard_negatives/rvl/scientific_publication_7a6b320db1afa7ae.jpg,0,train,rvl:scientific_publication:7a6b320db1afa7ae
data/raw/public_hard_negatives/rvl/scientific_publication_65597111fd813188.jpg,0,train,rvl:scientific_publication:65597111fd813188
data/raw/public_hard_negatives/rvl/scientific_publication_0b8a1006e6a31d42.jpg,0,train,rvl:scientific_publication:0b8a1006e6a31d42
data/raw/public_hard_negatives/rvl/scientific_publication_d5956c03c81c616f.jpg,0,train,rvl:scientific_publication:d5956c03c81c616f
data/raw/public_hard_negatives/rvl/scientific_publication_6273957b2db8fe5e.jpg,0,train,rvl:scientific_publication:6273957b2db8fe5e
data/raw/public_hard_negatives/rvl/scientific_publication_33ae173e2760051b.jpg,0,train,rvl:scientific_publication:33ae173e2760051b
data/raw/public_hard_negatives/rvl/scientific_publication_a3510634e47b216f.jpg,0,train,rvl:scientific_publication:a3510634e47b216f
data/raw/public_hard_negatives/rvl/scientific_publication_966a08fc116aa8c4.jpg,0,train,rvl:scientific_publication:966a08fc116aa8c4
data/raw/public_hard_negatives/rvl/scientific_publication_efb3ffe583e3d63b.jpg,0,train,rvl:scientific_publication:efb3ffe583e3d63b
data/raw/public_hard_negatives/rvl/scientific_publication_e31487c8ba44e704.jpg,0,train,rvl:scientific_publication:e31487c8ba44e704
data/raw/public_hard_negatives/rvl/scientific_publication_2de5210c96ef0718.jpg,0,train,rvl:scientific_publication:2de5210c96ef0718
data/raw/public_hard_negatives/rvl/scientific_publication_451b7b0d401acc9b.jpg,0,train,rvl:scientific_publication:451b7b0d401acc9b
data/raw/public_hard_negatives/rvl/scientific_publication_3e2877b698861a49.jpg,0,train,rvl:scientific_publication:3e2877b698861a49
data/raw/public_hard_negatives/rvl/scientific_publication_194e6949ff883e9e.jpg,0,train,rvl:scientific_publication:194e6949ff883e9e
data/raw/public_hard_negatives/rvl/scientific_publication_023eeba96b4b1546.jpg,0,train,rvl:scientific_publication:023eeba96b4b1546
data/raw/public_hard_negatives/rvl/scientific_publication_a32f717cd51663a7.jpg,0,train,rvl:scientific_publication:a32f717cd51663a7
data/raw/public_hard_negatives/rvl/scientific_publication_71aabb554a9d5cff.jpg,0,train,rvl:scientific_publication:71aabb554a9d5cff
data/raw/public_hard_negatives/rvl/scientific_publication_d34f44a58d9955c5.jpg,0,train,rvl:scientific_publication:d34f44a58d9955c5
data/raw/public_hard_negatives/rvl/scientific_publication_5e0e6ed75bd41234.jpg,0,train,rvl:scientific_publication:5e0e6ed75bd41234
data/raw/public_hard_negatives/rvl/scientific_publication_8fb16bd01676b7a4.jpg,0,train,rvl:scientific_publication:8fb16bd01676b7a4
data/raw/public_hard_negatives/rvl/scientific_publication_27cd5243ba326436.jpg,0,train,rvl:scientific_publication:27cd5243ba326436
data/raw/public_hard_negatives/rvl/scientific_publication_3b36aa8e8fd839eb.jpg,0,train,rvl:scientific_publication:3b36aa8e8fd839eb
data/raw/public_hard_negatives/rvl/scientific_publication_deebbaae0b9b777e.jpg,0,train,rvl:scientific_publication:deebbaae0b9b777e
data/raw/public_hard_negatives/rvl/scientific_publication_0d1d8bc8e0a4ede4.jpg,0,train,rvl:scientific_publication:0d1d8bc8e0a4ede4
data/raw/public_hard_negatives/rvl/scientific_publication_877a2ef4f50d6ac6.jpg,0,train,rvl:scientific_publication:877a2ef4f50d6ac6
data/raw/public_hard_negatives/rvl/scientific_publication_33ab1af16e7b2f5c.jpg,0,train,rvl:scientific_publication:33ab1af16e7b2f5c
data/raw/public_hard_negatives/rvl/scientific_publication_73e98760693a5f3e.jpg,0,train,rvl:scientific_publication:73e98760693a5f3e
data/raw/public_hard_negatives/rvl/scientific_publication_d91dc8079d0c6dac.jpg,0,train,rvl:scientific_publication:d91dc8079d0c6dac
data/raw/public_hard_negatives/rvl/scientific_publication_efef83782830bb70.jpg,0,train,rvl:scientific_publication:efef83782830bb70
data/raw/public_hard_negatives/rvl/scientific_publication_53030707a5c63904.jpg,0,train,rvl:scientific_publication:53030707a5c63904
data/raw/public_hard_negatives/rvl/specification_377955fd1119f8d0.jpg,0,train,rvl:specification:377955fd1119f8d0
data/raw/public_hard_negatives/rvl/specification_08326897752b457c.jpg,0,train,rvl:specification:08326897752b457c
data/raw/public_hard_negatives/rvl/specification_b4575e6c1dd0fad0.jpg,0,train,rvl:specification:b4575e6c1dd0fad0
data/raw/public_hard_negatives/rvl/specification_53d4159274ccbbad.jpg,0,train,rvl:specification:53d4159274ccbbad
data/raw/public_hard_negatives/rvl/specification_1e5cf6ae6005157b.jpg,0,train,rvl:specification:1e5cf6ae6005157b
data/raw/public_hard_negatives/rvl/specification_6abdf9610325b4c8.jpg,0,train,rvl:specification:6abdf9610325b4c8
data/raw/public_hard_negatives/rvl/specification_064f20fd35211c9f.jpg,0,train,rvl:specification:064f20fd35211c9f
data/raw/public_hard_negatives/rvl/specification_e0745fd29e486e0b.jpg,0,train,rvl:specification:e0745fd29e486e0b
data/raw/public_hard_negatives/rvl/specification_475aaba155bccb64.jpg,0,train,rvl:specification:475aaba155bccb64
data/raw/public_hard_negatives/rvl/specification_68c14fd4f29d8683.jpg,0,train,rvl:specification:68c14fd4f29d8683
data/raw/public_hard_negatives/rvl/specification_c5c3a6bd2c006241.jpg,0,train,rvl:specification:c5c3a6bd2c006241
data/raw/public_hard_negatives/rvl/specification_b557c6142e67d161.jpg,0,train,rvl:specification:b557c6142e67d161
data/raw/public_hard_negatives/rvl/specification_4246802fb49d7af0.jpg,0,train,rvl:specification:4246802fb49d7af0
data/raw/public_hard_negatives/rvl/specification_1086ca4a8b0bbd15.jpg,0,train,rvl:specification:1086ca4a8b0bbd15
data/raw/public_hard_negatives/rvl/specification_71bf344aaecaab1f.jpg,0,train,rvl:specification:71bf344aaecaab1f
data/raw/public_hard_negatives/rvl/specification_9c890b8399d2e4d0.jpg,0,train,rvl:specification:9c890b8399d2e4d0
data/raw/public_hard_negatives/rvl/specification_977337b0a4f063da.jpg,0,train,rvl:specification:977337b0a4f063da
data/raw/public_hard_negatives/rvl/specification_25f5ab58c6b31bec.jpg,0,train,rvl:specification:25f5ab58c6b31bec
data/raw/public_hard_negatives/rvl/specification_af9dcc2abe141b7f.jpg,0,train,rvl:specification:af9dcc2abe141b7f
data/raw/public_hard_negatives/rvl/specification_b852c65d1cd7beac.jpg,0,train,rvl:specification:b852c65d1cd7beac
data/raw/public_hard_negatives/rvl/specification_136d19e42db5ed7a.jpg,0,train,rvl:specification:136d19e42db5ed7a
data/raw/public_hard_negatives/rvl/specification_d4e88934e9f9bc47.jpg,0,train,rvl:specification:d4e88934e9f9bc47
data/raw/public_hard_negatives/rvl/specification_dd58dccd3bc17760.jpg,0,train,rvl:specification:dd58dccd3bc17760
data/raw/public_hard_negatives/rvl/specification_02a2bf854c4357e3.jpg,0,train,rvl:specification:02a2bf854c4357e3
data/raw/public_hard_negatives/rvl/specification_dc8501a942b09b8d.jpg,0,train,rvl:specification:dc8501a942b09b8d
data/raw/public_hard_negatives/rvl/specification_069ea29cd0ebcc4b.jpg,0,train,rvl:specification:069ea29cd0ebcc4b
data/raw/public_hard_negatives/rvl/specification_15f88e163082b119.jpg,0,train,rvl:specification:15f88e163082b119
data/raw/public_hard_negatives/rvl/specification_f8827d6784ad9fc5.jpg,0,train,rvl:specification:f8827d6784ad9fc5
data/raw/public_hard_negatives/rvl/specification_c38ce60e5bdf410d.jpg,0,train,rvl:specification:c38ce60e5bdf410d
data/raw/public_hard_negatives/rvl/specification_5bae14373d279392.jpg,0,train,rvl:specification:5bae14373d279392
data/raw/public_hard_negatives/rvl/specification_3074c8daff29e6c4.jpg,0,train,rvl:specification:3074c8daff29e6c4
data/raw/public_hard_negatives/rvl/specification_bf8ae8e39689f103.jpg,0,train,rvl:specification:bf8ae8e39689f103
data/raw/public_hard_negatives/rvl/specification_7b8c8bba913006cc.jpg,0,train,rvl:specification:7b8c8bba913006cc
data/raw/public_hard_negatives/rvl/specification_5b7f08284b6f3d35.jpg,0,train,rvl:specification:5b7f08284b6f3d35
data/raw/public_hard_negatives/rvl/specification_c22996938c74aaac.jpg,0,train,rvl:specification:c22996938c74aaac
data/raw/public_hard_negatives/rvl/specification_720bfa07c3e63b15.jpg,0,train,rvl:specification:720bfa07c3e63b15
data/raw/public_hard_negatives/rvl/specification_279d0849f309682b.jpg,0,train,rvl:specification:279d0849f309682b
data/raw/public_hard_negatives/rvl/specification_db0ac69b0ee50884.jpg,0,train,rvl:specification:db0ac69b0ee50884
data/raw/public_hard_negatives/rvl/specification_6e064f8cb3694ac3.jpg,0,train,rvl:specification:6e064f8cb3694ac3
data/raw/public_hard_negatives/rvl/specification_b5a1c763931f28f9.jpg,0,train,rvl:specification:b5a1c763931f28f9
data/raw/public_hard_negatives/rvl/specification_d9738c4edb8dc299.jpg,0,train,rvl:specification:d9738c4edb8dc299
data/raw/public_hard_negatives/rvl/specification_c47934d8a3fc58da.jpg,0,train,rvl:specification:c47934d8a3fc58da
data/raw/public_hard_negatives/rvl/specification_c26a670ec8395835.jpg,0,train,rvl:specification:c26a670ec8395835
data/raw/public_hard_negatives/rvl/specification_38cd54078659daad.jpg,0,train,rvl:specification:38cd54078659daad
data/raw/public_hard_negatives/rvl/specification_fd1c972e18361cf3.jpg,0,train,rvl:specification:fd1c972e18361cf3
data/raw/public_hard_negatives/rvl/specification_15df0b075284b0e2.jpg,0,train,rvl:specification:15df0b075284b0e2
data/raw/public_hard_negatives/rvl/specification_d0e6c19cf900bc37.jpg,0,train,rvl:specification:d0e6c19cf900bc37
data/raw/public_hard_negatives/rvl/specification_3657fb0e2735da14.jpg,0,train,rvl:specification:3657fb0e2735da14
data/raw/public_hard_negatives/rvl/specification_a75f7726a54f430b.jpg,0,train,rvl:specification:a75f7726a54f430b
data/raw/public_hard_negatives/rvl/specification_5b114bb307c5a506.jpg,0,train,rvl:specification:5b114bb307c5a506
data/raw/public_hard_negatives/rvl/specification_4e3bd5e4e229347e.jpg,0,train,rvl:specification:4e3bd5e4e229347e
data/raw/public_hard_negatives/rvl/specification_1ee99f0db7f817da.jpg,0,train,rvl:specification:1ee99f0db7f817da
data/raw/public_hard_negatives/rvl/specification_5f07eaafdab15c41.jpg,0,train,rvl:specification:5f07eaafdab15c41
data/raw/public_hard_negatives/rvl/specification_53c075638fe4de27.jpg,0,train,rvl:specification:53c075638fe4de27
data/raw/public_hard_negatives/rvl/specification_8ddf625a94dd0bfb.jpg,0,train,rvl:specification:8ddf625a94dd0bfb
data/raw/public_hard_negatives/rvl/specification_6ca9143eea144dbb.jpg,0,train,rvl:specification:6ca9143eea144dbb
data/raw/public_hard_negatives/rvl/specification_ffd5afacb2070039.jpg,0,train,rvl:specification:ffd5afacb2070039
data/raw/public_hard_negatives/rvl/specification_96d5bd4ae1a68853.jpg,0,train,rvl:specification:96d5bd4ae1a68853
data/raw/public_hard_negatives/rvl/specification_b3c1633ef9eefa8b.jpg,0,train,rvl:specification:b3c1633ef9eefa8b
data/raw/public_hard_negatives/rvl/specification_d5026c5aa0d6576e.jpg,0,train,rvl:specification:d5026c5aa0d6576e
data/raw/public_hard_negatives/rvl/specification_71845eebf83cd83a.jpg,0,train,rvl:specification:71845eebf83cd83a
data/raw/public_hard_negatives/rvl/specification_7f2e551e98babf24.jpg,0,train,rvl:specification:7f2e551e98babf24
data/raw/public_hard_negatives/rvl/specification_3917cddbb60f3007.jpg,0,train,rvl:specification:3917cddbb60f3007
data/raw/public_hard_negatives/rvl/specification_68ee8b029a1e02ed.jpg,0,train,rvl:specification:68ee8b029a1e02ed
data/raw/public_hard_negatives/rvl/specification_8fdeec8a940786e5.jpg,0,train,rvl:specification:8fdeec8a940786e5
data/raw/public_hard_negatives/rvl/specification_4b52e876f7fba63c.jpg,0,train,rvl:specification:4b52e876f7fba63c
data/raw/public_hard_negatives/rvl/specification_31d9a58ac7dcec49.jpg,0,train,rvl:specification:31d9a58ac7dcec49
data/raw/public_hard_negatives/rvl/specification_eab9102cb1188d04.jpg,0,train,rvl:specification:eab9102cb1188d04
data/raw/public_hard_negatives/rvl/specification_909caa258b21acc0.jpg,0,train,rvl:specification:909caa258b21acc0
data/raw/public_hard_negatives/rvl/specification_03e2984754774cdb.jpg,0,train,rvl:specification:03e2984754774cdb
data/raw/public_hard_negatives/rvl/specification_2789cd4e5dd15c99.jpg,0,train,rvl:specification:2789cd4e5dd15c99
data/raw/public_hard_negatives/rvl/specification_055ffb4c4222a3ca.jpg,0,train,rvl:specification:055ffb4c4222a3ca
data/raw/public_hard_negatives/rvl/specification_cc15313f394b7492.jpg,0,train,rvl:specification:cc15313f394b7492
data/raw/public_hard_negatives/rvl/specification_cfde68de5c161b56.jpg,0,train,rvl:specification:cfde68de5c161b56
data/raw/public_hard_negatives/rvl/specification_8be50077d6c3ccea.jpg,0,train,rvl:specification:8be50077d6c3ccea
data/raw/public_hard_negatives/rvl/specification_2cc4ea5733bbc169.jpg,0,train,rvl:specification:2cc4ea5733bbc169
data/raw/public_hard_negatives/rvl/specification_964c83af6c62e1a8.jpg,0,train,rvl:specification:964c83af6c62e1a8
data/raw/public_hard_negatives/rvl/specification_f102983c311bc8d4.jpg,0,train,rvl:specification:f102983c311bc8d4
data/raw/public_hard_negatives/rvl/specification_df9368b3b14042e3.jpg,0,train,rvl:specification:df9368b3b14042e3
data/raw/public_hard_negatives/rvl/specification_e30477bb8ab5ba58.jpg,0,train,rvl:specification:e30477bb8ab5ba58
data/raw/public_hard_negatives/rvl/specification_c8d43f9ef71df49e.jpg,0,train,rvl:specification:c8d43f9ef71df49e
data/raw/public_hard_negatives/rvl/specification_9dbea43bb50718c8.jpg,0,train,rvl:specification:9dbea43bb50718c8
data/raw/public_hard_negatives/rvl/specification_0bdd79f68bb9f09d.jpg,0,train,rvl:specification:0bdd79f68bb9f09d
data/raw/public_hard_negatives/rvl/specification_d148d1108bc785ee.jpg,0,train,rvl:specification:d148d1108bc785ee
data/raw/public_hard_negatives/rvl/specification_662576f6184e6d5f.jpg,0,train,rvl:specification:662576f6184e6d5f
data/raw/public_hard_negatives/rvl/specification_a4f461300b79595e.jpg,0,train,rvl:specification:a4f461300b79595e
data/raw/public_hard_negatives/rvl/specification_5523560dfb5d1951.jpg,0,train,rvl:specification:5523560dfb5d1951
data/raw/public_hard_negatives/rvl/specification_6261ee8aafd80fee.jpg,0,train,rvl:specification:6261ee8aafd80fee
data/raw/public_hard_negatives/rvl/specification_01d11c2d59659cf0.jpg,0,train,rvl:specification:01d11c2d59659cf0
data/raw/public_hard_negatives/rvl/specification_8e8a8e5ce623d219.jpg,0,train,rvl:specification:8e8a8e5ce623d219
data/raw/public_hard_negatives/rvl/specification_c121b3aef6565f18.jpg,0,train,rvl:specification:c121b3aef6565f18
data/raw/public_hard_negatives/rvl/specification_3d27dd5b967a1e00.jpg,0,train,rvl:specification:3d27dd5b967a1e00
data/raw/public_hard_negatives/rvl/specification_8d4d32ad9415c8c1.jpg,0,train,rvl:specification:8d4d32ad9415c8c1
data/raw/public_hard_negatives/rvl/specification_95e4c45e0cfc566e.jpg,0,train,rvl:specification:95e4c45e0cfc566e
data/raw/public_hard_negatives/rvl/specification_9c9d96429a6427a1.jpg,0,train,rvl:specification:9c9d96429a6427a1
data/raw/public_hard_negatives/rvl/specification_7493acd707a1d59c.jpg,0,train,rvl:specification:7493acd707a1d59c
data/raw/public_hard_negatives/rvl/specification_79fde795a62dd4e6.jpg,0,train,rvl:specification:79fde795a62dd4e6
data/raw/public_hard_negatives/rvl/specification_b8cbbb93bfc7a495.jpg,0,train,rvl:specification:b8cbbb93bfc7a495
data/raw/public_hard_negatives/rvl/specification_51ee51c5fa608c61.jpg,0,train,rvl:specification:51ee51c5fa608c61
data/raw/public_hard_negatives/rvl/specification_e8482785a77a244e.jpg,0,train,rvl:specification:e8482785a77a244e
data/raw/public_hard_negatives/rvl/specification_3a47c277abcbd405.jpg,0,train,rvl:specification:3a47c277abcbd405
data/raw/public_hard_negatives/rvl/specification_df96f8e6ce4b1315.jpg,0,train,rvl:specification:df96f8e6ce4b1315
data/raw/public_hard_negatives/rvl/specification_f04bb78609f3775d.jpg,0,train,rvl:specification:f04bb78609f3775d
data/raw/public_hard_negatives/rvl/specification_5cf7853de43f0695.jpg,0,train,rvl:specification:5cf7853de43f0695
data/raw/public_hard_negatives/rvl/specification_3d9907462543444e.jpg,0,train,rvl:specification:3d9907462543444e
data/raw/public_hard_negatives/rvl/specification_3a6889f839b58e01.jpg,0,train,rvl:specification:3a6889f839b58e01
data/raw/public_hard_negatives/rvl/specification_27643cb53952871d.jpg,0,train,rvl:specification:27643cb53952871d
data/raw/public_hard_negatives/rvl/specification_701f0532acca23d3.jpg,0,train,rvl:specification:701f0532acca23d3
data/raw/public_hard_negatives/rvl/specification_e532b829667ee156.jpg,0,train,rvl:specification:e532b829667ee156
data/raw/public_hard_negatives/rvl/specification_f3f0b69390091239.jpg,0,train,rvl:specification:f3f0b69390091239
data/raw/public_hard_negatives/rvl/specification_b829ae822cafac18.jpg,0,train,rvl:specification:b829ae822cafac18
data/raw/public_hard_negatives/rvl/specification_c0cbc3b12e01f372.jpg,0,train,rvl:specification:c0cbc3b12e01f372
data/raw/public_hard_negatives/rvl/specification_f24adb38e8e3a975.jpg,0,train,rvl:specification:f24adb38e8e3a975
data/raw/public_hard_negatives/rvl/specification_f16d3cd69e93c691.jpg,0,train,rvl:specification:f16d3cd69e93c691
data/raw/public_hard_negatives/rvl/specification_d39cbc54b16f95e7.jpg,0,train,rvl:specification:d39cbc54b16f95e7
data/raw/public_hard_negatives/rvl/specification_2faec594d9d94983.jpg,0,train,rvl:specification:2faec594d9d94983
data/raw/public_hard_negatives/rvl/specification_e9099b160a01d7ab.jpg,0,train,rvl:specification:e9099b160a01d7ab
data/raw/public_hard_negatives/rvl/news_article_3b0b80ba8d9469e8.jpg,0,train,rvl:news_article:3b0b80ba8d9469e8
data/raw/public_hard_negatives/rvl/news_article_4b4b66754209c0c1.jpg,0,train,rvl:news_article:4b4b66754209c0c1
data/raw/public_hard_negatives/rvl/news_article_f02ce9520ff62dd3.jpg,0,train,rvl:news_article:f02ce9520ff62dd3
data/raw/public_hard_negatives/rvl/news_article_cbf49502dc7aed10.jpg,0,train,rvl:news_article:cbf49502dc7aed10
data/raw/public_hard_negatives/rvl/news_article_93c50c2dee70a7a0.jpg,0,train,rvl:news_article:93c50c2dee70a7a0
data/raw/public_hard_negatives/rvl/news_article_e8f9a61b10bf5c47.jpg,0,train,rvl:news_article:e8f9a61b10bf5c47
data/raw/public_hard_negatives/rvl/news_article_ace58a28255d1e01.jpg,0,train,rvl:news_article:ace58a28255d1e01
data/raw/public_hard_negatives/rvl/news_article_df5a44a6b9bb3594.jpg,0,train,rvl:news_article:df5a44a6b9bb3594
data/raw/public_hard_negatives/rvl/news_article_0d54786024d105fc.jpg,0,train,rvl:news_article:0d54786024d105fc
data/raw/public_hard_negatives/rvl/news_article_da239c64d9b2293d.jpg,0,train,rvl:news_article:da239c64d9b2293d
data/raw/public_hard_negatives/rvl/news_article_123289502fc8615a.jpg,0,train,rvl:news_article:123289502fc8615a
data/raw/public_hard_negatives/rvl/news_article_e0b6fb2d01ac6501.jpg,0,train,rvl:news_article:e0b6fb2d01ac6501
data/raw/public_hard_negatives/rvl/news_article_f0b24e21a8622e8b.jpg,0,train,rvl:news_article:f0b24e21a8622e8b
data/raw/public_hard_negatives/rvl/news_article_ede8decaecb2b64a.jpg,0,train,rvl:news_article:ede8decaecb2b64a
data/raw/public_hard_negatives/rvl/news_article_2d2a81a397eefb86.jpg,0,train,rvl:news_article:2d2a81a397eefb86
data/raw/public_hard_negatives/rvl/news_article_415d1d8a0eb5bb34.jpg,0,train,rvl:news_article:415d1d8a0eb5bb34
data/raw/public_hard_negatives/rvl/news_article_04dd80c82530600a.jpg,0,train,rvl:news_article:04dd80c82530600a
data/raw/public_hard_negatives/rvl/news_article_253f504b52cc2093.jpg,0,train,rvl:news_article:253f504b52cc2093
data/raw/public_hard_negatives/rvl/news_article_9276acd8ee87db42.jpg,0,train,rvl:news_article:9276acd8ee87db42
data/raw/public_hard_negatives/rvl/news_article_a76b2c3740a9e370.jpg,0,train,rvl:news_article:a76b2c3740a9e370
data/raw/public_hard_negatives/rvl/news_article_30efcdb7ec58f8e9.jpg,0,train,rvl:news_article:30efcdb7ec58f8e9
data/raw/public_hard_negatives/rvl/news_article_a718ae62ff8df4b4.jpg,0,train,rvl:news_article:a718ae62ff8df4b4
data/raw/public_hard_negatives/rvl/news_article_1e9615c1380494c1.jpg,0,train,rvl:news_article:1e9615c1380494c1
data/raw/public_hard_negatives/rvl/news_article_fd191004d8174f5f.jpg,0,train,rvl:news_article:fd191004d8174f5f
data/raw/public_hard_negatives/rvl/news_article_ae42b54306ef7870.jpg,0,train,rvl:news_article:ae42b54306ef7870
data/raw/public_hard_negatives/rvl/news_article_59d50df0bb1287a6.jpg,0,train,rvl:news_article:59d50df0bb1287a6
data/raw/public_hard_negatives/rvl/news_article_4c20135d18f7edba.jpg,0,train,rvl:news_article:4c20135d18f7edba
data/raw/public_hard_negatives/rvl/news_article_354dc5daa32230b0.jpg,0,train,rvl:news_article:354dc5daa32230b0
data/raw/public_hard_negatives/rvl/news_article_8cc258834ab5ba34.jpg,0,train,rvl:news_article:8cc258834ab5ba34
data/raw/public_hard_negatives/rvl/news_article_a8deb5eb4e4048c8.jpg,0,train,rvl:news_article:a8deb5eb4e4048c8
data/raw/public_hard_negatives/rvl/news_article_8756222305827497.jpg,0,train,rvl:news_article:8756222305827497
data/raw/public_hard_negatives/rvl/news_article_25406c0b3ef52c27.jpg,0,train,rvl:news_article:25406c0b3ef52c27
data/raw/public_hard_negatives/rvl/news_article_b445956dd4027447.jpg,0,train,rvl:news_article:b445956dd4027447
data/raw/public_hard_negatives/rvl/news_article_f9b761244e214448.jpg,0,train,rvl:news_article:f9b761244e214448
data/raw/public_hard_negatives/rvl/news_article_f96514ae744ac2d9.jpg,0,train,rvl:news_article:f96514ae744ac2d9
data/raw/public_hard_negatives/rvl/news_article_20072974ed5ca4f8.jpg,0,train,rvl:news_article:20072974ed5ca4f8
data/raw/public_hard_negatives/rvl/news_article_ce942ccecefd1b90.jpg,0,train,rvl:news_article:ce942ccecefd1b90
data/raw/public_hard_negatives/rvl/news_article_d21898fcf6c1dc8d.jpg,0,train,rvl:news_article:d21898fcf6c1dc8d
data/raw/public_hard_negatives/rvl/news_article_1174fc88d09cde83.jpg,0,train,rvl:news_article:1174fc88d09cde83
data/raw/public_hard_negatives/rvl/news_article_47ff78852e5dc551.jpg,0,train,rvl:news_article:47ff78852e5dc551
data/raw/public_hard_negatives/rvl/news_article_86797d8064891ce5.jpg,0,train,rvl:news_article:86797d8064891ce5
data/raw/public_hard_negatives/rvl/news_article_a916adc933aaab23.jpg,0,train,rvl:news_article:a916adc933aaab23
data/raw/public_hard_negatives/rvl/news_article_32ca5c73d19d4cfd.jpg,0,train,rvl:news_article:32ca5c73d19d4cfd
data/raw/public_hard_negatives/rvl/news_article_f19bf11a052e836e.jpg,0,train,rvl:news_article:f19bf11a052e836e
data/raw/public_hard_negatives/rvl/news_article_77002d522cf6e58e.jpg,0,train,rvl:news_article:77002d522cf6e58e
data/raw/public_hard_negatives/rvl/news_article_ecc446e5071d754e.jpg,0,train,rvl:news_article:ecc446e5071d754e
data/raw/public_hard_negatives/rvl/news_article_f74b26af26adb3ab.jpg,0,train,rvl:news_article:f74b26af26adb3ab
data/raw/public_hard_negatives/rvl/news_article_6d9344a7109ef610.jpg,0,train,rvl:news_article:6d9344a7109ef610
data/raw/public_hard_negatives/rvl/news_article_4740322e18d8897f.jpg,0,train,rvl:news_article:4740322e18d8897f
data/raw/public_hard_negatives/rvl/news_article_ae55b082a00955c7.jpg,0,train,rvl:news_article:ae55b082a00955c7
data/raw/public_hard_negatives/rvl/news_article_80593ede9c26b78d.jpg,0,train,rvl:news_article:80593ede9c26b78d
data/raw/public_hard_negatives/rvl/news_article_891c4cfd619a387a.jpg,0,train,rvl:news_article:891c4cfd619a387a
data/raw/public_hard_negatives/rvl/news_article_c66d05ae388e05ab.jpg,0,train,rvl:news_article:c66d05ae388e05ab
data/raw/public_hard_negatives/rvl/news_article_22874d997768dc8d.jpg,0,train,rvl:news_article:22874d997768dc8d
data/raw/public_hard_negatives/rvl/news_article_e519a1d42971b63e.jpg,0,train,rvl:news_article:e519a1d42971b63e
data/raw/public_hard_negatives/rvl/news_article_82ff7bbafec45f70.jpg,0,train,rvl:news_article:82ff7bbafec45f70
data/raw/public_hard_negatives/rvl/news_article_b8ec94462b8d5963.jpg,0,train,rvl:news_article:b8ec94462b8d5963
data/raw/public_hard_negatives/rvl/news_article_6bee4a0eb871cb29.jpg,0,train,rvl:news_article:6bee4a0eb871cb29
data/raw/public_hard_negatives/rvl/news_article_749dbd527f969c8c.jpg,0,train,rvl:news_article:749dbd527f969c8c
data/raw/public_hard_negatives/rvl/news_article_91514611398a47cb.jpg,0,train,rvl:news_article:91514611398a47cb
data/raw/public_hard_negatives/rvl/news_article_6c158e7770bfcb20.jpg,0,train,rvl:news_article:6c158e7770bfcb20
data/raw/public_hard_negatives/rvl/news_article_bdfa8160e0f58c26.jpg,0,train,rvl:news_article:bdfa8160e0f58c26
data/raw/public_hard_negatives/rvl/news_article_cc52bc8adfb801f6.jpg,0,train,rvl:news_article:cc52bc8adfb801f6
data/raw/public_hard_negatives/rvl/news_article_2b064e821f3c72b3.jpg,0,train,rvl:news_article:2b064e821f3c72b3
data/raw/public_hard_negatives/rvl/news_article_ce883cc576f2d886.jpg,0,train,rvl:news_article:ce883cc576f2d886
data/raw/public_hard_negatives/rvl/news_article_e47e4c228b31ee38.jpg,0,train,rvl:news_article:e47e4c228b31ee38
data/raw/public_hard_negatives/rvl/news_article_e14f7d745d378f53.jpg,0,train,rvl:news_article:e14f7d745d378f53
data/raw/public_hard_negatives/rvl/news_article_3489a0cf073831a3.jpg,0,train,rvl:news_article:3489a0cf073831a3
data/raw/public_hard_negatives/rvl/news_article_43bfb6af0a6a8307.jpg,0,train,rvl:news_article:43bfb6af0a6a8307
data/raw/public_hard_negatives/rvl/news_article_a9b6722519ee107f.jpg,0,train,rvl:news_article:a9b6722519ee107f
data/raw/public_hard_negatives/rvl/news_article_7db7c79860da6985.jpg,0,train,rvl:news_article:7db7c79860da6985
data/raw/public_hard_negatives/rvl/news_article_c92aadace2443e12.jpg,0,train,rvl:news_article:c92aadace2443e12
data/raw/public_hard_negatives/rvl/news_article_1e33bb7bb20f38d3.jpg,0,train,rvl:news_article:1e33bb7bb20f38d3
data/raw/public_hard_negatives/rvl/news_article_1ade2e9f11d506a9.jpg,0,train,rvl:news_article:1ade2e9f11d506a9
data/raw/public_hard_negatives/rvl/news_article_d17a73003e881962.jpg,0,train,rvl:news_article:d17a73003e881962
data/raw/public_hard_negatives/rvl/news_article_20f7766c3459e10b.jpg,0,train,rvl:news_article:20f7766c3459e10b
data/raw/public_hard_negatives/rvl/news_article_d4e781616f4526ce.jpg,0,train,rvl:news_article:d4e781616f4526ce
data/raw/public_hard_negatives/rvl/news_article_3177e67e7ced1127.jpg,0,train,rvl:news_article:3177e67e7ced1127
data/raw/public_hard_negatives/rvl/news_article_ad7e46b7ece9404f.jpg,0,train,rvl:news_article:ad7e46b7ece9404f
data/raw/public_hard_negatives/rvl/news_article_98771a2df58ef34b.jpg,0,train,rvl:news_article:98771a2df58ef34b
data/raw/public_hard_negatives/rvl/news_article_0f23ed6577e0ed7a.jpg,0,train,rvl:news_article:0f23ed6577e0ed7a
data/raw/public_hard_negatives/rvl/news_article_91d3e84cac6cb223.jpg,0,train,rvl:news_article:91d3e84cac6cb223
data/raw/public_hard_negatives/rvl/news_article_f8822b4fdba3f027.jpg,0,train,rvl:news_article:f8822b4fdba3f027
data/raw/public_hard_negatives/rvl/news_article_ea1b39b2b0718c84.jpg,0,train,rvl:news_article:ea1b39b2b0718c84
data/raw/public_hard_negatives/rvl/news_article_3b7c5b9012698635.jpg,0,train,rvl:news_article:3b7c5b9012698635
data/raw/public_hard_negatives/rvl/news_article_f68fa4ac986d8dd4.jpg,0,train,rvl:news_article:f68fa4ac986d8dd4
data/raw/public_hard_negatives/rvl/news_article_6fe3b0f5fcd28c44.jpg,0,train,rvl:news_article:6fe3b0f5fcd28c44
data/raw/public_hard_negatives/rvl/news_article_57cba900bc7b525c.jpg,0,train,rvl:news_article:57cba900bc7b525c
data/raw/public_hard_negatives/rvl/news_article_0c7fd9b8549b1812.jpg,0,train,rvl:news_article:0c7fd9b8549b1812
data/raw/public_hard_negatives/rvl/news_article_ae279f1487e962d2.jpg,0,train,rvl:news_article:ae279f1487e962d2
data/raw/public_hard_negatives/rvl/news_article_15745537f7e690c5.jpg,0,train,rvl:news_article:15745537f7e690c5
data/raw/public_hard_negatives/rvl/news_article_2be844dfdc33132d.jpg,0,train,rvl:news_article:2be844dfdc33132d
data/raw/public_hard_negatives/rvl/news_article_34ba21be242df5c1.jpg,0,train,rvl:news_article:34ba21be242df5c1
data/raw/public_hard_negatives/rvl/news_article_b5e627da7027af49.jpg,0,train,rvl:news_article:b5e627da7027af49
data/raw/public_hard_negatives/rvl/news_article_5d1718f0e03a9c02.jpg,0,train,rvl:news_article:5d1718f0e03a9c02
data/raw/public_hard_negatives/rvl/news_article_4620a6e2bc306035.jpg,0,train,rvl:news_article:4620a6e2bc306035
data/raw/public_hard_negatives/rvl/news_article_69105e13dc8fb495.jpg,0,train,rvl:news_article:69105e13dc8fb495
data/raw/public_hard_negatives/rvl/news_article_1f9a9a73dd2ff9b2.jpg,0,train,rvl:news_article:1f9a9a73dd2ff9b2
data/raw/public_hard_negatives/rvl/news_article_6195b58de118eebb.jpg,0,train,rvl:news_article:6195b58de118eebb
data/raw/public_hard_negatives/rvl/news_article_dab0ea4a4fdc339b.jpg,0,train,rvl:news_article:dab0ea4a4fdc339b
data/raw/public_hard_negatives/rvl/news_article_7787694139ac7555.jpg,0,train,rvl:news_article:7787694139ac7555
data/raw/public_hard_negatives/rvl/news_article_688bf5d7101de57a.jpg,0,train,rvl:news_article:688bf5d7101de57a
data/raw/public_hard_negatives/rvl/news_article_b4e8642aa6eb8421.jpg,0,train,rvl:news_article:b4e8642aa6eb8421
data/raw/public_hard_negatives/rvl/news_article_2eaa1bb2174e2651.jpg,0,train,rvl:news_article:2eaa1bb2174e2651
data/raw/public_hard_negatives/rvl/news_article_20a1b05216e8b6ea.jpg,0,train,rvl:news_article:20a1b05216e8b6ea
data/raw/public_hard_negatives/rvl/news_article_7db36c98e245c70a.jpg,0,train,rvl:news_article:7db36c98e245c70a
data/raw/public_hard_negatives/rvl/news_article_d1d175d54f402f5e.jpg,0,train,rvl:news_article:d1d175d54f402f5e
data/raw/public_hard_negatives/rvl/news_article_f9f849688358b282.jpg,0,train,rvl:news_article:f9f849688358b282
data/raw/public_hard_negatives/rvl/news_article_f74e509b29ef1da8.jpg,0,train,rvl:news_article:f74e509b29ef1da8
data/raw/public_hard_negatives/rvl/news_article_184545286da70b40.jpg,0,train,rvl:news_article:184545286da70b40
data/raw/public_hard_negatives/rvl/news_article_4ed78bda8518a221.jpg,0,train,rvl:news_article:4ed78bda8518a221
data/raw/public_hard_negatives/rvl/news_article_022ca48c93d69003.jpg,0,train,rvl:news_article:022ca48c93d69003
data/raw/public_hard_negatives/rvl/news_article_df3b097cb48798ed.jpg,0,train,rvl:news_article:df3b097cb48798ed
data/raw/public_hard_negatives/rvl/news_article_8331350ad30858f0.jpg,0,train,rvl:news_article:8331350ad30858f0
data/raw/public_hard_negatives/rvl/news_article_a828791273c331da.jpg,0,train,rvl:news_article:a828791273c331da
data/raw/public_hard_negatives/rvl/news_article_a941ccce0d3c4856.jpg,0,train,rvl:news_article:a941ccce0d3c4856
data/raw/public_hard_negatives/rvl/budget_46ad5f138d4d7f41.jpg,0,train,rvl:budget:46ad5f138d4d7f41
data/raw/public_hard_negatives/rvl/budget_36964594accde5be.jpg,0,train,rvl:budget:36964594accde5be
data/raw/public_hard_negatives/rvl/budget_3adf75640b4ea7e8.jpg,0,train,rvl:budget:3adf75640b4ea7e8
data/raw/public_hard_negatives/rvl/budget_35eafdcc22956dd4.jpg,0,train,rvl:budget:35eafdcc22956dd4
data/raw/public_hard_negatives/rvl/budget_3bc548ea74890893.jpg,0,train,rvl:budget:3bc548ea74890893
data/raw/public_hard_negatives/rvl/budget_e1111ec3550afc55.jpg,0,train,rvl:budget:e1111ec3550afc55
data/raw/public_hard_negatives/rvl/budget_ae895d24f9d6f59c.jpg,0,train,rvl:budget:ae895d24f9d6f59c
data/raw/public_hard_negatives/rvl/budget_9f3bfcb4a58d030e.jpg,0,train,rvl:budget:9f3bfcb4a58d030e
data/raw/public_hard_negatives/rvl/budget_0d5a427a377d3adf.jpg,0,train,rvl:budget:0d5a427a377d3adf
data/raw/public_hard_negatives/rvl/budget_79f247fd0bc70067.jpg,0,train,rvl:budget:79f247fd0bc70067
data/raw/public_hard_negatives/rvl/budget_18f0a21b38f9f4c6.jpg,0,train,rvl:budget:18f0a21b38f9f4c6
data/raw/public_hard_negatives/rvl/budget_797891369d88f792.jpg,0,train,rvl:budget:797891369d88f792
data/raw/public_hard_negatives/rvl/budget_25e04b8a4df6843a.jpg,0,train,rvl:budget:25e04b8a4df6843a
data/raw/public_hard_negatives/rvl/budget_7e810f47a1745dd9.jpg,0,train,rvl:budget:7e810f47a1745dd9
data/raw/public_hard_negatives/rvl/budget_edea44bfcf5257de.jpg,0,train,rvl:budget:edea44bfcf5257de
data/raw/public_hard_negatives/rvl/budget_bd27346e45a88a72.jpg,0,train,rvl:budget:bd27346e45a88a72
data/raw/public_hard_negatives/rvl/budget_8918c9e7236f3d06.jpg,0,train,rvl:budget:8918c9e7236f3d06
data/raw/public_hard_negatives/rvl/budget_a23f9e583895a716.jpg,0,train,rvl:budget:a23f9e583895a716
data/raw/public_hard_negatives/rvl/budget_02361271cce017ab.jpg,0,train,rvl:budget:02361271cce017ab
data/raw/public_hard_negatives/rvl/budget_03227844947e1cda.jpg,0,train,rvl:budget:03227844947e1cda
data/raw/public_hard_negatives/rvl/budget_5e4ed515e4831cab.jpg,0,train,rvl:budget:5e4ed515e4831cab
data/raw/public_hard_negatives/rvl/budget_4a9a33541aa77289.jpg,0,train,rvl:budget:4a9a33541aa77289
data/raw/public_hard_negatives/rvl/budget_97052ab244920a2b.jpg,0,train,rvl:budget:97052ab244920a2b
data/raw/public_hard_negatives/rvl/budget_7a6d9914fa2fa4eb.jpg,0,train,rvl:budget:7a6d9914fa2fa4eb
data/raw/public_hard_negatives/rvl/budget_0332b943ae51a949.jpg,0,train,rvl:budget:0332b943ae51a949
data/raw/public_hard_negatives/rvl/budget_b1d3872f2ed6c2dd.jpg,0,train,rvl:budget:b1d3872f2ed6c2dd
data/raw/public_hard_negatives/rvl/budget_0321abb48c9affe6.jpg,0,train,rvl:budget:0321abb48c9affe6
data/raw/public_hard_negatives/rvl/budget_a68d400d00f85765.jpg,0,train,rvl:budget:a68d400d00f85765
data/raw/public_hard_negatives/rvl/budget_44ff0b8b3da8ae9d.jpg,0,train,rvl:budget:44ff0b8b3da8ae9d
data/raw/public_hard_negatives/rvl/budget_ed9ef422b4e336ee.jpg,0,train,rvl:budget:ed9ef422b4e336ee
data/raw/public_hard_negatives/rvl/budget_abc22f744f53424a.jpg,0,train,rvl:budget:abc22f744f53424a
data/raw/public_hard_negatives/rvl/budget_4e785bf4d981dbb4.jpg,0,train,rvl:budget:4e785bf4d981dbb4
data/raw/public_hard_negatives/rvl/budget_830e4b5975678414.jpg,0,train,rvl:budget:830e4b5975678414
data/raw/public_hard_negatives/rvl/budget_44cd11ffde522579.jpg,0,train,rvl:budget:44cd11ffde522579
data/raw/public_hard_negatives/rvl/budget_80028b513231a8cc.jpg,0,train,rvl:budget:80028b513231a8cc
data/raw/public_hard_negatives/rvl/budget_bbd967a4f49d63b3.jpg,0,train,rvl:budget:bbd967a4f49d63b3
data/raw/public_hard_negatives/rvl/budget_044d27bce860a65b.jpg,0,train,rvl:budget:044d27bce860a65b
data/raw/public_hard_negatives/rvl/budget_b42204e918b4c847.jpg,0,train,rvl:budget:b42204e918b4c847
data/raw/public_hard_negatives/rvl/budget_c30351a847dbb34a.jpg,0,train,rvl:budget:c30351a847dbb34a
data/raw/public_hard_negatives/rvl/budget_e153d571dd22714e.jpg,0,train,rvl:budget:e153d571dd22714e
data/raw/public_hard_negatives/rvl/budget_7161046a704899f6.jpg,0,train,rvl:budget:7161046a704899f6
data/raw/public_hard_negatives/rvl/budget_d6c89ff0d0f384d5.jpg,0,train,rvl:budget:d6c89ff0d0f384d5
data/raw/public_hard_negatives/rvl/budget_a1653e81056150f1.jpg,0,train,rvl:budget:a1653e81056150f1
data/raw/public_hard_negatives/rvl/budget_e81adcc923b1c78e.jpg,0,train,rvl:budget:e81adcc923b1c78e
data/raw/public_hard_negatives/rvl/budget_2b7c277f7aa121c1.jpg,0,train,rvl:budget:2b7c277f7aa121c1
data/raw/public_hard_negatives/rvl/budget_0addc3274517c607.jpg,0,train,rvl:budget:0addc3274517c607
data/raw/public_hard_negatives/rvl/budget_4f4a9f461a996db2.jpg,0,train,rvl:budget:4f4a9f461a996db2
data/raw/public_hard_negatives/rvl/budget_9de9f192bd0f128c.jpg,0,train,rvl:budget:9de9f192bd0f128c
data/raw/public_hard_negatives/rvl/budget_416d2270f32cc671.jpg,0,train,rvl:budget:416d2270f32cc671
data/raw/public_hard_negatives/rvl/budget_79342282b1bb73c7.jpg,0,train,rvl:budget:79342282b1bb73c7
data/raw/public_hard_negatives/rvl/budget_539285ff2e658285.jpg,0,train,rvl:budget:539285ff2e658285
data/raw/public_hard_negatives/rvl/budget_71c01fd17e00cc16.jpg,0,train,rvl:budget:71c01fd17e00cc16
data/raw/public_hard_negatives/rvl/budget_4bd923ffe6c99c9e.jpg,0,train,rvl:budget:4bd923ffe6c99c9e
data/raw/public_hard_negatives/rvl/budget_1f6ee27f0e33e87e.jpg,0,train,rvl:budget:1f6ee27f0e33e87e
data/raw/public_hard_negatives/rvl/budget_ece7659c3ca250c3.jpg,0,train,rvl:budget:ece7659c3ca250c3
data/raw/public_hard_negatives/rvl/budget_a93b33d9db016196.jpg,0,train,rvl:budget:a93b33d9db016196
data/raw/public_hard_negatives/rvl/budget_fa3ba2305a1d381e.jpg,0,train,rvl:budget:fa3ba2305a1d381e
data/raw/public_hard_negatives/rvl/budget_b8078bb94cc865cc.jpg,0,train,rvl:budget:b8078bb94cc865cc
data/raw/public_hard_negatives/rvl/budget_f372a84376a99829.jpg,0,train,rvl:budget:f372a84376a99829
data/raw/public_hard_negatives/rvl/budget_1b18d6b2e8e3e370.jpg,0,train,rvl:budget:1b18d6b2e8e3e370
data/raw/public_hard_negatives/rvl/budget_3d046d663ec41cd2.jpg,0,train,rvl:budget:3d046d663ec41cd2
data/raw/public_hard_negatives/rvl/budget_739cf0578085ef06.jpg,0,train,rvl:budget:739cf0578085ef06
data/raw/public_hard_negatives/rvl/budget_5b415c310b2a8739.jpg,0,train,rvl:budget:5b415c310b2a8739
data/raw/public_hard_negatives/rvl/budget_0838cde258f1318e.jpg,0,train,rvl:budget:0838cde258f1318e
data/raw/public_hard_negatives/rvl/budget_4d20e140acd11253.jpg,0,train,rvl:budget:4d20e140acd11253
data/raw/public_hard_negatives/rvl/budget_0d751c9bcbaf8395.jpg,0,train,rvl:budget:0d751c9bcbaf8395
data/raw/public_hard_negatives/rvl/budget_62a4c24e90e9145a.jpg,0,train,rvl:budget:62a4c24e90e9145a
data/raw/public_hard_negatives/rvl/budget_61f06fab5d5ee698.jpg,0,train,rvl:budget:61f06fab5d5ee698
data/raw/public_hard_negatives/rvl/budget_e76a8d0bc8edd900.jpg,0,train,rvl:budget:e76a8d0bc8edd900
data/raw/public_hard_negatives/rvl/budget_baea3c81568ee66e.jpg,0,train,rvl:budget:baea3c81568ee66e
data/raw/public_hard_negatives/rvl/budget_d9eea569faf283a5.jpg,0,train,rvl:budget:d9eea569faf283a5
data/raw/public_hard_negatives/rvl/budget_bdcc412fc4634261.jpg,0,train,rvl:budget:bdcc412fc4634261
data/raw/public_hard_negatives/rvl/budget_5139228a03e1c733.jpg,0,train,rvl:budget:5139228a03e1c733
data/raw/public_hard_negatives/rvl/budget_ce35e5b549a43ad4.jpg,0,train,rvl:budget:ce35e5b549a43ad4
data/raw/public_hard_negatives/rvl/budget_17fe32691325c4ed.jpg,0,train,rvl:budget:17fe32691325c4ed
data/raw/public_hard_negatives/rvl/budget_1cb527cbc12850ef.jpg,0,train,rvl:budget:1cb527cbc12850ef
data/raw/public_hard_negatives/rvl/budget_f71c530f7fc192bf.jpg,0,train,rvl:budget:f71c530f7fc192bf
data/raw/public_hard_negatives/rvl/budget_630a472d889064ec.jpg,0,train,rvl:budget:630a472d889064ec
data/raw/public_hard_negatives/rvl/budget_adde2db972db049a.jpg,0,train,rvl:budget:adde2db972db049a
data/raw/public_hard_negatives/rvl/budget_4be1b2653744ebc3.jpg,0,train,rvl:budget:4be1b2653744ebc3
data/raw/public_hard_negatives/rvl/budget_cc53d08efdea492e.jpg,0,train,rvl:budget:cc53d08efdea492e
data/raw/public_hard_negatives/rvl/budget_27cc44b55b41f03d.jpg,0,train,rvl:budget:27cc44b55b41f03d
data/raw/public_hard_negatives/rvl/budget_42877ad181e78468.jpg,0,train,rvl:budget:42877ad181e78468
data/raw/public_hard_negatives/rvl/budget_affa37e5b767fcd6.jpg,0,train,rvl:budget:affa37e5b767fcd6
data/raw/public_hard_negatives/rvl/budget_15bc6a526aa3306f.jpg,0,train,rvl:budget:15bc6a526aa3306f
data/raw/public_hard_negatives/rvl/budget_0ce72988175cd365.jpg,0,train,rvl:budget:0ce72988175cd365
data/raw/public_hard_negatives/rvl/budget_7a3b95d6717ba430.jpg,0,train,rvl:budget:7a3b95d6717ba430
data/raw/public_hard_negatives/rvl/budget_2c9a303c7d3fe002.jpg,0,train,rvl:budget:2c9a303c7d3fe002
data/raw/public_hard_negatives/rvl/budget_e0c00eee97a84721.jpg,0,train,rvl:budget:e0c00eee97a84721
data/raw/public_hard_negatives/rvl/budget_64320440679806ec.jpg,0,train,rvl:budget:64320440679806ec
data/raw/public_hard_negatives/rvl/budget_f6e090d6df923ad1.jpg,0,train,rvl:budget:f6e090d6df923ad1
data/raw/public_hard_negatives/rvl/budget_60cd5e0831f495fe.jpg,0,train,rvl:budget:60cd5e0831f495fe
data/raw/public_hard_negatives/rvl/budget_752a5fe23172915f.jpg,0,train,rvl:budget:752a5fe23172915f
data/raw/public_hard_negatives/rvl/budget_e3aa5575076cfdab.jpg,0,train,rvl:budget:e3aa5575076cfdab
data/raw/public_hard_negatives/rvl/budget_c0410b16495f728b.jpg,0,train,rvl:budget:c0410b16495f728b
data/raw/public_hard_negatives/rvl/budget_10b7eee122879a15.jpg,0,train,rvl:budget:10b7eee122879a15
data/raw/public_hard_negatives/rvl/budget_3f130bc72ede2f37.jpg,0,train,rvl:budget:3f130bc72ede2f37
data/raw/public_hard_negatives/rvl/budget_8b88fdb54e456fe4.jpg,0,train,rvl:budget:8b88fdb54e456fe4
data/raw/public_hard_negatives/rvl/budget_583b4284b964b021.jpg,0,train,rvl:budget:583b4284b964b021
data/raw/public_hard_negatives/rvl/budget_d995818452a7e4f1.jpg,0,train,rvl:budget:d995818452a7e4f1
data/raw/public_hard_negatives/rvl/budget_d548c0a02a3c91a6.jpg,0,train,rvl:budget:d548c0a02a3c91a6
data/raw/public_hard_negatives/rvl/budget_2a847b9db5ad90f2.jpg,0,train,rvl:budget:2a847b9db5ad90f2
data/raw/public_hard_negatives/rvl/budget_1db9689ab6221c12.jpg,0,train,rvl:budget:1db9689ab6221c12
data/raw/public_hard_negatives/rvl/budget_5a4e71a5af841db9.jpg,0,train,rvl:budget:5a4e71a5af841db9
data/raw/public_hard_negatives/rvl/budget_7775248f32f058f7.jpg,0,train,rvl:budget:7775248f32f058f7
data/raw/public_hard_negatives/rvl/budget_7d537623deb12b3f.jpg,0,train,rvl:budget:7d537623deb12b3f
data/raw/public_hard_negatives/rvl/budget_500ca40a016b66e4.jpg,0,train,rvl:budget:500ca40a016b66e4
data/raw/public_hard_negatives/rvl/budget_5911145ffcee7d5a.jpg,0,train,rvl:budget:5911145ffcee7d5a
data/raw/public_hard_negatives/rvl/budget_15e90ce31d4647e0.jpg,0,train,rvl:budget:15e90ce31d4647e0
data/raw/public_hard_negatives/rvl/budget_58d8c3cb2b8b503e.jpg,0,train,rvl:budget:58d8c3cb2b8b503e
data/raw/public_hard_negatives/rvl/budget_fcdf58e2d393517d.jpg,0,train,rvl:budget:fcdf58e2d393517d
data/raw/public_hard_negatives/rvl/budget_344504b6affd3f9b.jpg,0,train,rvl:budget:344504b6affd3f9b
data/raw/public_hard_negatives/rvl/budget_dc82024735f41256.jpg,0,train,rvl:budget:dc82024735f41256
data/raw/public_hard_negatives/rvl/budget_a5f7387f8237e625.jpg,0,train,rvl:budget:a5f7387f8237e625
data/raw/public_hard_negatives/rvl/budget_4dd93a8eb183b508.jpg,0,train,rvl:budget:4dd93a8eb183b508
data/raw/public_hard_negatives/rvl/budget_cb60e0d9fbc8d62d.jpg,0,train,rvl:budget:cb60e0d9fbc8d62d
data/raw/public_hard_negatives/rvl/budget_a869cd3d16ff60d6.jpg,0,train,rvl:budget:a869cd3d16ff60d6
data/raw/public_hard_negatives/rvl/budget_e200f00daf90a77c.jpg,0,train,rvl:budget:e200f00daf90a77c
data/raw/public_hard_negatives/rvl/budget_1bc1f150a6c9a2c6.jpg,0,train,rvl:budget:1bc1f150a6c9a2c6
data/raw/public_hard_negatives/rvl/budget_4f742684da70fe3e.jpg,0,train,rvl:budget:4f742684da70fe3e
data/raw/public_hard_negatives/rvl/budget_33a3bac404dd833a.jpg,0,train,rvl:budget:33a3bac404dd833a
data/raw/public_hard_negatives/rvl/budget_89c7db09c34cd02a.jpg,0,train,rvl:budget:89c7db09c34cd02a
data/raw/public_hard_negatives/rvl/presentation_edd5f139184bdad7.jpg,0,train,rvl:presentation:edd5f139184bdad7
data/raw/public_hard_negatives/rvl/presentation_8ac52601586bbe59.jpg,0,train,rvl:presentation:8ac52601586bbe59
data/raw/public_hard_negatives/rvl/presentation_ebcbf552124f4507.jpg,0,train,rvl:presentation:ebcbf552124f4507
data/raw/public_hard_negatives/rvl/presentation_67e08d229113708a.jpg,0,train,rvl:presentation:67e08d229113708a
data/raw/public_hard_negatives/rvl/presentation_8e5c3b9ed7493b97.jpg,0,train,rvl:presentation:8e5c3b9ed7493b97
data/raw/public_hard_negatives/rvl/presentation_767df685234c9147.jpg,0,train,rvl:presentation:767df685234c9147
data/raw/public_hard_negatives/rvl/presentation_07e6ca2626688f46.jpg,0,train,rvl:presentation:07e6ca2626688f46
data/raw/public_hard_negatives/rvl/presentation_e2411306016b9a76.jpg,0,train,rvl:presentation:e2411306016b9a76
data/raw/public_hard_negatives/rvl/presentation_f3b97187e2e195d5.jpg,0,train,rvl:presentation:f3b97187e2e195d5
data/raw/public_hard_negatives/rvl/presentation_9a5162f069cabf2d.jpg,0,train,rvl:presentation:9a5162f069cabf2d
data/raw/public_hard_negatives/rvl/presentation_d48b0e3a6a61077f.jpg,0,train,rvl:presentation:d48b0e3a6a61077f
data/raw/public_hard_negatives/rvl/presentation_bb9f79fd964a0b1e.jpg,0,train,rvl:presentation:bb9f79fd964a0b1e
data/raw/public_hard_negatives/rvl/presentation_3cf4033ce465b55e.jpg,0,train,rvl:presentation:3cf4033ce465b55e
data/raw/public_hard_negatives/rvl/presentation_40e75c35f968c4fd.jpg,0,train,rvl:presentation:40e75c35f968c4fd
data/raw/public_hard_negatives/rvl/presentation_398531b94682c177.jpg,0,train,rvl:presentation:398531b94682c177
data/raw/public_hard_negatives/rvl/presentation_b55f428fc35f4860.jpg,0,train,rvl:presentation:b55f428fc35f4860
data/raw/public_hard_negatives/rvl/presentation_c41d72825671f7b5.jpg,0,train,rvl:presentation:c41d72825671f7b5
data/raw/public_hard_negatives/rvl/presentation_8024e52ab568540d.jpg,0,train,rvl:presentation:8024e52ab568540d
data/raw/public_hard_negatives/rvl/presentation_bd2c38d874066322.jpg,0,train,rvl:presentation:bd2c38d874066322
data/raw/public_hard_negatives/rvl/presentation_046f7b63748fdede.jpg,0,train,rvl:presentation:046f7b63748fdede
data/raw/public_hard_negatives/rvl/presentation_f3cba4fe31f147df.jpg,0,train,rvl:presentation:f3cba4fe31f147df
data/raw/public_hard_negatives/rvl/presentation_a63b458f093627b4.jpg,0,train,rvl:presentation:a63b458f093627b4
data/raw/public_hard_negatives/rvl/presentation_0a91079aa7f058d0.jpg,0,train,rvl:presentation:0a91079aa7f058d0
data/raw/public_hard_negatives/rvl/presentation_d91513bd1b307e5f.jpg,0,train,rvl:presentation:d91513bd1b307e5f
data/raw/public_hard_negatives/rvl/presentation_2d4fe27d10865752.jpg,0,train,rvl:presentation:2d4fe27d10865752
data/raw/public_hard_negatives/rvl/presentation_323c095661509f50.jpg,0,train,rvl:presentation:323c095661509f50
data/raw/public_hard_negatives/rvl/presentation_c2d27f68ced2d1c3.jpg,0,train,rvl:presentation:c2d27f68ced2d1c3
data/raw/public_hard_negatives/rvl/presentation_53290af0a1baeb69.jpg,0,train,rvl:presentation:53290af0a1baeb69
data/raw/public_hard_negatives/rvl/presentation_b67da417715bcf06.jpg,0,train,rvl:presentation:b67da417715bcf06
data/raw/public_hard_negatives/rvl/presentation_facc3e9bfd98d68d.jpg,0,train,rvl:presentation:facc3e9bfd98d68d
data/raw/public_hard_negatives/rvl/presentation_c16d554218f960f7.jpg,0,train,rvl:presentation:c16d554218f960f7
data/raw/public_hard_negatives/rvl/presentation_9a5fc3b8059c5de1.jpg,0,train,rvl:presentation:9a5fc3b8059c5de1
data/raw/public_hard_negatives/rvl/presentation_253ce321d362777f.jpg,0,train,rvl:presentation:253ce321d362777f
data/raw/public_hard_negatives/rvl/presentation_c43ed5c7f6e9fcad.jpg,0,train,rvl:presentation:c43ed5c7f6e9fcad
data/raw/public_hard_negatives/rvl/presentation_d1332d9826cc0045.jpg,0,train,rvl:presentation:d1332d9826cc0045
data/raw/public_hard_negatives/rvl/presentation_95ba82467c4f0a75.jpg,0,train,rvl:presentation:95ba82467c4f0a75
data/raw/public_hard_negatives/rvl/presentation_84ce39656739796e.jpg,0,train,rvl:presentation:84ce39656739796e
data/raw/public_hard_negatives/rvl/presentation_340b40fa00c8e0f1.jpg,0,train,rvl:presentation:340b40fa00c8e0f1
data/raw/public_hard_negatives/rvl/presentation_f8db1d56b1f2e3a1.jpg,0,train,rvl:presentation:f8db1d56b1f2e3a1
data/raw/public_hard_negatives/rvl/presentation_308e9e533920a77f.jpg,0,train,rvl:presentation:308e9e533920a77f
data/raw/public_hard_negatives/rvl/presentation_7f36ff83756a85ee.jpg,0,train,rvl:presentation:7f36ff83756a85ee
data/raw/public_hard_negatives/rvl/presentation_007f1e6b62cbb66a.jpg,0,train,rvl:presentation:007f1e6b62cbb66a
data/raw/public_hard_negatives/rvl/presentation_05c131450ce2d09d.jpg,0,train,rvl:presentation:05c131450ce2d09d
data/raw/public_hard_negatives/rvl/presentation_fed902653de61ff2.jpg,0,train,rvl:presentation:fed902653de61ff2
data/raw/public_hard_negatives/rvl/presentation_2a2d6ef67bee49d1.jpg,0,train,rvl:presentation:2a2d6ef67bee49d1
data/raw/public_hard_negatives/rvl/presentation_9bfc70da0789eb9e.jpg,0,train,rvl:presentation:9bfc70da0789eb9e
data/raw/public_hard_negatives/rvl/presentation_a1049c0bb459cd75.jpg,0,train,rvl:presentation:a1049c0bb459cd75
data/raw/public_hard_negatives/rvl/presentation_5f8317c11b627262.jpg,0,train,rvl:presentation:5f8317c11b627262
data/raw/public_hard_negatives/rvl/presentation_755ca97659a66e27.jpg,0,train,rvl:presentation:755ca97659a66e27
data/raw/public_hard_negatives/rvl/presentation_5f9e1f228d89d71c.jpg,0,train,rvl:presentation:5f9e1f228d89d71c
data/raw/public_hard_negatives/rvl/presentation_be832c2c54e548bb.jpg,0,train,rvl:presentation:be832c2c54e548bb
data/raw/public_hard_negatives/rvl/presentation_c0504dccc0536ec8.jpg,0,train,rvl:presentation:c0504dccc0536ec8
data/raw/public_hard_negatives/rvl/presentation_0306db7e44050b3a.jpg,0,train,rvl:presentation:0306db7e44050b3a
data/raw/public_hard_negatives/rvl/presentation_4016415ff0723bba.jpg,0,train,rvl:presentation:4016415ff0723bba
data/raw/public_hard_negatives/rvl/presentation_8df092863aa4e4dc.jpg,0,train,rvl:presentation:8df092863aa4e4dc
data/raw/public_hard_negatives/rvl/presentation_6e6a00b131457d80.jpg,0,train,rvl:presentation:6e6a00b131457d80
data/raw/public_hard_negatives/rvl/presentation_f2b0a8817ff7f2e7.jpg,0,train,rvl:presentation:f2b0a8817ff7f2e7
data/raw/public_hard_negatives/rvl/presentation_e2c0d1eb5d47db95.jpg,0,train,rvl:presentation:e2c0d1eb5d47db95
data/raw/public_hard_negatives/rvl/presentation_41ead22aa92e80fd.jpg,0,train,rvl:presentation:41ead22aa92e80fd
data/raw/public_hard_negatives/rvl/presentation_41eace32988f36a1.jpg,0,train,rvl:presentation:41eace32988f36a1
data/raw/public_hard_negatives/rvl/presentation_f7f3764c2f08526c.jpg,0,train,rvl:presentation:f7f3764c2f08526c
data/raw/public_hard_negatives/rvl/presentation_a836d752362d15be.jpg,0,train,rvl:presentation:a836d752362d15be
data/raw/public_hard_negatives/rvl/presentation_61f5f73c6d185432.jpg,0,train,rvl:presentation:61f5f73c6d185432
data/raw/public_hard_negatives/rvl/presentation_6257dbedfeedfe54.jpg,0,train,rvl:presentation:6257dbedfeedfe54
data/raw/public_hard_negatives/rvl/presentation_ccf0c25787b90792.jpg,0,train,rvl:presentation:ccf0c25787b90792
data/raw/public_hard_negatives/rvl/presentation_f7edec7da8ff110d.jpg,0,train,rvl:presentation:f7edec7da8ff110d
data/raw/public_hard_negatives/rvl/presentation_2783c7a64b40f779.jpg,0,train,rvl:presentation:2783c7a64b40f779
data/raw/public_hard_negatives/rvl/presentation_ac92f769cf8078ea.jpg,0,train,rvl:presentation:ac92f769cf8078ea
data/raw/public_hard_negatives/rvl/presentation_aba70159576ad4b2.jpg,0,train,rvl:presentation:aba70159576ad4b2
data/raw/public_hard_negatives/rvl/presentation_feb110e4cd7aba37.jpg,0,train,rvl:presentation:feb110e4cd7aba37
data/raw/public_hard_negatives/rvl/presentation_d373446cb739f2eb.jpg,0,train,rvl:presentation:d373446cb739f2eb
data/raw/public_hard_negatives/rvl/presentation_12d3d9a894f446f8.jpg,0,train,rvl:presentation:12d3d9a894f446f8
data/raw/public_hard_negatives/rvl/presentation_2ab42a2ba53e04f6.jpg,0,train,rvl:presentation:2ab42a2ba53e04f6
data/raw/public_hard_negatives/rvl/presentation_5d6fba6c4e1c4d4a.jpg,0,train,rvl:presentation:5d6fba6c4e1c4d4a
data/raw/public_hard_negatives/rvl/presentation_256869cbe1db4d80.jpg,0,train,rvl:presentation:256869cbe1db4d80
data/raw/public_hard_negatives/rvl/presentation_140bc5cea31801b8.jpg,0,train,rvl:presentation:140bc5cea31801b8
data/raw/public_hard_negatives/rvl/presentation_fd67b321231d4f36.jpg,0,train,rvl:presentation:fd67b321231d4f36
data/raw/public_hard_negatives/rvl/presentation_30536946f84015a4.jpg,0,train,rvl:presentation:30536946f84015a4
data/raw/public_hard_negatives/rvl/presentation_040bc399939f180d.jpg,0,train,rvl:presentation:040bc399939f180d
data/raw/public_hard_negatives/rvl/presentation_852fb2dff4cbc8fb.jpg,0,train,rvl:presentation:852fb2dff4cbc8fb
data/raw/public_hard_negatives/rvl/presentation_18d3049fcca59815.jpg,0,train,rvl:presentation:18d3049fcca59815
data/raw/public_hard_negatives/rvl/presentation_67ab743469d225ab.jpg,0,train,rvl:presentation:67ab743469d225ab
data/raw/public_hard_negatives/rvl/presentation_3466281cff00e3a8.jpg,0,train,rvl:presentation:3466281cff00e3a8
data/raw/public_hard_negatives/rvl/presentation_43cca33e926fb9d7.jpg,0,train,rvl:presentation:43cca33e926fb9d7
data/raw/public_hard_negatives/rvl/presentation_c32f99a84cd8bac9.jpg,0,train,rvl:presentation:c32f99a84cd8bac9
data/raw/public_hard_negatives/rvl/presentation_9f42310d2e59bee4.jpg,0,train,rvl:presentation:9f42310d2e59bee4
data/raw/public_hard_negatives/rvl/presentation_36b6723a4c81a367.jpg,0,train,rvl:presentation:36b6723a4c81a367
data/raw/public_hard_negatives/rvl/presentation_ce304a7ecfed60e8.jpg,0,train,rvl:presentation:ce304a7ecfed60e8
data/raw/public_hard_negatives/rvl/presentation_cfae4369b16e41dd.jpg,0,train,rvl:presentation:cfae4369b16e41dd
data/raw/public_hard_negatives/rvl/presentation_06ec243f569045b9.jpg,0,train,rvl:presentation:06ec243f569045b9
data/raw/public_hard_negatives/rvl/presentation_f038771214ac3d6d.jpg,0,train,rvl:presentation:f038771214ac3d6d
data/raw/public_hard_negatives/rvl/presentation_fc68a604d09e1679.jpg,0,train,rvl:presentation:fc68a604d09e1679
data/raw/public_hard_negatives/rvl/presentation_ec6870764b503fcd.jpg,0,train,rvl:presentation:ec6870764b503fcd
data/raw/public_hard_negatives/rvl/presentation_ad5127946e18f196.jpg,0,train,rvl:presentation:ad5127946e18f196
data/raw/public_hard_negatives/rvl/presentation_2583884029a1cdea.jpg,0,train,rvl:presentation:2583884029a1cdea
data/raw/public_hard_negatives/rvl/presentation_75d3abe7a8656186.jpg,0,train,rvl:presentation:75d3abe7a8656186
data/raw/public_hard_negatives/rvl/presentation_def979c6b2486019.jpg,0,train,rvl:presentation:def979c6b2486019
data/raw/public_hard_negatives/rvl/presentation_638e9a06691c9e92.jpg,0,train,rvl:presentation:638e9a06691c9e92
data/raw/public_hard_negatives/rvl/presentation_02157fd20d211b55.jpg,0,train,rvl:presentation:02157fd20d211b55
data/raw/public_hard_negatives/rvl/presentation_ca30ebefa030c167.jpg,0,train,rvl:presentation:ca30ebefa030c167
data/raw/public_hard_negatives/rvl/presentation_8e97c2f2e940f37b.jpg,0,train,rvl:presentation:8e97c2f2e940f37b
data/raw/public_hard_negatives/rvl/presentation_b4f065bad644baf2.jpg,0,train,rvl:presentation:b4f065bad644baf2
data/raw/public_hard_negatives/rvl/presentation_0a55cf9eec27a7fd.jpg,0,train,rvl:presentation:0a55cf9eec27a7fd
data/raw/public_hard_negatives/rvl/presentation_e024f31303ac6fe8.jpg,0,train,rvl:presentation:e024f31303ac6fe8
data/raw/public_hard_negatives/rvl/presentation_574c58ce0ad0e35b.jpg,0,train,rvl:presentation:574c58ce0ad0e35b
data/raw/public_hard_negatives/rvl/presentation_e6694b30d4e05173.jpg,0,train,rvl:presentation:e6694b30d4e05173
data/raw/public_hard_negatives/rvl/presentation_7739147cb58e890d.jpg,0,train,rvl:presentation:7739147cb58e890d
data/raw/public_hard_negatives/rvl/presentation_c02e11800c794277.jpg,0,train,rvl:presentation:c02e11800c794277
data/raw/public_hard_negatives/rvl/presentation_de7156c19bde0f34.jpg,0,train,rvl:presentation:de7156c19bde0f34
data/raw/public_hard_negatives/rvl/presentation_df069e68bc3c6098.jpg,0,train,rvl:presentation:df069e68bc3c6098
data/raw/public_hard_negatives/rvl/presentation_fa5482bb8f73e7ba.jpg,0,train,rvl:presentation:fa5482bb8f73e7ba
data/raw/public_hard_negatives/rvl/presentation_23d6e19c2b413dd0.jpg,0,train,rvl:presentation:23d6e19c2b413dd0
data/raw/public_hard_negatives/rvl/presentation_934befdf6a156b93.jpg,0,train,rvl:presentation:934befdf6a156b93
data/raw/public_hard_negatives/rvl/questionnaire_4478be1a151e3ef1.jpg,0,train,rvl:questionnaire:4478be1a151e3ef1
data/raw/public_hard_negatives/rvl/questionnaire_6275483f1fdf546d.jpg,0,train,rvl:questionnaire:6275483f1fdf546d
data/raw/public_hard_negatives/rvl/questionnaire_c9617af7210863ca.jpg,0,train,rvl:questionnaire:c9617af7210863ca
data/raw/public_hard_negatives/rvl/questionnaire_ffcf36eddb79b4a2.jpg,0,train,rvl:questionnaire:ffcf36eddb79b4a2
data/raw/public_hard_negatives/rvl/questionnaire_e7f94f55b8c70743.jpg,0,train,rvl:questionnaire:e7f94f55b8c70743
data/raw/public_hard_negatives/rvl/questionnaire_875a40693123afd0.jpg,0,train,rvl:questionnaire:875a40693123afd0
data/raw/public_hard_negatives/rvl/questionnaire_266ef87215186fec.jpg,0,train,rvl:questionnaire:266ef87215186fec
data/raw/public_hard_negatives/rvl/questionnaire_570f77988b371d9b.jpg,0,train,rvl:questionnaire:570f77988b371d9b
data/raw/public_hard_negatives/rvl/questionnaire_56ac08bff3d754d1.jpg,0,train,rvl:questionnaire:56ac08bff3d754d1
data/raw/public_hard_negatives/rvl/questionnaire_769854a9ad028e8b.jpg,0,train,rvl:questionnaire:769854a9ad028e8b
data/raw/public_hard_negatives/rvl/questionnaire_c9ce82dc72323721.jpg,0,train,rvl:questionnaire:c9ce82dc72323721
data/raw/public_hard_negatives/rvl/questionnaire_c7dfd006fceab957.jpg,0,train,rvl:questionnaire:c7dfd006fceab957
data/raw/public_hard_negatives/rvl/questionnaire_7d87b8827bb2f0ab.jpg,0,train,rvl:questionnaire:7d87b8827bb2f0ab
data/raw/public_hard_negatives/rvl/questionnaire_daffefa107056761.jpg,0,train,rvl:questionnaire:daffefa107056761
data/raw/public_hard_negatives/rvl/questionnaire_0aae30645fdca740.jpg,0,train,rvl:questionnaire:0aae30645fdca740
data/raw/public_hard_negatives/rvl/questionnaire_f69685a6ea1073ce.jpg,0,train,rvl:questionnaire:f69685a6ea1073ce
data/raw/public_hard_negatives/rvl/questionnaire_1a83fe9fd739dcb4.jpg,0,train,rvl:questionnaire:1a83fe9fd739dcb4
data/raw/public_hard_negatives/rvl/questionnaire_667fec619585a255.jpg,0,train,rvl:questionnaire:667fec619585a255
data/raw/public_hard_negatives/rvl/questionnaire_0c71bae4f15fe757.jpg,0,train,rvl:questionnaire:0c71bae4f15fe757
data/raw/public_hard_negatives/rvl/questionnaire_dea016f296e71cbf.jpg,0,train,rvl:questionnaire:dea016f296e71cbf
data/raw/public_hard_negatives/rvl/questionnaire_7e01d1ee4a91552f.jpg,0,train,rvl:questionnaire:7e01d1ee4a91552f
data/raw/public_hard_negatives/rvl/questionnaire_03af21e443c07cf9.jpg,0,train,rvl:questionnaire:03af21e443c07cf9
data/raw/public_hard_negatives/rvl/questionnaire_8c37a7108bc64247.jpg,0,train,rvl:questionnaire:8c37a7108bc64247
data/raw/public_hard_negatives/rvl/questionnaire_5df285bb7e6dc017.jpg,0,train,rvl:questionnaire:5df285bb7e6dc017
data/raw/public_hard_negatives/rvl/questionnaire_b815078b33204d79.jpg,0,train,rvl:questionnaire:b815078b33204d79
data/raw/public_hard_negatives/rvl/questionnaire_61756009eba3dc17.jpg,0,train,rvl:questionnaire:61756009eba3dc17
data/raw/public_hard_negatives/rvl/questionnaire_e8eabc87db902cb8.jpg,0,train,rvl:questionnaire:e8eabc87db902cb8
data/raw/public_hard_negatives/rvl/questionnaire_4f47a570f6af1861.jpg,0,train,rvl:questionnaire:4f47a570f6af1861
data/raw/public_hard_negatives/rvl/questionnaire_999fa1735b6919fb.jpg,0,train,rvl:questionnaire:999fa1735b6919fb
data/raw/public_hard_negatives/rvl/questionnaire_455dab99bfa9582c.jpg,0,train,rvl:questionnaire:455dab99bfa9582c
data/raw/public_hard_negatives/rvl/questionnaire_484f4951ba16b4b8.jpg,0,train,rvl:questionnaire:484f4951ba16b4b8
data/raw/public_hard_negatives/rvl/questionnaire_7007ba2a8e120e00.jpg,0,train,rvl:questionnaire:7007ba2a8e120e00
data/raw/public_hard_negatives/rvl/questionnaire_6693dbab0f6cccbe.jpg,0,train,rvl:questionnaire:6693dbab0f6cccbe
data/raw/public_hard_negatives/rvl/questionnaire_bcaa7d89df4dd901.jpg,0,train,rvl:questionnaire:bcaa7d89df4dd901
data/raw/public_hard_negatives/rvl/questionnaire_149052d8a1ec70ca.jpg,0,train,rvl:questionnaire:149052d8a1ec70ca
data/raw/public_hard_negatives/rvl/questionnaire_76384ecc8f62a180.jpg,0,train,rvl:questionnaire:76384ecc8f62a180
data/raw/public_hard_negatives/rvl/questionnaire_55660aed4a48972a.jpg,0,train,rvl:questionnaire:55660aed4a48972a
data/raw/public_hard_negatives/rvl/questionnaire_17acb129d9352eba.jpg,0,train,rvl:questionnaire:17acb129d9352eba
data/raw/public_hard_negatives/rvl/questionnaire_ca8b0e8f028852ea.jpg,0,train,rvl:questionnaire:ca8b0e8f028852ea
data/raw/public_hard_negatives/rvl/questionnaire_82a84754c14f8201.jpg,0,train,rvl:questionnaire:82a84754c14f8201
data/raw/public_hard_negatives/rvl/questionnaire_b461bb9af3687ad5.jpg,0,train,rvl:questionnaire:b461bb9af3687ad5
data/raw/public_hard_negatives/rvl/questionnaire_da8d7257ff25b59a.jpg,0,train,rvl:questionnaire:da8d7257ff25b59a
data/raw/public_hard_negatives/rvl/questionnaire_ae7f6cc73a309f33.jpg,0,train,rvl:questionnaire:ae7f6cc73a309f33
data/raw/public_hard_negatives/rvl/questionnaire_373be9538382515d.jpg,0,train,rvl:questionnaire:373be9538382515d
data/raw/public_hard_negatives/rvl/questionnaire_027bbb41fb8f6b80.jpg,0,train,rvl:questionnaire:027bbb41fb8f6b80
data/raw/public_hard_negatives/rvl/questionnaire_3eb7a3ccdd1d0627.jpg,0,train,rvl:questionnaire:3eb7a3ccdd1d0627
data/raw/public_hard_negatives/rvl/questionnaire_8de6e19a2cd86fff.jpg,0,train,rvl:questionnaire:8de6e19a2cd86fff
data/raw/public_hard_negatives/rvl/questionnaire_77d05a86548c43ab.jpg,0,train,rvl:questionnaire:77d05a86548c43ab
data/raw/public_hard_negatives/rvl/questionnaire_5deef505432b7d23.jpg,0,train,rvl:questionnaire:5deef505432b7d23
data/raw/public_hard_negatives/rvl/questionnaire_3935d4f2d4d98caf.jpg,0,train,rvl:questionnaire:3935d4f2d4d98caf
data/raw/public_hard_negatives/rvl/questionnaire_9f66410356e79195.jpg,0,train,rvl:questionnaire:9f66410356e79195
data/raw/public_hard_negatives/rvl/questionnaire_76935afc4d2825e2.jpg,0,train,rvl:questionnaire:76935afc4d2825e2
data/raw/public_hard_negatives/rvl/questionnaire_c831dcaa01f9d0b3.jpg,0,train,rvl:questionnaire:c831dcaa01f9d0b3
data/raw/public_hard_negatives/rvl/questionnaire_377e3d7ea040de16.jpg,0,train,rvl:questionnaire:377e3d7ea040de16
data/raw/public_hard_negatives/rvl/questionnaire_95c558228ddb4aa9.jpg,0,train,rvl:questionnaire:95c558228ddb4aa9
data/raw/public_hard_negatives/rvl/questionnaire_d0c2891fb55259f3.jpg,0,train,rvl:questionnaire:d0c2891fb55259f3
data/raw/public_hard_negatives/rvl/questionnaire_23d072ef62743fe2.jpg,0,train,rvl:questionnaire:23d072ef62743fe2
data/raw/public_hard_negatives/rvl/questionnaire_7bec3bf3d8910c95.jpg,0,train,rvl:questionnaire:7bec3bf3d8910c95
data/raw/public_hard_negatives/rvl/questionnaire_a95d630182f69803.jpg,0,train,rvl:questionnaire:a95d630182f69803
data/raw/public_hard_negatives/rvl/questionnaire_9b8c93b3bedf7a88.jpg,0,train,rvl:questionnaire:9b8c93b3bedf7a88
data/raw/public_hard_negatives/rvl/questionnaire_a911786818af3ee6.jpg,0,train,rvl:questionnaire:a911786818af3ee6
data/raw/public_hard_negatives/rvl/questionnaire_300c085bdff2bbe2.jpg,0,train,rvl:questionnaire:300c085bdff2bbe2
data/raw/public_hard_negatives/rvl/questionnaire_0c89284b664a53d2.jpg,0,train,rvl:questionnaire:0c89284b664a53d2
data/raw/public_hard_negatives/rvl/questionnaire_4463780b4f499ac1.jpg,0,train,rvl:questionnaire:4463780b4f499ac1
data/raw/public_hard_negatives/rvl/questionnaire_a78c0f4e26c61dc1.jpg,0,train,rvl:questionnaire:a78c0f4e26c61dc1
data/raw/public_hard_negatives/rvl/questionnaire_f386e129470f518b.jpg,0,train,rvl:questionnaire:f386e129470f518b
data/raw/public_hard_negatives/rvl/questionnaire_16b7214f35f4dfff.jpg,0,train,rvl:questionnaire:16b7214f35f4dfff
data/raw/public_hard_negatives/rvl/questionnaire_0cb1daea701b402f.jpg,0,train,rvl:questionnaire:0cb1daea701b402f
data/raw/public_hard_negatives/rvl/questionnaire_a0bdbbffe963acd8.jpg,0,train,rvl:questionnaire:a0bdbbffe963acd8
data/raw/public_hard_negatives/rvl/questionnaire_278599e2627695a5.jpg,0,train,rvl:questionnaire:278599e2627695a5
data/raw/public_hard_negatives/rvl/questionnaire_c2719e1979923b6b.jpg,0,train,rvl:questionnaire:c2719e1979923b6b
data/raw/public_hard_negatives/rvl/questionnaire_3c4bf7e4d8764160.jpg,0,train,rvl:questionnaire:3c4bf7e4d8764160
data/raw/public_hard_negatives/rvl/questionnaire_07dee4373d5a879d.jpg,0,train,rvl:questionnaire:07dee4373d5a879d
data/raw/public_hard_negatives/rvl/questionnaire_abeaa50e8880d0e4.jpg,0,train,rvl:questionnaire:abeaa50e8880d0e4
data/raw/public_hard_negatives/rvl/questionnaire_09762e4165d5362c.jpg,0,train,rvl:questionnaire:09762e4165d5362c
data/raw/public_hard_negatives/rvl/questionnaire_115ade477b088ec4.jpg,0,train,rvl:questionnaire:115ade477b088ec4
data/raw/public_hard_negatives/rvl/questionnaire_4fe03e04da480f5b.jpg,0,train,rvl:questionnaire:4fe03e04da480f5b
data/raw/public_hard_negatives/rvl/questionnaire_3baea6738ee678c9.jpg,0,train,rvl:questionnaire:3baea6738ee678c9
data/raw/public_hard_negatives/rvl/questionnaire_e621953bce747823.jpg,0,train,rvl:questionnaire:e621953bce747823
data/raw/public_hard_negatives/rvl/questionnaire_538b4bb6758d0ce6.jpg,0,train,rvl:questionnaire:538b4bb6758d0ce6
data/raw/public_hard_negatives/rvl/questionnaire_626ec0eed6df25b5.jpg,0,train,rvl:questionnaire:626ec0eed6df25b5
data/raw/public_hard_negatives/rvl/questionnaire_22538f508c313a7c.jpg,0,train,rvl:questionnaire:22538f508c313a7c
data/raw/public_hard_negatives/rvl/questionnaire_a916bb0b8f234d57.jpg,0,train,rvl:questionnaire:a916bb0b8f234d57
data/raw/public_hard_negatives/rvl/questionnaire_eb1961bf25cd6362.jpg,0,train,rvl:questionnaire:eb1961bf25cd6362
data/raw/public_hard_negatives/rvl/questionnaire_0bdc883ba7237139.jpg,0,train,rvl:questionnaire:0bdc883ba7237139
data/raw/public_hard_negatives/rvl/questionnaire_6c6b7fb095d39feb.jpg,0,train,rvl:questionnaire:6c6b7fb095d39feb
data/raw/public_hard_negatives/rvl/questionnaire_caec71cd53cabf83.jpg,0,train,rvl:questionnaire:caec71cd53cabf83
data/raw/public_hard_negatives/rvl/questionnaire_df6939e5a0fe1baf.jpg,0,train,rvl:questionnaire:df6939e5a0fe1baf
data/raw/public_hard_negatives/rvl/questionnaire_c3a54cd01212d5fb.jpg,0,train,rvl:questionnaire:c3a54cd01212d5fb
data/raw/public_hard_negatives/rvl/questionnaire_5b013d17d094c292.jpg,0,train,rvl:questionnaire:5b013d17d094c292
data/raw/public_hard_negatives/rvl/questionnaire_1f3096ac1cb8b114.jpg,0,train,rvl:questionnaire:1f3096ac1cb8b114
data/raw/public_hard_negatives/rvl/questionnaire_bbc0be5f307f12ce.jpg,0,train,rvl:questionnaire:bbc0be5f307f12ce
data/raw/public_hard_negatives/rvl/questionnaire_19e866c64115694f.jpg,0,train,rvl:questionnaire:19e866c64115694f
data/raw/public_hard_negatives/rvl/questionnaire_b8c60bfef25ea513.jpg,0,train,rvl:questionnaire:b8c60bfef25ea513
data/raw/public_hard_negatives/rvl/questionnaire_5e90f67f8e7943e9.jpg,0,train,rvl:questionnaire:5e90f67f8e7943e9
data/raw/public_hard_negatives/rvl/questionnaire_234ee35d840c2d3d.jpg,0,train,rvl:questionnaire:234ee35d840c2d3d
data/raw/public_hard_negatives/rvl/questionnaire_d861828d5fee3216.jpg,0,train,rvl:questionnaire:d861828d5fee3216
data/raw/public_hard_negatives/rvl/questionnaire_ea8bdd9cdb2af9ea.jpg,0,train,rvl:questionnaire:ea8bdd9cdb2af9ea
data/raw/public_hard_negatives/rvl/questionnaire_a2f628bf8f06b587.jpg,0,train,rvl:questionnaire:a2f628bf8f06b587
data/raw/public_hard_negatives/rvl/questionnaire_ef39271d2ea23c0a.jpg,0,train,rvl:questionnaire:ef39271d2ea23c0a
data/raw/public_hard_negatives/rvl/questionnaire_6ea56b816f720bf6.jpg,0,train,rvl:questionnaire:6ea56b816f720bf6
data/raw/public_hard_negatives/rvl/questionnaire_178e6d27755df600.jpg,0,train,rvl:questionnaire:178e6d27755df600
data/raw/public_hard_negatives/rvl/questionnaire_eab6da7584d7d81b.jpg,0,train,rvl:questionnaire:eab6da7584d7d81b
data/raw/public_hard_negatives/rvl/questionnaire_d29f0d1f01e9aa0b.jpg,0,train,rvl:questionnaire:d29f0d1f01e9aa0b
data/raw/public_hard_negatives/rvl/questionnaire_ad8ef2486c1a0b4c.jpg,0,train,rvl:questionnaire:ad8ef2486c1a0b4c
data/raw/public_hard_negatives/rvl/questionnaire_de9826597b0130e9.jpg,0,train,rvl:questionnaire:de9826597b0130e9
data/raw/public_hard_negatives/rvl/questionnaire_cd8883f3c0f576f4.jpg,0,train,rvl:questionnaire:cd8883f3c0f576f4
data/raw/public_hard_negatives/rvl/questionnaire_0f49f56fde6fd43e.jpg,0,train,rvl:questionnaire:0f49f56fde6fd43e
data/raw/public_hard_negatives/rvl/questionnaire_8a7d6290f01c7591.jpg,0,train,rvl:questionnaire:8a7d6290f01c7591
data/raw/public_hard_negatives/rvl/questionnaire_0cdeb8f60694605f.jpg,0,train,rvl:questionnaire:0cdeb8f60694605f
data/raw/public_hard_negatives/rvl/questionnaire_afdeac1bf4dfd3e7.jpg,0,train,rvl:questionnaire:afdeac1bf4dfd3e7
data/raw/public_hard_negatives/rvl/questionnaire_3e840b840b57e27e.jpg,0,train,rvl:questionnaire:3e840b840b57e27e
data/raw/public_hard_negatives/rvl/questionnaire_6c115dfc118aa79d.jpg,0,train,rvl:questionnaire:6c115dfc118aa79d
data/raw/public_hard_negatives/rvl/questionnaire_50a6c9de68ee0e13.jpg,0,train,rvl:questionnaire:50a6c9de68ee0e13
data/raw/public_hard_negatives/rvl/resume_2ac0a9aa90933c10.jpg,0,train,rvl:resume:2ac0a9aa90933c10
data/raw/public_hard_negatives/rvl/resume_a309c39d5e25f0c8.jpg,0,train,rvl:resume:a309c39d5e25f0c8
data/raw/public_hard_negatives/rvl/resume_7610ad1c401073cb.jpg,0,train,rvl:resume:7610ad1c401073cb
data/raw/public_hard_negatives/rvl/resume_e82844d7938cb7dc.jpg,0,train,rvl:resume:e82844d7938cb7dc
data/raw/public_hard_negatives/rvl/resume_cb43775464aa7183.jpg,0,train,rvl:resume:cb43775464aa7183
data/raw/public_hard_negatives/rvl/resume_7d7b2bd005fc700a.jpg,0,train,rvl:resume:7d7b2bd005fc700a
data/raw/public_hard_negatives/rvl/resume_fdafd87169702290.jpg,0,train,rvl:resume:fdafd87169702290
data/raw/public_hard_negatives/rvl/resume_c2ee13a3e4982547.jpg,0,train,rvl:resume:c2ee13a3e4982547
data/raw/public_hard_negatives/rvl/resume_b83851b020a9e7c7.jpg,0,train,rvl:resume:b83851b020a9e7c7
data/raw/public_hard_negatives/rvl/resume_02f66353389f6ef5.jpg,0,train,rvl:resume:02f66353389f6ef5
data/raw/public_hard_negatives/rvl/resume_5da35dca47ecd84f.jpg,0,train,rvl:resume:5da35dca47ecd84f
data/raw/public_hard_negatives/rvl/resume_f58caf7845f87d48.jpg,0,train,rvl:resume:f58caf7845f87d48
data/raw/public_hard_negatives/rvl/resume_3b2da40e9d8fc8ad.jpg,0,train,rvl:resume:3b2da40e9d8fc8ad
data/raw/public_hard_negatives/rvl/resume_4c36b0c6d845e373.jpg,0,train,rvl:resume:4c36b0c6d845e373
data/raw/public_hard_negatives/rvl/resume_b6c8f63bf59e54d2.jpg,0,train,rvl:resume:b6c8f63bf59e54d2
data/raw/public_hard_negatives/rvl/resume_906d43f691cee003.jpg,0,train,rvl:resume:906d43f691cee003
data/raw/public_hard_negatives/rvl/resume_ed83a03a4f136fb5.jpg,0,train,rvl:resume:ed83a03a4f136fb5
data/raw/public_hard_negatives/rvl/resume_2f128511982d2255.jpg,0,train,rvl:resume:2f128511982d2255
data/raw/public_hard_negatives/rvl/resume_cfef5f570b18c91e.jpg,0,train,rvl:resume:cfef5f570b18c91e
data/raw/public_hard_negatives/rvl/resume_356ad87db169ff10.jpg,0,train,rvl:resume:356ad87db169ff10
data/raw/public_hard_negatives/rvl/resume_aa8d8f59f873db8b.jpg,0,train,rvl:resume:aa8d8f59f873db8b
data/raw/public_hard_negatives/rvl/resume_a9e7c52b2075c956.jpg,0,train,rvl:resume:a9e7c52b2075c956
data/raw/public_hard_negatives/rvl/resume_e253eea99edc5ad2.jpg,0,train,rvl:resume:e253eea99edc5ad2
data/raw/public_hard_negatives/rvl/resume_40136aca1ff52873.jpg,0,train,rvl:resume:40136aca1ff52873
data/raw/public_hard_negatives/rvl/resume_ac91e44a36ab7e19.jpg,0,train,rvl:resume:ac91e44a36ab7e19
data/raw/public_hard_negatives/rvl/resume_f649b17371a3a106.jpg,0,train,rvl:resume:f649b17371a3a106
data/raw/public_hard_negatives/rvl/resume_9e3b30035ae4e068.jpg,0,train,rvl:resume:9e3b30035ae4e068
data/raw/public_hard_negatives/rvl/resume_0248cd3b2bcf2b51.jpg,0,train,rvl:resume:0248cd3b2bcf2b51
data/raw/public_hard_negatives/rvl/resume_3be643075f414983.jpg,0,train,rvl:resume:3be643075f414983
data/raw/public_hard_negatives/rvl/resume_6e6fb8532f112c0c.jpg,0,train,rvl:resume:6e6fb8532f112c0c
data/raw/public_hard_negatives/rvl/resume_3d1a24c5d054d829.jpg,0,train,rvl:resume:3d1a24c5d054d829
data/raw/public_hard_negatives/rvl/resume_3daa3e9e70597f1a.jpg,0,train,rvl:resume:3daa3e9e70597f1a
data/raw/public_hard_negatives/rvl/resume_cbaecdcf0e2f2e63.jpg,0,train,rvl:resume:cbaecdcf0e2f2e63
data/raw/public_hard_negatives/rvl/resume_64a8eff9188af9a4.jpg,0,train,rvl:resume:64a8eff9188af9a4
data/raw/public_hard_negatives/rvl/resume_beb7f299656c73c1.jpg,0,train,rvl:resume:beb7f299656c73c1
data/raw/public_hard_negatives/rvl/resume_8cd691f207421000.jpg,0,train,rvl:resume:8cd691f207421000
data/raw/public_hard_negatives/rvl/resume_89e811e1ccfcc781.jpg,0,train,rvl:resume:89e811e1ccfcc781
data/raw/public_hard_negatives/rvl/resume_a3dec8f4e19a14e8.jpg,0,train,rvl:resume:a3dec8f4e19a14e8
data/raw/public_hard_negatives/rvl/resume_cc8874d5aacd94a0.jpg,0,train,rvl:resume:cc8874d5aacd94a0
data/raw/public_hard_negatives/rvl/resume_85ea8fa23f1811a9.jpg,0,train,rvl:resume:85ea8fa23f1811a9
data/raw/public_hard_negatives/rvl/resume_c8c043df4671e1fe.jpg,0,train,rvl:resume:c8c043df4671e1fe
data/raw/public_hard_negatives/rvl/resume_a82c8c9e347498a3.jpg,0,train,rvl:resume:a82c8c9e347498a3
data/raw/public_hard_negatives/rvl/resume_13a83e14a64ae770.jpg,0,train,rvl:resume:13a83e14a64ae770
data/raw/public_hard_negatives/rvl/resume_b09aa91fdf40bce9.jpg,0,train,rvl:resume:b09aa91fdf40bce9
data/raw/public_hard_negatives/rvl/resume_24298fc279cfbcf1.jpg,0,train,rvl:resume:24298fc279cfbcf1
data/raw/public_hard_negatives/rvl/resume_eb21ef6d25999850.jpg,0,train,rvl:resume:eb21ef6d25999850
data/raw/public_hard_negatives/rvl/resume_abde645cba3321cf.jpg,0,train,rvl:resume:abde645cba3321cf
data/raw/public_hard_negatives/rvl/resume_130d18148998b7a1.jpg,0,train,rvl:resume:130d18148998b7a1
data/raw/public_hard_negatives/rvl/resume_79206a7cb6c2adfc.jpg,0,train,rvl:resume:79206a7cb6c2adfc
data/raw/public_hard_negatives/rvl/resume_9e4cad7e3c9383a9.jpg,0,train,rvl:resume:9e4cad7e3c9383a9
data/raw/public_hard_negatives/rvl/resume_6b1e478eedc3e901.jpg,0,train,rvl:resume:6b1e478eedc3e901
data/raw/public_hard_negatives/rvl/resume_595bdd83acf3aeb0.jpg,0,train,rvl:resume:595bdd83acf3aeb0
data/raw/public_hard_negatives/rvl/resume_237c101cf78201c4.jpg,0,train,rvl:resume:237c101cf78201c4
data/raw/public_hard_negatives/rvl/resume_ab863079d550a63b.jpg,0,train,rvl:resume:ab863079d550a63b
data/raw/public_hard_negatives/rvl/resume_304e0c60ca27555b.jpg,0,train,rvl:resume:304e0c60ca27555b
data/raw/public_hard_negatives/rvl/resume_32049083c9478b5a.jpg,0,train,rvl:resume:32049083c9478b5a
data/raw/public_hard_negatives/rvl/resume_d0cee484aa920314.jpg,0,train,rvl:resume:d0cee484aa920314
data/raw/public_hard_negatives/rvl/resume_94da1684df1504e0.jpg,0,train,rvl:resume:94da1684df1504e0
data/raw/public_hard_negatives/rvl/resume_26525b2ab6da0896.jpg,0,train,rvl:resume:26525b2ab6da0896
data/raw/public_hard_negatives/rvl/resume_6c71ad4f07ef967e.jpg,0,train,rvl:resume:6c71ad4f07ef967e
data/raw/public_hard_negatives/rvl/resume_bc144a7549b5426a.jpg,0,train,rvl:resume:bc144a7549b5426a
data/raw/public_hard_negatives/rvl/resume_48c9e210c8d14e1d.jpg,0,train,rvl:resume:48c9e210c8d14e1d
data/raw/public_hard_negatives/rvl/resume_bedfb00612a6f0e3.jpg,0,train,rvl:resume:bedfb00612a6f0e3
data/raw/public_hard_negatives/rvl/resume_b89fbbfc288a826c.jpg,0,train,rvl:resume:b89fbbfc288a826c
data/raw/public_hard_negatives/rvl/resume_ec56f42f2d318754.jpg,0,train,rvl:resume:ec56f42f2d318754
data/raw/public_hard_negatives/rvl/resume_fd45a020f4376460.jpg,0,train,rvl:resume:fd45a020f4376460
data/raw/public_hard_negatives/rvl/resume_41c7ebf9aa114c9b.jpg,0,train,rvl:resume:41c7ebf9aa114c9b
data/raw/public_hard_negatives/rvl/resume_4c6b1565e1dfabbb.jpg,0,train,rvl:resume:4c6b1565e1dfabbb
data/raw/public_hard_negatives/rvl/resume_06b7fefa95fc3215.jpg,0,train,rvl:resume:06b7fefa95fc3215
data/raw/public_hard_negatives/rvl/resume_94a054c81ff37834.jpg,0,train,rvl:resume:94a054c81ff37834
data/raw/public_hard_negatives/rvl/resume_055899026d127691.jpg,0,train,rvl:resume:055899026d127691
data/raw/public_hard_negatives/rvl/resume_9a642e12a5074121.jpg,0,train,rvl:resume:9a642e12a5074121
data/raw/public_hard_negatives/rvl/resume_a4470d71a631dc25.jpg,0,train,rvl:resume:a4470d71a631dc25
data/raw/public_hard_negatives/rvl/resume_5229ee190ee17e80.jpg,0,train,rvl:resume:5229ee190ee17e80
data/raw/public_hard_negatives/rvl/resume_2943c774feb62635.jpg,0,train,rvl:resume:2943c774feb62635
data/raw/public_hard_negatives/rvl/resume_c637a873757327e9.jpg,0,train,rvl:resume:c637a873757327e9
data/raw/public_hard_negatives/rvl/resume_92195cc04d53d1b0.jpg,0,train,rvl:resume:92195cc04d53d1b0
data/raw/public_hard_negatives/rvl/resume_25bd11d3ce36ef39.jpg,0,train,rvl:resume:25bd11d3ce36ef39
data/raw/public_hard_negatives/rvl/resume_cfe78fb3c6b5c10a.jpg,0,train,rvl:resume:cfe78fb3c6b5c10a
data/raw/public_hard_negatives/rvl/resume_2d559c9e932e3ee2.jpg,0,train,rvl:resume:2d559c9e932e3ee2
data/raw/public_hard_negatives/rvl/resume_83a51b3a216d2552.jpg,0,train,rvl:resume:83a51b3a216d2552
data/raw/public_hard_negatives/rvl/resume_8d22ff2ef43b582d.jpg,0,train,rvl:resume:8d22ff2ef43b582d
data/raw/public_hard_negatives/rvl/resume_4791f526d67c470b.jpg,0,train,rvl:resume:4791f526d67c470b
data/raw/public_hard_negatives/rvl/resume_403a564e7ca7b8a4.jpg,0,train,rvl:resume:403a564e7ca7b8a4
data/raw/public_hard_negatives/rvl/resume_bdfe40eefd337f19.jpg,0,train,rvl:resume:bdfe40eefd337f19
data/raw/public_hard_negatives/rvl/resume_06406b84a8f2b9a6.jpg,0,train,rvl:resume:06406b84a8f2b9a6
data/raw/public_hard_negatives/rvl/resume_b6e91a13a3b4c5c6.jpg,0,train,rvl:resume:b6e91a13a3b4c5c6
data/raw/public_hard_negatives/rvl/resume_ef8a78c645a76706.jpg,0,train,rvl:resume:ef8a78c645a76706
data/raw/public_hard_negatives/rvl/resume_01d3a60bbe8e2865.jpg,0,train,rvl:resume:01d3a60bbe8e2865
data/raw/public_hard_negatives/rvl/resume_e52f30c8659cbf9b.jpg,0,train,rvl:resume:e52f30c8659cbf9b
data/raw/public_hard_negatives/rvl/resume_3198fe01b13df5cc.jpg,0,train,rvl:resume:3198fe01b13df5cc
data/raw/public_hard_negatives/rvl/resume_5e0eb9d4fc5eed62.jpg,0,train,rvl:resume:5e0eb9d4fc5eed62
data/raw/public_hard_negatives/rvl/resume_746b060d762504f3.jpg,0,train,rvl:resume:746b060d762504f3
data/raw/public_hard_negatives/rvl/resume_e1cbc9531b101e96.jpg,0,train,rvl:resume:e1cbc9531b101e96
data/raw/public_hard_negatives/rvl/resume_ee531b55fe2f9c15.jpg,0,train,rvl:resume:ee531b55fe2f9c15
data/raw/public_hard_negatives/rvl/resume_b407b0ada12d8a77.jpg,0,train,rvl:resume:b407b0ada12d8a77
data/raw/public_hard_negatives/rvl/resume_d8e803923ee240af.jpg,0,train,rvl:resume:d8e803923ee240af
data/raw/public_hard_negatives/rvl/resume_8bf736e62b7abe2f.jpg,0,train,rvl:resume:8bf736e62b7abe2f
data/raw/public_hard_negatives/rvl/resume_4bf3dbdb1fbe0cee.jpg,0,train,rvl:resume:4bf3dbdb1fbe0cee
data/raw/public_hard_negatives/rvl/resume_8687f7c938fecaa7.jpg,0,train,rvl:resume:8687f7c938fecaa7
data/raw/public_hard_negatives/rvl/resume_672d56134ee6f0c4.jpg,0,train,rvl:resume:672d56134ee6f0c4
data/raw/public_hard_negatives/rvl/resume_5cb6234a43df8cab.jpg,0,train,rvl:resume:5cb6234a43df8cab
data/raw/public_hard_negatives/rvl/resume_96ec8d98c40f05d4.jpg,0,train,rvl:resume:96ec8d98c40f05d4
data/raw/public_hard_negatives/rvl/resume_7bd8c47689c71396.jpg,0,train,rvl:resume:7bd8c47689c71396
data/raw/public_hard_negatives/rvl/resume_ae7c06cb7c700f65.jpg,0,train,rvl:resume:ae7c06cb7c700f65
data/raw/public_hard_negatives/rvl/resume_ed08f45d52d470c4.jpg,0,train,rvl:resume:ed08f45d52d470c4
data/raw/public_hard_negatives/rvl/resume_1fd273db51e72525.jpg,0,train,rvl:resume:1fd273db51e72525
data/raw/public_hard_negatives/rvl/resume_b32a8f03476f3e12.jpg,0,train,rvl:resume:b32a8f03476f3e12
data/raw/public_hard_negatives/rvl/resume_cb8051a62e748ab8.jpg,0,train,rvl:resume:cb8051a62e748ab8
data/raw/public_hard_negatives/rvl/resume_9cf09a93175db9ad.jpg,0,train,rvl:resume:9cf09a93175db9ad
data/raw/public_hard_negatives/rvl/resume_8fa48abe865fb139.jpg,0,train,rvl:resume:8fa48abe865fb139
data/raw/public_hard_negatives/rvl/resume_42d130c48102a6f5.jpg,0,train,rvl:resume:42d130c48102a6f5
data/raw/public_hard_negatives/rvl/resume_6f39129fb4094e80.jpg,0,train,rvl:resume:6f39129fb4094e80
data/raw/public_hard_negatives/rvl/resume_d1e8add6ac209c55.jpg,0,train,rvl:resume:d1e8add6ac209c55
data/raw/public_hard_negatives/rvl/resume_aac69edb54bb01b4.jpg,0,train,rvl:resume:aac69edb54bb01b4
data/raw/public_hard_negatives/rvl/resume_257cba9bc22d9c3a.jpg,0,train,rvl:resume:257cba9bc22d9c3a
data/raw/public_hard_negatives/rvl/resume_5368152efe783d85.jpg,0,train,rvl:resume:5368152efe783d85
data/raw/public_hard_negatives/rvl/resume_e39f6f11ee269151.jpg,0,train,rvl:resume:e39f6f11ee269151
data/raw/public_hard_negatives/rvl/resume_ca947212972f5b97.jpg,0,train,rvl:resume:ca947212972f5b97
data/raw/public_hard_negatives/rvl/resume_927b04ca82114b8a.jpg,0,train,rvl:resume:927b04ca82114b8a
data/raw/public_hard_negatives/rvl/resume_a721112cba5faf5f.jpg,0,train,rvl:resume:a721112cba5faf5f
data/raw/public_hard_negatives/rvl/resume_5ac63081eb0f077c.jpg,0,train,rvl:resume:5ac63081eb0f077c
data/raw/public_hard_negatives/rvl/resume_5d683b6e0bc68491.jpg,0,train,rvl:resume:5d683b6e0bc68491
data/raw/public_hard_negatives/rvl/memo_bcdfe178dec9fe0a.jpg,0,train,rvl:memo:bcdfe178dec9fe0a
data/raw/public_hard_negatives/rvl/memo_0657f5af0520d552.jpg,0,train,rvl:memo:0657f5af0520d552
data/raw/public_hard_negatives/rvl/memo_bf98d60c075dc032.jpg,0,train,rvl:memo:bf98d60c075dc032
data/raw/public_hard_negatives/rvl/memo_cbd35ac0864d4677.jpg,0,train,rvl:memo:cbd35ac0864d4677
data/raw/public_hard_negatives/rvl/memo_4f3234a49ca54eb6.jpg,0,train,rvl:memo:4f3234a49ca54eb6
data/raw/public_hard_negatives/rvl/memo_502c147465719a2d.jpg,0,train,rvl:memo:502c147465719a2d
data/raw/public_hard_negatives/rvl/memo_a711d31fad0358ae.jpg,0,train,rvl:memo:a711d31fad0358ae
data/raw/public_hard_negatives/rvl/memo_56b99177ffe5007b.jpg,0,train,rvl:memo:56b99177ffe5007b
data/raw/public_hard_negatives/rvl/memo_2ee65f8640eb4cf3.jpg,0,train,rvl:memo:2ee65f8640eb4cf3
data/raw/public_hard_negatives/rvl/memo_f521ef6a853e6857.jpg,0,train,rvl:memo:f521ef6a853e6857
data/raw/public_hard_negatives/rvl/memo_2abccc33ba781c1d.jpg,0,train,rvl:memo:2abccc33ba781c1d
data/raw/public_hard_negatives/rvl/memo_550a83da51a9b918.jpg,0,train,rvl:memo:550a83da51a9b918
data/raw/public_hard_negatives/rvl/memo_b83186d2c85dca0c.jpg,0,train,rvl:memo:b83186d2c85dca0c
data/raw/public_hard_negatives/rvl/memo_6a1ef4241403bc3e.jpg,0,train,rvl:memo:6a1ef4241403bc3e
data/raw/public_hard_negatives/rvl/memo_f744a9673985ee4c.jpg,0,train,rvl:memo:f744a9673985ee4c
data/raw/public_hard_negatives/rvl/memo_9b5a45638b0f3332.jpg,0,train,rvl:memo:9b5a45638b0f3332
data/raw/public_hard_negatives/rvl/memo_4b2a8696faf492be.jpg,0,train,rvl:memo:4b2a8696faf492be
data/raw/public_hard_negatives/rvl/memo_94b16892edcef94b.jpg,0,train,rvl:memo:94b16892edcef94b
data/raw/public_hard_negatives/rvl/memo_6866b6f981d36c0b.jpg,0,train,rvl:memo:6866b6f981d36c0b
data/raw/public_hard_negatives/rvl/memo_583e448d0534659c.jpg,0,train,rvl:memo:583e448d0534659c
data/raw/public_hard_negatives/rvl/memo_7b98112abc559c0c.jpg,0,train,rvl:memo:7b98112abc559c0c
data/raw/public_hard_negatives/rvl/memo_19ce4beb5f85d309.jpg,0,train,rvl:memo:19ce4beb5f85d309
data/raw/public_hard_negatives/rvl/memo_0937de7f7b0122f7.jpg,0,train,rvl:memo:0937de7f7b0122f7
data/raw/public_hard_negatives/rvl/memo_1bb6ba8b01687e8b.jpg,0,train,rvl:memo:1bb6ba8b01687e8b
data/raw/public_hard_negatives/rvl/memo_0442c80041838c24.jpg,0,train,rvl:memo:0442c80041838c24
data/raw/public_hard_negatives/rvl/memo_e9e60d6c144dcc0c.jpg,0,train,rvl:memo:e9e60d6c144dcc0c
data/raw/public_hard_negatives/rvl/memo_b76a821c093eda8e.jpg,0,train,rvl:memo:b76a821c093eda8e
data/raw/public_hard_negatives/rvl/memo_e8c03a6dc04aef09.jpg,0,train,rvl:memo:e8c03a6dc04aef09
data/raw/public_hard_negatives/rvl/memo_c03c88c7d52f510f.jpg,0,train,rvl:memo:c03c88c7d52f510f
data/raw/public_hard_negatives/rvl/memo_1371edd624006c81.jpg,0,train,rvl:memo:1371edd624006c81
data/raw/public_hard_negatives/rvl/memo_f6cc5471993017e8.jpg,0,train,rvl:memo:f6cc5471993017e8
data/raw/public_hard_negatives/rvl/memo_7ebde071508dde42.jpg,0,train,rvl:memo:7ebde071508dde42
data/raw/public_hard_negatives/rvl/memo_ae46feaa48c5116a.jpg,0,train,rvl:memo:ae46feaa48c5116a
data/raw/public_hard_negatives/rvl/memo_841779f7124dbf97.jpg,0,train,rvl:memo:841779f7124dbf97
data/raw/public_hard_negatives/rvl/memo_46e405ce4205bfee.jpg,0,train,rvl:memo:46e405ce4205bfee
data/raw/public_hard_negatives/rvl/memo_1aecc46f7deaf78c.jpg,0,train,rvl:memo:1aecc46f7deaf78c
data/raw/public_hard_negatives/rvl/memo_0fd1032fd37005b6.jpg,0,train,rvl:memo:0fd1032fd37005b6
data/raw/public_hard_negatives/rvl/memo_03b5d4cc89f2c93f.jpg,0,train,rvl:memo:03b5d4cc89f2c93f
data/raw/public_hard_negatives/rvl/memo_9ebaad11174b8778.jpg,0,train,rvl:memo:9ebaad11174b8778
data/raw/public_hard_negatives/rvl/memo_1922a5ce6b3bafcf.jpg,0,train,rvl:memo:1922a5ce6b3bafcf
data/raw/public_hard_negatives/rvl/memo_8e896db879f5a260.jpg,0,train,rvl:memo:8e896db879f5a260
data/raw/public_hard_negatives/rvl/memo_7855c1ecff6fd94e.jpg,0,train,rvl:memo:7855c1ecff6fd94e
data/raw/public_hard_negatives/rvl/memo_c98a4bc056542343.jpg,0,train,rvl:memo:c98a4bc056542343
data/raw/public_hard_negatives/rvl/memo_0d9245930e7ac629.jpg,0,train,rvl:memo:0d9245930e7ac629
data/raw/public_hard_negatives/rvl/memo_8496bebe1f63473d.jpg,0,train,rvl:memo:8496bebe1f63473d
data/raw/public_hard_negatives/rvl/memo_0d15bcd0b370855a.jpg,0,train,rvl:memo:0d15bcd0b370855a
data/raw/public_hard_negatives/rvl/memo_32c7ec55349a28a5.jpg,0,train,rvl:memo:32c7ec55349a28a5
data/raw/public_hard_negatives/rvl/memo_41226465a95fdf3a.jpg,0,train,rvl:memo:41226465a95fdf3a
data/raw/public_hard_negatives/rvl/memo_c86436af587abf18.jpg,0,train,rvl:memo:c86436af587abf18
data/raw/public_hard_negatives/rvl/memo_449bd70ac8270e8d.jpg,0,train,rvl:memo:449bd70ac8270e8d
data/raw/public_hard_negatives/rvl/memo_6e633113d55bf957.jpg,0,train,rvl:memo:6e633113d55bf957
data/raw/public_hard_negatives/rvl/memo_0ad241871f17ade2.jpg,0,train,rvl:memo:0ad241871f17ade2
data/raw/public_hard_negatives/rvl/memo_1a55095886668501.jpg,0,train,rvl:memo:1a55095886668501
data/raw/public_hard_negatives/rvl/memo_bc6983e60518faf3.jpg,0,train,rvl:memo:bc6983e60518faf3
data/raw/public_hard_negatives/rvl/memo_32ec783112ebba25.jpg,0,train,rvl:memo:32ec783112ebba25
data/raw/public_hard_negatives/rvl/memo_abf87398a33f08ab.jpg,0,train,rvl:memo:abf87398a33f08ab
data/raw/public_hard_negatives/rvl/memo_2cbbfc78a5bfcc33.jpg,0,train,rvl:memo:2cbbfc78a5bfcc33
data/raw/public_hard_negatives/rvl/memo_033a57040fbef977.jpg,0,train,rvl:memo:033a57040fbef977
data/raw/public_hard_negatives/rvl/memo_a3d227e2c7b695dc.jpg,0,train,rvl:memo:a3d227e2c7b695dc
data/raw/public_hard_negatives/rvl/memo_f293451e7fdaf371.jpg,0,train,rvl:memo:f293451e7fdaf371
data/raw/public_hard_negatives/rvl/memo_a529e71e035a3fd2.jpg,0,train,rvl:memo:a529e71e035a3fd2
data/raw/public_hard_negatives/rvl/memo_d40d133c3585070d.jpg,0,train,rvl:memo:d40d133c3585070d
data/raw/public_hard_negatives/rvl/memo_96859742e23dfa66.jpg,0,train,rvl:memo:96859742e23dfa66
data/raw/public_hard_negatives/rvl/memo_7d5b865052be5d7c.jpg,0,train,rvl:memo:7d5b865052be5d7c
data/raw/public_hard_negatives/rvl/memo_e46b5f0614b7967b.jpg,0,train,rvl:memo:e46b5f0614b7967b
data/raw/public_hard_negatives/rvl/memo_45dc49e93c41660a.jpg,0,train,rvl:memo:45dc49e93c41660a
data/raw/public_hard_negatives/rvl/memo_424df8cba8eb3699.jpg,0,train,rvl:memo:424df8cba8eb3699
data/raw/public_hard_negatives/rvl/memo_1541558d5dedef6f.jpg,0,train,rvl:memo:1541558d5dedef6f
data/raw/public_hard_negatives/rvl/memo_e4f48466cf0e00b0.jpg,0,train,rvl:memo:e4f48466cf0e00b0
data/raw/public_hard_negatives/rvl/memo_d9cc9b7c8cb274a1.jpg,0,train,rvl:memo:d9cc9b7c8cb274a1
data/raw/public_hard_negatives/rvl/memo_5c429c17f1839c94.jpg,0,train,rvl:memo:5c429c17f1839c94
data/raw/public_hard_negatives/rvl/memo_fafbac74dea239c9.jpg,0,train,rvl:memo:fafbac74dea239c9
data/raw/public_hard_negatives/rvl/memo_1bb881136a06a4f0.jpg,0,train,rvl:memo:1bb881136a06a4f0
data/raw/public_hard_negatives/rvl/memo_1e25ce12fc5a882d.jpg,0,train,rvl:memo:1e25ce12fc5a882d
data/raw/public_hard_negatives/rvl/memo_3c8eed667dbe8124.jpg,0,train,rvl:memo:3c8eed667dbe8124
data/raw/public_hard_negatives/rvl/memo_0e16a0b0a4f2a801.jpg,0,train,rvl:memo:0e16a0b0a4f2a801
data/raw/public_hard_negatives/rvl/memo_1dbd5a9331dc6669.jpg,0,train,rvl:memo:1dbd5a9331dc6669
data/raw/public_hard_negatives/rvl/memo_96837d5005b098ad.jpg,0,train,rvl:memo:96837d5005b098ad
data/raw/public_hard_negatives/rvl/memo_91b5e4b14bf5fe54.jpg,0,train,rvl:memo:91b5e4b14bf5fe54
data/raw/public_hard_negatives/rvl/memo_6fcbb45afb2d0cdf.jpg,0,train,rvl:memo:6fcbb45afb2d0cdf
data/raw/public_hard_negatives/rvl/memo_51ebb77713562b9e.jpg,0,train,rvl:memo:51ebb77713562b9e
data/raw/public_hard_negatives/rvl/memo_4f81d352f5a34f62.jpg,0,train,rvl:memo:4f81d352f5a34f62
data/raw/public_hard_negatives/rvl/memo_9e9b51aac616f63c.jpg,0,train,rvl:memo:9e9b51aac616f63c
data/raw/public_hard_negatives/rvl/memo_d71ca5ccd6b70155.jpg,0,train,rvl:memo:d71ca5ccd6b70155
data/raw/public_hard_negatives/rvl/memo_ebeda1a702fcc850.jpg,0,train,rvl:memo:ebeda1a702fcc850
data/raw/public_hard_negatives/rvl/memo_21d2bac275e48250.jpg,0,train,rvl:memo:21d2bac275e48250
data/raw/public_hard_negatives/rvl/memo_bfaab92f057e8985.jpg,0,train,rvl:memo:bfaab92f057e8985
data/raw/public_hard_negatives/rvl/memo_679a65d232a35f0a.jpg,0,train,rvl:memo:679a65d232a35f0a
data/raw/public_hard_negatives/rvl/memo_51f5c52c66db2d71.jpg,0,train,rvl:memo:51f5c52c66db2d71
data/raw/public_hard_negatives/rvl/memo_54f8d5e17483f44e.jpg,0,train,rvl:memo:54f8d5e17483f44e
data/raw/public_hard_negatives/rvl/memo_8b5a05a3f91cd6b9.jpg,0,train,rvl:memo:8b5a05a3f91cd6b9
data/raw/public_hard_negatives/rvl/memo_b5d6b20c305560fd.jpg,0,train,rvl:memo:b5d6b20c305560fd
data/raw/public_hard_negatives/rvl/memo_7a55f1d38b3a84d9.jpg,0,train,rvl:memo:7a55f1d38b3a84d9
data/raw/public_hard_negatives/rvl/memo_e22b6309c6e18664.jpg,0,train,rvl:memo:e22b6309c6e18664
data/raw/public_hard_negatives/rvl/memo_c83c94f2c88c97cb.jpg,0,train,rvl:memo:c83c94f2c88c97cb
data/raw/public_hard_negatives/rvl/memo_c3f8568990b5103d.jpg,0,train,rvl:memo:c3f8568990b5103d
data/raw/public_hard_negatives/rvl/memo_231e4e622655f0d7.jpg,0,train,rvl:memo:231e4e622655f0d7
data/raw/public_hard_negatives/rvl/memo_f968cf10b68c5310.jpg,0,train,rvl:memo:f968cf10b68c5310
data/raw/public_hard_negatives/rvl/memo_302cf208ec5afa6f.jpg,0,train,rvl:memo:302cf208ec5afa6f
data/raw/public_hard_negatives/rvl/memo_eab2fb179125665e.jpg,0,train,rvl:memo:eab2fb179125665e
data/raw/public_hard_negatives/rvl/memo_1f3f4b28917b80c7.jpg,0,train,rvl:memo:1f3f4b28917b80c7
data/raw/public_hard_negatives/rvl/memo_a14ff5b29ae7f76c.jpg,0,train,rvl:memo:a14ff5b29ae7f76c
data/raw/public_hard_negatives/rvl/memo_521384e5b032d174.jpg,0,train,rvl:memo:521384e5b032d174
data/raw/public_hard_negatives/rvl/memo_e0f11ed54cfea44e.jpg,0,train,rvl:memo:e0f11ed54cfea44e
data/raw/public_hard_negatives/rvl/memo_8d69f0b25ec98804.jpg,0,train,rvl:memo:8d69f0b25ec98804
data/raw/public_hard_negatives/rvl/memo_ce7a6327b28a2467.jpg,0,train,rvl:memo:ce7a6327b28a2467
data/raw/public_hard_negatives/rvl/memo_9dfa2f692b5c60a8.jpg,0,train,rvl:memo:9dfa2f692b5c60a8
data/raw/public_hard_negatives/rvl/memo_923b5565f7e18cee.jpg,0,train,rvl:memo:923b5565f7e18cee
data/raw/public_hard_negatives/rvl/memo_af64c238a6fc30da.jpg,0,train,rvl:memo:af64c238a6fc30da
data/raw/public_hard_negatives/rvl/memo_707a13b7b6f10806.jpg,0,train,rvl:memo:707a13b7b6f10806
data/raw/public_hard_negatives/rvl/memo_7e693f040e72f664.jpg,0,train,rvl:memo:7e693f040e72f664
data/raw/public_hard_negatives/rvl/memo_f8585765f33388a4.jpg,0,train,rvl:memo:f8585765f33388a4
data/raw/public_hard_negatives/rvl/memo_88cb1e963095a60a.jpg,0,train,rvl:memo:88cb1e963095a60a
data/raw/public_hard_negatives/rvl/memo_dc7f49693c019703.jpg,0,train,rvl:memo:dc7f49693c019703
data/raw/public_hard_negatives/hiertext/c14a3fe5dd2b12ad.jpg,0,train,hiertext:c14a3fe5dd2b12ad
data/raw/public_hard_negatives/hiertext/7716494f93ad3fd7.jpg,0,train,hiertext:7716494f93ad3fd7
data/raw/public_hard_negatives/hiertext/d4f640b11c6af7f4.jpg,0,train,hiertext:d4f640b11c6af7f4
data/raw/public_hard_negatives/hiertext/929748245d06ff4f.jpg,0,train,hiertext:929748245d06ff4f
data/raw/public_hard_negatives/hiertext/386579ad9f5d9f5f.jpg,0,train,hiertext:386579ad9f5d9f5f
data/raw/public_hard_negatives/hiertext/61dc5eea8b68d8e2.jpg,0,train,hiertext:61dc5eea8b68d8e2
data/raw/public_hard_negatives/hiertext/1c223c0d648a6609.jpg,0,train,hiertext:1c223c0d648a6609
data/raw/public_hard_negatives/hiertext/eb8c79cd2f1e0825.jpg,0,train,hiertext:eb8c79cd2f1e0825
data/raw/public_hard_negatives/hiertext/028f95007af16e94.jpg,0,train,hiertext:028f95007af16e94
data/raw/public_hard_negatives/hiertext/e5b1687bc73d7804.jpg,0,train,hiertext:e5b1687bc73d7804
data/raw/public_hard_negatives/hiertext/6aa3ddfccdce0853.jpg,0,train,hiertext:6aa3ddfccdce0853
data/raw/public_hard_negatives/hiertext/4a698706c0e69a3d.jpg,0,train,hiertext:4a698706c0e69a3d
data/raw/public_hard_negatives/hiertext/8cbd3cf8e5d27b65.jpg,0,train,hiertext:8cbd3cf8e5d27b65
data/raw/public_hard_negatives/hiertext/7f1e2a3d2ed68266.jpg,0,train,hiertext:7f1e2a3d2ed68266
data/raw/public_hard_negatives/hiertext/8d7f69a59688c5f6.jpg,0,train,hiertext:8d7f69a59688c5f6
data/raw/public_hard_negatives/hiertext/5e9189c475f486ed.jpg,0,train,hiertext:5e9189c475f486ed
data/raw/public_hard_negatives/hiertext/990da18f9df57a5f.jpg,0,train,hiertext:990da18f9df57a5f
data/raw/public_hard_negatives/hiertext/b4efafb87e002440.jpg,0,train,hiertext:b4efafb87e002440
data/raw/public_hard_negatives/hiertext/1847bbdb325c69bc.jpg,0,train,hiertext:1847bbdb325c69bc
data/raw/public_hard_negatives/hiertext/b0895e45757e51e7.jpg,0,train,hiertext:b0895e45757e51e7
data/raw/public_hard_negatives/hiertext/ac6ac7a12e0d28d6.jpg,0,train,hiertext:ac6ac7a12e0d28d6
data/raw/public_hard_negatives/hiertext/a15324bdd3ec26db.jpg,0,train,hiertext:a15324bdd3ec26db
data/raw/public_hard_negatives/hiertext/28aac5fbfb6a0b6e.jpg,0,train,hiertext:28aac5fbfb6a0b6e
data/raw/public_hard_negatives/hiertext/e1154c00eb8b9e8c.jpg,0,train,hiertext:e1154c00eb8b9e8c
data/raw/public_hard_negatives/hiertext/c2fdf343133c83d6.jpg,0,train,hiertext:c2fdf343133c83d6
data/raw/public_hard_negatives/hiertext/2dc3d17d2830cad9.jpg,0,train,hiertext:2dc3d17d2830cad9
data/raw/public_hard_negatives/hiertext/a522d28eb1858446.jpg,0,train,hiertext:a522d28eb1858446
data/raw/public_hard_negatives/hiertext/200abe02001a4c74.jpg,0,train,hiertext:200abe02001a4c74
data/raw/public_hard_negatives/hiertext/439f5a9a9178e4e4.jpg,0,train,hiertext:439f5a9a9178e4e4
data/raw/public_hard_negatives/hiertext/1279fc7c3b6dcd71.jpg,0,train,hiertext:1279fc7c3b6dcd71
data/raw/public_hard_negatives/hiertext/ae81f4ba18d48aeb.jpg,0,train,hiertext:ae81f4ba18d48aeb
data/raw/public_hard_negatives/hiertext/dd838509911a8f86.jpg,0,train,hiertext:dd838509911a8f86
data/raw/public_hard_negatives/hiertext/f4ae087f600d4255.jpg,0,train,hiertext:f4ae087f600d4255
data/raw/public_hard_negatives/hiertext/58142fd71d2e1ed9.jpg,0,train,hiertext:58142fd71d2e1ed9
data/raw/public_hard_negatives/hiertext/803d7d354f4f9250.jpg,0,train,hiertext:803d7d354f4f9250
data/raw/public_hard_negatives/hiertext/b6f77fde778118e6.jpg,0,train,hiertext:b6f77fde778118e6
data/raw/public_hard_negatives/hiertext/f15545c0f8eb51d3.jpg,0,train,hiertext:f15545c0f8eb51d3
data/raw/public_hard_negatives/hiertext/dced6eeb59f4bbcf.jpg,0,train,hiertext:dced6eeb59f4bbcf
data/raw/public_hard_negatives/hiertext/e05bcbb8e7600e24.jpg,0,train,hiertext:e05bcbb8e7600e24
data/raw/public_hard_negatives/hiertext/8f45d8ac31ec8fc5.jpg,0,train,hiertext:8f45d8ac31ec8fc5
data/raw/public_hard_negatives/hiertext/65b68056283012d7.jpg,0,train,hiertext:65b68056283012d7
data/raw/public_hard_negatives/hiertext/8bc8ebd239ab83f6.jpg,0,train,hiertext:8bc8ebd239ab83f6
data/raw/public_hard_negatives/hiertext/5dabe808217bfd83.jpg,0,train,hiertext:5dabe808217bfd83
data/raw/public_hard_negatives/hiertext/900f6fdc7bd2b339.jpg,0,train,hiertext:900f6fdc7bd2b339
data/raw/public_hard_negatives/hiertext/6e36a0865a3b090d.jpg,0,train,hiertext:6e36a0865a3b090d
data/raw/public_hard_negatives/hiertext/c1480937ecea9947.jpg,0,train,hiertext:c1480937ecea9947
data/raw/public_hard_negatives/hiertext/e04931ec29a0bf9c.jpg,0,train,hiertext:e04931ec29a0bf9c
data/raw/public_hard_negatives/hiertext/ab1b97c8e766fa46.jpg,0,train,hiertext:ab1b97c8e766fa46
data/raw/public_hard_negatives/hiertext/342a85a4280db9ef.jpg,0,train,hiertext:342a85a4280db9ef
data/raw/public_hard_negatives/hiertext/ced84b087c7cefc2.jpg,0,train,hiertext:ced84b087c7cefc2
data/raw/public_hard_negatives/hiertext/86760f63da399e07.jpg,0,train,hiertext:86760f63da399e07
data/raw/public_hard_negatives/hiertext/32903847bd2eb4c0.jpg,0,train,hiertext:32903847bd2eb4c0
data/raw/public_hard_negatives/hiertext/a036e05ad9039ed8.jpg,0,train,hiertext:a036e05ad9039ed8
data/raw/public_hard_negatives/hiertext/2993d8238f37ff50.jpg,0,train,hiertext:2993d8238f37ff50
data/raw/public_hard_negatives/hiertext/992966bb8f545ecb.jpg,0,train,hiertext:992966bb8f545ecb
data/raw/public_hard_negatives/hiertext/0651786a7821ab22.jpg,0,train,hiertext:0651786a7821ab22
data/raw/public_hard_negatives/hiertext/ac9bd37be02371e4.jpg,0,train,hiertext:ac9bd37be02371e4
data/raw/public_hard_negatives/hiertext/b238f010b21c9031.jpg,0,train,hiertext:b238f010b21c9031
data/raw/public_hard_negatives/hiertext/ac1d4964e21d855e.jpg,0,train,hiertext:ac1d4964e21d855e
data/raw/public_hard_negatives/hiertext/9b01f7e1fbf1644b.jpg,0,train,hiertext:9b01f7e1fbf1644b
data/raw/public_hard_negatives/hiertext/f1c30c47c7d51b17.jpg,0,train,hiertext:f1c30c47c7d51b17
data/raw/public_hard_negatives/hiertext/ca0b42a32116f76e.jpg,0,train,hiertext:ca0b42a32116f76e
data/raw/public_hard_negatives/hiertext/4ee86bd63a80b30c.jpg,0,train,hiertext:4ee86bd63a80b30c
data/raw/public_hard_negatives/hiertext/2a0d8d5d2b0dea95.jpg,0,train,hiertext:2a0d8d5d2b0dea95
data/raw/public_hard_negatives/hiertext/f3649039f74b22ae.jpg,0,train,hiertext:f3649039f74b22ae
data/raw/public_hard_negatives/hiertext/463ab4555c1b685d.jpg,0,train,hiertext:463ab4555c1b685d
data/raw/public_hard_negatives/hiertext/f8da26aa99da8ae9.jpg,0,train,hiertext:f8da26aa99da8ae9
data/raw/public_hard_negatives/hiertext/3ee654e68652c51f.jpg,0,train,hiertext:3ee654e68652c51f
data/raw/public_hard_negatives/hiertext/ed2093e7d0cf04e7.jpg,0,train,hiertext:ed2093e7d0cf04e7
data/raw/public_hard_negatives/hiertext/76023fc6664f124b.jpg,0,train,hiertext:76023fc6664f124b
data/raw/public_hard_negatives/hiertext/ad9b0f3f2af7d976.jpg,0,train,hiertext:ad9b0f3f2af7d976
data/raw/public_hard_negatives/hiertext/7333961186f566fc.jpg,0,train,hiertext:7333961186f566fc
data/raw/public_hard_negatives/hiertext/bb8d9d62788d5201.jpg,0,train,hiertext:bb8d9d62788d5201
data/raw/public_hard_negatives/hiertext/0983bde18b019dcf.jpg,0,train,hiertext:0983bde18b019dcf
data/raw/public_hard_negatives/hiertext/15201bcbc27bf045.jpg,0,train,hiertext:15201bcbc27bf045
data/raw/public_hard_negatives/hiertext/6da213089860926d.jpg,0,train,hiertext:6da213089860926d
data/raw/public_hard_negatives/hiertext/c9336e4d786958ab.jpg,0,train,hiertext:c9336e4d786958ab
data/raw/public_hard_negatives/hiertext/5efcc31532acbf36.jpg,0,train,hiertext:5efcc31532acbf36
data/raw/public_hard_negatives/hiertext/737d8295428649a4.jpg,0,train,hiertext:737d8295428649a4
data/raw/public_hard_negatives/hiertext/fcc9074ffd5ba3ad.jpg,0,train,hiertext:fcc9074ffd5ba3ad
data/raw/public_hard_negatives/hiertext/ac3e9e39a7178ac1.jpg,0,train,hiertext:ac3e9e39a7178ac1
data/raw/public_hard_negatives/hiertext/6e67af67fe64e0d0.jpg,0,train,hiertext:6e67af67fe64e0d0
data/raw/public_hard_negatives/hiertext/9a84104737004c54.jpg,0,train,hiertext:9a84104737004c54
data/raw/public_hard_negatives/hiertext/aeed061918f7c41f.jpg,0,train,hiertext:aeed061918f7c41f
data/raw/public_hard_negatives/hiertext/b674d9bf01dabecb.jpg,0,train,hiertext:b674d9bf01dabecb
data/raw/public_hard_negatives/hiertext/f248b5d555a67530.jpg,0,train,hiertext:f248b5d555a67530
data/raw/public_hard_negatives/hiertext/4cf7e5b67a4dba64.jpg,0,train,hiertext:4cf7e5b67a4dba64
data/raw/public_hard_negatives/hiertext/eb6f3fafd30d0172.jpg,0,train,hiertext:eb6f3fafd30d0172
data/raw/public_hard_negatives/hiertext/cc7423ec2a7adb30.jpg,0,train,hiertext:cc7423ec2a7adb30
data/raw/public_hard_negatives/hiertext/3c027cacb77e35cd.jpg,0,train,hiertext:3c027cacb77e35cd
data/raw/public_hard_negatives/hiertext/f4711b48d0b52640.jpg,0,train,hiertext:f4711b48d0b52640
data/raw/public_hard_negatives/hiertext/dfb621f01cbb191d.jpg,0,train,hiertext:dfb621f01cbb191d
data/raw/public_hard_negatives/hiertext/45877aaa12c9ef83.jpg,0,train,hiertext:45877aaa12c9ef83
data/raw/public_hard_negatives/hiertext/68adadcfab80ff61.jpg,0,train,hiertext:68adadcfab80ff61
data/raw/public_hard_negatives/hiertext/3d1ac2f287ddd1ea.jpg,0,train,hiertext:3d1ac2f287ddd1ea
data/raw/public_hard_negatives/hiertext/2692df868bf5164b.jpg,0,train,hiertext:2692df868bf5164b
data/raw/public_hard_negatives/hiertext/22dc900fbbe49006.jpg,0,train,hiertext:22dc900fbbe49006
data/raw/public_hard_negatives/hiertext/cd4348feff3ca0c6.jpg,0,train,hiertext:cd4348feff3ca0c6
data/raw/public_hard_negatives/hiertext/df8279177f284ba4.jpg,0,train,hiertext:df8279177f284ba4
data/raw/public_hard_negatives/hiertext/d9be28deacf09167.jpg,0,train,hiertext:d9be28deacf09167
data/raw/public_hard_negatives/hiertext/25d5a0112e9dd001.jpg,0,train,hiertext:25d5a0112e9dd001
data/raw/public_hard_negatives/hiertext/f171b0c4366c0cbe.jpg,0,train,hiertext:f171b0c4366c0cbe
data/raw/public_hard_negatives/hiertext/a9e786675709fdef.jpg,0,train,hiertext:a9e786675709fdef
data/raw/public_hard_negatives/hiertext/f531541b6e2a8efd.jpg,0,train,hiertext:f531541b6e2a8efd
data/raw/public_hard_negatives/hiertext/b7a14daa5bc4e3b2.jpg,0,train,hiertext:b7a14daa5bc4e3b2
data/raw/public_hard_negatives/hiertext/369ed1b407e15e98.jpg,0,train,hiertext:369ed1b407e15e98
data/raw/public_hard_negatives/hiertext/3a720977ce826479.jpg,0,train,hiertext:3a720977ce826479
data/raw/public_hard_negatives/hiertext/3d70788b4a4ae5d6.jpg,0,train,hiertext:3d70788b4a4ae5d6
data/raw/public_hard_negatives/hiertext/f61c775d6c036ba8.jpg,0,train,hiertext:f61c775d6c036ba8
data/raw/public_hard_negatives/hiertext/975414ca1e6b155c.jpg,0,train,hiertext:975414ca1e6b155c
data/raw/public_hard_negatives/hiertext/1393effbca420944.jpg,0,train,hiertext:1393effbca420944
data/raw/public_hard_negatives/hiertext/6cbac1608e9170f0.jpg,0,train,hiertext:6cbac1608e9170f0
data/raw/public_hard_negatives/hiertext/c360ce6881285baa.jpg,0,train,hiertext:c360ce6881285baa
data/raw/public_hard_negatives/hiertext/3e3d6b35dea6b77d.jpg,0,train,hiertext:3e3d6b35dea6b77d
data/raw/public_hard_negatives/hiertext/d509706ec4c0819d.jpg,0,train,hiertext:d509706ec4c0819d
data/raw/public_hard_negatives/hiertext/530e2945f9b994c1.jpg,0,train,hiertext:530e2945f9b994c1
data/raw/public_hard_negatives/hiertext/02ce4d2311b32eab.jpg,0,train,hiertext:02ce4d2311b32eab
data/raw/public_hard_negatives/hiertext/38a757a4b1fc4775.jpg,0,train,hiertext:38a757a4b1fc4775
data/raw/public_hard_negatives/hiertext/21f2adfc9cfa6755.jpg,0,train,hiertext:21f2adfc9cfa6755
data/raw/public_hard_negatives/hiertext/bde6ff0880d3ae42.jpg,0,train,hiertext:bde6ff0880d3ae42
data/raw/public_hard_negatives/hiertext/4e1879381ac08d9f.jpg,0,train,hiertext:4e1879381ac08d9f
data/raw/public_hard_negatives/hiertext/fa3b6fda2528377f.jpg,0,train,hiertext:fa3b6fda2528377f
data/raw/public_hard_negatives/hiertext/d14658b78cec2cf7.jpg,0,train,hiertext:d14658b78cec2cf7
data/raw/public_hard_negatives/hiertext/15fb043025bc007c.jpg,0,train,hiertext:15fb043025bc007c
data/raw/public_hard_negatives/hiertext/41092cfb0013b757.jpg,0,train,hiertext:41092cfb0013b757
data/raw/public_hard_negatives/hiertext/74f96f5dca2c3445.jpg,0,train,hiertext:74f96f5dca2c3445
data/raw/public_hard_negatives/hiertext/7d5f25d3c7f2eefa.jpg,0,train,hiertext:7d5f25d3c7f2eefa
data/raw/public_hard_negatives/hiertext/9cf1acfc322a130d.jpg,0,train,hiertext:9cf1acfc322a130d
data/raw/public_hard_negatives/hiertext/9b22ed2eb6b8d6d6.jpg,0,train,hiertext:9b22ed2eb6b8d6d6
data/raw/public_hard_negatives/hiertext/b7c7ccf2e0c2514f.jpg,0,train,hiertext:b7c7ccf2e0c2514f
data/raw/public_hard_negatives/hiertext/c97ff293a9a809a2.jpg,0,train,hiertext:c97ff293a9a809a2
data/raw/public_hard_negatives/hiertext/d44d01dd84a6cae0.jpg,0,train,hiertext:d44d01dd84a6cae0
data/raw/public_hard_negatives/hiertext/92a42343ab4a5fed.jpg,0,train,hiertext:92a42343ab4a5fed
data/raw/public_hard_negatives/hiertext/1524faee7eb416c7.jpg,0,train,hiertext:1524faee7eb416c7
data/raw/public_hard_negatives/hiertext/50a0f397f662adda.jpg,0,train,hiertext:50a0f397f662adda
data/raw/public_hard_negatives/hiertext/707b4bb0240818a1.jpg,0,train,hiertext:707b4bb0240818a1
data/raw/public_hard_negatives/hiertext/16f6022cb7fe6df0.jpg,0,train,hiertext:16f6022cb7fe6df0
data/raw/public_hard_negatives/hiertext/3476aa167cec84aa.jpg,0,train,hiertext:3476aa167cec84aa
data/raw/public_hard_negatives/hiertext/824362c08a90bfbf.jpg,0,train,hiertext:824362c08a90bfbf
data/raw/public_hard_negatives/hiertext/d2a9ac48fa8754fc.jpg,0,train,hiertext:d2a9ac48fa8754fc
data/raw/public_hard_negatives/hiertext/9a0b386fc82ae0fa.jpg,0,train,hiertext:9a0b386fc82ae0fa
data/raw/public_hard_negatives/hiertext/8f4c0ffce6636dc5.jpg,0,train,hiertext:8f4c0ffce6636dc5
data/raw/public_hard_negatives/hiertext/d788d5cf66685a70.jpg,0,train,hiertext:d788d5cf66685a70
data/raw/public_hard_negatives/hiertext/0c7023f269a3270b.jpg,0,train,hiertext:0c7023f269a3270b
data/raw/public_hard_negatives/hiertext/ce57c6105f89c98d.jpg,0,train,hiertext:ce57c6105f89c98d
data/raw/public_hard_negatives/hiertext/ac9f81b45d84b7db.jpg,0,train,hiertext:ac9f81b45d84b7db
data/raw/public_hard_negatives/hiertext/4133129bbdb5abb9.jpg,0,train,hiertext:4133129bbdb5abb9
data/raw/public_hard_negatives/hiertext/1e93e94271756210.jpg,0,train,hiertext:1e93e94271756210
data/raw/public_hard_negatives/hiertext/154058472bd0c3bf.jpg,0,train,hiertext:154058472bd0c3bf
data/raw/public_hard_negatives/hiertext/f9731a42ce72e738.jpg,0,train,hiertext:f9731a42ce72e738
data/raw/public_hard_negatives/hiertext/715dd7e0fe82a046.jpg,0,train,hiertext:715dd7e0fe82a046
data/raw/public_hard_negatives/hiertext/3b95fb37e8bb7a98.jpg,0,train,hiertext:3b95fb37e8bb7a98
data/raw/public_hard_negatives/hiertext/df76af7395241ad4.jpg,0,train,hiertext:df76af7395241ad4
data/raw/public_hard_negatives/hiertext/ff641068bb5d8c03.jpg,0,train,hiertext:ff641068bb5d8c03
data/raw/public_hard_negatives/hiertext/b4adfb35883e681e.jpg,0,train,hiertext:b4adfb35883e681e
data/raw/public_hard_negatives/hiertext/0d87fa9846489db3.jpg,0,train,hiertext:0d87fa9846489db3
data/raw/public_hard_negatives/hiertext/9f09b89666a18819.jpg,0,train,hiertext:9f09b89666a18819
data/raw/public_hard_negatives/hiertext/7bf68a14e5ae8164.jpg,0,train,hiertext:7bf68a14e5ae8164
data/raw/public_hard_negatives/hiertext/3b04412701001d82.jpg,0,train,hiertext:3b04412701001d82
data/raw/public_hard_negatives/hiertext/9a318a77f227a2bb.jpg,0,train,hiertext:9a318a77f227a2bb
data/raw/public_hard_negatives/hiertext/1035ccf0cddf0818.jpg,0,train,hiertext:1035ccf0cddf0818
data/raw/public_hard_negatives/hiertext/8810c21650a10fcd.jpg,0,train,hiertext:8810c21650a10fcd
data/raw/public_hard_negatives/hiertext/26cecb6e5b984c20.jpg,0,train,hiertext:26cecb6e5b984c20
data/raw/public_hard_negatives/hiertext/7de2f5cff1aee947.jpg,0,train,hiertext:7de2f5cff1aee947
data/raw/public_hard_negatives/hiertext/234123d61ee3df9a.jpg,0,train,hiertext:234123d61ee3df9a
data/raw/public_hard_negatives/hiertext/bde51cd0a0e194b1.jpg,0,train,hiertext:bde51cd0a0e194b1
data/raw/public_hard_negatives/hiertext/cca033c8a5147c28.jpg,0,train,hiertext:cca033c8a5147c28
data/raw/public_hard_negatives/hiertext/190dfcc6b9c70686.jpg,0,train,hiertext:190dfcc6b9c70686
data/raw/public_hard_negatives/hiertext/5ca2a6d36c8998a5.jpg,0,train,hiertext:5ca2a6d36c8998a5
data/raw/public_hard_negatives/hiertext/fe42f07e244abf27.jpg,0,train,hiertext:fe42f07e244abf27
data/raw/public_hard_negatives/hiertext/a428a09438de3dc8.jpg,0,train,hiertext:a428a09438de3dc8
data/raw/public_hard_negatives/hiertext/7b280ede94bb40d9.jpg,0,train,hiertext:7b280ede94bb40d9
data/raw/public_hard_negatives/hiertext/2aafcb12b2ce977e.jpg,0,train,hiertext:2aafcb12b2ce977e
data/raw/public_hard_negatives/hiertext/d3b0ffab381f76df.jpg,0,train,hiertext:d3b0ffab381f76df
data/raw/public_hard_negatives/hiertext/b18f91c9dd2a5015.jpg,0,train,hiertext:b18f91c9dd2a5015
data/raw/public_hard_negatives/hiertext/98330c52c6102550.jpg,0,train,hiertext:98330c52c6102550
data/raw/public_hard_negatives/hiertext/40e9423f6b91802c.jpg,0,train,hiertext:40e9423f6b91802c
data/raw/public_hard_negatives/hiertext/7b37564703926a4e.jpg,0,train,hiertext:7b37564703926a4e
data/raw/public_hard_negatives/hiertext/6fd9a4672d5ca85d.jpg,0,train,hiertext:6fd9a4672d5ca85d
data/raw/public_hard_negatives/hiertext/e8e15eafc5a36a04.jpg,0,train,hiertext:e8e15eafc5a36a04
data/raw/public_hard_negatives/hiertext/684739d1e056aedf.jpg,0,train,hiertext:684739d1e056aedf
data/raw/public_hard_negatives/hiertext/a34e7fbe0fa62901.jpg,0,train,hiertext:a34e7fbe0fa62901
data/raw/public_hard_negatives/hiertext/b56641eb8b189d5f.jpg,0,train,hiertext:b56641eb8b189d5f
data/raw/public_hard_negatives/hiertext/acfdb0a8d5b1e93a.jpg,0,train,hiertext:acfdb0a8d5b1e93a
data/raw/public_hard_negatives/hiertext/66f8641708e86eab.jpg,0,train,hiertext:66f8641708e86eab
data/raw/public_hard_negatives/hiertext/80b3bcf63ba0bd0c.jpg,0,train,hiertext:80b3bcf63ba0bd0c
data/raw/public_hard_negatives/hiertext/a0ee219f05e2a1f9.jpg,0,train,hiertext:a0ee219f05e2a1f9
data/raw/public_hard_negatives/hiertext/86ddf2369ec68216.jpg,0,train,hiertext:86ddf2369ec68216
data/raw/public_hard_negatives/hiertext/d763ac03e439edd5.jpg,0,train,hiertext:d763ac03e439edd5
data/raw/public_hard_negatives/hiertext/2969202f291fb6cf.jpg,0,train,hiertext:2969202f291fb6cf
data/raw/public_hard_negatives/hiertext/cd092c3002fd4141.jpg,0,train,hiertext:cd092c3002fd4141
data/raw/public_hard_negatives/hiertext/104e2b7cade268c4.jpg,0,train,hiertext:104e2b7cade268c4
data/raw/public_hard_negatives/hiertext/1615b0d4232d31ff.jpg,0,train,hiertext:1615b0d4232d31ff
data/raw/public_hard_negatives/hiertext/4a03acd1b9ed0f2b.jpg,0,train,hiertext:4a03acd1b9ed0f2b
data/raw/public_hard_negatives/hiertext/c8f098f7dc3ee956.jpg,0,train,hiertext:c8f098f7dc3ee956
data/raw/public_hard_negatives/hiertext/6e5c125d79909fbd.jpg,0,train,hiertext:6e5c125d79909fbd
data/raw/public_hard_negatives/hiertext/056b01a8262bf4b8.jpg,0,train,hiertext:056b01a8262bf4b8
data/raw/public_hard_negatives/hiertext/9bc50232cc07d5b2.jpg,0,train,hiertext:9bc50232cc07d5b2
data/raw/public_hard_negatives/hiertext/c5a13b93b0ad8994.jpg,0,train,hiertext:c5a13b93b0ad8994
data/raw/public_hard_negatives/hiertext/ea3d8673c4e7d188.jpg,0,train,hiertext:ea3d8673c4e7d188
data/raw/public_hard_negatives/hiertext/da3d7308d0722742.jpg,0,train,hiertext:da3d7308d0722742
data/raw/public_hard_negatives/hiertext/07fee9c6a2bc3f31.jpg,0,train,hiertext:07fee9c6a2bc3f31
data/raw/public_hard_negatives/hiertext/70ce61c1d3c5adfc.jpg,0,train,hiertext:70ce61c1d3c5adfc
data/raw/public_hard_negatives/hiertext/b0cec9be81be120f.jpg,0,train,hiertext:b0cec9be81be120f
data/raw/public_hard_negatives/hiertext/8cab3e0a4abb87c3.jpg,0,train,hiertext:8cab3e0a4abb87c3
data/raw/public_hard_negatives/hiertext/994f27d236d93a0b.jpg,0,train,hiertext:994f27d236d93a0b
data/raw/public_hard_negatives/hiertext/0de5b7129e65e61d.jpg,0,train,hiertext:0de5b7129e65e61d
data/raw/public_hard_negatives/hiertext/8228913ff0bce190.jpg,0,train,hiertext:8228913ff0bce190
data/raw/public_hard_negatives/hiertext/5df8f368544e5579.jpg,0,train,hiertext:5df8f368544e5579
data/raw/public_hard_negatives/hiertext/2d3c84244b2604e7.jpg,0,train,hiertext:2d3c84244b2604e7
data/raw/public_hard_negatives/hiertext/e7c0d65da74afeb9.jpg,0,train,hiertext:e7c0d65da74afeb9
data/raw/public_hard_negatives/hiertext/e0f9f8af89ff5b42.jpg,0,train,hiertext:e0f9f8af89ff5b42
data/raw/public_hard_negatives/hiertext/95f6d3eb788a9c4a.jpg,0,train,hiertext:95f6d3eb788a9c4a
data/raw/public_hard_negatives/hiertext/ab6fb759938e462b.jpg,0,train,hiertext:ab6fb759938e462b
data/raw/public_hard_negatives/hiertext/578e7c3936b3bbeb.jpg,0,train,hiertext:578e7c3936b3bbeb
data/raw/public_hard_negatives/hiertext/6e952597159f2573.jpg,0,train,hiertext:6e952597159f2573
data/raw/public_hard_negatives/hiertext/b2ab54c48633d102.jpg,0,train,hiertext:b2ab54c48633d102
data/raw/public_hard_negatives/hiertext/1da8e0e996d021fb.jpg,0,train,hiertext:1da8e0e996d021fb
data/raw/public_hard_negatives/hiertext/5ce5022b9bf5447b.jpg,0,train,hiertext:5ce5022b9bf5447b
data/raw/public_hard_negatives/hiertext/2bc1981b58f5aa94.jpg,0,train,hiertext:2bc1981b58f5aa94
data/raw/public_hard_negatives/hiertext/20ebeb815d147560.jpg,0,train,hiertext:20ebeb815d147560
data/raw/public_hard_negatives/hiertext/54fabb3c3c97d996.jpg,0,train,hiertext:54fabb3c3c97d996
data/raw/public_hard_negatives/hiertext/3683e8356005714d.jpg,0,train,hiertext:3683e8356005714d
data/raw/public_hard_negatives/hiertext/b541f4989bb12ced.jpg,0,train,hiertext:b541f4989bb12ced
data/raw/public_hard_negatives/hiertext/ee54824ea6846068.jpg,0,train,hiertext:ee54824ea6846068
data/raw/public_hard_negatives/hiertext/f398ebeaaf203fb7.jpg,0,train,hiertext:f398ebeaaf203fb7
data/raw/public_hard_negatives/hiertext/f598b347357b9628.jpg,0,train,hiertext:f598b347357b9628
data/raw/public_hard_negatives/hiertext/e60a4bf2cc09941e.jpg,0,train,hiertext:e60a4bf2cc09941e
data/raw/public_hard_negatives/hiertext/a4465aa5969de952.jpg,0,train,hiertext:a4465aa5969de952
data/raw/public_hard_negatives/hiertext/3df65e15a3af9645.jpg,0,train,hiertext:3df65e15a3af9645
data/raw/public_hard_negatives/hiertext/673aa85a040eed0b.jpg,0,train,hiertext:673aa85a040eed0b
data/raw/public_hard_negatives/hiertext/2463c44bc93ca077.jpg,0,train,hiertext:2463c44bc93ca077
data/raw/public_hard_negatives/hiertext/ea42c991c5aecdc7.jpg,0,train,hiertext:ea42c991c5aecdc7
data/raw/public_hard_negatives/hiertext/95363bfb935e0217.jpg,0,train,hiertext:95363bfb935e0217
data/raw/public_hard_negatives/hiertext/322f5bc2e50cfdc8.jpg,0,train,hiertext:322f5bc2e50cfdc8
data/raw/public_hard_negatives/hiertext/8817ea284712f51b.jpg,0,train,hiertext:8817ea284712f51b
data/raw/public_hard_negatives/hiertext/52ceb045cacff471.jpg,0,train,hiertext:52ceb045cacff471
data/raw/public_hard_negatives/hiertext/e966d48f77cc771f.jpg,0,train,hiertext:e966d48f77cc771f
data/raw/public_hard_negatives/hiertext/a066cb031a75a4ad.jpg,0,train,hiertext:a066cb031a75a4ad
data/raw/public_hard_negatives/hiertext/519eb18a7f813a68.jpg,0,train,hiertext:519eb18a7f813a68
data/raw/public_hard_negatives/hiertext/ee97c1324f182e0c.jpg,0,train,hiertext:ee97c1324f182e0c
data/raw/public_hard_negatives/hiertext/043b7e93293b589f.jpg,0,train,hiertext:043b7e93293b589f
data/raw/public_hard_negatives/hiertext/fff21410301b0683.jpg,0,train,hiertext:fff21410301b0683
data/raw/public_hard_negatives/hiertext/39b2aad3aad757e8.jpg,0,train,hiertext:39b2aad3aad757e8
data/raw/public_hard_negatives/hiertext/4e09c5653e9d7836.jpg,0,train,hiertext:4e09c5653e9d7836
data/raw/public_hard_negatives/hiertext/93db9801fd265c01.jpg,0,train,hiertext:93db9801fd265c01
data/raw/public_hard_negatives/hiertext/9baa2412a1b56a5c.jpg,0,train,hiertext:9baa2412a1b56a5c
data/raw/public_hard_negatives/hiertext/8c72528d761137be.jpg,0,train,hiertext:8c72528d761137be
data/raw/public_hard_negatives/hiertext/8526bdcb4bca67e9.jpg,0,train,hiertext:8526bdcb4bca67e9
data/raw/public_hard_negatives/hiertext/7e42b6deffe9f0ad.jpg,0,train,hiertext:7e42b6deffe9f0ad
data/raw/public_hard_negatives/hiertext/e0068af71f399846.jpg,0,train,hiertext:e0068af71f399846
data/raw/public_hard_negatives/hiertext/c5b3801984c98e40.jpg,0,train,hiertext:c5b3801984c98e40
data/raw/public_hard_negatives/hiertext/dcee27acd6d6883b.jpg,0,train,hiertext:dcee27acd6d6883b
data/raw/public_hard_negatives/hiertext/a1bacac3784b1cb7.jpg,0,train,hiertext:a1bacac3784b1cb7
data/raw/public_hard_negatives/hiertext/0f425d64be97920d.jpg,0,train,hiertext:0f425d64be97920d
data/raw/public_hard_negatives/hiertext/fee6e10b47e7353a.jpg,0,train,hiertext:fee6e10b47e7353a
data/raw/public_hard_negatives/hiertext/89c07f77d1c28a4b.jpg,0,train,hiertext:89c07f77d1c28a4b
data/raw/public_hard_negatives/hiertext/a170eae71046e318.jpg,0,train,hiertext:a170eae71046e318
data/raw/public_hard_negatives/hiertext/96dd91982840b193.jpg,0,train,hiertext:96dd91982840b193
data/raw/public_hard_negatives/hiertext/0f8db5011a7037cf.jpg,0,train,hiertext:0f8db5011a7037cf
data/raw/public_hard_negatives/hiertext/9e5a39562079fc61.jpg,0,train,hiertext:9e5a39562079fc61
data/raw/public_hard_negatives/hiertext/8b25b7f33f759ca8.jpg,0,train,hiertext:8b25b7f33f759ca8
data/raw/public_hard_negatives/hiertext/0f6dd07d35f2ecee.jpg,0,train,hiertext:0f6dd07d35f2ecee
data/raw/public_hard_negatives/hiertext/e629e0e2fc0cd9ed.jpg,0,train,hiertext:e629e0e2fc0cd9ed
data/raw/public_hard_negatives/hiertext/c958e03db1f7e104.jpg,0,train,hiertext:c958e03db1f7e104
data/raw/public_hard_negatives/hiertext/6b3a667fc6e75662.jpg,0,train,hiertext:6b3a667fc6e75662
data/raw/public_hard_negatives/hiertext/3ae92b902b0b5329.jpg,0,train,hiertext:3ae92b902b0b5329
data/raw/public_hard_negatives/hiertext/f8cbc54f25fc8415.jpg,0,train,hiertext:f8cbc54f25fc8415
data/raw/public_hard_negatives/hiertext/6bb598814409577d.jpg,0,train,hiertext:6bb598814409577d
data/raw/public_hard_negatives/hiertext/4d4fd986142cb50f.jpg,0,train,hiertext:4d4fd986142cb50f
data/raw/public_hard_negatives/hiertext/f28ce6960805a9f2.jpg,0,train,hiertext:f28ce6960805a9f2
data/raw/public_hard_negatives/hiertext/7e5e830197b019fa.jpg,0,train,hiertext:7e5e830197b019fa
data/raw/public_hard_negatives/hiertext/8ae2be439d1886a6.jpg,0,train,hiertext:8ae2be439d1886a6
data/raw/public_hard_negatives/hiertext/af2ddc65295391cf.jpg,0,train,hiertext:af2ddc65295391cf
data/raw/public_hard_negatives/hiertext/86eb75430cf5d908.jpg,0,train,hiertext:86eb75430cf5d908
data/raw/public_hard_negatives/hiertext/13160f4632e4206e.jpg,0,train,hiertext:13160f4632e4206e
data/raw/public_hard_negatives/hiertext/862ae42ee2aa0292.jpg,0,train,hiertext:862ae42ee2aa0292
data/raw/public_hard_negatives/hiertext/3d8d769939ad6ecb.jpg,0,train,hiertext:3d8d769939ad6ecb
data/raw/public_hard_negatives/hiertext/0ae116c3ada0d021.jpg,0,train,hiertext:0ae116c3ada0d021
data/raw/public_hard_negatives/hiertext/31288e756d94714c.jpg,0,train,hiertext:31288e756d94714c
data/raw/public_hard_negatives/hiertext/a9bd3875c8957ee7.jpg,0,train,hiertext:a9bd3875c8957ee7
data/raw/public_hard_negatives/hiertext/f56a3acba1b39f9c.jpg,0,train,hiertext:f56a3acba1b39f9c
data/raw/public_hard_negatives/hiertext/3d874195d3c70081.jpg,0,train,hiertext:3d874195d3c70081
data/raw/public_hard_negatives/hiertext/c51c89367a983490.jpg,0,train,hiertext:c51c89367a983490
data/raw/public_hard_negatives/hiertext/606b551e4cc2313b.jpg,0,train,hiertext:606b551e4cc2313b
data/raw/public_hard_negatives/hiertext/636762606bd538c8.jpg,0,train,hiertext:636762606bd538c8
data/raw/public_hard_negatives/hiertext/b53eff5d68b89a73.jpg,0,train,hiertext:b53eff5d68b89a73
data/raw/public_hard_negatives/hiertext/5bdfd41e73fc8f2d.jpg,0,train,hiertext:5bdfd41e73fc8f2d
data/raw/public_hard_negatives/hiertext/8d077835903119a2.jpg,0,train,hiertext:8d077835903119a2
data/raw/public_hard_negatives/hiertext/7544174e4d32a956.jpg,0,train,hiertext:7544174e4d32a956
data/raw/public_hard_negatives/hiertext/4555a78be4b2431f.jpg,0,train,hiertext:4555a78be4b2431f
data/raw/public_hard_negatives/hiertext/0e540a946561f68a.jpg,0,train,hiertext:0e540a946561f68a
data/raw/public_hard_negatives/hiertext/5841f489fb1b5f77.jpg,0,train,hiertext:5841f489fb1b5f77
data/raw/public_hard_negatives/hiertext/409a18936c552f05.jpg,0,train,hiertext:409a18936c552f05
data/raw/public_hard_negatives/hiertext/6404e4604e29867d.jpg,0,train,hiertext:6404e4604e29867d
data/raw/public_hard_negatives/hiertext/421bc6bcf8f93f9e.jpg,0,train,hiertext:421bc6bcf8f93f9e
data/raw/public_hard_negatives/hiertext/fcf925f0e2ef6198.jpg,0,train,hiertext:fcf925f0e2ef6198
data/raw/public_hard_negatives/hiertext/a93c8fe0e15346d6.jpg,0,train,hiertext:a93c8fe0e15346d6
data/raw/public_hard_negatives/hiertext/b3acef0d0d4c3da7.jpg,0,train,hiertext:b3acef0d0d4c3da7
data/raw/public_hard_negatives/hiertext/be03199fbd6828bd.jpg,0,train,hiertext:be03199fbd6828bd
data/raw/public_hard_negatives/hiertext/89b0418d9971b4a5.jpg,0,train,hiertext:89b0418d9971b4a5
data/raw/public_hard_negatives/hiertext/a2364c31de73114d.jpg,0,train,hiertext:a2364c31de73114d
data/raw/public_hard_negatives/hiertext/b6cd82323c09b36f.jpg,0,train,hiertext:b6cd82323c09b36f
data/raw/public_hard_negatives/hiertext/9358016f216f6c9d.jpg,0,train,hiertext:9358016f216f6c9d
data/raw/public_hard_negatives/hiertext/743c85d498315a0e.jpg,0,train,hiertext:743c85d498315a0e
data/raw/public_hard_negatives/hiertext/b367153756be74c7.jpg,0,train,hiertext:b367153756be74c7
data/raw/public_hard_negatives/hiertext/0558ce6ed7f4e6d1.jpg,0,train,hiertext:0558ce6ed7f4e6d1
data/raw/public_hard_negatives/hiertext/9ab7b5819a5da01e.jpg,0,train,hiertext:9ab7b5819a5da01e
data/raw/public_hard_negatives/hiertext/050bf08413b35ab1.jpg,0,train,hiertext:050bf08413b35ab1
data/raw/public_hard_negatives/hiertext/64e0fcb9242e306c.jpg,0,train,hiertext:64e0fcb9242e306c
data/raw/public_hard_negatives/hiertext/3161527fb4849521.jpg,0,train,hiertext:3161527fb4849521
data/raw/public_hard_negatives/hiertext/4bcd774eb5ecefb6.jpg,0,train,hiertext:4bcd774eb5ecefb6
data/raw/public_hard_negatives/hiertext/0b4912b998fea4fb.jpg,0,train,hiertext:0b4912b998fea4fb
data/raw/public_hard_negatives/hiertext/73c4c581414b06fb.jpg,0,train,hiertext:73c4c581414b06fb
data/raw/public_hard_negatives/hiertext/b8753d171f1f954d.jpg,0,train,hiertext:b8753d171f1f954d
data/raw/public_hard_negatives/hiertext/df7b8a70d3d3effc.jpg,0,train,hiertext:df7b8a70d3d3effc
data/raw/public_hard_negatives/hiertext/dca147ce445da6b6.jpg,0,train,hiertext:dca147ce445da6b6
data/raw/public_hard_negatives/hiertext/5fdcb191c15923ff.jpg,0,train,hiertext:5fdcb191c15923ff
data/raw/public_hard_negatives/hiertext/ecce4b5f78aa68a6.jpg,0,train,hiertext:ecce4b5f78aa68a6
data/raw/public_hard_negatives/hiertext/8be7188afb5c8a37.jpg,0,train,hiertext:8be7188afb5c8a37
data/raw/public_hard_negatives/hiertext/41abd84c5d49e9ec.jpg,0,train,hiertext:41abd84c5d49e9ec
data/raw/public_hard_negatives/hiertext/83e0e51f627a741d.jpg,0,train,hiertext:83e0e51f627a741d
data/raw/public_hard_negatives/hiertext/8796d2d29c8e5b9a.jpg,0,train,hiertext:8796d2d29c8e5b9a
data/raw/public_hard_negatives/hiertext/76812a452561d99f.jpg,0,train,hiertext:76812a452561d99f
data/raw/public_hard_negatives/hiertext/1a94541acb461d78.jpg,0,train,hiertext:1a94541acb461d78
data/raw/public_hard_negatives/hiertext/891e983041ecfc89.jpg,0,train,hiertext:891e983041ecfc89
data/raw/public_hard_negatives/hiertext/086a367c2478e5e3.jpg,0,train,hiertext:086a367c2478e5e3
data/raw/public_hard_negatives/hiertext/ac95336ada1ab474.jpg,0,train,hiertext:ac95336ada1ab474
data/raw/public_hard_negatives/hiertext/ec714b7642c67d57.jpg,0,train,hiertext:ec714b7642c67d57
data/raw/public_hard_negatives/hiertext/68e3f1f3f4ecce97.jpg,0,train,hiertext:68e3f1f3f4ecce97
data/raw/public_hard_negatives/hiertext/2db014ccd11e52b7.jpg,0,train,hiertext:2db014ccd11e52b7
data/raw/public_hard_negatives/hiertext/d4af94dc678962fd.jpg,0,train,hiertext:d4af94dc678962fd
data/raw/public_hard_negatives/hiertext/24d07cd4175a99c1.jpg,0,train,hiertext:24d07cd4175a99c1
data/raw/public_hard_negatives/hiertext/46f666c9c19780d9.jpg,0,train,hiertext:46f666c9c19780d9
data/raw/public_hard_negatives/hiertext/3c57bae8f2575f7a.jpg,0,train,hiertext:3c57bae8f2575f7a
data/raw/public_hard_negatives/hiertext/043728e896c1c506.jpg,0,train,hiertext:043728e896c1c506
data/raw/public_hard_negatives/hiertext/443f47a55cea3560.jpg,0,train,hiertext:443f47a55cea3560
data/raw/public_hard_negatives/hiertext/08e481cfddb5ab42.jpg,0,train,hiertext:08e481cfddb5ab42
data/raw/public_hard_negatives/hiertext/c9eb63f2ace42c79.jpg,0,train,hiertext:c9eb63f2ace42c79
data/raw/public_hard_negatives/hiertext/9c2ed4bea36fec9f.jpg,0,train,hiertext:9c2ed4bea36fec9f
data/raw/public_hard_negatives/hiertext/d9e9136836ad922a.jpg,0,train,hiertext:d9e9136836ad922a
data/raw/public_hard_negatives/hiertext/3f2f166c4216a7ce.jpg,0,train,hiertext:3f2f166c4216a7ce
data/raw/public_hard_negatives/hiertext/d6d8baa32f96d2e8.jpg,0,train,hiertext:d6d8baa32f96d2e8
data/raw/public_hard_negatives/hiertext/1cc17232ecf7f50c.jpg,0,train,hiertext:1cc17232ecf7f50c
data/raw/public_hard_negatives/hiertext/995f2ab706b68006.jpg,0,train,hiertext:995f2ab706b68006
data/raw/public_hard_negatives/hiertext/f8a979d3ffb4711a.jpg,0,train,hiertext:f8a979d3ffb4711a
data/raw/public_hard_negatives/hiertext/a0865294f4dedd6c.jpg,0,train,hiertext:a0865294f4dedd6c
data/raw/public_hard_negatives/hiertext/88a93d25f838b9b4.jpg,0,train,hiertext:88a93d25f838b9b4
data/raw/public_hard_negatives/hiertext/8fef6bc3b9723d7a.jpg,0,train,hiertext:8fef6bc3b9723d7a
data/raw/public_hard_negatives/hiertext/ef4e35edac32660b.jpg,0,train,hiertext:ef4e35edac32660b
data/raw/public_hard_negatives/hiertext/9516d3051bbd146a.jpg,0,train,hiertext:9516d3051bbd146a
data/raw/public_hard_negatives/hiertext/e21d00c299083ea3.jpg,0,train,hiertext:e21d00c299083ea3
data/raw/public_hard_negatives/hiertext/3eaa95823aac7b57.jpg,0,train,hiertext:3eaa95823aac7b57
data/raw/public_hard_negatives/hiertext/b7dcea139098df00.jpg,0,train,hiertext:b7dcea139098df00
data/raw/public_hard_negatives/hiertext/5e3a0b410a59c9fc.jpg,0,train,hiertext:5e3a0b410a59c9fc
data/raw/public_hard_negatives/hiertext/25787b4e3774cb9e.jpg,0,train,hiertext:25787b4e3774cb9e
data/raw/public_hard_negatives/hiertext/4ac8e14fb0756bfa.jpg,0,train,hiertext:4ac8e14fb0756bfa
data/raw/public_hard_negatives/hiertext/f70efbb02c4146ac.jpg,0,train,hiertext:f70efbb02c4146ac
data/raw/public_hard_negatives/hiertext/52cbc0d10cfa5769.jpg,0,train,hiertext:52cbc0d10cfa5769
data/raw/public_hard_negatives/hiertext/29a92bcc9eded0bb.jpg,0,train,hiertext:29a92bcc9eded0bb
data/raw/public_hard_negatives/hiertext/77a3be2e7367a9bb.jpg,0,train,hiertext:77a3be2e7367a9bb
data/raw/public_hard_negatives/hiertext/c42b5ade830351cd.jpg,0,train,hiertext:c42b5ade830351cd
data/raw/public_hard_negatives/hiertext/a6cd2ab5857929db.jpg,0,train,hiertext:a6cd2ab5857929db
data/raw/public_hard_negatives/hiertext/ba5c0190fefe90ee.jpg,0,train,hiertext:ba5c0190fefe90ee
data/raw/public_hard_negatives/hiertext/6ca7fbd2b041d562.jpg,0,train,hiertext:6ca7fbd2b041d562
data/raw/public_hard_negatives/hiertext/4a57663b4ad81dba.jpg,0,train,hiertext:4a57663b4ad81dba
data/raw/public_hard_negatives/hiertext/c5b92db91673f245.jpg,0,train,hiertext:c5b92db91673f245
data/raw/public_hard_negatives/hiertext/68838e6cbb6d123c.jpg,0,train,hiertext:68838e6cbb6d123c
data/raw/public_hard_negatives/hiertext/eba4db029e2c9ba9.jpg,0,train,hiertext:eba4db029e2c9ba9
data/raw/public_hard_negatives/hiertext/bdd42cf8ff669396.jpg,0,train,hiertext:bdd42cf8ff669396
data/raw/public_hard_negatives/hiertext/c4c7704b59d2ebb8.jpg,0,train,hiertext:c4c7704b59d2ebb8
data/raw/public_hard_negatives/hiertext/1f2f0fdae0c15f1a.jpg,0,train,hiertext:1f2f0fdae0c15f1a
data/raw/public_hard_negatives/hiertext/e3ca7f716ca4bcf1.jpg,0,train,hiertext:e3ca7f716ca4bcf1
data/raw/public_hard_negatives/hiertext/c237f9cec8e311b0.jpg,0,train,hiertext:c237f9cec8e311b0
data/raw/public_hard_negatives/hiertext/a9ebd5e98ca02c94.jpg,0,train,hiertext:a9ebd5e98ca02c94
data/raw/public_hard_negatives/hiertext/68597dd8ae4ddb29.jpg,0,train,hiertext:68597dd8ae4ddb29
data/raw/public_hard_negatives/hiertext/1956eb2fe8374f57.jpg,0,train,hiertext:1956eb2fe8374f57
data/raw/public_hard_negatives/hiertext/1287bbaf6242f8df.jpg,0,train,hiertext:1287bbaf6242f8df
data/raw/public_hard_negatives/hiertext/bfd4d8c47b1ed3e3.jpg,0,train,hiertext:bfd4d8c47b1ed3e3
data/raw/public_hard_negatives/hiertext/79e130fb92d0d6cc.jpg,0,train,hiertext:79e130fb92d0d6cc
data/raw/public_hard_negatives/hiertext/9c1277de1c19689b.jpg,0,train,hiertext:9c1277de1c19689b
data/raw/public_hard_negatives/hiertext/ae2c81ba96089c32.jpg,0,train,hiertext:ae2c81ba96089c32
data/raw/public_hard_negatives/hiertext/e20fbc5878d56a36.jpg,0,train,hiertext:e20fbc5878d56a36
data/raw/public_hard_negatives/hiertext/c6d872d9d43bc935.jpg,0,train,hiertext:c6d872d9d43bc935
data/raw/public_hard_negatives/hiertext/3cba28cdd5f6a9aa.jpg,0,train,hiertext:3cba28cdd5f6a9aa
data/raw/public_hard_negatives/hiertext/76863547a40aad4d.jpg,0,train,hiertext:76863547a40aad4d
data/raw/public_hard_negatives/hiertext/7bef38ae33c475b1.jpg,0,train,hiertext:7bef38ae33c475b1
data/raw/public_hard_negatives/hiertext/0346fb78e8f67579.jpg,0,train,hiertext:0346fb78e8f67579
data/raw/public_hard_negatives/hiertext/b8b0768a16e3c1a1.jpg,0,train,hiertext:b8b0768a16e3c1a1
data/raw/public_hard_negatives/hiertext/b939af893029f4f6.jpg,0,train,hiertext:b939af893029f4f6
data/raw/public_hard_negatives/hiertext/f6382fc0c0c8a23c.jpg,0,train,hiertext:f6382fc0c0c8a23c
data/raw/public_hard_negatives/hiertext/c6a1221e6dc7ac3a.jpg,0,train,hiertext:c6a1221e6dc7ac3a
data/raw/public_hard_negatives/hiertext/91f7cbd512961018.jpg,0,train,hiertext:91f7cbd512961018
data/raw/public_hard_negatives/hiertext/c1b200d372cbd970.jpg,0,train,hiertext:c1b200d372cbd970
data/raw/public_hard_negatives/hiertext/f0075316b0a0dce6.jpg,0,train,hiertext:f0075316b0a0dce6
data/raw/public_hard_negatives/hiertext/f3593644b53248a3.jpg,0,train,hiertext:f3593644b53248a3
data/raw/public_hard_negatives/hiertext/a018d36e4dea2053.jpg,0,train,hiertext:a018d36e4dea2053
data/raw/public_hard_negatives/hiertext/06d6db5dd53d4768.jpg,0,train,hiertext:06d6db5dd53d4768
data/raw/public_hard_negatives/hiertext/ea6e16c4a1edaa0f.jpg,0,train,hiertext:ea6e16c4a1edaa0f
data/raw/public_hard_negatives/hiertext/79d0891f8bea64c7.jpg,0,train,hiertext:79d0891f8bea64c7
data/raw/public_hard_negatives/hiertext/dcfa13daf1dff73b.jpg,0,train,hiertext:dcfa13daf1dff73b
data/raw/public_hard_negatives/hiertext/3274d8b828ffd6b0.jpg,0,train,hiertext:3274d8b828ffd6b0
data/raw/public_hard_negatives/hiertext/3ea969425b1c88bd.jpg,0,train,hiertext:3ea969425b1c88bd
data/raw/public_hard_negatives/hiertext/6eaf3336c6ed0e0f.jpg,0,train,hiertext:6eaf3336c6ed0e0f
data/raw/public_hard_negatives/hiertext/0a2c4ca4b143b784.jpg,0,train,hiertext:0a2c4ca4b143b784
data/raw/public_hard_negatives/hiertext/2dfbbe4db4d6bedb.jpg,0,train,hiertext:2dfbbe4db4d6bedb
data/raw/public_hard_negatives/hiertext/c3421dd00e99672d.jpg,0,train,hiertext:c3421dd00e99672d
data/raw/public_hard_negatives/hiertext/1f98e46bd6fc95c2.jpg,0,train,hiertext:1f98e46bd6fc95c2
data/raw/public_hard_negatives/hiertext/edb870be76750888.jpg,0,train,hiertext:edb870be76750888
data/raw/public_hard_negatives/hiertext/2a8b8861dfb1fce0.jpg,0,train,hiertext:2a8b8861dfb1fce0
data/raw/public_hard_negatives/hiertext/4e4a787841bfeb44.jpg,0,train,hiertext:4e4a787841bfeb44
data/raw/public_hard_negatives/hiertext/68edcb6c26ec9d26.jpg,0,train,hiertext:68edcb6c26ec9d26
data/raw/public_hard_negatives/hiertext/79f3f2a557aed006.jpg,0,train,hiertext:79f3f2a557aed006
data/raw/public_hard_negatives/hiertext/e3ffd0c640d66df1.jpg,0,train,hiertext:e3ffd0c640d66df1
data/raw/public_hard_negatives/hiertext/7a77d5103b9d7173.jpg,0,train,hiertext:7a77d5103b9d7173
data/raw/public_hard_negatives/hiertext/078780fdeca93ec0.jpg,0,train,hiertext:078780fdeca93ec0
data/raw/public_hard_negatives/hiertext/3cf13a8165a80f00.jpg,0,train,hiertext:3cf13a8165a80f00
data/raw/public_hard_negatives/hiertext/68a9d0e11334bb88.jpg,0,train,hiertext:68a9d0e11334bb88
data/raw/public_hard_negatives/hiertext/d8c7dfefbf5b3922.jpg,0,train,hiertext:d8c7dfefbf5b3922
data/raw/public_hard_negatives/hiertext/f5e4d32892146de2.jpg,0,train,hiertext:f5e4d32892146de2
data/raw/public_hard_negatives/hiertext/bfa1ecc0aa6e9711.jpg,0,train,hiertext:bfa1ecc0aa6e9711
data/raw/public_hard_negatives/hiertext/0ae42092c023f2e3.jpg,0,train,hiertext:0ae42092c023f2e3
data/raw/public_hard_negatives/hiertext/44f2ba542afbaca4.jpg,0,train,hiertext:44f2ba542afbaca4
data/raw/public_hard_negatives/hiertext/d36f016bd891eadb.jpg,0,train,hiertext:d36f016bd891eadb
data/raw/public_hard_negatives/hiertext/adf5b660bcebbcdd.jpg,0,train,hiertext:adf5b660bcebbcdd
data/raw/public_hard_negatives/hiertext/b043bb62b0cbc3f1.jpg,0,train,hiertext:b043bb62b0cbc3f1
data/raw/public_hard_negatives/hiertext/d5faa15bfda6af49.jpg,0,train,hiertext:d5faa15bfda6af49
data/raw/public_hard_negatives/hiertext/a3335d4757d72cb7.jpg,0,train,hiertext:a3335d4757d72cb7
data/raw/public_hard_negatives/hiertext/43738ed818c668df.jpg,0,train,hiertext:43738ed818c668df
data/raw/public_hard_negatives/hiertext/3ec01b023cecfdcc.jpg,0,train,hiertext:3ec01b023cecfdcc
data/raw/public_hard_negatives/hiertext/0458b386faa2a422.jpg,0,train,hiertext:0458b386faa2a422
data/raw/public_hard_negatives/hiertext/f4305c5610ff670f.jpg,0,train,hiertext:f4305c5610ff670f
data/raw/public_hard_negatives/hiertext/754e6021acc3fff0.jpg,0,train,hiertext:754e6021acc3fff0
data/raw/public_hard_negatives/hiertext/30a7208a7004d7f4.jpg,0,train,hiertext:30a7208a7004d7f4
data/raw/public_hard_negatives/hiertext/f3e973b78b9cfb76.jpg,0,train,hiertext:f3e973b78b9cfb76
data/raw/public_hard_negatives/hiertext/83499e8f67512938.jpg,0,train,hiertext:83499e8f67512938
data/raw/public_hard_negatives/hiertext/824ba7853babc619.jpg,0,train,hiertext:824ba7853babc619
data/raw/public_hard_negatives/hiertext/5c4d5de59518fe4d.jpg,0,train,hiertext:5c4d5de59518fe4d
data/raw/public_hard_negatives/hiertext/d291f2afecf9a86c.jpg,0,train,hiertext:d291f2afecf9a86c
data/raw/public_hard_negatives/hiertext/e7f3618302512bb1.jpg,0,train,hiertext:e7f3618302512bb1
data/raw/public_hard_negatives/hiertext/413b4a29b75c4201.jpg,0,train,hiertext:413b4a29b75c4201
data/raw/public_hard_negatives/hiertext/9d89cb2b97825bb0.jpg,0,train,hiertext:9d89cb2b97825bb0
data/raw/public_hard_negatives/hiertext/7d3cf837897794a8.jpg,0,train,hiertext:7d3cf837897794a8
data/raw/public_hard_negatives/hiertext/522c6ed46da39742.jpg,0,train,hiertext:522c6ed46da39742
data/raw/public_hard_negatives/hiertext/7b7942bfcf83bc17.jpg,0,train,hiertext:7b7942bfcf83bc17
data/raw/public_hard_negatives/hiertext/3334b694270e4599.jpg,0,train,hiertext:3334b694270e4599
data/raw/public_hard_negatives/hiertext/16f097c5d6407f7d.jpg,0,train,hiertext:16f097c5d6407f7d
data/raw/public_hard_negatives/hiertext/34ee2167a1180f55.jpg,0,train,hiertext:34ee2167a1180f55
data/raw/public_hard_negatives/hiertext/8ac12396f965e3e5.jpg,0,train,hiertext:8ac12396f965e3e5
data/raw/public_hard_negatives/hiertext/9aeb4af0008af831.jpg,0,train,hiertext:9aeb4af0008af831
data/raw/public_hard_negatives/hiertext/64f541df94b22004.jpg,0,train,hiertext:64f541df94b22004
data/raw/public_hard_negatives/hiertext/ae6afb5ec2725af5.jpg,0,train,hiertext:ae6afb5ec2725af5
data/raw/public_hard_negatives/hiertext/39fd7d18c550a0f2.jpg,0,train,hiertext:39fd7d18c550a0f2
data/raw/public_hard_negatives/hiertext/929bc222a53b3cdc.jpg,0,train,hiertext:929bc222a53b3cdc
data/raw/public_hard_negatives/hiertext/bdc508254b92ff40.jpg,0,train,hiertext:bdc508254b92ff40
data/raw/public_hard_negatives/hiertext/27dbbff1acd56a80.jpg,0,train,hiertext:27dbbff1acd56a80
data/raw/public_hard_negatives/hiertext/f834399c5d07ec96.jpg,0,train,hiertext:f834399c5d07ec96
data/raw/public_hard_negatives/hiertext/a1fc3a481c270b9f.jpg,0,train,hiertext:a1fc3a481c270b9f
data/raw/public_hard_negatives/hiertext/df7f74537133e3f6.jpg,0,train,hiertext:df7f74537133e3f6
data/raw/public_hard_negatives/hiertext/10e3c88e3dbe8895.jpg,0,train,hiertext:10e3c88e3dbe8895
data/raw/public_hard_negatives/hiertext/9a53fe9785842b45.jpg,0,train,hiertext:9a53fe9785842b45
data/raw/public_hard_negatives/hiertext/0532d7adab8961c4.jpg,0,train,hiertext:0532d7adab8961c4
data/raw/public_hard_negatives/hiertext/270258fadc348ae4.jpg,0,train,hiertext:270258fadc348ae4
data/raw/public_hard_negatives/hiertext/a4be79daacc0a863.jpg,0,train,hiertext:a4be79daacc0a863
data/raw/public_hard_negatives/hiertext/97844a7ad3841e34.jpg,0,train,hiertext:97844a7ad3841e34
data/raw/public_hard_negatives/hiertext/7a7895ff9f6355f1.jpg,0,train,hiertext:7a7895ff9f6355f1
data/raw/public_hard_negatives/hiertext/1d6118681cb86db7.jpg,0,train,hiertext:1d6118681cb86db7
data/raw/public_hard_negatives/hiertext/2bd7680de67a1c61.jpg,0,train,hiertext:2bd7680de67a1c61
data/raw/public_hard_negatives/hiertext/fbaa25e7bcd5737f.jpg,0,train,hiertext:fbaa25e7bcd5737f
data/raw/pool/pos_cord_receipts_00004.jpg,1,val,data/raw/pool/pos_cord_receipts_00004.jpg
data/raw/pool/pos_cord_receipts_00006.jpg,1,val,data/raw/pool/pos_cord_receipts_00006.jpg
data/raw/pool/pos_cord_receipts_00055.jpg,1,val,data/raw/pool/pos_cord_receipts_00055.jpg
data/raw/pool/pos_cord_receipts_00056.jpg,1,val,data/raw/pool/pos_cord_receipts_00056.jpg
data/raw/pool/pos_cord_receipts_00059.jpg,1,val,data/raw/pool/pos_cord_receipts_00059.jpg
data/raw/pool/pos_cord_receipts_00071.jpg,1,val,data/raw/pool/pos_cord_receipts_00071.jpg
data/raw/pool/pos_cord_receipts_00080.jpg,1,val,data/raw/pool/pos_cord_receipts_00080.jpg
data/raw/pool/pos_cord_receipts_00092.jpg,1,val,data/raw/pool/pos_cord_receipts_00092.jpg
data/raw/pool/pos_cord_receipts_00094.jpg,1,val,data/raw/pool/pos_cord_receipts_00094.jpg
data/raw/pool/pos_cord_receipts_00116.jpg,1,val,data/raw/pool/pos_cord_receipts_00116.jpg
data/raw/pool/pos_cord_receipts_00127.jpg,1,val,data/raw/pool/pos_cord_receipts_00127.jpg
data/raw/pool/pos_cord_receipts_00129.jpg,1,val,data/raw/pool/pos_cord_receipts_00129.jpg
data/raw/pool/pos_cord_receipts_00147.jpg,1,val,data/raw/pool/pos_cord_receipts_00147.jpg
data/raw/pool/pos_cord_receipts_00186.jpg,1,val,data/raw/pool/pos_cord_receipts_00186.jpg
data/raw/pool/pos_cord_receipts_00189.jpg,1,val,data/raw/pool/pos_cord_receipts_00189.jpg
data/raw/pool/pos_cord_receipts_00190.jpg,1,val,data/raw/pool/pos_cord_receipts_00190.jpg
data/raw/pool/pos_cord_receipts_00191.jpg,1,val,data/raw/pool/pos_cord_receipts_00191.jpg
data/raw/pool/pos_cord_receipts_00195.jpg,1,val,data/raw/pool/pos_cord_receipts_00195.jpg
data/raw/pool/pos_cord_receipts_00205.jpg,1,val,data/raw/pool/pos_cord_receipts_00205.jpg
data/raw/pool/pos_cord_receipts_00214.jpg,1,val,data/raw/pool/pos_cord_receipts_00214.jpg
data/raw/pool/pos_cord_receipts_00237.jpg,1,val,data/raw/pool/pos_cord_receipts_00237.jpg
data/raw/pool/pos_cord_receipts_00240.jpg,1,val,data/raw/pool/pos_cord_receipts_00240.jpg
data/raw/pool/pos_cord_receipts_00247.jpg,1,val,data/raw/pool/pos_cord_receipts_00247.jpg
data/raw/pool/pos_cord_receipts_00261.jpg,1,val,data/raw/pool/pos_cord_receipts_00261.jpg
data/raw/pool/pos_cord_receipts_00262.jpg,1,val,data/raw/pool/pos_cord_receipts_00262.jpg
data/raw/pool/pos_cord_receipts_00264.jpg,1,val,data/raw/pool/pos_cord_receipts_00264.jpg
data/raw/pool/pos_cord_receipts_00288.jpg,1,val,data/raw/pool/pos_cord_receipts_00288.jpg
data/raw/pool/pos_cord_receipts_00289.jpg,1,val,data/raw/pool/pos_cord_receipts_00289.jpg
data/raw/pool/pos_cord_receipts_00300.jpg,1,val,data/raw/pool/pos_cord_receipts_00300.jpg
data/raw/pool/pos_cord_receipts_00301.jpg,1,val,data/raw/pool/pos_cord_receipts_00301.jpg
data/raw/pool/pos_cord_receipts_00336.jpg,1,val,data/raw/pool/pos_cord_receipts_00336.jpg
data/raw/pool/pos_cord_receipts_00337.jpg,1,val,data/raw/pool/pos_cord_receipts_00337.jpg
data/raw/pool/pos_cord_receipts_00338.jpg,1,val,data/raw/pool/pos_cord_receipts_00338.jpg
data/raw/pool/pos_cord_receipts_00352.jpg,1,val,data/raw/pool/pos_cord_receipts_00352.jpg
data/raw/pool/pos_cord_receipts_00360.jpg,1,val,data/raw/pool/pos_cord_receipts_00360.jpg
data/raw/pool/pos_cord_receipts_00364.jpg,1,val,data/raw/pool/pos_cord_receipts_00364.jpg
data/raw/pool/pos_cord_receipts_00368.jpg,1,val,data/raw/pool/pos_cord_receipts_00368.jpg
data/raw/pool/pos_cord_receipts_00372.jpg,1,val,data/raw/pool/pos_cord_receipts_00372.jpg
data/raw/pool/pos_cord_receipts_00377.jpg,1,val,data/raw/pool/pos_cord_receipts_00377.jpg
data/raw/pool/pos_cord_receipts_00386.jpg,1,val,data/raw/pool/pos_cord_receipts_00386.jpg
data/raw/pool/pos_cord_receipts_00397.jpg,1,val,data/raw/pool/pos_cord_receipts_00397.jpg
data/raw/pool/pos_cord_receipts_00407.jpg,1,val,data/raw/pool/pos_cord_receipts_00407.jpg
data/raw/pool/pos_cord_receipts_00409.jpg,1,val,data/raw/pool/pos_cord_receipts_00409.jpg
data/raw/pool/pos_cord_receipts_00426.jpg,1,val,data/raw/pool/pos_cord_receipts_00426.jpg
data/raw/pool/pos_cord_receipts_00429.jpg,1,val,data/raw/pool/pos_cord_receipts_00429.jpg
data/raw/pool/pos_cord_receipts_00438.jpg,1,val,data/raw/pool/pos_cord_receipts_00438.jpg
data/raw/pool/pos_cord_receipts_00445.jpg,1,val,data/raw/pool/pos_cord_receipts_00445.jpg
data/raw/pool/pos_cord_receipts_00457.jpg,1,val,data/raw/pool/pos_cord_receipts_00457.jpg
data/raw/pool/pos_cord_receipts_00459.jpg,1,val,data/raw/pool/pos_cord_receipts_00459.jpg
data/raw/pool/pos_cord_receipts_00482.jpg,1,val,data/raw/pool/pos_cord_receipts_00482.jpg
data/raw/pool/pos_cord_receipts_00489.jpg,1,val,data/raw/pool/pos_cord_receipts_00489.jpg
data/raw/pool/pos_cord_receipts_00508.jpg,1,val,data/raw/pool/pos_cord_receipts_00508.jpg
data/raw/pool/pos_cord_receipts_00510.jpg,1,val,data/raw/pool/pos_cord_receipts_00510.jpg
data/raw/pool/pos_cord_receipts_00518.jpg,1,val,data/raw/pool/pos_cord_receipts_00518.jpg
data/raw/pool/pos_cord_receipts_00519.jpg,1,val,data/raw/pool/pos_cord_receipts_00519.jpg
data/raw/pool/pos_cord_receipts_00525.jpg,1,val,data/raw/pool/pos_cord_receipts_00525.jpg
data/raw/pool/pos_cord_receipts_00527.jpg,1,val,data/raw/pool/pos_cord_receipts_00527.jpg
data/raw/pool/pos_cord_receipts_00548.jpg,1,val,data/raw/pool/pos_cord_receipts_00548.jpg
data/raw/pool/pos_cord_receipts_00565.jpg,1,val,data/raw/pool/pos_cord_receipts_00565.jpg
data/raw/pool/pos_cord_receipts_00572.jpg,1,val,data/raw/pool/pos_cord_receipts_00572.jpg
data/raw/pool/pos_cord_receipts_00586.jpg,1,val,data/raw/pool/pos_cord_receipts_00586.jpg
data/raw/pool/pos_sroie_receipts_00016.jpg,1,val,data/raw/pool/pos_sroie_receipts_00016.jpg
data/raw/pool/pos_sroie_receipts_00023.jpg,1,val,data/raw/pool/pos_sroie_receipts_00023.jpg
data/raw/pool/pos_sroie_receipts_00025.jpg,1,val,data/raw/pool/pos_sroie_receipts_00025.jpg
data/raw/pool/pos_sroie_receipts_00055.jpg,1,val,data/raw/pool/pos_sroie_receipts_00055.jpg
data/raw/pool/pos_sroie_receipts_00063.jpg,1,val,data/raw/pool/pos_sroie_receipts_00063.jpg
data/raw/pool/pos_sroie_receipts_00077.jpg,1,val,data/raw/pool/pos_sroie_receipts_00077.jpg
data/raw/pool/pos_sroie_receipts_00078.jpg,1,val,data/raw/pool/pos_sroie_receipts_00078.jpg
data/raw/pool/pos_sroie_receipts_00088.jpg,1,val,data/raw/pool/pos_sroie_receipts_00088.jpg
data/raw/pool/pos_sroie_receipts_00100.jpg,1,val,data/raw/pool/pos_sroie_receipts_00100.jpg
data/raw/pool/pos_sroie_receipts_00102.jpg,1,val,data/raw/pool/pos_sroie_receipts_00102.jpg
data/raw/pool/pos_sroie_receipts_00116.jpg,1,val,data/raw/pool/pos_sroie_receipts_00116.jpg
data/raw/pool/pos_sroie_receipts_00131.jpg,1,val,data/raw/pool/pos_sroie_receipts_00131.jpg
data/raw/pool/pos_sroie_receipts_00136.jpg,1,val,data/raw/pool/pos_sroie_receipts_00136.jpg
data/raw/pool/pos_sroie_receipts_00138.jpg,1,val,data/raw/pool/pos_sroie_receipts_00138.jpg
data/raw/pool/pos_sroie_receipts_00159.jpg,1,val,data/raw/pool/pos_sroie_receipts_00159.jpg
data/raw/pool/pos_sroie_receipts_00165.jpg,1,val,data/raw/pool/pos_sroie_receipts_00165.jpg
data/raw/pool/pos_sroie_receipts_00166.jpg,1,val,data/raw/pool/pos_sroie_receipts_00166.jpg
data/raw/pool/pos_sroie_receipts_00189.jpg,1,val,data/raw/pool/pos_sroie_receipts_00189.jpg
data/raw/pool/pos_sroie_receipts_00191.jpg,1,val,data/raw/pool/pos_sroie_receipts_00191.jpg
data/raw/pool/pos_sroie_receipts_00202.jpg,1,val,data/raw/pool/pos_sroie_receipts_00202.jpg
data/raw/pool/pos_sroie_receipts_00212.jpg,1,val,data/raw/pool/pos_sroie_receipts_00212.jpg
data/raw/pool/pos_sroie_receipts_00223.jpg,1,val,data/raw/pool/pos_sroie_receipts_00223.jpg
data/raw/pool/pos_sroie_receipts_00236.jpg,1,val,data/raw/pool/pos_sroie_receipts_00236.jpg
data/raw/pool/pos_sroie_receipts_00244.jpg,1,val,data/raw/pool/pos_sroie_receipts_00244.jpg
data/raw/pool/pos_sroie_receipts_00256.jpg,1,val,data/raw/pool/pos_sroie_receipts_00256.jpg
data/raw/pool/pos_sroie_receipts_00263.jpg,1,val,data/raw/pool/pos_sroie_receipts_00263.jpg
data/raw/pool/pos_sroie_receipts_00279.jpg,1,val,data/raw/pool/pos_sroie_receipts_00279.jpg
data/raw/pool/pos_sroie_receipts_00292.jpg,1,val,data/raw/pool/pos_sroie_receipts_00292.jpg
data/raw/pool/pos_sroie_receipts_00294.jpg,1,val,data/raw/pool/pos_sroie_receipts_00294.jpg
data/raw/pool/pos_sroie_receipts_00295.jpg,1,val,data/raw/pool/pos_sroie_receipts_00295.jpg
data/raw/pool/pos_sroie_receipts_00299.jpg,1,val,data/raw/pool/pos_sroie_receipts_00299.jpg
data/raw/pool/pos_sroie_receipts_00308.jpg,1,val,data/raw/pool/pos_sroie_receipts_00308.jpg
data/raw/pool/pos_sroie_receipts_00324.jpg,1,val,data/raw/pool/pos_sroie_receipts_00324.jpg
data/raw/pool/pos_sroie_receipts_00335.jpg,1,val,data/raw/pool/pos_sroie_receipts_00335.jpg
data/raw/pool/pos_sroie_receipts_00346.jpg,1,val,data/raw/pool/pos_sroie_receipts_00346.jpg
data/raw/pool/pos_sroie_receipts_00354.jpg,1,val,data/raw/pool/pos_sroie_receipts_00354.jpg
data/raw/pool/pos_sroie_receipts_00358.jpg,1,val,data/raw/pool/pos_sroie_receipts_00358.jpg
data/raw/pool/pos_sroie_receipts_00377.jpg,1,val,data/raw/pool/pos_sroie_receipts_00377.jpg
data/raw/pool/pos_sroie_receipts_00397.jpg,1,val,data/raw/pool/pos_sroie_receipts_00397.jpg
data/raw/pool/pos_sroie_receipts_00413.jpg,1,val,data/raw/pool/pos_sroie_receipts_00413.jpg
data/raw/pool/pos_sroie_receipts_00419.jpg,1,val,data/raw/pool/pos_sroie_receipts_00419.jpg
data/raw/pool/pos_sroie_receipts_00421.jpg,1,val,data/raw/pool/pos_sroie_receipts_00421.jpg
data/raw/pool/pos_sroie_receipts_00433.jpg,1,val,data/raw/pool/pos_sroie_receipts_00433.jpg
data/raw/pool/pos_sroie_receipts_00439.jpg,1,val,data/raw/pool/pos_sroie_receipts_00439.jpg
data/raw/pool/pos_sroie_receipts_00457.jpg,1,val,data/raw/pool/pos_sroie_receipts_00457.jpg
data/raw/pool/pos_sroie_receipts_00484.jpg,1,val,data/raw/pool/pos_sroie_receipts_00484.jpg
data/raw/pool/pos_sroie_receipts_00503.jpg,1,val,data/raw/pool/pos_sroie_receipts_00503.jpg
data/raw/pool/pos_sroie_receipts_00520.jpg,1,val,data/raw/pool/pos_sroie_receipts_00520.jpg
data/raw/pool/pos_sroie_receipts_00528.jpg,1,val,data/raw/pool/pos_sroie_receipts_00528.jpg
data/raw/pool/pos_sroie_receipts_00530.jpg,1,val,data/raw/pool/pos_sroie_receipts_00530.jpg
data/raw/pool/pos_sroie_receipts_00533.jpg,1,val,data/raw/pool/pos_sroie_receipts_00533.jpg
data/raw/pool/pos_sroie_receipts_00536.jpg,1,val,data/raw/pool/pos_sroie_receipts_00536.jpg
data/raw/pool/pos_sroie_receipts_00545.jpg,1,val,data/raw/pool/pos_sroie_receipts_00545.jpg
data/raw/pool/pos_sroie_receipts_00558.jpg,1,val,data/raw/pool/pos_sroie_receipts_00558.jpg
data/raw/pool/pos_sroie_receipts_00563.jpg,1,val,data/raw/pool/pos_sroie_receipts_00563.jpg
data/raw/pool/pos_sroie_receipts_00564.jpg,1,val,data/raw/pool/pos_sroie_receipts_00564.jpg
data/raw/pool/pos_sroie_receipts_00569.jpg,1,val,data/raw/pool/pos_sroie_receipts_00569.jpg
data/raw/pool/pos_sroie_receipts_00572.jpg,1,val,data/raw/pool/pos_sroie_receipts_00572.jpg
data/raw/pool/pos_sroie_receipts_00590.jpg,1,val,data/raw/pool/pos_sroie_receipts_00590.jpg
data/raw/pool/pos_rvlcdip_invoice_00014.jpg,1,val,data/raw/pool/pos_rvlcdip_invoice_00014.jpg
data/raw/pool/pos_rvlcdip_invoice_00020.jpg,1,val,data/raw/pool/pos_rvlcdip_invoice_00020.jpg
data/raw/pool/pos_rvlcdip_invoice_00029.jpg,1,val,data/raw/pool/pos_rvlcdip_invoice_00029.jpg
data/raw/pool/pos_rvlcdip_invoice_00034.jpg,1,val,data/raw/pool/pos_rvlcdip_invoice_00034.jpg
data/raw/pool/pos_rvlcdip_invoice_00036.jpg,1,val,data/raw/pool/pos_rvlcdip_invoice_00036.jpg
data/raw/pool/pos_rvlcdip_invoice_00042.jpg,1,val,data/raw/pool/pos_rvlcdip_invoice_00042.jpg
data/raw/pool/pos_rvlcdip_invoice_00044.jpg,1,val,data/raw/pool/pos_rvlcdip_invoice_00044.jpg
data/raw/pool/pos_rvlcdip_invoice_00052.jpg,1,val,data/raw/pool/pos_rvlcdip_invoice_00052.jpg
data/raw/pool/pos_rvlcdip_invoice_00057.jpg,1,val,data/raw/pool/pos_rvlcdip_invoice_00057.jpg
data/raw/pool/pos_rvlcdip_invoice_00061.jpg,1,val,data/raw/pool/pos_rvlcdip_invoice_00061.jpg
data/raw/pool/pos_rvlcdip_invoice_00071.jpg,1,val,data/raw/pool/pos_rvlcdip_invoice_00071.jpg
data/raw/pool/pos_rvlcdip_invoice_00073.jpg,1,val,data/raw/pool/pos_rvlcdip_invoice_00073.jpg
data/raw/pool/pos_rvlcdip_invoice_00088.jpg,1,val,data/raw/pool/pos_rvlcdip_invoice_00088.jpg
data/raw/pool/pos_rvlcdip_invoice_00105.jpg,1,val,data/raw/pool/pos_rvlcdip_invoice_00105.jpg
data/raw/pool/pos_rvlcdip_invoice_00108.jpg,1,val,data/raw/pool/pos_rvlcdip_invoice_00108.jpg
data/raw/pool/pos_rvlcdip_invoice_00116.jpg,1,val,data/raw/pool/pos_rvlcdip_invoice_00116.jpg
data/raw/pool/pos_rvlcdip_invoice_00148.jpg,1,val,data/raw/pool/pos_rvlcdip_invoice_00148.jpg
data/raw/pool/pos_rvlcdip_invoice_00155.jpg,1,val,data/raw/pool/pos_rvlcdip_invoice_00155.jpg
data/raw/pool/pos_rvlcdip_invoice_00161.jpg,1,val,data/raw/pool/pos_rvlcdip_invoice_00161.jpg
data/raw/pool/pos_rvlcdip_invoice_00168.jpg,1,val,data/raw/pool/pos_rvlcdip_invoice_00168.jpg
data/raw/pool/pos_rvlcdip_invoice_00179.jpg,1,val,data/raw/pool/pos_rvlcdip_invoice_00179.jpg
data/raw/pool/pos_rvlcdip_invoice_00181.jpg,1,val,data/raw/pool/pos_rvlcdip_invoice_00181.jpg
data/raw/pool/pos_rvlcdip_invoice_00189.jpg,1,val,data/raw/pool/pos_rvlcdip_invoice_00189.jpg
data/raw/pool/pos_rvlcdip_invoice_00205.jpg,1,val,data/raw/pool/pos_rvlcdip_invoice_00205.jpg
data/raw/pool/pos_rvlcdip_invoice_00214.jpg,1,val,data/raw/pool/pos_rvlcdip_invoice_00214.jpg
data/raw/pool/pos_rvlcdip_invoice_00221.jpg,1,val,data/raw/pool/pos_rvlcdip_invoice_00221.jpg
data/raw/pool/pos_rvlcdip_invoice_00232.jpg,1,val,data/raw/pool/pos_rvlcdip_invoice_00232.jpg
data/raw/pool/pos_rvlcdip_invoice_00239.jpg,1,val,data/raw/pool/pos_rvlcdip_invoice_00239.jpg
data/raw/pool/pos_rvlcdip_invoice_00244.jpg,1,val,data/raw/pool/pos_rvlcdip_invoice_00244.jpg
data/raw/pool/pos_rvlcdip_invoice_00262.jpg,1,val,data/raw/pool/pos_rvlcdip_invoice_00262.jpg
data/raw/pool/pos_rvlcdip_invoice_00276.jpg,1,val,data/raw/pool/pos_rvlcdip_invoice_00276.jpg
data/raw/pool/pos_rvlcdip_invoice_00284.jpg,1,val,data/raw/pool/pos_rvlcdip_invoice_00284.jpg
data/raw/pool/pos_rvlcdip_invoice_00293.jpg,1,val,data/raw/pool/pos_rvlcdip_invoice_00293.jpg
data/raw/pool/pos_rvlcdip_invoice_00295.jpg,1,val,data/raw/pool/pos_rvlcdip_invoice_00295.jpg
data/raw/pool/pos_rvlcdip_invoice_00306.jpg,1,val,data/raw/pool/pos_rvlcdip_invoice_00306.jpg
data/raw/pool/pos_rvlcdip_invoice_00308.jpg,1,val,data/raw/pool/pos_rvlcdip_invoice_00308.jpg
data/raw/pool/pos_rvlcdip_invoice_00318.jpg,1,val,data/raw/pool/pos_rvlcdip_invoice_00318.jpg
data/raw/pool/pos_rvlcdip_invoice_00325.jpg,1,val,data/raw/pool/pos_rvlcdip_invoice_00325.jpg
data/raw/pool/pos_rvlcdip_invoice_00328.jpg,1,val,data/raw/pool/pos_rvlcdip_invoice_00328.jpg
data/raw/pool/pos_rvlcdip_invoice_00337.jpg,1,val,data/raw/pool/pos_rvlcdip_invoice_00337.jpg
data/raw/pool/pos_rvlcdip_invoice_00363.jpg,1,val,data/raw/pool/pos_rvlcdip_invoice_00363.jpg
data/raw/pool/pos_rvlcdip_invoice_00372.jpg,1,val,data/raw/pool/pos_rvlcdip_invoice_00372.jpg
data/raw/pool/pos_rvlcdip_invoice_00375.jpg,1,val,data/raw/pool/pos_rvlcdip_invoice_00375.jpg
data/raw/pool/pos_rvlcdip_invoice_00390.jpg,1,val,data/raw/pool/pos_rvlcdip_invoice_00390.jpg
data/raw/pool/pos_rvlcdip_invoice_00395.jpg,1,val,data/raw/pool/pos_rvlcdip_invoice_00395.jpg
data/raw/pool/pos_rvlcdip_invoice_00403.jpg,1,val,data/raw/pool/pos_rvlcdip_invoice_00403.jpg
data/raw/pool/pos_rvlcdip_invoice_00409.jpg,1,val,data/raw/pool/pos_rvlcdip_invoice_00409.jpg
data/raw/pool/pos_rvlcdip_invoice_00420.jpg,1,val,data/raw/pool/pos_rvlcdip_invoice_00420.jpg
data/raw/pool/pos_rvlcdip_invoice_00422.jpg,1,val,data/raw/pool/pos_rvlcdip_invoice_00422.jpg
data/raw/pool/pos_rvlcdip_invoice_00427.jpg,1,val,data/raw/pool/pos_rvlcdip_invoice_00427.jpg
data/raw/pool/pos_rvlcdip_invoice_00431.jpg,1,val,data/raw/pool/pos_rvlcdip_invoice_00431.jpg
data/raw/pool/pos_rvlcdip_invoice_00440.jpg,1,val,data/raw/pool/pos_rvlcdip_invoice_00440.jpg
data/raw/pool/pos_rvlcdip_invoice_00441.jpg,1,val,data/raw/pool/pos_rvlcdip_invoice_00441.jpg
data/raw/pool/pos_rvlcdip_invoice_00443.jpg,1,val,data/raw/pool/pos_rvlcdip_invoice_00443.jpg
data/raw/pool/pos_rvlcdip_invoice_00449.jpg,1,val,data/raw/pool/pos_rvlcdip_invoice_00449.jpg
data/raw/pool/pos_rvlcdip_invoice_00451.jpg,1,val,data/raw/pool/pos_rvlcdip_invoice_00451.jpg
data/raw/pool/pos_rvlcdip_invoice_00453.jpg,1,val,data/raw/pool/pos_rvlcdip_invoice_00453.jpg
data/raw/pool/pos_rvlcdip_invoice_00454.jpg,1,val,data/raw/pool/pos_rvlcdip_invoice_00454.jpg
data/raw/pool/pos_rvlcdip_invoice_00455.jpg,1,val,data/raw/pool/pos_rvlcdip_invoice_00455.jpg
data/raw/pool/pos_rvlcdip_invoice_00465.jpg,1,val,data/raw/pool/pos_rvlcdip_invoice_00465.jpg
data/raw/pool/pos_rvlcdip_invoice_00472.jpg,1,val,data/raw/pool/pos_rvlcdip_invoice_00472.jpg
data/raw/pool/pos_rvlcdip_invoice_00476.jpg,1,val,data/raw/pool/pos_rvlcdip_invoice_00476.jpg
data/raw/pool/pos_rvlcdip_invoice_00486.jpg,1,val,data/raw/pool/pos_rvlcdip_invoice_00486.jpg
data/raw/pool/pos_rvlcdip_invoice_00500.jpg,1,val,data/raw/pool/pos_rvlcdip_invoice_00500.jpg
data/raw/pool/pos_rvlcdip_invoice_00504.jpg,1,val,data/raw/pool/pos_rvlcdip_invoice_00504.jpg
data/raw/pool/pos_rvlcdip_invoice_00505.jpg,1,val,data/raw/pool/pos_rvlcdip_invoice_00505.jpg
data/raw/pool/pos_rvlcdip_invoice_00511.jpg,1,val,data/raw/pool/pos_rvlcdip_invoice_00511.jpg
data/raw/pool/pos_rvlcdip_invoice_00515.jpg,1,val,data/raw/pool/pos_rvlcdip_invoice_00515.jpg
data/raw/pool/pos_rvlcdip_invoice_00551.jpg,1,val,data/raw/pool/pos_rvlcdip_invoice_00551.jpg
data/raw/pool/pos_rvlcdip_invoice_00552.jpg,1,val,data/raw/pool/pos_rvlcdip_invoice_00552.jpg
data/raw/pool/pos_rvlcdip_invoice_00570.jpg,1,val,data/raw/pool/pos_rvlcdip_invoice_00570.jpg
data/raw/pool/pos_rvlcdip_invoice_00590.jpg,1,val,data/raw/pool/pos_rvlcdip_invoice_00590.jpg
data/raw/pool/pos_rvlcdip_invoice_00610.jpg,1,val,data/raw/pool/pos_rvlcdip_invoice_00610.jpg
data/raw/pool/pos_rvlcdip_invoice_00616.jpg,1,val,data/raw/pool/pos_rvlcdip_invoice_00616.jpg
data/raw/pool/pos_rvlcdip_invoice_00637.jpg,1,val,data/raw/pool/pos_rvlcdip_invoice_00637.jpg
data/raw/pool/pos_rvlcdip_invoice_00647.jpg,1,val,data/raw/pool/pos_rvlcdip_invoice_00647.jpg
data/raw/pool/pos_rvlcdip_invoice_00652.jpg,1,val,data/raw/pool/pos_rvlcdip_invoice_00652.jpg
data/raw/pool/pos_rvlcdip_invoice_00667.jpg,1,val,data/raw/pool/pos_rvlcdip_invoice_00667.jpg
data/raw/pool/pos_rvlcdip_invoice_00684.jpg,1,val,data/raw/pool/pos_rvlcdip_invoice_00684.jpg
data/raw/pool/pos_rvlcdip_invoice_00690.jpg,1,val,data/raw/pool/pos_rvlcdip_invoice_00690.jpg
data/raw/pool/pos_rvlcdip_invoice_00697.jpg,1,val,data/raw/pool/pos_rvlcdip_invoice_00697.jpg
data/raw/pool/pos_rvlcdip_invoice_00708.jpg,1,val,data/raw/pool/pos_rvlcdip_invoice_00708.jpg
data/raw/pool/pos_rvlcdip_invoice_00721.jpg,1,val,data/raw/pool/pos_rvlcdip_invoice_00721.jpg
data/raw/pool/pos_rvlcdip_invoice_00738.jpg,1,val,data/raw/pool/pos_rvlcdip_invoice_00738.jpg
data/raw/pool/pos_rvlcdip_invoice_00744.jpg,1,val,data/raw/pool/pos_rvlcdip_invoice_00744.jpg
data/raw/pool/pos_rvlcdip_invoice_00749.jpg,1,val,data/raw/pool/pos_rvlcdip_invoice_00749.jpg
data/raw/pool/pos_rvlcdip_invoice_00763.jpg,1,val,data/raw/pool/pos_rvlcdip_invoice_00763.jpg
data/raw/pool/pos_rvlcdip_invoice_00770.jpg,1,val,data/raw/pool/pos_rvlcdip_invoice_00770.jpg
data/raw/pool/pos_rvlcdip_invoice_00771.jpg,1,val,data/raw/pool/pos_rvlcdip_invoice_00771.jpg
data/raw/pool/pos_rvlcdip_invoice_00774.jpg,1,val,data/raw/pool/pos_rvlcdip_invoice_00774.jpg
data/raw/pool/pos_rvlcdip_invoice_00780.jpg,1,val,data/raw/pool/pos_rvlcdip_invoice_00780.jpg
data/raw/pool/pos_rvlcdip_invoice_00786.jpg,1,val,data/raw/pool/pos_rvlcdip_invoice_00786.jpg
data/raw/pool/pos_rvlcdip_invoice_00790.jpg,1,val,data/raw/pool/pos_rvlcdip_invoice_00790.jpg
data/raw/pool/pos_rvlcdip_invoice_00804.jpg,1,val,data/raw/pool/pos_rvlcdip_invoice_00804.jpg
data/raw/pool/pos_rvlcdip_invoice_00806.jpg,1,val,data/raw/pool/pos_rvlcdip_invoice_00806.jpg
data/raw/pool/pos_rvlcdip_invoice_00810.jpg,1,val,data/raw/pool/pos_rvlcdip_invoice_00810.jpg
data/raw/pool/pos_rvlcdip_invoice_00818.jpg,1,val,data/raw/pool/pos_rvlcdip_invoice_00818.jpg
data/raw/pool/pos_rvlcdip_invoice_00840.jpg,1,val,data/raw/pool/pos_rvlcdip_invoice_00840.jpg
data/raw/pool/pos_rvlcdip_invoice_00842.jpg,1,val,data/raw/pool/pos_rvlcdip_invoice_00842.jpg
data/raw/pool/pos_rvlcdip_invoice_00855.jpg,1,val,data/raw/pool/pos_rvlcdip_invoice_00855.jpg
data/raw/pool/pos_rvlcdip_invoice_00866.jpg,1,val,data/raw/pool/pos_rvlcdip_invoice_00866.jpg
data/raw/pool/pos_rvlcdip_invoice_00894.jpg,1,val,data/raw/pool/pos_rvlcdip_invoice_00894.jpg
data/raw/pool/pos_rvlcdip_invoice_00901.jpg,1,val,data/raw/pool/pos_rvlcdip_invoice_00901.jpg
data/raw/pool/pos_rvlcdip_invoice_00946.jpg,1,val,data/raw/pool/pos_rvlcdip_invoice_00946.jpg
data/raw/pool/pos_rvlcdip_invoice_00950.jpg,1,val,data/raw/pool/pos_rvlcdip_invoice_00950.jpg
data/raw/pool/pos_rvlcdip_invoice_00964.jpg,1,val,data/raw/pool/pos_rvlcdip_invoice_00964.jpg
data/raw/pool/pos_rvlcdip_invoice_00973.jpg,1,val,data/raw/pool/pos_rvlcdip_invoice_00973.jpg
data/raw/pool/pos_rvlcdip_invoice_00978.jpg,1,val,data/raw/pool/pos_rvlcdip_invoice_00978.jpg
data/raw/pool/pos_rvlcdip_invoice_00980.jpg,1,val,data/raw/pool/pos_rvlcdip_invoice_00980.jpg
data/raw/pool/pos_rvlcdip_invoice_00992.jpg,1,val,data/raw/pool/pos_rvlcdip_invoice_00992.jpg
data/raw/pool/pos_rvlcdip_invoice_00996.jpg,1,val,data/raw/pool/pos_rvlcdip_invoice_00996.jpg
data/raw/pool/pos_rvlcdip_invoice_01023.jpg,1,val,data/raw/pool/pos_rvlcdip_invoice_01023.jpg
data/raw/pool/pos_rvlcdip_invoice_01044.jpg,1,val,data/raw/pool/pos_rvlcdip_invoice_01044.jpg
data/raw/pool/pos_rvlcdip_invoice_01062.jpg,1,val,data/raw/pool/pos_rvlcdip_invoice_01062.jpg
data/raw/pool/pos_rvlcdip_invoice_01069.jpg,1,val,data/raw/pool/pos_rvlcdip_invoice_01069.jpg
data/raw/pool/pos_rvlcdip_invoice_01070.jpg,1,val,data/raw/pool/pos_rvlcdip_invoice_01070.jpg
data/raw/pool/pos_rvlcdip_invoice_01082.jpg,1,val,data/raw/pool/pos_rvlcdip_invoice_01082.jpg
data/raw/pool/pos_rvlcdip_invoice_01092.jpg,1,val,data/raw/pool/pos_rvlcdip_invoice_01092.jpg
data/raw/pool/pos_rvlcdip_invoice_01099.jpg,1,val,data/raw/pool/pos_rvlcdip_invoice_01099.jpg
data/raw/pool/pos_rvlcdip_invoice_01119.jpg,1,val,data/raw/pool/pos_rvlcdip_invoice_01119.jpg
data/raw/pool/pos_rvlcdip_invoice_01121.jpg,1,val,data/raw/pool/pos_rvlcdip_invoice_01121.jpg
data/raw/pool/pos_rvlcdip_invoice_01132.jpg,1,val,data/raw/pool/pos_rvlcdip_invoice_01132.jpg
data/raw/pool/pos_rvlcdip_invoice_01146.jpg,1,val,data/raw/pool/pos_rvlcdip_invoice_01146.jpg
data/raw/pool/pos_rvlcdip_invoice_01149.jpg,1,val,data/raw/pool/pos_rvlcdip_invoice_01149.jpg
data/raw/pool/pos_rvlcdip_invoice_01150.jpg,1,val,data/raw/pool/pos_rvlcdip_invoice_01150.jpg
data/raw/pool/pos_rvlcdip_invoice_01170.jpg,1,val,data/raw/pool/pos_rvlcdip_invoice_01170.jpg
data/raw/pool/pos_rvlcdip_invoice_01221.jpg,1,val,data/raw/pool/pos_rvlcdip_invoice_01221.jpg
data/raw/pool/pos_rvlcdip_invoice_01227.jpg,1,val,data/raw/pool/pos_rvlcdip_invoice_01227.jpg
data/raw/pool/pos_rvlcdip_invoice_01236.jpg,1,val,data/raw/pool/pos_rvlcdip_invoice_01236.jpg
data/raw/pool/pos_rvlcdip_invoice_01253.jpg,1,val,data/raw/pool/pos_rvlcdip_invoice_01253.jpg
data/raw/pool/pos_rvlcdip_invoice_01274.jpg,1,val,data/raw/pool/pos_rvlcdip_invoice_01274.jpg
data/raw/pool/pos_rvlcdip_invoice_01276.jpg,1,val,data/raw/pool/pos_rvlcdip_invoice_01276.jpg
data/raw/pool/pos_rvlcdip_invoice_01336.jpg,1,val,data/raw/pool/pos_rvlcdip_invoice_01336.jpg
data/raw/pool/pos_rvlcdip_invoice_01337.jpg,1,val,data/raw/pool/pos_rvlcdip_invoice_01337.jpg
data/raw/pool/pos_rvlcdip_invoice_01355.jpg,1,val,data/raw/pool/pos_rvlcdip_invoice_01355.jpg
data/raw/pool/pos_rvlcdip_invoice_01357.jpg,1,val,data/raw/pool/pos_rvlcdip_invoice_01357.jpg
data/raw/pool/pos_rvlcdip_invoice_01364.jpg,1,val,data/raw/pool/pos_rvlcdip_invoice_01364.jpg
data/raw/pool/pos_rvlcdip_invoice_01368.jpg,1,val,data/raw/pool/pos_rvlcdip_invoice_01368.jpg
data/raw/pool/pos_rvlcdip_invoice_01394.jpg,1,val,data/raw/pool/pos_rvlcdip_invoice_01394.jpg
data/raw/pool/pos_rvlcdip_invoice_01400.jpg,1,val,data/raw/pool/pos_rvlcdip_invoice_01400.jpg
data/raw/pool/pos_rvlcdip_invoice_01410.jpg,1,val,data/raw/pool/pos_rvlcdip_invoice_01410.jpg
data/raw/pool/pos_rvlcdip_invoice_01413.jpg,1,val,data/raw/pool/pos_rvlcdip_invoice_01413.jpg
data/raw/pool/pos_rvlcdip_invoice_01436.jpg,1,val,data/raw/pool/pos_rvlcdip_invoice_01436.jpg
data/raw/pool/pos_rvlcdip_invoice_01462.jpg,1,val,data/raw/pool/pos_rvlcdip_invoice_01462.jpg
data/raw/pool/pos_rvlcdip_invoice_01475.jpg,1,val,data/raw/pool/pos_rvlcdip_invoice_01475.jpg
data/raw/pool/pos_rvlcdip_invoice_01486.jpg,1,val,data/raw/pool/pos_rvlcdip_invoice_01486.jpg
data/raw/pool/pos_rvlcdip_invoice_01488.jpg,1,val,data/raw/pool/pos_rvlcdip_invoice_01488.jpg
data/raw/pool/pos_rvlcdip_invoice_01495.jpg,1,val,data/raw/pool/pos_rvlcdip_invoice_01495.jpg
data/raw/pool/pos_rvlcdip_invoice_01496.jpg,1,val,data/raw/pool/pos_rvlcdip_invoice_01496.jpg
data/raw/pool/pos_rvlcdip_invoice_01504.jpg,1,val,data/raw/pool/pos_rvlcdip_invoice_01504.jpg
data/raw/pool/pos_rvlcdip_invoice_01512.jpg,1,val,data/raw/pool/pos_rvlcdip_invoice_01512.jpg
data/raw/pool/pos_rvlcdip_invoice_01516.jpg,1,val,data/raw/pool/pos_rvlcdip_invoice_01516.jpg
data/raw/pool/pos_rvlcdip_invoice_01523.jpg,1,val,data/raw/pool/pos_rvlcdip_invoice_01523.jpg
data/raw/pool/pos_rvlcdip_invoice_01528.jpg,1,val,data/raw/pool/pos_rvlcdip_invoice_01528.jpg
data/raw/pool/pos_rvlcdip_invoice_01546.jpg,1,val,data/raw/pool/pos_rvlcdip_invoice_01546.jpg
data/raw/pool/pos_rvlcdip_invoice_01552.jpg,1,val,data/raw/pool/pos_rvlcdip_invoice_01552.jpg
data/raw/pool/pos_rvlcdip_invoice_01562.jpg,1,val,data/raw/pool/pos_rvlcdip_invoice_01562.jpg
data/raw/pool/pos_rvlcdip_invoice_01573.jpg,1,val,data/raw/pool/pos_rvlcdip_invoice_01573.jpg
data/raw/pool/pos_rvlcdip_invoice_01575.jpg,1,val,data/raw/pool/pos_rvlcdip_invoice_01575.jpg
data/raw/pool/pos_rvlcdip_invoice_01584.jpg,1,val,data/raw/pool/pos_rvlcdip_invoice_01584.jpg
data/raw/pool/pos_rvlcdip_invoice_01604.jpg,1,val,data/raw/pool/pos_rvlcdip_invoice_01604.jpg
data/raw/pool/pos_rvlcdip_invoice_01605.jpg,1,val,data/raw/pool/pos_rvlcdip_invoice_01605.jpg
data/raw/pool/pos_rvlcdip_invoice_01609.jpg,1,val,data/raw/pool/pos_rvlcdip_invoice_01609.jpg
data/raw/pool/pos_rvlcdip_invoice_01619.jpg,1,val,data/raw/pool/pos_rvlcdip_invoice_01619.jpg
data/raw/pool/pos_rvlcdip_invoice_01629.jpg,1,val,data/raw/pool/pos_rvlcdip_invoice_01629.jpg
data/raw/pool/pos_rvlcdip_invoice_01643.jpg,1,val,data/raw/pool/pos_rvlcdip_invoice_01643.jpg
data/raw/pool/pos_rvlcdip_invoice_01651.jpg,1,val,data/raw/pool/pos_rvlcdip_invoice_01651.jpg
data/raw/pool/pos_rvlcdip_invoice_01652.jpg,1,val,data/raw/pool/pos_rvlcdip_invoice_01652.jpg
data/raw/pool/pos_rvlcdip_invoice_01658.jpg,1,val,data/raw/pool/pos_rvlcdip_invoice_01658.jpg
data/raw/pool/pos_rvlcdip_invoice_01691.jpg,1,val,data/raw/pool/pos_rvlcdip_invoice_01691.jpg
data/raw/pool/pos_rvlcdip_invoice_01698.jpg,1,val,data/raw/pool/pos_rvlcdip_invoice_01698.jpg
data/raw/pool/pos_rvlcdip_invoice_01700.jpg,1,val,data/raw/pool/pos_rvlcdip_invoice_01700.jpg
data/raw/pool/pos_rvlcdip_invoice_01705.jpg,1,val,data/raw/pool/pos_rvlcdip_invoice_01705.jpg
data/raw/pool/pos_rvlcdip_invoice_01708.jpg,1,val,data/raw/pool/pos_rvlcdip_invoice_01708.jpg
data/raw/pool/pos_rvlcdip_invoice_01724.jpg,1,val,data/raw/pool/pos_rvlcdip_invoice_01724.jpg
data/raw/pool/pos_rvlcdip_invoice_01728.jpg,1,val,data/raw/pool/pos_rvlcdip_invoice_01728.jpg
data/raw/pool/pos_rvlcdip_invoice_01742.jpg,1,val,data/raw/pool/pos_rvlcdip_invoice_01742.jpg
data/raw/pool/pos_rvlcdip_invoice_01771.jpg,1,val,data/raw/pool/pos_rvlcdip_invoice_01771.jpg
data/raw/pool/pos_rvlcdip_invoice_01794.jpg,1,val,data/raw/pool/pos_rvlcdip_invoice_01794.jpg
data/raw/pool/pos_rvlcdip_invoice_01799.jpg,1,val,data/raw/pool/pos_rvlcdip_invoice_01799.jpg
data/raw/pool/neg_rvlcdip_other_00016.jpg,0,val,data/raw/pool/neg_rvlcdip_other_00016.jpg
data/raw/pool/neg_rvlcdip_other_00026.jpg,0,val,data/raw/pool/neg_rvlcdip_other_00026.jpg
data/raw/pool/neg_rvlcdip_other_00032.jpg,0,val,data/raw/pool/neg_rvlcdip_other_00032.jpg
data/raw/pool/neg_rvlcdip_other_00035.jpg,0,val,data/raw/pool/neg_rvlcdip_other_00035.jpg
data/raw/pool/neg_rvlcdip_other_00041.jpg,0,val,data/raw/pool/neg_rvlcdip_other_00041.jpg
data/raw/pool/neg_rvlcdip_other_00053.jpg,0,val,data/raw/pool/neg_rvlcdip_other_00053.jpg
data/raw/pool/neg_rvlcdip_other_00061.jpg,0,val,data/raw/pool/neg_rvlcdip_other_00061.jpg
data/raw/pool/neg_rvlcdip_other_00067.jpg,0,val,data/raw/pool/neg_rvlcdip_other_00067.jpg
data/raw/pool/neg_rvlcdip_other_00073.jpg,0,val,data/raw/pool/neg_rvlcdip_other_00073.jpg
data/raw/pool/neg_rvlcdip_other_00082.jpg,0,val,data/raw/pool/neg_rvlcdip_other_00082.jpg
data/raw/pool/neg_rvlcdip_other_00096.jpg,0,val,data/raw/pool/neg_rvlcdip_other_00096.jpg
data/raw/pool/neg_rvlcdip_other_00104.jpg,0,val,data/raw/pool/neg_rvlcdip_other_00104.jpg
data/raw/pool/neg_rvlcdip_other_00119.jpg,0,val,data/raw/pool/neg_rvlcdip_other_00119.jpg
data/raw/pool/neg_rvlcdip_other_00120.jpg,0,val,data/raw/pool/neg_rvlcdip_other_00120.jpg
data/raw/pool/neg_rvlcdip_other_00125.jpg,0,val,data/raw/pool/neg_rvlcdip_other_00125.jpg
data/raw/pool/neg_rvlcdip_other_00137.jpg,0,val,data/raw/pool/neg_rvlcdip_other_00137.jpg
data/raw/pool/neg_rvlcdip_other_00145.jpg,0,val,data/raw/pool/neg_rvlcdip_other_00145.jpg
data/raw/pool/neg_rvlcdip_other_00151.jpg,0,val,data/raw/pool/neg_rvlcdip_other_00151.jpg
data/raw/pool/neg_rvlcdip_other_00158.jpg,0,val,data/raw/pool/neg_rvlcdip_other_00158.jpg
data/raw/pool/neg_rvlcdip_other_00187.jpg,0,val,data/raw/pool/neg_rvlcdip_other_00187.jpg
data/raw/pool/neg_rvlcdip_other_00192.jpg,0,val,data/raw/pool/neg_rvlcdip_other_00192.jpg
data/raw/pool/neg_rvlcdip_other_00208.jpg,0,val,data/raw/pool/neg_rvlcdip_other_00208.jpg
data/raw/pool/neg_rvlcdip_other_00211.jpg,0,val,data/raw/pool/neg_rvlcdip_other_00211.jpg
data/raw/pool/neg_rvlcdip_other_00223.jpg,0,val,data/raw/pool/neg_rvlcdip_other_00223.jpg
data/raw/pool/neg_rvlcdip_other_00225.jpg,0,val,data/raw/pool/neg_rvlcdip_other_00225.jpg
data/raw/pool/neg_rvlcdip_other_00227.jpg,0,val,data/raw/pool/neg_rvlcdip_other_00227.jpg
data/raw/pool/neg_rvlcdip_other_00235.jpg,0,val,data/raw/pool/neg_rvlcdip_other_00235.jpg
data/raw/pool/neg_rvlcdip_other_00247.jpg,0,val,data/raw/pool/neg_rvlcdip_other_00247.jpg
data/raw/pool/neg_rvlcdip_other_00267.jpg,0,val,data/raw/pool/neg_rvlcdip_other_00267.jpg
data/raw/pool/neg_rvlcdip_other_00268.jpg,0,val,data/raw/pool/neg_rvlcdip_other_00268.jpg
data/raw/pool/neg_rvlcdip_other_00278.jpg,0,val,data/raw/pool/neg_rvlcdip_other_00278.jpg
data/raw/pool/neg_rvlcdip_other_00283.jpg,0,val,data/raw/pool/neg_rvlcdip_other_00283.jpg
data/raw/pool/neg_rvlcdip_other_00289.jpg,0,val,data/raw/pool/neg_rvlcdip_other_00289.jpg
data/raw/pool/neg_rvlcdip_other_00304.jpg,0,val,data/raw/pool/neg_rvlcdip_other_00304.jpg
data/raw/pool/neg_rvlcdip_other_00307.jpg,0,val,data/raw/pool/neg_rvlcdip_other_00307.jpg
data/raw/pool/neg_rvlcdip_other_00320.jpg,0,val,data/raw/pool/neg_rvlcdip_other_00320.jpg
data/raw/pool/neg_rvlcdip_other_00333.jpg,0,val,data/raw/pool/neg_rvlcdip_other_00333.jpg
data/raw/pool/neg_rvlcdip_other_00349.jpg,0,val,data/raw/pool/neg_rvlcdip_other_00349.jpg
data/raw/pool/neg_rvlcdip_other_00379.jpg,0,val,data/raw/pool/neg_rvlcdip_other_00379.jpg
data/raw/pool/neg_rvlcdip_other_00394.jpg,0,val,data/raw/pool/neg_rvlcdip_other_00394.jpg
data/raw/pool/neg_rvlcdip_other_00405.jpg,0,val,data/raw/pool/neg_rvlcdip_other_00405.jpg
data/raw/pool/neg_rvlcdip_other_00406.jpg,0,val,data/raw/pool/neg_rvlcdip_other_00406.jpg
data/raw/pool/neg_rvlcdip_other_00408.jpg,0,val,data/raw/pool/neg_rvlcdip_other_00408.jpg
data/raw/pool/neg_rvlcdip_other_00428.jpg,0,val,data/raw/pool/neg_rvlcdip_other_00428.jpg
data/raw/pool/neg_rvlcdip_other_00443.jpg,0,val,data/raw/pool/neg_rvlcdip_other_00443.jpg
data/raw/pool/neg_rvlcdip_other_00464.jpg,0,val,data/raw/pool/neg_rvlcdip_other_00464.jpg
data/raw/pool/neg_rvlcdip_other_00482.jpg,0,val,data/raw/pool/neg_rvlcdip_other_00482.jpg
data/raw/pool/neg_rvlcdip_other_00487.jpg,0,val,data/raw/pool/neg_rvlcdip_other_00487.jpg
data/raw/pool/neg_rvlcdip_other_00489.jpg,0,val,data/raw/pool/neg_rvlcdip_other_00489.jpg
data/raw/pool/neg_rvlcdip_other_00495.jpg,0,val,data/raw/pool/neg_rvlcdip_other_00495.jpg
data/raw/pool/neg_rvlcdip_other_00511.jpg,0,val,data/raw/pool/neg_rvlcdip_other_00511.jpg
data/raw/pool/neg_rvlcdip_other_00534.jpg,0,val,data/raw/pool/neg_rvlcdip_other_00534.jpg
data/raw/pool/neg_rvlcdip_other_00543.jpg,0,val,data/raw/pool/neg_rvlcdip_other_00543.jpg
data/raw/pool/neg_rvlcdip_other_00545.jpg,0,val,data/raw/pool/neg_rvlcdip_other_00545.jpg
data/raw/pool/neg_rvlcdip_other_00572.jpg,0,val,data/raw/pool/neg_rvlcdip_other_00572.jpg
data/raw/pool/neg_rvlcdip_other_00599.jpg,0,val,data/raw/pool/neg_rvlcdip_other_00599.jpg
data/raw/pool/neg_rvlcdip_other_00603.jpg,0,val,data/raw/pool/neg_rvlcdip_other_00603.jpg
data/raw/pool/neg_rvlcdip_other_00610.jpg,0,val,data/raw/pool/neg_rvlcdip_other_00610.jpg
data/raw/pool/neg_rvlcdip_other_00611.jpg,0,val,data/raw/pool/neg_rvlcdip_other_00611.jpg
data/raw/pool/neg_rvlcdip_other_00631.jpg,0,val,data/raw/pool/neg_rvlcdip_other_00631.jpg
data/raw/pool/neg_rvlcdip_other_00649.jpg,0,val,data/raw/pool/neg_rvlcdip_other_00649.jpg
data/raw/pool/neg_rvlcdip_other_00653.jpg,0,val,data/raw/pool/neg_rvlcdip_other_00653.jpg
data/raw/pool/neg_rvlcdip_other_00654.jpg,0,val,data/raw/pool/neg_rvlcdip_other_00654.jpg
data/raw/pool/neg_rvlcdip_other_00662.jpg,0,val,data/raw/pool/neg_rvlcdip_other_00662.jpg
data/raw/pool/neg_rvlcdip_other_00666.jpg,0,val,data/raw/pool/neg_rvlcdip_other_00666.jpg
data/raw/pool/neg_rvlcdip_other_00681.jpg,0,val,data/raw/pool/neg_rvlcdip_other_00681.jpg
data/raw/pool/neg_rvlcdip_other_00685.jpg,0,val,data/raw/pool/neg_rvlcdip_other_00685.jpg
data/raw/pool/neg_rvlcdip_other_00688.jpg,0,val,data/raw/pool/neg_rvlcdip_other_00688.jpg
data/raw/pool/neg_rvlcdip_other_00709.jpg,0,val,data/raw/pool/neg_rvlcdip_other_00709.jpg
data/raw/pool/neg_rvlcdip_other_00711.jpg,0,val,data/raw/pool/neg_rvlcdip_other_00711.jpg
data/raw/pool/neg_rvlcdip_other_00718.jpg,0,val,data/raw/pool/neg_rvlcdip_other_00718.jpg
data/raw/pool/neg_rvlcdip_other_00729.jpg,0,val,data/raw/pool/neg_rvlcdip_other_00729.jpg
data/raw/pool/neg_rvlcdip_other_00764.jpg,0,val,data/raw/pool/neg_rvlcdip_other_00764.jpg
data/raw/pool/neg_rvlcdip_other_00769.jpg,0,val,data/raw/pool/neg_rvlcdip_other_00769.jpg
data/raw/pool/neg_rvlcdip_other_00772.jpg,0,val,data/raw/pool/neg_rvlcdip_other_00772.jpg
data/raw/pool/neg_rvlcdip_other_00789.jpg,0,val,data/raw/pool/neg_rvlcdip_other_00789.jpg
data/raw/pool/neg_rvlcdip_other_00793.jpg,0,val,data/raw/pool/neg_rvlcdip_other_00793.jpg
data/raw/pool/neg_rvlcdip_other_00809.jpg,0,val,data/raw/pool/neg_rvlcdip_other_00809.jpg
data/raw/pool/neg_rvlcdip_other_00851.jpg,0,val,data/raw/pool/neg_rvlcdip_other_00851.jpg
data/raw/pool/neg_rvlcdip_other_00852.jpg,0,val,data/raw/pool/neg_rvlcdip_other_00852.jpg
data/raw/pool/neg_rvlcdip_other_00864.jpg,0,val,data/raw/pool/neg_rvlcdip_other_00864.jpg
data/raw/pool/neg_rvlcdip_other_00870.jpg,0,val,data/raw/pool/neg_rvlcdip_other_00870.jpg
data/raw/pool/neg_rvlcdip_other_00878.jpg,0,val,data/raw/pool/neg_rvlcdip_other_00878.jpg
data/raw/pool/neg_rvlcdip_other_00899.jpg,0,val,data/raw/pool/neg_rvlcdip_other_00899.jpg
data/raw/pool/neg_rvlcdip_other_00902.jpg,0,val,data/raw/pool/neg_rvlcdip_other_00902.jpg
data/raw/pool/neg_rvlcdip_other_00922.jpg,0,val,data/raw/pool/neg_rvlcdip_other_00922.jpg
data/raw/pool/neg_rvlcdip_other_00927.jpg,0,val,data/raw/pool/neg_rvlcdip_other_00927.jpg
data/raw/pool/neg_rvlcdip_other_00943.jpg,0,val,data/raw/pool/neg_rvlcdip_other_00943.jpg
data/raw/pool/neg_rvlcdip_other_00951.jpg,0,val,data/raw/pool/neg_rvlcdip_other_00951.jpg
data/raw/pool/neg_rvlcdip_other_00963.jpg,0,val,data/raw/pool/neg_rvlcdip_other_00963.jpg
data/raw/pool/neg_rvlcdip_other_00967.jpg,0,val,data/raw/pool/neg_rvlcdip_other_00967.jpg
data/raw/pool/neg_rvlcdip_other_00968.jpg,0,val,data/raw/pool/neg_rvlcdip_other_00968.jpg
data/raw/pool/neg_rvlcdip_other_00969.jpg,0,val,data/raw/pool/neg_rvlcdip_other_00969.jpg
data/raw/pool/neg_rvlcdip_other_00970.jpg,0,val,data/raw/pool/neg_rvlcdip_other_00970.jpg
data/raw/pool/neg_rvlcdip_other_00984.jpg,0,val,data/raw/pool/neg_rvlcdip_other_00984.jpg
data/raw/pool/neg_rvlcdip_other_00988.jpg,0,val,data/raw/pool/neg_rvlcdip_other_00988.jpg
data/raw/pool/neg_rvlcdip_other_01000.jpg,0,val,data/raw/pool/neg_rvlcdip_other_01000.jpg
data/raw/pool/neg_rvlcdip_other_01004.jpg,0,val,data/raw/pool/neg_rvlcdip_other_01004.jpg
data/raw/pool/neg_rvlcdip_other_01016.jpg,0,val,data/raw/pool/neg_rvlcdip_other_01016.jpg
data/raw/pool/neg_rvlcdip_other_01018.jpg,0,val,data/raw/pool/neg_rvlcdip_other_01018.jpg
data/raw/pool/neg_rvlcdip_other_01039.jpg,0,val,data/raw/pool/neg_rvlcdip_other_01039.jpg
data/raw/pool/neg_rvlcdip_other_01053.jpg,0,val,data/raw/pool/neg_rvlcdip_other_01053.jpg
data/raw/pool/neg_rvlcdip_other_01066.jpg,0,val,data/raw/pool/neg_rvlcdip_other_01066.jpg
data/raw/pool/neg_rvlcdip_other_01068.jpg,0,val,data/raw/pool/neg_rvlcdip_other_01068.jpg
data/raw/pool/neg_rvlcdip_other_01078.jpg,0,val,data/raw/pool/neg_rvlcdip_other_01078.jpg
data/raw/pool/neg_rvlcdip_other_01080.jpg,0,val,data/raw/pool/neg_rvlcdip_other_01080.jpg
data/raw/pool/neg_rvlcdip_other_01090.jpg,0,val,data/raw/pool/neg_rvlcdip_other_01090.jpg
data/raw/pool/neg_rvlcdip_other_01096.jpg,0,val,data/raw/pool/neg_rvlcdip_other_01096.jpg
data/raw/pool/neg_rvlcdip_other_01111.jpg,0,val,data/raw/pool/neg_rvlcdip_other_01111.jpg
data/raw/pool/neg_rvlcdip_other_01113.jpg,0,val,data/raw/pool/neg_rvlcdip_other_01113.jpg
data/raw/pool/neg_rvlcdip_other_01147.jpg,0,val,data/raw/pool/neg_rvlcdip_other_01147.jpg
data/raw/pool/neg_rvlcdip_other_01168.jpg,0,val,data/raw/pool/neg_rvlcdip_other_01168.jpg
data/raw/pool/neg_rvlcdip_other_01191.jpg,0,val,data/raw/pool/neg_rvlcdip_other_01191.jpg
data/raw/pool/neg_rvlcdip_other_01197.jpg,0,val,data/raw/pool/neg_rvlcdip_other_01197.jpg
data/raw/pool/neg_rvlcdip_other_01216.jpg,0,val,data/raw/pool/neg_rvlcdip_other_01216.jpg
data/raw/pool/neg_rvlcdip_other_01241.jpg,0,val,data/raw/pool/neg_rvlcdip_other_01241.jpg
data/raw/pool/neg_rvlcdip_other_01244.jpg,0,val,data/raw/pool/neg_rvlcdip_other_01244.jpg
data/raw/pool/neg_rvlcdip_other_01249.jpg,0,val,data/raw/pool/neg_rvlcdip_other_01249.jpg
data/raw/pool/neg_rvlcdip_other_01278.jpg,0,val,data/raw/pool/neg_rvlcdip_other_01278.jpg
data/raw/pool/neg_rvlcdip_other_01281.jpg,0,val,data/raw/pool/neg_rvlcdip_other_01281.jpg
data/raw/pool/neg_rvlcdip_other_01308.jpg,0,val,data/raw/pool/neg_rvlcdip_other_01308.jpg
data/raw/pool/neg_rvlcdip_other_01329.jpg,0,val,data/raw/pool/neg_rvlcdip_other_01329.jpg
data/raw/pool/neg_rvlcdip_other_01331.jpg,0,val,data/raw/pool/neg_rvlcdip_other_01331.jpg
data/raw/pool/neg_rvlcdip_other_01349.jpg,0,val,data/raw/pool/neg_rvlcdip_other_01349.jpg
data/raw/pool/neg_rvlcdip_other_01365.jpg,0,val,data/raw/pool/neg_rvlcdip_other_01365.jpg
data/raw/pool/neg_rvlcdip_other_01371.jpg,0,val,data/raw/pool/neg_rvlcdip_other_01371.jpg
data/raw/pool/neg_rvlcdip_other_01405.jpg,0,val,data/raw/pool/neg_rvlcdip_other_01405.jpg
data/raw/pool/neg_rvlcdip_other_01406.jpg,0,val,data/raw/pool/neg_rvlcdip_other_01406.jpg
data/raw/pool/neg_rvlcdip_other_01407.jpg,0,val,data/raw/pool/neg_rvlcdip_other_01407.jpg
data/raw/pool/neg_rvlcdip_other_01408.jpg,0,val,data/raw/pool/neg_rvlcdip_other_01408.jpg
data/raw/pool/neg_rvlcdip_other_01410.jpg,0,val,data/raw/pool/neg_rvlcdip_other_01410.jpg
data/raw/pool/neg_rvlcdip_other_01412.jpg,0,val,data/raw/pool/neg_rvlcdip_other_01412.jpg
data/raw/pool/neg_rvlcdip_other_01419.jpg,0,val,data/raw/pool/neg_rvlcdip_other_01419.jpg
data/raw/pool/neg_rvlcdip_other_01422.jpg,0,val,data/raw/pool/neg_rvlcdip_other_01422.jpg
data/raw/pool/neg_rvlcdip_other_01432.jpg,0,val,data/raw/pool/neg_rvlcdip_other_01432.jpg
data/raw/pool/neg_rvlcdip_other_01449.jpg,0,val,data/raw/pool/neg_rvlcdip_other_01449.jpg
data/raw/pool/neg_rvlcdip_other_01455.jpg,0,val,data/raw/pool/neg_rvlcdip_other_01455.jpg
data/raw/pool/neg_rvlcdip_other_01468.jpg,0,val,data/raw/pool/neg_rvlcdip_other_01468.jpg
data/raw/pool/neg_rvlcdip_other_01474.jpg,0,val,data/raw/pool/neg_rvlcdip_other_01474.jpg
data/raw/pool/neg_rvlcdip_other_01479.jpg,0,val,data/raw/pool/neg_rvlcdip_other_01479.jpg
data/raw/pool/neg_rvlcdip_other_01494.jpg,0,val,data/raw/pool/neg_rvlcdip_other_01494.jpg
data/raw/pool/neg_rvlcdip_other_01530.jpg,0,val,data/raw/pool/neg_rvlcdip_other_01530.jpg
data/raw/pool/neg_rvlcdip_other_01538.jpg,0,val,data/raw/pool/neg_rvlcdip_other_01538.jpg
data/raw/pool/neg_rvlcdip_other_01539.jpg,0,val,data/raw/pool/neg_rvlcdip_other_01539.jpg
data/raw/pool/neg_rvlcdip_other_01541.jpg,0,val,data/raw/pool/neg_rvlcdip_other_01541.jpg
data/raw/pool/neg_rvlcdip_other_01546.jpg,0,val,data/raw/pool/neg_rvlcdip_other_01546.jpg
data/raw/pool/neg_rvlcdip_other_01556.jpg,0,val,data/raw/pool/neg_rvlcdip_other_01556.jpg
data/raw/pool/neg_rvlcdip_other_01566.jpg,0,val,data/raw/pool/neg_rvlcdip_other_01566.jpg
data/raw/pool/neg_rvlcdip_other_01593.jpg,0,val,data/raw/pool/neg_rvlcdip_other_01593.jpg
data/raw/pool/neg_rvlcdip_other_01605.jpg,0,val,data/raw/pool/neg_rvlcdip_other_01605.jpg
data/raw/pool/neg_rvlcdip_other_01612.jpg,0,val,data/raw/pool/neg_rvlcdip_other_01612.jpg
data/raw/pool/neg_rvlcdip_other_01632.jpg,0,val,data/raw/pool/neg_rvlcdip_other_01632.jpg
data/raw/pool/neg_rvlcdip_other_01647.jpg,0,val,data/raw/pool/neg_rvlcdip_other_01647.jpg
data/raw/pool/neg_rvlcdip_other_01671.jpg,0,val,data/raw/pool/neg_rvlcdip_other_01671.jpg
data/raw/pool/neg_rvlcdip_other_01681.jpg,0,val,data/raw/pool/neg_rvlcdip_other_01681.jpg
data/raw/pool/neg_rvlcdip_other_01695.jpg,0,val,data/raw/pool/neg_rvlcdip_other_01695.jpg
data/raw/pool/neg_rvlcdip_other_01697.jpg,0,val,data/raw/pool/neg_rvlcdip_other_01697.jpg
data/raw/pool/neg_rvlcdip_other_01698.jpg,0,val,data/raw/pool/neg_rvlcdip_other_01698.jpg
data/raw/pool/neg_rvlcdip_other_01703.jpg,0,val,data/raw/pool/neg_rvlcdip_other_01703.jpg
data/raw/pool/neg_rvlcdip_other_01707.jpg,0,val,data/raw/pool/neg_rvlcdip_other_01707.jpg
data/raw/pool/neg_rvlcdip_other_01710.jpg,0,val,data/raw/pool/neg_rvlcdip_other_01710.jpg
data/raw/pool/neg_rvlcdip_other_01721.jpg,0,val,data/raw/pool/neg_rvlcdip_other_01721.jpg
data/raw/pool/neg_rvlcdip_other_01739.jpg,0,val,data/raw/pool/neg_rvlcdip_other_01739.jpg
data/raw/pool/neg_rvlcdip_other_01742.jpg,0,val,data/raw/pool/neg_rvlcdip_other_01742.jpg
data/raw/pool/neg_rvlcdip_other_01758.jpg,0,val,data/raw/pool/neg_rvlcdip_other_01758.jpg
data/raw/pool/neg_rvlcdip_other_01763.jpg,0,val,data/raw/pool/neg_rvlcdip_other_01763.jpg
data/raw/pool/neg_rvlcdip_other_01772.jpg,0,val,data/raw/pool/neg_rvlcdip_other_01772.jpg
data/raw/pool/neg_coco_photos_00016.jpg,0,val,data/raw/pool/neg_coco_photos_00016.jpg
data/raw/pool/neg_coco_photos_00024.jpg,0,val,data/raw/pool/neg_coco_photos_00024.jpg
data/raw/pool/neg_coco_photos_00030.jpg,0,val,data/raw/pool/neg_coco_photos_00030.jpg
data/raw/pool/neg_coco_photos_00035.jpg,0,val,data/raw/pool/neg_coco_photos_00035.jpg
data/raw/pool/neg_coco_photos_00040.jpg,0,val,data/raw/pool/neg_coco_photos_00040.jpg
data/raw/pool/neg_coco_photos_00057.jpg,0,val,data/raw/pool/neg_coco_photos_00057.jpg
data/raw/pool/neg_coco_photos_00066.jpg,0,val,data/raw/pool/neg_coco_photos_00066.jpg
data/raw/pool/neg_coco_photos_00070.jpg,0,val,data/raw/pool/neg_coco_photos_00070.jpg
data/raw/pool/neg_coco_photos_00072.jpg,0,val,data/raw/pool/neg_coco_photos_00072.jpg
data/raw/pool/neg_coco_photos_00074.jpg,0,val,data/raw/pool/neg_coco_photos_00074.jpg
data/raw/pool/neg_coco_photos_00088.jpg,0,val,data/raw/pool/neg_coco_photos_00088.jpg
data/raw/pool/neg_coco_photos_00097.jpg,0,val,data/raw/pool/neg_coco_photos_00097.jpg
data/raw/pool/neg_coco_photos_00108.jpg,0,val,data/raw/pool/neg_coco_photos_00108.jpg
data/raw/pool/neg_coco_photos_00113.jpg,0,val,data/raw/pool/neg_coco_photos_00113.jpg
data/raw/pool/neg_coco_photos_00114.jpg,0,val,data/raw/pool/neg_coco_photos_00114.jpg
data/raw/pool/neg_coco_photos_00122.jpg,0,val,data/raw/pool/neg_coco_photos_00122.jpg
data/raw/pool/neg_coco_photos_00124.jpg,0,val,data/raw/pool/neg_coco_photos_00124.jpg
data/raw/pool/neg_coco_photos_00132.jpg,0,val,data/raw/pool/neg_coco_photos_00132.jpg
data/raw/pool/neg_coco_photos_00133.jpg,0,val,data/raw/pool/neg_coco_photos_00133.jpg
data/raw/pool/neg_coco_photos_00140.jpg,0,val,data/raw/pool/neg_coco_photos_00140.jpg
data/raw/pool/neg_coco_photos_00147.jpg,0,val,data/raw/pool/neg_coco_photos_00147.jpg
data/raw/pool/neg_coco_photos_00158.jpg,0,val,data/raw/pool/neg_coco_photos_00158.jpg
data/raw/pool/neg_coco_photos_00166.jpg,0,val,data/raw/pool/neg_coco_photos_00166.jpg
data/raw/pool/neg_coco_photos_00167.jpg,0,val,data/raw/pool/neg_coco_photos_00167.jpg
data/raw/pool/neg_coco_photos_00171.jpg,0,val,data/raw/pool/neg_coco_photos_00171.jpg
data/raw/pool/neg_coco_photos_00173.jpg,0,val,data/raw/pool/neg_coco_photos_00173.jpg
data/raw/pool/neg_coco_photos_00189.jpg,0,val,data/raw/pool/neg_coco_photos_00189.jpg
data/raw/pool/neg_coco_photos_00193.jpg,0,val,data/raw/pool/neg_coco_photos_00193.jpg
data/raw/pool/neg_coco_photos_00201.jpg,0,val,data/raw/pool/neg_coco_photos_00201.jpg
data/raw/pool/neg_coco_photos_00205.jpg,0,val,data/raw/pool/neg_coco_photos_00205.jpg
data/raw/pool/neg_coco_photos_00210.jpg,0,val,data/raw/pool/neg_coco_photos_00210.jpg
data/raw/pool/neg_coco_photos_00211.jpg,0,val,data/raw/pool/neg_coco_photos_00211.jpg
data/raw/pool/neg_coco_photos_00227.jpg,0,val,data/raw/pool/neg_coco_photos_00227.jpg
data/raw/pool/neg_coco_photos_00229.jpg,0,val,data/raw/pool/neg_coco_photos_00229.jpg
data/raw/pool/neg_coco_photos_00230.jpg,0,val,data/raw/pool/neg_coco_photos_00230.jpg
data/raw/pool/neg_coco_photos_00242.jpg,0,val,data/raw/pool/neg_coco_photos_00242.jpg
data/raw/pool/neg_coco_photos_00252.jpg,0,val,data/raw/pool/neg_coco_photos_00252.jpg
data/raw/pool/neg_coco_photos_00254.jpg,0,val,data/raw/pool/neg_coco_photos_00254.jpg
data/raw/pool/neg_coco_photos_00264.jpg,0,val,data/raw/pool/neg_coco_photos_00264.jpg
data/raw/pool/neg_coco_photos_00266.jpg,0,val,data/raw/pool/neg_coco_photos_00266.jpg
data/raw/pool/neg_coco_photos_00277.jpg,0,val,data/raw/pool/neg_coco_photos_00277.jpg
data/raw/pool/neg_coco_photos_00282.jpg,0,val,data/raw/pool/neg_coco_photos_00282.jpg
data/raw/pool/neg_coco_photos_00288.jpg,0,val,data/raw/pool/neg_coco_photos_00288.jpg
data/raw/pool/neg_coco_photos_00289.jpg,0,val,data/raw/pool/neg_coco_photos_00289.jpg
data/raw/pool/neg_coco_photos_00290.jpg,0,val,data/raw/pool/neg_coco_photos_00290.jpg
data/raw/pool/neg_coco_photos_00292.jpg,0,val,data/raw/pool/neg_coco_photos_00292.jpg
data/raw/pool/neg_coco_photos_00293.jpg,0,val,data/raw/pool/neg_coco_photos_00293.jpg
data/raw/pool/neg_coco_photos_00301.jpg,0,val,data/raw/pool/neg_coco_photos_00301.jpg
data/raw/pool/neg_coco_photos_00318.jpg,0,val,data/raw/pool/neg_coco_photos_00318.jpg
data/raw/pool/neg_coco_photos_00321.jpg,0,val,data/raw/pool/neg_coco_photos_00321.jpg
data/raw/pool/neg_coco_photos_00330.jpg,0,val,data/raw/pool/neg_coco_photos_00330.jpg
data/raw/pool/neg_coco_photos_00341.jpg,0,val,data/raw/pool/neg_coco_photos_00341.jpg
data/raw/pool/neg_coco_photos_00343.jpg,0,val,data/raw/pool/neg_coco_photos_00343.jpg
data/raw/pool/neg_coco_photos_00346.jpg,0,val,data/raw/pool/neg_coco_photos_00346.jpg
data/raw/pool/neg_coco_photos_00349.jpg,0,val,data/raw/pool/neg_coco_photos_00349.jpg
data/raw/pool/neg_coco_photos_00380.jpg,0,val,data/raw/pool/neg_coco_photos_00380.jpg
data/raw/pool/neg_coco_photos_00382.jpg,0,val,data/raw/pool/neg_coco_photos_00382.jpg
data/raw/pool/neg_coco_photos_00388.jpg,0,val,data/raw/pool/neg_coco_photos_00388.jpg
data/raw/pool/neg_coco_photos_00396.jpg,0,val,data/raw/pool/neg_coco_photos_00396.jpg
data/raw/pool/neg_coco_photos_00399.jpg,0,val,data/raw/pool/neg_coco_photos_00399.jpg
data/raw/pool/neg_coco_photos_00408.jpg,0,val,data/raw/pool/neg_coco_photos_00408.jpg
data/raw/pool/neg_coco_photos_00418.jpg,0,val,data/raw/pool/neg_coco_photos_00418.jpg
data/raw/pool/neg_coco_photos_00422.jpg,0,val,data/raw/pool/neg_coco_photos_00422.jpg
data/raw/pool/neg_coco_photos_00425.jpg,0,val,data/raw/pool/neg_coco_photos_00425.jpg
data/raw/pool/neg_coco_photos_00429.jpg,0,val,data/raw/pool/neg_coco_photos_00429.jpg
data/raw/pool/neg_coco_photos_00436.jpg,0,val,data/raw/pool/neg_coco_photos_00436.jpg
data/raw/pool/neg_coco_photos_00469.jpg,0,val,data/raw/pool/neg_coco_photos_00469.jpg
data/raw/pool/neg_coco_photos_00470.jpg,0,val,data/raw/pool/neg_coco_photos_00470.jpg
data/raw/pool/neg_coco_photos_00477.jpg,0,val,data/raw/pool/neg_coco_photos_00477.jpg
data/raw/pool/neg_coco_photos_00502.jpg,0,val,data/raw/pool/neg_coco_photos_00502.jpg
data/raw/pool/neg_coco_photos_00515.jpg,0,val,data/raw/pool/neg_coco_photos_00515.jpg
data/raw/pool/neg_coco_photos_00520.jpg,0,val,data/raw/pool/neg_coco_photos_00520.jpg
data/raw/pool/neg_coco_photos_00532.jpg,0,val,data/raw/pool/neg_coco_photos_00532.jpg
data/raw/pool/neg_coco_photos_00533.jpg,0,val,data/raw/pool/neg_coco_photos_00533.jpg
data/raw/pool/neg_coco_photos_00551.jpg,0,val,data/raw/pool/neg_coco_photos_00551.jpg
data/raw/pool/neg_coco_photos_00556.jpg,0,val,data/raw/pool/neg_coco_photos_00556.jpg
data/raw/pool/neg_coco_photos_00569.jpg,0,val,data/raw/pool/neg_coco_photos_00569.jpg
data/raw/pool/neg_coco_photos_00582.jpg,0,val,data/raw/pool/neg_coco_photos_00582.jpg
data/raw/pool/neg_coco_photos_00590.jpg,0,val,data/raw/pool/neg_coco_photos_00590.jpg
data/raw/pool/neg_coco_photos_00620.jpg,0,val,data/raw/pool/neg_coco_photos_00620.jpg
data/raw/pool/neg_coco_photos_00621.jpg,0,val,data/raw/pool/neg_coco_photos_00621.jpg
data/raw/pool/neg_coco_photos_00682.jpg,0,val,data/raw/pool/neg_coco_photos_00682.jpg
data/raw/pool/neg_coco_photos_00687.jpg,0,val,data/raw/pool/neg_coco_photos_00687.jpg
data/raw/pool/neg_coco_photos_00695.jpg,0,val,data/raw/pool/neg_coco_photos_00695.jpg
data/raw/pool/neg_coco_photos_00705.jpg,0,val,data/raw/pool/neg_coco_photos_00705.jpg
data/raw/pool/neg_coco_photos_00710.jpg,0,val,data/raw/pool/neg_coco_photos_00710.jpg
data/raw/pool/neg_coco_photos_00724.jpg,0,val,data/raw/pool/neg_coco_photos_00724.jpg
data/raw/pool/neg_coco_photos_00758.jpg,0,val,data/raw/pool/neg_coco_photos_00758.jpg
data/raw/pool/neg_coco_photos_00759.jpg,0,val,data/raw/pool/neg_coco_photos_00759.jpg
data/raw/pool/neg_coco_photos_00770.jpg,0,val,data/raw/pool/neg_coco_photos_00770.jpg
data/raw/pool/neg_coco_photos_00774.jpg,0,val,data/raw/pool/neg_coco_photos_00774.jpg
data/raw/pool/neg_coco_photos_00777.jpg,0,val,data/raw/pool/neg_coco_photos_00777.jpg
data/raw/pool/neg_coco_photos_00779.jpg,0,val,data/raw/pool/neg_coco_photos_00779.jpg
data/raw/pool/neg_coco_photos_00780.jpg,0,val,data/raw/pool/neg_coco_photos_00780.jpg
data/raw/pool/neg_coco_photos_00792.jpg,0,val,data/raw/pool/neg_coco_photos_00792.jpg
data/raw/pool/neg_coco_photos_00794.jpg,0,val,data/raw/pool/neg_coco_photos_00794.jpg
data/raw/pool/neg_coco_photos_00801.jpg,0,val,data/raw/pool/neg_coco_photos_00801.jpg
data/raw/pool/neg_coco_photos_00810.jpg,0,val,data/raw/pool/neg_coco_photos_00810.jpg
data/raw/pool/neg_coco_photos_00813.jpg,0,val,data/raw/pool/neg_coco_photos_00813.jpg
data/raw/pool/neg_coco_photos_00818.jpg,0,val,data/raw/pool/neg_coco_photos_00818.jpg
data/raw/pool/neg_coco_photos_00821.jpg,0,val,data/raw/pool/neg_coco_photos_00821.jpg
data/raw/pool/neg_coco_photos_00822.jpg,0,val,data/raw/pool/neg_coco_photos_00822.jpg
data/raw/pool/neg_coco_photos_00843.jpg,0,val,data/raw/pool/neg_coco_photos_00843.jpg
data/raw/pool/neg_coco_photos_00846.jpg,0,val,data/raw/pool/neg_coco_photos_00846.jpg
data/raw/pool/neg_coco_photos_00849.jpg,0,val,data/raw/pool/neg_coco_photos_00849.jpg
data/raw/pool/neg_coco_photos_00853.jpg,0,val,data/raw/pool/neg_coco_photos_00853.jpg
data/raw/pool/neg_coco_photos_00854.jpg,0,val,data/raw/pool/neg_coco_photos_00854.jpg
data/raw/pool/neg_coco_photos_00875.jpg,0,val,data/raw/pool/neg_coco_photos_00875.jpg
data/raw/pool/neg_coco_photos_00897.jpg,0,val,data/raw/pool/neg_coco_photos_00897.jpg
data/raw/pool/neg_coco_photos_00903.jpg,0,val,data/raw/pool/neg_coco_photos_00903.jpg
data/raw/pool/neg_coco_photos_00917.jpg,0,val,data/raw/pool/neg_coco_photos_00917.jpg
data/raw/pool/neg_coco_photos_00931.jpg,0,val,data/raw/pool/neg_coco_photos_00931.jpg
data/raw/pool/neg_coco_photos_00945.jpg,0,val,data/raw/pool/neg_coco_photos_00945.jpg
data/raw/pool/neg_coco_photos_00947.jpg,0,val,data/raw/pool/neg_coco_photos_00947.jpg
data/raw/pool/neg_coco_photos_00960.jpg,0,val,data/raw/pool/neg_coco_photos_00960.jpg
data/raw/pool/neg_coco_photos_00967.jpg,0,val,data/raw/pool/neg_coco_photos_00967.jpg
data/raw/pool/neg_coco_photos_00985.jpg,0,val,data/raw/pool/neg_coco_photos_00985.jpg
data/raw/pool/neg_coco_photos_00986.jpg,0,val,data/raw/pool/neg_coco_photos_00986.jpg
data/raw/pool/neg_coco_photos_00991.jpg,0,val,data/raw/pool/neg_coco_photos_00991.jpg
data/raw/pool/neg_coco_photos_00994.jpg,0,val,data/raw/pool/neg_coco_photos_00994.jpg
data/raw/pool/neg_coco_photos_01047.jpg,0,val,data/raw/pool/neg_coco_photos_01047.jpg
data/raw/pool/neg_coco_photos_01051.jpg,0,val,data/raw/pool/neg_coco_photos_01051.jpg
data/raw/pool/neg_coco_photos_01076.jpg,0,val,data/raw/pool/neg_coco_photos_01076.jpg
data/raw/pool/neg_coco_photos_01082.jpg,0,val,data/raw/pool/neg_coco_photos_01082.jpg
data/raw/pool/neg_coco_photos_01099.jpg,0,val,data/raw/pool/neg_coco_photos_01099.jpg
data/raw/pool/neg_coco_photos_01104.jpg,0,val,data/raw/pool/neg_coco_photos_01104.jpg
data/raw/pool/neg_coco_photos_01110.jpg,0,val,data/raw/pool/neg_coco_photos_01110.jpg
data/raw/pool/neg_coco_photos_01130.jpg,0,val,data/raw/pool/neg_coco_photos_01130.jpg
data/raw/pool/neg_coco_photos_01142.jpg,0,val,data/raw/pool/neg_coco_photos_01142.jpg
data/raw/pool/neg_coco_photos_01146.jpg,0,val,data/raw/pool/neg_coco_photos_01146.jpg
data/raw/pool/neg_coco_photos_01152.jpg,0,val,data/raw/pool/neg_coco_photos_01152.jpg
data/raw/pool/neg_coco_photos_01167.jpg,0,val,data/raw/pool/neg_coco_photos_01167.jpg
data/raw/pool/neg_coco_photos_01191.jpg,0,val,data/raw/pool/neg_coco_photos_01191.jpg
data/raw/pool/syn_hard_pos_00003.jpg,1,val,data/raw/pool/pos_rvlcdip_invoice_00637.jpg
data/raw/pool/syn_hard_pos_00004.jpg,1,val,data/raw/pool/pos_rvlcdip_invoice_00181.jpg
data/raw/pool/syn_hard_pos_00017.jpg,1,val,data/raw/pool/pos_rvlcdip_invoice_00866.jpg
data/raw/pool/syn_hard_pos_00021.jpg,1,val,data/raw/pool/pos_rvlcdip_invoice_00036.jpg
data/raw/pool/syn_hard_pos_00027.jpg,1,val,data/raw/pool/pos_rvlcdip_invoice_00511.jpg
data/raw/pool/syn_hard_pos_00030.jpg,1,val,data/raw/pool/pos_rvlcdip_invoice_01575.jpg
data/raw/pool/syn_hard_pos_00032.jpg,1,val,data/raw/pool/pos_sroie_receipts_00212.jpg
data/raw/pool/syn_hard_pos_00047.jpg,1,val,data/raw/pool/pos_rvlcdip_invoice_00637.jpg
data/raw/pool/syn_hard_pos_00048.jpg,1,val,data/raw/pool/pos_sroie_receipts_00569.jpg
data/raw/pool/syn_hard_pos_00056.jpg,1,val,data/raw/pool/pos_rvlcdip_invoice_00328.jpg
data/raw/pool/syn_hard_pos_00058.jpg,1,val,data/raw/pool/pos_sroie_receipts_00484.jpg
data/raw/pool/syn_hard_pos_00070.jpg,1,val,data/raw/pool/pos_rvlcdip_invoice_01227.jpg
data/raw/pool/syn_hard_pos_00071.jpg,1,val,data/raw/pool/pos_rvlcdip_invoice_00057.jpg
data/raw/pool/syn_hard_pos_00079.jpg,1,val,data/raw/pool/pos_rvlcdip_invoice_00276.jpg
data/raw/pool/syn_hard_pos_00097.jpg,1,val,data/raw/pool/pos_rvlcdip_invoice_00036.jpg
data/raw/pool/syn_hard_pos_00098.jpg,1,val,data/raw/pool/pos_cord_receipts_00489.jpg
data/raw/pool/syn_hard_pos_00102.jpg,1,val,data/raw/pool/pos_rvlcdip_invoice_00088.jpg
data/raw/pool/syn_hard_pos_00125.jpg,1,val,data/raw/pool/pos_sroie_receipts_00299.jpg
data/raw/pool/syn_hard_pos_00137.jpg,1,val,data/raw/pool/pos_rvlcdip_invoice_01486.jpg
data/raw/pool/syn_hard_pos_00149.jpg,1,val,data/raw/pool/pos_rvlcdip_invoice_01357.jpg
data/raw/pool/syn_hard_pos_00153.jpg,1,val,data/raw/pool/pos_rvlcdip_invoice_00453.jpg
data/raw/pool/syn_hard_pos_00154.jpg,1,val,data/raw/pool/pos_rvlcdip_invoice_00771.jpg
data/raw/pool/syn_hard_pos_00157.jpg,1,val,data/raw/pool/pos_rvlcdip_invoice_00946.jpg
data/raw/pool/syn_hard_pos_00168.jpg,1,val,data/raw/pool/pos_rvlcdip_invoice_00179.jpg
data/raw/pool/syn_hard_pos_00176.jpg,1,val,data/raw/pool/pos_rvlcdip_invoice_00964.jpg
data/raw/pool/syn_hard_pos_00197.jpg,1,val,data/raw/pool/pos_rvlcdip_invoice_01092.jpg
data/raw/pool/syn_hard_pos_00206.jpg,1,val,data/raw/pool/pos_rvlcdip_invoice_00295.jpg
data/raw/pool/syn_hard_pos_00222.jpg,1,val,data/raw/pool/pos_rvlcdip_invoice_01794.jpg
data/raw/pool/syn_hard_pos_00224.jpg,1,val,data/raw/pool/pos_rvlcdip_invoice_00476.jpg
data/raw/pool/syn_hard_pos_00268.jpg,1,val,data/raw/pool/pos_rvlcdip_invoice_01099.jpg
data/raw/pool/syn_hard_pos_00295.jpg,1,val,data/raw/pool/pos_cord_receipts_00352.jpg
data/raw/pool/syn_hard_pos_00296.jpg,1,val,data/raw/pool/pos_sroie_receipts_00354.jpg
data/raw/pool/syn_hard_pos_00298.jpg,1,val,data/raw/pool/pos_rvlcdip_invoice_00306.jpg
data/raw/pool/syn_hard_pos_00300.jpg,1,val,data/raw/pool/pos_rvlcdip_invoice_00189.jpg
data/raw/pool/syn_hard_pos_00310.jpg,1,val,data/raw/pool/pos_sroie_receipts_00335.jpg
data/raw/pool/syn_hard_pos_00324.jpg,1,val,data/raw/pool/pos_rvlcdip_invoice_01562.jpg
data/raw/pool/syn_hard_pos_00340.jpg,1,val,data/raw/pool/pos_cord_receipts_00457.jpg
data/raw/pool/syn_hard_pos_00346.jpg,1,val,data/raw/pool/pos_rvlcdip_invoice_00306.jpg
data/raw/pool/syn_hard_pos_00350.jpg,1,val,data/raw/pool/pos_sroie_receipts_00244.jpg
data/raw/pool/syn_hard_pos_00355.jpg,1,val,data/raw/pool/pos_rvlcdip_invoice_01357.jpg
data/raw/pool/syn_hard_pos_00360.jpg,1,val,data/raw/pool/pos_rvlcdip_invoice_00390.jpg
data/raw/pool/syn_hard_pos_00373.jpg,1,val,data/raw/pool/pos_rvlcdip_invoice_00179.jpg
data/raw/pool/syn_hard_pos_00376.jpg,1,val,data/raw/pool/pos_sroie_receipts_00063.jpg
data/raw/pool/syn_hard_pos_00387.jpg,1,val,data/raw/pool/pos_cord_receipts_00364.jpg
data/raw/pool/syn_hard_pos_00399.jpg,1,val,data/raw/pool/pos_rvlcdip_invoice_01400.jpg
data/raw/pool/syn_hard_pos_00405.jpg,1,val,data/raw/pool/pos_rvlcdip_invoice_00395.jpg
data/raw/pool/syn_hard_pos_00419.jpg,1,val,data/raw/pool/pos_rvlcdip_invoice_00894.jpg
data/raw/pool/syn_hard_pos_00437.jpg,1,val,data/raw/pool/pos_sroie_receipts_00055.jpg
data/raw/pool/syn_hard_pos_00440.jpg,1,val,data/raw/pool/pos_rvlcdip_invoice_00780.jpg
data/raw/pool/syn_hard_pos_00442.jpg,1,val,data/raw/pool/pos_cord_receipts_00247.jpg
data/raw/pool/syn_hard_pos_00451.jpg,1,val,data/raw/pool/pos_rvlcdip_invoice_01504.jpg
data/raw/pool/syn_hard_pos_00455.jpg,1,val,data/raw/pool/pos_rvlcdip_invoice_00515.jpg
data/raw/pool/syn_hard_pos_00456.jpg,1,val,data/raw/pool/pos_rvlcdip_invoice_01276.jpg
data/raw/pool/syn_hard_pos_00460.jpg,1,val,data/raw/pool/pos_rvlcdip_invoice_01236.jpg
data/raw/pool/syn_hard_pos_00481.jpg,1,val,data/raw/pool/pos_sroie_receipts_00023.jpg
data/raw/pool/syn_hard_pos_00501.jpg,1,val,data/raw/pool/pos_rvlcdip_invoice_00420.jpg
data/raw/pool/syn_hard_pos_00503.jpg,1,val,data/raw/pool/pos_rvlcdip_invoice_00637.jpg
data/raw/pool/syn_hard_pos_00510.jpg,1,val,data/raw/pool/pos_rvlcdip_invoice_01069.jpg
data/raw/pool/syn_hard_pos_00531.jpg,1,val,data/raw/pool/pos_sroie_receipts_00055.jpg
data/raw/pool/syn_hard_pos_00545.jpg,1,val,data/raw/pool/pos_rvlcdip_invoice_01495.jpg
data/raw/pool/syn_hard_pos_00547.jpg,1,val,data/raw/pool/pos_rvlcdip_invoice_01274.jpg
data/raw/pool/syn_hard_pos_00548.jpg,1,val,data/raw/pool/pos_sroie_receipts_00263.jpg
data/raw/pool/syn_hard_pos_00571.jpg,1,val,data/raw/pool/pos_rvlcdip_invoice_01236.jpg
data/raw/pool/syn_hard_pos_00573.jpg,1,val,data/raw/pool/pos_sroie_receipts_00016.jpg
data/raw/pool/syn_hard_pos_00579.jpg,1,val,data/raw/pool/pos_rvlcdip_invoice_00472.jpg
data/raw/pool/syn_hard_pos_00586.jpg,1,val,data/raw/pool/pos_sroie_receipts_00545.jpg
data/raw/pool/syn_hard_pos_00612.jpg,1,val,data/raw/pool/pos_sroie_receipts_00346.jpg
data/raw/pool/syn_hard_pos_00619.jpg,1,val,data/raw/pool/pos_sroie_receipts_00256.jpg
data/raw/pool/syn_hard_pos_00620.jpg,1,val,data/raw/pool/pos_rvlcdip_invoice_01604.jpg
data/raw/pool/syn_hard_pos_00623.jpg,1,val,data/raw/pool/pos_rvlcdip_invoice_01609.jpg
data/raw/pool/syn_hard_pos_00627.jpg,1,val,data/raw/pool/pos_rvlcdip_invoice_01705.jpg
data/raw/pool/syn_hard_pos_00631.jpg,1,val,data/raw/pool/pos_rvlcdip_invoice_01652.jpg
data/raw/pool/syn_hard_pos_00632.jpg,1,val,data/raw/pool/pos_rvlcdip_invoice_01629.jpg
data/raw/pool/syn_hard_pos_00637.jpg,1,val,data/raw/pool/pos_rvlcdip_invoice_01523.jpg
data/raw/pool/syn_hard_pos_00676.jpg,1,val,data/raw/pool/pos_rvlcdip_invoice_00221.jpg
data/raw/pool/syn_hard_pos_00694.jpg,1,val,data/raw/pool/pos_rvlcdip_invoice_01099.jpg
data/raw/pool/syn_hard_pos_00734.jpg,1,val,data/raw/pool/pos_rvlcdip_invoice_00088.jpg
data/raw/pool/syn_hard_pos_00747.jpg,1,val,data/raw/pool/pos_sroie_receipts_00088.jpg
data/raw/pool/syn_hard_pos_00748.jpg,1,val,data/raw/pool/pos_rvlcdip_invoice_00763.jpg
data/raw/pool/syn_hard_pos_00757.jpg,1,val,data/raw/pool/pos_rvlcdip_invoice_00454.jpg
data/raw/pool/syn_hard_pos_00760.jpg,1,val,data/raw/pool/pos_rvlcdip_invoice_01495.jpg
data/raw/pool/syn_hard_pos_00776.jpg,1,val,data/raw/pool/pos_rvlcdip_invoice_01082.jpg
data/raw/pool/syn_hard_pos_00791.jpg,1,val,data/raw/pool/pos_rvlcdip_invoice_00786.jpg
data/raw/pool/syn_hard_pos_00793.jpg,1,val,data/raw/pool/pos_sroie_receipts_00354.jpg
data/raw/pool/syn_hard_pos_00809.jpg,1,val,data/raw/pool/pos_rvlcdip_invoice_01771.jpg
data/raw/pool/syn_hard_pos_00816.jpg,1,val,data/raw/pool/pos_rvlcdip_invoice_01253.jpg
data/raw/pool/syn_hard_pos_00859.jpg,0,val,data/raw/pool/neg_rvlcdip_other_00603.jpg
data/raw/pool/syn_hard_pos_00883.jpg,1,val,data/raw/pool/pos_rvlcdip_invoice_01400.jpg
data/raw/pool/syn_hard_neg_00013.jpg,0,val,data/raw/pool/neg_rvlcdip_other_00349.jpg
data/raw/pool/syn_hard_neg_00014.jpg,0,val,data/raw/pool/neg_rvlcdip_other_00225.jpg
data/raw/pool/syn_hard_neg_00018.jpg,0,val,data/raw/pool/neg_rvlcdip_other_01538.jpg
data/raw/pool/syn_hard_neg_00049.jpg,0,val,data/raw/pool/neg_rvlcdip_other_01016.jpg
data/raw/pool/syn_hard_neg_00063.jpg,1,val,data/raw/pool/pos_cord_receipts_00438.jpg
data/raw/pool/syn_hard_neg_00066.jpg,0,val,data/raw/pool/neg_rvlcdip_other_01407.jpg
data/raw/pool/syn_hard_neg_00070.jpg,1,val,data/raw/pool/pos_sroie_receipts_00308.jpg
data/raw/pool/syn_hard_neg_00099.jpg,0,val,data/raw/pool/neg_rvlcdip_other_00041.jpg
data/raw/pool/syn_hard_neg_00100.jpg,0,val,data/raw/pool/neg_rvlcdip_other_01329.jpg
data/raw/pool/syn_hard_neg_00101.jpg,1,val,data/raw/pool/pos_cord_receipts_00565.jpg
data/raw/pool/syn_hard_neg_00119.jpg,0,val,data/raw/pool/neg_rvlcdip_other_00394.jpg
data/raw/pool/syn_hard_neg_00147.jpg,0,val,data/raw/pool/neg_rvlcdip_other_00137.jpg
data/raw/pool/syn_hard_neg_00159.jpg,1,val,data/raw/pool/pos_sroie_receipts_00116.jpg
data/raw/pool/syn_hard_neg_00160.jpg,0,val,data/raw/pool/neg_rvlcdip_other_00035.jpg
data/raw/pool/syn_hard_neg_00165.jpg,1,val,data/raw/pool/pos_sroie_receipts_00520.jpg
data/raw/pool/syn_hard_neg_00183.jpg,0,val,data/raw/pool/neg_rvlcdip_other_01671.jpg
data/raw/pool/syn_hard_neg_00189.jpg,0,val,data/raw/pool/neg_rvlcdip_other_01479.jpg
data/raw/pool/syn_hard_neg_00192.jpg,1,val,data/raw/pool/pos_sroie_receipts_00421.jpg
data/raw/pool/syn_hard_neg_00195.jpg,0,val,data/raw/pool/neg_rvlcdip_other_01191.jpg
data/raw/pool/syn_hard_neg_00204.jpg,0,val,data/raw/pool/neg_rvlcdip_other_00405.jpg
data/raw/pool/syn_hard_neg_00208.jpg,0,val,data/raw/pool/neg_rvlcdip_other_01647.jpg
data/raw/pool/syn_hard_neg_00232.jpg,0,val,data/raw/pool/neg_rvlcdip_other_00864.jpg
data/raw/pool/syn_hard_neg_00235.jpg,0,val,data/raw/pool/neg_rvlcdip_other_00225.jpg
data/raw/pool/syn_hard_neg_00242.jpg,1,val,data/raw/pool/pos_cord_receipts_00377.jpg
data/raw/pool/syn_hard_neg_00243.jpg,0,val,data/raw/pool/neg_rvlcdip_other_01412.jpg
data/raw/pool/syn_hard_neg_00245.jpg,1,val,data/raw/pool/pos_sroie_receipts_00377.jpg
data/raw/pool/syn_hard_neg_00262.jpg,0,val,data/raw/pool/neg_rvlcdip_other_01365.jpg
data/raw/pool/syn_hard_neg_00286.jpg,1,val,data/raw/pool/pos_cord_receipts_00129.jpg
data/raw/pool/syn_hard_neg_00289.jpg,0,val,data/raw/pool/neg_rvlcdip_other_01681.jpg
data/raw/pool/syn_hard_neg_00290.jpg,0,val,data/raw/pool/neg_rvlcdip_other_01479.jpg
data/raw/pool/syn_hard_neg_00291.jpg,1,val,data/raw/pool/pos_sroie_receipts_00189.jpg
data/raw/pool/syn_hard_neg_00310.jpg,0,val,data/raw/pool/neg_rvlcdip_other_00104.jpg
data/raw/pool/syn_hard_neg_00311.jpg,1,val,data/raw/pool/pos_sroie_receipts_00503.jpg
data/raw/pool/syn_hard_neg_00332.jpg,0,val,data/raw/pool/neg_rvlcdip_other_00061.jpg
data/raw/pool/syn_hard_neg_00333.jpg,0,val,data/raw/pool/neg_rvlcdip_other_01111.jpg
data/raw/pool/syn_hard_neg_00336.jpg,0,val,data/raw/pool/neg_rvlcdip_other_01494.jpg
data/raw/pool/syn_hard_neg_00343.jpg,0,val,data/raw/pool/neg_rvlcdip_other_00951.jpg
data/raw/pool/syn_hard_neg_00352.jpg,0,val,data/raw/pool/neg_rvlcdip_other_00026.jpg
data/raw/pool/syn_hard_neg_00362.jpg,0,val,data/raw/pool/neg_rvlcdip_other_00662.jpg
data/raw/pool/syn_hard_neg_00366.jpg,1,val,data/raw/pool/pos_sroie_receipts_00377.jpg
data/raw/pool/syn_hard_neg_00387.jpg,0,val,data/raw/pool/neg_rvlcdip_other_01278.jpg
data/raw/pool/syn_hard_neg_00396.jpg,1,val,data/raw/pool/pos_rvlcdip_invoice_01062.jpg
Negative/35df1041-4635-4252-9158-a89ae3de1a46.jpg,0,val,Negative/35df1041-4635-4252-9158-a89ae3de1a46.jpg
Negative/IMG_5683.PNG,0,val,Negative/IMG_5683.PNG
data/raw/public_hard_negatives/rvl/scientific_report_7bf45b6f2ac84282.jpg,0,val,rvl:scientific_report:7bf45b6f2ac84282
data/raw/public_hard_negatives/rvl/scientific_report_1120f6e8f397ae70.jpg,0,val,rvl:scientific_report:1120f6e8f397ae70
data/raw/public_hard_negatives/rvl/scientific_report_36a5459cc320e87b.jpg,0,val,rvl:scientific_report:36a5459cc320e87b
data/raw/public_hard_negatives/rvl/scientific_report_425a126464423bec.jpg,0,val,rvl:scientific_report:425a126464423bec
data/raw/public_hard_negatives/rvl/scientific_report_6de40def5204e395.jpg,0,val,rvl:scientific_report:6de40def5204e395
data/raw/public_hard_negatives/rvl/scientific_report_8bc71fbea93e3367.jpg,0,val,rvl:scientific_report:8bc71fbea93e3367
data/raw/public_hard_negatives/rvl/scientific_report_4bb00825e73ea5c4.jpg,0,val,rvl:scientific_report:4bb00825e73ea5c4
data/raw/public_hard_negatives/rvl/scientific_report_99cffdabfc565064.jpg,0,val,rvl:scientific_report:99cffdabfc565064
data/raw/public_hard_negatives/rvl/scientific_report_f2e0a0ff19e3504e.jpg,0,val,rvl:scientific_report:f2e0a0ff19e3504e
data/raw/public_hard_negatives/rvl/scientific_report_6572f50b9ab35929.jpg,0,val,rvl:scientific_report:6572f50b9ab35929
data/raw/public_hard_negatives/rvl/scientific_report_06b1dbca7e430f60.jpg,0,val,rvl:scientific_report:06b1dbca7e430f60
data/raw/public_hard_negatives/rvl/scientific_report_1066cee53a5e089e.jpg,0,val,rvl:scientific_report:1066cee53a5e089e
data/raw/public_hard_negatives/rvl/scientific_publication_b6e2e31bb5d365c5.jpg,0,val,rvl:scientific_publication:b6e2e31bb5d365c5
data/raw/public_hard_negatives/rvl/scientific_publication_cfc516fdd83996e7.jpg,0,val,rvl:scientific_publication:cfc516fdd83996e7
data/raw/public_hard_negatives/rvl/scientific_publication_90aad2cb65b7ce48.jpg,0,val,rvl:scientific_publication:90aad2cb65b7ce48
data/raw/public_hard_negatives/rvl/scientific_publication_79179c47f8b79ab4.jpg,0,val,rvl:scientific_publication:79179c47f8b79ab4
data/raw/public_hard_negatives/rvl/scientific_publication_04f9f1d37097da0a.jpg,0,val,rvl:scientific_publication:04f9f1d37097da0a
data/raw/public_hard_negatives/rvl/scientific_publication_98bf0ced40164bf5.jpg,0,val,rvl:scientific_publication:98bf0ced40164bf5
data/raw/public_hard_negatives/rvl/scientific_publication_90bdeee7336c7bc3.jpg,0,val,rvl:scientific_publication:90bdeee7336c7bc3
data/raw/public_hard_negatives/rvl/scientific_publication_abf45c18e824152e.jpg,0,val,rvl:scientific_publication:abf45c18e824152e
data/raw/public_hard_negatives/rvl/scientific_publication_39a2c9462cbe3350.jpg,0,val,rvl:scientific_publication:39a2c9462cbe3350
data/raw/public_hard_negatives/rvl/scientific_publication_7f0351f687c39cb9.jpg,0,val,rvl:scientific_publication:7f0351f687c39cb9
data/raw/public_hard_negatives/rvl/scientific_publication_8da2f320b29d589b.jpg,0,val,rvl:scientific_publication:8da2f320b29d589b
data/raw/public_hard_negatives/rvl/scientific_publication_39042c6e52df6fd4.jpg,0,val,rvl:scientific_publication:39042c6e52df6fd4
data/raw/public_hard_negatives/rvl/scientific_publication_cd643aa86c602bf0.jpg,0,val,rvl:scientific_publication:cd643aa86c602bf0
data/raw/public_hard_negatives/rvl/scientific_publication_5e734aab5cc4331a.jpg,0,val,rvl:scientific_publication:5e734aab5cc4331a
data/raw/public_hard_negatives/rvl/scientific_publication_b414d7e150c3400d.jpg,0,val,rvl:scientific_publication:b414d7e150c3400d
data/raw/public_hard_negatives/rvl/specification_157252812eaee950.jpg,0,val,rvl:specification:157252812eaee950
data/raw/public_hard_negatives/rvl/specification_56774467b5d3c917.jpg,0,val,rvl:specification:56774467b5d3c917
data/raw/public_hard_negatives/rvl/specification_f4e4ae73be03b8f9.jpg,0,val,rvl:specification:f4e4ae73be03b8f9
data/raw/public_hard_negatives/rvl/specification_51f873625d552dbe.jpg,0,val,rvl:specification:51f873625d552dbe
data/raw/public_hard_negatives/rvl/specification_11d133171e09e863.jpg,0,val,rvl:specification:11d133171e09e863
data/raw/public_hard_negatives/rvl/specification_a5718e7385cd4d2f.jpg,0,val,rvl:specification:a5718e7385cd4d2f
data/raw/public_hard_negatives/rvl/specification_99c579a26c96324f.jpg,0,val,rvl:specification:99c579a26c96324f
data/raw/public_hard_negatives/rvl/specification_bdc22d3f08db4262.jpg,0,val,rvl:specification:bdc22d3f08db4262
data/raw/public_hard_negatives/rvl/specification_650c1f649c71594d.jpg,0,val,rvl:specification:650c1f649c71594d
data/raw/public_hard_negatives/rvl/specification_6ce58aafafebc3bc.jpg,0,val,rvl:specification:6ce58aafafebc3bc
data/raw/public_hard_negatives/rvl/specification_8825c18cdf13cfd4.jpg,0,val,rvl:specification:8825c18cdf13cfd4
data/raw/public_hard_negatives/rvl/specification_b3e4a52d1e41a3b7.jpg,0,val,rvl:specification:b3e4a52d1e41a3b7
data/raw/public_hard_negatives/rvl/specification_2997fdc885bf617c.jpg,0,val,rvl:specification:2997fdc885bf617c
data/raw/public_hard_negatives/rvl/specification_1801bc36209ad119.jpg,0,val,rvl:specification:1801bc36209ad119
data/raw/public_hard_negatives/rvl/specification_5fb7d439646c6f82.jpg,0,val,rvl:specification:5fb7d439646c6f82
data/raw/public_hard_negatives/rvl/specification_895bc40be5e21048.jpg,0,val,rvl:specification:895bc40be5e21048
data/raw/public_hard_negatives/rvl/specification_c9f6a569d8bbc7c3.jpg,0,val,rvl:specification:c9f6a569d8bbc7c3
data/raw/public_hard_negatives/rvl/specification_64e12687db7c1e82.jpg,0,val,rvl:specification:64e12687db7c1e82
data/raw/public_hard_negatives/rvl/specification_5dbdcf4dbbaa8baa.jpg,0,val,rvl:specification:5dbdcf4dbbaa8baa
data/raw/public_hard_negatives/rvl/specification_6cbdabad8ddbce24.jpg,0,val,rvl:specification:6cbdabad8ddbce24
data/raw/public_hard_negatives/rvl/specification_f6efca45e59a20ef.jpg,0,val,rvl:specification:f6efca45e59a20ef
data/raw/public_hard_negatives/rvl/news_article_cf1f31744ebbd932.jpg,0,val,rvl:news_article:cf1f31744ebbd932
data/raw/public_hard_negatives/rvl/news_article_f128b6f23cc85783.jpg,0,val,rvl:news_article:f128b6f23cc85783
data/raw/public_hard_negatives/rvl/news_article_ccdbcd429f5dc35d.jpg,0,val,rvl:news_article:ccdbcd429f5dc35d
data/raw/public_hard_negatives/rvl/news_article_605cf42c75b79f33.jpg,0,val,rvl:news_article:605cf42c75b79f33
data/raw/public_hard_negatives/rvl/news_article_1b0931b61d4386d5.jpg,0,val,rvl:news_article:1b0931b61d4386d5
data/raw/public_hard_negatives/rvl/news_article_0c095a01150e03f1.jpg,0,val,rvl:news_article:0c095a01150e03f1
data/raw/public_hard_negatives/rvl/news_article_53b2a1d17a035fcb.jpg,0,val,rvl:news_article:53b2a1d17a035fcb
data/raw/public_hard_negatives/rvl/news_article_b2db3a69597b07c5.jpg,0,val,rvl:news_article:b2db3a69597b07c5
data/raw/public_hard_negatives/rvl/news_article_4746bdc7fb2f05fe.jpg,0,val,rvl:news_article:4746bdc7fb2f05fe
data/raw/public_hard_negatives/rvl/news_article_054577c0d5d2f700.jpg,0,val,rvl:news_article:054577c0d5d2f700
data/raw/public_hard_negatives/rvl/news_article_da60aa78dd68b317.jpg,0,val,rvl:news_article:da60aa78dd68b317
data/raw/public_hard_negatives/rvl/news_article_131fb15d152b9ede.jpg,0,val,rvl:news_article:131fb15d152b9ede
data/raw/public_hard_negatives/rvl/news_article_4582edccc3ed8869.jpg,0,val,rvl:news_article:4582edccc3ed8869
data/raw/public_hard_negatives/rvl/news_article_6a696d0b0a37bbb3.jpg,0,val,rvl:news_article:6a696d0b0a37bbb3
data/raw/public_hard_negatives/rvl/news_article_7ebf0747f8f47852.jpg,0,val,rvl:news_article:7ebf0747f8f47852
data/raw/public_hard_negatives/rvl/news_article_70b9fdd757584c50.jpg,0,val,rvl:news_article:70b9fdd757584c50
data/raw/public_hard_negatives/rvl/budget_435771dbb9cd7f22.jpg,0,val,rvl:budget:435771dbb9cd7f22
data/raw/public_hard_negatives/rvl/budget_5959f54f0e9a08c1.jpg,0,val,rvl:budget:5959f54f0e9a08c1
data/raw/public_hard_negatives/rvl/budget_418a590674453d64.jpg,0,val,rvl:budget:418a590674453d64
data/raw/public_hard_negatives/rvl/budget_f6fafd0b7bc2d774.jpg,0,val,rvl:budget:f6fafd0b7bc2d774
data/raw/public_hard_negatives/rvl/budget_d5aaefd1a1f24f5f.jpg,0,val,rvl:budget:d5aaefd1a1f24f5f
data/raw/public_hard_negatives/rvl/budget_312b44941c96a1b6.jpg,0,val,rvl:budget:312b44941c96a1b6
data/raw/public_hard_negatives/rvl/budget_ad6ccd66b47b4979.jpg,0,val,rvl:budget:ad6ccd66b47b4979
data/raw/public_hard_negatives/rvl/budget_dda0d307fd3ee665.jpg,0,val,rvl:budget:dda0d307fd3ee665
data/raw/public_hard_negatives/rvl/budget_c5428dd119035c5d.jpg,0,val,rvl:budget:c5428dd119035c5d
data/raw/public_hard_negatives/rvl/budget_a5f7fae827c32905.jpg,0,val,rvl:budget:a5f7fae827c32905
data/raw/public_hard_negatives/rvl/budget_3a3bfd6b2e945de1.jpg,0,val,rvl:budget:3a3bfd6b2e945de1
data/raw/public_hard_negatives/rvl/budget_0aa33686f2e0efcc.jpg,0,val,rvl:budget:0aa33686f2e0efcc
data/raw/public_hard_negatives/rvl/budget_8952681c3b4de43d.jpg,0,val,rvl:budget:8952681c3b4de43d
data/raw/public_hard_negatives/rvl/budget_8511536ff4c05aa6.jpg,0,val,rvl:budget:8511536ff4c05aa6
data/raw/public_hard_negatives/rvl/budget_a74f5ffb9fcd91ba.jpg,0,val,rvl:budget:a74f5ffb9fcd91ba
data/raw/public_hard_negatives/rvl/presentation_698663c1a4c4a528.jpg,0,val,rvl:presentation:698663c1a4c4a528
data/raw/public_hard_negatives/rvl/presentation_e75c356f6e2b7788.jpg,0,val,rvl:presentation:e75c356f6e2b7788
data/raw/public_hard_negatives/rvl/presentation_887613c0178f9a42.jpg,0,val,rvl:presentation:887613c0178f9a42
data/raw/public_hard_negatives/rvl/presentation_a21116c5c85ca695.jpg,0,val,rvl:presentation:a21116c5c85ca695
data/raw/public_hard_negatives/rvl/presentation_e55b4e722edb2256.jpg,0,val,rvl:presentation:e55b4e722edb2256
data/raw/public_hard_negatives/rvl/presentation_d956152cb1c01251.jpg,0,val,rvl:presentation:d956152cb1c01251
data/raw/public_hard_negatives/rvl/presentation_cbe369b5d7741b7c.jpg,0,val,rvl:presentation:cbe369b5d7741b7c
data/raw/public_hard_negatives/rvl/presentation_c6a65975a04a6383.jpg,0,val,rvl:presentation:c6a65975a04a6383
data/raw/public_hard_negatives/rvl/presentation_4af3f64aaa2eb12c.jpg,0,val,rvl:presentation:4af3f64aaa2eb12c
data/raw/public_hard_negatives/rvl/presentation_92178510146c2127.jpg,0,val,rvl:presentation:92178510146c2127
data/raw/public_hard_negatives/rvl/presentation_5214c8fdc5e0caf2.jpg,0,val,rvl:presentation:5214c8fdc5e0caf2
data/raw/public_hard_negatives/rvl/presentation_e1c527f5a03d71de.jpg,0,val,rvl:presentation:e1c527f5a03d71de
data/raw/public_hard_negatives/rvl/presentation_7433f241b5ed2356.jpg,0,val,rvl:presentation:7433f241b5ed2356
data/raw/public_hard_negatives/rvl/presentation_5e93a99a70c1ace0.jpg,0,val,rvl:presentation:5e93a99a70c1ace0
data/raw/public_hard_negatives/rvl/presentation_1473357c7d8bebf0.jpg,0,val,rvl:presentation:1473357c7d8bebf0
data/raw/public_hard_negatives/rvl/presentation_0faee79349267484.jpg,0,val,rvl:presentation:0faee79349267484
data/raw/public_hard_negatives/rvl/presentation_dfccbe1e3f885ea0.jpg,0,val,rvl:presentation:dfccbe1e3f885ea0
data/raw/public_hard_negatives/rvl/presentation_62bcc374b94acdfd.jpg,0,val,rvl:presentation:62bcc374b94acdfd
data/raw/public_hard_negatives/rvl/presentation_f8a1d8bb3fcbbce7.jpg,0,val,rvl:presentation:f8a1d8bb3fcbbce7
data/raw/public_hard_negatives/rvl/presentation_054ef1d5bad1de98.jpg,0,val,rvl:presentation:054ef1d5bad1de98
data/raw/public_hard_negatives/rvl/presentation_0b43b04de16290cd.jpg,0,val,rvl:presentation:0b43b04de16290cd
data/raw/public_hard_negatives/rvl/presentation_e8f55669b5c7859f.jpg,0,val,rvl:presentation:e8f55669b5c7859f
data/raw/public_hard_negatives/rvl/presentation_741dd1ade34f9c8a.jpg,0,val,rvl:presentation:741dd1ade34f9c8a
data/raw/public_hard_negatives/rvl/questionnaire_1930b2be6285e56d.jpg,0,val,rvl:questionnaire:1930b2be6285e56d
data/raw/public_hard_negatives/rvl/questionnaire_7d82d417d68c4288.jpg,0,val,rvl:questionnaire:7d82d417d68c4288
data/raw/public_hard_negatives/rvl/questionnaire_f97ff53ccf71fbf0.jpg,0,val,rvl:questionnaire:f97ff53ccf71fbf0
data/raw/public_hard_negatives/rvl/questionnaire_9991130628669822.jpg,0,val,rvl:questionnaire:9991130628669822
data/raw/public_hard_negatives/rvl/questionnaire_f1b9683c65eb5a63.jpg,0,val,rvl:questionnaire:f1b9683c65eb5a63
data/raw/public_hard_negatives/rvl/questionnaire_334c33e97f3419ba.jpg,0,val,rvl:questionnaire:334c33e97f3419ba
data/raw/public_hard_negatives/rvl/questionnaire_dba35dea79cc12a4.jpg,0,val,rvl:questionnaire:dba35dea79cc12a4
data/raw/public_hard_negatives/rvl/questionnaire_34d2e2218ccf5d59.jpg,0,val,rvl:questionnaire:34d2e2218ccf5d59
data/raw/public_hard_negatives/rvl/questionnaire_a9fd10f1a5734992.jpg,0,val,rvl:questionnaire:a9fd10f1a5734992
data/raw/public_hard_negatives/rvl/questionnaire_22f49c910670605e.jpg,0,val,rvl:questionnaire:22f49c910670605e
data/raw/public_hard_negatives/rvl/questionnaire_5114fe5ebc665066.jpg,0,val,rvl:questionnaire:5114fe5ebc665066
data/raw/public_hard_negatives/rvl/questionnaire_d5588a2ab783df43.jpg,0,val,rvl:questionnaire:d5588a2ab783df43
data/raw/public_hard_negatives/rvl/questionnaire_2ae183987b209f7a.jpg,0,val,rvl:questionnaire:2ae183987b209f7a
data/raw/public_hard_negatives/rvl/questionnaire_449ac32cfc085275.jpg,0,val,rvl:questionnaire:449ac32cfc085275
data/raw/public_hard_negatives/rvl/questionnaire_89ef93fa6d09c69b.jpg,0,val,rvl:questionnaire:89ef93fa6d09c69b
data/raw/public_hard_negatives/rvl/questionnaire_04e686b4ab2c5368.jpg,0,val,rvl:questionnaire:04e686b4ab2c5368
data/raw/public_hard_negatives/rvl/questionnaire_7f6fa688c1b4f7c1.jpg,0,val,rvl:questionnaire:7f6fa688c1b4f7c1
data/raw/public_hard_negatives/rvl/resume_6df363b6f560ff1e.jpg,0,val,rvl:resume:6df363b6f560ff1e
data/raw/public_hard_negatives/rvl/resume_089eb3966950f156.jpg,0,val,rvl:resume:089eb3966950f156
data/raw/public_hard_negatives/rvl/resume_ea369745fb5d29e6.jpg,0,val,rvl:resume:ea369745fb5d29e6
data/raw/public_hard_negatives/rvl/resume_6ed7828c26a8df95.jpg,0,val,rvl:resume:6ed7828c26a8df95
data/raw/public_hard_negatives/rvl/resume_f05243716d62309c.jpg,0,val,rvl:resume:f05243716d62309c
data/raw/public_hard_negatives/rvl/resume_e715f546f9974892.jpg,0,val,rvl:resume:e715f546f9974892
data/raw/public_hard_negatives/rvl/resume_d2e25f916158c51f.jpg,0,val,rvl:resume:d2e25f916158c51f
data/raw/public_hard_negatives/rvl/resume_04961100816313c4.jpg,0,val,rvl:resume:04961100816313c4
data/raw/public_hard_negatives/rvl/resume_7355c4d1878d5352.jpg,0,val,rvl:resume:7355c4d1878d5352
data/raw/public_hard_negatives/rvl/resume_54a7a8575f159968.jpg,0,val,rvl:resume:54a7a8575f159968
data/raw/public_hard_negatives/rvl/resume_9545a9962cce05af.jpg,0,val,rvl:resume:9545a9962cce05af
data/raw/public_hard_negatives/rvl/resume_a77911a99f9c56c4.jpg,0,val,rvl:resume:a77911a99f9c56c4
data/raw/public_hard_negatives/rvl/resume_cac45b638def2276.jpg,0,val,rvl:resume:cac45b638def2276
data/raw/public_hard_negatives/rvl/resume_8518a0caf170d5e5.jpg,0,val,rvl:resume:8518a0caf170d5e5
data/raw/public_hard_negatives/rvl/resume_3186155293e4fe0a.jpg,0,val,rvl:resume:3186155293e4fe0a
data/raw/public_hard_negatives/rvl/resume_86d13ba7b85d9af7.jpg,0,val,rvl:resume:86d13ba7b85d9af7
data/raw/public_hard_negatives/rvl/resume_7075d9287026ed71.jpg,0,val,rvl:resume:7075d9287026ed71
data/raw/public_hard_negatives/rvl/resume_ea4f2d6796374fa7.jpg,0,val,rvl:resume:ea4f2d6796374fa7
data/raw/public_hard_negatives/rvl/resume_7489bb36cd29dd5f.jpg,0,val,rvl:resume:7489bb36cd29dd5f
data/raw/public_hard_negatives/rvl/memo_b4b873685a3a03d3.jpg,0,val,rvl:memo:b4b873685a3a03d3
data/raw/public_hard_negatives/rvl/memo_547100f30f511735.jpg,0,val,rvl:memo:547100f30f511735
data/raw/public_hard_negatives/rvl/memo_bf37347ae11a1ab7.jpg,0,val,rvl:memo:bf37347ae11a1ab7
data/raw/public_hard_negatives/rvl/memo_c42e0b817b16636d.jpg,0,val,rvl:memo:c42e0b817b16636d
data/raw/public_hard_negatives/rvl/memo_e02bd8a21cb23e5b.jpg,0,val,rvl:memo:e02bd8a21cb23e5b
data/raw/public_hard_negatives/rvl/memo_6876de5d94dfa58b.jpg,0,val,rvl:memo:6876de5d94dfa58b
data/raw/public_hard_negatives/rvl/memo_d8bf8ef1fb772e89.jpg,0,val,rvl:memo:d8bf8ef1fb772e89
data/raw/public_hard_negatives/rvl/memo_a4c482fadb0e36db.jpg,0,val,rvl:memo:a4c482fadb0e36db
data/raw/public_hard_negatives/rvl/memo_670a1835903183d6.jpg,0,val,rvl:memo:670a1835903183d6
data/raw/public_hard_negatives/rvl/memo_7a1107cf0cd96bb3.jpg,0,val,rvl:memo:7a1107cf0cd96bb3
data/raw/public_hard_negatives/rvl/memo_fed5cd37f91513ca.jpg,0,val,rvl:memo:fed5cd37f91513ca
data/raw/public_hard_negatives/rvl/memo_a00d71a65311998e.jpg,0,val,rvl:memo:a00d71a65311998e
data/raw/public_hard_negatives/rvl/memo_0888ac012ffdc89f.jpg,0,val,rvl:memo:0888ac012ffdc89f
data/raw/public_hard_negatives/rvl/memo_abf82da636f24856.jpg,0,val,rvl:memo:abf82da636f24856
data/raw/public_hard_negatives/rvl/memo_a36d63e027589804.jpg,0,val,rvl:memo:a36d63e027589804
data/raw/public_hard_negatives/rvl/memo_81e8ecae78aca683.jpg,0,val,rvl:memo:81e8ecae78aca683
data/raw/public_hard_negatives/rvl/memo_ad8764652747c779.jpg,0,val,rvl:memo:ad8764652747c779
data/raw/public_hard_negatives/rvl/memo_b513a9d980298375.jpg,0,val,rvl:memo:b513a9d980298375
data/raw/public_hard_negatives/rvl/memo_4401aac655420154.jpg,0,val,rvl:memo:4401aac655420154
data/raw/public_hard_negatives/rvl/memo_7dcf053716e8eff8.jpg,0,val,rvl:memo:7dcf053716e8eff8
data/raw/public_hard_negatives/hiertext/757baf85b84deee3.jpg,0,val,hiertext:757baf85b84deee3
data/raw/public_hard_negatives/hiertext/c640cdeb564fe9eb.jpg,0,val,hiertext:c640cdeb564fe9eb
data/raw/public_hard_negatives/hiertext/8a9653af601b35bf.jpg,0,val,hiertext:8a9653af601b35bf
data/raw/public_hard_negatives/hiertext/664ef6162599a235.jpg,0,val,hiertext:664ef6162599a235
data/raw/public_hard_negatives/hiertext/b3c7fcfa137b1a05.jpg,0,val,hiertext:b3c7fcfa137b1a05
data/raw/public_hard_negatives/hiertext/7496b8c8bc6469b5.jpg,0,val,hiertext:7496b8c8bc6469b5
data/raw/public_hard_negatives/hiertext/db99cc9b16be7147.jpg,0,val,hiertext:db99cc9b16be7147
data/raw/public_hard_negatives/hiertext/360d7ca86574da12.jpg,0,val,hiertext:360d7ca86574da12
data/raw/public_hard_negatives/hiertext/102f2c6a35f05df6.jpg,0,val,hiertext:102f2c6a35f05df6
data/raw/public_hard_negatives/hiertext/a6c5bea89740200c.jpg,0,val,hiertext:a6c5bea89740200c
data/raw/public_hard_negatives/hiertext/58689334895df49d.jpg,0,val,hiertext:58689334895df49d
data/raw/public_hard_negatives/hiertext/67e367b45f5bc324.jpg,0,val,hiertext:67e367b45f5bc324
data/raw/public_hard_negatives/hiertext/858236d2b0247ef3.jpg,0,val,hiertext:858236d2b0247ef3
data/raw/public_hard_negatives/hiertext/60bfca3d0323a49d.jpg,0,val,hiertext:60bfca3d0323a49d
data/raw/public_hard_negatives/hiertext/428a7b3642248331.jpg,0,val,hiertext:428a7b3642248331
data/raw/public_hard_negatives/hiertext/773bb654163b2812.jpg,0,val,hiertext:773bb654163b2812
data/raw/public_hard_negatives/hiertext/5252c33bbc093f3c.jpg,0,val,hiertext:5252c33bbc093f3c
data/raw/public_hard_negatives/hiertext/537379049fbd93cb.jpg,0,val,hiertext:537379049fbd93cb
data/raw/public_hard_negatives/hiertext/96fb2a4a66702374.jpg,0,val,hiertext:96fb2a4a66702374
data/raw/public_hard_negatives/hiertext/bded7abc2faa43c4.jpg,0,val,hiertext:bded7abc2faa43c4
data/raw/public_hard_negatives/hiertext/064c8afa1a51e0bb.jpg,0,val,hiertext:064c8afa1a51e0bb
data/raw/public_hard_negatives/hiertext/864153969a76639b.jpg,0,val,hiertext:864153969a76639b
data/raw/public_hard_negatives/hiertext/7958ba40d90b8097.jpg,0,val,hiertext:7958ba40d90b8097
data/raw/public_hard_negatives/hiertext/39c215a4679d3848.jpg,0,val,hiertext:39c215a4679d3848
data/raw/public_hard_negatives/hiertext/db883fbef1be064a.jpg,0,val,hiertext:db883fbef1be064a
data/raw/public_hard_negatives/hiertext/4cea4fea0d9813ba.jpg,0,val,hiertext:4cea4fea0d9813ba
data/raw/public_hard_negatives/hiertext/79b0050b567591a4.jpg,0,val,hiertext:79b0050b567591a4
data/raw/public_hard_negatives/hiertext/7e52faa692e2ec7c.jpg,0,val,hiertext:7e52faa692e2ec7c
data/raw/public_hard_negatives/hiertext/045278cb03219c06.jpg,0,val,hiertext:045278cb03219c06
data/raw/public_hard_negatives/hiertext/dadedb32bac3b819.jpg,0,val,hiertext:dadedb32bac3b819
data/raw/public_hard_negatives/hiertext/aa10b33a40a01c67.jpg,0,val,hiertext:aa10b33a40a01c67
data/raw/public_hard_negatives/hiertext/0112b5587ac77c29.jpg,0,val,hiertext:0112b5587ac77c29
data/raw/public_hard_negatives/hiertext/aa0a45c109d380df.jpg,0,val,hiertext:aa0a45c109d380df
data/raw/public_hard_negatives/hiertext/e4de4f4143491a9d.jpg,0,val,hiertext:e4de4f4143491a9d
data/raw/public_hard_negatives/hiertext/2a31c7936f9d0ac6.jpg,0,val,hiertext:2a31c7936f9d0ac6
data/raw/public_hard_negatives/hiertext/08305773da04ad9b.jpg,0,val,hiertext:08305773da04ad9b
data/raw/public_hard_negatives/hiertext/b0d2e7080fe72bdb.jpg,0,val,hiertext:b0d2e7080fe72bdb
data/raw/public_hard_negatives/hiertext/9c86c84c962ad905.jpg,0,val,hiertext:9c86c84c962ad905
data/raw/public_hard_negatives/hiertext/870b721faf7b475d.jpg,0,val,hiertext:870b721faf7b475d
data/raw/public_hard_negatives/hiertext/d3cbedb76d4ff953.jpg,0,val,hiertext:d3cbedb76d4ff953
data/raw/public_hard_negatives/hiertext/e8d1be7082989099.jpg,0,val,hiertext:e8d1be7082989099
data/raw/public_hard_negatives/hiertext/4c54e98a228679a7.jpg,0,val,hiertext:4c54e98a228679a7
data/raw/public_hard_negatives/hiertext/68892e5cfa4054c1.jpg,0,val,hiertext:68892e5cfa4054c1
data/raw/public_hard_negatives/hiertext/57ece7949aa80e1a.jpg,0,val,hiertext:57ece7949aa80e1a
data/raw/public_hard_negatives/hiertext/a03e16b58763f87d.jpg,0,val,hiertext:a03e16b58763f87d
data/raw/public_hard_negatives/hiertext/eec86efed1be34cf.jpg,0,val,hiertext:eec86efed1be34cf
data/raw/public_hard_negatives/hiertext/5cfba89b787c1681.jpg,0,val,hiertext:5cfba89b787c1681
data/raw/public_hard_negatives/hiertext/f5ef2832a8495f91.jpg,0,val,hiertext:f5ef2832a8495f91
data/raw/public_hard_negatives/hiertext/a2b3271fb0453892.jpg,0,val,hiertext:a2b3271fb0453892
data/raw/public_hard_negatives/hiertext/f0d5be7b423bd666.jpg,0,val,hiertext:f0d5be7b423bd666
data/raw/public_hard_negatives/hiertext/92c04cd59aea58b3.jpg,0,val,hiertext:92c04cd59aea58b3
data/raw/public_hard_negatives/hiertext/5262ca23757b930b.jpg,0,val,hiertext:5262ca23757b930b
data/raw/public_hard_negatives/hiertext/80baf8ca6d00be3b.jpg,0,val,hiertext:80baf8ca6d00be3b
data/raw/public_hard_negatives/hiertext/490afae9ff9e98a6.jpg,0,val,hiertext:490afae9ff9e98a6
data/raw/public_hard_negatives/hiertext/529dcdb7a87af94e.jpg,0,val,hiertext:529dcdb7a87af94e
data/raw/public_hard_negatives/hiertext/765e06edc56d5695.jpg,0,val,hiertext:765e06edc56d5695
data/raw/public_hard_negatives/hiertext/edf0dca03698fbda.jpg,0,val,hiertext:edf0dca03698fbda
data/raw/public_hard_negatives/hiertext/f3f3db73848153f6.jpg,0,val,hiertext:f3f3db73848153f6
data/raw/public_hard_negatives/hiertext/7f95640b675f08c3.jpg,0,val,hiertext:7f95640b675f08c3
data/raw/public_hard_negatives/hiertext/bec8b95d10c1da3a.jpg,0,val,hiertext:bec8b95d10c1da3a
data/raw/public_hard_negatives/hiertext/d7817c5120b73946.jpg,0,val,hiertext:d7817c5120b73946
data/raw/public_hard_negatives/hiertext/4c6b17e51862808e.jpg,0,val,hiertext:4c6b17e51862808e
data/raw/public_hard_negatives/hiertext/86dcf1f1b71f5e62.jpg,0,val,hiertext:86dcf1f1b71f5e62
data/raw/public_hard_negatives/hiertext/82325235ce5d3931.jpg,0,val,hiertext:82325235ce5d3931
data/raw/public_hard_negatives/hiertext/6f92aad5ee4e5743.jpg,0,val,hiertext:6f92aad5ee4e5743
data/raw/public_hard_negatives/hiertext/597638cd8bb0b752.jpg,0,val,hiertext:597638cd8bb0b752
data/raw/public_hard_negatives/hiertext/0185186d9d8b04e2.jpg,0,val,hiertext:0185186d9d8b04e2
data/raw/public_hard_negatives/hiertext/a3248b7e5f52a0cd.jpg,0,val,hiertext:a3248b7e5f52a0cd
data/raw/public_hard_negatives/hiertext/95d2dd5b0a01a202.jpg,0,val,hiertext:95d2dd5b0a01a202
data/raw/public_hard_negatives/hiertext/ee4db4f0ca768d3b.jpg,0,val,hiertext:ee4db4f0ca768d3b
data/raw/public_hard_negatives/hiertext/399263e9fd005727.jpg,0,val,hiertext:399263e9fd005727
data/raw/public_hard_negatives/hiertext/d1dcbd177c99e6b6.jpg,0,val,hiertext:d1dcbd177c99e6b6
data/raw/public_hard_negatives/hiertext/5bd88615bc44be48.jpg,0,val,hiertext:5bd88615bc44be48
data/raw/pool/pos_cord_receipts_00000.jpg,1,test,data/raw/pool/pos_cord_receipts_00000.jpg
data/raw/pool/pos_cord_receipts_00018.jpg,1,test,data/raw/pool/pos_cord_receipts_00018.jpg
data/raw/pool/pos_cord_receipts_00021.jpg,1,test,data/raw/pool/pos_cord_receipts_00021.jpg
data/raw/pool/pos_cord_receipts_00034.jpg,1,test,data/raw/pool/pos_cord_receipts_00034.jpg
data/raw/pool/pos_cord_receipts_00035.jpg,1,test,data/raw/pool/pos_cord_receipts_00035.jpg
data/raw/pool/pos_cord_receipts_00040.jpg,1,test,data/raw/pool/pos_cord_receipts_00040.jpg
data/raw/pool/pos_cord_receipts_00057.jpg,1,test,data/raw/pool/pos_cord_receipts_00057.jpg
data/raw/pool/pos_cord_receipts_00058.jpg,1,test,data/raw/pool/pos_cord_receipts_00058.jpg
data/raw/pool/pos_cord_receipts_00066.jpg,1,test,data/raw/pool/pos_cord_receipts_00066.jpg
data/raw/pool/pos_cord_receipts_00070.jpg,1,test,data/raw/pool/pos_cord_receipts_00070.jpg
data/raw/pool/pos_cord_receipts_00073.jpg,1,test,data/raw/pool/pos_cord_receipts_00073.jpg
data/raw/pool/pos_cord_receipts_00075.jpg,1,test,data/raw/pool/pos_cord_receipts_00075.jpg
data/raw/pool/pos_cord_receipts_00091.jpg,1,test,data/raw/pool/pos_cord_receipts_00091.jpg
data/raw/pool/pos_cord_receipts_00110.jpg,1,test,data/raw/pool/pos_cord_receipts_00110.jpg
data/raw/pool/pos_cord_receipts_00119.jpg,1,test,data/raw/pool/pos_cord_receipts_00119.jpg
data/raw/pool/pos_cord_receipts_00126.jpg,1,test,data/raw/pool/pos_cord_receipts_00126.jpg
data/raw/pool/pos_cord_receipts_00130.jpg,1,test,data/raw/pool/pos_cord_receipts_00130.jpg
data/raw/pool/pos_cord_receipts_00135.jpg,1,test,data/raw/pool/pos_cord_receipts_00135.jpg
data/raw/pool/pos_cord_receipts_00136.jpg,1,test,data/raw/pool/pos_cord_receipts_00136.jpg
data/raw/pool/pos_cord_receipts_00168.jpg,1,test,data/raw/pool/pos_cord_receipts_00168.jpg
data/raw/pool/pos_cord_receipts_00175.jpg,1,test,data/raw/pool/pos_cord_receipts_00175.jpg
data/raw/pool/pos_cord_receipts_00177.jpg,1,test,data/raw/pool/pos_cord_receipts_00177.jpg
data/raw/pool/pos_cord_receipts_00201.jpg,1,test,data/raw/pool/pos_cord_receipts_00201.jpg
data/raw/pool/pos_cord_receipts_00206.jpg,1,test,data/raw/pool/pos_cord_receipts_00206.jpg
data/raw/pool/pos_cord_receipts_00229.jpg,1,test,data/raw/pool/pos_cord_receipts_00229.jpg
data/raw/pool/pos_cord_receipts_00233.jpg,1,test,data/raw/pool/pos_cord_receipts_00233.jpg
data/raw/pool/pos_cord_receipts_00239.jpg,1,test,data/raw/pool/pos_cord_receipts_00239.jpg
data/raw/pool/pos_cord_receipts_00245.jpg,1,test,data/raw/pool/pos_cord_receipts_00245.jpg
data/raw/pool/pos_cord_receipts_00267.jpg,1,test,data/raw/pool/pos_cord_receipts_00267.jpg
data/raw/pool/pos_cord_receipts_00302.jpg,1,test,data/raw/pool/pos_cord_receipts_00302.jpg
data/raw/pool/pos_cord_receipts_00306.jpg,1,test,data/raw/pool/pos_cord_receipts_00306.jpg
data/raw/pool/pos_cord_receipts_00316.jpg,1,test,data/raw/pool/pos_cord_receipts_00316.jpg
data/raw/pool/pos_cord_receipts_00317.jpg,1,test,data/raw/pool/pos_cord_receipts_00317.jpg
data/raw/pool/pos_cord_receipts_00322.jpg,1,test,data/raw/pool/pos_cord_receipts_00322.jpg
data/raw/pool/pos_cord_receipts_00363.jpg,1,test,data/raw/pool/pos_cord_receipts_00363.jpg
data/raw/pool/pos_cord_receipts_00366.jpg,1,test,data/raw/pool/pos_cord_receipts_00366.jpg
data/raw/pool/pos_cord_receipts_00376.jpg,1,test,data/raw/pool/pos_cord_receipts_00376.jpg
data/raw/pool/pos_cord_receipts_00384.jpg,1,test,data/raw/pool/pos_cord_receipts_00384.jpg
data/raw/pool/pos_cord_receipts_00389.jpg,1,test,data/raw/pool/pos_cord_receipts_00389.jpg
data/raw/pool/pos_cord_receipts_00391.jpg,1,test,data/raw/pool/pos_cord_receipts_00391.jpg
data/raw/pool/pos_cord_receipts_00419.jpg,1,test,data/raw/pool/pos_cord_receipts_00419.jpg
data/raw/pool/pos_cord_receipts_00451.jpg,1,test,data/raw/pool/pos_cord_receipts_00451.jpg
data/raw/pool/pos_cord_receipts_00453.jpg,1,test,data/raw/pool/pos_cord_receipts_00453.jpg
data/raw/pool/pos_cord_receipts_00466.jpg,1,test,data/raw/pool/pos_cord_receipts_00466.jpg
data/raw/pool/pos_cord_receipts_00480.jpg,1,test,data/raw/pool/pos_cord_receipts_00480.jpg
data/raw/pool/pos_cord_receipts_00484.jpg,1,test,data/raw/pool/pos_cord_receipts_00484.jpg
data/raw/pool/pos_cord_receipts_00498.jpg,1,test,data/raw/pool/pos_cord_receipts_00498.jpg
data/raw/pool/pos_cord_receipts_00503.jpg,1,test,data/raw/pool/pos_cord_receipts_00503.jpg
data/raw/pool/pos_cord_receipts_00536.jpg,1,test,data/raw/pool/pos_cord_receipts_00536.jpg
data/raw/pool/pos_cord_receipts_00540.jpg,1,test,data/raw/pool/pos_cord_receipts_00540.jpg
data/raw/pool/pos_cord_receipts_00566.jpg,1,test,data/raw/pool/pos_cord_receipts_00566.jpg
data/raw/pool/pos_cord_receipts_00569.jpg,1,test,data/raw/pool/pos_cord_receipts_00569.jpg
data/raw/pool/pos_cord_receipts_00574.jpg,1,test,data/raw/pool/pos_cord_receipts_00574.jpg
data/raw/pool/pos_cord_receipts_00580.jpg,1,test,data/raw/pool/pos_cord_receipts_00580.jpg
data/raw/pool/pos_cord_receipts_00588.jpg,1,test,data/raw/pool/pos_cord_receipts_00588.jpg
data/raw/pool/pos_cord_receipts_00597.jpg,1,test,data/raw/pool/pos_cord_receipts_00597.jpg
data/raw/pool/pos_cord_receipts_00599.jpg,1,test,data/raw/pool/pos_cord_receipts_00599.jpg
data/raw/pool/pos_sroie_receipts_00000.jpg,1,test,data/raw/pool/pos_sroie_receipts_00000.jpg
data/raw/pool/pos_sroie_receipts_00001.jpg,1,test,data/raw/pool/pos_sroie_receipts_00001.jpg
data/raw/pool/pos_sroie_receipts_00006.jpg,1,test,data/raw/pool/pos_sroie_receipts_00006.jpg
data/raw/pool/pos_sroie_receipts_00019.jpg,1,test,data/raw/pool/pos_sroie_receipts_00019.jpg
data/raw/pool/pos_sroie_receipts_00027.jpg,1,test,data/raw/pool/pos_sroie_receipts_00027.jpg
data/raw/pool/pos_sroie_receipts_00047.jpg,1,test,data/raw/pool/pos_sroie_receipts_00047.jpg
data/raw/pool/pos_sroie_receipts_00054.jpg,1,test,data/raw/pool/pos_sroie_receipts_00054.jpg
data/raw/pool/pos_sroie_receipts_00056.jpg,1,test,data/raw/pool/pos_sroie_receipts_00056.jpg
data/raw/pool/pos_sroie_receipts_00073.jpg,1,test,data/raw/pool/pos_sroie_receipts_00073.jpg
data/raw/pool/pos_sroie_receipts_00075.jpg,1,test,data/raw/pool/pos_sroie_receipts_00075.jpg
data/raw/pool/pos_sroie_receipts_00089.jpg,1,test,data/raw/pool/pos_sroie_receipts_00089.jpg
data/raw/pool/pos_sroie_receipts_00092.jpg,1,test,data/raw/pool/pos_sroie_receipts_00092.jpg
data/raw/pool/pos_sroie_receipts_00099.jpg,1,test,data/raw/pool/pos_sroie_receipts_00099.jpg
data/raw/pool/pos_sroie_receipts_00104.jpg,1,test,data/raw/pool/pos_sroie_receipts_00104.jpg
data/raw/pool/pos_sroie_receipts_00105.jpg,1,test,data/raw/pool/pos_sroie_receipts_00105.jpg
data/raw/pool/pos_sroie_receipts_00111.jpg,1,test,data/raw/pool/pos_sroie_receipts_00111.jpg
data/raw/pool/pos_sroie_receipts_00147.jpg,1,test,data/raw/pool/pos_sroie_receipts_00147.jpg
data/raw/pool/pos_sroie_receipts_00154.jpg,1,test,data/raw/pool/pos_sroie_receipts_00154.jpg
data/raw/pool/pos_sroie_receipts_00157.jpg,1,test,data/raw/pool/pos_sroie_receipts_00157.jpg
data/raw/pool/pos_sroie_receipts_00162.jpg,1,test,data/raw/pool/pos_sroie_receipts_00162.jpg
data/raw/pool/pos_sroie_receipts_00164.jpg,1,test,data/raw/pool/pos_sroie_receipts_00164.jpg
data/raw/pool/pos_sroie_receipts_00169.jpg,1,test,data/raw/pool/pos_sroie_receipts_00169.jpg
data/raw/pool/pos_sroie_receipts_00178.jpg,1,test,data/raw/pool/pos_sroie_receipts_00178.jpg
data/raw/pool/pos_sroie_receipts_00180.jpg,1,test,data/raw/pool/pos_sroie_receipts_00180.jpg
data/raw/pool/pos_sroie_receipts_00185.jpg,1,test,data/raw/pool/pos_sroie_receipts_00185.jpg
data/raw/pool/pos_sroie_receipts_00193.jpg,1,test,data/raw/pool/pos_sroie_receipts_00193.jpg
data/raw/pool/pos_sroie_receipts_00194.jpg,1,test,data/raw/pool/pos_sroie_receipts_00194.jpg
data/raw/pool/pos_sroie_receipts_00201.jpg,1,test,data/raw/pool/pos_sroie_receipts_00201.jpg
data/raw/pool/pos_sroie_receipts_00216.jpg,1,test,data/raw/pool/pos_sroie_receipts_00216.jpg
data/raw/pool/pos_sroie_receipts_00229.jpg,1,test,data/raw/pool/pos_sroie_receipts_00229.jpg
data/raw/pool/pos_sroie_receipts_00253.jpg,1,test,data/raw/pool/pos_sroie_receipts_00253.jpg
data/raw/pool/pos_sroie_receipts_00266.jpg,1,test,data/raw/pool/pos_sroie_receipts_00266.jpg
data/raw/pool/pos_sroie_receipts_00267.jpg,1,test,data/raw/pool/pos_sroie_receipts_00267.jpg
data/raw/pool/pos_sroie_receipts_00273.jpg,1,test,data/raw/pool/pos_sroie_receipts_00273.jpg
data/raw/pool/pos_sroie_receipts_00282.jpg,1,test,data/raw/pool/pos_sroie_receipts_00282.jpg
data/raw/pool/pos_sroie_receipts_00286.jpg,1,test,data/raw/pool/pos_sroie_receipts_00286.jpg
data/raw/pool/pos_sroie_receipts_00304.jpg,1,test,data/raw/pool/pos_sroie_receipts_00304.jpg
data/raw/pool/pos_sroie_receipts_00318.jpg,1,test,data/raw/pool/pos_sroie_receipts_00318.jpg
data/raw/pool/pos_sroie_receipts_00337.jpg,1,test,data/raw/pool/pos_sroie_receipts_00337.jpg
data/raw/pool/pos_sroie_receipts_00339.jpg,1,test,data/raw/pool/pos_sroie_receipts_00339.jpg
data/raw/pool/pos_sroie_receipts_00341.jpg,1,test,data/raw/pool/pos_sroie_receipts_00341.jpg
data/raw/pool/pos_sroie_receipts_00348.jpg,1,test,data/raw/pool/pos_sroie_receipts_00348.jpg
data/raw/pool/pos_sroie_receipts_00350.jpg,1,test,data/raw/pool/pos_sroie_receipts_00350.jpg
data/raw/pool/pos_sroie_receipts_00369.jpg,1,test,data/raw/pool/pos_sroie_receipts_00369.jpg
data/raw/pool/pos_sroie_receipts_00374.jpg,1,test,data/raw/pool/pos_sroie_receipts_00374.jpg
data/raw/pool/pos_sroie_receipts_00376.jpg,1,test,data/raw/pool/pos_sroie_receipts_00376.jpg
data/raw/pool/pos_sroie_receipts_00381.jpg,1,test,data/raw/pool/pos_sroie_receipts_00381.jpg
data/raw/pool/pos_sroie_receipts_00405.jpg,1,test,data/raw/pool/pos_sroie_receipts_00405.jpg
data/raw/pool/pos_sroie_receipts_00409.jpg,1,test,data/raw/pool/pos_sroie_receipts_00409.jpg
data/raw/pool/pos_sroie_receipts_00428.jpg,1,test,data/raw/pool/pos_sroie_receipts_00428.jpg
data/raw/pool/pos_sroie_receipts_00434.jpg,1,test,data/raw/pool/pos_sroie_receipts_00434.jpg
data/raw/pool/pos_sroie_receipts_00449.jpg,1,test,data/raw/pool/pos_sroie_receipts_00449.jpg
data/raw/pool/pos_sroie_receipts_00469.jpg,1,test,data/raw/pool/pos_sroie_receipts_00469.jpg
data/raw/pool/pos_sroie_receipts_00472.jpg,1,test,data/raw/pool/pos_sroie_receipts_00472.jpg
data/raw/pool/pos_sroie_receipts_00480.jpg,1,test,data/raw/pool/pos_sroie_receipts_00480.jpg
data/raw/pool/pos_sroie_receipts_00498.jpg,1,test,data/raw/pool/pos_sroie_receipts_00498.jpg
data/raw/pool/pos_sroie_receipts_00501.jpg,1,test,data/raw/pool/pos_sroie_receipts_00501.jpg
data/raw/pool/pos_sroie_receipts_00524.jpg,1,test,data/raw/pool/pos_sroie_receipts_00524.jpg
data/raw/pool/pos_sroie_receipts_00526.jpg,1,test,data/raw/pool/pos_sroie_receipts_00526.jpg
data/raw/pool/pos_sroie_receipts_00531.jpg,1,test,data/raw/pool/pos_sroie_receipts_00531.jpg
data/raw/pool/pos_sroie_receipts_00548.jpg,1,test,data/raw/pool/pos_sroie_receipts_00548.jpg
data/raw/pool/pos_sroie_receipts_00571.jpg,1,test,data/raw/pool/pos_sroie_receipts_00571.jpg
data/raw/pool/pos_sroie_receipts_00573.jpg,1,test,data/raw/pool/pos_sroie_receipts_00573.jpg
data/raw/pool/pos_sroie_receipts_00579.jpg,1,test,data/raw/pool/pos_sroie_receipts_00579.jpg
data/raw/pool/pos_sroie_receipts_00582.jpg,1,test,data/raw/pool/pos_sroie_receipts_00582.jpg
data/raw/pool/pos_sroie_receipts_00596.jpg,1,test,data/raw/pool/pos_sroie_receipts_00596.jpg
data/raw/pool/pos_rvlcdip_invoice_00000.jpg,1,test,data/raw/pool/pos_rvlcdip_invoice_00000.jpg
data/raw/pool/pos_rvlcdip_invoice_00015.jpg,1,test,data/raw/pool/pos_rvlcdip_invoice_00015.jpg
data/raw/pool/pos_rvlcdip_invoice_00018.jpg,1,test,data/raw/pool/pos_rvlcdip_invoice_00018.jpg
data/raw/pool/pos_rvlcdip_invoice_00021.jpg,1,test,data/raw/pool/pos_rvlcdip_invoice_00021.jpg
data/raw/pool/pos_rvlcdip_invoice_00048.jpg,1,test,data/raw/pool/pos_rvlcdip_invoice_00048.jpg
data/raw/pool/pos_rvlcdip_invoice_00049.jpg,1,test,data/raw/pool/pos_rvlcdip_invoice_00049.jpg
data/raw/pool/pos_rvlcdip_invoice_00053.jpg,1,test,data/raw/pool/pos_rvlcdip_invoice_00053.jpg
data/raw/pool/pos_rvlcdip_invoice_00079.jpg,1,test,data/raw/pool/pos_rvlcdip_invoice_00079.jpg
data/raw/pool/pos_rvlcdip_invoice_00097.jpg,1,test,data/raw/pool/pos_rvlcdip_invoice_00097.jpg
data/raw/pool/pos_rvlcdip_invoice_00109.jpg,1,test,data/raw/pool/pos_rvlcdip_invoice_00109.jpg
data/raw/pool/pos_rvlcdip_invoice_00112.jpg,1,test,data/raw/pool/pos_rvlcdip_invoice_00112.jpg
data/raw/pool/pos_rvlcdip_invoice_00120.jpg,1,test,data/raw/pool/pos_rvlcdip_invoice_00120.jpg
data/raw/pool/pos_rvlcdip_invoice_00152.jpg,1,test,data/raw/pool/pos_rvlcdip_invoice_00152.jpg
data/raw/pool/pos_rvlcdip_invoice_00171.jpg,1,test,data/raw/pool/pos_rvlcdip_invoice_00171.jpg
data/raw/pool/pos_rvlcdip_invoice_00172.jpg,1,test,data/raw/pool/pos_rvlcdip_invoice_00172.jpg
data/raw/pool/pos_rvlcdip_invoice_00186.jpg,1,test,data/raw/pool/pos_rvlcdip_invoice_00186.jpg
data/raw/pool/pos_rvlcdip_invoice_00199.jpg,1,test,data/raw/pool/pos_rvlcdip_invoice_00199.jpg
data/raw/pool/pos_rvlcdip_invoice_00202.jpg,1,test,data/raw/pool/pos_rvlcdip_invoice_00202.jpg
data/raw/pool/pos_rvlcdip_invoice_00204.jpg,1,test,data/raw/pool/pos_rvlcdip_invoice_00204.jpg
data/raw/pool/pos_rvlcdip_invoice_00217.jpg,1,test,data/raw/pool/pos_rvlcdip_invoice_00217.jpg
data/raw/pool/pos_rvlcdip_invoice_00220.jpg,1,test,data/raw/pool/pos_rvlcdip_invoice_00220.jpg
data/raw/pool/pos_rvlcdip_invoice_00226.jpg,1,test,data/raw/pool/pos_rvlcdip_invoice_00226.jpg
data/raw/pool/pos_rvlcdip_invoice_00229.jpg,1,test,data/raw/pool/pos_rvlcdip_invoice_00229.jpg
data/raw/pool/pos_rvlcdip_invoice_00237.jpg,1,test,data/raw/pool/pos_rvlcdip_invoice_00237.jpg
data/raw/pool/pos_rvlcdip_invoice_00268.jpg,1,test,data/raw/pool/pos_rvlcdip_invoice_00268.jpg
data/raw/pool/pos_rvlcdip_invoice_00270.jpg,1,test,data/raw/pool/pos_rvlcdip_invoice_00270.jpg
data/raw/pool/pos_rvlcdip_invoice_00285.jpg,1,test,data/raw/pool/pos_rvlcdip_invoice_00285.jpg
data/raw/pool/pos_rvlcdip_invoice_00312.jpg,1,test,data/raw/pool/pos_rvlcdip_invoice_00312.jpg
data/raw/pool/pos_rvlcdip_invoice_00321.jpg,1,test,data/raw/pool/pos_rvlcdip_invoice_00321.jpg
data/raw/pool/pos_rvlcdip_invoice_00339.jpg,1,test,data/raw/pool/pos_rvlcdip_invoice_00339.jpg
data/raw/pool/pos_rvlcdip_invoice_00359.jpg,1,test,data/raw/pool/pos_rvlcdip_invoice_00359.jpg
data/raw/pool/pos_rvlcdip_invoice_00382.jpg,1,test,data/raw/pool/pos_rvlcdip_invoice_00382.jpg
data/raw/pool/pos_rvlcdip_invoice_00411.jpg,1,test,data/raw/pool/pos_rvlcdip_invoice_00411.jpg
data/raw/pool/pos_rvlcdip_invoice_00416.jpg,1,test,data/raw/pool/pos_rvlcdip_invoice_00416.jpg
data/raw/pool/pos_rvlcdip_invoice_00434.jpg,1,test,data/raw/pool/pos_rvlcdip_invoice_00434.jpg
data/raw/pool/pos_rvlcdip_invoice_00435.jpg,1,test,data/raw/pool/pos_rvlcdip_invoice_00435.jpg
data/raw/pool/pos_rvlcdip_invoice_00437.jpg,1,test,data/raw/pool/pos_rvlcdip_invoice_00437.jpg
data/raw/pool/pos_rvlcdip_invoice_00438.jpg,1,test,data/raw/pool/pos_rvlcdip_invoice_00438.jpg
data/raw/pool/pos_rvlcdip_invoice_00452.jpg,1,test,data/raw/pool/pos_rvlcdip_invoice_00452.jpg
data/raw/pool/pos_rvlcdip_invoice_00460.jpg,1,test,data/raw/pool/pos_rvlcdip_invoice_00460.jpg
data/raw/pool/pos_rvlcdip_invoice_00466.jpg,1,test,data/raw/pool/pos_rvlcdip_invoice_00466.jpg
data/raw/pool/pos_rvlcdip_invoice_00475.jpg,1,test,data/raw/pool/pos_rvlcdip_invoice_00475.jpg
data/raw/pool/pos_rvlcdip_invoice_00491.jpg,1,test,data/raw/pool/pos_rvlcdip_invoice_00491.jpg
data/raw/pool/pos_rvlcdip_invoice_00492.jpg,1,test,data/raw/pool/pos_rvlcdip_invoice_00492.jpg
data/raw/pool/pos_rvlcdip_invoice_00493.jpg,1,test,data/raw/pool/pos_rvlcdip_invoice_00493.jpg
data/raw/pool/pos_rvlcdip_invoice_00496.jpg,1,test,data/raw/pool/pos_rvlcdip_invoice_00496.jpg
data/raw/pool/pos_rvlcdip_invoice_00517.jpg,1,test,data/raw/pool/pos_rvlcdip_invoice_00517.jpg
data/raw/pool/pos_rvlcdip_invoice_00521.jpg,1,test,data/raw/pool/pos_rvlcdip_invoice_00521.jpg
data/raw/pool/pos_rvlcdip_invoice_00522.jpg,1,test,data/raw/pool/pos_rvlcdip_invoice_00522.jpg
data/raw/pool/pos_rvlcdip_invoice_00547.jpg,1,test,data/raw/pool/pos_rvlcdip_invoice_00547.jpg
data/raw/pool/pos_rvlcdip_invoice_00562.jpg,1,test,data/raw/pool/pos_rvlcdip_invoice_00562.jpg
data/raw/pool/pos_rvlcdip_invoice_00567.jpg,1,test,data/raw/pool/pos_rvlcdip_invoice_00567.jpg
data/raw/pool/pos_rvlcdip_invoice_00577.jpg,1,test,data/raw/pool/pos_rvlcdip_invoice_00577.jpg
data/raw/pool/pos_rvlcdip_invoice_00578.jpg,1,test,data/raw/pool/pos_rvlcdip_invoice_00578.jpg
data/raw/pool/pos_rvlcdip_invoice_00586.jpg,1,test,data/raw/pool/pos_rvlcdip_invoice_00586.jpg
data/raw/pool/pos_rvlcdip_invoice_00606.jpg,1,test,data/raw/pool/pos_rvlcdip_invoice_00606.jpg
data/raw/pool/pos_rvlcdip_invoice_00619.jpg,1,test,data/raw/pool/pos_rvlcdip_invoice_00619.jpg
data/raw/pool/pos_rvlcdip_invoice_00632.jpg,1,test,data/raw/pool/pos_rvlcdip_invoice_00632.jpg
data/raw/pool/pos_rvlcdip_invoice_00651.jpg,1,test,data/raw/pool/pos_rvlcdip_invoice_00651.jpg
data/raw/pool/pos_rvlcdip_invoice_00655.jpg,1,test,data/raw/pool/pos_rvlcdip_invoice_00655.jpg
data/raw/pool/pos_rvlcdip_invoice_00700.jpg,1,test,data/raw/pool/pos_rvlcdip_invoice_00700.jpg
data/raw/pool/pos_rvlcdip_invoice_00703.jpg,1,test,data/raw/pool/pos_rvlcdip_invoice_00703.jpg
data/raw/pool/pos_rvlcdip_invoice_00712.jpg,1,test,data/raw/pool/pos_rvlcdip_invoice_00712.jpg
data/raw/pool/pos_rvlcdip_invoice_00735.jpg,1,test,data/raw/pool/pos_rvlcdip_invoice_00735.jpg
data/raw/pool/pos_rvlcdip_invoice_00737.jpg,1,test,data/raw/pool/pos_rvlcdip_invoice_00737.jpg
data/raw/pool/pos_rvlcdip_invoice_00740.jpg,1,test,data/raw/pool/pos_rvlcdip_invoice_00740.jpg
data/raw/pool/pos_rvlcdip_invoice_00746.jpg,1,test,data/raw/pool/pos_rvlcdip_invoice_00746.jpg
data/raw/pool/pos_rvlcdip_invoice_00750.jpg,1,test,data/raw/pool/pos_rvlcdip_invoice_00750.jpg
data/raw/pool/pos_rvlcdip_invoice_00754.jpg,1,test,data/raw/pool/pos_rvlcdip_invoice_00754.jpg
data/raw/pool/pos_rvlcdip_invoice_00784.jpg,1,test,data/raw/pool/pos_rvlcdip_invoice_00784.jpg
data/raw/pool/pos_rvlcdip_invoice_00800.jpg,1,test,data/raw/pool/pos_rvlcdip_invoice_00800.jpg
data/raw/pool/pos_rvlcdip_invoice_00836.jpg,1,test,data/raw/pool/pos_rvlcdip_invoice_00836.jpg
data/raw/pool/pos_rvlcdip_invoice_00885.jpg,1,test,data/raw/pool/pos_rvlcdip_invoice_00885.jpg
data/raw/pool/pos_rvlcdip_invoice_00897.jpg,1,test,data/raw/pool/pos_rvlcdip_invoice_00897.jpg
data/raw/pool/pos_rvlcdip_invoice_00898.jpg,1,test,data/raw/pool/pos_rvlcdip_invoice_00898.jpg
data/raw/pool/pos_rvlcdip_invoice_00910.jpg,1,test,data/raw/pool/pos_rvlcdip_invoice_00910.jpg
data/raw/pool/pos_rvlcdip_invoice_00916.jpg,1,test,data/raw/pool/pos_rvlcdip_invoice_00916.jpg
data/raw/pool/pos_rvlcdip_invoice_00934.jpg,1,test,data/raw/pool/pos_rvlcdip_invoice_00934.jpg
data/raw/pool/pos_rvlcdip_invoice_00937.jpg,1,test,data/raw/pool/pos_rvlcdip_invoice_00937.jpg
data/raw/pool/pos_rvlcdip_invoice_00949.jpg,1,test,data/raw/pool/pos_rvlcdip_invoice_00949.jpg
data/raw/pool/pos_rvlcdip_invoice_00951.jpg,1,test,data/raw/pool/pos_rvlcdip_invoice_00951.jpg
data/raw/pool/pos_rvlcdip_invoice_00967.jpg,1,test,data/raw/pool/pos_rvlcdip_invoice_00967.jpg
data/raw/pool/pos_rvlcdip_invoice_00982.jpg,1,test,data/raw/pool/pos_rvlcdip_invoice_00982.jpg
data/raw/pool/pos_rvlcdip_invoice_00999.jpg,1,test,data/raw/pool/pos_rvlcdip_invoice_00999.jpg
data/raw/pool/pos_rvlcdip_invoice_01020.jpg,1,test,data/raw/pool/pos_rvlcdip_invoice_01020.jpg
data/raw/pool/pos_rvlcdip_invoice_01021.jpg,1,test,data/raw/pool/pos_rvlcdip_invoice_01021.jpg
data/raw/pool/pos_rvlcdip_invoice_01046.jpg,1,test,data/raw/pool/pos_rvlcdip_invoice_01046.jpg
data/raw/pool/pos_rvlcdip_invoice_01048.jpg,1,test,data/raw/pool/pos_rvlcdip_invoice_01048.jpg
data/raw/pool/pos_rvlcdip_invoice_01084.jpg,1,test,data/raw/pool/pos_rvlcdip_invoice_01084.jpg
data/raw/pool/pos_rvlcdip_invoice_01086.jpg,1,test,data/raw/pool/pos_rvlcdip_invoice_01086.jpg
data/raw/pool/pos_rvlcdip_invoice_01087.jpg,1,test,data/raw/pool/pos_rvlcdip_invoice_01087.jpg
data/raw/pool/pos_rvlcdip_invoice_01098.jpg,1,test,data/raw/pool/pos_rvlcdip_invoice_01098.jpg
data/raw/pool/pos_rvlcdip_invoice_01100.jpg,1,test,data/raw/pool/pos_rvlcdip_invoice_01100.jpg
data/raw/pool/pos_rvlcdip_invoice_01125.jpg,1,test,data/raw/pool/pos_rvlcdip_invoice_01125.jpg
data/raw/pool/pos_rvlcdip_invoice_01129.jpg,1,test,data/raw/pool/pos_rvlcdip_invoice_01129.jpg
data/raw/pool/pos_rvlcdip_invoice_01134.jpg,1,test,data/raw/pool/pos_rvlcdip_invoice_01134.jpg
data/raw/pool/pos_rvlcdip_invoice_01136.jpg,1,test,data/raw/pool/pos_rvlcdip_invoice_01136.jpg
data/raw/pool/pos_rvlcdip_invoice_01138.jpg,1,test,data/raw/pool/pos_rvlcdip_invoice_01138.jpg
data/raw/pool/pos_rvlcdip_invoice_01141.jpg,1,test,data/raw/pool/pos_rvlcdip_invoice_01141.jpg
data/raw/pool/pos_rvlcdip_invoice_01155.jpg,1,test,data/raw/pool/pos_rvlcdip_invoice_01155.jpg
data/raw/pool/pos_rvlcdip_invoice_01158.jpg,1,test,data/raw/pool/pos_rvlcdip_invoice_01158.jpg
data/raw/pool/pos_rvlcdip_invoice_01166.jpg,1,test,data/raw/pool/pos_rvlcdip_invoice_01166.jpg
data/raw/pool/pos_rvlcdip_invoice_01174.jpg,1,test,data/raw/pool/pos_rvlcdip_invoice_01174.jpg
data/raw/pool/pos_rvlcdip_invoice_01182.jpg,1,test,data/raw/pool/pos_rvlcdip_invoice_01182.jpg
data/raw/pool/pos_rvlcdip_invoice_01189.jpg,1,test,data/raw/pool/pos_rvlcdip_invoice_01189.jpg
data/raw/pool/pos_rvlcdip_invoice_01191.jpg,1,test,data/raw/pool/pos_rvlcdip_invoice_01191.jpg
data/raw/pool/pos_rvlcdip_invoice_01203.jpg,1,test,data/raw/pool/pos_rvlcdip_invoice_01203.jpg
data/raw/pool/pos_rvlcdip_invoice_01206.jpg,1,test,data/raw/pool/pos_rvlcdip_invoice_01206.jpg
data/raw/pool/pos_rvlcdip_invoice_01219.jpg,1,test,data/raw/pool/pos_rvlcdip_invoice_01219.jpg
data/raw/pool/pos_rvlcdip_invoice_01225.jpg,1,test,data/raw/pool/pos_rvlcdip_invoice_01225.jpg
data/raw/pool/pos_rvlcdip_invoice_01231.jpg,1,test,data/raw/pool/pos_rvlcdip_invoice_01231.jpg
data/raw/pool/pos_rvlcdip_invoice_01238.jpg,1,test,data/raw/pool/pos_rvlcdip_invoice_01238.jpg
data/raw/pool/pos_rvlcdip_invoice_01240.jpg,1,test,data/raw/pool/pos_rvlcdip_invoice_01240.jpg
data/raw/pool/pos_rvlcdip_invoice_01247.jpg,1,test,data/raw/pool/pos_rvlcdip_invoice_01247.jpg
data/raw/pool/pos_rvlcdip_invoice_01261.jpg,1,test,data/raw/pool/pos_rvlcdip_invoice_01261.jpg
data/raw/pool/pos_rvlcdip_invoice_01264.jpg,1,test,data/raw/pool/pos_rvlcdip_invoice_01264.jpg
data/raw/pool/pos_rvlcdip_invoice_01279.jpg,1,test,data/raw/pool/pos_rvlcdip_invoice_01279.jpg
data/raw/pool/pos_rvlcdip_invoice_01293.jpg,1,test,data/raw/pool/pos_rvlcdip_invoice_01293.jpg
data/raw/pool/pos_rvlcdip_invoice_01301.jpg,1,test,data/raw/pool/pos_rvlcdip_invoice_01301.jpg
data/raw/pool/pos_rvlcdip_invoice_01304.jpg,1,test,data/raw/pool/pos_rvlcdip_invoice_01304.jpg
data/raw/pool/pos_rvlcdip_invoice_01309.jpg,1,test,data/raw/pool/pos_rvlcdip_invoice_01309.jpg
data/raw/pool/pos_rvlcdip_invoice_01310.jpg,1,test,data/raw/pool/pos_rvlcdip_invoice_01310.jpg
data/raw/pool/pos_rvlcdip_invoice_01346.jpg,1,test,data/raw/pool/pos_rvlcdip_invoice_01346.jpg
data/raw/pool/pos_rvlcdip_invoice_01353.jpg,1,test,data/raw/pool/pos_rvlcdip_invoice_01353.jpg
data/raw/pool/pos_rvlcdip_invoice_01354.jpg,1,test,data/raw/pool/pos_rvlcdip_invoice_01354.jpg
data/raw/pool/pos_rvlcdip_invoice_01360.jpg,1,test,data/raw/pool/pos_rvlcdip_invoice_01360.jpg
data/raw/pool/pos_rvlcdip_invoice_01376.jpg,1,test,data/raw/pool/pos_rvlcdip_invoice_01376.jpg
data/raw/pool/pos_rvlcdip_invoice_01379.jpg,1,test,data/raw/pool/pos_rvlcdip_invoice_01379.jpg
data/raw/pool/pos_rvlcdip_invoice_01382.jpg,1,test,data/raw/pool/pos_rvlcdip_invoice_01382.jpg
data/raw/pool/pos_rvlcdip_invoice_01388.jpg,1,test,data/raw/pool/pos_rvlcdip_invoice_01388.jpg
data/raw/pool/pos_rvlcdip_invoice_01395.jpg,1,test,data/raw/pool/pos_rvlcdip_invoice_01395.jpg
data/raw/pool/pos_rvlcdip_invoice_01397.jpg,1,test,data/raw/pool/pos_rvlcdip_invoice_01397.jpg
data/raw/pool/pos_rvlcdip_invoice_01403.jpg,1,test,data/raw/pool/pos_rvlcdip_invoice_01403.jpg
data/raw/pool/pos_rvlcdip_invoice_01409.jpg,1,test,data/raw/pool/pos_rvlcdip_invoice_01409.jpg
data/raw/pool/pos_rvlcdip_invoice_01426.jpg,1,test,data/raw/pool/pos_rvlcdip_invoice_01426.jpg
data/raw/pool/pos_rvlcdip_invoice_01432.jpg,1,test,data/raw/pool/pos_rvlcdip_invoice_01432.jpg
data/raw/pool/pos_rvlcdip_invoice_01446.jpg,1,test,data/raw/pool/pos_rvlcdip_invoice_01446.jpg
data/raw/pool/pos_rvlcdip_invoice_01456.jpg,1,test,data/raw/pool/pos_rvlcdip_invoice_01456.jpg
data/raw/pool/pos_rvlcdip_invoice_01461.jpg,1,test,data/raw/pool/pos_rvlcdip_invoice_01461.jpg
data/raw/pool/pos_rvlcdip_invoice_01463.jpg,1,test,data/raw/pool/pos_rvlcdip_invoice_01463.jpg
data/raw/pool/pos_rvlcdip_invoice_01472.jpg,1,test,data/raw/pool/pos_rvlcdip_invoice_01472.jpg
data/raw/pool/pos_rvlcdip_invoice_01489.jpg,1,test,data/raw/pool/pos_rvlcdip_invoice_01489.jpg
data/raw/pool/pos_rvlcdip_invoice_01490.jpg,1,test,data/raw/pool/pos_rvlcdip_invoice_01490.jpg
data/raw/pool/pos_rvlcdip_invoice_01499.jpg,1,test,data/raw/pool/pos_rvlcdip_invoice_01499.jpg
data/raw/pool/pos_rvlcdip_invoice_01506.jpg,1,test,data/raw/pool/pos_rvlcdip_invoice_01506.jpg
data/raw/pool/pos_rvlcdip_invoice_01519.jpg,1,test,data/raw/pool/pos_rvlcdip_invoice_01519.jpg
data/raw/pool/pos_rvlcdip_invoice_01532.jpg,1,test,data/raw/pool/pos_rvlcdip_invoice_01532.jpg
data/raw/pool/pos_rvlcdip_invoice_01536.jpg,1,test,data/raw/pool/pos_rvlcdip_invoice_01536.jpg
data/raw/pool/pos_rvlcdip_invoice_01551.jpg,1,test,data/raw/pool/pos_rvlcdip_invoice_01551.jpg
data/raw/pool/pos_rvlcdip_invoice_01564.jpg,1,test,data/raw/pool/pos_rvlcdip_invoice_01564.jpg
data/raw/pool/pos_rvlcdip_invoice_01571.jpg,1,test,data/raw/pool/pos_rvlcdip_invoice_01571.jpg
data/raw/pool/pos_rvlcdip_invoice_01572.jpg,1,test,data/raw/pool/pos_rvlcdip_invoice_01572.jpg
data/raw/pool/pos_rvlcdip_invoice_01590.jpg,1,test,data/raw/pool/pos_rvlcdip_invoice_01590.jpg
data/raw/pool/pos_rvlcdip_invoice_01602.jpg,1,test,data/raw/pool/pos_rvlcdip_invoice_01602.jpg
data/raw/pool/pos_rvlcdip_invoice_01610.jpg,1,test,data/raw/pool/pos_rvlcdip_invoice_01610.jpg
data/raw/pool/pos_rvlcdip_invoice_01611.jpg,1,test,data/raw/pool/pos_rvlcdip_invoice_01611.jpg
data/raw/pool/pos_rvlcdip_invoice_01615.jpg,1,test,data/raw/pool/pos_rvlcdip_invoice_01615.jpg
data/raw/pool/pos_rvlcdip_invoice_01635.jpg,1,test,data/raw/pool/pos_rvlcdip_invoice_01635.jpg
data/raw/pool/pos_rvlcdip_invoice_01642.jpg,1,test,data/raw/pool/pos_rvlcdip_invoice_01642.jpg
data/raw/pool/pos_rvlcdip_invoice_01644.jpg,1,test,data/raw/pool/pos_rvlcdip_invoice_01644.jpg
data/raw/pool/pos_rvlcdip_invoice_01645.jpg,1,test,data/raw/pool/pos_rvlcdip_invoice_01645.jpg
data/raw/pool/pos_rvlcdip_invoice_01647.jpg,1,test,data/raw/pool/pos_rvlcdip_invoice_01647.jpg
data/raw/pool/pos_rvlcdip_invoice_01663.jpg,1,test,data/raw/pool/pos_rvlcdip_invoice_01663.jpg
data/raw/pool/pos_rvlcdip_invoice_01665.jpg,1,test,data/raw/pool/pos_rvlcdip_invoice_01665.jpg
data/raw/pool/pos_rvlcdip_invoice_01678.jpg,1,test,data/raw/pool/pos_rvlcdip_invoice_01678.jpg
data/raw/pool/pos_rvlcdip_invoice_01679.jpg,1,test,data/raw/pool/pos_rvlcdip_invoice_01679.jpg
data/raw/pool/pos_rvlcdip_invoice_01694.jpg,1,test,data/raw/pool/pos_rvlcdip_invoice_01694.jpg
data/raw/pool/pos_rvlcdip_invoice_01695.jpg,1,test,data/raw/pool/pos_rvlcdip_invoice_01695.jpg
data/raw/pool/pos_rvlcdip_invoice_01706.jpg,1,test,data/raw/pool/pos_rvlcdip_invoice_01706.jpg
data/raw/pool/pos_rvlcdip_invoice_01737.jpg,1,test,data/raw/pool/pos_rvlcdip_invoice_01737.jpg
data/raw/pool/pos_rvlcdip_invoice_01760.jpg,1,test,data/raw/pool/pos_rvlcdip_invoice_01760.jpg
data/raw/pool/pos_rvlcdip_invoice_01765.jpg,1,test,data/raw/pool/pos_rvlcdip_invoice_01765.jpg
data/raw/pool/pos_rvlcdip_invoice_01767.jpg,1,test,data/raw/pool/pos_rvlcdip_invoice_01767.jpg
data/raw/pool/pos_rvlcdip_invoice_01772.jpg,1,test,data/raw/pool/pos_rvlcdip_invoice_01772.jpg
data/raw/pool/pos_rvlcdip_invoice_01793.jpg,1,test,data/raw/pool/pos_rvlcdip_invoice_01793.jpg
data/raw/pool/pos_rvlcdip_invoice_01797.jpg,1,test,data/raw/pool/pos_rvlcdip_invoice_01797.jpg
data/raw/pool/neg_rvlcdip_other_00001.jpg,0,test,data/raw/pool/neg_rvlcdip_other_00001.jpg
data/raw/pool/neg_rvlcdip_other_00034.jpg,0,test,data/raw/pool/neg_rvlcdip_other_00034.jpg
data/raw/pool/neg_rvlcdip_other_00038.jpg,0,test,data/raw/pool/neg_rvlcdip_other_00038.jpg
data/raw/pool/neg_rvlcdip_other_00046.jpg,0,test,data/raw/pool/neg_rvlcdip_other_00046.jpg
data/raw/pool/neg_rvlcdip_other_00048.jpg,0,test,data/raw/pool/neg_rvlcdip_other_00048.jpg
data/raw/pool/neg_rvlcdip_other_00059.jpg,0,test,data/raw/pool/neg_rvlcdip_other_00059.jpg
data/raw/pool/neg_rvlcdip_other_00099.jpg,0,test,data/raw/pool/neg_rvlcdip_other_00099.jpg
data/raw/pool/neg_rvlcdip_other_00116.jpg,0,test,data/raw/pool/neg_rvlcdip_other_00116.jpg
data/raw/pool/neg_rvlcdip_other_00123.jpg,0,test,data/raw/pool/neg_rvlcdip_other_00123.jpg
data/raw/pool/neg_rvlcdip_other_00126.jpg,0,test,data/raw/pool/neg_rvlcdip_other_00126.jpg
data/raw/pool/neg_rvlcdip_other_00128.jpg,0,test,data/raw/pool/neg_rvlcdip_other_00128.jpg
data/raw/pool/neg_rvlcdip_other_00130.jpg,0,test,data/raw/pool/neg_rvlcdip_other_00130.jpg
data/raw/pool/neg_rvlcdip_other_00148.jpg,0,test,data/raw/pool/neg_rvlcdip_other_00148.jpg
data/raw/pool/neg_rvlcdip_other_00155.jpg,0,test,data/raw/pool/neg_rvlcdip_other_00155.jpg
data/raw/pool/neg_rvlcdip_other_00175.jpg,0,test,data/raw/pool/neg_rvlcdip_other_00175.jpg
data/raw/pool/neg_rvlcdip_other_00180.jpg,0,test,data/raw/pool/neg_rvlcdip_other_00180.jpg
data/raw/pool/neg_rvlcdip_other_00188.jpg,0,test,data/raw/pool/neg_rvlcdip_other_00188.jpg
data/raw/pool/neg_rvlcdip_other_00198.jpg,0,test,data/raw/pool/neg_rvlcdip_other_00198.jpg
data/raw/pool/neg_rvlcdip_other_00203.jpg,0,test,data/raw/pool/neg_rvlcdip_other_00203.jpg
data/raw/pool/neg_rvlcdip_other_00217.jpg,0,test,data/raw/pool/neg_rvlcdip_other_00217.jpg
data/raw/pool/neg_rvlcdip_other_00222.jpg,0,test,data/raw/pool/neg_rvlcdip_other_00222.jpg
data/raw/pool/neg_rvlcdip_other_00237.jpg,0,test,data/raw/pool/neg_rvlcdip_other_00237.jpg
data/raw/pool/neg_rvlcdip_other_00271.jpg,0,test,data/raw/pool/neg_rvlcdip_other_00271.jpg
data/raw/pool/neg_rvlcdip_other_00272.jpg,0,test,data/raw/pool/neg_rvlcdip_other_00272.jpg
data/raw/pool/neg_rvlcdip_other_00280.jpg,0,test,data/raw/pool/neg_rvlcdip_other_00280.jpg
data/raw/pool/neg_rvlcdip_other_00284.jpg,0,test,data/raw/pool/neg_rvlcdip_other_00284.jpg
data/raw/pool/neg_rvlcdip_other_00295.jpg,0,test,data/raw/pool/neg_rvlcdip_other_00295.jpg
data/raw/pool/neg_rvlcdip_other_00297.jpg,0,test,data/raw/pool/neg_rvlcdip_other_00297.jpg
data/raw/pool/neg_rvlcdip_other_00305.jpg,0,test,data/raw/pool/neg_rvlcdip_other_00305.jpg
data/raw/pool/neg_rvlcdip_other_00309.jpg,0,test,data/raw/pool/neg_rvlcdip_other_00309.jpg
data/raw/pool/neg_rvlcdip_other_00314.jpg,0,test,data/raw/pool/neg_rvlcdip_other_00314.jpg
data/raw/pool/neg_rvlcdip_other_00323.jpg,0,test,data/raw/pool/neg_rvlcdip_other_00323.jpg
data/raw/pool/neg_rvlcdip_other_00325.jpg,0,test,data/raw/pool/neg_rvlcdip_other_00325.jpg
data/raw/pool/neg_rvlcdip_other_00330.jpg,0,test,data/raw/pool/neg_rvlcdip_other_00330.jpg
data/raw/pool/neg_rvlcdip_other_00331.jpg,0,test,data/raw/pool/neg_rvlcdip_other_00331.jpg
data/raw/pool/neg_rvlcdip_other_00341.jpg,0,test,data/raw/pool/neg_rvlcdip_other_00341.jpg
data/raw/pool/neg_rvlcdip_other_00353.jpg,0,test,data/raw/pool/neg_rvlcdip_other_00353.jpg
data/raw/pool/neg_rvlcdip_other_00383.jpg,0,test,data/raw/pool/neg_rvlcdip_other_00383.jpg
data/raw/pool/neg_rvlcdip_other_00397.jpg,0,test,data/raw/pool/neg_rvlcdip_other_00397.jpg
data/raw/pool/neg_rvlcdip_other_00411.jpg,0,test,data/raw/pool/neg_rvlcdip_other_00411.jpg
data/raw/pool/neg_rvlcdip_other_00415.jpg,0,test,data/raw/pool/neg_rvlcdip_other_00415.jpg
data/raw/pool/neg_rvlcdip_other_00416.jpg,0,test,data/raw/pool/neg_rvlcdip_other_00416.jpg
data/raw/pool/neg_rvlcdip_other_00426.jpg,0,test,data/raw/pool/neg_rvlcdip_other_00426.jpg
data/raw/pool/neg_rvlcdip_other_00430.jpg,0,test,data/raw/pool/neg_rvlcdip_other_00430.jpg
data/raw/pool/neg_rvlcdip_other_00444.jpg,0,test,data/raw/pool/neg_rvlcdip_other_00444.jpg
data/raw/pool/neg_rvlcdip_other_00446.jpg,0,test,data/raw/pool/neg_rvlcdip_other_00446.jpg
data/raw/pool/neg_rvlcdip_other_00448.jpg,0,test,data/raw/pool/neg_rvlcdip_other_00448.jpg
data/raw/pool/neg_rvlcdip_other_00457.jpg,0,test,data/raw/pool/neg_rvlcdip_other_00457.jpg
data/raw/pool/neg_rvlcdip_other_00461.jpg,0,test,data/raw/pool/neg_rvlcdip_other_00461.jpg
data/raw/pool/neg_rvlcdip_other_00467.jpg,0,test,data/raw/pool/neg_rvlcdip_other_00467.jpg
data/raw/pool/neg_rvlcdip_other_00484.jpg,0,test,data/raw/pool/neg_rvlcdip_other_00484.jpg
data/raw/pool/neg_rvlcdip_other_00488.jpg,0,test,data/raw/pool/neg_rvlcdip_other_00488.jpg
data/raw/pool/neg_rvlcdip_other_00500.jpg,0,test,data/raw/pool/neg_rvlcdip_other_00500.jpg
data/raw/pool/neg_rvlcdip_other_00508.jpg,0,test,data/raw/pool/neg_rvlcdip_other_00508.jpg
data/raw/pool/neg_rvlcdip_other_00516.jpg,0,test,data/raw/pool/neg_rvlcdip_other_00516.jpg
data/raw/pool/neg_rvlcdip_other_00522.jpg,0,test,data/raw/pool/neg_rvlcdip_other_00522.jpg
data/raw/pool/neg_rvlcdip_other_00527.jpg,0,test,data/raw/pool/neg_rvlcdip_other_00527.jpg
data/raw/pool/neg_rvlcdip_other_00531.jpg,0,test,data/raw/pool/neg_rvlcdip_other_00531.jpg
data/raw/pool/neg_rvlcdip_other_00536.jpg,0,test,data/raw/pool/neg_rvlcdip_other_00536.jpg
data/raw/pool/neg_rvlcdip_other_00539.jpg,0,test,data/raw/pool/neg_rvlcdip_other_00539.jpg
data/raw/pool/neg_rvlcdip_other_00552.jpg,0,test,data/raw/pool/neg_rvlcdip_other_00552.jpg
data/raw/pool/neg_rvlcdip_other_00575.jpg,0,test,data/raw/pool/neg_rvlcdip_other_00575.jpg
data/raw/pool/neg_rvlcdip_other_00578.jpg,0,test,data/raw/pool/neg_rvlcdip_other_00578.jpg
data/raw/pool/neg_rvlcdip_other_00583.jpg,0,test,data/raw/pool/neg_rvlcdip_other_00583.jpg
data/raw/pool/neg_rvlcdip_other_00601.jpg,0,test,data/raw/pool/neg_rvlcdip_other_00601.jpg
data/raw/pool/neg_rvlcdip_other_00617.jpg,0,test,data/raw/pool/neg_rvlcdip_other_00617.jpg
data/raw/pool/neg_rvlcdip_other_00626.jpg,0,test,data/raw/pool/neg_rvlcdip_other_00626.jpg
data/raw/pool/neg_rvlcdip_other_00634.jpg,0,test,data/raw/pool/neg_rvlcdip_other_00634.jpg
data/raw/pool/neg_rvlcdip_other_00652.jpg,0,test,data/raw/pool/neg_rvlcdip_other_00652.jpg
data/raw/pool/neg_rvlcdip_other_00657.jpg,0,test,data/raw/pool/neg_rvlcdip_other_00657.jpg
data/raw/pool/neg_rvlcdip_other_00668.jpg,0,test,data/raw/pool/neg_rvlcdip_other_00668.jpg
data/raw/pool/neg_rvlcdip_other_00669.jpg,0,test,data/raw/pool/neg_rvlcdip_other_00669.jpg
data/raw/pool/neg_rvlcdip_other_00680.jpg,0,test,data/raw/pool/neg_rvlcdip_other_00680.jpg
data/raw/pool/neg_rvlcdip_other_00687.jpg,0,test,data/raw/pool/neg_rvlcdip_other_00687.jpg
data/raw/pool/neg_rvlcdip_other_00692.jpg,0,test,data/raw/pool/neg_rvlcdip_other_00692.jpg
data/raw/pool/neg_rvlcdip_other_00694.jpg,0,test,data/raw/pool/neg_rvlcdip_other_00694.jpg
data/raw/pool/neg_rvlcdip_other_00723.jpg,0,test,data/raw/pool/neg_rvlcdip_other_00723.jpg
data/raw/pool/neg_rvlcdip_other_00727.jpg,0,test,data/raw/pool/neg_rvlcdip_other_00727.jpg
data/raw/pool/neg_rvlcdip_other_00730.jpg,0,test,data/raw/pool/neg_rvlcdip_other_00730.jpg
data/raw/pool/neg_rvlcdip_other_00749.jpg,0,test,data/raw/pool/neg_rvlcdip_other_00749.jpg
data/raw/pool/neg_rvlcdip_other_00750.jpg,0,test,data/raw/pool/neg_rvlcdip_other_00750.jpg
data/raw/pool/neg_rvlcdip_other_00758.jpg,0,test,data/raw/pool/neg_rvlcdip_other_00758.jpg
data/raw/pool/neg_rvlcdip_other_00792.jpg,0,test,data/raw/pool/neg_rvlcdip_other_00792.jpg
data/raw/pool/neg_rvlcdip_other_00812.jpg,0,test,data/raw/pool/neg_rvlcdip_other_00812.jpg
data/raw/pool/neg_rvlcdip_other_00826.jpg,0,test,data/raw/pool/neg_rvlcdip_other_00826.jpg
data/raw/pool/neg_rvlcdip_other_00834.jpg,0,test,data/raw/pool/neg_rvlcdip_other_00834.jpg
data/raw/pool/neg_rvlcdip_other_00841.jpg,0,test,data/raw/pool/neg_rvlcdip_other_00841.jpg
data/raw/pool/neg_rvlcdip_other_00842.jpg,0,test,data/raw/pool/neg_rvlcdip_other_00842.jpg
data/raw/pool/neg_rvlcdip_other_00885.jpg,0,test,data/raw/pool/neg_rvlcdip_other_00885.jpg
data/raw/pool/neg_rvlcdip_other_00887.jpg,0,test,data/raw/pool/neg_rvlcdip_other_00887.jpg
data/raw/pool/neg_rvlcdip_other_00888.jpg,0,test,data/raw/pool/neg_rvlcdip_other_00888.jpg
data/raw/pool/neg_rvlcdip_other_00891.jpg,0,test,data/raw/pool/neg_rvlcdip_other_00891.jpg
data/raw/pool/neg_rvlcdip_other_00895.jpg,0,test,data/raw/pool/neg_rvlcdip_other_00895.jpg
data/raw/pool/neg_rvlcdip_other_00901.jpg,0,test,data/raw/pool/neg_rvlcdip_other_00901.jpg
data/raw/pool/neg_rvlcdip_other_00907.jpg,0,test,data/raw/pool/neg_rvlcdip_other_00907.jpg
data/raw/pool/neg_rvlcdip_other_00913.jpg,0,test,data/raw/pool/neg_rvlcdip_other_00913.jpg
data/raw/pool/neg_rvlcdip_other_00921.jpg,0,test,data/raw/pool/neg_rvlcdip_other_00921.jpg
data/raw/pool/neg_rvlcdip_other_00926.jpg,0,test,data/raw/pool/neg_rvlcdip_other_00926.jpg
data/raw/pool/neg_rvlcdip_other_00952.jpg,0,test,data/raw/pool/neg_rvlcdip_other_00952.jpg
data/raw/pool/neg_rvlcdip_other_00983.jpg,0,test,data/raw/pool/neg_rvlcdip_other_00983.jpg
data/raw/pool/neg_rvlcdip_other_00998.jpg,0,test,data/raw/pool/neg_rvlcdip_other_00998.jpg
data/raw/pool/neg_rvlcdip_other_00999.jpg,0,test,data/raw/pool/neg_rvlcdip_other_00999.jpg
data/raw/pool/neg_rvlcdip_other_01001.jpg,0,test,data/raw/pool/neg_rvlcdip_other_01001.jpg
data/raw/pool/neg_rvlcdip_other_01008.jpg,0,test,data/raw/pool/neg_rvlcdip_other_01008.jpg
data/raw/pool/neg_rvlcdip_other_01013.jpg,0,test,data/raw/pool/neg_rvlcdip_other_01013.jpg
data/raw/pool/neg_rvlcdip_other_01015.jpg,0,test,data/raw/pool/neg_rvlcdip_other_01015.jpg
data/raw/pool/neg_rvlcdip_other_01017.jpg,0,test,data/raw/pool/neg_rvlcdip_other_01017.jpg
data/raw/pool/neg_rvlcdip_other_01021.jpg,0,test,data/raw/pool/neg_rvlcdip_other_01021.jpg
data/raw/pool/neg_rvlcdip_other_01040.jpg,0,test,data/raw/pool/neg_rvlcdip_other_01040.jpg
data/raw/pool/neg_rvlcdip_other_01042.jpg,0,test,data/raw/pool/neg_rvlcdip_other_01042.jpg
data/raw/pool/neg_rvlcdip_other_01048.jpg,0,test,data/raw/pool/neg_rvlcdip_other_01048.jpg
data/raw/pool/neg_rvlcdip_other_01075.jpg,0,test,data/raw/pool/neg_rvlcdip_other_01075.jpg
data/raw/pool/neg_rvlcdip_other_01079.jpg,0,test,data/raw/pool/neg_rvlcdip_other_01079.jpg
data/raw/pool/neg_rvlcdip_other_01082.jpg,0,test,data/raw/pool/neg_rvlcdip_other_01082.jpg
data/raw/pool/neg_rvlcdip_other_01088.jpg,0,test,data/raw/pool/neg_rvlcdip_other_01088.jpg
data/raw/pool/neg_rvlcdip_other_01129.jpg,0,test,data/raw/pool/neg_rvlcdip_other_01129.jpg
data/raw/pool/neg_rvlcdip_other_01149.jpg,0,test,data/raw/pool/neg_rvlcdip_other_01149.jpg
data/raw/pool/neg_rvlcdip_other_01150.jpg,0,test,data/raw/pool/neg_rvlcdip_other_01150.jpg
data/raw/pool/neg_rvlcdip_other_01155.jpg,0,test,data/raw/pool/neg_rvlcdip_other_01155.jpg
data/raw/pool/neg_rvlcdip_other_01177.jpg,0,test,data/raw/pool/neg_rvlcdip_other_01177.jpg
data/raw/pool/neg_rvlcdip_other_01181.jpg,0,test,data/raw/pool/neg_rvlcdip_other_01181.jpg
data/raw/pool/neg_rvlcdip_other_01184.jpg,0,test,data/raw/pool/neg_rvlcdip_other_01184.jpg
data/raw/pool/neg_rvlcdip_other_01189.jpg,0,test,data/raw/pool/neg_rvlcdip_other_01189.jpg
data/raw/pool/neg_rvlcdip_other_01220.jpg,0,test,data/raw/pool/neg_rvlcdip_other_01220.jpg
data/raw/pool/neg_rvlcdip_other_01221.jpg,0,test,data/raw/pool/neg_rvlcdip_other_01221.jpg
data/raw/pool/neg_rvlcdip_other_01229.jpg,0,test,data/raw/pool/neg_rvlcdip_other_01229.jpg
data/raw/pool/neg_rvlcdip_other_01230.jpg,0,test,data/raw/pool/neg_rvlcdip_other_01230.jpg
data/raw/pool/neg_rvlcdip_other_01253.jpg,0,test,data/raw/pool/neg_rvlcdip_other_01253.jpg
data/raw/pool/neg_rvlcdip_other_01254.jpg,0,test,data/raw/pool/neg_rvlcdip_other_01254.jpg
data/raw/pool/neg_rvlcdip_other_01260.jpg,0,test,data/raw/pool/neg_rvlcdip_other_01260.jpg
data/raw/pool/neg_rvlcdip_other_01261.jpg,0,test,data/raw/pool/neg_rvlcdip_other_01261.jpg
data/raw/pool/neg_rvlcdip_other_01268.jpg,0,test,data/raw/pool/neg_rvlcdip_other_01268.jpg
data/raw/pool/neg_rvlcdip_other_01295.jpg,0,test,data/raw/pool/neg_rvlcdip_other_01295.jpg
data/raw/pool/neg_rvlcdip_other_01313.jpg,0,test,data/raw/pool/neg_rvlcdip_other_01313.jpg
data/raw/pool/neg_rvlcdip_other_01319.jpg,0,test,data/raw/pool/neg_rvlcdip_other_01319.jpg
data/raw/pool/neg_rvlcdip_other_01322.jpg,0,test,data/raw/pool/neg_rvlcdip_other_01322.jpg
data/raw/pool/neg_rvlcdip_other_01326.jpg,0,test,data/raw/pool/neg_rvlcdip_other_01326.jpg
data/raw/pool/neg_rvlcdip_other_01345.jpg,0,test,data/raw/pool/neg_rvlcdip_other_01345.jpg
data/raw/pool/neg_rvlcdip_other_01353.jpg,0,test,data/raw/pool/neg_rvlcdip_other_01353.jpg
data/raw/pool/neg_rvlcdip_other_01413.jpg,0,test,data/raw/pool/neg_rvlcdip_other_01413.jpg
data/raw/pool/neg_rvlcdip_other_01429.jpg,0,test,data/raw/pool/neg_rvlcdip_other_01429.jpg
data/raw/pool/neg_rvlcdip_other_01438.jpg,0,test,data/raw/pool/neg_rvlcdip_other_01438.jpg
data/raw/pool/neg_rvlcdip_other_01443.jpg,0,test,data/raw/pool/neg_rvlcdip_other_01443.jpg
data/raw/pool/neg_rvlcdip_other_01487.jpg,0,test,data/raw/pool/neg_rvlcdip_other_01487.jpg
data/raw/pool/neg_rvlcdip_other_01510.jpg,0,test,data/raw/pool/neg_rvlcdip_other_01510.jpg
data/raw/pool/neg_rvlcdip_other_01523.jpg,0,test,data/raw/pool/neg_rvlcdip_other_01523.jpg
data/raw/pool/neg_rvlcdip_other_01536.jpg,0,test,data/raw/pool/neg_rvlcdip_other_01536.jpg
data/raw/pool/neg_rvlcdip_other_01544.jpg,0,test,data/raw/pool/neg_rvlcdip_other_01544.jpg
data/raw/pool/neg_rvlcdip_other_01572.jpg,0,test,data/raw/pool/neg_rvlcdip_other_01572.jpg
data/raw/pool/neg_rvlcdip_other_01584.jpg,0,test,data/raw/pool/neg_rvlcdip_other_01584.jpg
data/raw/pool/neg_rvlcdip_other_01592.jpg,0,test,data/raw/pool/neg_rvlcdip_other_01592.jpg
data/raw/pool/neg_rvlcdip_other_01606.jpg,0,test,data/raw/pool/neg_rvlcdip_other_01606.jpg
data/raw/pool/neg_rvlcdip_other_01611.jpg,0,test,data/raw/pool/neg_rvlcdip_other_01611.jpg
data/raw/pool/neg_rvlcdip_other_01622.jpg,0,test,data/raw/pool/neg_rvlcdip_other_01622.jpg
data/raw/pool/neg_rvlcdip_other_01629.jpg,0,test,data/raw/pool/neg_rvlcdip_other_01629.jpg
data/raw/pool/neg_rvlcdip_other_01643.jpg,0,test,data/raw/pool/neg_rvlcdip_other_01643.jpg
data/raw/pool/neg_rvlcdip_other_01646.jpg,0,test,data/raw/pool/neg_rvlcdip_other_01646.jpg
data/raw/pool/neg_rvlcdip_other_01651.jpg,0,test,data/raw/pool/neg_rvlcdip_other_01651.jpg
data/raw/pool/neg_rvlcdip_other_01656.jpg,0,test,data/raw/pool/neg_rvlcdip_other_01656.jpg
data/raw/pool/neg_rvlcdip_other_01663.jpg,0,test,data/raw/pool/neg_rvlcdip_other_01663.jpg
data/raw/pool/neg_rvlcdip_other_01667.jpg,0,test,data/raw/pool/neg_rvlcdip_other_01667.jpg
data/raw/pool/neg_rvlcdip_other_01675.jpg,0,test,data/raw/pool/neg_rvlcdip_other_01675.jpg
data/raw/pool/neg_rvlcdip_other_01680.jpg,0,test,data/raw/pool/neg_rvlcdip_other_01680.jpg
data/raw/pool/neg_rvlcdip_other_01685.jpg,0,test,data/raw/pool/neg_rvlcdip_other_01685.jpg
data/raw/pool/neg_rvlcdip_other_01687.jpg,0,test,data/raw/pool/neg_rvlcdip_other_01687.jpg
data/raw/pool/neg_rvlcdip_other_01694.jpg,0,test,data/raw/pool/neg_rvlcdip_other_01694.jpg
data/raw/pool/neg_rvlcdip_other_01717.jpg,0,test,data/raw/pool/neg_rvlcdip_other_01717.jpg
data/raw/pool/neg_rvlcdip_other_01719.jpg,0,test,data/raw/pool/neg_rvlcdip_other_01719.jpg
data/raw/pool/neg_rvlcdip_other_01722.jpg,0,test,data/raw/pool/neg_rvlcdip_other_01722.jpg
data/raw/pool/neg_rvlcdip_other_01736.jpg,0,test,data/raw/pool/neg_rvlcdip_other_01736.jpg
data/raw/pool/neg_rvlcdip_other_01746.jpg,0,test,data/raw/pool/neg_rvlcdip_other_01746.jpg
data/raw/pool/neg_rvlcdip_other_01784.jpg,0,test,data/raw/pool/neg_rvlcdip_other_01784.jpg
data/raw/pool/neg_rvlcdip_other_01796.jpg,0,test,data/raw/pool/neg_rvlcdip_other_01796.jpg
data/raw/pool/neg_rvlcdip_other_01797.jpg,0,test,data/raw/pool/neg_rvlcdip_other_01797.jpg
data/raw/pool/neg_coco_photos_00004.jpg,0,test,data/raw/pool/neg_coco_photos_00004.jpg
data/raw/pool/neg_coco_photos_00006.jpg,0,test,data/raw/pool/neg_coco_photos_00006.jpg
data/raw/pool/neg_coco_photos_00011.jpg,0,test,data/raw/pool/neg_coco_photos_00011.jpg
data/raw/pool/neg_coco_photos_00028.jpg,0,test,data/raw/pool/neg_coco_photos_00028.jpg
data/raw/pool/neg_coco_photos_00032.jpg,0,test,data/raw/pool/neg_coco_photos_00032.jpg
data/raw/pool/neg_coco_photos_00039.jpg,0,test,data/raw/pool/neg_coco_photos_00039.jpg
data/raw/pool/neg_coco_photos_00069.jpg,0,test,data/raw/pool/neg_coco_photos_00069.jpg
data/raw/pool/neg_coco_photos_00100.jpg,0,test,data/raw/pool/neg_coco_photos_00100.jpg
data/raw/pool/neg_coco_photos_00106.jpg,0,test,data/raw/pool/neg_coco_photos_00106.jpg
data/raw/pool/neg_coco_photos_00107.jpg,0,test,data/raw/pool/neg_coco_photos_00107.jpg
data/raw/pool/neg_coco_photos_00115.jpg,0,test,data/raw/pool/neg_coco_photos_00115.jpg
data/raw/pool/neg_coco_photos_00120.jpg,0,test,data/raw/pool/neg_coco_photos_00120.jpg
data/raw/pool/neg_coco_photos_00142.jpg,0,test,data/raw/pool/neg_coco_photos_00142.jpg
data/raw/pool/neg_coco_photos_00154.jpg,0,test,data/raw/pool/neg_coco_photos_00154.jpg
data/raw/pool/neg_coco_photos_00168.jpg,0,test,data/raw/pool/neg_coco_photos_00168.jpg
data/raw/pool/neg_coco_photos_00169.jpg,0,test,data/raw/pool/neg_coco_photos_00169.jpg
data/raw/pool/neg_coco_photos_00170.jpg,0,test,data/raw/pool/neg_coco_photos_00170.jpg
data/raw/pool/neg_coco_photos_00177.jpg,0,test,data/raw/pool/neg_coco_photos_00177.jpg
data/raw/pool/neg_coco_photos_00178.jpg,0,test,data/raw/pool/neg_coco_photos_00178.jpg
data/raw/pool/neg_coco_photos_00186.jpg,0,test,data/raw/pool/neg_coco_photos_00186.jpg
data/raw/pool/neg_coco_photos_00190.jpg,0,test,data/raw/pool/neg_coco_photos_00190.jpg
data/raw/pool/neg_coco_photos_00203.jpg,0,test,data/raw/pool/neg_coco_photos_00203.jpg
data/raw/pool/neg_coco_photos_00215.jpg,0,test,data/raw/pool/neg_coco_photos_00215.jpg
data/raw/pool/neg_coco_photos_00216.jpg,0,test,data/raw/pool/neg_coco_photos_00216.jpg
data/raw/pool/neg_coco_photos_00220.jpg,0,test,data/raw/pool/neg_coco_photos_00220.jpg
data/raw/pool/neg_coco_photos_00224.jpg,0,test,data/raw/pool/neg_coco_photos_00224.jpg
data/raw/pool/neg_coco_photos_00233.jpg,0,test,data/raw/pool/neg_coco_photos_00233.jpg
data/raw/pool/neg_coco_photos_00246.jpg,0,test,data/raw/pool/neg_coco_photos_00246.jpg
data/raw/pool/neg_coco_photos_00251.jpg,0,test,data/raw/pool/neg_coco_photos_00251.jpg
data/raw/pool/neg_coco_photos_00262.jpg,0,test,data/raw/pool/neg_coco_photos_00262.jpg
data/raw/pool/neg_coco_photos_00271.jpg,0,test,data/raw/pool/neg_coco_photos_00271.jpg
data/raw/pool/neg_coco_photos_00275.jpg,0,test,data/raw/pool/neg_coco_photos_00275.jpg
data/raw/pool/neg_coco_photos_00317.jpg,0,test,data/raw/pool/neg_coco_photos_00317.jpg
data/raw/pool/neg_coco_photos_00320.jpg,0,test,data/raw/pool/neg_coco_photos_00320.jpg
data/raw/pool/neg_coco_photos_00325.jpg,0,test,data/raw/pool/neg_coco_photos_00325.jpg
data/raw/pool/neg_coco_photos_00333.jpg,0,test,data/raw/pool/neg_coco_photos_00333.jpg
data/raw/pool/neg_coco_photos_00334.jpg,0,test,data/raw/pool/neg_coco_photos_00334.jpg
data/raw/pool/neg_coco_photos_00358.jpg,0,test,data/raw/pool/neg_coco_photos_00358.jpg
data/raw/pool/neg_coco_photos_00375.jpg,0,test,data/raw/pool/neg_coco_photos_00375.jpg
data/raw/pool/neg_coco_photos_00390.jpg,0,test,data/raw/pool/neg_coco_photos_00390.jpg
data/raw/pool/neg_coco_photos_00405.jpg,0,test,data/raw/pool/neg_coco_photos_00405.jpg
data/raw/pool/neg_coco_photos_00409.jpg,0,test,data/raw/pool/neg_coco_photos_00409.jpg
data/raw/pool/neg_coco_photos_00420.jpg,0,test,data/raw/pool/neg_coco_photos_00420.jpg
data/raw/pool/neg_coco_photos_00432.jpg,0,test,data/raw/pool/neg_coco_photos_00432.jpg
data/raw/pool/neg_coco_photos_00471.jpg,0,test,data/raw/pool/neg_coco_photos_00471.jpg
data/raw/pool/neg_coco_photos_00473.jpg,0,test,data/raw/pool/neg_coco_photos_00473.jpg
data/raw/pool/neg_coco_photos_00481.jpg,0,test,data/raw/pool/neg_coco_photos_00481.jpg
data/raw/pool/neg_coco_photos_00482.jpg,0,test,data/raw/pool/neg_coco_photos_00482.jpg
data/raw/pool/neg_coco_photos_00485.jpg,0,test,data/raw/pool/neg_coco_photos_00485.jpg
data/raw/pool/neg_coco_photos_00494.jpg,0,test,data/raw/pool/neg_coco_photos_00494.jpg
data/raw/pool/neg_coco_photos_00496.jpg,0,test,data/raw/pool/neg_coco_photos_00496.jpg
data/raw/pool/neg_coco_photos_00498.jpg,0,test,data/raw/pool/neg_coco_photos_00498.jpg
data/raw/pool/neg_coco_photos_00507.jpg,0,test,data/raw/pool/neg_coco_photos_00507.jpg
data/raw/pool/neg_coco_photos_00509.jpg,0,test,data/raw/pool/neg_coco_photos_00509.jpg
data/raw/pool/neg_coco_photos_00516.jpg,0,test,data/raw/pool/neg_coco_photos_00516.jpg
data/raw/pool/neg_coco_photos_00528.jpg,0,test,data/raw/pool/neg_coco_photos_00528.jpg
data/raw/pool/neg_coco_photos_00529.jpg,0,test,data/raw/pool/neg_coco_photos_00529.jpg
data/raw/pool/neg_coco_photos_00547.jpg,0,test,data/raw/pool/neg_coco_photos_00547.jpg
data/raw/pool/neg_coco_photos_00552.jpg,0,test,data/raw/pool/neg_coco_photos_00552.jpg
data/raw/pool/neg_coco_photos_00558.jpg,0,test,data/raw/pool/neg_coco_photos_00558.jpg
data/raw/pool/neg_coco_photos_00562.jpg,0,test,data/raw/pool/neg_coco_photos_00562.jpg
data/raw/pool/neg_coco_photos_00566.jpg,0,test,data/raw/pool/neg_coco_photos_00566.jpg
data/raw/pool/neg_coco_photos_00579.jpg,0,test,data/raw/pool/neg_coco_photos_00579.jpg
data/raw/pool/neg_coco_photos_00581.jpg,0,test,data/raw/pool/neg_coco_photos_00581.jpg
data/raw/pool/neg_coco_photos_00604.jpg,0,test,data/raw/pool/neg_coco_photos_00604.jpg
data/raw/pool/neg_coco_photos_00614.jpg,0,test,data/raw/pool/neg_coco_photos_00614.jpg
data/raw/pool/neg_coco_photos_00627.jpg,0,test,data/raw/pool/neg_coco_photos_00627.jpg
data/raw/pool/neg_coco_photos_00637.jpg,0,test,data/raw/pool/neg_coco_photos_00637.jpg
data/raw/pool/neg_coco_photos_00649.jpg,0,test,data/raw/pool/neg_coco_photos_00649.jpg
data/raw/pool/neg_coco_photos_00650.jpg,0,test,data/raw/pool/neg_coco_photos_00650.jpg
data/raw/pool/neg_coco_photos_00652.jpg,0,test,data/raw/pool/neg_coco_photos_00652.jpg
data/raw/pool/neg_coco_photos_00654.jpg,0,test,data/raw/pool/neg_coco_photos_00654.jpg
data/raw/pool/neg_coco_photos_00662.jpg,0,test,data/raw/pool/neg_coco_photos_00662.jpg
data/raw/pool/neg_coco_photos_00675.jpg,0,test,data/raw/pool/neg_coco_photos_00675.jpg
data/raw/pool/neg_coco_photos_00677.jpg,0,test,data/raw/pool/neg_coco_photos_00677.jpg
data/raw/pool/neg_coco_photos_00681.jpg,0,test,data/raw/pool/neg_coco_photos_00681.jpg
data/raw/pool/neg_coco_photos_00691.jpg,0,test,data/raw/pool/neg_coco_photos_00691.jpg
data/raw/pool/neg_coco_photos_00694.jpg,0,test,data/raw/pool/neg_coco_photos_00694.jpg
data/raw/pool/neg_coco_photos_00716.jpg,0,test,data/raw/pool/neg_coco_photos_00716.jpg
data/raw/pool/neg_coco_photos_00717.jpg,0,test,data/raw/pool/neg_coco_photos_00717.jpg
data/raw/pool/neg_coco_photos_00719.jpg,0,test,data/raw/pool/neg_coco_photos_00719.jpg
data/raw/pool/neg_coco_photos_00721.jpg,0,test,data/raw/pool/neg_coco_photos_00721.jpg
data/raw/pool/neg_coco_photos_00732.jpg,0,test,data/raw/pool/neg_coco_photos_00732.jpg
data/raw/pool/neg_coco_photos_00736.jpg,0,test,data/raw/pool/neg_coco_photos_00736.jpg
data/raw/pool/neg_coco_photos_00740.jpg,0,test,data/raw/pool/neg_coco_photos_00740.jpg
data/raw/pool/neg_coco_photos_00754.jpg,0,test,data/raw/pool/neg_coco_photos_00754.jpg
data/raw/pool/neg_coco_photos_00755.jpg,0,test,data/raw/pool/neg_coco_photos_00755.jpg
data/raw/pool/neg_coco_photos_00766.jpg,0,test,data/raw/pool/neg_coco_photos_00766.jpg
data/raw/pool/neg_coco_photos_00768.jpg,0,test,data/raw/pool/neg_coco_photos_00768.jpg
data/raw/pool/neg_coco_photos_00773.jpg,0,test,data/raw/pool/neg_coco_photos_00773.jpg
data/raw/pool/neg_coco_photos_00778.jpg,0,test,data/raw/pool/neg_coco_photos_00778.jpg
data/raw/pool/neg_coco_photos_00783.jpg,0,test,data/raw/pool/neg_coco_photos_00783.jpg
data/raw/pool/neg_coco_photos_00797.jpg,0,test,data/raw/pool/neg_coco_photos_00797.jpg
data/raw/pool/neg_coco_photos_00798.jpg,0,test,data/raw/pool/neg_coco_photos_00798.jpg
data/raw/pool/neg_coco_photos_00805.jpg,0,test,data/raw/pool/neg_coco_photos_00805.jpg
data/raw/pool/neg_coco_photos_00828.jpg,0,test,data/raw/pool/neg_coco_photos_00828.jpg
data/raw/pool/neg_coco_photos_00832.jpg,0,test,data/raw/pool/neg_coco_photos_00832.jpg
data/raw/pool/neg_coco_photos_00844.jpg,0,test,data/raw/pool/neg_coco_photos_00844.jpg
data/raw/pool/neg_coco_photos_00845.jpg,0,test,data/raw/pool/neg_coco_photos_00845.jpg
data/raw/pool/neg_coco_photos_00867.jpg,0,test,data/raw/pool/neg_coco_photos_00867.jpg
data/raw/pool/neg_coco_photos_00887.jpg,0,test,data/raw/pool/neg_coco_photos_00887.jpg
data/raw/pool/neg_coco_photos_00909.jpg,0,test,data/raw/pool/neg_coco_photos_00909.jpg
data/raw/pool/neg_coco_photos_00911.jpg,0,test,data/raw/pool/neg_coco_photos_00911.jpg
data/raw/pool/neg_coco_photos_00919.jpg,0,test,data/raw/pool/neg_coco_photos_00919.jpg
data/raw/pool/neg_coco_photos_00927.jpg,0,test,data/raw/pool/neg_coco_photos_00927.jpg
data/raw/pool/neg_coco_photos_00940.jpg,0,test,data/raw/pool/neg_coco_photos_00940.jpg
data/raw/pool/neg_coco_photos_00954.jpg,0,test,data/raw/pool/neg_coco_photos_00954.jpg
data/raw/pool/neg_coco_photos_00982.jpg,0,test,data/raw/pool/neg_coco_photos_00982.jpg
data/raw/pool/neg_coco_photos_00989.jpg,0,test,data/raw/pool/neg_coco_photos_00989.jpg
data/raw/pool/neg_coco_photos_01016.jpg,0,test,data/raw/pool/neg_coco_photos_01016.jpg
data/raw/pool/neg_coco_photos_01017.jpg,0,test,data/raw/pool/neg_coco_photos_01017.jpg
data/raw/pool/neg_coco_photos_01023.jpg,0,test,data/raw/pool/neg_coco_photos_01023.jpg
data/raw/pool/neg_coco_photos_01038.jpg,0,test,data/raw/pool/neg_coco_photos_01038.jpg
data/raw/pool/neg_coco_photos_01044.jpg,0,test,data/raw/pool/neg_coco_photos_01044.jpg
data/raw/pool/neg_coco_photos_01048.jpg,0,test,data/raw/pool/neg_coco_photos_01048.jpg
data/raw/pool/neg_coco_photos_01071.jpg,0,test,data/raw/pool/neg_coco_photos_01071.jpg
data/raw/pool/neg_coco_photos_01108.jpg,0,test,data/raw/pool/neg_coco_photos_01108.jpg
data/raw/pool/neg_coco_photos_01121.jpg,0,test,data/raw/pool/neg_coco_photos_01121.jpg
data/raw/pool/neg_coco_photos_01122.jpg,0,test,data/raw/pool/neg_coco_photos_01122.jpg
data/raw/pool/neg_coco_photos_01131.jpg,0,test,data/raw/pool/neg_coco_photos_01131.jpg
data/raw/pool/neg_coco_photos_01145.jpg,0,test,data/raw/pool/neg_coco_photos_01145.jpg
data/raw/pool/neg_coco_photos_01151.jpg,0,test,data/raw/pool/neg_coco_photos_01151.jpg
data/raw/pool/neg_coco_photos_01165.jpg,0,test,data/raw/pool/neg_coco_photos_01165.jpg
data/raw/pool/neg_coco_photos_01174.jpg,0,test,data/raw/pool/neg_coco_photos_01174.jpg
data/raw/pool/neg_coco_photos_01181.jpg,0,test,data/raw/pool/neg_coco_photos_01181.jpg
data/raw/pool/neg_coco_photos_01199.jpg,0,test,data/raw/pool/neg_coco_photos_01199.jpg
data/raw/pool/syn_hard_pos_00005.jpg,1,test,data/raw/pool/pos_rvlcdip_invoice_01797.jpg
data/raw/pool/syn_hard_pos_00012.jpg,1,test,data/raw/pool/pos_rvlcdip_invoice_00951.jpg
data/raw/pool/syn_hard_pos_00014.jpg,1,test,data/raw/pool/pos_rvlcdip_invoice_01644.jpg
data/raw/pool/syn_hard_pos_00018.jpg,1,test,data/raw/pool/pos_sroie_receipts_00216.jpg
data/raw/pool/syn_hard_pos_00020.jpg,1,test,data/raw/pool/pos_sroie_receipts_00216.jpg
data/raw/pool/syn_hard_pos_00037.jpg,1,test,data/raw/pool/pos_rvlcdip_invoice_00493.jpg
data/raw/pool/syn_hard_pos_00038.jpg,1,test,data/raw/pool/pos_rvlcdip_invoice_00437.jpg
data/raw/pool/syn_hard_pos_00054.jpg,1,test,data/raw/pool/pos_rvlcdip_invoice_01309.jpg
data/raw/pool/syn_hard_pos_00055.jpg,1,test,data/raw/pool/pos_cord_receipts_00233.jpg
data/raw/pool/syn_hard_pos_00059.jpg,1,test,data/raw/pool/pos_rvlcdip_invoice_01644.jpg
data/raw/pool/syn_hard_pos_00067.jpg,1,test,data/raw/pool/pos_rvlcdip_invoice_00460.jpg
data/raw/pool/syn_hard_pos_00068.jpg,1,test,data/raw/pool/pos_cord_receipts_00453.jpg
data/raw/pool/syn_hard_pos_00093.jpg,1,test,data/raw/pool/pos_sroie_receipts_00381.jpg
data/raw/pool/syn_hard_pos_00108.jpg,1,test,data/raw/pool/pos_rvlcdip_invoice_01678.jpg
data/raw/pool/syn_hard_pos_00134.jpg,1,test,data/raw/pool/pos_rvlcdip_invoice_00651.jpg
data/raw/pool/syn_hard_pos_00187.jpg,1,test,data/raw/pool/pos_rvlcdip_invoice_01087.jpg
data/raw/pool/syn_hard_pos_00192.jpg,1,test,data/raw/pool/pos_rvlcdip_invoice_00438.jpg
data/raw/pool/syn_hard_pos_00221.jpg,1,test,data/raw/pool/pos_rvlcdip_invoice_01301.jpg
data/raw/pool/syn_hard_pos_00233.jpg,1,test,data/raw/pool/pos_rvlcdip_invoice_00226.jpg
data/raw/pool/syn_hard_pos_00234.jpg,1,test,data/raw/pool/pos_rvlcdip_invoice_01353.jpg
data/raw/pool/syn_hard_pos_00235.jpg,1,test,data/raw/pool/pos_rvlcdip_invoice_00268.jpg
data/raw/pool/syn_hard_pos_00237.jpg,1,test,data/raw/pool/pos_cord_receipts_00453.jpg
data/raw/pool/syn_hard_pos_00256.jpg,1,test,data/raw/pool/pos_rvlcdip_invoice_01760.jpg
data/raw/pool/syn_hard_pos_00262.jpg,1,test,data/raw/pool/pos_rvlcdip_invoice_01264.jpg
data/raw/pool/syn_hard_pos_00275.jpg,1,test,data/raw/pool/pos_rvlcdip_invoice_01432.jpg
data/raw/pool/syn_hard_pos_00282.jpg,1,test,data/raw/pool/pos_rvlcdip_invoice_01797.jpg
data/raw/pool/syn_hard_pos_00288.jpg,1,test,data/raw/pool/pos_rvlcdip_invoice_00112.jpg
data/raw/pool/syn_hard_pos_00304.jpg,1,test,data/raw/pool/pos_rvlcdip_invoice_01382.jpg
data/raw/pool/syn_hard_pos_00337.jpg,1,test,data/raw/pool/pos_rvlcdip_invoice_00018.jpg
data/raw/pool/syn_hard_pos_00349.jpg,1,test,data/raw/pool/pos_rvlcdip_invoice_01206.jpg
data/raw/pool/syn_hard_pos_00354.jpg,1,test,data/raw/pool/pos_rvlcdip_invoice_00491.jpg
data/raw/pool/syn_hard_pos_00356.jpg,1,test,data/raw/pool/pos_sroie_receipts_00147.jpg
data/raw/pool/syn_hard_pos_00362.jpg,1,test,data/raw/pool/pos_sroie_receipts_00092.jpg
data/raw/pool/syn_hard_pos_00382.jpg,1,test,data/raw/pool/pos_rvlcdip_invoice_00229.jpg
data/raw/pool/syn_hard_pos_00383.jpg,1,test,data/raw/pool/pos_cord_receipts_00588.jpg
data/raw/pool/syn_hard_pos_00386.jpg,1,test,data/raw/pool/pos_sroie_receipts_00571.jpg
data/raw/pool/syn_hard_pos_00388.jpg,1,test,data/raw/pool/pos_rvlcdip_invoice_01129.jpg
data/raw/pool/syn_hard_pos_00389.jpg,1,test,data/raw/pool/pos_rvlcdip_invoice_01409.jpg
data/raw/pool/syn_hard_pos_00396.jpg,1,test,data/raw/pool/pos_rvlcdip_invoice_00321.jpg
data/raw/pool/syn_hard_pos_00400.jpg,1,test,data/raw/pool/pos_rvlcdip_invoice_01602.jpg
data/raw/pool/syn_hard_pos_00404.jpg,1,test,data/raw/pool/pos_rvlcdip_invoice_01261.jpg
data/raw/pool/syn_hard_pos_00417.jpg,1,test,data/raw/pool/pos_sroie_receipts_00472.jpg
data/raw/pool/syn_hard_pos_00444.jpg,1,test,data/raw/pool/pos_rvlcdip_invoice_00435.jpg
data/raw/pool/syn_hard_pos_00449.jpg,1,test,data/raw/pool/pos_sroie_receipts_00099.jpg
data/raw/pool/syn_hard_pos_00452.jpg,1,test,data/raw/pool/pos_rvlcdip_invoice_00199.jpg
data/raw/pool/syn_hard_pos_00495.jpg,1,test,data/raw/pool/pos_rvlcdip_invoice_01134.jpg
data/raw/pool/syn_hard_pos_00502.jpg,1,test,data/raw/pool/pos_rvlcdip_invoice_00951.jpg
data/raw/pool/syn_hard_pos_00512.jpg,1,test,data/raw/pool/pos_sroie_receipts_00164.jpg
data/raw/pool/syn_hard_pos_00525.jpg,1,test,data/raw/pool/pos_rvlcdip_invoice_01141.jpg
data/raw/pool/syn_hard_pos_00538.jpg,1,test,data/raw/pool/pos_rvlcdip_invoice_00321.jpg
data/raw/pool/syn_hard_pos_00575.jpg,1,test,data/raw/pool/pos_rvlcdip_invoice_00382.jpg
data/raw/pool/syn_hard_pos_00587.jpg,1,test,data/raw/pool/pos_rvlcdip_invoice_01138.jpg
data/raw/pool/syn_hard_pos_00589.jpg,1,test,data/raw/pool/pos_rvlcdip_invoice_01134.jpg
data/raw/pool/syn_hard_pos_00593.jpg,1,test,data/raw/pool/pos_rvlcdip_invoice_01647.jpg
data/raw/pool/syn_hard_pos_00607.jpg,1,test,data/raw/pool/pos_rvlcdip_invoice_00172.jpg
data/raw/pool/syn_hard_pos_00651.jpg,1,test,data/raw/pool/pos_rvlcdip_invoice_01409.jpg
data/raw/pool/syn_hard_pos_00661.jpg,1,test,data/raw/pool/pos_rvlcdip_invoice_01489.jpg
data/raw/pool/syn_hard_pos_00673.jpg,1,test,data/raw/pool/pos_rvlcdip_invoice_01663.jpg
data/raw/pool/syn_hard_pos_00682.jpg,1,test,data/raw/pool/pos_rvlcdip_invoice_01206.jpg
data/raw/pool/syn_hard_pos_00685.jpg,0,test,data/raw/pool/neg_rvlcdip_other_00323.jpg
data/raw/pool/syn_hard_pos_00699.jpg,1,test,data/raw/pool/pos_rvlcdip_invoice_01644.jpg
data/raw/pool/syn_hard_pos_00704.jpg,1,test,data/raw/pool/pos_rvlcdip_invoice_00049.jpg
data/raw/pool/syn_hard_pos_00707.jpg,1,test,data/raw/pool/pos_rvlcdip_invoice_00493.jpg
data/raw/pool/syn_hard_pos_00710.jpg,1,test,data/raw/pool/pos_rvlcdip_invoice_00285.jpg
data/raw/pool/syn_hard_pos_00721.jpg,1,test,data/raw/pool/pos_rvlcdip_invoice_01203.jpg
data/raw/pool/syn_hard_pos_00724.jpg,1,test,data/raw/pool/pos_rvlcdip_invoice_01590.jpg
data/raw/pool/syn_hard_pos_00725.jpg,1,test,data/raw/pool/pos_rvlcdip_invoice_00999.jpg
data/raw/pool/syn_hard_pos_00726.jpg,1,test,data/raw/pool/pos_rvlcdip_invoice_01166.jpg
data/raw/pool/syn_hard_pos_00731.jpg,1,test,data/raw/pool/pos_rvlcdip_invoice_00312.jpg
data/raw/pool/syn_hard_pos_00745.jpg,1,test,data/raw/pool/pos_rvlcdip_invoice_01098.jpg
data/raw/pool/syn_hard_pos_00752.jpg,1,test,data/raw/pool/pos_rvlcdip_invoice_01158.jpg
data/raw/pool/syn_hard_pos_00771.jpg,1,test,data/raw/pool/pos_rvlcdip_invoice_01536.jpg
data/raw/pool/syn_hard_pos_00777.jpg,1,test,data/raw/pool/pos_rvlcdip_invoice_01644.jpg
data/raw/pool/syn_hard_pos_00783.jpg,1,test,data/raw/pool/pos_cord_receipts_00057.jpg
data/raw/pool/syn_hard_pos_00790.jpg,1,test,data/raw/pool/pos_rvlcdip_invoice_01519.jpg
data/raw/pool/syn_hard_pos_00795.jpg,1,test,data/raw/pool/pos_rvlcdip_invoice_00898.jpg
data/raw/pool/syn_hard_pos_00800.jpg,1,test,data/raw/pool/pos_cord_receipts_00503.jpg
data/raw/pool/syn_hard_pos_00801.jpg,1,test,data/raw/pool/pos_rvlcdip_invoice_00285.jpg
data/raw/pool/syn_hard_pos_00803.jpg,1,test,data/raw/pool/pos_rvlcdip_invoice_01644.jpg
data/raw/pool/syn_hard_pos_00820.jpg,1,test,data/raw/pool/pos_cord_receipts_00569.jpg
data/raw/pool/syn_hard_pos_00822.jpg,1,test,data/raw/pool/pos_rvlcdip_invoice_01360.jpg
data/raw/pool/syn_hard_pos_00829.jpg,1,test,data/raw/pool/pos_cord_receipts_00484.jpg
data/raw/pool/syn_hard_pos_00830.jpg,1,test,data/raw/pool/pos_rvlcdip_invoice_00237.jpg
data/raw/pool/syn_hard_pos_00833.jpg,1,test,data/raw/pool/pos_rvlcdip_invoice_01264.jpg
data/raw/pool/syn_hard_pos_00861.jpg,1,test,data/raw/pool/pos_rvlcdip_invoice_00967.jpg
data/raw/pool/syn_hard_pos_00866.jpg,1,test,data/raw/pool/pos_rvlcdip_invoice_01679.jpg
data/raw/pool/syn_hard_pos_00870.jpg,1,test,data/raw/pool/pos_rvlcdip_invoice_01397.jpg
data/raw/pool/syn_hard_pos_00872.jpg,1,test,data/raw/pool/pos_rvlcdip_invoice_00897.jpg
data/raw/pool/syn_hard_pos_00876.jpg,1,test,data/raw/pool/pos_rvlcdip_invoice_01086.jpg
data/raw/pool/syn_hard_pos_00877.jpg,1,test,data/raw/pool/pos_rvlcdip_invoice_01647.jpg
data/raw/pool/syn_hard_pos_00889.jpg,1,test,data/raw/pool/pos_sroie_receipts_00449.jpg
data/raw/pool/syn_hard_pos_00898.jpg,0,test,data/raw/pool/neg_rvlcdip_other_00323.jpg
data/raw/pool/syn_hard_neg_00002.jpg,0,test,data/raw/pool/neg_rvlcdip_other_00130.jpg
data/raw/pool/syn_hard_neg_00003.jpg,0,test,data/raw/pool/neg_rvlcdip_other_00527.jpg
data/raw/pool/syn_hard_neg_00020.jpg,1,test,data/raw/pool/pos_cord_receipts_00597.jpg
data/raw/pool/syn_hard_neg_00022.jpg,1,test,data/raw/pool/pos_cord_receipts_00201.jpg
data/raw/pool/syn_hard_neg_00028.jpg,1,test,data/raw/pool/pos_cord_receipts_00536.jpg
data/raw/pool/syn_hard_neg_00032.jpg,0,test,data/raw/pool/neg_rvlcdip_other_00652.jpg
data/raw/pool/syn_hard_neg_00038.jpg,1,test,data/raw/pool/pos_sroie_receipts_00273.jpg
data/raw/pool/syn_hard_neg_00043.jpg,1,test,data/raw/pool/pos_sroie_receipts_00376.jpg
data/raw/pool/syn_hard_neg_00056.jpg,1,test,data/raw/pool/pos_rvlcdip_invoice_01346.jpg
data/raw/pool/syn_hard_neg_00065.jpg,0,test,data/raw/pool/neg_rvlcdip_other_01572.jpg
data/raw/pool/syn_hard_neg_00073.jpg,0,test,data/raw/pool/neg_rvlcdip_other_00426.jpg
data/raw/pool/syn_hard_neg_00076.jpg,0,test,data/raw/pool/neg_rvlcdip_other_00999.jpg
data/raw/pool/syn_hard_neg_00086.jpg,0,test,data/raw/pool/neg_rvlcdip_other_00750.jpg
data/raw/pool/syn_hard_neg_00093.jpg,0,test,data/raw/pool/neg_rvlcdip_other_00895.jpg
data/raw/pool/syn_hard_neg_00116.jpg,0,test,data/raw/pool/neg_rvlcdip_other_01717.jpg
data/raw/pool/syn_hard_neg_00132.jpg,1,test,data/raw/pool/pos_cord_receipts_00091.jpg
data/raw/pool/syn_hard_neg_00156.jpg,1,test,data/raw/pool/pos_cord_receipts_00021.jpg
data/raw/pool/syn_hard_neg_00157.jpg,0,test,data/raw/pool/neg_rvlcdip_other_01079.jpg
data/raw/pool/syn_hard_neg_00163.jpg,0,test,data/raw/pool/neg_rvlcdip_other_01261.jpg
data/raw/pool/syn_hard_neg_00176.jpg,0,test,data/raw/pool/neg_rvlcdip_other_00834.jpg
data/raw/pool/syn_hard_neg_00181.jpg,0,test,data/raw/pool/neg_rvlcdip_other_00887.jpg
data/raw/pool/syn_hard_neg_00186.jpg,0,test,data/raw/pool/neg_rvlcdip_other_00842.jpg
data/raw/pool/syn_hard_neg_00188.jpg,0,test,data/raw/pool/neg_rvlcdip_other_01746.jpg
data/raw/pool/syn_hard_neg_00197.jpg,0,test,data/raw/pool/neg_rvlcdip_other_00305.jpg
data/raw/pool/syn_hard_neg_00217.jpg,0,test,data/raw/pool/neg_rvlcdip_other_00634.jpg
data/raw/pool/syn_hard_neg_00223.jpg,1,test,data/raw/pool/pos_cord_receipts_00034.jpg
data/raw/pool/syn_hard_neg_00226.jpg,0,test,data/raw/pool/neg_rvlcdip_other_01643.jpg
data/raw/pool/syn_hard_neg_00240.jpg,0,test,data/raw/pool/neg_rvlcdip_other_00998.jpg
data/raw/pool/syn_hard_neg_00266.jpg,1,test,data/raw/pool/pos_sroie_receipts_00104.jpg
data/raw/pool/syn_hard_neg_00270.jpg,0,test,data/raw/pool/neg_rvlcdip_other_00887.jpg
data/raw/pool/syn_hard_neg_00276.jpg,0,test,data/raw/pool/neg_rvlcdip_other_00341.jpg
data/raw/pool/syn_hard_neg_00283.jpg,1,test,data/raw/pool/pos_sroie_receipts_00006.jpg
data/raw/pool/syn_hard_neg_00288.jpg,0,test,data/raw/pool/neg_rvlcdip_other_00461.jpg
data/raw/pool/syn_hard_neg_00293.jpg,0,test,data/raw/pool/neg_rvlcdip_other_00727.jpg
data/raw/pool/syn_hard_neg_00294.jpg,0,test,data/raw/pool/neg_rvlcdip_other_00123.jpg
data/raw/pool/syn_hard_neg_00312.jpg,0,test,data/raw/pool/neg_rvlcdip_other_00330.jpg
data/raw/pool/syn_hard_neg_00363.jpg,0,test,data/raw/pool/neg_rvlcdip_other_00295.jpg
data/raw/pool/syn_hard_neg_00393.jpg,0,test,data/raw/pool/neg_rvlcdip_other_01656.jpg
data/raw/pool/syn_hard_neg_00394.jpg,0,test,data/raw/pool/neg_rvlcdip_other_01313.jpg
Negative/183996.jpeg,0,test,Negative/183996.jpeg
Negative/3096da16-2470-4c67-92c2-9b3125b0911f.jpg,0,test,Negative/3096da16-2470-4c67-92c2-9b3125b0911f.jpg
Negative/dce7ccdb-330a-4501-bf0f-a088d39f0c73.jpg,0,test,Negative/dce7ccdb-330a-4501-bf0f-a088d39f0c73.jpg
data/raw/public_hard_negatives/rvl/scientific_report_616f56a4e1fae9aa.jpg,0,test,rvl:scientific_report:616f56a4e1fae9aa
data/raw/public_hard_negatives/rvl/scientific_report_8373fecf59592bcd.jpg,0,test,rvl:scientific_report:8373fecf59592bcd
data/raw/public_hard_negatives/rvl/scientific_report_bd66b607f660e8f9.jpg,0,test,rvl:scientific_report:bd66b607f660e8f9
data/raw/public_hard_negatives/rvl/scientific_report_145efda65bc58e23.jpg,0,test,rvl:scientific_report:145efda65bc58e23
data/raw/public_hard_negatives/rvl/scientific_report_c5ca88f91a179925.jpg,0,test,rvl:scientific_report:c5ca88f91a179925
data/raw/public_hard_negatives/rvl/scientific_report_78d568dde7dd1f3c.jpg,0,test,rvl:scientific_report:78d568dde7dd1f3c
data/raw/public_hard_negatives/rvl/scientific_report_52ebf0e058e8c41e.jpg,0,test,rvl:scientific_report:52ebf0e058e8c41e
data/raw/public_hard_negatives/rvl/scientific_report_89416b143e8bd404.jpg,0,test,rvl:scientific_report:89416b143e8bd404
data/raw/public_hard_negatives/rvl/scientific_report_68ab1f969f5c5f49.jpg,0,test,rvl:scientific_report:68ab1f969f5c5f49
data/raw/public_hard_negatives/rvl/scientific_report_d241b8fcda318c92.jpg,0,test,rvl:scientific_report:d241b8fcda318c92
data/raw/public_hard_negatives/rvl/scientific_report_6ed38b273d168cd1.jpg,0,test,rvl:scientific_report:6ed38b273d168cd1
data/raw/public_hard_negatives/rvl/scientific_report_2e7994fb93c90792.jpg,0,test,rvl:scientific_report:2e7994fb93c90792
data/raw/public_hard_negatives/rvl/scientific_report_9a84aa74ab2073fa.jpg,0,test,rvl:scientific_report:9a84aa74ab2073fa
data/raw/public_hard_negatives/rvl/scientific_report_d8686162bd516b29.jpg,0,test,rvl:scientific_report:d8686162bd516b29
data/raw/public_hard_negatives/rvl/scientific_report_82d01e8466d74bd4.jpg,0,test,rvl:scientific_report:82d01e8466d74bd4
data/raw/public_hard_negatives/rvl/scientific_publication_7f7d46027ebc50bd.jpg,0,test,rvl:scientific_publication:7f7d46027ebc50bd
data/raw/public_hard_negatives/rvl/scientific_publication_f924c696e5f4bae1.jpg,0,test,rvl:scientific_publication:f924c696e5f4bae1
data/raw/public_hard_negatives/rvl/scientific_publication_2b8d167eacdb65e4.jpg,0,test,rvl:scientific_publication:2b8d167eacdb65e4
data/raw/public_hard_negatives/rvl/scientific_publication_c0ac51af7f827724.jpg,0,test,rvl:scientific_publication:c0ac51af7f827724
data/raw/public_hard_negatives/rvl/scientific_publication_f347d5479eca727f.jpg,0,test,rvl:scientific_publication:f347d5479eca727f
data/raw/public_hard_negatives/rvl/scientific_publication_090e3652846b4c66.jpg,0,test,rvl:scientific_publication:090e3652846b4c66
data/raw/public_hard_negatives/rvl/scientific_publication_02385a711202a467.jpg,0,test,rvl:scientific_publication:02385a711202a467
data/raw/public_hard_negatives/rvl/scientific_publication_afbb2c212b03310b.jpg,0,test,rvl:scientific_publication:afbb2c212b03310b
data/raw/public_hard_negatives/rvl/scientific_publication_8a4a9b124fd9d518.jpg,0,test,rvl:scientific_publication:8a4a9b124fd9d518
data/raw/public_hard_negatives/rvl/scientific_publication_7aa9969e62e6efcd.jpg,0,test,rvl:scientific_publication:7aa9969e62e6efcd
data/raw/public_hard_negatives/rvl/scientific_publication_e5cbbc5112eeb0fe.jpg,0,test,rvl:scientific_publication:e5cbbc5112eeb0fe
data/raw/public_hard_negatives/rvl/scientific_publication_e90055eb2bc393e1.jpg,0,test,rvl:scientific_publication:e90055eb2bc393e1
data/raw/public_hard_negatives/rvl/scientific_publication_55b7b0332f12f223.jpg,0,test,rvl:scientific_publication:55b7b0332f12f223
data/raw/public_hard_negatives/rvl/scientific_publication_35c751120a9a33b9.jpg,0,test,rvl:scientific_publication:35c751120a9a33b9
data/raw/public_hard_negatives/rvl/specification_9d06c055e635c924.jpg,0,test,rvl:specification:9d06c055e635c924
data/raw/public_hard_negatives/rvl/specification_734ab7505a41c3e7.jpg,0,test,rvl:specification:734ab7505a41c3e7
data/raw/public_hard_negatives/rvl/specification_d5eee914ef1938b2.jpg,0,test,rvl:specification:d5eee914ef1938b2
data/raw/public_hard_negatives/rvl/specification_c06035182b40367d.jpg,0,test,rvl:specification:c06035182b40367d
data/raw/public_hard_negatives/rvl/specification_3fa4ae6b787d1aa8.jpg,0,test,rvl:specification:3fa4ae6b787d1aa8
data/raw/public_hard_negatives/rvl/specification_fc037373a350ac1f.jpg,0,test,rvl:specification:fc037373a350ac1f
data/raw/public_hard_negatives/rvl/specification_817c410073fbefa7.jpg,0,test,rvl:specification:817c410073fbefa7
data/raw/public_hard_negatives/rvl/specification_51da4aae62eaf027.jpg,0,test,rvl:specification:51da4aae62eaf027
data/raw/public_hard_negatives/rvl/specification_251308c1f3456f70.jpg,0,test,rvl:specification:251308c1f3456f70
data/raw/public_hard_negatives/rvl/specification_52b2f663d8ead411.jpg,0,test,rvl:specification:52b2f663d8ead411
data/raw/public_hard_negatives/rvl/specification_2d695b617a1351c0.jpg,0,test,rvl:specification:2d695b617a1351c0
data/raw/public_hard_negatives/rvl/specification_c76939a45215d34c.jpg,0,test,rvl:specification:c76939a45215d34c
data/raw/public_hard_negatives/rvl/news_article_ad2dfe3ee21dfc69.jpg,0,test,rvl:news_article:ad2dfe3ee21dfc69
data/raw/public_hard_negatives/rvl/news_article_3f011498a8778d8c.jpg,0,test,rvl:news_article:3f011498a8778d8c
data/raw/public_hard_negatives/rvl/news_article_f55023dbeb69761a.jpg,0,test,rvl:news_article:f55023dbeb69761a
data/raw/public_hard_negatives/rvl/news_article_5099140c1007d143.jpg,0,test,rvl:news_article:5099140c1007d143
data/raw/public_hard_negatives/rvl/news_article_d0bc981b39ec3819.jpg,0,test,rvl:news_article:d0bc981b39ec3819
data/raw/public_hard_negatives/rvl/news_article_6eb28f08221f6f33.jpg,0,test,rvl:news_article:6eb28f08221f6f33
data/raw/public_hard_negatives/rvl/news_article_567bc1c774ab3ffe.jpg,0,test,rvl:news_article:567bc1c774ab3ffe
data/raw/public_hard_negatives/rvl/news_article_92ea3d7345234148.jpg,0,test,rvl:news_article:92ea3d7345234148
data/raw/public_hard_negatives/rvl/news_article_507e4b8998947c8d.jpg,0,test,rvl:news_article:507e4b8998947c8d
data/raw/public_hard_negatives/rvl/news_article_3ee60c1c0fcd6da7.jpg,0,test,rvl:news_article:3ee60c1c0fcd6da7
data/raw/public_hard_negatives/rvl/news_article_31b15fde4ae902b9.jpg,0,test,rvl:news_article:31b15fde4ae902b9
data/raw/public_hard_negatives/rvl/news_article_70282f0a01bb7a3c.jpg,0,test,rvl:news_article:70282f0a01bb7a3c
data/raw/public_hard_negatives/rvl/news_article_1adec232e5ac359c.jpg,0,test,rvl:news_article:1adec232e5ac359c
data/raw/public_hard_negatives/rvl/news_article_428bbb29b5ad4afd.jpg,0,test,rvl:news_article:428bbb29b5ad4afd
data/raw/public_hard_negatives/rvl/news_article_f8c061c4720de3c2.jpg,0,test,rvl:news_article:f8c061c4720de3c2
data/raw/public_hard_negatives/rvl/news_article_325e8d085cc71769.jpg,0,test,rvl:news_article:325e8d085cc71769
data/raw/public_hard_negatives/rvl/news_article_3a926cb4f5723595.jpg,0,test,rvl:news_article:3a926cb4f5723595
data/raw/public_hard_negatives/rvl/news_article_24f7abd57c95e76c.jpg,0,test,rvl:news_article:24f7abd57c95e76c
data/raw/public_hard_negatives/rvl/budget_8631c0f21668a4a0.jpg,0,test,rvl:budget:8631c0f21668a4a0
data/raw/public_hard_negatives/rvl/budget_8699c450539acec7.jpg,0,test,rvl:budget:8699c450539acec7
data/raw/public_hard_negatives/rvl/budget_67e77c6cbd8177f4.jpg,0,test,rvl:budget:67e77c6cbd8177f4
data/raw/public_hard_negatives/rvl/budget_bb340b86e06047d4.jpg,0,test,rvl:budget:bb340b86e06047d4
data/raw/public_hard_negatives/rvl/budget_bcf400b3aa685611.jpg,0,test,rvl:budget:bcf400b3aa685611
data/raw/public_hard_negatives/rvl/budget_c9af6be2268f635c.jpg,0,test,rvl:budget:c9af6be2268f635c
data/raw/public_hard_negatives/rvl/budget_0097246c0d07d3e4.jpg,0,test,rvl:budget:0097246c0d07d3e4
data/raw/public_hard_negatives/rvl/budget_c966cdaa6b9a2b4b.jpg,0,test,rvl:budget:c966cdaa6b9a2b4b
data/raw/public_hard_negatives/rvl/budget_e06de3415a273a49.jpg,0,test,rvl:budget:e06de3415a273a49
data/raw/public_hard_negatives/rvl/budget_0606ddaf14eca2a2.jpg,0,test,rvl:budget:0606ddaf14eca2a2
data/raw/public_hard_negatives/rvl/budget_b4ac98272885b2c7.jpg,0,test,rvl:budget:b4ac98272885b2c7
data/raw/public_hard_negatives/rvl/budget_4035a534da13c29f.jpg,0,test,rvl:budget:4035a534da13c29f
data/raw/public_hard_negatives/rvl/budget_86fe9ac4885d9b3f.jpg,0,test,rvl:budget:86fe9ac4885d9b3f
data/raw/public_hard_negatives/rvl/presentation_dbbaa38820e98deb.jpg,0,test,rvl:presentation:dbbaa38820e98deb
data/raw/public_hard_negatives/rvl/presentation_ab4ba4b6f1c4eeb8.jpg,0,test,rvl:presentation:ab4ba4b6f1c4eeb8
data/raw/public_hard_negatives/rvl/presentation_9b1c84ff505e438f.jpg,0,test,rvl:presentation:9b1c84ff505e438f
data/raw/public_hard_negatives/rvl/presentation_d91339592b002404.jpg,0,test,rvl:presentation:d91339592b002404
data/raw/public_hard_negatives/rvl/presentation_4f921f3c20d91132.jpg,0,test,rvl:presentation:4f921f3c20d91132
data/raw/public_hard_negatives/rvl/presentation_21adf1ef68064ef5.jpg,0,test,rvl:presentation:21adf1ef68064ef5
data/raw/public_hard_negatives/rvl/presentation_b33993d492ae2181.jpg,0,test,rvl:presentation:b33993d492ae2181
data/raw/public_hard_negatives/rvl/presentation_612bc5cc3776795e.jpg,0,test,rvl:presentation:612bc5cc3776795e
data/raw/public_hard_negatives/rvl/presentation_1398ebd8e01ee16f.jpg,0,test,rvl:presentation:1398ebd8e01ee16f
data/raw/public_hard_negatives/rvl/presentation_41bf03839a420264.jpg,0,test,rvl:presentation:41bf03839a420264
data/raw/public_hard_negatives/rvl/presentation_52bff8ab8f985408.jpg,0,test,rvl:presentation:52bff8ab8f985408
data/raw/public_hard_negatives/rvl/presentation_98a38db6e86716ab.jpg,0,test,rvl:presentation:98a38db6e86716ab
data/raw/public_hard_negatives/rvl/presentation_203b618b17f81f0b.jpg,0,test,rvl:presentation:203b618b17f81f0b
data/raw/public_hard_negatives/rvl/presentation_adaf96a6944d46eb.jpg,0,test,rvl:presentation:adaf96a6944d46eb
data/raw/public_hard_negatives/rvl/questionnaire_7485ddb00df0f9e9.jpg,0,test,rvl:questionnaire:7485ddb00df0f9e9
data/raw/public_hard_negatives/rvl/questionnaire_0a2f0fd4df7873e4.jpg,0,test,rvl:questionnaire:0a2f0fd4df7873e4
data/raw/public_hard_negatives/rvl/questionnaire_b5e58170a9540299.jpg,0,test,rvl:questionnaire:b5e58170a9540299
data/raw/public_hard_negatives/rvl/questionnaire_67d6a9836f4138da.jpg,0,test,rvl:questionnaire:67d6a9836f4138da
data/raw/public_hard_negatives/rvl/questionnaire_04f6bd44a2ae3473.jpg,0,test,rvl:questionnaire:04f6bd44a2ae3473
data/raw/public_hard_negatives/rvl/questionnaire_896a67be43daa23e.jpg,0,test,rvl:questionnaire:896a67be43daa23e
data/raw/public_hard_negatives/rvl/questionnaire_8996fa1ad1267abe.jpg,0,test,rvl:questionnaire:8996fa1ad1267abe
data/raw/public_hard_negatives/rvl/questionnaire_c8447447edef61d2.jpg,0,test,rvl:questionnaire:c8447447edef61d2
data/raw/public_hard_negatives/rvl/questionnaire_c19e85d105ce3ba7.jpg,0,test,rvl:questionnaire:c19e85d105ce3ba7
data/raw/public_hard_negatives/rvl/questionnaire_9b07372ad6b65ddc.jpg,0,test,rvl:questionnaire:9b07372ad6b65ddc
data/raw/public_hard_negatives/rvl/questionnaire_1b56473d11931ebc.jpg,0,test,rvl:questionnaire:1b56473d11931ebc
data/raw/public_hard_negatives/rvl/questionnaire_8bb5b20a001790c4.jpg,0,test,rvl:questionnaire:8bb5b20a001790c4
data/raw/public_hard_negatives/rvl/questionnaire_67c8c8fa65b27cea.jpg,0,test,rvl:questionnaire:67c8c8fa65b27cea
data/raw/public_hard_negatives/rvl/questionnaire_7c4e6c43b172c170.jpg,0,test,rvl:questionnaire:7c4e6c43b172c170
data/raw/public_hard_negatives/rvl/questionnaire_a4e35f5284dd4414.jpg,0,test,rvl:questionnaire:a4e35f5284dd4414
data/raw/public_hard_negatives/rvl/questionnaire_164afd4565613908.jpg,0,test,rvl:questionnaire:164afd4565613908
data/raw/public_hard_negatives/rvl/questionnaire_5f2f63a2bdfbb192.jpg,0,test,rvl:questionnaire:5f2f63a2bdfbb192
data/raw/public_hard_negatives/rvl/questionnaire_84f4a34f1b9d745b.jpg,0,test,rvl:questionnaire:84f4a34f1b9d745b
data/raw/public_hard_negatives/rvl/questionnaire_316065076ff4df57.jpg,0,test,rvl:questionnaire:316065076ff4df57
data/raw/public_hard_negatives/rvl/resume_6df568d04c21771c.jpg,0,test,rvl:resume:6df568d04c21771c
data/raw/public_hard_negatives/rvl/resume_d7dfd894b5c84ada.jpg,0,test,rvl:resume:d7dfd894b5c84ada
data/raw/public_hard_negatives/rvl/resume_6d794837b26085aa.jpg,0,test,rvl:resume:6d794837b26085aa
data/raw/public_hard_negatives/rvl/resume_7ee0b5c35d8cb697.jpg,0,test,rvl:resume:7ee0b5c35d8cb697
data/raw/public_hard_negatives/rvl/resume_073aa93d14e79d3c.jpg,0,test,rvl:resume:073aa93d14e79d3c
data/raw/public_hard_negatives/rvl/resume_af519418bc5cfd5d.jpg,0,test,rvl:resume:af519418bc5cfd5d
data/raw/public_hard_negatives/rvl/resume_460b16f5124da2f1.jpg,0,test,rvl:resume:460b16f5124da2f1
data/raw/public_hard_negatives/rvl/resume_b1f9e276c4e6dfd5.jpg,0,test,rvl:resume:b1f9e276c4e6dfd5
data/raw/public_hard_negatives/rvl/memo_df34b39803025678.jpg,0,test,rvl:memo:df34b39803025678
data/raw/public_hard_negatives/rvl/memo_08e661e1f8fff385.jpg,0,test,rvl:memo:08e661e1f8fff385
data/raw/public_hard_negatives/rvl/memo_e9d69be4539f89e1.jpg,0,test,rvl:memo:e9d69be4539f89e1
data/raw/public_hard_negatives/rvl/memo_9a15110e03673037.jpg,0,test,rvl:memo:9a15110e03673037
data/raw/public_hard_negatives/rvl/memo_d26879d51646a983.jpg,0,test,rvl:memo:d26879d51646a983
data/raw/public_hard_negatives/rvl/memo_826b081da09d6efe.jpg,0,test,rvl:memo:826b081da09d6efe
data/raw/public_hard_negatives/rvl/memo_c8848655e429d501.jpg,0,test,rvl:memo:c8848655e429d501
data/raw/public_hard_negatives/rvl/memo_6a0406185ad1e9ed.jpg,0,test,rvl:memo:6a0406185ad1e9ed
data/raw/public_hard_negatives/rvl/memo_fa27290717a8042b.jpg,0,test,rvl:memo:fa27290717a8042b
data/raw/public_hard_negatives/rvl/memo_91bd96039baf2b67.jpg,0,test,rvl:memo:91bd96039baf2b67
data/raw/public_hard_negatives/rvl/memo_7dcd935da68acaa7.jpg,0,test,rvl:memo:7dcd935da68acaa7
data/raw/public_hard_negatives/rvl/memo_f341123ffeb0bd6b.jpg,0,test,rvl:memo:f341123ffeb0bd6b
data/raw/public_hard_negatives/rvl/memo_7bd647413176312c.jpg,0,test,rvl:memo:7bd647413176312c
data/raw/public_hard_negatives/rvl/memo_bb117ccf02b5f2bf.jpg,0,test,rvl:memo:bb117ccf02b5f2bf
data/raw/public_hard_negatives/rvl/memo_5addd4386a9722e3.jpg,0,test,rvl:memo:5addd4386a9722e3
data/raw/public_hard_negatives/rvl/memo_85a43f57ed3d4b63.jpg,0,test,rvl:memo:85a43f57ed3d4b63
data/raw/public_hard_negatives/hiertext/c4222aa1d526fe0c.jpg,0,test,hiertext:c4222aa1d526fe0c
data/raw/public_hard_negatives/hiertext/413507eba76320da.jpg,0,test,hiertext:413507eba76320da
data/raw/public_hard_negatives/hiertext/6b9a238096d21ac9.jpg,0,test,hiertext:6b9a238096d21ac9
data/raw/public_hard_negatives/hiertext/ffbd92526fddb923.jpg,0,test,hiertext:ffbd92526fddb923
data/raw/public_hard_negatives/hiertext/e3e8e2bad29367b7.jpg,0,test,hiertext:e3e8e2bad29367b7
data/raw/public_hard_negatives/hiertext/59d5a9566321606b.jpg,0,test,hiertext:59d5a9566321606b
data/raw/public_hard_negatives/hiertext/feaa0ba27e863e46.jpg,0,test,hiertext:feaa0ba27e863e46
data/raw/public_hard_negatives/hiertext/44b7b0beee997caf.jpg,0,test,hiertext:44b7b0beee997caf
data/raw/public_hard_negatives/hiertext/3ff6a40f4278e231.jpg,0,test,hiertext:3ff6a40f4278e231
data/raw/public_hard_negatives/hiertext/680d6b48a300c455.jpg,0,test,hiertext:680d6b48a300c455
data/raw/public_hard_negatives/hiertext/371b43cb4a39d5d2.jpg,0,test,hiertext:371b43cb4a39d5d2
data/raw/public_hard_negatives/hiertext/77ddaec516b4c5cd.jpg,0,test,hiertext:77ddaec516b4c5cd
data/raw/public_hard_negatives/hiertext/b32ddfd4467dec68.jpg,0,test,hiertext:b32ddfd4467dec68
data/raw/public_hard_negatives/hiertext/dcc7fc83654bb950.jpg,0,test,hiertext:dcc7fc83654bb950
data/raw/public_hard_negatives/hiertext/de95864b12e0162d.jpg,0,test,hiertext:de95864b12e0162d
data/raw/public_hard_negatives/hiertext/37e0eb8fecffbbac.jpg,0,test,hiertext:37e0eb8fecffbbac
data/raw/public_hard_negatives/hiertext/0538af158b769e1e.jpg,0,test,hiertext:0538af158b769e1e
data/raw/public_hard_negatives/hiertext/bf264e83b996725d.jpg,0,test,hiertext:bf264e83b996725d
data/raw/public_hard_negatives/hiertext/0a85661607f14abf.jpg,0,test,hiertext:0a85661607f14abf
data/raw/public_hard_negatives/hiertext/bbfd4d63effc2e9d.jpg,0,test,hiertext:bbfd4d63effc2e9d
data/raw/public_hard_negatives/hiertext/96d0a203ca6c9a2d.jpg,0,test,hiertext:96d0a203ca6c9a2d
data/raw/public_hard_negatives/hiertext/47dcfb4d44f3e274.jpg,0,test,hiertext:47dcfb4d44f3e274
data/raw/public_hard_negatives/hiertext/821d3a32764c6780.jpg,0,test,hiertext:821d3a32764c6780
data/raw/public_hard_negatives/hiertext/71df3af7f3ce77fb.jpg,0,test,hiertext:71df3af7f3ce77fb
data/raw/public_hard_negatives/hiertext/1e419dd031950099.jpg,0,test,hiertext:1e419dd031950099
data/raw/public_hard_negatives/hiertext/d292dbb21d93ede5.jpg,0,test,hiertext:d292dbb21d93ede5
data/raw/public_hard_negatives/hiertext/48904c0fff1c7fcb.jpg,0,test,hiertext:48904c0fff1c7fcb
data/raw/public_hard_negatives/hiertext/b4a849b4d0de3011.jpg,0,test,hiertext:b4a849b4d0de3011
data/raw/public_hard_negatives/hiertext/40b983d1209839cb.jpg,0,test,hiertext:40b983d1209839cb
data/raw/public_hard_negatives/hiertext/59ba392c3dcd9815.jpg,0,test,hiertext:59ba392c3dcd9815
data/raw/public_hard_negatives/hiertext/7bfb5064c9e18411.jpg,0,test,hiertext:7bfb5064c9e18411
data/raw/public_hard_negatives/hiertext/38ef8a03aab1ee75.jpg,0,test,hiertext:38ef8a03aab1ee75
data/raw/public_hard_negatives/hiertext/0144982d3d323b25.jpg,0,test,hiertext:0144982d3d323b25
data/raw/public_hard_negatives/hiertext/de7d52c67db36fc0.jpg,0,test,hiertext:de7d52c67db36fc0
data/raw/public_hard_negatives/hiertext/b041d855cd129c74.jpg,0,test,hiertext:b041d855cd129c74
data/raw/public_hard_negatives/hiertext/755525a0555db9bd.jpg,0,test,hiertext:755525a0555db9bd
data/raw/public_hard_negatives/hiertext/41e8093065b69b33.jpg,0,test,hiertext:41e8093065b69b33
data/raw/public_hard_negatives/hiertext/b0ee7ca0acef7da6.jpg,0,test,hiertext:b0ee7ca0acef7da6
data/raw/public_hard_negatives/hiertext/12cbe153ac52d659.jpg,0,test,hiertext:12cbe153ac52d659
data/raw/public_hard_negatives/hiertext/97bf1d93d2411594.jpg,0,test,hiertext:97bf1d93d2411594
data/raw/public_hard_negatives/hiertext/4d33e27e052ddbf6.jpg,0,test,hiertext:4d33e27e052ddbf6
data/raw/public_hard_negatives/hiertext/585376b0f6c85bcf.jpg,0,test,hiertext:585376b0f6c85bcf
data/raw/public_hard_negatives/hiertext/d2037606b2b184bd.jpg,0,test,hiertext:d2037606b2b184bd
data/raw/public_hard_negatives/hiertext/2dd360155f8e8c06.jpg,0,test,hiertext:2dd360155f8e8c06
data/raw/public_hard_negatives/hiertext/8e5217340dc81231.jpg,0,test,hiertext:8e5217340dc81231
data/raw/public_hard_negatives/hiertext/1870a2c219a5f389.jpg,0,test,hiertext:1870a2c219a5f389
data/raw/public_hard_negatives/hiertext/8d340cd15ca922f8.jpg,0,test,hiertext:8d340cd15ca922f8
data/raw/public_hard_negatives/hiertext/6f7d4687a7434bbf.jpg,0,test,hiertext:6f7d4687a7434bbf
data/raw/public_hard_negatives/hiertext/d58d4d50211f605e.jpg,0,test,hiertext:d58d4d50211f605e
data/raw/public_hard_negatives/hiertext/aecd9ca749cd4471.jpg,0,test,hiertext:aecd9ca749cd4471
data/raw/public_hard_negatives/hiertext/81a32f25382962d7.jpg,0,test,hiertext:81a32f25382962d7
data/raw/public_hard_negatives/hiertext/3e9c2bb1694a2b73.jpg,0,test,hiertext:3e9c2bb1694a2b73
data/raw/public_hard_negatives/hiertext/512f6234529237cc.jpg,0,test,hiertext:512f6234529237cc
data/raw/public_hard_negatives/hiertext/4034bac2cb8dfe73.jpg,0,test,hiertext:4034bac2cb8dfe73
data/raw/public_hard_negatives/hiertext/a058d9561cdb9540.jpg,0,test,hiertext:a058d9561cdb9540
data/raw/public_hard_negatives/hiertext/994d59ce4196369a.jpg,0,test,hiertext:994d59ce4196369a
data/raw/public_hard_negatives/hiertext/bfde67b339c84c05.jpg,0,test,hiertext:bfde67b339c84c05
data/raw/public_hard_negatives/hiertext/66db30d3d594ef2c.jpg,0,test,hiertext:66db30d3d594ef2c
